condition,rho,delta,sigma,alpha,c,K,b,mu,model,series,beta,n_target,gamma,protect_presetup,protect_delayoff,never_cancel_setup,P_block,P_block_arrival_stable,E_N,E_B,E_I,E_S,E_off,lambda_eff,E_W,rho_server,Cost,ERP,p1_fire_rate,p1_launch_rate,setup_completion_rate,setup_cancel_rate,delayoff_rate,rho_B,diag_source,consistency_max_relerr,min_pi,elapsed_s,check
C5,0.5,0.6,2.0,10.0,20,200,5,1.0,predictive,Check,0.0020000000000000005,0,1.0,False,False,False,6.474656274862498e-09,9.504426719406071e-09,52.0507619403879,9.999999904955743,9.185109826758234,0.0018370219653516462,0.8130532463206706,49.9999995247787,1.0410152487020103,0.49999999524778715,5.8325412033825295,6.071764331403987,0.0,0.0,0.018370219653516463,0.026063206021373006,0.018370219653516467,0.8,self,5.5439240915349746e-14,0.0,0.9199144840240479,ok
C5,0.5,0.6,2.0,10.0,20,200,5,1.0,base,Base,0.0020000000000000005,0,1.0,False,False,False,6.474656274862498e-09,9.504426719406073e-09,52.050761940387936,9.999999904955699,9.185109826758234,0.0018370219653516455,0.8130532463207156,49.99999952477865,1.0410152487020121,0.49999999524778493,5.832541203382513,6.07176433140398,0.0,0.0,0.018370219653516463,0.026063206021373006,0.018370219653516467,0.8,Check,5.5439240915349746e-14,8.769362610630896e-130,0.15236353874206543,ok
C5,0.5,0.6,2.0,10.0,20,200,5,1.0,predictive,Check,0.005220314431365072,0,1.0,False,False,False,6.668837979892814e-09,9.78947440394427e-09,52.06487255227036,9.999999902105245,8.479033825839407,0.004426322264506207,1.5165399497908432,49.99999951052627,1.0412974612391621,0.4999999951052622,5.674232454541999,5.908563849395443,0.0,0.0,0.044263222645062064,0.061117959261622674,0.04426322264506206,0.8,self,1.3470204761780255e-14,0.0,0.986320972442627,ok
C5,0.5,0.6,2.0,10.0,20,200,5,1.0,base,Base,0.005220314431365072,0,1.0,False,False,False,6.668837979892814e-09,9.78947440394427e-09,52.064872552270316,9.999999902105245,8.479033825839386,0.004426322264506201,1.5165399497908636,49.99999951052625,1.0412974612391617,0.4999999951052622,5.674232454541993,5.908563849395435,0.0,0.0,0.044263222645062064,0.061117959261622674,0.04426322264506206,0.8,Check,1.3470204761780255e-14,1.9374476810500887e-122,0.16184449195861816,ok
C5,0.5,0.6,2.0,10.0,20,200,5,1.0,predictive,Check,0.013625841381159232,0,1.0,False,False,False,6.93196999351066e-09,1.017573721523981e-08,52.09541685935369,9.999999898242626,7.495203084387977,0.010212844834744618,2.494584172534652,49.99999949121314,1.0419083477892594,0.4999999949121313,5.454467660543145,5.683055388266455,0.0,0.0,0.10212844834744618,0.13422550979298725,0.102128448347446,0.8,self,1.5665877662928225e-14,0.0,1.0320098400115967,ok
C5,0.5,0.6,2.0,10.0,20,200,5,1.0,base,Base,0.013625841381159232,0,1.0,False,False,False,6.93196999351066e-09,1.017573721523981e-08,52.09541685935363,9.999999898242576,7.495203084387988,0.010212844834744586,2.494584172534691,49.99999949121319,1.041908347789257,0.4999999949121288,5.454467660543129,5.683055388266426,0.0,0.0,0.10212844834744618,0.13422550979298725,0.102128448347446,0.8,Check,1.5665877662928225e-14,9.383475473733787e-116,0.1573336124420166,ok
C5,0.5,0.6,2.0,10.0,20,200,5,1.0,predictive,Check,0.03556558820077846,0,1.0,False,False,False,7.246422819624083e-09,1.0637336057066604e-08,52.15805029355716,9.999999893626644,6.283591511096577,0.022347962810556763,3.694060632466223,49.99999946813319,1.0431610169675976,0.49999999468133216,5.185705188868512,5.409525498514225,0.0,0.0,0.22347962810556762,0.2730638805634301,0.22347962810556798,0.8,self,1.2021708738266572e-14,0.0,0.9104475975036621,ok
C5,0.5,0.6,2.0,10.0,20,200,5,1.0,base,Base,0.03556558820077846,0,1.0,False,False,False,7.246422819624083e-09,1.0637336057066604e-08,52.1580502935572,9.9999998936266,6.283591511096577,0.022347962810556732,3.6940606324662673,49.99999946813317,1.0431610169675989,0.49999999468132994,5.185705188868496,5.409525498514215,0.0,0.0,0.22347962810556762,0.2730638805634301,0.22347962810556798,0.8,Check,1.2021708738266572e-14,6.74307415864975e-110,0.1529858112335205,ok
C5,0.5,0.6,2.0,10.0,20,200,5,1.0,predictive,Check,0.0928317766722556,0,1.0,False,False,False,7.595452571820964e-09,1.114969185761028e-08,52.277313209145255,9.999999888503089,4.9295319761804635,0.04576172115115282,5.024706414165294,49.99999944251543,1.0455462758404235,0.4999999944251544,4.8890487094404005,5.1117266705578395,0.0,0.0,0.4576172115115282,0.5091764540512427,0.4576172115115288,0.8,self,4.548928927512001e-15,0.0,0.9416368007659912,ok
C5,0.5,0.6,2.0,10.0,20,200,5,1.0,base,Base,0.0928317766722556,0,1.0,False,False,False,7.595452571820962e-09,1.114969185761028e-08,52.27731320914529,9.999999888503066,4.929531976180473,0.04576172115115261,5.024706414165308,49.99999944251539,1.045546275840425,0.4999999944251533,4.889048709440393,5.1117266705578395,0.0,0.0,0.4576172115115282,0.5091764540512427,0.4576172115115288,0.8,Check,4.548928927512001e-15,5.22118321416503e-105,0.1547389030456543,ok
C5,0.5,0.6,2.0,10.0,20,200,5,1.0,predictive,Check,0.2423055317257178,0,1.0,False,False,False,7.973480654922386e-09,1.170461555670596e-08,52.48167599523312,9.999999882953858,3.555726100436429,0.08615721034372628,6.358116806265986,49.999999414769206,1.0496335321902197,0.4999999941476929,4.594322483483279,4.822354936359496,0.0,0.0,0.8615721034372628,0.86154842392762,0.8615721034372623,0.8,self,1.2153209019022444e-14,0.0,1.0432322025299072,ok
C5,0.5,0.6,2.0,10.0,20,200,5,1.0,base,Base,0.2423055317257178,0,1.0,False,False,False,7.973480654922388e-09,1.1704615556705962e-08,52.481675995233154,9.99999988295378,3.55572610043643,0.08615721034372609,6.358116806266064,49.999999414769185,1.0496335321902208,0.49999999414768903,4.59432248348325,4.822354936359471,0.0,0.0,0.8615721034372628,0.86154842392762,0.8615721034372623,0.8,Check,1.2153209019022444e-14,3.528918978431916e-101,0.16092729568481445,ok
C5,0.5,0.6,2.0,10.0,20,200,5,1.0,predictive,Check,0.632455532033676,0,1.0,False,False,False,8.388391887849075e-09,1.2313681619425266e-08,52.78618546466145,9.999999876863198,2.316930039914451,0.14653552210789,7.536534561114461,49.99999938431574,1.0557237222930784,0.4999999938431599,4.33756599314937,4.579271315979526,0.0,0.0,1.4653552210789,1.3198679978481338,1.465355221078898,0.8,self,5.682357809840796e-15,0.0,1.0244836807250977,ok
C5,0.5,0.6,2.0,10.0,20,200,5,1.0,base,Base,0.632455532033676,0,1.0,False,False,False,8.388391887849075e-09,1.2313681619425264e-08,52.78618546466151,9.999999876863201,2.316930039914454,0.14653552210788917,7.536534561114455,49.999999384315906,1.0557237222930762,0.4999999938431601,4.337565993149372,4.579271315979519,0.0,0.0,1.4653552210789,1.3198679978481338,1.465355221078898,0.8,Check,5.682357809840796e-15,1.9764847991478775e-98,0.1525571346282959,ok
C5,0.5,0.6,2.0,10.0,20,200,5,1.0,predictive,Check,1.6508083705360381,0,1.0,False,False,False,8.852404742303845e-09,1.2994826066379751e-08,53.17298501004103,9.999999870051722,1.3527371256098581,0.22331097700916103,8.423952027329259,49.99999935025865,1.0634597140202957,0.4999999935025861,4.148921674970027,4.412211057956231,0.0,0.0,2.2331097700916103,1.8535891712528003,2.2331097700916134,0.8,self,1.9697361805599266e-15,0.0,0.9024045467376709,ok
C5,0.5,0.6,2.0,10.0,20,200,5,1.0,base,Base,1.6508083705360381,0,1.0,False,False,False,8.852404742303845e-09,1.2994826066379753e-08,53.17298501004105,9.99999987005171,1.3527371256098555,0.22331097700916105,8.423952027329273,49.99999935025868,1.0634597140202953,0.4999999935025855,4.148921674970022,4.412211057956224,0.0,0.0,2.2331097700916103,1.8535891712528003,2.2331097700916134,0.8,Check,1.9697361805599266e-15,1.0881207362493398e-96,0.15527558326721191,ok
C5,0.5,0.6,2.0,10.0,20,200,5,1.0,predictive,Check,4.308869380063769,0,1.0,False,False,False,9.369041933755427e-09,1.3753220043239483e-08,53.60035143176415,9.999999862467785,0.7151181738698845,0.3081350802515053,8.976746883410826,49.999999312338964,1.0720070433788325,0.4999999931233893,4.0369746543705585,4.3276652634270665,0.0,0.0,3.081350802515053,2.439821924456527,3.081350802515059,0.8,self,3.963344018119798e-15,0.0,0.9583680629730225,ok
C5,0.5,0.6,2.0,10.0,20,200,5,1.0,base,Base,4.308869380063769,0,1.0,False,False,False,9.369041933755425e-09,1.3753220043239483e-08,53.600351431764146,9.999999862467792,0.7151181738698846,0.30813508025150654,8.976746883410817,49.99999931233901,1.0720070433788316,0.4999999931233896,4.036974654370561,4.327665263427066,0.0,0.0,3.081350802515053,2.439821924456527,3.081350802515059,0.8,Check,3.963344018119798e-15,9.677227914573532e-96,0.15258073806762695,ok
C5,0.5,0.6,2.0,10.0,20,200,5,1.0,predictive,Check,11.246826503806982,0,1.0,False,False,False,9.921077079559712e-09,1.4563576201239526e-08,54.025420743651445,9.999999854364225,0.3489489473284633,0.3924568269289306,9.258594371378383,49.999999271821125,1.080508430609097,0.4999999927182112,3.986074558162534,4.30698716513105,0.0,0.0,3.924568269289306,3.051734547964512,3.9245682692893133,0.8,self,5.563949156456859e-15,0.0,1.0174648761749268,ok
C5,0.5,0.6,2.0,10.0,20,200,5,1.0,base,Base,11.246826503806982,0,1.0,False,False,False,9.921077079559712e-09,1.4563576201239525e-08,54.02542074365159,9.999999854364173,0.3489489473284631,0.3924568269289302,9.258594371378434,49.99999927182119,1.0805084306090986,0.49999999271820866,3.9860745581625143,4.3069871651310345,0.0,0.0,3.924568269289306,3.051734547964512,3.9245682692893133,0.8,Check,5.563949156456859e-15,2.7050780962532415e-95,0.15344643592834473,ok
C5,0.5,0.6,2.0,10.0,20,200,5,1.0,predictive,Check,29.355985352441415,0,1.0,False,False,False,1.044607402496728e-08,1.5334241820687074e-08,54.38688226492014,9.999999846657547,0.15809118176961465,0.4640922416378962,9.377816729934942,49.999999233287824,1.087737661978037,0.49999999233287734,3.9699528168703644,4.318267195185692,0.0,0.0,4.640922416378962,3.600282458263468,4.640922416378953,0.8,self,6.787418778249956e-15,0.0,0.9365699291229248,ok
C5,0.5,0.6,2.0,10.0,20,200,5,1.0,base,Base,29.355985352441415,0,1.0,False,False,False,1.044607402496728e-08,1.5334241820687074e-08,54.3868822649201,9.999999846657504,0.1580911817696148,0.4640922416378956,9.377816729934985,49.999999233287916,1.0877376619780341,0.4999999923328752,3.969952816870348,4.318267195185663,0.0,0.0,4.640922416378962,3.600282458263468,4.640922416378953,0.8,Check,6.787418778249956e-15,4.0802862426462036e-95,0.15361332893371582,ok
C5,0.5,0.6,2.0,10.0,20,200,5,1.0,predictive,Check,76.62373699114588,0,1.0,False,False,False,1.0845841121069485e-08,1.5921077152619064e-08,54.6276997888935,9.999999840789217,0.0667882501888364,0.5117565316568246,9.421455377365122,49.999999203946025,1.0925540131725093,0.4999999920394608,3.967276788695862,4.33446417685581,0.0,0.0,5.117565316568245,3.9793591341746923,5.117565316568246,0.8,self,6.7875761925322644e-15,0.0,0.9850163459777832,ok
C5,0.5,0.6,2.0,10.0,20,200,5,1.0,base,Base,76.62373699114588,0,1.0,False,False,False,1.0845841121069485e-08,1.5921077152619064e-08,54.62769978889365,9.999999840789155,0.06678825018883638,0.511756531656824,9.421455377365186,49.99999920394612,1.0925540131725102,0.4999999920394577,3.967276788695838,4.3344641768557866,0.0,0.0,5.117565316568245,3.9793591341746923,5.117565316568246,0.8,Check,6.7875761925322644e-15,4.728255963201086e-95,0.1557009220123291,ok
C5,0.5,0.6,2.0,10.0,20,200,5,1.0,predictive,Check,200.00000000000003,0,1.0,False,False,False,1.1074483135940338e-08,1.6256710610169185e-08,54.752523819891806,9.999999837432897,0.026821813703534425,0.5364362740706882,9.43674207479288,49.99999918716434,1.0950504941997579,0.49999999187164484,3.9675399285128705,4.344656559475291,0.0,0.0,5.3643627407068815,4.179743456582893,5.3643627407068815,0.8,self,8.177202570942837e-15,0.0,1.0702507495880127,ok
C5,0.5,0.6,2.0,10.0,20,200,5,1.0,base,Base,200.00000000000003,0,1.0,False,False,False,1.1074483135940338e-08,1.6256710610169185e-08,54.75252381989181,9.99999983743284,0.02682181370353448,0.5364362740706886,9.436742074792937,49.9999991871645,1.0950504941997545,0.499999991871642,3.9675399285128496,4.344656559475255,0.0,0.0,5.3643627407068815,4.179743456582893,5.3643627407068815,0.8,Check,8.177202570942837e-15,4.9844892248090704e-95,0.27838802337646484,ok
C5,0.5,0.6,2.0,10.0,20,200,5,1.0,predictive,NoCancel,0.0020000000000000005,0,1.0,False,False,True,6.377636204894208e-09,9.362006782049764e-09,52.04594736820764,9.999999906379918,9.39078382272378,0.0018781567645447595,0.6073381141317586,49.9999995318997,1.0409189571092425,0.49999999531899586,5.878954255181666,6.119514932196644,0.0,0.0,0.018781567645447594,0.0,0.018781567645447587,0.8,self,,0.0,11.651902437210083,ok
C5,0.5,0.6,2.0,10.0,20,200,5,1.0,predictive,P2 only,0.0020000000000000005,0,3.0,False,False,False,6.6196196399597796e-09,9.717224683836839e-09,52.06091128145765,9.999999902827746,8.643246174450072,0.003693408871133904,1.353060513851048,49.99999951413875,1.0412182357469049,0.49999999514138727,5.7110012293343875,5.946398624355956,0.0,0.0,0.03693408871133904,0.05132385019840602,0.03693408871133905,0.8,self,,0.0,0.9969465732574463,ok
C5,0.5,0.6,2.0,10.0,20,200,5,1.0,predictive,P2 only,0.0020000000000000005,0,10.0,False,False,False,6.890993537778654e-09,1.0115586111740737e-08,52.091019401567976,9.999999898844145,7.5886400184111995,0.00938335796321391,2.4019767247814414,49.99999949422072,1.041820398569983,0.49999999494220726,5.475234041367776,5.704210511241715,0.0,0.0,0.09383357963213909,0.12360082010846793,0.09383357963213916,0.8,self,,0.0,0.9139881134033203,ok
C5,0.5,0.6,2.0,10.0,20,200,5,1.0,predictive,P2 only,0.0020000000000000005,0,30.0,False,False,False,7.220304189867528e-09,1.0598995396002462e-08,52.158487887175994,9.999999894010019,6.233103451291509,0.022466979548125713,3.7444296751503465,49.999999470050184,1.0431697688000725,0.49999999470050094,5.17436043649034,5.39773638022187,0.0,0.0,0.22466979548125712,0.27173348813411735,0.22466979548125676,0.8,self,,0.0,0.9418210983276367,ok
C5,0.5,0.6,2.0,10.0,20,200,5,1.0,predictive,P2 only,0.0020000000000000005,0,100.0,False,False,False,7.626794953462293e-09,1.1195700689185808e-08,52.321038738316396,9.999999888042973,4.485811361704228,0.054465164857753316,5.459723585395046,49.99999944021489,1.0464207864817434,0.49999999440214865,4.7922229840537485,5.014681743969411,0.0,0.0,0.5446516485775331,0.5780169084561331,0.5446516485775333,0.8,self,,0.0,1.0304253101348877,ok
C5,0.5,0.6,2.0,10.0,20,200,5,1.0,predictive,P2 only,0.0020000000000000005,0,300.0,False,False,False,8.01301721881298e-09,1.1762652981283794e-08,52.58949315554525,9.99999988237346,2.911096839015854,0.1076672973484308,6.981235981262254,49.99999941186739,1.0517898754827435,0.499999994118673,4.456989219951745,4.687816136680976,0.0,0.0,1.076672973484308,0.9988334960956832,1.0766729734843106,0.8,self,,0.0,0.9246160984039307,ok
C5,0.5,0.6,2.0,10.0,20,200,5,1.0,predictive,P2 only,0.0020000000000000005,0,1000.0,False,False,False,8.432325588014709e-09,1.2378173789775236e-08,52.99624260071347,9.999999876218258,1.5671084554281536,0.1884860864208959,8.244405581932693,49.999999381091364,1.0599248651342026,0.49999999381091287,4.184187814476195,4.434924704954854,0.0,0.0,1.884860864208959,1.5507298464899681,1.8848608642089584,0.8,self,,0.0,0.9922058582305908,ok
C5,0.5,0.6,2.0,10.0,20,200,5,1.0,predictive,P1 only,0.0020000000000000005,5,1.0,False,False,False,6.474656274862498e-09,9.504426719406071e-09,52.0507619403879,9.999999904955743,9.185109826758234,0.0018370219653516462,0.8130532463206706,49.9999995247787,1.0410152487020103,0.49999999524778715,5.8325412033825295,6.071764331403987,5.124024173394698e-25,5.128781571744627e-25,0.018370219653516463,0.026063206021373006,0.018370219653516467,0.8,self,,0.0,0.9652690887451172,ok
C5,0.5,0.6,2.0,10.0,20,200,5,1.0,predictive,P1 only,0.0020000000000000005,10,1.0,False,False,False,6.4746562748624474e-09,9.504426719405997e-09,52.05076194038782,9.999999904955732,9.185109826758415,0.0018370219653516824,0.8130532463205,49.999999524778644,1.04101524870201,0.4999999952477866,5.832541203382567,6.071764331404023,2.822419041014184e-13,2.835447163490152e-13,0.018370219653516824,0.026063206021354937,0.01837021965351682,0.8,self,,0.0,1.7720072269439697,ok
C5,0.5,0.6,2.0,10.0,20,200,5,1.0,predictive,P1 only,0.0020000000000000005,15,1.0,False,False,False,6.474643774899036e-09,9.504408370171511e-09,52.050757116243865,9.999999904955908,9.185160992413223,0.0018370321984826448,0.8130020704323861,49.999999524779575,1.0410151522191105,0.4999999952477954,5.832552749587822,6.071775788438157,1.647823378693195e-05,1.6643722474229503e-05,0.018370321984826448,0.02605989770308399,0.01837032198482646,0.8,self,,0.0,6.949007511138916,ok
C5,0.5,0.6,2.0,10.0,20,200,5,1.0,predictive,P1 only,0.0020000000000000005,20,1.0,False,False,False,6.2525222103956855e-09,9.178346563529254e-09,52.04049858576477,9.999999908216541,9.968817470974328,0.0019937634941948647,0.02918885731493681,49.99999954108268,1.0408099812682101,0.49999999541082707,6.009395176331958,6.254638480911338,0.03484618352155878,0.03548872914169656,0.019937634941948647,0.016571976716886507,0.019937634941948664,0.8,self,,0.0,35.86216878890991,ok
C5,0.5,0.6,2.0,10.0,20,200,5,1.0,predictive,P1 only (protect),0.0020000000000000005,5,1.0,True,True,False,6.474656274862496e-09,9.50442671940607e-09,52.050761940387886,9.999999904955738,9.185109826758232,0.001837021965351646,0.8130532463206777,49.999999524778694,1.0410152487020103,0.4999999952477869,5.832541203382527,6.071764331403984,4.740292446499553e-25,4.744741486366638e-25,0.01837021965351646,0.026063206021372996,0.018370219653516463,0.8,self,,0.0,1.0119595527648926,ok
C5,0.5,0.6,2.0,10.0,20,200,5,1.0,predictive,P1 only (protect),0.0020000000000000005,10,1.0,True,True,False,6.474656274862424e-09,9.504426719405962e-09,52.050761940387794,9.99999990495574,9.185109826758492,0.0018370219653432906,0.8130532463204254,49.99999952477866,1.0410152487020092,0.499999995247787,5.832541203382583,6.071764331404036,1.872549754460869e-13,1.8809799569732365e-13,0.018370219653432905,0.026063206021212783,0.018370219653432895,0.8,self,,0.0,1.275724172592163,ok
C5,0.5,0.6,2.0,10.0,20,200,5,1.0,predictive,P1 only (protect),0.0020000000000000005,15,1.0,True,True,False,6.474641483709609e-09,9.504405006835904e-09,52.05075625135931,9.999999904955944,9.185170125760429,0.00183658266368703,0.8129933866199401,49.99999952477975,1.0410151349214156,0.4999999952477972,5.832554640945272,6.0717776564801715,7.1761120981914306e-06,7.235653322795783e-06,0.0183658266368703,0.026051531973088786,0.018365826636870336,0.8,self,,0.0,2.2469706535339355,ok
C5,0.5,0.6,2.0,10.0,20,200,5,1.0,predictive,P1 only (protect),0.0020000000000000005,20,1.0,True,True,False,6.245257699724509e-09,9.167682675595528e-09,52.04024393201567,9.999999908323174,9.992915070873858,0.0011183804664386618,0.005966640336529494,49.99999954161586,1.0408048881820826,0.4999999954161587,6.01450217922741,6.2599232681216765,0.011784472626547792,0.011933280673050812,0.011183804664386617,0.0007499884037715314,0.01118380466438663,0.8,self,,0.0,7.386054039001465,ok
C5,0.5,0.6,2.0,10.0,20,200,5,1.0,predictive,P1+P2,0.0020000000000000005,5,3.0,False,False,False,6.61961963995978e-09,9.717224683836839e-09,52.06091128145765,9.999999902827746,8.643246174450073,0.003693408871133904,1.3530605138510463,49.99999951413875,1.0412182357469049,0.49999999514138727,5.7110012293343875,5.946398624355956,2.338056579770129e-19,2.344621522912474e-19,0.03693408871133904,0.05132385019840602,0.036934088711339054,0.8,self,,0.0,1.080260992050171,ok
C5,0.5,0.6,2.0,10.0,20,200,5,1.0,predictive,P1+P2,0.0020000000000000005,5,10.0,False,False,False,6.890993537778638e-09,1.0115586111740714e-08,52.09101940156788,9.999999898844152,7.5886400184112235,0.00938335796321394,2.4019767247814103,49.99999949422073,1.0418203985699808,0.4999999949422076,5.475234041367784,5.704210511241712,2.6573630246800793e-13,2.6821141186936726e-13,0.0938335796321394,0.12360082010847348,0.09383357963213938,0.8,self,,0.0,1.046795129776001,ok
C5,0.5,0.6,2.0,10.0,20,200,5,1.0,predictive,P1+P2,0.0020000000000000005,5,30.0,False,False,False,7.220304189099373e-09,1.0598995394874853e-08,52.15848788417415,9.99999989401003,6.233103452288398,0.02246697955104315,3.7444296741505303,49.99999947005027,1.0431697687400336,0.4999999947005015,5.174360436716327,5.3977363801469505,1.0326690005475237e-08,1.0608198377613053e-08,0.2246697955104315,0.2717334883368267,0.22466979551043167,0.8,self,,0.0,1.0483367443084717,ok
C5,0.5,0.6,2.0,10.0,20,200,5,1.0,predictive,P1+P2,0.0020000000000000005,5,100.0,False,False,False,7.62679193287158e-09,1.119569625513065e-08,52.32102737552953,9.999999888043002,4.485815356205984,0.054465202018097764,5.459719553732917,49.99999944021518,1.0464205592259976,0.4999999944021501,4.7922238991369674,5.0146816124710965,3.746422489641855e-05,4.058291156336026e-05,0.5446520201809777,0.5780175716510616,0.5446520201809767,0.8,self,,0.0,0.9857699871063232,ok
C5,0.5,0.6,2.0,10.0,20,200,5,1.0,predictive,P1+P2,0.0020000000000000005,5,300.0,False,False,False,8.012767121381112e-09,1.1762285852495444e-08,52.58857185501856,9.999999882377136,2.911395003914792,0.1076750171671819,6.980930096540891,49.99999941188577,1.0517714494716064,0.49999999411885676,4.457059384873802,4.687807809609746,0.0028320398183230336,0.0033941060330018808,1.076750171671819,0.9988799805661298,1.076750171671817,0.8,self,,0.0,1.0642502307891846,ok
C5,0.5,0.6,2.0,10.0,20,200,5,1.0,predictive,P1+P2,0.0020000000000000005,5,1000.0,False,False,False,8.430058108762434e-09,1.2374845259353066e-08,52.98801742289545,9.99999987625156,1.5691105161219023,0.18862972208258497,8.242259885543954,49.99999938125762,1.0597603615722822,0.499999993812578,4.184693459492579,4.43477225370102,0.02400505169105874,0.03282352628854189,1.8862972208258497,1.5511604555188325,1.8862972208258484,0.8,self,,0.0,1.0004925727844238,ok
C5,0.5,0.6,2.0,10.0,20,200,5,1.0,predictive,P1+P2,0.0020000000000000005,10,3.0,False,False,False,6.619619639837995e-09,9.717224683658065e-09,52.06091128124544,9.999999902827753,8.643246174904146,0.0036934088713180156,1.353060513396784,49.99999951413873,1.0412182357426611,0.49999999514138765,5.711001229436893,5.946398624438451,6.613119000078175e-10,6.702204762098962e-10,0.03693408871318016,0.05132385014851966,0.036934088713180206,0.8,self,,0.0,1.8905305862426758,ok
C5,0.5,0.6,2.0,10.0,20,200,5,1.0,predictive,P1+P2,0.0020000000000000005,10,10.0,False,False,False,6.890993072103282e-09,1.0115585428155808e-08,52.09101860766272,9.999999898844159,7.5886417499171035,0.009383359904414752,2.4019749913343222,49.99999949422072,1.0418203826918777,0.4999999949422079,5.475234432704588,5.70421083200804,2.390404356588869e-06,2.4963277182458324e-06,0.09383359904414752,0.12360062381811626,0.09383359904414774,0.8,self,,0.0,1.6231510639190674,ok
C5,0.5,0.6,2.0,10.0,20,200,5,1.0,predictive,P1+P2,0.0020000000000000005,10,30.0,False,False,False,7.220158963383906e-09,1.0598782211794315e-08,52.15824114460745,9.999999894012161,6.2336262804274725,0.022468621926665155,3.7439052036337017,49.99999947006088,1.043164833948426,0.4999999947006081,5.174478997971752,5.397834524688821,0.000691220816205973,0.0007799802226338935,0.22468621926665155,0.2716723191828839,0.22468621926665155,0.8,self,,0.0,1.639150619506836,ok
C5,0.5,0.6,2.0,10.0,20,200,5,1.0,predictive,P1+P2,0.0020000000000000005,10,100.0,False,False,False,7.619589016121943e-09,1.1185122783507294e-08,52.3082305185075,9.99999988814878,4.509118594485017,0.0546970637259965,5.436184453640207,49.999999440743714,1.0461646220716327,0.49999999440743903,4.797568005458564,5.019045919293516,0.029962990457828784,0.04139541258352561,0.546970637259965,0.5749934238018332,0.546970637259966,0.8,self,,0.0,1.772392749786377,ok
C5,0.5,0.6,2.0,10.0,20,200,5,1.0,predictive,P1+P2,0.0020000000000000005,10,300.0,False,False,False,7.966699898437004e-09,1.1694661792481133e-08,52.500149332996095,9.999999883053395,3.029643502975186,0.1109165190409386,6.8594400949304815,49.99999941526692,1.0500029989393516,0.4999999941526697,4.484953567408593,4.709214695882766,0.1615069510282865,0.30170784873824114,1.109165190409386,0.9802149834242405,1.1091651904093836,0.8,self,,0.0,1.6689631938934326,ok
C5,0.5,0.6,2.0,10.0,20,200,5,1.0,predictive,P1+P2,0.0020000000000000005,10,1000.0,False,False,False,8.311075303909512e-09,1.2200185277229837e-08,52.74528785593285,9.999999877998162,1.7677706283376111,0.20310903231923333,8.029120461344993,49.99999938999066,1.0549057699887043,0.4999999938999081,4.234952728606559,4.467476069036467,0.3560419088360284,0.9066763044856043,2.031090323192333,1.5079629911507055,2.0310903231923323,0.8,self,,0.0,1.677015781402588,ok
C5,0.5,0.6,2.0,10.0,20,200,5,1.0,predictive,P1+P2,0.0020000000000000005,15,3.0,False,False,False,6.619272995989588e-09,9.716715830228026e-09,52.06077527049815,9.999999902832839,8.644686663918982,0.003693987404841314,1.3516194458433386,49.99999951416428,1.0412155155271567,0.49999999514164195,5.711326403991718,5.946721666076099,0.0004513647069949437,0.00046313660932195244,0.03693987404841314,0.05122441223929575,0.03693987404841314,0.8,self,,0.0,7.148353338241577,ok
C5,0.5,0.6,2.0,10.0,20,200,5,1.0,predictive,P1+P2,0.0020000000000000005,15,10.0,False,False,False,6.881648248985107e-09,1.0101867759954224e-08,52.087104788901755,9.999999898981315,7.627528177362916,0.009426327269531092,2.363045596386237,49.999999494906575,1.0417421063015768,0.4999999949490658,5.484022899020738,5.712937565831943,0.012451499487545427,0.013482673944748277,0.09426327269531092,0.12081070752324446,0.09426327269531107,0.8,self,,0.0,7.045489311218262,ok
C5,0.5,0.6,2.0,10.0,20,200,5,1.0,predictive,P1+P2,0.0020000000000000005,15,30.0,False,False,False,7.150153622539865e-09,1.0496018357852987e-08,52.12449230628803,9.999999895039817,6.520055354306408,0.023354841009227034,3.4565899096445465,49.999999475199125,1.0424898570677525,0.49999999475199086,5.239427160926994,5.462049672111682,0.09850152180857677,0.12186072674181622,0.23354841009227034,0.25024739851567274,0.2335484100922705,0.8,self,,0.0,7.004397630691528,ok
C5,0.5,0.6,2.0,10.0,20,200,5,1.0,predictive,P1+P2,0.0020000000000000005,15,100.0,False,False,False,7.379608258325061e-09,1.0832844696638135e-08,52.16535034705885,9.99999989167158,5.42610960191896,0.06369392498908066,4.51019658142038,49.999999458357806,1.043307018243159,0.499999994583579,5.007812814065769,5.22468625496284,0.354192909145276,0.602681921923687,0.6369392498908066,0.49947879743086765,0.6369392498908086,0.8,self,,0.0,7.0104148387908936,ok
C5,0.5,0.6,2.0,10.0,20,200,5,1.0,predictive,P1+P2,0.0020000000000000005,15,300.0,False,False,False,7.544040235812374e-09,1.1074221475873807e-08,52.20357048631137,9.999999889257774,4.398285526947401,0.14793963118061818,5.453774952614207,49.99999944628896,1.044071421288505,0.4999999944628887,4.807622736347437,5.0195015033571995,0.6188780102135973,1.6344158879917126,1.4793963118061817,0.8432792860665793,1.479396311806184,0.8,self,,0.0,7.1287009716033936,ok
C5,0.5,0.6,2.0,10.0,20,200,5,1.0,predictive,P1+P2,0.0020000000000000005,15,1000.0,False,False,False,7.723835746333669e-09,1.1338151046747099e-08,52.27305744296536,9.999999886618456,3.1147415506622966,0.2987828752702241,6.586475687449024,49.99999943309248,1.045461160712903,0.4999999943309228,4.574784659745712,4.782759680389335,0.7988042409393221,3.3433647582483,2.9878287527022414,1.3036209793315692,2.98782875270224,0.8,self,,0.0,7.059918403625488,ok
C5,0.5,0.6,2.0,10.0,20,200,5,1.0,predictive,P1+P2,0.0020000000000000005,20,3.0,False,False,False,6.255543545707408e-09,9.182781711694623e-09,52.040605581531864,9.9999999081722,9.940479409072857,0.004212428471225639,0.05530825428371777,49.99999954086089,1.0408121211881882,0.49999999540860995,6.003836623265123,6.248865931127901,0.07043014284141957,0.07345906334883173,0.04212428471225639,0.03278382157423438,0.04212428471225641,0.8,self,,0.0,35.52536344528198,ok
C5,0.5,0.6,2.0,10.0,20,200,5,1.0,predictive,P1+P2,0.0020000000000000005,20,10.0,False,False,False,6.265415912231332e-09,9.197273783497576e-09,52.04095901798757,9.999999908027267,9.845986462684671,0.01186247047946589,0.14215115880859663,49.99999954013629,1.0408191899324508,0.4999999954013633,5.985396411215071,6.229715444145468,0.17776814437156857,0.20108132187256517,0.1186247047946589,0.08532225631088472,0.11862470479465897,0.8,self,,0.0,35.82540416717529,ok
C5,0.5,0.6,2.0,10.0,20,200,5,1.0,predictive,P1+P2,0.0020000000000000005,20,30.0,False,False,False,6.289073375063519e-09,9.232001591591736e-09,52.04183133981163,9.999999907679989,9.60682650104771,0.03283189833625975,0.360341692936041,49.99999953839988,1.040836636405239,0.4999999953839994,5.939328879144339,6.1818710930730925,0.3866179913878511,0.5305098744601313,0.32831898336259746,0.2085673388077218,0.32831898336259774,0.8,self,,0.0,36.04830241203308,ok
C5,0.5,0.6,2.0,10.0,20,200,5,1.0,predictive,P1+P2,0.0020000000000000005,20,100.0,False,False,False,6.344510230943486e-09,9.313379738797624e-09,52.04403586154963,9.999999906866213,8.966068516578922,0.09808227347736051,0.9358493030775055,49.99999953433098,1.0408807269251108,0.49999999534331063,5.819314402683583,6.057212205671054,0.6872032201214745,1.4489509590119765,0.9808227347736052,0.4834589060889523,0.9808227347736053,0.8,self,,0.0,36.273216009140015,ok
C5,0.5,0.6,2.0,10.0,20,200,5,1.0,predictive,P1+P2,0.0020000000000000005,20,300.0,False,False,False,6.426727631505479e-09,9.434070200456883e-09,52.04806314974832,9.999999905659301,7.79252882324096,0.23866014332106264,1.9688111277786762,49.999999528296456,1.040961272815469,0.49999999528296507,5.607432397392918,5.837119965616828,0.8773880309682641,3.2125776008386464,2.3866014332106262,0.8577076463078702,2.3866014332106253,0.8,self,,0.0,36.098901987075806,ok
C5,0.5,0.6,2.0,10.0,20,200,5,1.0,predictive,P1+P2,0.0020000000000000005,20,1000.0,False,False,False,6.542123168692053e-09,9.603464277275245e-09,52.06843687095059,9.999999903965355,5.900929373769184,0.4936559011421623,3.605414821123299,49.999999519826744,1.0413687474197604,0.49999999519826777,5.276583565174167,5.494869217921115,0.9596151382717865,6.147963807226669,4.936559011421623,1.3185343001543257,4.936559011421621,0.8,self,,0.0,35.99800181388855,ok
C5,0.5,0.6,2.0,10.0,20,200,5,1.0,predictive,P1+P2 (protect),0.0020000000000000005,5,3.0,True,True,False,6.619619639959781e-09,9.71722468383684e-09,52.06091128145767,9.999999902827748,8.643246174450073,0.003693408871133904,1.3530605138510445,49.999999514138764,1.041218235746905,0.4999999951413874,5.711001229334388,5.946398624355958,2.230857807350731e-19,2.237182566071484e-19,0.03693408871133904,0.05132385019840602,0.036934088711339054,0.8,self,,0.0,1.0034003257751465,ok
C5,0.5,0.6,2.0,10.0,20,200,5,1.0,predictive,P1+P2 (protect),0.0020000000000000005,5,10.0,True,True,False,6.890993537778631e-09,1.0115586111740704e-08,52.09101940156788,9.999999898844152,7.588640018411227,0.009383357963213308,2.4019767247814086,49.99999949422072,1.041820398569981,0.4999999949422076,5.475234041367785,5.704210511241714,2.5612931269810496e-13,2.585354831903713e-13,0.09383357963213308,0.12360082010841048,0.09383357963213307,0.8,self,,0.0,1.0325047969818115,ok
C5,0.5,0.6,2.0,10.0,20,200,5,1.0,predictive,P1+P2 (protect),0.0020000000000000005,5,30.0,True,True,False,7.220304188932752e-09,1.0598995394630264e-08,52.158487883526064,9.99999989401004,6.233103452512276,0.02246697954328828,3.7444296739343947,49.99999947005022,1.0431697687270731,0.499999994700502,5.174360436763919,5.397736380129535,9.989045772180398e-09,1.0263570452471342e-08,0.2246697954328828,0.27173348590245605,0.22466979543288243,0.8,self,,0.0,1.0598211288452148,ok
C5,0.5,0.6,2.0,10.0,20,200,5,1.0,predictive,P1+P2 (protect),0.0020000000000000005,5,100.0,True,True,False,7.626791307590458e-09,1.1195695337253566e-08,52.32102505280657,9.999999888043034,4.485816241773011,0.05446520024030368,5.459718669943652,49.99999944021524,1.0464205127715365,0.4999999944021517,4.792224098241858,5.01468159819836,3.637026447841953e-05,3.942112258872716e-05,0.5446520024030368,0.5780085225842265,0.5446520024030369,0.8,self,,0.0,1.0927844047546387,ok
C5,0.5,0.6,2.0,10.0,20,200,5,1.0,predictive,P1+P2 (protect),0.0020000000000000005,5,300.0,True,True,False,8.012716246780011e-09,1.1762211171478049e-08,52.58838951992028,9.999999882377885,2.9114639734232086,0.10767649624963894,6.980859647949268,49.9999994118894,1.0517678027695214,0.4999999941188943,4.457075499672971,4.687808505068908,0.0027650511002956127,0.0033174784102933843,1.0767649624963895,0.9981561878216352,1.076764962496391,0.8,self,,0.0,1.0336649417877197,ok
C5,0.5,0.6,2.0,10.0,20,200,5,1.0,predictive,P1+P2 (protect),0.0020000000000000005,5,1000.0,True,True,False,8.429591245340667e-09,1.237415993043515e-08,52.98640189658227,9.999999876258372,1.569633254077457,0.18866543485017276,8.241701434813999,49.9999993812919,1.059728051044892,0.4999999938129186,4.184824810191415,4.434776240068459,0.02364625705512794,0.03237291376595734,1.8866543485017275,1.5444876030057828,1.8866543485017253,0.8,self,,0.0,1.0379528999328613,ok
C5,0.5,0.6,2.0,10.0,20,200,5,1.0,predictive,P1+P2 (protect),0.0020000000000000005,10,3.0,True,True,False,6.619619639802526e-09,9.717224683605999e-09,52.060911281184005,9.999999902827758,8.643246175035198,0.003693408864173943,1.3530605132728688,49.99999951413873,1.0412182357414324,0.49999999514138793,5.711001229463772,5.94639862445942,5.06974848940005e-10,5.138879542883691e-10,0.03693408864173943,0.05132384986403583,0.03693408864173943,0.8,self,,0.0,1.1811232566833496,ok
C5,0.5,0.6,2.0,10.0,20,200,5,1.0,predictive,P1+P2 (protect),0.0020000000000000005,10,10.0,True,True,False,6.890992966133761e-09,1.0115585272598585e-08,52.09101843039071,9.999999898844148,7.588642155665562,0.00938335203119467,2.4019745934590944,49.99999949422074,1.041820379146437,0.4999999949422074,5.475234521276394,5.704210904871834,1.937686207561348e-06,2.0251342208646867e-06,0.0938335203119467,0.12359964782179463,0.09383352031194676,0.8,self,,0.0,1.3853979110717773,ok
C5,0.5,0.6,2.0,10.0,20,200,5,1.0,predictive,P1+P2 (protect),0.0020000000000000005,10,30.0,True,True,False,7.220128127102451e-09,1.0598736945889089e-08,52.158191283755144,9.99999989401261,6.233743167926483,0.02246809266575872,3.743788845395147,49.99999947006307,1.0431638367313238,0.4999999947006305,5.174505167397532,5.397856663608471,0.000574562390816592,0.0006497888927393555,0.2246809266575872,0.271382184673551,0.2246809266575872,0.8,self,,0.0,1.2092134952545166,ok
C5,0.5,0.6,2.0,10.0,20,200,5,1.0,predictive,P1+P2 (protect),0.0020000000000000005,10,100.0,True,True,False,7.618037998004345e-09,1.1182845977232317e-08,52.305786122497395,9.99999988817154,4.514573666348315,0.05473574407662458,5.4306907014035195,49.999999440857636,1.0461157341485003,0.499999994408577,4.7988131472568485,5.020113938584074,0.025715747326859738,0.03572200047849376,0.5473574407662458,0.5607794165862099,0.5473574407662448,0.8,self,,0.0,1.2238566875457764,ok
C5,0.5,0.6,2.0,10.0,20,200,5,1.0,predictive,P1+P2 (protect),0.0020000000000000005,10,300.0,True,True,False,7.956071560349534e-09,1.167905999739247e-08,52.483477437566435,9.999999883209385,3.060947993407698,0.11172481851727743,6.827327304865639,49.9999994160471,1.0496695610104803,0.49999999416046925,4.492319389292046,4.715450921277051,0.1446910679611272,0.2725682188380308,1.1172481851727742,0.8868175415489545,1.117248185172774,0.8,self,,0.0,1.2275683879852295,ok
C5,0.5,0.6,2.0,10.0,20,200,5,1.0,predictive,P1+P2 (protect),0.0020000000000000005,10,1000.0,True,True,False,8.280456480152374e-09,1.21552385875241e-08,52.69704858626849,9.999999878447598,1.8319286587396648,0.20762012955219383,7.9604513332605435,49.99999939223795,1.0539409845362764,0.4999999939223799,4.251122092875525,4.480431803949147,0.33526215539570925,0.8609612565056278,2.076201295521938,1.2508931006991921,2.0762012955219435,0.8,self,,0.0,1.188490867614746,ok
C5,0.5,0.6,2.0,10.0,20,200,5,1.0,predictive,P1+P2 (protect),0.0020000000000000005,15,3.0,True,True,False,6.61922950145678e-09,9.716651982730633e-09,52.0607590267791,9.999999902833473,8.644876921121414,0.003688606597118472,1.3514345694479957,49.99999951416742,1.0412151906527072,0.49999999514167365,5.711367300657651,5.946762392841894,0.00026113662114868156,0.0002676434118648589,0.03688606597118472,0.051017741912183806,0.03688606597118477,0.8,self,,0.0,2.28837513923645,ok
C5,0.5,0.6,2.0,10.0,20,200,5,1.0,predictive,P1+P2 (protect),0.0020000000000000005,15,10.0,True,True,False,6.880680662777391e-09,1.0100447398500014e-08,52.08674832852921,9.999999898995524,7.632051514353193,0.009377253936010837,2.3585713327152726,49.99999949497766,1.041734977092573,0.4999999949497762,5.485024858979106,5.7139422458207925,0.008204904035906638,0.008878307345281765,0.09377253936010838,0.11526818345102004,0.09377253936010822,0.8,self,,0.0,2.252612590789795,ok
C5,0.5,0.6,2.0,10.0,20,200,5,1.0,predictive,P1+P2 (protect),0.0020000000000000005,15,30.0,True,True,False,7.1424678441608135e-09,1.0484736072855823e-08,52.12167246528941,9.999999895152625,6.556060328528969,0.02328911608333322,3.420650660235073,49.999999475763296,1.0424334602354257,0.49999999475763124,5.247524739836688,5.470195372218961,0.06939590060932986,0.08584058532713869,0.23289116083333222,0.20357233018747073,0.23289116083333247,0.8,self,,0.0,2.4713118076324463,ok
C5,0.5,0.6,2.0,10.0,20,200,5,1.0,predictive,P1+P2 (protect),0.0020000000000000005,15,100.0,True,True,False,7.345932605918458e-09,1.078341075655145e-08,52.15279449812755,9.999999892165883,5.5724914893758974,0.06481875064390809,4.362689867814311,49.99999946082936,1.0430559012102534,0.49999999460829414,5.041257723428955,5.258313617944339,0.27100806724089704,0.46157929222210864,0.6481875064390809,0.2967818728374943,0.6481875064390796,0.8,self,,0.0,2.297456741333008,ok
C5,0.5,0.6,2.0,10.0,20,200,5,1.0,predictive,P1+P2 (protect),0.0020000000000000005,15,300.0,True,True,False,7.46363560844983e-09,1.0956192061514753e-08,52.172366200957384,9.999999890438064,4.692689552125312,0.15547100966387528,5.151839547772749,49.999999452190345,1.0434473354513583,0.4999999945219032,4.876868399705172,5.0887553370192915,0.5188408899621516,1.3735625991269806,1.5547100966387528,0.38217253058159184,1.5547100966387528,0.8,self,,0.0,2.327909469604492,ok
C5,0.5,0.6,2.0,10.0,20,200,5,1.0,predictive,P1+P2 (protect),0.0020000000000000005,15,1000.0,True,True,False,7.575393883996034e-09,1.1120246845798096e-08,52.211084029043825,9.999999888797552,3.5079830966814414,0.3258413409208658,6.166175673600142,49.999999443987605,1.0442216921928806,0.4999999944398776,4.673668676363704,4.880346213981367,0.7302748545243765,3.0701408927177165,3.258413409208658,0.5120340364633348,3.2584134092086505,0.8,self,,0.0,2.337583303451538,ok
C5,0.5,0.6,2.0,10.0,20,200,5,1.0,predictive,P1+P2 (protect),0.0020000000000000005,20,3.0,True,True,False,6.245276053432255e-09,9.16770961779322e-09,52.04024470342403,9.999999908322907,9.978796864628212,0.003347880592722981,0.01785534645615705,49.999999541614535,1.0408049036102773,0.49999999541614537,6.012155528774247,6.257480955615876,0.03441275482086139,0.035710692912323524,0.03347880592722981,0.0022334261396790515,0.03347880592722981,0.8,self,,0.0,7.254401206970215,ok
C5,0.5,0.6,2.0,10.0,20,200,5,1.0,predictive,P1+P2 (protect),0.0020000000000000005,20,10.0,True,True,False,6.245340222539737e-09,9.16780381438844e-09,52.040247407091464,9.999999908321978,9.92991694293691,0.011075807652014042,0.059007341089097665,49.999999541609796,1.0408049576837253,0.4999999954160989,6.004034351015153,6.249028718639959,0.10500602821072995,0.11801468217822444,0.11075807652014041,0.0072617594207518305,0.1107580765201404,0.8,self,,0.0,7.378130674362183,ok
C5,0.5,0.6,2.0,10.0,20,200,5,1.0,predictive,P1+P2 (protect),0.0020000000000000005,20,30.0,True,True,False,6.245522979819003e-09,9.168072091666001e-09,52.040255165672,9.999999908319275,9.79460609481682,0.032531537131622476,0.17286245973228276,49.9999995415964,1.0408051128556162,0.49999999541596374,5.981576772578165,6.225655687837749,0.2546165089463761,0.34572491946455186,0.3253153713162248,0.02042521652644855,0.325315371316225,0.8,self,,0.0,7.092915058135986,ok
C5,0.5,0.6,2.0,10.0,20,200,5,1.0,predictive,P1+P2 (protect),0.0020000000000000005,20,100.0,True,True,False,6.246156220447452e-09,9.169001652844278e-09,52.040283269647624,9.99999990830998,9.36506602222125,0.10107489726516952,0.5338591722036004,49.99999954154986,1.0408056749361025,0.49999999541549905,5.9104486192209915,6.151628464303459,0.5149809105854356,1.0677183444071878,1.0107489726516952,0.057026139230898575,1.0107489726516958,0.8,self,,0.0,7.2712085247039795,ok
C5,0.5,0.6,2.0,10.0,20,200,5,1.0,predictive,P1+P2 (protect),0.0020000000000000005,20,300.0,True,True,False,6.247959947841856e-09,9.171649421934325e-09,52.04059632184452,9.999999908283499,8.413237001251034,0.25427440372224136,1.3324886867432255,49.99999954141751,1.040811935982853,0.49999999541417495,5.753327364466136,5.988131792553124,0.7414145848906422,2.6649773734864373,2.5427440372224135,0.1232291670016458,2.5427440372224166,0.8,self,,0.0,7.4112229347229,ok
C5,0.5,0.6,2.0,10.0,20,200,5,1.0,predictive,P1+P2 (protect),0.0020000000000000005,20,1000.0,True,True,False,6.256234216713296e-09,9.183795577429465e-09,52.05394821791462,9.999999908162051,6.6407825457342256,0.5439285135842202,2.8152890325195035,49.999999540810194,1.0410789739193496,0.4999999954081026,5.462387060935255,5.686776316548807,0.889871721128521,5.630578065038981,5.439285135842202,0.2383066424670714,5.439285135842191,0.8,self,,0.0,7.284653663635254,ok
C5,0.5,0.6,2.0,10.0,20,200,5,1.0,predictive,NoCancel,0.005220314431365072,0,1.0,False,False,True,6.5023229110959335e-09,9.545039765908163e-09,52.05392582215946,9.999999904549599,8.792902310016546,0.004590171482256283,1.2025076139515996,49.999999522748084,1.0410785263803235,0.49999999522747995,5.745099023098469,5.98109922487639,0.0,0.0,0.045901714822562834,0.0,0.045901714822562674,0.8,self,,0.0,11.818523168563843,ok
C5,0.5,0.6,2.0,10.0,20,200,5,1.0,predictive,P2 only,0.005220314431365072,0,3.0,False,False,False,6.867439560239824e-09,1.008101021402798e-08,52.08719556053819,9.999999899189898,7.702891285766199,0.008647861737643165,2.2884609533062594,49.99999949594945,1.0417439217125957,0.49999999495949493,5.500731224526962,5.730353318125647,0.0,0.0,0.08647861737643164,0.11476608137470598,0.08647861737643166,0.8,self,,0.0,0.9542677402496338,ok
C5,0.5,0.6,2.0,10.0,20,200,5,1.0,predictive,P2 only,0.005220314431365072,0,10.0,False,False,False,7.192666549203883e-09,1.0558424913346682e-08,52.15024983645376,9.999999894415758,6.366031153043509,0.02085414440604103,3.613114808134692,49.99999947207873,1.0430050077415658,0.49999999472078793,5.203740937268999,5.427527856561356,0.0,0.0,0.20854144406041028,0.2547334089968263,0.2085414440604104,0.8,self,,0.0,0.9882750511169434,ok
C5,0.5,0.6,2.0,10.0,20,200,5,1.0,predictive,P2 only,0.005220314431365072,0,30.0,False,False,False,7.54937949174676e-09,1.1082059199818384e-08,52.28027882610775,9.999999889179396,4.830405739519253,0.04641106104737115,5.123183310253981,49.99999944589705,1.0456055881096178,0.4999999944589698,4.866931159032928,5.088890416829649,0.0,0.0,0.4641106104737115,0.5065566227206285,0.4641106104737111,0.8,self,,0.0,0.9579436779022217,ok
C5,0.5,0.6,2.0,10.0,20,200,5,1.0,predictive,P2 only,0.005220314431365072,0,100.0,False,False,False,7.966858356804134e-09,1.169489440036639e-08,52.550142470658635,9.999999883051057,3.0930474789903983,0.09985567266909347,6.8070969652894515,49.99999941525524,1.051002861704541,0.49999999415255286,4.495098086530148,4.724360952585792,0.0,0.0,0.9985567266909346,0.9417464333676316,0.9985567266909372,0.8,self,,0.0,0.9913923740386963,ok
C5,0.5,0.6,2.0,10.0,20,200,5,1.0,predictive,P2 only,0.005220314431365072,0,300.0,False,False,False,8.350680041699659e-09,1.225832277708513e-08,52.9090907553664,9.999999877416757,1.7922434373264569,0.17115915987123995,8.036597525385547,49.999999387083975,1.05818182807886,0.4999999938708378,4.228460987379142,4.474480577585002,0.0,0.0,1.7115915987123995,1.4365306545231613,1.7115915987124004,0.8,self,,0.0,0.9715993404388428,ok
C5,0.5,0.6,2.0,10.0,20,200,5,1.0,predictive,P2 only,0.005220314431365072,0,1000.0,False,False,False,8.73857462729704e-09,1.2827729940091145e-08,53.33900708142288,9.999999871722707,0.9126592833802547,0.2566512744764688,8.83068957042057,49.99999935861342,1.066780155312827,0.49999999358613534,4.062180680367151,4.333453737110835,0.0,0.0,2.566512744764688,2.0018393650624375,2.5665127447646974,0.8,self,,0.0,0.9563937187194824,ok
C5,0.5,0.6,2.0,10.0,20,200,5,1.0,predictive,P1 only,0.005220314431365072,5,1.0,False,False,False,6.668837979892816e-09,9.789474403944272e-09,52.06487255227038,9.999999902105246,8.479033825839409,0.004426322264506208,1.5165399497908396,49.99999951052629,1.0412974612391623,0.49999999510526233,5.674232454542,5.9085638493954455,2.4568982509117395e-19,2.4628395762285204e-19,0.04426322264506208,0.06111795926162269,0.04426322264506207,0.8,self,,0.0,0.9685468673706055,ok
C5,0.5,0.6,2.0,10.0,20,200,5,1.0,predictive,P1 only,0.005220314431365072,10,1.0,False,False,False,6.6688379796773615e-09,9.789474403627999e-09,52.06487255189745,9.999999902105253,8.479033826619792,0.004426322264913599,1.5165399490100402,49.99999951052633,1.0412974612317027,0.49999999510526266,5.674232454718201,5.908563849536595,1.1852732122798767e-09,1.1995126049287465e-09,0.044263222649135986,0.06111795918583641,0.0442632226491359,0.8,self,,0.0,1.833111047744751,ok
C5,0.5,0.6,2.0,10.0,20,200,5,1.0,predictive,P1 only,0.005220314431365072,15,1.0,False,False,False,6.668256736348271e-09,9.788621171519451e-09,52.06464382081819,9.999999902113778,8.48140542117324,0.0044275603118408636,1.5141671164011399,49.999999510569054,1.041292886609183,0.49999999510568893,5.674767923474413,5.909095471871871,0.0007789175938876154,0.0007992817195805495,0.044275603118408634,0.060967670546480446,0.04427560311840863,0.8,self,,0.0,6.909053564071655,ok
C5,0.5,0.6,2.0,10.0,20,200,5,1.0,predictive,P1 only,0.005220314431365072,20,1.0,False,False,False,6.263956937455857e-09,9.195132091619373e-09,52.040907726467466,9.999999908048684,9.91973223735138,0.005178412135392273,0.07508944246454519,49.99999954024337,1.0408181640998102,0.4999999954024342,5.999519500782432,6.244408872285381,0.0872401101201314,0.09143438076521924,0.051784121353922734,0.04231432710311435,0.05178412135392271,0.8,self,,0.0,35.95944666862488,ok
C5,0.5,0.6,2.0,10.0,20,200,5,1.0,predictive,P1 only (protect),0.005220314431365072,5,1.0,True,True,False,6.668837979892816e-09,9.789474403944272e-09,52.06487255227038,9.999999902105246,8.479033825839409,0.004426322264506208,1.5165399497908396,49.99999951052629,1.0412974612391623,0.49999999510526233,5.674232454542,5.9085638493954455,2.2732530416028895e-19,2.278810038113163e-19,0.04426322264506208,0.06111795926162269,0.04426322264506207,0.8,self,,0.0,1.1062707901000977,ok
C5,0.5,0.6,2.0,10.0,20,200,5,1.0,predictive,P1 only (protect),0.005220314431365072,10,1.0,True,True,False,6.668837979576834e-09,9.78947440348043e-09,52.064872551724676,9.999999902105253,8.479033826964065,0.0044263222294227455,1.5165399487012596,49.99999951052634,1.0412974612282473,0.49999999510526266,5.674232454782521,5.908563849583964,7.879863178578219e-10,7.972182615323264e-10,0.04426322229422745,0.06111795858528375,0.04426322229422745,0.8,self,,0.0,1.137929916381836,ok
C5,0.5,0.6,2.0,10.0,20,200,5,1.0,predictive,P1 only (protect),0.005220314431365072,15,1.0,True,True,False,6.6681450970526765e-09,9.788457291390757e-09,52.064602183633525,9.99999990211543,8.481848339334235,0.0044059622475983344,1.5137457963027359,49.99999951057709,1.0412920538653143,0.49999999510577153,5.674859720056943,5.9091863332956365,0.0003420945615460436,0.00034947746115944494,0.04405962247598334,0.06056767682416905,0.04405962247598338,0.8,self,,0.0,2.2911174297332764,ok
C5,0.5,0.6,2.0,10.0,20,200,5,1.0,predictive,P1 only (protect),0.005220314431365072,20,1.0,True,True,False,6.245272476590337e-09,9.167704367192991e-09,52.04024455302329,9.99999990832296,9.981543410339306,0.0029140605216701164,0.01554262081606339,49.999999541614805,1.040804900602257,0.49999999541614804,6.012612008857827,6.257956044239208,0.030096761757787468,0.031085241632131867,0.029140605216701164,0.0019459752259127615,0.029140605216701178,0.8,self,,0.0,7.356330633163452,ok
C5,0.5,0.6,2.0,10.0,20,200,5,1.0,predictive,P1+P2,0.005220314431365072,5,3.0,False,False,False,6.867439560239818e-09,1.0081010214027972e-08,52.08719556053817,9.999999899189898,7.702891285766199,0.008647861737643165,2.2884609533062594,49.999999495949446,1.0417439217125954,0.49999999495949493,5.500731224526962,5.730353318125645,3.004431864688171e-14,3.0263112417639993e-14,0.08647861737643164,0.1147660813747066,0.08647861737643169,0.8,self,,0.0,1.0894172191619873,ok
C5,0.5,0.6,2.0,10.0,20,200,5,1.0,predictive,P1+P2,0.005220314431365072,5,10.0,False,False,False,7.192666548947163e-09,1.055842491296983e-08,52.15024983544761,9.999999894415762,6.3660311533751175,0.02085414440694735,3.613114807802174,49.999999472078784,1.0430050077214417,0.4999999947207881,5.203740937344148,5.427527856535015,3.474503422466054e-09,3.5572185760897577e-09,0.2085414440694735,0.2547334090658546,0.20854144406947392,0.8,self,,0.0,1.017545461654663,ok
C5,0.5,0.6,2.0,10.0,20,200,5,1.0,predictive,P1+P2,0.005220314431365072,5,30.0,False,False,False,7.549378718075462e-09,1.1082058064112976e-08,52.28027589886037,9.999999889179419,4.830406767930759,0.04641106879717367,5.123182274092649,49.999999445897146,1.0456055295646676,0.4999999944589709,4.866931393944003,5.088890377519725,9.771262453923615e-06,1.0425208770443549e-05,0.46411068797173666,0.5065568002594695,0.4641106879717363,0.8,self,,0.0,1.0559566020965576,ok
C5,0.5,0.6,2.0,10.0,20,200,5,1.0,predictive,P1+P2,0.005220314431365072,5,100.0,False,False,False,7.966692290063368e-09,1.1694650623847502e-08,52.54952969177437,9.999999883053484,3.093249866137839,0.09986032918118197,6.806889921627496,49.99999941526741,1.0509906061264565,0.49999999415267415,4.495145493398292,4.72435568673328,0.001902580260771461,0.002245281594227567,0.9986032918118197,0.9417778539565372,0.9986032918118212,0.8,self,,0.0,1.0046658515930176,ok
C5,0.5,0.6,2.0,10.0,20,200,5,1.0,predictive,P1+P2,0.005220314431365072,5,300.0,False,False,False,8.348978689570431e-09,1.225582528904183e-08,52.90289910693278,9.999999877441713,1.793862107871365,0.17125507932078388,8.034882935366138,49.9999993872087,1.0580579951060303,0.49999999387208566,4.2288622038340495,4.474381464968324,0.018142598009629834,0.024221056164752394,1.7125507932078388,1.436847579493841,1.712550793207841,0.8,self,,0.0,1.3212859630584717,ok
C5,0.5,0.6,2.0,10.0,20,200,5,1.0,predictive,P1+P2,0.005220314431365072,5,1000.0,False,False,False,8.734213981158438e-09,1.2821328759874001e-08,53.323443288174666,9.999999871786708,0.9154507987743706,0.25704817848637995,8.827501150952541,49.99999935893344,1.066468879437044,0.4999999935893354,4.0629596407355875,4.333020015253217,0.04631484903154014,0.06781036790824076,2.5704817848637997,2.0027350116573777,2.570481784863798,0.8,self,,0.0,1.1550116539001465,ok
C5,0.5,0.6,2.0,10.0,20,200,5,1.0,predictive,P1+P2,0.005220314431365072,10,3.0,False,False,False,6.867439402336383e-09,1.008100998223472e-08,52.08719529145385,9.9999998991899,7.702891868388588,0.00864786235343196,2.288460370068081,49.99999949594946,1.0417439163309088,0.499999994959495,5.500731356191106,5.730353425682754,8.238577988974818e-07,8.525730311973077e-07,0.08647862353431959,0.11476601860674408,0.08647862353431975,0.8,self,,0.0,1.6901562213897705,ok
C5,0.5,0.6,2.0,10.0,20,200,5,1.0,predictive,P1+P2,0.005220314431365072,10,10.0,False,False,False,7.1925803637346795e-09,1.0558298397985655e-08,52.15010378145841,9.99999989441701,6.366342362481815,0.02085504967749187,3.612802693423683,49.999999472085,1.043002086641497,0.49999999472085055,5.203811482748199,5.4275862349953545,0.00041593935065721555,0.00046269111980489473,0.2085504967749187,0.25469790777738205,0.20855049677491871,0.8,self,,0.0,1.6333909034729004,ok
C5,0.5,0.6,2.0,10.0,20,200,5,1.0,predictive,P1+P2,0.005220314431365072,10,30.0,False,False,False,7.54540170133437e-09,1.107622003000549e-08,52.27330816186878,9.999999889237767,4.843664878588699,0.046517725966893644,5.109817506206641,49.999999446189,1.045466174817189,0.49999999446188836,4.869962365595716,5.091380925863022,0.017131702019478348,0.022427794348449666,0.4651772596689364,0.5049034423285953,0.4651772596689375,0.8,self,,0.0,1.701643705368042,ok
C5,0.5,0.6,2.0,10.0,20,200,5,1.0,predictive,P1+P2,0.005220314431365072,10,100.0,False,False,False,7.927772695929405e-09,1.1637518875909357e-08,52.47555060998596,9.999999883624803,3.197017949371417,0.10239146025356378,6.700590706750217,49.99999941812412,1.0495110244134223,0.49999999418124014,4.519505982634187,4.743271353676996,0.1396867382485667,0.25045234139912403,1.0239146025356378,0.9259776935503349,1.023914602535639,0.8,self,,0.0,1.6479463577270508,ok
C5,0.5,0.6,2.0,10.0,20,200,5,1.0,predictive,P1+P2,0.005220314431365072,10,300.0,False,False,False,8.244796266176004e-09,1.2102891424100719e-08,52.692051836240644,9.999999878971114,1.9855476627773456,0.18294064237628235,7.831511815875259,49.99999939485551,1.053841049479335,0.49999999394855565,4.27649770336681,4.5067488278120456,0.3200616728802014,0.7735486205037914,1.8294064237628236,1.3981911851349753,1.829406423762822,0.8,self,,0.0,1.62506103515625,ok
C5,0.5,0.6,2.0,10.0,20,200,5,1.0,predictive,P1+P2,0.005220314431365072,10,1000.0,False,False,False,8.568767282735381e-09,1.2578462427850508e-08,52.98152867440559,9.999999874215382,1.1049086180335097,0.2824345928588871,8.61265691489222,49.99999937107681,1.0596305868166367,0.4999999937107691,4.115243836255527,4.360638241104991,0.46433278712507786,1.3626612305834633,2.8243459285888712,1.9480703709469638,2.8243459285888775,0.8,self,,0.0,1.8593971729278564,ok
C5,0.5,0.6,2.0,10.0,20,200,5,1.0,predictive,P1+P2,0.005220314431365072,15,3.0,False,False,False,6.86063286275898e-09,1.0071018369729801e-08,52.08437977134818,9.999999899289811,7.7310171247006965,0.00867732155572253,2.260305654453769,49.99999949644902,1.04168760591782,0.49999999496449055,5.507087152620484,5.736664431594016,0.009182385854361886,0.009801621016075842,0.08677321555722531,0.11284615445556098,0.08677321555722554,0.8,self,,0.0,6.970600605010986,ok
C5,0.5,0.6,2.0,10.0,20,200,5,1.0,predictive,P1+P2,0.005220314431365072,15,10.0,False,False,False,7.1326300270058915e-09,1.0470294717508628e-08,52.12168484667507,9.999999895297043,6.61184004459601,0.021559661282003786,3.3666003988249438,49.9999994764851,1.042433707848093,0.49999999476485213,5.259457734062915,5.482636026989534,0.08477597392857332,0.10253240540368999,0.21559661282003786,0.23685332696839334,0.21559661282003864,0.8,self,,0.0,7.023578882217407,ok
C5,0.5,0.6,2.0,10.0,20,200,5,1.0,predictive,P1+P2,0.005220314431365072,15,30.0,False,False,False,7.3449401003702184e-09,1.078195381497008e-08,52.1585334315448,9.999999892180442,5.624954600644157,0.052717359984118695,4.322328147191282,49.99999946090228,1.0431706798783147,0.4999999946090221,5.048542890918945,5.266491919914748,0.2961294341250688,0.46480177123231853,0.527173599841187,0.4430206544802322,0.5271735998411873,0.8,self,,0.0,7.37526535987854,ok
C5,0.5,0.6,2.0,10.0,20,200,5,1.0,predictive,P1+P2,0.005220314431365072,15,100.0,False,False,False,7.527146359969786e-09,1.1049422228170735e-08,52.19911885543712,9.999999889505776,4.531501660779061,0.134523228498714,5.3339752212164475,49.99999944752884,1.0439823886441455,0.4999999944752888,4.832630398559155,5.045181026922096,0.591136815899756,1.4722841305134788,1.34523228498714,0.7977478321438535,1.3452322849871419,0.8,self,,0.0,6.96575403213501,ok
C5,0.5,0.6,2.0,10.0,20,200,5,1.0,predictive,P1+P2,0.005220314431365072,15,300.0,False,False,False,7.688297827667287e-09,1.1285983405871712e-08,52.254464648419216,9.99999988714018,3.3699756898743543,0.2656150597593565,6.364409363226108,49.99999943570084,1.0450893047632446,0.49999999435700904,4.619891983662663,4.8281997012873,0.7726524283704785,2.9837688918566516,2.656150597593565,1.2084324049906485,2.6561505975935575,0.8,self,,0.0,7.087350845336914,ok
C5,0.5,0.6,2.0,10.0,20,200,5,1.0,predictive,P1+P2,0.005220314431365072,15,1000.0,False,False,False,7.882723203108822e-09,1.1571388785372048e-08,52.392689764226624,9.999999884286133,2.2404696137676416,0.42539703493745346,7.334133467008771,49.99999942143054,1.0478538074096568,0.49999999421430663,4.425163792920299,4.636924728822893,0.8685871967989149,4.579789228065291,4.253970349374534,1.6994235909587305,4.253970349374545,0.8,self,,0.0,7.117145776748657,ok
C5,0.5,0.6,2.0,10.0,20,200,5,1.0,predictive,P1+P2,0.005220314431365072,20,3.0,False,False,False,6.271272578615972e-09,9.205871036200334e-09,52.04117374079627,9.999999907941294,9.849142892736063,0.010887562934071735,0.13996963638857096,49.99999953970643,1.0408234843976125,0.49999999539706474,5.985741918186263,6.230100759991475,0.16806244288145678,0.18678844993746696,0.10887562934071734,0.08164575310594631,0.10887562934071744,0.8,self,,0.0,35.949217319488525,ok
C5,0.5,0.6,2.0,10.0,20,200,5,1.0,predictive,P1+P2,0.005220314431365072,20,10.0,False,False,False,6.293181793116789e-09,9.23803251531198e-09,52.04199118220556,9.999999907619673,9.627320074442776,0.030157170204484263,0.3425228477330666,49.99999953809836,1.0408398332594238,0.4999999953809836,5.942946339073723,6.185655276631197,0.36901694570346516,0.4917378751414048,0.3015717020448426,0.197195156665354,0.30157170204484285,0.8,self,,0.0,36.18475914001465,ok
C5,0.5,0.6,2.0,10.0,20,200,5,1.0,predictive,P1+P2,0.005220314431365072,20,30.0,False,False,False,6.337674229259945e-09,9.303344877647866e-09,52.043758346066426,9.999999906966549,9.122785095281676,0.08022283266948552,0.7969921650822887,49.99999953483276,1.040875176604949,0.49999999534832745,5.847952989722758,6.086989100955116,0.6365256906085202,1.2100161866346544,0.8022283266948551,0.42199650899139274,0.8022283266948567,0.8,self,,0.0,36.2202308177948,ok
C5,0.5,0.6,2.0,10.0,20,200,5,1.0,predictive,P1+P2,0.005220314431365072,20,100.0,False,False,False,6.421020868478536e-09,9.425692997338562e-09,52.047668829686216,9.999999905743067,7.963140617102669,0.21619626369328085,1.8206632134609837,49.99999952871539,1.0409533864054306,0.49999999528715333,5.637474401315634,5.868348068823437,0.8626262356479116,2.942067242900306,2.1619626369328087,0.8103048234532334,2.1619626369328153,0.8,self,,0.0,36.32905459403992,ok
C5,0.5,0.6,2.0,10.0,20,200,5,1.0,predictive,P1+P2,0.005220314431365072,20,300.0,False,False,False,6.5223074076729604e-09,9.574375868594787e-09,52.0607107404223,9.99999990425627,6.293693858199781,0.43775946883049877,3.268546768713449,49.999999521281254,1.0412142247774214,0.4999999952128135,5.344170579176735,5.564426426675808,0.9504623021438108,5.525592575365721,4.377594688304987,1.2272724397888648,4.377594688305018,0.8,self,,0.0,36.03407835960388,ok
C5,0.5,0.6,2.0,10.0,20,200,5,1.0,predictive,P1+P2,0.005220314431365072,20,1000.0,False,False,False,6.650861919793465e-09,9.763086571384364e-09,52.142971729403456,9.999999902369165,4.495713586331692,0.701977492711702,4.802309018587441,49.99999951184564,1.042859444769597,0.4999999951184583,5.037908497515898,5.253830458519463,0.9807445283134437,8.329900537234636,7.01977492711702,1.689880257309865,7.019774927117044,0.8,self,,0.0,36.35304117202759,ok
C5,0.5,0.6,2.0,10.0,20,200,5,1.0,predictive,P1+P2 (protect),0.005220314431365072,5,3.0,True,True,False,6.8674395602398176e-09,1.0081010214027968e-08,52.08719556053818,9.999999899189898,7.702891285766201,0.008647861737642922,2.2884609533062577,49.99999949594945,1.0417439217125954,0.49999999495949493,5.500731224526962,5.730353318125645,2.8674808219313774e-14,2.888565059434887e-14,0.08647861737642923,0.1147660813746991,0.08647861737642926,0.8,self,,0.0,1.076131820678711,ok
C5,0.5,0.6,2.0,10.0,20,200,5,1.0,predictive,P1+P2 (protect),0.005220314431365072,5,10.0,True,True,False,7.192666548884802e-09,1.0558424912878288e-08,52.15024983520458,9.999999894415753,6.366031153457066,0.020854144398664315,3.6131148077285173,49.99999947207876,1.0430050077165816,0.49999999472078765,5.203740937359517,5.427527856525754,3.351434644999615e-09,3.4319007002839644e-09,0.20854144398664315,0.2547334082353345,0.20854144398664345,0.8,self,,0.0,0.9547402858734131,ok
C5,0.5,0.6,2.0,10.0,20,200,5,1.0,predictive,P1+P2 (protect),0.005220314431365072,5,30.0,True,True,False,7.549378550438824e-09,1.1082057818031938e-08,52.280275271345936,9.999999889179428,4.830407003301177,0.04641106205937049,5.123182045460025,49.99999944589702,1.0456055170143814,0.49999999445897136,4.866931444507469,5.088890369307783,9.47020503250868e-06,1.0109018743764446e-05,0.4641106205937049,0.506554446493897,0.46411062059370517,0.8,self,,0.0,1.0370690822601318,ok
C5,0.5,0.6,2.0,10.0,20,200,5,1.0,predictive,P1+P2 (protect),0.005220314431365072,5,100.0,True,True,False,7.966657995562232e-09,1.1694600281472712e-08,52.549406313423106,9.999999883054008,3.0932968522249285,0.09986080807104385,6.80684245665002,49.99999941527003,1.0509881385593474,0.49999999415270036,4.495156272948914,4.724355923839952,0.0018555390484977998,0.00219206513466225,0.9986080807104385,0.9412951261007436,0.9986080807104402,0.8,self,,0.0,0.9525275230407715,ok
C5,0.5,0.6,2.0,10.0,20,200,5,1.0,predictive,P1+P2 (protect),0.005220314431365072,5,300.0,True,True,False,8.348628191652096e-09,1.2255310778056595e-08,52.901677790196295,9.9999998774469,1.7942741629414518,0.17127657586961362,8.034449383742034,49.99999938723428,1.0580335687704598,0.499999993872345,4.228963240787579,4.474385069849571,0.017837571203292452,0.023844042086420304,1.7127657586961362,1.4318829943914269,1.712765758696135,0.8,self,,0.0,1.1669752597808838,ok
C5,0.5,0.6,2.0,10.0,20,200,5,1.0,predictive,P1+P2 (protect),0.005220314431365072,5,1000.0,True,True,False,8.733286227529163e-09,1.2819966870376592e-08,53.32032372306073,9.999999871800345,0.9162880151918592,0.2571566800469345,8.82655543296086,49.999999359001535,1.066406488132513,0.49999999359001723,4.063189301134641,4.333011433240593,0.04590855072271078,0.06728153128211196,2.571566800469345,1.9891705090070233,2.5715668004693555,0.8,self,,0.0,0.9657900333404541,ok
C5,0.5,0.6,2.0,10.0,20,200,5,1.0,predictive,P1+P2 (protect),0.005220314431365072,10,3.0,True,True,False,6.867439355823792e-09,1.0081009913956884e-08,52.08719521344565,9.999999899189895,7.702892039007532,0.008647853313647078,2.2884602084889263,49.99999949594962,1.0417439147707412,0.49999999495949476,5.500731391281913,5.730353453656326,6.338123272459899e-07,6.56173708540326e-07,0.08647853313647078,0.11476565892464341,0.08647853313647087,0.8,self,,0.0,1.3176054954528809,ok
C5,0.5,0.6,2.0,10.0,20,200,5,1.0,predictive,P1+P2 (protect),0.005220314431365072,10,10.0,True,True,False,7.1925603106389265e-09,1.0558268961183e-08,52.150071278687705,9.999999894417314,6.366417472211127,0.020853691450297848,3.61272894192126,49.99999947208657,1.0430014365860434,0.4999999947208657,5.203827915935668,5.427599992067458,0.00034019525223541425,0.0003791439928222731,0.20853691450297848,0.25452082336477744,0.20853691450297915,0.8,self,,0.0,1.1330575942993164,ok
C5,0.5,0.6,2.0,10.0,20,200,5,1.0,predictive,P1+P2 (protect),0.005220314431365072,10,30.0,True,True,False,7.544522020016726e-09,1.1074928707924027e-08,52.271917296465936,9.999999889250741,4.846812198004283,0.046515767028824914,5.10667214571615,49.99999944625354,1.0454383575074746,0.49999999446253707,4.870671626571381,5.091986945241045,0.014530333021474332,0.0191103914632544,0.46515767028824917,0.4969830911840795,0.46515767028824995,0.8,self,,0.0,1.2692046165466309,ok
C5,0.5,0.6,2.0,10.0,20,200,5,1.0,predictive,P1+P2 (protect),0.005220314431365072,10,100.0,True,True,False,7.918770035492073e-09,1.162430348303792e-08,52.46143239405827,9.999999883756962,3.22428720111126,0.10294558662228277,6.6727673285094955,49.99999941878475,1.0492286600777192,0.4999999941878481,4.525865939077475,4.7486682549496475,0.12427516251087349,0.22463042818212503,1.0294558662228277,0.8471745114307397,1.0294558662228255,0.8,self,,0.0,1.2546100616455078,ok
C5,0.5,0.6,2.0,10.0,20,200,5,1.0,predictive,P1+P2 (protect),0.005220314431365072,10,300.0,True,True,False,8.218386277457453e-09,1.2064123064562012e-08,52.65045129732524,9.999999879358768,2.045285593539338,0.18636711030396938,7.7683474167979245,49.99999939679371,1.0530090386501383,0.49999999396793837,4.291262147248748,4.518737828270132,0.29853241396568797,0.7277788042552269,1.8636711030396937,1.1757064094460825,1.863671103039701,0.8,self,,0.0,1.1341195106506348,ok
C5,0.5,0.6,2.0,10.0,20,200,5,1.0,predictive,P1+P2 (protect),0.005220314431365072,10,1000.0,True,True,False,8.52300413498228e-09,1.2511284732903723e-08,52.90992051709004,9.99999987488714,1.176305923984294,0.2913208295932895,8.532373371535277,49.99999937443571,1.0581984235812238,0.499999993744357,4.13469125925032,4.375323772533754,0.4499840800989271,1.329214011383071,2.9132082959328947,1.5724022153523958,2.9132082959328898,0.8,self,,0.0,1.1880958080291748,ok
C5,0.5,0.6,2.0,10.0,20,200,5,1.0,predictive,P1+P2 (protect),0.005220314431365072,15,3.0,True,True,False,6.859701186592783e-09,1.0069650722171656e-08,52.08403560145906,9.999999899303498,7.735045085889078,0.008564238070451221,2.256390776736972,49.999999496517404,1.0416807225185434,0.4999999949651749,5.507953295205402,5.737528768147955,0.005381519332173829,0.005727968316270657,0.08564238070451222,0.10852704006757188,0.0856423807045123,0.8,self,,0.0,2.325491428375244,ok
C5,0.5,0.6,2.0,10.0,20,200,5,1.0,predictive,P1+P2 (protect),0.005220314431365072,15,10.0,True,True,False,7.125324542453863e-09,1.0459570682193847e-08,52.11899983050306,9.99999989540431,6.645015184640137,0.02122580617185545,3.3337591137836977,49.99999947702149,1.042380007512908,0.4999999947702155,5.266816124751205,5.4900238316872665,0.05747988231953385,0.06940712633720157,0.2122580617185545,0.19631044480423612,0.21225806171855457,0.8,self,,0.0,2.3856210708618164,ok
C5,0.5,0.6,2.0,10.0,20,200,5,1.0,predictive,P1+P2 (protect),0.005220314431365072,15,30.0,True,True,False,7.3170035892183415e-09,1.0740944607432194e-08,52.148149362291164,9.999999892590537,5.747471184772265,0.052942030319651806,4.199586892317545,49.99999946295277,1.042962998448231,0.4999999946295269,5.0762656338061785,5.294357226354201,0.22034200804547463,0.3457531974179042,0.5294203031965181,0.2801158513602518,0.5294203031965193,0.8,self,,0.0,2.305299758911133,ok
C5,0.5,0.6,2.0,10.0,20,200,5,1.0,predictive,P1+P2 (protect),0.005220314431365072,15,100.0,True,True,False,7.45210264088172e-09,1.0939262321883791e-08,52.170130098572834,9.99999989060737,4.81270428115516,0.14032415546317742,5.046971672774292,49.99999945303679,1.0434026133855134,0.4999999945303685,4.8982473682188346,5.110844105008245,0.4888370793992178,1.219532940397905,1.4032415546317742,0.37095914544168634,1.4032415546317747,0.8,self,,0.0,2.3182623386383057,ok
C5,0.5,0.6,2.0,10.0,20,200,5,1.0,predictive,P1+P2 (protect),0.005220314431365072,15,300.0,True,True,False,7.55258046281201e-09,1.108675804263525e-08,52.19859996517264,9.999999889132404,3.7564698653689628,0.28740130154294513,5.956128943955688,49.999999445662056,1.0439720108777188,0.4999999944566202,4.715271623658971,4.9226115987859025,0.6955263163225537,2.6963066415345485,2.874013015429451,0.4798576926301889,2.8740130154294548,0.8,self,,0.0,2.338665246963501,ok
C5,0.5,0.6,2.0,10.0,20,200,5,1.0,predictive,P1+P2 (protect),0.005220314431365072,15,1000.0,True,True,False,7.682743403512754e-09,1.1277829827335893e-08,52.305233831033725,9.99999988722169,2.6366400381658037,0.47271328223975456,6.890646792372752,49.99999943610848,1.0461046884184657,0.49999999436108455,4.532325050383862,4.741286484643017,0.8298088866243845,4.39513115275973,4.727132822397546,0.6906889354446206,4.727132822397533,0.8,self,,0.0,2.4522030353546143,ok
C5,0.5,0.6,2.0,10.0,20,200,5,1.0,predictive,P1+P2 (protect),0.005220314431365072,20,3.0,True,True,False,6.245320345862978e-09,9.167774636558975e-09,52.04024656850752,9.999999908322259,9.944978775779678,0.008693098321324345,0.04632821757673966,49.99999954161129,1.040804940912015,0.49999999541611295,6.00653626870844,6.251632626238963,0.08442945284605316,0.09265643515349392,0.08693098321324345,0.005729481901399434,0.08693098321324354,0.8,self,,0.0,7.113527774810791,ok
C5,0.5,0.6,2.0,10.0,20,200,5,1.0,predictive,P1+P2 (protect),0.005220314431365072,20,10.0,True,True,False,6.245487423609385e-09,9.168019897175279e-09,52.04025364923758,9.999999908319804,9.820495135227334,0.02841998431481094,0.15108497213805094,49.99999954159894,1.0408050825268746,0.4999999954159902,5.985871167798425,6.23012513479568,0.2300476033269463,0.30216994427610483,0.2841998431481094,0.017983697411717604,0.2841998431481096,0.8,self,,0.0,7.256266117095947,ok
C5,0.5,0.6,2.0,10.0,20,200,5,1.0,predictive,P1+P2 (protect),0.005220314431365072,20,30.0,True,True,False,6.2459609559946566e-09,9.168715015748254e-09,52.040274229823666,9.999999908312855,9.491509849378211,0.08084375483851326,0.42764648747042067,49.99999954156428,1.0408054941393217,0.4999999954156428,5.931366324373183,6.173398658160563,0.4584212997172796,0.8552929749408495,0.8084375483851326,0.04689810219772617,0.8084375483851326,0.8,self,,0.0,7.371027946472168,ok
C5,0.5,0.6,2.0,10.0,20,200,5,1.0,predictive,P1+P2 (protect),0.005220314431365072,20,100.0,True,True,False,6.247601459326625e-09,9.171123181210263e-09,52.04047053465064,9.999999908288768,8.573427356942043,0.22839945063696498,1.1981732841322241,49.99999954144386,1.0408094202384037,0.4999999954144384,5.779735921566738,6.0156035936569525,0.717032714405791,2.396346568264449,2.28399450636965,0.112939578775025,2.283994506369651,0.8,self,,0.0,7.1801598072052,ok
C5,0.5,0.6,2.0,10.0,20,200,5,1.0,predictive,P1+P2 (protect),0.005220314431365072,20,300.0,True,True,False,6.2532854701353684e-09,9.179466985377004e-09,52.047637788446345,9.999999908205327,7.034936910264081,0.47875820214782455,2.4863049793827674,49.999999541026575,1.04095276532432,0.49999999541026635,5.5268008220432305,5.753138599102626,0.8680642771901208,4.972609958765502,4.787582021478245,0.2101010676966771,4.7875820214782525,0.8,self,,0.0,7.385223627090454,ok
C5,0.5,0.6,2.0,10.0,20,200,5,1.0,predictive,P1+P2 (protect),0.005220314431365072,20,1000.0,True,True,False,6.281847379846554e-09,9.221394242337734e-09,52.12057294947511,9.999999907786043,5.221496855954035,0.7872650214053143,3.991238214854608,49.99999953893012,1.042411468601993,0.4999999953893021,5.233702900818325,5.455671927068541,0.9463767002112313,7.982476429709164,7.872650214053143,0.39579124228893553,7.8726502140531585,0.8,self,,0.0,7.328907489776611,ok
C5,0.5,0.6,2.0,10.0,20,200,5,1.0,predictive,NoCancel,0.013625841381159232,0,1.0,False,False,True,6.682167034092875e-09,9.80904069671782e-09,52.072005493554144,9.999999901909598,7.893788727559151,0.01075595130981037,2.095455419221439,49.999999509547884,1.041440120086613,0.49999999509547993,5.5445879971660466,5.774356389599401,0.0,0.0,0.1075595130981037,0.0,0.10755951309810347,0.8,self,,0.0,12.19421672821045,ok
C5,0.5,0.6,2.0,10.0,20,200,5,1.0,predictive,P2 only,0.013625841381159232,0,3.0,False,False,False,7.168459481256173e-09,1.0522890316069291e-08,52.14215124157426,9.999999894771097,6.511279110495782,0.019265104898499735,3.469455889834621,49.99999947385551,1.0428430358052077,0.49999999473855483,5.235909686554297,5.460231952728177,0.0,0.0,0.19265104898499735,0.238115106596414,0.19265104898499746,0.8,self,,0.0,0.9293630123138428,ok
C5,0.5,0.6,2.0,10.0,20,200,5,1.0,predictive,P2 only,0.013625841381159232,0,10.0,False,False,False,7.522674446504118e-09,1.1042857714112481e-08,52.264928892467566,9.999999889571408,4.976783300364447,0.04337502579328635,4.979841784270858,49.999999447857085,1.0452985893924356,0.49999999447857035,4.898810691841432,5.120719905882431,0.0,0.0,0.4337502579328635,0.47960299687045865,0.43375025793286426,0.8,self,,0.0,1.010359764099121,ok
C5,0.5,0.6,2.0,10.0,20,200,5,1.0,predictive,P2 only,0.013625841381159232,0,30.0,False,False,False,7.890250245285138e-09,1.1582438055094422e-08,52.487246123862484,9.999999884175628,3.413426423856576,0.0873735647669532,6.499200127200844,49.999999420878076,1.0497449346358558,0.4999999942087814,4.562678709438388,4.789648863603811,0.0,0.0,0.8737356476695319,0.8483526437260144,0.8737356476695336,0.8,self,,0.0,0.9691140651702881,ok
C5,0.5,0.6,2.0,10.0,20,200,5,1.0,predictive,P2 only,0.013625841381159232,0,100.0,False,False,False,8.307290635364667e-09,1.2194629599387056e-08,52.861771783445505,9.999999878053707,1.9274061599541192,0.16175042700147915,7.910843534990695,49.99999939026853,1.0572354485615045,0.49999999390268535,4.255414580506378,4.498975142836827,0.0,0.0,1.6175042700147915,1.3746083109120986,1.6175042700147946,0.8,self,,0.0,0.9546802043914795,ok
C5,0.5,0.6,2.0,10.0,20,200,5,1.0,predictive,P2 only,0.013625841381159232,0,300.0,False,False,False,8.66778674774113e-09,1.2723817363914818e-08,53.254852386706894,9.99999987276182,1.04404802463437,0.23991002021100638,8.716042082392805,49.999999363809145,1.065097061286238,0.49999999363809094,4.085526027341141,4.3514817655294875,0.0,0.0,2.3991002021100636,1.8903371694799507,2.3991002021100694,0.8,self,,0.0,1.0699665546417236,ok
C5,0.5,0.6,2.0,10.0,20,200,5,1.0,predictive,P2 only,0.013625841381159232,0,1000.0,False,False,False,8.991584720623473e-09,1.3199134349421242e-08,53.640211698705514,9.999999868008663,0.5604268209051535,0.31657209563812283,9.123001215448062,49.99999934004317,1.0728042481342002,0.49999999340043316,4.00525029256627,4.296849528705843,0.0,0.0,3.1657209563812283,2.416631592362758,3.1657209563812367,0.8,self,,0.0,1.0399818420410156,ok
C5,0.5,0.6,2.0,10.0,20,200,5,1.0,predictive,P1 only,0.013625841381159232,5,1.0,False,False,False,6.931969993510653e-09,1.0175737215239799e-08,52.095416859353655,9.999999898242624,7.4952030843879776,0.010212844834744618,2.494584172534653,49.99999949121313,1.0419083477892588,0.4999999949121312,5.454467660543144,5.6830553882664505,2.612924716721766e-14,2.6293257627261213e-14,0.10212844834744618,0.13422550979298775,0.102128448347446,0.8,self,,0.0,1.0040154457092285,ok
C5,0.5,0.6,2.0,10.0,20,200,5,1.0,predictive,P1 only,0.013625841381159232,10,1.0,False,False,False,6.931969765354115e-09,1.0175736880318996e-08,52.09541647358713,9.999999898242612,7.4952039033089,0.01021284595059328,2.4945833524978944,49.999999491213146,1.041908340073928,0.4999999949121306,5.454467845701409,5.683055539101368,1.2096840340903934e-06,1.247333298706805e-06,0.1021284595059328,0.13422543312877425,0.10212845950593255,0.8,self,,0.0,1.6659977436065674,ok
C5,0.5,0.6,2.0,10.0,20,200,5,1.0,predictive,P1 only,0.013625841381159232,15,1.0,False,False,False,6.922465183078403e-09,1.0161784694771687e-08,52.091443166339666,9.999999898382159,7.533781687706705,0.010265411427697348,2.4559530024834384,49.99999949191073,1.0418288739136348,0.49999999491910796,5.463190294548689,5.69170939254556,0.013386466505925327,0.014293699824703555,0.10265411427697349,0.13186686422960076,0.10265411427697371,0.8,self,,0.0,7.103231906890869,ok
C5,0.5,0.6,2.0,10.0,20,200,5,1.0,predictive,P1 only,0.013625841381159232,20,1.0,False,False,False,6.2923491902683796e-09,9.23681030175047e-09,52.041969193267796,9.999999907631901,9.797496884187597,0.013349913847634202,0.18915329433286843,49.99999953815951,1.0408393934793916,0.49999999538159506,5.975016992989987,6.219033063012756,0.20547239219929334,0.23117748612564254,0.133499138476342,0.1046344183593118,0.133499138476342,0.8,self,,0.0,35.880024433135986,ok
C5,0.5,0.6,2.0,10.0,20,200,5,1.0,predictive,P1 only (protect),0.013625841381159232,5,1.0,True,True,False,6.931969993510653e-09,1.0175737215239799e-08,52.095416859353655,9.999999898242628,7.495203084387981,0.010212844834743936,2.4945841725346476,49.999999491213146,1.0419083477892586,0.4999999949121314,5.454467660543146,5.683055388266451,2.4185785392595058e-14,2.4339241300752382e-14,0.10212844834743937,0.13422550979298017,0.10212844834743917,0.8,self,,0.0,0.9837567806243896,ok
C5,0.5,0.6,2.0,10.0,20,200,5,1.0,predictive,P1 only (protect),0.013625841381159232,10,1.0,True,True,False,6.931969657212199e-09,1.0175736721572822e-08,52.095416293633676,9.999999898242628,7.495204272212042,0.010212809088527735,2.494583020456803,49.99999949121314,1.041908336474859,0.4999999949121314,5.454467915062138,5.683055591737885,8.084392140096161e-07,8.329706608210161e-07,0.10212809088527736,0.13422481117264967,0.10212809088527734,0.8,self,,0.0,1.233783483505249,ok
C5,0.5,0.6,2.0,10.0,20,200,5,1.0,predictive,P1 only (protect),0.013625841381159232,15,1.0,True,True,False,6.920440103820962e-09,1.0158811993738923e-08,52.090693143016324,9.999999898411883,7.541746658015818,0.00987877700198015,2.44837466657032,49.99999949205941,1.0418138734439175,0.4999999949205941,5.464841729470576,5.693347929937699,0.006006489337014976,0.006341823803779278,0.0987877700198015,0.124790780766924,0.09878777001980141,0.8,self,,0.0,2.4301254749298096,ok
C5,0.5,0.6,2.0,10.0,20,200,5,1.0,predictive,P1 only (protect),0.013625841381159232,20,1.0,True,True,False,6.245311019786199e-09,9.167760946409401e-09,52.04024617539135,9.999999908322389,9.952069998613895,0.00757173316704391,0.040358359896671914,49.999999541611935,1.0408049330496782,0.49999999541611945,6.007714352614508,6.252858734554534,0.07439603184748081,0.08071671979334338,0.07571733167043909,0.005002892093057156,0.07571733167043915,0.8,self,,0.0,7.212163686752319,ok
C5,0.5,0.6,2.0,10.0,20,200,5,1.0,predictive,P1+P2,0.013625841381159232,5,3.0,False,False,False,7.168459481214771e-09,1.0522890316008515e-08,52.142151241411604,9.999999894771086,6.511279110548928,0.019265104898640417,3.4694558897813454,49.999999473855404,1.0428430358019567,0.49999999473855433,5.235909686566336,5.460231952723709,5.65700016270526e-10,5.762766434224785e-10,0.19265104898640417,0.23811510660792115,0.1926510489864046,0.8,self,,0.0,1.0044567584991455,ok
C5,0.5,0.6,2.0,10.0,20,200,5,1.0,predictive,P1+P2,0.013625841381159232,5,10.0,False,False,False,7.522674096554294e-09,1.1042857200406065e-08,52.26492756624594,9.999999889571411,4.976783766607637,0.04337502908775035,4.979841314733202,49.99999944785719,1.0452985628680005,0.4999999944785706,4.898810798258955,5.120719887182328,4.460642831180167e-06,4.72335200377736e-06,0.4337502908775035,0.4796030795401805,0.43375029087750305,0.8,self,,0.0,1.036308765411377,ok
C5,0.5,0.6,2.0,10.0,20,200,5,1.0,predictive,P1+P2,0.013625841381159232,5,30.0,False,False,False,7.890176476301166e-09,1.1582329766426678e-08,52.486973131962834,9.999999884176704,3.413519267264881,0.08737531829721204,6.499105530261202,49.99999942088337,1.0497394747976885,0.49999999420883523,4.562700313089893,4.789646630322233,0.0008630754239933833,0.000992743922098493,0.8737531829721203,0.8483671790165851,0.8737531829721223,0.8,self,,0.0,1.1095004081726074,ok
C5,0.5,0.6,2.0,10.0,20,200,5,1.0,predictive,P1+P2,0.013625841381159232,5,100.0,False,False,False,8.3058889051468e-09,1.2192571939247855e-08,52.85666335791851,9.999999878074266,1.9287938044602213,0.1618245567562757,7.909381760709236,49.99999939037144,1.0571332800475428,0.4999999939037133,4.25575548776816,4.498900757864686,0.015040024793601996,0.019786569756407236,1.618245567562757,1.3748686880382452,1.6182455675627603,0.8,self,,0.0,1.0259051322937012,ok
C5,0.5,0.6,2.0,10.0,20,200,5,1.0,predictive,P1+P2,0.013625841381159232,5,300.0,False,False,False,8.663891996608579e-09,1.2718100091036435e-08,53.24089255183922,9.999999872818979,1.0467566030213753,0.24023989770376997,8.713003626455876,49.999999364095075,1.0648178645792428,0.49999999364094894,4.086261077483529,4.351123794639287,0.04119805321190367,0.05949834981674449,2.4023989770376994,1.8911303828733126,2.402398977037698,0.8,self,,0.0,1.035154104232788,ok
C5,0.5,0.6,2.0,10.0,20,200,5,1.0,predictive,P1+P2,0.013625841381159232,5,1000.0,False,False,False,8.98602056600044e-09,1.3190966487282114e-08,53.6207028058183,9.99999986809032,0.56306713603422,0.3172044337672087,9.11972856210825,49.99999934045177,1.072414070262542,0.499999993404516,4.006083662496081,4.296180486309694,0.06075311318226352,0.09210239185170518,3.172044337672087,2.417778438576407,3.1720443376720926,0.8,self,,0.0,0.9768011569976807,ok
C5,0.5,0.6,2.0,10.0,20,200,5,1.0,predictive,P1+P2,0.013625841381159232,10,3.0,False,False,False,7.168421162764885e-09,1.0522834066706097e-08,52.14208662220199,9.999999894771664,6.511417166891588,0.019265484662398028,3.46931745367435,49.99999947385824,1.0428417434176915,0.4999999947385832,5.235940973204357,5.460257812928557,0.00018963121343571404,0.00020649923884027987,0.19265484662398027,0.23810044117008278,0.19265484662398036,0.8,self,,0.0,1.691232442855835,ok
C5,0.5,0.6,2.0,10.0,20,200,5,1.0,predictive,P1+P2,0.013625841381159232,10,10.0,False,False,False,7.519824805302207e-09,1.10386746030989e-08,52.25997178644265,9.999999889613267,4.986389646177452,0.043446915465371404,4.970163548743908,49.999999448066184,1.0451994472664714,0.49999999448066335,4.901004797275346,5.122527505162516,0.01255591010986713,0.015986758965412365,0.43446915465371405,0.47845692520869515,0.43446915465371394,0.8,self,,0.0,1.6287548542022705,ok
C5,0.5,0.6,2.0,10.0,20,200,5,1.0,predictive,P1+P2,0.013625841381159232,10,30.0,False,False,False,7.86225229329677e-09,1.15413386559002e-08,52.434819332030415,9.999999884586614,3.4925083162785455,0.08895695492584138,6.418534844208999,49.999999422932916,1.0486963987439717,0.4999999942293307,4.581113958572537,4.80419771059076,0.10464795052175915,0.1746609364239681,0.8895695492584138,0.8371163291894378,0.8895695492584169,0.8,self,,0.0,1.596616506576538,ok
C5,0.5,0.6,2.0,10.0,20,200,5,1.0,predictive,P1+P2,0.013625841381159232,10,100.0,False,False,False,8.210457177532265e-09,1.20524835974086e-08,52.66455663286325,9.999999879475162,2.1139343728662596,0.1720563134145976,7.714009434243982,49.99999939737579,1.05329114535204,0.4999999939737581,4.3013679147088455,4.530592737464196,0.2986409517542681,0.6985481656839507,1.720563134145976,1.339344797148763,1.7205631341459844,0.8,self,,0.0,1.735506296157837,ok
C5,0.5,0.6,2.0,10.0,20,200,5,1.0,predictive,P1+P2,0.013625841381159232,10,300.0,False,False,False,8.508439072361226e-09,1.24899040504128e-08,52.91987533250085,9.999999875100944,1.241645398498046,0.26313322251445126,8.49522150388656,49.999999375504856,1.0583975198692992,0.49999999375504717,4.138833084197813,4.380530671467968,0.4420349106592979,1.2622051328846313,2.6313322251445124,1.8391197943064688,2.6313322251445177,0.8,self,,0.0,1.7621562480926514,ok
C5,0.5,0.6,2.0,10.0,20,200,5,1.0,predictive,P1+P2,0.013625841381159232,10,1000.0,False,False,False,8.795074403562428e-09,1.2910668394139625e-08,53.22789892453235,9.999999870893314,0.7255303069806852,0.35037373822491563,8.924096083901086,49.999999354466524,1.0645579922348034,0.4999999935446657,4.055204400447431,4.317000254642056,0.5234368267963297,1.6415010103448002,3.5037373822491564,2.3581699638695133,3.503737382249162,0.8,self,,0.0,1.6416983604431152,ok
C5,0.5,0.6,2.0,10.0,20,200,5,1.0,predictive,P1+P2,0.013625841381159232,15,3.0,False,False,False,7.119814613016437e-09,1.0451482419550331e-08,52.11950792770965,9.999999895485177,6.7097074978466695,0.019806415597175962,3.2704861910709786,49.99999947742583,1.0423901694487165,0.4999999947742588,5.280876271864977,5.504733511867039,0.07022520666656865,0.08229868398124872,0.19806415597175964,0.22474088792007027,0.19806415597175997,0.8,self,,0.0,6.876154184341431,ok
C5,0.5,0.6,2.0,10.0,20,200,5,1.0,predictive,P1+P2,0.013625841381159232,15,10.0,False,False,False,7.337603318033063e-09,1.0771183836294588e-08,52.15727095847885,9.999999892288153,5.701357722036703,0.04873313045918824,4.249909255215955,49.99999946144075,1.0431454304054892,0.4999999946144077,5.064280527691361,5.282781090752743,0.2731304926540314,0.411911676126821,0.48733130459188245,0.4245506453461146,0.4873313045918835,0.8,self,,0.0,7.121697902679443,ok
C5,0.5,0.6,2.0,10.0,20,200,5,1.0,predictive,P1+P2,0.013625841381159232,15,30.0,False,False,False,7.501124352052701e-09,1.101122340238996e-08,52.1927187174189,9.999999889887768,4.748393226749793,0.1137957355592034,5.1378111478032364,49.99999944943887,1.0438543858424911,0.49999999449438837,4.873765410491584,5.08750139930907,0.5411185757477326,1.217714303430961,1.137957355592034,0.7249247518974011,1.1379573555920375,0.8,self,,0.0,7.13713526725769,ok
C5,0.5,0.6,2.0,10.0,20,200,5,1.0,predictive,P1+P2,0.013625841381159232,15,100.0,False,False,False,7.67352478594483e-09,1.1264297421882057e-08,52.24711636267346,9.999999887357045,3.5091200287921036,0.2477750443683476,6.2431050394825025,49.99999943678495,1.0449423390240142,0.49999999436785225,4.644573787885267,4.853311797682457,0.7568980782419092,2.783343693264262,2.477750443683476,1.1599145960113086,2.477750443683475,0.8,self,,0.0,6.970796346664429,ok
C5,0.5,0.6,2.0,10.0,20,200,5,1.0,predictive,P1+P2,0.013625841381159232,15,300.0,False,False,False,7.846676441120555e-09,1.1518474191469458e-08,52.357480592604375,9.999999884815262,2.4270946327791876,0.39558121306907296,7.177324269336477,49.99999942407621,1.047149623913655,0.4999999942407631,4.456054005201944,4.666155275686152,0.8554730566355085,4.308294522630273,3.9558121306907297,1.6021049430860572,3.9558121306907217,0.8,self,,0.0,6.9859185218811035,ok
C5,0.5,0.6,2.0,10.0,20,200,5,1.0,predictive,P1+P2,0.013625841381159232,15,1000.0,False,False,False,8.044802956597766e-09,1.1809312633809296e-08,52.56739102368843,9.999999881906875,1.6856009205648679,0.5249653106273012,7.789433886900955,49.99999940953457,1.0513478328894597,0.4999999940953438,4.337427753557387,4.5601452690171564,0.9031594299628397,5.347040369570443,5.249653106273012,2.0891104587846283,5.249653106273021,0.8,self,,0.0,7.115086317062378,ok
C5,0.5,0.6,2.0,10.0,20,200,5,1.0,predictive,P1+P2,0.013625841381159232,20,3.0,False,False,False,6.3083764408203625e-09,9.260337392778864e-09,52.042591710157645,9.999999907396619,9.631725259567848,0.027745993608128315,0.34052883942740486,49.99999953698309,1.040851843841793,0.499999995369831,5.943033541715156,6.185817419907842,0.35727512896106134,0.45928201628591303,0.27745993608128316,0.19130283844071766,0.2774599360812833,0.8,self,,0.0,35.87928009033203,ok
C5,0.5,0.6,2.0,10.0,20,200,5,1.0,predictive,P1+P2,0.013625841381159232,20,10.0,False,False,False,6.349685937541778e-09,9.320977381324448e-09,52.04428528669537,9.999999906790226,9.159155708854831,0.07410219819468941,0.7667421861602541,49.999999533951105,1.04088571543598,0.4999999953395113,5.853856527481372,6.093195639667029,0.6233259227849749,1.130541180593854,0.7410219819468942,0.40590989337339506,0.7410219819468932,0.8,self,,0.0,35.90260648727417,ok
C5,0.5,0.6,2.0,10.0,20,200,5,1.0,predictive,P1+P2,0.013625841381159232,20,30.0,False,False,False,6.417870097210574e-09,9.421067844559678e-09,52.04744796819367,9.999999905789329,8.221786611344385,0.18176440105101407,1.5964490818152726,49.99999952894669,1.0409489691707225,0.4999999952894664,5.682876142165789,5.91558406211237,0.8358504892561565,2.523078266735483,1.8176440105101408,0.7348278921139169,1.8176440105101457,0.8,self,,0.0,36.29767680168152,ok
C5,0.5,0.6,2.0,10.0,20,200,5,1.0,predictive,P1+P2,0.013625841381159232,20,100.0,False,False,False,6.522095322186522e-09,9.574064539180403e-09,52.05829050603821,9.999999904259354,6.495779830481847,0.4077056153514567,3.096514649907342,49.9999995212968,1.0411658200889524,0.49999999521296773,5.378459101662012,5.599867781396819,0.9454046146753223,5.18692160968927,4.077056153514567,1.1807959650069415,4.0770561535145635,0.8,self,,0.0,36.16524815559387,ok
C5,0.5,0.6,2.0,10.0,20,200,5,1.0,predictive,P1+P2,0.013625841381159232,20,300.0,False,False,False,6.634877731549014e-09,9.739622693298305e-09,52.117528202052604,9.999999902603774,4.791237134919959,0.653930421051951,4.554832541424315,49.999999513018956,1.0423505741931516,0.49999999513018867,5.086510325880403,5.301926958820832,0.9775343482345296,7.8514446957674435,6.53930421051951,1.5988361857410174,6.5393042105195525,0.8,self,,0.0,36.90583348274231,ok
C5,0.5,0.6,2.0,10.0,20,200,5,1.0,predictive,P1+P2,0.013625841381159232,20,1000.0,False,False,False,6.770233238469529e-09,9.93831686933913e-09,52.28574453144912,9.99999990061684,3.5852693955152817,0.8548298773011098,5.559900826566768,49.999999503084226,1.045714901021627,0.499999995030842,4.889992652297091,5.113538182393335,0.9891309741417105,9.700684924620257,8.548298773011098,2.063788171706389,8.548298773011057,0.8,self,,0.0,36.07149887084961,ok
C5,0.5,0.6,2.0,10.0,20,200,5,1.0,predictive,P1+P2 (protect),0.013625841381159232,5,3.0,True,True,False,7.168459481200831e-09,1.0522890315988052e-08,52.14215124135724,9.999999894771095,6.511279110566368,0.019265104893984007,3.469455889768553,49.99999947385552,1.042843035800867,0.4999999947385548,5.2359096865685215,5.4602319527202825,5.402974689059463e-10,5.504962552068958e-10,0.19265104893984006,0.23811510646547682,0.19265104893984045,0.8,self,,0.0,0.9656777381896973,ok
C5,0.5,0.6,2.0,10.0,20,200,5,1.0,predictive,P1+P2 (protect),0.013625841381159232,5,10.0,True,True,False,7.522674011244014e-09,1.1042857075175434e-08,52.26492724634456,9.99999988957142,4.976783884466339,0.04337501832485619,4.979841207637386,49.99999944785717,1.0452985564699733,0.499999994478571,4.8988108207998335,5.120719879401551,4.310462602634893e-06,4.5664384657223125e-06,0.4337501832485619,0.47960199184160457,0.4337501832485625,0.8,self,,0.0,1.0780978202819824,ok
C5,0.5,0.6,2.0,10.0,20,200,5,1.0,predictive,P1+P2 (protect),0.013625841381159232,5,30.0,True,True,False,7.890160469991712e-09,1.1582306270075867e-08,52.48691518980971,9.999999884176937,3.4135414424794805,0.08737486897607546,6.4990838043675065,49.999999420884635,1.0497383159545859,0.49999999420884683,4.562705146616531,4.7896464168065584,0.000839862406238002,0.000966960680038316,0.8737486897607547,0.848150084826817,0.8737486897607544,0.8,self,,0.0,0.9822750091552734,ok
C5,0.5,0.6,2.0,10.0,20,200,5,1.0,predictive,P1+P2 (protect),0.013625841381159232,5,100.0,True,True,False,8.30559558852758e-09,1.2192141367153567e-08,52.85563772401295,9.999999878078551,1.929146916548923,0.1618369568720962,7.90901624850043,49.99999939039287,1.0571127673687286,0.4999999939039276,4.255839807815183,4.498902596717506,0.01476889483135326,0.019454742333132304,1.618369568720962,1.3707844198552435,1.6183695687209654,0.8,self,,0.0,0.9885265827178955,ok
C5,0.5,0.6,2.0,10.0,20,200,5,1.0,predictive,P1+P2 (protect),0.013625841381159232,5,300.0,True,True,False,8.663062391537856e-09,1.2716882278033965e-08,53.23808331725119,9.999999872831182,1.0475466734546202,0.24032261318718695,8.71213084052701,49.99999936415587,1.064761679885473,0.4999999936415591,4.086470407264467,4.351117095641187,0.04077812044002999,0.05895435633110717,2.4032261318718695,1.8791874097652284,2.4032261318718757,0.8,self,,0.0,1.1411759853363037,ok
C5,0.5,0.6,2.0,10.0,20,200,5,1.0,predictive,P1+P2 (protect),0.013625841381159232,5,1000.0,True,True,False,8.984797283187538e-09,1.318917077777189e-08,53.61669953596842,9.99999986810828,0.5639780603137476,0.31738801607581557,9.118634055502158,49.9999993405415,1.072334004862564,0.49999999340541396,4.006358179365594,4.296154111392998,0.06046494933878997,0.09172578020325978,3.1738801607581557,2.399400889140518,3.1738801607581517,0.8,self,,0.0,0.9726479053497314,ok
C5,0.5,0.6,2.0,10.0,20,200,5,1.0,predictive,P1+P2 (protect),0.013625841381159232,10,3.0,True,True,False,7.168409567305245e-09,1.0522817045231641e-08,52.14206778914312,9.999999894771841,6.5114590002692,0.019263326672390148,3.4692777782865676,49.99999947385915,1.0428413667564913,0.4999999947385921,5.23594959895133,5.460264836038507,0.00014715552433640738,0.00016040423700161826,0.19263326672390146,0.2380146462548347,0.19263326672390135,0.8,self,,0.0,1.2486028671264648,ok
C5,0.5,0.6,2.0,10.0,20,200,5,1.0,predictive,P1+P2 (protect),0.013625841381159232,10,10.0,True,True,False,7.519130321717289e-09,1.1037655140743119e-08,52.25887231564881,9.99999988962345,4.988860703622212,0.04340813624280213,4.967731270511537,49.99999944811726,1.0451774578492843,0.4999999944811725,4.901547657973921,5.122987120688295,0.01046948356249874,0.01338329761812938,0.4340813624280213,0.47261082980962243,0.4340813624280217,0.8,self,,0.0,1.2403757572174072,ok
C5,0.5,0.6,2.0,10.0,20,200,5,1.0,predictive,P1+P2 (protect),0.013625841381159232,10,30.0,True,True,False,7.855617754559533e-09,1.1531599530833343e-08,52.42441483004857,9.999999884683982,3.513432720966116,0.08913592616897924,6.3974314681809235,49.99999942342001,1.048488308691719,0.4999999942341991,4.585901542821801,4.808264152459974,0.09180327854157679,0.15436280986862677,0.8913592616897924,0.7802663279130747,0.8913592616897913,0.8,self,,0.0,1.1773028373718262,ok
C5,0.5,0.6,2.0,10.0,20,200,5,1.0,predictive,P1+P2 (protect),0.013625841381159232,10,100.0,True,True,False,8.186106182404324e-09,1.2016737723212764e-08,52.6262054761948,9.99999987983259,2.1712777543195605,0.1747875893057155,7.653934776542134,49.999999399163066,1.0525241221718034,0.4999999939916295,4.315330798688061,4.5419897607700985,0.27679500615840474,0.6530902087264174,1.747875893057155,1.1358766380164278,1.7478758930571558,0.8,self,,0.0,1.1950438022613525,ok
C5,0.5,0.6,2.0,10.0,20,200,5,1.0,predictive,P1+P2 (protect),0.013625841381159232,10,300.0,True,True,False,8.465588329863755e-09,1.2427001600535937e-08,52.85260047059914,9.999999875729962,1.3132844608920706,0.27076502096187366,8.415950642416094,49.999999378649804,1.0570520225479725,0.4999999937864981,4.157863400821916,4.395077917316997,0.42568568343260976,1.2241538876178728,2.7076502096187367,1.4887574984245233,2.7076502096187336,0.8,self,,0.0,1.1546752452850342,ok
C5,0.5,0.6,2.0,10.0,20,200,5,1.0,predictive,P1+P2 (protect),0.013625841381159232,10,1000.0,True,True,False,8.73984090000764e-09,1.282958875616066e-08,53.14295012229346,9.999999871704114,0.7947796062752879,0.36274555625997196,8.842474965760626,49.99999935852046,1.0628590160819156,0.4999999935852057,4.075477767826366,4.331658290375653,0.5159624012446843,1.6247553850950418,3.6274555625997196,1.9087020250138613,3.6274555625997196,0.8,self,,0.0,1.247544765472412,ok
C5,0.5,0.6,2.0,10.0,20,200,5,1.0,predictive,P1+P2 (protect),0.013625841381159232,15,3.0,True,True,False,7.111957407242746e-09,1.0439948488899651e-08,52.11660626482433,9.99999989560051,6.742900056097636,0.01887448155974035,3.2382255667421136,49.99999947800251,1.0423321361783817,0.4999999947800255,5.288013726179664,5.511866643349453,0.04242184644404051,0.049370767380686686,0.1887448155974035,0.18954247693411908,0.18874481559740364,0.8,self,,0.0,2.3874082565307617,ok
C5,0.5,0.6,2.0,10.0,20,200,5,1.0,predictive,P1+P2 (protect),0.013625841381159232,15,10.0,True,True,False,7.309177419402202e-09,1.0729456235805473e-08,52.14666907322962,9.99999989270544,5.822878643321645,0.04774447247795362,4.129376991494962,49.99999946352723,1.0429333926546995,0.49999999463527195,5.091322473811295,5.3099102207111315,0.19557117858032966,0.2939230930989324,0.47744472477953614,0.2740525227663881,0.47744472477953687,0.8,self,,0.0,2.2822952270507812,ok
C5,0.5,0.6,2.0,10.0,20,200,5,1.0,predictive,P1+P2 (protect),0.013625841381159232,15,30.0,True,True,False,7.433283316110451e-09,1.0911636624807072e-08,52.16664328064156,9.999999890883593,5.009879868568846,0.11660436603054553,4.8735158745170155,49.99999945441819,1.0433328769973,0.49999999454417965,4.933809648305287,5.147605814923392,0.4348122133242069,0.9780065949142759,1.1660436603054554,0.35288966415746303,1.1660436603054556,0.8,self,,0.0,2.3292760848999023,ok
C5,0.5,0.6,2.0,10.0,20,200,5,1.0,predictive,P1+P2 (protect),0.013625841381159232,15,100.0,True,True,False,7.541993877414502e-09,1.107121753813442e-08,52.193236770270445,9.99999988928783,3.896846661679959,0.2661009553101564,5.837052493722055,49.99999944643911,1.0438647469622628,0.4999999944643915,4.738930440267009,4.946802424901087,0.6740121790050921,2.4856799312660356,2.6610095531015636,0.4639025306206435,2.661009553101578,0.8,self,,0.0,2.2651596069335938,ok
C5,0.5,0.6,2.0,10.0,20,200,5,1.0,predictive,P1+P2 (protect),0.013625841381159232,15,300.0,True,True,False,7.654885574470427e-09,1.1236936120682008e-08,52.27400049142096,9.999999887630599,2.8333676526380684,0.4373423890957536,6.729290070635578,49.999999438153154,1.0454800215764124,0.49999999438153,4.56340569122689,4.770949480525813,0.8095370495961174,4.094962312639596,4.373423890957536,0.6370690245478036,4.373423890957548,0.8,self,,0.0,2.472489356994629,ok
C5,0.5,0.6,2.0,10.0,20,200,5,1.0,predictive,P1+P2 (protect),0.013625841381159232,15,1000.0,True,True,False,7.807892630023854e-09,1.1461541765165758e-08,52.462899955127746,9.99999988538457,2.063686338482464,0.5876918004541699,7.348621975678796,49.99999942692285,1.0492580111286707,0.4999999942692285,4.446303193767231,4.665319245967261,0.8843755272455671,5.250756302689742,5.876918004541699,0.9421184440460043,5.876918004541723,0.8,self,,0.0,2.2369956970214844,ok
C5,0.5,0.6,2.0,10.0,20,200,5,1.0,predictive,P1+P2 (protect),0.013625841381159232,20,3.0,True,True,False,6.2454357174756345e-09,9.167943995515705e-09,52.04025145012272,9.99999990832057,9.858513359017032,0.022387396208237615,0.11909933645416082,49.999999541602755,1.0408050385444976,0.49999999541602846,5.992179490390675,6.2366906054616145,0.19085243291904014,0.23819867290833316,0.22387396208237614,0.014335317042410858,0.22387396208237612,0.8,self,,0.0,7.101269960403442,ok
C5,0.5,0.6,2.0,10.0,20,200,5,1.0,predictive,P1+P2 (protect),0.013625841381159232,20,10.0,True,True,False,6.245869081360454e-09,9.168580149017682e-09,52.040270145777356,9.999999908314194,9.552785542454151,0.0710539616561986,0.37616058757545545,49.999999541571,1.0408054124582549,0.4999999954157097,5.941508618982615,6.183954328804477,0.42639540814001603,0.7523211751509001,0.7105396165619859,0.04181824166982574,0.7105396165619858,0.8,self,,0.0,7.3718953132629395,ok
C5,0.5,0.6,2.0,10.0,20,200,5,1.0,predictive,P1+P2 (protect),0.013625841381159232,20,30.0,True,True,False,6.247090058402972e-09,9.170372473779313e-09,52.04036103850802,9.99999990829629,8.825877269372635,0.18769260985901484,0.9864302124720599,49.999999541481365,1.0408072303147506,0.49999999541481455,5.821380634419265,6.058935054717841,0.6706320478880833,1.972860424944136,1.8769260985901484,0.09618230123982749,1.8769260985901515,0.8,self,,0.0,7.2431769371032715,ok
C5,0.5,0.6,2.0,10.0,20,200,5,1.0,predictive,P1+P2 (protect),0.013625841381159232,20,100.0,True,True,False,6.252012099030707e-09,9.17759774911151e-09,52.0452727394495,9.999999908224028,7.2564115279090675,0.442387549052051,2.3012010148148523,49.9999995411201,1.040905464342002,0.49999999541120144,5.563088199944611,5.790648905938856,0.8539382677404396,4.6024020296296815,4.42387549052051,0.19544187720024103,4.423875490520528,0.8,self,,0.0,7.212128400802612,ok
C5,0.5,0.6,2.0,10.0,20,200,5,1.0,predictive,P1+P2 (protect),0.013625841381159232,20,300.0,True,True,False,6.27268504614364e-09,9.207944458217824e-09,52.0960740875372,9.999999907920555,5.546813396913716,0.7297031206311894,3.723483574534539,49.999999539602754,1.0419214913446997,0.4999999953960278,5.285448285257857,5.507022159801152,0.935549359857997,7.446967149069082,7.297031206311893,0.34696857562766253,7.297031206311923,0.8,self,,0.0,7.341910123825073,ok
C5,0.5,0.6,2.0,10.0,20,200,5,1.0,predictive,P1+P2 (protect),0.013625841381159232,20,1000.0,True,True,False,6.334949806389457e-09,9.299345580569189e-09,52.257202346571155,9.99999990700653,4.277761643198097,0.9665060926485306,4.755732357146842,49.99999953503269,1.0451440566505794,0.49999999535032646,5.088198619316081,5.317900546035887,0.9736585134425664,9.511464714293687,9.665060926485307,0.6363318641265253,9.665060926485305,0.8,self,,0.0,7.233091354370117,ok
C5,0.5,0.6,2.0,10.0,20,200,5,1.0,predictive,NoCancel,0.03556558820077846,0,1.0,False,False,True,6.9078488654673985e-09,1.0140328773370496e-08,52.11146754538528,9.999999898596721,6.721141333495946,0.023904134490634797,3.2549546334166974,49.999999492983626,1.0422293614762526,0.49999999492983604,5.284996269500867,5.508178287366266,0.0,0.0,0.23904134490634799,0.0,0.23904134490634737,0.8,self,,0.0,11.922691345214844,ok
C5,0.5,0.6,2.0,10.0,20,200,5,1.0,predictive,P2 only,0.03556558820077846,0,3.0,False,False,False,7.502697654995653e-09,1.1013532921725394e-08,52.24926507595821,9.999999889864673,5.146367918142327,0.04026807572580571,4.813364116267194,49.99999944932331,1.0449853130281452,0.4999999944932337,4.9358987956205995,5.157941748016837,0.0,0.0,0.4026807572580571,0.45278721512204456,0.4026807572580581,0.8,self,,0.0,0.9242367744445801,ok
C5,0.5,0.6,2.0,10.0,20,200,5,1.0,predictive,P2 only,0.03556558820077846,0,10.0,False,False,False,7.86787535046605e-09,1.1549592983614376e-08,52.46288665651272,9.999999884504048,3.5550317868727848,0.08253039945856991,6.362437929164598,49.999999422520325,1.0492577452487548,0.49999999422520236,4.592802246901322,4.819033329957096,0.0,0.0,0.825303994585699,0.8132410740423243,0.8253039945857011,0.8,self,,0.0,1.0191771984100342,ok
C5,0.5,0.6,2.0,10.0,20,200,5,1.0,predictive,P2 only,0.03556558820077846,0,30.0,False,False,False,8.236100436377885e-09,1.209012644117997e-08,52.78322001621759,9.99999987909874,2.1747711747553224,0.14613053474645185,7.679098411399487,49.999999395493674,1.0556644130874682,0.499999993954937,4.305344392768219,4.5449988615310835,0.0,0.0,1.4613053474645186,1.2714765774798265,1.4613053474645172,0.8,self,,0.0,1.0131874084472656,ok
C5,0.5,0.6,2.0,10.0,20,200,5,1.0,predictive,P2 only,0.03556558820077846,0,100.0,False,False,False,8.63230332189467e-09,1.2671729715363554e-08,53.20852026976472,9.99999987328267,1.1243131679346432,0.2306887266672761,8.64499823211541,49.99999936641345,1.0641704188801757,0.4999999936641335,4.1001658587372205,4.363275219370584,0.0,0.0,2.306887266672761,1.8303864002836372,2.306887266672763,0.8,self,,0.0,1.1037659645080566,ok
C5,0.5,0.6,2.0,10.0,20,200,5,1.0,predictive,P2 only,0.03556558820077846,0,300.0,False,False,False,8.939992863099424e-09,1.3123400440466754e-08,53.57239826717474,9.999999868765999,0.6256555083769194,0.30307486062755357,9.071269762229528,49.99999934382993,1.0714479794045368,0.49999999343829993,4.01489041158112,4.30174621901924,0.0,0.0,3.0307486062755356,2.321727035192357,3.0307486062755444,0.8,self,,0.0,0.9867000579833984,ok
C5,0.5,0.6,2.0,10.0,20,200,5,1.0,predictive,P2 only,0.03556558820077846,0,1000.0,False,False,False,9.16959026878944e-09,1.3460436357578538e-08,53.85255988245325,9.999999865395647,0.38928241612625275,0.358816746688981,9.251900971789118,49.99999932697809,1.0770512121466462,0.4999999932697824,3.9825253115006674,4.289383714156494,0.0,0.0,3.58816746688981,2.72634252597552,3.5881674668898174,0.8,self,,0.0,0.9625213146209717,ok
C5,0.5,0.6,2.0,10.0,20,200,5,1.0,predictive,P1 only,0.03556558820077846,5,1.0,False,False,False,7.246422819593028e-09,1.0637336057021016e-08,52.15805029343652,9.999999893626628,6.283591511136694,0.02234796281069949,3.6940606324259795,49.99999946813327,1.0431610169651833,0.4999999946813314,5.185705188877611,5.409525498511196,4.249633121255771e-10,4.318259769566417e-10,0.2234796281069949,0.2730638805723841,0.22347962810699512,0.8,self,,0.0,0.991321325302124,ok
C5,0.5,0.6,2.0,10.0,20,200,5,1.0,predictive,P1 only,0.03556558820077846,10,1.0,False,False,False,7.2463766139386676e-09,1.0637268229751563e-08,52.1579729745984,9.999999893627326,6.283753794723225,0.022348539981820514,3.693897771667629,49.999999468136636,1.043159470588334,0.4999999946813663,5.185742015112389,5.40955589509232,0.00023474250154302683,0.0002534477303963983,0.22348539981820514,0.27304952624164314,0.22348539981820548,0.8,self,,0.0,1.7609117031097412,ok
C5,0.5,0.6,2.0,10.0,20,200,5,1.0,predictive,P1 only,0.03556558820077846,15,1.0,False,False,False,7.1882036572626515e-09,1.0551873641980692e-08,52.13031984320717,9.999999894481256,6.517000641867145,0.023178096113285574,3.4598213675383134,49.999999472406266,1.0426064078655954,0.4999999947240628,5.2386716017012604,5.461872580637256,0.08981933465910011,0.10542839669630574,0.23178096113285573,0.259793429999721,0.23178096113285604,0.8,self,,0.0,7.105858564376831,ok
C5,0.5,0.6,2.0,10.0,20,200,5,1.0,predictive,P1 only,0.03556558820077846,20,1.0,False,False,False,6.358526773235923e-09,9.333955224633713e-09,52.0447242157248,9.99999990666045,9.510418551781157,0.033824362982969244,0.4557571785754231,49.99999953330219,1.0408944940301597,0.49999999533302253,5.917953549159741,6.1599652652466155,0.4243183400344805,0.5615741986238836,0.33824362982969247,0.24158636567509778,0.33824362982969225,0.8,self,,0.0,36.145899534225464,ok
C5,0.5,0.6,2.0,10.0,20,200,5,1.0,predictive,P1 only (protect),0.03556558820077846,5,1.0,True,True,False,7.2464228195733e-09,1.0637336056992057e-08,52.158050293360446,9.99999989362664,6.283591511160138,0.0223479627994287,3.694060632413793,49.999999468133176,1.0431610169636636,0.499999994681332,5.185705188878666,5.409525498504417,3.937559430443897e-10,4.0018283717945297e-10,0.223479627994287,0.27306388044756225,0.22347962799428725,0.8,self,,0.0,0.9945952892303467,ok
C5,0.5,0.6,2.0,10.0,20,200,5,1.0,predictive,P1 only (protect),0.03556558820077846,10,1.0,True,True,False,7.246353868677631e-09,1.0637234841003573e-08,52.15793629405373,9.999999893627663,6.28383043993675,0.0223410791701329,3.693828587265454,49.999999468138284,1.0431587369773985,0.4999999946813832,5.185756500236966,5.409567201059528,0.00015893700652785424,0.0001712768869417547,0.223410791701329,0.27292450111844113,0.2234107917013291,0.8,self,,0.0,1.2278716564178467,ok
C5,0.5,0.6,2.0,10.0,20,200,5,1.0,predictive,P1 only (protect),0.03556558820077846,15,1.0,True,True,False,7.1731339653626536e-09,1.0529752192408554e-08,52.12468454311198,9.999999894702478,6.575221261273545,0.02032315458117628,3.404455689442801,49.99999947351239,1.04249370183944,0.4999999947351239,5.2507320739578445,5.4738551171473935,0.042385021743811,0.04842414722040629,0.2032315458117628,0.20892235884883362,0.20323154581176284,0.8,self,,0.0,2.4105923175811768,ok
C5,0.5,0.6,2.0,10.0,20,200,5,1.0,predictive,P1 only (protect),0.03556558820077846,20,1.0,True,True,False,6.2454114426587285e-09,9.167908361466986e-09,52.04025042013645,9.999999908320905,9.876516087633272,0.019533088972899782,0.10395091507292342,49.9999995416046,1.0408050179447337,0.4999999954160453,5.9951675274995395,6.239800446040843,0.1708406336361653,0.2079018301458097,0.19533088972899781,0.012580152139347772,0.1953308897289978,0.8,self,,0.0,7.360062837600708,ok
C5,0.5,0.6,2.0,10.0,20,200,5,1.0,predictive,P1+P2,0.03556558820077846,5,3.0,False,False,False,7.502697566985684e-09,1.1013532792531774e-08,52.249264742365504,9.999999889864675,5.146368035814101,0.040268076535932375,4.813363997785292,49.99999944932337,1.04498530635629,0.49999999449323373,4.935898822470532,5.157941743143019,1.1378923937819687e-06,1.1911185799760304e-06,0.40268076535932373,0.45278723706956453,0.40268076535932407,0.8,self,,0.0,1.13565993309021,ok
C5,0.5,0.6,2.0,10.0,20,200,5,1.0,predictive,P1+P2,0.03556558820077846,5,10.0,False,False,False,7.867830463844723e-09,1.154952709261031e-08,52.4627205820596,9.9999998845047,3.555089150139479,0.08253142576677044,6.3623795395890514,49.99999942252372,1.0492544237595829,0.499999994225235,4.592815573237532,4.819032057731385,0.000531718602645428,0.0006032905526166523,0.8253142576677044,0.8132502968957309,0.8253142576677047,0.8,self,,0.0,1.0617892742156982,ok
C5,0.5,0.6,2.0,10.0,20,200,5,1.0,predictive,P1+P2,0.03556558820077846,5,30.0,False,False,False,8.235160952125277e-09,1.2088747331795465e-08,52.779790048612504,9.999999879112538,2.1757629267443264,0.1461751219685078,7.678062072174628,49.99999939556259,1.055595813733082,0.4999999939556269,4.30558488402485,4.54495737924907,0.010223454814325142,0.013088773699353764,1.461751219685078,1.2716527685784071,1.461751219685082,0.8,self,,0.0,1.006115436553955,ok
C5,0.5,0.6,2.0,10.0,20,200,5,1.0,predictive,P1+P2,0.03556558820077846,5,100.0,False,False,False,8.628703386609655e-09,1.2666445215361246e-08,53.195593575862155,9.999999873335529,1.1269362309433544,0.23098335799950842,8.642080537721608,49.999999366677734,1.0639118849932248,0.49999999366677644,4.100868365783397,4.362962593149699,0.03805716344030078,0.05447546312142614,2.309833579995084,1.8311218030991436,2.3098335799950886,0.8,self,,0.0,1.078176736831665,ok
C5,0.5,0.6,2.0,10.0,20,200,5,1.0,predictive,P1+P2,0.03556558820077846,5,300.0,False,False,False,8.934655231448735e-09,1.3115565101151796e-08,53.55361081835023,9.999999868844377,0.6283690456944707,0.3036597675921064,9.067971317869045,49.9999993442216,1.0710722304147253,0.49999999344221885,4.015722466387513,4.301128818800195,0.05789114892375847,0.0871941345981788,3.036597675921064,2.322844693487272,3.0365976759210707,0.8,self,,0.0,1.1059443950653076,ok
C5,0.5,0.6,2.0,10.0,20,200,5,1.0,predictive,P1+P2,0.03556558820077846,5,1000.0,False,False,False,9.163526486097421e-09,1.3451535069885248e-08,53.831604041937574,9.999999865484602,0.391609853668221,0.35959522837934327,9.248795052467834,49.9999993274233,1.0766320953211046,0.4999999932742301,3.9833430470602726,4.288594971139255,0.06791472008294598,0.10453861826076676,3.595952283793433,2.7275600992872295,3.5959522837934332,0.8,self,,0.0,0.9894609451293945,ok
C5,0.5,0.6,2.0,10.0,20,200,5,1.0,predictive,P1+P2,0.03556558820077846,10,3.0,False,False,False,7.501042311657376e-09,1.1011102971967173e-08,52.24641947194851,9.999999889888993,5.152003449118508,0.04030826328312683,4.807688397709372,49.99999944944485,1.0449284009447846,0.49999999449444965,4.9371852135094,5.159005050320612,0.007611054493422885,0.009281234550613977,0.40308263283126833,0.45218825229357057,0.4030826328312677,0.8,self,,0.0,1.6850156784057617,ok
C5,0.5,0.6,2.0,10.0,20,200,5,1.0,predictive,P1+P2,0.03556558820077846,10,10.0,False,False,False,7.844878481532688e-09,1.1515834889561597e-08,52.420258621321416,9.999999884841646,3.621706254060227,0.08378662602934724,6.29450723506878,49.9999994242083,1.0484051844996884,0.4999999942420823,4.608315522798215,4.83138188591204,0.08885690976689087,0.14249250975487748,0.8378662602934723,0.8044435169680572,0.8378662602934739,0.8,self,,0.0,1.7134993076324463,ok
C5,0.5,0.6,2.0,10.0,20,200,5,1.0,predictive,P1+P2,0.03556558820077846,10,30.0,False,False,False,8.155168106925469e-09,1.1971322390183492e-08,52.62050822539067,9.999999880286788,2.345241808127017,0.15410954977546135,7.500648761810734,49.99999940143382,1.0524101771065564,0.4999999940143394,4.346800472526562,4.574617055138542,0.2600138406666656,0.5715143335642243,1.5410954977546134,1.2421479165847629,1.5410954977546119,0.8,self,,0.0,1.7989227771759033,ok
C5,0.5,0.6,2.0,10.0,20,200,5,1.0,predictive,P1+P2,0.03556558820077846,10,100.0,False,False,False,8.47995279032772e-09,1.2448087810530729e-08,52.888619747750134,9.999999875519114,1.3233281016173295,0.2525317795394274,8.424140243324128,49.99999937759549,1.057772408122249,0.4999999937759557,4.15327379145656,4.3932184199800295,0.42804719490865684,1.2003708545728957,2.5253177953942743,1.781789483253444,2.525317795394273,0.8,self,,0.0,1.6142704486846924,ok
C5,0.5,0.6,2.0,10.0,20,200,5,1.0,predictive,P1+P2,0.03556558820077846,10,300.0,False,False,False,8.749086710616152e-09,1.284316107965898e-08,53.17097993497675,9.999999871568349,0.7964242287954121,0.3354218858409021,8.868154013795337,49.99999935784186,1.0634196123572062,0.49999999357841746,4.0655756212762295,4.323412851186475,0.51214743092817,1.5869036854936094,3.354218858409021,2.265388355512267,3.3542188584090287,0.8,self,,0.0,1.8030133247375488,ok
C5,0.5,0.6,2.0,10.0,20,200,5,1.0,predictive,P1+P2,0.03556558820077846,10,1000.0,False,False,False,8.961416451368572e-09,1.3154849047942749e-08,53.419226248166886,9.999999868451525,0.5346432613385909,0.39702394206371094,9.068332928146173,49.999999342257475,1.0683845390177766,0.4999999934225762,4.029682116316368,4.305250070228841,0.5514553967180407,1.7779771990553614,3.9702394206371094,2.6658477658217823,3.970239420637105,0.8,self,,0.0,1.7334022521972656,ok
C5,0.5,0.6,2.0,10.0,20,200,5,1.0,predictive,P1+P2,0.03556558820077846,15,3.0,False,False,False,7.342496142172774e-09,1.0778366223492846e-08,52.15860167347328,9.999999892216318,5.776821797928063,0.04473079431156707,4.178447515544052,49.999999461081664,1.0431720447131565,0.4999999946108159,5.0797995192717496,5.29910485125162,0.2478553917337287,0.3530053819072783,0.4473079431156707,0.41078977190441,0.44730794311567046,0.8,self,,0.0,7.043783187866211,ok
C5,0.5,0.6,2.0,10.0,20,200,5,1.0,predictive,P1+P2,0.03556558820077846,15,10.0,False,False,False,7.505935654531204e-09,1.1018286120440677e-08,52.19443716465115,9.99999988981716,4.8217820581367095,0.10615778323661632,5.072060268809515,49.999999449085685,1.043888754794888,0.49999999449085797,4.887449332845702,5.101953398187407,0.5223319529732374,1.1155303530844203,1.061577832366163,0.705932812428213,1.0615778323661664,0.8,self,,0.0,6.977421760559082,ok
C5,0.5,0.6,2.0,10.0,20,200,5,1.0,predictive,P1+P2,0.03556558820077846,15,30.0,False,False,False,7.654746128581175e-09,1.1236731422232359e-08,52.23840826889552,9.999999887632685,3.741230588533174,0.2185218757619117,6.04024764807223,49.999999438163464,1.044768177117689,0.4999999943816342,4.6859365386071214,4.895717375529736,0.7278468349524193,2.445252820108749,2.185218757619117,1.0830500208946054,2.185218757619121,0.8,self,,0.0,7.244812965393066,ok
C5,0.5,0.6,2.0,10.0,20,200,5,1.0,predictive,P1+P2,0.03556558820077846,15,100.0,False,False,False,7.83681595904095e-09,1.1503999565283203e-08,52.34342001708829,9.999999884960017,2.5281215290686556,0.37915338894717365,7.092725197024153,49.99999942479997,1.0468684123849408,0.49999999424800085,4.472667927423165,4.682294772306532,0.8477673873540889,4.146540526300668,3.7915338894717365,1.5564173649599522,3.7915338894717325,0.8,self,,0.0,7.016178369522095,ok
C5,0.5,0.6,2.0,10.0,20,200,5,1.0,predictive,P1+P2,0.03556558820077846,15,300.0,False,False,False,8.01729001526054e-09,1.1768925202654367e-08,52.52615042425325,9.99999988231074,1.783227114046926,0.5041172042992322,7.712655799343101,49.999999411553766,1.0505230208485914,0.499999994115537,4.351612580427235,4.5714691935531535,0.8968490731753544,5.1984252754239115,5.041172042992322,2.0047040617688303,5.041172042992309,0.8,self,,0.0,7.73321008682251,ok
C5,0.5,0.6,2.0,10.0,20,200,5,1.0,predictive,P1+P2,0.03556558820077846,15,1000.0,False,False,False,8.179634468973337e-09,1.2007237615958356e-08,52.726305020949404,9.999999879927596,1.3919990041285608,0.5883197634361895,8.019681352507654,49.999999399638135,1.0545261130809334,0.49999999399637984,4.29501469085527,4.529205147573115,0.9196587601102263,5.726005035850703,5.8831976343618955,2.3931359588943018,5.883197634361883,0.8,self,,0.0,7.23689866065979,ok
C5,0.5,0.6,2.0,10.0,20,200,5,1.0,predictive,P1+P2,0.03556558820077846,20,3.0,False,False,False,6.387667774856856e-09,9.376732555401493e-09,52.04604491417395,9.999999906232675,9.15811536540053,0.0685555889635687,0.7733291394032253,49.99999953116333,1.0409209080439168,0.49999999531163375,5.851536424133858,6.09098660806147,0.6210040830958189,1.0638375516924221,0.685555889635687,0.4019869552321453,0.685555889635688,0.8,self,,0.0,36.548543214797974,ok
C5,0.5,0.6,2.0,10.0,20,200,5,1.0,predictive,P1+P2,0.03556558820077846,20,10.0,False,False,False,6.449927938872044e-09,9.468126930418316e-09,52.049154938391126,9.999999905318731,8.270354644468638,0.16986600250993408,1.559779447702697,49.99999952659372,1.0409831086239814,0.4999999952659365,5.6893589475618125,5.922526563310559,0.8339692266230773,2.3827526411151565,1.6986600250993409,0.7206947918437523,1.698660025099348,0.8,self,,0.0,36.212045669555664,ok
C5,0.5,0.6,2.0,10.0,20,200,5,1.0,predictive,P1+P2,0.03556558820077846,20,30.0,False,False,False,6.534738967662502e-09,9.592624690696225e-09,52.05646932310807,9.999999904073764,6.814596696158859,0.35863145549343617,2.8267719442739407,49.99999952036878,1.0411293964493247,0.4999999952036882,5.43192945806316,5.655341438228605,0.9368189094937697,4.628534068782059,3.586314554934362,1.107637405380622,3.5863145549343627,0.8,self,,0.0,35.98799133300781,ok
C5,0.5,0.6,2.0,10.0,20,200,5,1.0,predictive,P1+P2,0.03556558820077846,20,100.0,False,False,False,6.649471435765432e-09,9.761045419989524e-09,52.10736018328976,9.999999902389538,4.934100485896854,0.6270449842391648,4.438854627474443,49.99999951194772,1.0421472138382415,0.4999999951194769,5.108630196887159,5.32394472621586,0.9761467096912226,7.576152976710617,6.270449842391647,1.5566778229315548,6.27044984239166,0.8,self,,0.0,36.39350366592407,ok
C5,0.5,0.6,2.0,10.0,20,200,5,1.0,predictive,P1+P2,0.03556558820077846,20,300.0,False,False,False,6.769264930576764e-09,9.93689544845687e-09,52.24865162919251,9.999999900631032,3.7277352722216452,0.8234502477779647,5.448814579369358,49.9999995031552,1.0449730429676385,0.49999999503155157,4.910333131388751,5.131165754292116,0.987873974196966,9.440260289808487,8.234502477779648,1.980286854488838,8.234502477779678,0.8,self,,0.0,36.252493143081665,ok
C5,0.5,0.6,2.0,10.0,20,200,5,1.0,predictive,P1+P2,0.03556558820077846,20,1000.0,False,False,False,6.885444539647572e-09,1.0107440498571992e-08,52.42887650805444,9.999999898925603,3.0978081103558135,0.9452138396923392,5.956978151026243,49.999999494628064,1.048577540759522,0.49999999494628017,4.8140097974445215,5.0478625545966205,0.9929464321913605,10.37696609294775,9.452138396923392,2.365219208035594,9.452138396923392,0.8,self,,0.0,36.505247354507446,ok
C5,0.5,0.6,2.0,10.0,20,200,5,1.0,predictive,P1+P2 (protect),0.03556558820077846,5,3.0,True,True,False,7.502697537004342e-09,1.1013532748520868e-08,52.24926462999633,9.99999988986465,5.1463680756734975,0.040268066882752876,4.813363967579099,49.99999944932331,1.0449853041089077,0.4999999944932325,4.935898827832921,5.157941737653786,1.0886884307158377e-06,1.1400927520581923e-06,0.40268066882752873,0.4527869453493541,0.40268066882752945,0.8,self,,0.0,1.1028892993927002,ok
C5,0.5,0.6,2.0,10.0,20,200,5,1.0,predictive,P1+P2 (protect),0.03556558820077846,5,10.0,True,True,False,7.867819396555306e-09,1.1549510846459665e-08,52.46268049170212,9.999999884504884,3.5551043806640514,0.08253012294362998,6.362365611887434,49.9999994225245,1.0492536219524076,0.4999999942252442,4.592818519225735,4.819031466267695,0.0005158113677779216,0.0005857790093062148,0.8253012294362998,0.8131152319952909,0.8253012294363005,0.8,self,,0.0,1.0239017009735107,ok
C5,0.5,0.6,2.0,10.0,20,200,5,1.0,predictive,P1+P2 (protect),0.03556558820077846,5,30.0,True,True,False,8.23495343403695e-09,1.2088442707058785e-08,52.77906054002236,9.99999987911555,2.1760215279056934,0.1461734612761895,7.677805131702566,49.99999939557786,1.0555812235607804,0.49999999395577754,4.305642596957676,4.544955480712,0.010013831786474496,0.012836886923841865,1.4617346127618949,1.2689055125021478,1.461734612761895,0.8,self,,0.0,1.0772638320922852,ok
C5,0.5,0.6,2.0,10.0,20,200,5,1.0,predictive,P1+P2 (protect),0.03556558820077846,5,100.0,True,True,False,8.62792032752975e-09,1.2665295729222759e-08,53.19293294977113,9.999999873347011,1.1277029805201282,0.23104254165170687,8.641254604481153,49.99999936673507,1.0638586724695103,0.4999999936673506,4.101063587160793,4.362952063549929,0.03763237732860599,0.05392708231349279,2.310425416517069,1.8201362312197549,2.310425416517068,0.8,self,,0.0,1.012451410293579,ok
C5,0.5,0.6,2.0,10.0,20,200,5,1.0,predictive,P1+P2 (protect),0.03556558820077846,5,300.0,True,True,False,8.933471404051626e-09,1.3113827309945186e-08,53.549713560841646,9.999999868861725,0.6292873561951459,0.3038150968849668,9.066897678058163,49.99999934430868,1.070994285261666,0.4999999934430862,4.015988026930791,4.301100226522151,0.05756750062155291,0.08677122015282739,3.038150968849668,2.305419865635858,3.0381509688496546,0.8,self,,0.0,0.9572482109069824,ok
C5,0.5,0.6,2.0,10.0,20,200,5,1.0,predictive,P1+P2 (protect),0.03556558820077846,5,1000.0,True,True,False,9.162156678576588e-09,1.3449524270447562e-08,53.82721164344029,9.999999865504744,0.39250889107162823,0.3598238467962659,9.247667396627362,49.999999327523696,1.0765442473478157,0.4999999932752372,3.9836318150700003,4.288555914065347,0.06774343827592144,0.10431108543858451,3.598238467962659,2.7066649626484502,3.598238467962663,0.8,self,,0.0,1.0018360614776611,ok
C5,0.5,0.6,2.0,10.0,20,200,5,1.0,predictive,P1+P2 (protect),0.03556558820077846,10,3.0,True,True,False,7.500511173006691e-09,1.1010323290673293e-08,52.24557774285962,9.99999988989674,5.1538430040259575,0.04021480070031176,4.80594230537699,49.999999449483866,1.0449115663620059,0.499999994494837,4.937565054962887,5.159318835595574,0.006022801661898282,0.007359964327180698,0.4021480070031176,0.4484615937425064,0.4021480070031179,0.8,self,,0.0,1.2099096775054932,ok
C5,0.5,0.6,2.0,10.0,20,200,5,1.0,predictive,P1+P2 (protect),0.03556558820077846,10,10.0,True,True,False,7.838791991583995e-09,1.1506900268908049e-08,52.410710896011224,9.999999884930995,3.6410164780551084,0.0835818596019791,6.275401777411917,49.99999942465498,1.0482142299819213,0.49999999424654973,4.6125946895610035,4.834987390736886,0.07663910114585248,0.1237090119696001,0.835818596019791,0.7560860012518318,0.8358185960197922,0.8,self,,0.0,1.3199288845062256,ok
C5,0.5,0.6,2.0,10.0,20,200,5,1.0,predictive,P1+P2 (protect),0.03556558820077846,10,30.0,True,True,False,8.13399957838065e-09,1.1940248195708074e-08,52.58718208319611,9.999999880597496,2.398383165711035,0.15559066304298427,7.446026290648485,49.99999940298764,1.0517436542220016,0.49999999402987483,4.359345394184369,4.58491385489532,0.23784938673071804,0.5272622421869109,1.5559066304298428,1.0706042609806554,1.555906630429841,0.8,self,,0.0,1.1364336013793945,ok
C5,0.5,0.6,2.0,10.0,20,200,5,1.0,predictive,P1+P2 (protect),0.03556558820077846,10,100.0,True,True,False,8.438094022270474e-09,1.2386641522644692e-08,52.82276437546562,9.999999876133593,1.3960605560355557,0.25913514224564344,8.344804425585208,49.99999938066778,1.0564553005952484,0.49999999380667964,4.172164092925175,4.4077048709239675,0.4104136952015667,1.1593519270863755,2.5913514224564342,1.4454355561274204,2.59135142245643,0.8,self,,0.0,1.314650535583496,ok
C5,0.5,0.6,2.0,10.0,20,200,5,1.0,predictive,P1+P2 (protect),0.03556558820077846,10,300.0,True,True,False,8.694703327215429e-09,1.2763329369656448e-08,53.08686586783003,9.999999872366706,0.8677152710130591,0.3467246771549721,8.785560179465262,49.99999936183347,1.0617373309079052,0.4999999936183353,4.0859076486864545,4.3381606812525515,0.5030737741301786,1.566171458823568,3.4672467715497213,1.8287248453888618,3.4672467715497284,0.8,self,,0.0,1.2609443664550781,ok
C5,0.5,0.6,2.0,10.0,20,200,5,1.0,predictive,P1+P2 (protect),0.03556558820077846,10,1000.0,True,True,False,8.901054521378288e-09,1.3066241171992555e-08,53.32796438709167,9.999999869337582,0.6015047853288054,0.41124799404156026,8.987247351292053,49.999999346688014,1.0665593016777528,0.4999999934668791,4.050113233186044,4.319685941702733,0.5484355534248577,1.7718821822617161,4.112479940415603,2.1781258602013995,4.1124799404155965,0.8,self,,0.0,1.239414930343628,ok
C5,0.5,0.6,2.0,10.0,20,200,5,1.0,predictive,P1+P2 (protect),0.03556558820077846,15,3.0,True,True,False,7.3091179169132626e-09,1.0729368889521001e-08,52.14601466540614,9.99999989270633,5.911082348004221,0.04092360385406849,4.047994155435381,49.999999463531594,1.0429203044979987,0.49999999463531647,5.108655660958354,5.327920717502112,0.1591966379675631,0.22327170516152578,0.4092360385406849,0.2690058170701562,0.4092360385406852,0.8,self,,0.0,2.2707414627075195,ok
C5,0.5,0.6,2.0,10.0,20,200,5,1.0,predictive,P1+P2 (protect),0.03556558820077846,15,10.0,True,True,False,7.4327819223047865e-09,1.0910900607241836e-08,52.16607346447223,9.999999890890967,5.0992297178528485,0.10527706090370272,4.795493330352482,49.99999945445499,1.043321480673021,0.49999999454454835,4.949707061926748,5.164135700747124,0.40544882868578974,0.8603859083086008,1.0527706090370272,0.3466003028516733,1.0527706090370312,0.8,self,,0.0,2.3257524967193604,ok
C5,0.5,0.6,2.0,10.0,20,200,5,1.0,predictive,P1+P2 (protect),0.03556558820077846,15,30.0,True,True,False,7.526822296906415e-09,1.1048946521904902e-08,52.18621353160459,9.999999889510526,4.137376821108213,0.23027820811368396,5.632345081267576,49.99999944755273,1.0437242821641444,0.49999999447552634,4.77972252146491,4.988712457659758,0.6332329969838396,2.126902494343283,2.3027820811368396,0.43933375748226794,2.3027820811368303,0.8,self,,0.0,2.4488065242767334,ok
C5,0.5,0.6,2.0,10.0,20,200,5,1.0,predictive,P1+P2 (protect),0.03556558820077846,15,100.0,True,True,False,7.643218891404685e-09,1.1219810094301145e-08,52.25891660222521,9.999999887801902,2.952362268822538,0.4164824806940838,6.631155362681476,49.99999943900948,1.0451783437712072,0.4999999943900951,4.582406540406259,4.789432078388161,0.796688899583734,3.9107273902420054,4.164824806940838,0.6101961850795168,4.164824806940855,0.8,self,,0.0,2.3008077144622803,ok
C5,0.5,0.6,2.0,10.0,20,200,5,1.0,predictive,P1+P2 (protect),0.03556558820077846,15,300.0,True,True,False,7.779638604132346e-09,1.1420066464085216e-08,52.42040634873794,9.99999988579934,2.1787028380189057,0.562510476399462,7.258786799782293,49.999999428996745,1.048408138947648,0.499999994289967,4.462781861802514,4.678816826261694,0.8737223720173061,5.080062355565705,5.625104763994619,0.8763632052882318,5.625104763994621,0.8,self,,0.0,2.3303048610687256,ok
C5,0.5,0.6,2.0,10.0,20,200,5,1.0,predictive,P1+P2 (protect),0.03556558820077846,15,1000.0,True,True,False,7.918082631907516e-09,1.1623294413115866e-08,52.612091257063376,9.99999988376703,1.7626765526134323,0.6592150428547103,7.578108520764828,49.99999941883514,1.0522418373717872,0.4999999941883515,4.405290306262201,4.635430766017462,0.9117326781323406,5.681763771565742,6.592150428547104,1.170056776379827,6.592150428547124,0.8,self,,0.0,2.276581287384033,ok
C5,0.5,0.6,2.0,10.0,20,200,5,1.0,predictive,P1+P2 (protect),0.03556558820077846,20,3.0,True,True,False,6.245735266398638e-09,9.168383716274762e-09,52.04026429780575,9.999999908316166,9.64416530313687,0.05647431289735682,0.2993604756496069,49.9999995415808,1.0408052954986176,0.4999999954158083,5.9566411400959,6.199703641996735,0.37139011827446233,0.5987209512992318,0.5647431289735682,0.03400616312009464,0.564743128973569,0.8,self,,0.0,7.287346363067627,ok
C5,0.5,0.6,2.0,10.0,20,200,5,1.0,predictive,P1+P2 (protect),0.03556558820077846,20,10.0,True,True,False,6.246852384428644e-09,9.170023581920905e-09,52.04033117202585,9.999999908299761,8.953264076061027,0.16718572596204564,0.8795502896771659,49.99999954149881,1.0408066329847387,0.4999999954149881,5.842407391160209,6.080816365318609,0.6423560574560138,1.7591005793543115,1.6718572596204564,0.08740694367371339,1.6718572596204546,0.8,self,,0.0,7.431957244873047,ok
C5,0.5,0.6,2.0,10.0,20,200,5,1.0,predictive,P1+P2 (protect),0.03556558820077846,20,30.0,True,True,False,6.25030648881117e-09,9.175094010441673e-09,52.04265137054237,9.999999908249064,7.633107724907199,0.38084028406156617,1.9860520827821704,49.99999954124525,1.040853036960773,0.4999999954124532,5.624925800951316,5.854721102599186,0.8258191233890149,3.972104165564336,3.8084028406156616,0.17163573852446964,3.8084028406156656,0.8,self,,0.0,7.155810117721558,ok
C5,0.5,0.6,2.0,10.0,20,200,5,1.0,predictive,P1+P2 (protect),0.03556558820077846,20,100.0,True,True,False,6.268346282179725e-09,9.201575399793978e-09,52.08453770596663,9.999999907984233,5.745633034584135,0.6951836825711882,3.559183374860443,49.99999953992127,1.0416907637045278,0.49999999539921164,5.317320991382792,5.539004164375658,0.9284332418007053,7.118366749720834,6.951836825711882,0.32203523590129474,6.951836825711894,0.8,self,,0.0,7.350562572479248,ok
C5,0.5,0.6,2.0,10.0,20,200,5,1.0,predictive,P1+P2 (protect),0.03556558820077846,20,300.0,True,True,False,6.319407182135724e-09,9.27652989324175e-09,52.21847535803239,9.999999907234683,4.4685579589423,0.9282460916704133,4.603196042152604,49.999999536173526,1.0443695168487725,0.4999999953617341,5.116854983510214,5.343887366913796,0.9685131311141677,9.206392084305165,9.282460916704133,0.5705916302930609,9.282460916704165,0.8,self,,0.0,7.3360044956207275,ok
C5,0.5,0.6,2.0,10.0,20,200,5,1.0,predictive,P1+P2 (protect),0.03556558820077846,20,1000.0,True,True,False,6.3950060080925385e-09,9.387504664765734e-09,52.39671482933175,9.999999906124954,3.7895504861317626,1.071099823091143,5.13934978465214,49.999999530624734,1.0479343064241238,0.49999999530624767,5.01738919125616,5.257894262198919,0.9863983140586138,10.278699569304267,10.71099823091143,0.8658459849382234,10.710998230911436,0.8,self,,0.0,7.063006401062012,ok
C5,0.5,0.6,2.0,10.0,20,200,5,1.0,predictive,NoCancel,0.0928317766722556,0,1.0,False,False,True,7.1696090660881155e-09,1.0524577841764099e-08,52.19261691021213,9.999999894754223,5.357705242450738,0.04973652965429603,4.592558333140742,49.999999473770956,1.043852349190351,0.4999999947377112,4.987133911083092,5.205831448810948,0.0,0.0,0.4973652965429603,0.0,0.49736529654296097,0.8,self,,0.0,11.964992046356201,ok
C5,0.5,0.6,2.0,10.0,20,200,5,1.0,predictive,P2 only,0.0928317766722556,0,3.0,False,False,False,7.858638899573638e-09,1.1536034399617116e-08,52.43722076055664,9.999999884639648,3.7306877349963243,0.07740986932229327,6.191902511041734,49.9999994231983,1.0487444273094844,0.4999999942319824,4.630502904056961,4.856214116270121,0.0,0.0,0.7740986932229327,0.7789702810876242,0.7740986932229326,0.8,self,,0.0,1.0089426040649414,ok
C5,0.5,0.6,2.0,10.0,20,200,5,1.0,predictive,P2 only,0.0928317766722556,0,10.0,False,False,False,8.223908434890063e-09,1.2072229277227714e-08,52.753061227949566,9.999999879277707,2.286452789036239,0.14011491302901571,7.5734324186570365,49.99999939638838,1.0550612372959358,0.4999999939638854,4.328276671384589,4.566596940270158,0.0,0.0,1.401149130290157,1.23572050075993,1.4011491302901542,0.8,self,,0.0,0.9617760181427002,ok
C5,0.5,0.6,2.0,10.0,20,200,5,1.0,predictive,P2 only,0.0928317766722556,0,30.0,False,False,False,8.57632282909237e-09,1.2589553539706472e-08,53.12993544607399,9.99999987410446,1.2756943750259855,0.21504317949224377,8.509262571377311,49.99999937052228,1.0625987222991242,0.499999993705223,4.128433229964651,4.386867875257685,0.0,0.0,2.150431794922438,1.7307333296990892,2.1504317949224343,0.8,self,,0.0,1.0105314254760742,ok
C5,0.5,0.6,2.0,10.0,20,200,5,1.0,predictive,P2 only,0.0928317766722556,0,100.0,False,False,False,8.920336866309989e-09,1.3094546556465624e-08,53.53566720940722,9.999999869054545,0.6632044687100052,0.2957539619096384,9.041041700325813,49.99999934527264,1.070713358208651,0.4999999934527272,4.020608495053265,4.304919223780712,0.0,0.0,2.9575396190963836,2.2724165193600476,2.9575396190963983,0.8,self,,0.0,0.9150183200836182,ok
C5,0.5,0.6,2.0,10.0,20,200,5,1.0,predictive,P2 only,0.0928317766722556,0,300.0,False,False,False,9.14629781893899e-09,1.3426244367566024e-08,53.81310800690109,9.999999865737514,0.4158768433624952,0.3509562231601574,9.233167067739833,49.99999932868774,1.0762621745881815,0.4999999932868757,3.985569295644205,4.289517477101919,0.0,0.0,3.509562231601574,2.6688705418641687,3.5095622316015698,0.8,self,,0.0,0.9987599849700928,ok
C5,0.5,0.6,2.0,10.0,20,200,5,1.0,predictive,P2 only,0.0928317766722556,0,1000.0,False,False,False,9.275486433313187e-09,1.3615885896805269e-08,53.96782978462824,9.999999863841147,0.31034538639959663,0.3817372491276186,9.307917500631637,49.9999993192056,1.0793566103889636,0.49999999319205735,3.9733357147611086,4.28864616902196,0.0,0.0,3.8173724912761857,2.9018341843691764,3.817372491276181,0.8,self,,0.0,0.9675359725952148,ok
C5,0.5,0.6,2.0,10.0,20,200,5,1.0,predictive,P1 only,0.0928317766722556,5,1.0,False,False,False,7.595452510070644e-09,1.1149691766964329e-08,52.27731297774576,9.999999888503083,4.92953205936953,0.04576172192341164,5.0247063302039745,49.999999442515424,1.0455462712124335,0.4999999944251542,4.889048728497206,5.111726667856143,8.038842852594033e-07,8.365360630968174e-07,0.45761721923411636,0.509176470562098,0.45761721923411675,0.8,self,,0.0,0.9750921726226807,ok
C5,0.5,0.6,2.0,10.0,20,200,5,1.0,predictive,P1 only,0.0928317766722556,10,1.0,False,False,False,7.593709123420868e-09,1.1147132574638427e-08,52.274334463822925,9.999999888528686,4.935338177467842,0.04581562114927522,5.018846312854197,49.999999442643436,1.0454867009306361,0.4999999944264343,4.890378784107336,5.112825981297554,0.008411667923130335,0.010077948907293965,0.4581562114927522,0.5087152781780924,0.45815621149275176,0.8,self,,0.0,1.6819417476654053,ok
C5,0.5,0.6,2.0,10.0,20,200,5,1.0,predictive,P1 only,0.0928317766722556,15,1.0,False,False,False,7.424737783522266e-09,1.0899092269652724e-08,52.176909761583,9.999999891009079,5.5903314890556555,0.05189604043158932,4.357772579503676,49.999999455045334,1.0435382066052803,0.49999999455045396,5.040423532256149,5.259874533381634,0.2901240672861262,0.4159068269145926,0.5189604043158932,0.47680550156715096,0.5189604043158945,0.8,self,,0.0,7.083860635757446,ok
C5,0.5,0.6,2.0,10.0,20,200,5,1.0,predictive,P1 only,0.0928317766722556,20,1.0,False,False,False,6.496910065553962e-09,9.537094016776219e-09,52.052059201739446,9.999999904629048,8.899412837941414,0.08261483050859818,1.0179724269209398,49.999999523145334,1.041041193963296,0.4999999952314524,5.7984622314025795,6.036438044530419,0.7000834419617986,1.2731237316807005,0.8261483050859818,0.49598250569760466,0.8261483050859825,0.8,self,,0.0,36.01878881454468,ok
C5,0.5,0.6,2.0,10.0,20,200,5,1.0,predictive,P1 only (protect),0.0928317766722556,5,1.0,True,True,False,7.595452470048782e-09,1.1149691708214516e-08,52.27731282980393,9.999999888503098,4.929532110234849,0.04576169997972285,5.024706301282331,49.99999944251551,1.0455462682535952,0.49999999442515486,4.88904873172143,5.111726656761314,7.467426346961624e-07,7.773899826757786e-07,0.4576169997972285,0.5091762297712854,0.4576169997972287,0.8,self,,0.0,1.0029563903808594,ok
C5,0.5,0.6,2.0,10.0,20,200,5,1.0,predictive,P1 only (protect),0.0928317766722556,10,1.0,True,True,False,7.592777498648278e-09,1.1145765002523007e-08,52.2728642703096,9.999999888542318,4.938370082676963,0.045522376041817234,5.016107652738903,49.999999442711704,1.0454572970586142,0.4999999944271159,4.890952491249274,5.113281971543561,0.005869278279595089,0.0070004376535858105,0.45522376041817236,0.5038666029335674,0.4552237604181726,0.8,self,,0.0,1.1856157779693604,ok
C5,0.5,0.6,2.0,10.0,20,200,5,1.0,predictive,P1 only (protect),0.0928317766722556,15,1.0,True,True,False,7.36528005410365e-09,1.0811811708661905e-08,52.15372689285537,9.999999891881892,5.811093744029254,0.04067715416150314,4.148229209927351,49.99999945940938,1.0430745491346336,0.4999999945940946,5.086006771299466,5.305084219868885,0.15171329783790902,0.20518581579052467,0.4067715416150314,0.2865863043108612,0.4067715416150318,0.8,self,,0.0,2.3353447914123535,ok
C5,0.5,0.6,2.0,10.0,20,200,5,1.0,predictive,P1 only (protect),0.0928317766722556,20,1.0,True,True,False,6.2456723530413015e-09,9.16829136304923e-09,52.0402615760886,9.999999908317093,9.688031764944393,0.04948465838447862,0.2624836683540348,49.99999954158542,1.040805241064178,0.49999999541585466,5.963908917178733,6.207267658229012,0.3412261117658343,0.5249673367080968,0.49484658384478625,0.03014527887799631,0.4948465838447865,0.8,self,,0.0,7.276793956756592,ok
C5,0.5,0.6,2.0,10.0,20,200,5,1.0,predictive,P1+P2,0.0928317766722556,5,3.0,False,False,False,7.858620855238725e-09,1.153600791156099e-08,52.437154194800584,9.999999884639923,3.7307113185381198,0.07741028735725586,6.191878509464701,49.99999942319963,1.0487430959943198,0.49999999423199615,4.630508381393876,4.85621369593066,0.0002184664498583464,0.00024245735720580274,0.7741028735725586,0.7789743441719391,0.7741028735725594,0.8,self,,0.0,0.9904880523681641,ok
C5,0.5,0.6,2.0,10.0,20,200,5,1.0,predictive,P1+P2,0.0928317766722556,5,10.0,False,False,False,8.223184109097984e-09,1.2071166008211206e-08,52.75042078001068,9.999999879288335,2.287242258133184,0.1401492757269664,7.572608586851515,49.9999993964417,1.0550084283353953,0.49999999396441674,4.328467685830402,4.566569890328478,0.007978238136454544,0.010049844202563258,1.401492757269664,1.2358633778514778,1.401492757269664,0.8,self,,0.0,1.013998031616211,ok
C5,0.5,0.6,2.0,10.0,20,200,5,1.0,predictive,P1+P2,0.0928317766722556,5,30.0,False,False,False,8.573279394846866e-09,1.2585085951540554e-08,53.11898166817315,9.999999874149124,1.2780978756978396,0.21527997599267815,8.506622274160359,49.999999370745535,1.0623796467336057,0.4999999937074562,4.1290644616392385,4.3866340440965805,0.03224198270366485,0.045340746021736586,2.1527997599267814,1.7313651715059823,2.1527997599267774,0.8,self,,0.0,1.0461750030517578,ok
C5,0.5,0.6,2.0,10.0,20,200,5,1.0,predictive,P1+P2,0.0928317766722556,5,100.0,False,False,False,8.915161041434025e-09,1.308694874028198e-08,53.517424440385774,9.99999986913052,0.6659425628091831,0.29631744379674263,9.037740124263555,49.999999345652434,1.0703485028153144,0.49999999345652596,4.021438034173389,4.304340179042049,0.05602159969692925,0.08401103860629631,2.9631744379674263,2.2735300676021954,2.96317443796743,0.8,self,,0.0,1.0473942756652832,ok
C5,0.5,0.6,2.0,10.0,20,200,5,1.0,predictive,P1+P2,0.0928317766722556,5,300.0,False,False,False,9.140332848553622e-09,1.3417488130712093e-08,53.792451439237354,9.99999986582512,0.41826332625327595,0.35171721382735777,9.230019594094244,49.999999329125565,1.0758490432199395,0.49999999329125605,3.986393774850563,4.2887579285709005,0.06657738976109975,0.10220623501097119,3.517172138273578,2.670103813238825,3.517172138273581,0.8,self,,0.0,1.0617706775665283,ok
C5,0.5,0.6,2.0,10.0,20,200,5,1.0,predictive,P1+P2,0.0928317766722556,5,1000.0,False,False,False,9.269240372875928e-09,1.360671703576173e-08,53.946441160481235,9.999999863932803,0.3124807443075497,0.38259418167747783,9.30492521008217,49.999999319664134,1.0789288378903044,0.4999999931966402,3.974139615415405,4.287813836873964,0.07103559855895239,0.10998951542340342,3.8259418167747783,2.903087205946748,3.825941816774792,0.8,self,,0.0,1.0170321464538574,ok
C5,0.5,0.6,2.0,10.0,20,200,5,1.0,predictive,P1+P2,0.0928317766722556,10,3.0,False,False,False,7.842244848575012e-09,1.1511968866299564e-08,52.40732583923152,9.999999884880292,3.779786550922683,0.07830846421980506,6.141905099977219,49.99999942440146,1.0481465288508627,0.49999999424401464,4.641916861544201,4.865409045641845,0.06772991126165971,0.10163076812155333,0.7830846421980506,0.773655810242014,0.7830846421980521,0.8,self,,0.0,1.7871758937835693,ok
C5,0.5,0.6,2.0,10.0,20,200,5,1.0,predictive,P1+P2,0.0928317766722556,10,10.0,False,False,False,8.151872002370292e-09,1.1966483896357498e-08,52.60920647972505,9.999999880335148,2.444661449236699,0.14726864025931663,7.408070030168837,49.999999401675794,1.0521841421854459,0.4999999940167574,4.366656305383515,4.594526518898622,0.24047365999354453,0.508953901318114,1.4726864025931663,1.2116065572068597,1.472686402593171,0.8,self,,0.0,1.6627931594848633,ok
C5,0.5,0.6,2.0,10.0,20,200,5,1.0,predictive,P1+P2,0.0928317766722556,10,30.0,False,False,False,8.437672956423666e-09,1.238602342196064e-08,52.839655839104395,9.999999876139773,1.4742513788444702,0.23452814237566538,8.291220602640092,49.999999380698966,1.0567931298715494,0.4999999938069887,4.180551264452201,4.417977855348905,0.40128405725995847,1.0849105376948176,2.3452814237566537,1.6881190086155697,2.3452814237566533,0.8,self,,0.0,1.6903281211853027,ok
C5,0.5,0.6,2.0,10.0,20,200,5,1.0,predictive,P1+P2,0.0928317766722556,10,100.0,False,False,False,8.734145989582692e-09,1.2821228951959312e-08,53.14348447014741,9.999999871787681,0.8356026169316824,0.32753831321576043,8.836859198064877,49.999999358938375,1.0628697030302479,0.4999999935893841,4.071449729945978,4.327420565370264,0.50485179629778,1.5516275644921853,3.2753831321576046,2.2196347532325933,3.275383132157602,0.8,self,,0.0,1.6909236907958984,ok
C5,0.5,0.6,2.0,10.0,20,200,5,1.0,predictive,P1+P2,0.0928317766722556,10,300.0,False,False,False,8.941600146346645e-09,1.3125759840591605e-08,53.3858587229693,9.999999868742416,0.5631664843795549,0.388804918173485,9.048028728704546,49.999999343712,1.0677171884739856,0.49999999343712076,4.0330264246628555,4.3061316351823145,0.5462448440883262,1.7525876454632006,3.88804918173485,2.6116652186231355,3.8880491817348406,0.8,self,,0.0,1.5784714221954346,ok
C5,0.5,0.6,2.0,10.0,20,200,5,1.0,predictive,P1+P2,0.0928317766722556,10,1000.0,False,False,False,9.063510334872355e-09,1.3304717055153098e-08,53.52885763753725,9.99999986695281,0.44466013205090016,0.4222091684676433,9.133130832528645,49.99999933476415,1.0705771669944713,0.49999999334764056,4.018852143006481,4.302491341829538,0.5636925315433432,1.8372239348765433,4.222091684676433,2.841827365151454,4.222091684676436,0.8,self,,0.0,1.6931581497192383,ok
C5,0.5,0.6,2.0,10.0,20,200,5,1.0,predictive,P1+P2,0.0928317766722556,15,3.0,False,False,False,7.537259589614337e-09,1.1064267873368133e-08,52.20378074911797,9.999999889357316,4.8821622958557835,0.09835510152408058,5.0194827132628195,49.99999944678651,1.0440756265342939,0.4999999944678658,4.898136737469102,5.114025183023695,0.5035270644947534,0.9959123134668405,0.9835510152408058,0.7014755053016571,0.9835510152408067,0.8,self,,0.0,7.144527912139893,ok
C5,0.5,0.6,2.0,10.0,20,200,5,1.0,predictive,P1+P2,0.0928317766722556,15,10.0,False,False,False,7.679475922919022e-09,1.1273033352062364e-08,52.246015633276194,9.99999988726968,3.804990714087226,0.20809322190010154,5.986916176742992,49.99999943634829,1.0449203244449465,0.499999994363484,4.696399092395164,4.907362863348507,0.7191589496790164,2.3035288531384754,2.0809322190010153,1.0764084717393403,2.080932219001017,0.8,self,,0.0,7.164008617401123,ok
C5,0.5,0.6,2.0,10.0,20,200,5,1.0,predictive,P1+P2,0.0928317766722556,15,30.0,False,False,False,7.832267813433069e-09,1.1497323146521062e-08,52.327018980015815,9.999999885026758,2.700655019792896,0.35112989262406474,6.9482152025562804,49.999999425133645,1.0465403916327336,0.4999999942513379,4.5010531384061965,4.710533914227366,0.8337574043714128,3.853104292518473,3.5112989262406473,1.489078986074303,3.5112989262406575,0.8,self,,0.0,6.947850942611694,ok
C5,0.5,0.6,2.0,10.0,20,200,5,1.0,predictive,P1+P2,0.0928317766722556,15,100.0,False,False,False,8.023197307023212e-09,1.1777596770560492e-08,52.511941645799354,9.999999882224028,1.8210366645152525,0.4934547639399178,7.685508689320802,49.99999941112025,1.050238845285275,0.4999999941112014,4.356133096939387,4.5749801936385905,0.8932795305189256,5.10769549659673,4.934547639399177,1.973822345390719,4.93454763939918,0.8,self,,0.0,7.160052299499512,ok
C5,0.5,0.6,2.0,10.0,20,200,5,1.0,predictive,P1+P2,0.0928317766722556,15,300.0,False,False,False,8.178337075435251e-09,1.2005333116115446e-08,52.70328962722589,9.99999987994668,1.4182869496698296,0.5780206124320243,8.003692557951467,49.999999399733255,1.054065805198931,0.49999999399733397,4.297072661126663,4.529397354548789,0.9167152491983255,5.657750560666891,5.780206124320243,2.35125524121062,5.780206124320239,0.8,self,,0.0,7.083142518997192,ok
C5,0.5,0.6,2.0,10.0,20,200,5,1.0,predictive,P1+P2,0.0928317766722556,15,1000.0,False,False,False,8.276099526096502e-09,1.2148842826578094e-08,52.82634120759145,9.99999987851157,1.2407003493076119,0.6214484993529421,8.137851272827875,49.99999939255789,1.0565268369874068,0.4999999939255785,4.273339271509105,4.514897623901584,0.9270976629310433,5.890733797159542,6.214484993529421,2.5750701613054305,6.214484993529425,0.8,self,,0.0,7.067981481552124,ok
C5,0.5,0.6,2.0,10.0,20,200,5,1.0,predictive,P1+P2,0.0928317766722556,20,3.0,False,False,False,6.537430397649238e-09,9.596575556670883e-09,52.05458450396545,9.999999904034253,8.240026356059765,0.1590991153767588,1.600874624529224,49.99999952017116,1.0410917000702256,0.4999999952017126,5.678469114928962,5.911807064657662,0.8436256469608356,2.262284053142765,1.590991153767588,0.7309250614291021,1.5909911537675927,0.8,self,,0.0,35.81185817718506,ok
C5,0.5,0.6,2.0,10.0,20,200,5,1.0,predictive,P1+P2,0.0928317766722556,20,10.0,False,False,False,6.610597349226108e-09,9.703980474778637e-09,52.061199849340824,9.999999902960209,6.8343556176546345,0.3421979509826707,2.823446528402486,49.999999514801026,1.041224007090833,0.4999999951480104,5.430208164200917,5.654063104066635,0.9401058505229333,4.4436839095563165,3.421979509826707,1.1080332981074574,3.421979509826713,0.8,self,,0.0,36.07775902748108,ok
C5,0.5,0.6,2.0,10.0,20,200,5,1.0,predictive,P1+P2,0.0928317766722556,20,30.0,False,False,False,6.699665322279707e-09,9.834727186931156e-09,52.09596530856706,9.999999901652753,5.1566233110687785,0.5809171103446227,4.2624596769338465,49.99999950826371,1.041919316418332,0.49999999508263765,5.141485517668157,5.35701307594356,0.9742109923518357,7.092121954065603,5.809171103446227,1.4965640747435063,5.80917110344625,0.8,self,,0.0,35.9548704624176,ok
C5,0.5,0.6,2.0,10.0,20,200,5,1.0,predictive,P1+P2,0.0928317766722556,20,100.0,False,False,False,6.8193815629598834e-09,1.0010463810745866e-08,52.2336318218203,9.999999899895379,3.7482161785481343,0.8065261131349197,5.445257808421568,49.99999949947665,1.044672646894067,0.49999999499476894,4.908590241665448,5.127869960279032,0.9875002751029597,9.29192253970502,8.065261131349198,1.9489975767445806,8.065261131349207,0.8,self,,0.0,35.630077600479126,ok
C5,0.5,0.6,2.0,10.0,20,200,5,1.0,predictive,P1+P2,0.0928317766722556,20,300.0,False,False,False,6.9263916154098795e-09,1.0167548473924928e-08,52.40415515044816,9.999999898324512,3.103410742003228,0.9296344601636092,5.966954899508651,49.999999491622596,1.0480831136653987,0.4999999949162256,4.809416148571388,5.04066785190735,0.9923944156384882,10.261975558405652,9.296344601636092,2.320155308683894,9.29634460163604,0.8,self,,0.0,35.75039601325989,ok
C5,0.5,0.6,2.0,10.0,20,200,5,1.0,predictive,P1+P2,0.0928317766722556,20,1000.0,False,False,False,6.997729879282817e-09,1.0272268982868293e-08,52.52011307910375,9.999999897277338,2.82345166734934,0.9896132179625095,6.186935217410813,49.999999486386606,1.0504022723720885,0.49999999486386687,4.76881155380188,5.009170492627765,0.9947743093742336,10.6700389533595,9.896132179625095,2.5446211926794704,9.89613217962512,0.8,self,,0.0,35.90166425704956,ok
C5,0.5,0.6,2.0,10.0,20,200,5,1.0,predictive,P1+P2 (protect),0.0928317766722556,5,3.0,True,True,False,7.858614527974486e-09,1.1535998623497387e-08,52.43713132757589,9.999999884640024,3.7307198277719453,0.077408312594649,6.191871974993381,49.99999942320004,1.0487426386498122,0.4999999942320012,4.63050955850371,4.856212812678358,0.0002098385026553584,0.0002330865636656979,0.77408312594649,0.7789161706781248,0.7740831259464919,0.8,self,,0.0,1.0522465705871582,ok
C5,0.5,0.6,2.0,10.0,20,200,5,1.0,predictive,P1+P2 (protect),0.0928317766722556,5,10.0,True,True,False,8.222998874876764e-09,1.2070894094922501e-08,52.74976986062061,9.999999879291034,2.287473978965619,0.1401294074671555,7.572396734276192,49.99999939645534,1.0549954099471492,0.4999999939645517,4.3285124892022395,4.566560808007272,0.007791142622986405,0.009827073628037782,1.401294074671555,1.2336985168917172,1.401294074671553,0.8,self,,0.0,0.9987607002258301,ok
C5,0.5,0.6,2.0,10.0,20,200,5,1.0,predictive,P1+P2 (protect),0.0928317766722556,5,30.0,True,True,False,8.572570508172922e-09,1.2584045346270318e-08,53.116561008066505,9.999999874159531,1.2788233833259173,0.2152896139908789,8.505887128523671,49.999999370797596,1.0623312335297574,0.49999999370797654,4.129231751152518,4.386611859732095,0.031815524861266174,0.04479438937716838,2.152896139908789,1.7221015783075255,2.1528961399087856,0.8,self,,0.0,1.0837435722351074,ok
C5,0.5,0.6,2.0,10.0,20,200,5,1.0,predictive,P1+P2 (protect),0.0928317766722556,5,100.0,True,True,False,8.91397040241462e-09,1.3085200950001724e-08,53.51349466692223,9.99999986914801,0.666884862526782,0.2964347191526277,9.036680549172582,49.99999934573989,1.0702699073431428,0.4999999934574005,4.021694698876965,4.304298812729458,0.05567512856715412,0.08355820109042995,2.964347191526277,2.2566701890682217,2.9643471915262776,0.8,self,,0.0,0.9650695323944092,ok
C5,0.5,0.6,2.0,10.0,20,200,5,1.0,predictive,P1+P2 (protect),0.0928317766722556,5,300.0,True,True,False,9.138951044984098e-09,1.3415459721758035e-08,53.788005739000326,9.999999865845389,0.41918937857124894,0.3519139895041238,9.228896766079238,49.999999329227016,1.075760129211823,0.49999999329226946,3.9866766648674408,4.288707804123558,0.06638070390898042,0.10194753477647382,3.5191398950412376,2.649626113154332,3.519139895041241,0.8,self,,0.0,0.9634737968444824,ok
C5,0.5,0.6,2.0,10.0,20,200,5,1.0,predictive,P1+P2 (protect),0.0928317766722556,5,1000.0,True,True,False,9.267786249272296e-09,1.360458246511584e-08,53.94183379872511,9.99999986395417,0.3133741612282265,0.38283160728276694,9.303794367534836,49.999999319770794,1.0788366906516267,0.4999999931977085,3.9744304268388166,4.287761368915921,0.07093476994215125,0.1098471356248305,3.8283160728276693,2.8810460716894335,3.8283160728276915,0.8,self,,0.0,0.9971816539764404,ok
C5,0.5,0.6,2.0,10.0,20,200,5,1.0,predictive,P1+P2 (protect),0.0928317766722556,10,3.0,True,True,False,7.836377051293357e-09,1.1503355274027958e-08,52.39811617656781,9.999999884966453,3.7982532615192226,0.07736619619815424,6.12438065731617,49.99999942483221,1.0479623355864398,0.49999999424832264,4.645728455955867,4.8685484432038955,0.05562154767182035,0.08374409966486761,0.7736619619815424,0.7352234202798215,0.7736619619815411,0.8,self,,0.0,1.2647197246551514,ok
C5,0.5,0.6,2.0,10.0,20,200,5,1.0,predictive,P1+P2 (protect),0.0928317766722556,10,10.0,True,True,False,8.130242485827516e-09,1.1934732997751837e-08,52.57511745244268,9.999999880652672,2.4999634553271854,0.1472485017658318,7.352788162254312,49.99999940326341,1.0515023615982524,0.49999999403263357,4.379124202782058,4.604659440957398,0.21681683473007565,0.4623992488609864,1.472485017658318,1.051736423147686,1.4724850176583193,0.8,self,,0.0,1.2376015186309814,ok
C5,0.5,0.6,2.0,10.0,20,200,5,1.0,predictive,P1+P2 (protect),0.0928317766722556,10,30.0,True,True,False,8.39685827155864e-09,1.2326109788746093e-08,52.775210965398955,9.99999987673889,1.5499900123416874,0.23894366119613353,8.211066449723289,49.9999993836945,1.0555042323182404,0.4999999938369445,4.199297138296947,4.432375902234303,0.38114170652047474,1.0381737744409438,2.3894366119613353,1.3762858267787732,2.3894366119613366,0.8,self,,0.0,1.1975672245025635,ok
C5,0.5,0.6,2.0,10.0,20,200,5,1.0,predictive,P1+P2 (protect),0.0928317766722556,10,100.0,True,True,False,8.678500880235923e-09,1.2739545100116306e-08,53.05702819841412,9.999999872604539,0.9103787879192895,0.33756952623581377,8.752051813240357,49.99999936302277,1.0611405774867302,0.49999999363022696,4.092089872585132,4.342282610522587,0.49467097783001646,1.527988439486886,3.3756952623581378,1.7878480450377103,3.37569526235814,0.8,self,,0.0,1.3005378246307373,ok
C5,0.5,0.6,2.0,10.0,20,200,5,1.0,predictive,P1+P2 (protect),0.0928317766722556,10,300.0,True,True,False,8.879879274264082e-09,1.3035157115034167e-08,53.292005405037564,9.99999986964842,0.6330348767705871,0.40197489043911455,8.964990363141878,49.99999934824208,1.0658401219941462,0.49999999348242097,4.053739542078635,4.320638248061586,0.5423302464784766,1.744433640295854,4.019748904391146,2.127049987336421,4.019748904391149,0.8,self,,0.0,1.29184889793396,ok
C5,0.5,0.6,2.0,10.0,20,200,5,1.0,predictive,P1+P2 (protect),0.0928317766722556,10,1000.0,True,True,False,8.99939001544167e-09,1.3210592077524392e-08,53.43281925435016,9.99999986789406,0.5116608586869389,0.43683293934692313,9.051506334072078,49.99999933947038,1.0686563992045872,0.49999999339470297,4.039464948655934,4.316800066743793,0.5630436956558788,1.8364847235142796,4.3683293934692315,2.3342942444049624,4.368329393469238,0.8,self,,0.0,1.2244970798492432,ok
C5,0.5,0.6,2.0,10.0,20,200,5,1.0,predictive,P1+P2 (protect),0.0928317766722556,15,3.0,True,True,False,7.4447636499063985e-09,1.0928489101020242e-08,52.16696059299916,9.999999890715133,5.218873677395203,0.08881070011817505,4.6923157317714885,49.99999945357558,1.0433392232621037,0.4999999945357566,4.970506281077736,5.185924162519052,0.35690938262107863,0.6858168119276351,0.8881070011817505,0.34117063187955665,0.888107001181753,0.8,self,,0.0,2.216813325881958,ok
C5,0.5,0.6,2.0,10.0,20,200,5,1.0,predictive,P1+P2 (protect),0.0928317766722556,15,10.0,True,True,False,7.532730977070645e-09,1.105762012788829e-08,52.18489099514555,9.999999889423808,4.257492883271892,0.2116304719008072,5.530876755403492,49.99999944711889,1.0436978314437273,0.4999999944711904,4.799808087802368,5.009549292585395,0.6096458096616132,1.9353136551430612,2.116304719008072,0.4310220447311147,2.116304719008066,0.8,self,,0.0,2.381784677505493,ok
C5,0.5,0.6,2.0,10.0,20,200,5,1.0,predictive,P1+P2 (protect),0.0928317766722556,15,30.0,True,True,False,7.628415052528962e-09,1.1198078901827403e-08,52.237051849465836,9.999999888019216,3.1719539335277562,0.3789184826842648,6.449127695768762,49.99999944009591,1.0447410486884123,0.4999999944009608,4.617820472973754,4.82442660358942,0.7716445758698965,3.5674097202751187,3.7891848268426482,0.5690240299428209,3.7891848268426553,0.8,self,,0.0,2.3434996604919434,ok
C5,0.5,0.6,2.0,10.0,20,200,5,1.0,predictive,P1+P2 (protect),0.0928317766722556,15,100.0,True,True,False,7.77026851291311e-09,1.1406311703737723e-08,52.39731213513037,9.999999885936896,2.250502813443986,0.547059975578869,7.20243732504025,49.999999429684394,1.0479462546558094,0.49999999429684483,4.473169995411899,4.687641743130643,0.8668741702415467,4.969354170202553,5.47059975578869,0.8409331724496489,5.470599755788689,0.8,self,,0.0,2.2461318969726562,ok
C5,0.5,0.6,2.0,10.0,20,200,5,1.0,predictive,P1+P2 (protect),0.0928317766722556,15,300.0,True,True,False,7.902123954380748e-09,1.1599867983257855e-08,52.5800785472814,9.999999884001303,1.817116877459277,0.6451544663274235,7.537728772211997,49.999999420006574,1.0516015831440682,0.49999999420006513,4.412284894788877,4.639965780642641,0.906577588378332,5.6016057243073885,6.451544663274235,1.1224406590372957,6.451544663274233,0.8,self,,0.0,2.3558809757232666,ok
C5,0.5,0.6,2.0,10.0,20,200,5,1.0,predictive,P1+P2 (protect),0.0928317766722556,15,1000.0,True,True,False,7.989971640942762e-09,1.1728823384617331e-08,52.70129754945531,9.999999882711778,1.6248351789032602,0.6947239632254127,7.6804409751595495,49.999999413558754,1.0540259633515923,0.49999999413558893,4.387545589933893,4.624586967179102,0.9244444560040712,5.871742711944783,6.947239632254128,1.3038291450518875,6.947239632254142,0.8,self,,0.0,2.226938009262085,ok
C5,0.5,0.6,2.0,10.0,20,200,5,1.0,predictive,P1+P2 (protect),0.0928317766722556,20,3.0,True,True,False,6.246507757770708e-09,9.169517689614128e-09,52.04030265376223,9.99999990830483,9.149747643575276,0.13560455842350758,0.714647889696387,49.999999541524105,1.0408060626189344,0.4999999954152415,5.874857838819379,6.11458765566758,0.5899180357000968,1.4292957793927776,1.3560455842350758,0.07334372076012577,1.356045584235075,0.8,self,,0.0,7.372605323791504,ok
C5,0.5,0.6,2.0,10.0,20,200,5,1.0,predictive,P1+P2 (protect),0.0928317766722556,20,10.0,True,True,False,6.249567561151981e-09,9.174009306719524e-09,52.04177925454328,9.999999908259918,7.837378222562195,0.34759895866287593,1.8150229105150109,49.999999541299594,1.0408355946394998,0.4999999954129959,5.658508700456992,5.889577268012937,0.8078160848363678,3.6300458210300492,3.475989586628759,0.15902484769650216,3.4759895866287582,0.8,self,,0.0,7.236841440200806,ok
C5,0.5,0.6,2.0,10.0,20,200,5,1.0,predictive,P1+P2 (protect),0.0928317766722556,20,30.0,True,True,False,6.26214849012129e-09,9.192477393993328e-09,52.068383868344455,9.999999908075246,6.114698581600127,0.6321257606432474,3.253175749681379,49.99999954037608,1.041367686939639,0.4999999954037623,5.3768692325507885,5.599297875678327,0.9139985208240206,6.5063514993627765,6.321257606432474,0.2829529972851077,6.3212576064324795,0.8,self,,0.0,7.169943332672119,ok
C5,0.5,0.6,2.0,10.0,20,200,5,1.0,predictive,P1+P2 (protect),0.0928317766722556,20,100.0,True,True,False,6.311013132625479e-09,9.264207906561668e-09,52.19710548481755,9.999999907357934,4.591768602861124,0.9041881959092721,4.50404329387167,49.99999953678954,1.0439421193676492,0.4999999953678967,5.135604538648639,5.361273886310979,0.9651095809215032,9.008086587743254,9.041881959092722,0.5337785533430904,9.041881959092727,0.8,self,,0.0,7.423945426940918,ok
C5,0.5,0.6,2.0,10.0,20,200,5,1.0,predictive,P1+P2 (protect),0.0928317766722556,20,300.0,True,True,False,6.38091261909262e-09,9.366816372262321e-09,52.365390120810545,9.999999906331823,3.8810478667878674,1.0507050624787595,5.068247164401551,49.99999953165918,1.047307812226151,0.4999999953165911,5.0303618803463435,5.268337295611356,0.984027547674619,10.136494328803053,10.507050624787595,0.815255132981082,10.507050624787645,0.8,self,,0.0,7.260115623474121,ok
C5,0.5,0.6,2.0,10.0,20,200,5,1.0,predictive,P1+P2 (protect),0.0928317766722556,20,1000.0,True,True,False,6.435542956866534e-09,9.447010597187404e-09,52.48225389933892,9.999999905529869,3.5717507975657568,1.1210384837767973,5.307210813127577,49.99999952764946,1.049645087902787,0.4999999952764934,4.987032132532784,5.234613781126397,0.9921547491175168,10.614421626255062,11.210384837767972,1.0005161970214178,11.210384837768004,0.8,self,,0.0,7.095233678817749,ok
C5,0.5,0.6,2.0,10.0,20,200,5,1.0,predictive,NoCancel,0.2423055317257178,0,1.0,False,False,True,7.468465949043784e-09,1.0963282727433153e-08,52.3441154281837,9.999999890367167,3.9346978774295915,0.0953399061370632,5.969962326066177,49.999999451835876,1.0468823200409405,0.49999999451835836,4.683266481463247,4.902828879484216,0.0,0.0,0.953399061370632,0.0,0.9533990613706308,0.8,self,,0.0,11.780423879623413,ok
C5,0.5,0.6,2.0,10.0,20,200,5,1.0,predictive,P2 only,0.2423055317257178,0,3.0,False,False,False,8.236561648535455e-09,1.2090803474231702e-08,52.72165810418328,9.999999879091954,2.43500558412183,0.13381978983305615,7.431174746953159,49.999999395459774,1.054433174832611,0.4999999939545977,4.3594215588333,4.596718714714327,0.0,0.0,1.3381978983305616,1.2057075481853226,1.3381978983305647,0.8,self,,0.0,0.9803860187530518,ok
C5,0.5,0.6,2.0,10.0,20,200,5,1.0,predictive,P2 only,0.2423055317257178,0,10.0,False,False,False,8.586459372256027e-09,1.2604433407773447e-08,53.10400782613694,9.999999873955643,1.338823100604221,0.20984603845581326,8.451330986984322,49.99999936977829,1.0620801699096585,0.49999999369778214,4.140720291767564,4.397776911028865,0.0,0.0,2.0984603845581327,1.7054931459618916,2.0984603845581264,0.8,self,,0.0,1.0311939716339111,ok
C5,0.5,0.6,2.0,10.0,20,200,5,1.0,predictive,P2 only,0.2423055317257178,0,30.0,False,False,False,8.895671361546668e-09,1.305833899998988e-08,53.473296235442525,9.999999869416605,0.7336235211730625,0.28331202332406863,8.983064586086265,49.99999934708299,1.0694659386743006,0.49999999347083024,4.031816268327027,4.31189016996868,0.0,0.0,2.8331202332406864,2.1917320722534868,2.8331202332406904,0.8,self,,0.0,0.9450423717498779,ok
C5,0.5,0.6,2.0,10.0,20,200,5,1.0,predictive,P2 only,0.2423055317257178,0,100.0,False,False,False,9.15532661247751e-09,1.3439498122281058e-08,53.79592341044593,9.999999865605004,0.4248415796444004,0.34750881306633746,9.227649741684258,49.99999932802516,1.0759184826687216,0.4999999932802502,3.9862954752756714,4.288928979227791,0.0,0.0,3.4750881306633747,2.6465730011619852,3.475088130663372,0.8,self,,0.0,0.9010534286499023,ok
C5,0.5,0.6,2.0,10.0,20,200,5,1.0,predictive,P2 only,0.2423055317257178,0,300.0,False,False,False,9.287128955909674e-09,1.3632976456941462e-08,53.95635379940522,9.999999863670242,0.31343975840819255,0.37942820652104464,9.307132171400522,49.999999318351136,1.0791270906998196,0.49999999318351207,3.973165614050307,4.2875506499586695,0.0,0.0,3.7942820652104463,2.8865082649167078,3.794282065210448,0.8,self,,0.0,0.9470968246459961,ok
C5,0.5,0.6,2.0,10.0,20,200,5,1.0,predictive,P2 only,0.2423055317257178,0,1000.0,False,False,False,9.346200497262035e-09,1.3719690115807677e-08,54.025508441204856,9.999999862803065,0.27003301787120254,0.39318448735769473,9.336782631968036,49.99999931401554,1.080510183648361,0.49999999314015325,3.9685456604089717,4.288054000345404,0.0,0.0,3.9318448735769476,2.9929259591861466,3.931844873576948,0.8,self,,0.0,0.9235472679138184,ok
C5,0.5,0.6,2.0,10.0,20,200,5,1.0,predictive,P1 only,0.2423055317257178,5,1.0,False,False,False,7.973467714802387e-09,1.1704596561346669e-08,52.48162886471425,9.999999882954054,3.5557431845815146,0.08615762430201197,6.358099308162419,49.999999414770144,1.0496325895798115,0.4999999941477027,4.59432649310151,4.822354814329272,0.0001597911377314424,0.00017522854829148143,0.8615762430201197,0.8615518228075885,0.8615762430201194,0.8,self,,0.0,1.0266063213348389,ok
C5,0.5,0.6,2.0,10.0,20,200,5,1.0,predictive,P1 only,0.2423055317257178,10,1.0,False,False,False,7.957749383786486e-09,1.1681522946485666e-08,52.453049657366215,9.999999883184746,3.602071938095629,0.08728019562745477,6.31064798309217,49.99999941592387,1.0490610054019542,0.4999999941592373,4.605199768402928,4.8311354991176225,0.0705781622208455,0.10299522706440381,0.8728019562745477,0.8587165756575146,0.8728019562745472,0.8,self,,0.0,1.689671277999878,ok
C5,0.5,0.6,2.0,10.0,20,200,5,1.0,predictive,P1 only,0.2423055317257178,15,1.0,False,False,False,7.66154532075866e-09,1.124671224914394e-08,52.242250784675434,9.999999887532882,4.655196275760682,0.11279798088857682,5.23200585581786,49.999999437664265,1.0448450274445826,0.4999999943766441,4.852366160025401,5.069970653642904,0.5511208700782905,1.1091422317954585,1.1279798088857682,0.8220544253879029,1.1279798088857682,0.8,self,,0.0,7.00544285774231,ok
C5,0.5,0.6,2.0,10.0,20,200,5,1.0,predictive,P1 only,0.2423055317257178,20,1.0,False,False,False,6.748793161560442e-09,9.906844057308731e-09,52.07310851699583,9.999999900931572,7.755935173720594,0.18793059962985675,2.056134325717977,49.99999950465785,1.0414621806575188,0.4999999950465786,5.580104013570367,5.811467294268767,0.8931724883071468,2.622797972209289,1.8793059962985676,0.8819907171030064,1.8793059962985657,0.8,self,,0.0,35.83948731422424,ok
C5,0.5,0.6,2.0,10.0,20,200,5,1.0,predictive,P1 only (protect),0.2423055317257178,5,1.0,True,True,False,7.973458912612357e-09,1.1704583640232941e-08,52.48159751945192,9.999999882954173,3.5557545510818835,0.08615298703064692,6.358092578933296,49.999999414770905,1.0496319626745416,0.4999999941477086,4.594327313726352,4.822352795475846,0.0001493137554169436,0.00016387815077011656,0.8615298703064691,0.8615019863201245,0.8615298703064714,0.8,self,,0.0,1.0063459873199463,ok
C5,0.5,0.6,2.0,10.0,20,200,5,1.0,predictive,P1 only (protect),0.2423055317257178,10,1.0,True,True,False,7.947979706065535e-09,1.1667181615919408e-08,52.437691098474026,9.999999883328167,3.6312081288251283,0.08437154474209699,6.284420443104607,49.99999941664082,1.048753834205484,0.49999999416640833,4.610678948891261,4.835467225940221,0.05224617366273247,0.07553229722666345,0.8437154474209698,0.8113760226965694,0.843715447420971,0.8,self,,0.0,1.164571762084961,ok
C5,0.5,0.6,2.0,10.0,20,200,5,1.0,predictive,P1 only (protect),0.2423055317257178,15,1.0,True,True,False,7.503252946337112e-09,1.101434805738668e-08,52.1746206368994,9.999999889856523,5.194941777058412,0.08370376643261182,4.721354566652453,49.99999944928259,1.0434924242313768,0.49999999449282617,4.963187426294642,5.179048479378883,0.3394292432157303,0.6169943533023801,0.8370376643261181,0.3565320183397956,0.837037664326119,0.8,self,,0.0,2.3083512783050537,ok
C5,0.5,0.6,2.0,10.0,20,200,5,1.0,predictive,P1 only (protect),0.2423055317257178,20,1.0,True,True,False,6.246345901530951e-09,9.169280093872166e-09,52.04029298667796,9.999999908307208,9.24696987858843,0.12000228585746923,0.6330279272468928,49.99999954153597,1.0408058692770004,0.4999999954153604,5.890923865933042,6.131308135127067,0.558822918914555,1.266055854493809,1.2000228585746924,0.0661069047160904,1.2000228585746933,0.8,self,,0.0,7.352004766464233,ok
C5,0.5,0.6,2.0,10.0,20,200,5,1.0,predictive,P1+P2,0.2423055317257178,5,3.0,False,False,False,8.236125841396928e-09,1.209016373416911e-08,52.72007817841933,9.999999879098352,2.4355043465709065,0.13384211888135775,7.430653655449383,49.9999993954918,1.0544015763162746,0.4999999939549176,4.359542468934649,4.596708451262438,0.0049327370574565555,0.006035494803725076,1.3384211888135775,1.2058061851567197,1.33842118881358,0.8,self,,0.0,0.9931082725524902,ok
C5,0.5,0.6,2.0,10.0,20,200,5,1.0,predictive,P1+P2,0.2423055317257178,5,10.0,False,False,False,8.583756840496393e-09,1.260046624504433e-08,53.09430202658263,9.99999987399533,1.3410455458538435,0.21006697265774812,8.448887607493079,49.99999936997692,1.061886053911907,0.4999999936997665,4.1413047156027005,4.397593722498124,0.028889637763685305,0.040161739769252136,2.100669726577481,1.7061011522606437,2.100669726577488,0.8,self,,0.0,1.0385770797729492,ok
C5,0.5,0.6,2.0,10.0,20,200,5,1.0,predictive,P1+P2,0.2423055317257178,5,30.0,False,False,False,8.890835911156659e-09,1.305124083416922e-08,53.45622777388549,9.999999869487567,0.7363710178129157,0.2838416689045704,8.979787443794947,49.999999347437935,1.0691245694311124,0.49999999347437835,4.032635206771055,4.31138937911185,0.05229290826643623,0.07771833685715765,2.838416689045704,2.1928443195763423,2.8384166890457148,0.8,self,,0.0,0.9855222702026367,ok
C5,0.5,0.6,2.0,10.0,20,200,5,1.0,predictive,P1+P2,0.2423055317257178,5,100.0,False,False,False,9.149452893020462e-09,1.3430875836593709e-08,53.77559413875703,9.999999865691235,0.427243913575353,0.3482782154680828,9.224478005265329,49.99999932845626,1.0755118972202062,0.49999999328456174,3.987126692929917,4.288202193970382,0.06566307483723989,0.10061631110869326,3.482782154680828,2.6478604653257416,3.482782154680832,0.8,self,,0.0,1.1257987022399902,ok
C5,0.5,0.6,2.0,10.0,20,200,5,1.0,predictive,P1+P2,0.2423055317257178,5,300.0,False,False,False,9.280945950599473e-09,1.3623900157233852e-08,53.93519556748287,9.999999863760983,0.31558625091699954,0.3802980441653744,9.304115841156642,49.999999318804996,1.078703926045812,0.49999999318804916,3.973976878594016,4.286744460954647,0.07044968068233451,0.10897166180121906,3.8029804416537436,2.887816315776347,3.802980441653751,0.8,self,,0.0,1.0989811420440674,ok
C5,0.5,0.6,2.0,10.0,20,200,5,1.0,predictive,P1+P2,0.2423055317257178,5,1000.0,False,False,False,9.339909473169378e-09,1.3710455250678513e-08,54.0040960119658,9.999999862895418,0.27206537845837436,0.39409539219021994,9.333839366455988,49.99999931447723,1.0800819350477313,0.4999999931447709,3.969346618602766,4.2872195766956445,0.07228091194419961,0.11216325163228591,3.9409539219021994,2.994239160537161,3.9409539219022007,0.8,self,,0.0,1.0270216464996338,ok
C5,0.5,0.6,2.0,10.0,20,200,5,1.0,predictive,P1+P2,0.2423055317257178,10,3.0,False,False,False,8.178593930419543e-09,1.2005710164973056e-08,52.607149694931906,9.999999879942921,2.5700534058767004,0.1400221112635575,7.289924602916821,49.999999399714405,1.0521430065303639,0.49999999399714606,4.392218675978724,4.621242163083069,0.21083598138065168,0.41691044722836706,1.4002211126355752,1.191266308109887,1.4002211126355752,0.8,self,,0.0,1.7295379638671875,ok
C5,0.5,0.6,2.0,10.0,20,200,5,1.0,predictive,P1+P2,0.2423055317257178,10,10.0,False,False,False,8.458123218852736e-09,1.2416043242601993e-08,52.835243147090544,9.999999875839581,1.5303080527245179,0.2289815573212366,8.240710514114664,49.999999379197824,1.0567048760619047,0.49999999379197907,4.191111572237822,4.4287680345031815,0.3869881154184086,1.0219052788833263,2.289815573212366,1.672285915499881,2.2898155732123633,0.8,self,,0.0,1.735417127609253,ok
C5,0.5,0.6,2.0,10.0,20,200,5,1.0,predictive,P1+P2,0.2423055317257178,10,30.0,False,False,False,8.719700111395382e-09,1.280002322534746e-08,53.10136944736895,9.999999871999787,0.9069994877151032,0.3143043023131892,8.77869633797192,49.99999935999875,1.0620274025413563,0.49999999359998937,4.0825802838928675,4.335812134569295,0.4904137260406126,1.4820055754972195,3.1430430231318915,2.147678931217113,3.1430430231318778,0.8,self,,0.0,1.6938698291778564,ok
C5,0.5,0.6,2.0,10.0,20,200,5,1.0,predictive,P1+P2,0.2423055317257178,10,100.0,False,False,False,8.955362076547328e-09,1.3145961570402245e-08,53.37730136781645,9.999999868540378,0.5698734752165289,0.3859313004340307,9.044195355809062,49.99999934270194,1.0675460413902478,0.4999999934270189,4.033459018438144,4.305903208243435,0.5427272658284157,1.7354174449696027,3.859313004340307,2.5963681895215744,3.8593130043402915,0.8,self,,0.0,1.6352782249450684,ok
C5,0.5,0.6,2.0,10.0,20,200,5,1.0,predictive,P1+P2,0.2423055317257178,10,300.0,False,False,False,9.079178833444327e-09,1.3327717518765682e-08,53.52453439023374,9.999999866722819,0.4452551525316631,0.4205999299732035,9.134145050772315,49.99999933361412,1.0704907020718726,0.4999999933361409,4.018381330911083,4.301639852119512,0.5612639883712651,1.825759534137149,4.205999299732035,2.8330545976117523,4.205999299732039,0.8,self,,0.0,1.7008044719696045,ok
C5,0.5,0.6,2.0,10.0,20,200,5,1.0,predictive,P1+P2,0.2423055317257178,10,1000.0,False,False,False,9.135290017333307e-09,1.3410085541452517e-08,53.589347326991856,9.999999865899115,0.3964364988011959,0.4353918603633469,9.168171774936342,49.999999329495594,1.0717869609125947,0.49999999329495576,4.012929898131724,4.301005939873889,0.5685305072352927,1.8604422838671733,4.35391860363347,2.9378654841793694,4.353918603633478,0.8,self,,0.0,1.6690094470977783,ok
C5,0.5,0.6,2.0,10.0,20,200,5,1.0,predictive,P1+P2,0.2423055317257178,15,3.0,False,False,False,7.756103537409318e-09,1.1385518326522597e-08,52.273043747405985,9.999999886144803,3.8380232865921693,0.19792374228996487,5.964053084973064,49.99999943072387,1.0454608868512383,0.4999999943072401,4.700027322994657,4.913694733323045,0.712048010013503,2.125505955862995,1.9792374228996488,1.1060887030522033,1.979237422899653,0.8,self,,0.0,7.070005893707275,ok
C5,0.5,0.6,2.0,10.0,20,200,5,1.0,predictive,P1+P2,0.2423055317257178,15,10.0,False,False,False,7.895492624647329e-09,1.1590133569007176e-08,52.34634688264906,9.999999884098647,2.7069045490406896,0.343960262948855,6.949135303911808,49.99999942049327,1.0469269497870055,0.49999999420493235,4.499767319495911,4.710927674551104,0.8307008667361806,3.729441191235569,3.43960262948855,1.5151119991863191,3.439602629488551,0.8,self,,0.0,7.185906648635864,ok
C5,0.5,0.6,2.0,10.0,20,200,5,1.0,predictive,P1+P2,0.2423055317257178,15,30.0,False,False,False,8.054516556080036e-09,1.1823571644673141e-08,52.49825639361744,9.999999881764316,1.8751723149126778,0.4758407038007253,7.64898709952228,49.99999940882144,1.0499651402866863,0.49999999408821577,4.361722915537265,4.579657012903739,0.8867941087490907,4.936558746956946,4.7584070380072525,1.938670117431121,4.7584070380072685,0.8,self,,0.0,7.005130767822266,ok
C5,0.5,0.6,2.0,10.0,20,200,5,1.0,predictive,P1+P2,0.2423055317257178,15,100.0,False,False,False,8.224303461219203e-09,1.2072809152858453e-08,52.70979888879949,9.999999879271941,1.3881260501992891,0.5756436084857947,8.036230462042974,49.99999939635947,1.0541959905030984,0.49999999396359707,4.289375017939511,4.521841945675988,0.9150095016480303,5.6160763854287135,5.756436084857946,2.3641276620117395,5.756436084857971,0.8,self,,0.0,7.0315635204315186,ok
C5,0.5,0.6,2.0,10.0,20,200,5,1.0,predictive,P1+P2,0.2423055317257178,15,300.0,False,False,False,8.321684862904735e-09,1.2215759505124698e-08,52.83527523363795,9.999999877842386,1.2045326803954692,0.6207001686445414,8.174767273117602,49.99999938921208,1.0567055175812183,0.4999999938921193,4.264898921783208,4.506742222574505,0.9256269533883102,5.860678855068289,6.207001686445413,2.5925004294853675,6.207001686445404,0.8,self,,0.0,7.160854339599609,ok
C5,0.5,0.6,2.0,10.0,20,200,5,1.0,predictive,P1+P2,0.2423055317257178,15,1000.0,False,False,False,8.367204365339437e-09,1.2282579542577436e-08,52.89230892071103,9.999999877174217,1.1325460077086096,0.6394202227471922,8.22803389236998,49.999999385870986,1.0578461914073014,0.49999999385871086,4.25569795795542,4.501873876602971,0.9300458986185061,5.954873090790531,6.394202227471922,2.693262246119304,6.394202227471914,0.8,self,,0.0,6.899129152297974,ok
C5,0.5,0.6,2.0,10.0,20,200,5,1.0,predictive,P1+P2,0.2423055317257178,20,3.0,False,False,False,6.789939908196707e-09,9.967245138144194e-09,52.078099764144476,9.999999900327566,6.708561958176885,0.32828110925186865,2.9631570322436804,49.999999501637674,1.0415620056643948,0.4999999950163783,5.396598169002883,5.620891612671444,0.94824098402724,4.278820853610378,3.2828110925186866,1.1550618659204102,3.28281109251868,0.8,self,,0.0,36.29345393180847,ok
C5,0.5,0.6,2.0,10.0,20,200,5,1.0,predictive,P1+P2,0.2423055317257178,20,10.0,False,False,False,6.85847979587769e-09,1.0067857790070852e-08,52.107555924714454,9.99999989932144,5.040250378325809,0.5692042493907613,4.39054547296199,49.99999949660708,1.042151128986519,0.49999999496607195,5.110829378178575,5.326256606526272,0.9764189766815645,6.95423223066905,5.692042493907613,1.5299941106760777,5.692042493907627,0.8,self,,0.0,36.247803688049316,ok
C5,0.5,0.6,2.0,10.0,20,200,5,1.0,predictive,P1+P2,0.2423055317257178,20,30.0,False,False,False,6.946866694780528e-09,1.0197604724313526e-08,52.21720107754627,9.999999898023939,3.7375173598802895,0.7780526992661855,5.484430042829587,49.99999949011967,1.044344032200735,0.49999999490119695,4.895471281709815,5.1125562178637285,0.9869627989211662,9.025948303699293,7.780526992661855,1.9171171379425729,7.780526992661894,0.8,self,,0.0,36.325093507766724,ok
C5,0.5,0.6,2.0,10.0,20,200,5,1.0,predictive,P1+P2,0.2423055317257178,20,100.0,False,False,False,7.055727937880593e-09,1.0357406829977596e-08,52.40388612054093,9.999999896425864,2.970693667394469,0.9237906871666802,6.105515749012987,49.99999948212949,1.0480777332661897,0.4999999948212932,4.777279626659308,5.006960402287836,0.9922331534986822,10.203305592570517,9.237906871666802,2.3300238999648633,9.237906871666892,0.8,self,,0.0,36.59304356575012,ok
C5,0.5,0.6,2.0,10.0,20,200,5,1.0,predictive,P1+P2,0.2423055317257178,20,300.0,False,False,False,7.123479512627806e-09,1.045686228354697e-08,52.5219839145852,9.999999895431388,2.6859888395530196,0.985753545880223,6.328257719135369,49.999999477156805,1.0504396892760088,0.4999999947715694,4.736350429201425,4.975250473152636,0.9944898409411491,10.624941971655277,9.85753545880223,2.557731474857892,9.857535458802184,0.8,self,,0.0,36.24155616760254,ok
C5,0.5,0.6,2.0,10.0,20,200,5,1.0,predictive,P1+P2,0.2423055317257178,20,1000.0,False,False,False,7.156119180995689e-09,1.0504775458023555e-08,52.57685618420074,9.999999894952225,2.575459914807746,1.0109354470942002,6.413604743145829,49.99999947476119,1.0515371347301772,0.49999999474761125,4.720884321164265,4.964185172469689,0.99558648110303,10.786374065843598,10.109354470942002,2.658260231642652,10.109354470942058,0.8,self,,0.0,36.3323757648468,ok
C5,0.5,0.6,2.0,10.0,20,200,5,1.0,predictive,P1+P2 (protect),0.2423055317257178,5,3.0,True,True,False,8.235962103482913e-09,1.2089923376235288e-08,52.71950523504799,9.999999879100752,2.4357082516287543,0.1337921876201552,7.430499681650338,49.99999939550391,1.0543901174484538,0.4999999939550376,4.359569694314154,4.596687202012621,0.004773021563646365,0.0058480830504946514,1.3379218762015521,1.2044026390737923,1.3379218762015532,0.8,self,,0.0,0.9518771171569824,ok
C5,0.5,0.6,2.0,10.0,20,200,5,1.0,predictive,P1+P2 (protect),0.2423055317257178,5,10.0,True,True,False,8.583001156034032e-09,1.2599356943285576e-08,53.0917254532923,9.999999874006395,1.3418230808547178,0.20998977381175224,8.448187271327134,49.99999937003208,1.0618345224442798,0.4999999937003198,4.141451092950521,4.397535743509457,0.02844020845369454,0.03958720689317974,2.0998977381175226,1.6976700800349342,2.099897738117525,0.8,self,,0.0,0.9727485179901123,ok
C5,0.5,0.6,2.0,10.0,20,200,5,1.0,predictive,P1+P2 (protect),0.2423055317257178,5,30.0,True,True,False,8.889600628926265e-09,1.3049427510197422e-08,53.45213627373715,9.99999986950569,0.7373803526874505,0.28386404300838947,8.97875573479847,49.99999934752858,1.0690427394251398,0.49999999347528445,4.0328713128291,4.311311796015881,0.05190088554614653,0.07720530330191018,2.8386404300838946,2.177045265643646,2.838640430083898,0.8,self,,0.0,1.0566539764404297,ok
C5,0.5,0.6,2.0,10.0,20,200,5,1.0,predictive,P1+P2 (protect),0.2423055317257178,5,100.0,True,True,False,9.147992651117783e-09,1.3428732284633214e-08,53.77089408729723,9.999999865712656,0.4282278721605495,0.34841179772722564,9.223360464399569,49.999999328563455,1.075417896187442,0.4999999932856328,3.987398886445081,4.288120121720919,0.06544993782657482,0.10033784746880353,3.4841179772722564,2.6275625836113803,3.484117977272256,0.8,self,,0.0,1.0574092864990234,ok
C5,0.5,0.6,2.0,10.0,20,200,5,1.0,predictive,P1+P2 (protect),0.2423055317257178,5,300.0,True,True,False,9.279418890143158e-09,1.362165851944158e-08,53.930355894220575,9.999999863783387,0.3165276629418207,0.38048258188634354,9.302989891388448,49.99999931891713,1.0786071325768283,0.4999999931891693,3.9742586323506246,4.286663707558414,0.07033804360367818,0.10881861214746157,3.8048258188634354,2.8658602976666927,3.80482581886344,0.8,self,,0.0,1.0395276546478271,ok
C5,0.5,0.6,2.0,10.0,20,200,5,1.0,predictive,P1+P2 (protect),0.2423055317257178,5,1000.0,True,True,False,9.338359245653583e-09,1.3708179604962171e-08,53.99921755888867,9.999999862918187,0.27298596443669515,0.39430071215051565,9.332713460494602,49.99999931459106,1.0799843659823922,0.49999999314590937,3.9696314879596764,4.287139945707871,0.0722166356685883,0.11206482843572073,3.9430071215051568,2.9716489741015986,3.9430071215051696,0.8,self,,0.0,0.984323263168335,ok
C5,0.5,0.6,2.0,10.0,20,200,5,1.0,predictive,P1+P2 (protect),0.2423055317257178,10,3.0,True,True,False,8.153907012480008e-09,1.1969471175219023e-08,52.56811606119297,9.99999988030527,2.634111361725405,0.1366462992076705,7.229242458761655,49.99999940152638,1.0513623338081117,0.49999999401526346,4.4054001444421855,4.631671777219329,0.18272666965364362,0.36250108721671215,1.3664629920767049,1.0437821381051136,1.366462992076707,0.8,self,,0.0,1.2640049457550049,ok
C5,0.5,0.6,2.0,10.0,20,200,5,1.0,predictive,P1+P2 (protect),0.2423055317257178,10,10.0,True,True,False,8.412398994643466e-09,1.2348922685201217e-08,52.76265539431526,9.999999876510755,1.616795579168641,0.23008716577120156,8.153117378549402,49.999999382553874,1.0552531209175442,0.4999999938255377,4.211037807270665,4.4437107884241405,0.363912988299254,0.967327056645519,2.3008716577120154,1.363144715464735,2.3008716577120234,0.8,self,,0.0,1.2778103351593018,ok
C5,0.5,0.6,2.0,10.0,20,200,5,1.0,predictive,P1+P2 (protect),0.2423055317257178,10,30.0,True,True,False,8.660004224262967e-09,1.2712393062384583e-08,53.00777355020308,9.999999872876078,0.990733751852833,0.32127573099290846,8.68799064427818,49.99999936438041,1.0601554844811736,0.4999999936438039,4.104090847155638,4.350974420421036,0.47788275030352556,1.451889186788653,3.2127573099290845,1.722432498362249,3.21275730992909,0.8,self,,0.0,1.3334832191467285,ok
C5,0.5,0.6,2.0,10.0,20,200,5,1.0,predictive,P1+P2 (protect),0.2423055317257178,10,100.0,True,True,False,8.888695661296783e-09,1.3048099069095764e-08,53.27523329380999,9.999999869518998,0.6460594054587644,0.3971554733786147,8.956785251643623,49.999999347594944,1.0655046797790126,0.4999999934759499,4.0548657149812755,4.3204783951880215,0.5382231600042561,1.725861319393267,3.9715547337861468,2.1066411394123876,3.9715547337861623,0.8,self,,0.0,1.1980628967285156,ok
C5,0.5,0.6,2.0,10.0,20,200,5,1.0,predictive,P1+P2 (protect),0.2423055317257178,10,300.0,True,True,False,9.010283689442362e-09,1.322658337056646e-08,53.42067063468355,9.999999867734154,0.5177316304590357,0.4335373173471559,9.048731184459655,49.9999993386707,1.0684134268251333,0.4999999933867077,4.039595353898863,4.3159579150459715,0.5602955152214736,1.824576668681581,4.335373173471559,2.3197219418962804,4.335373173471561,0.8,self,,0.0,1.236219882965088,ok
C5,0.5,0.6,2.0,10.0,20,200,5,1.0,predictive,P1+P2 (protect),0.2423055317257178,10,1000.0,True,True,False,9.065597275779926e-09,1.3307780565466887e-08,53.48505986329093,9.999999866922176,0.46737047598448156,0.4489971029320468,9.083632554161296,49.99999933461101,1.0697012115011666,0.4999999933461088,4.034047051662178,4.315225018415741,0.5691059631749438,1.8626023676957033,4.489971029320468,2.415303016088495,4.489971029320462,0.8,self,,0.0,1.205627679824829,ok
C5,0.5,0.6,2.0,10.0,20,200,5,1.0,predictive,P1+P2 (protect),0.2423055317257178,15,3.0,True,True,False,7.55722887612443e-09,1.1093581648591897e-08,52.185543233905925,9.999999889064194,4.442875666004876,0.1819504601469003,5.37517398478403,49.99999944532096,1.0437108762566094,0.4999999944532097,4.830469128039095,5.041613166356184,0.5673524337659386,1.6245526957688332,1.819504601469003,0.42296199194424866,1.8195046014690068,0.8,self,,0.0,2.3882997035980225,ok
C5,0.5,0.6,2.0,10.0,20,200,5,1.0,predictive,P1+P2 (protect),0.2423055317257178,15,10.0,True,True,False,7.643047956508633e-09,1.1219559171538312e-08,52.22959279084281,9.999999887804401,3.2915640369488894,0.3578959308530008,6.350540144393708,49.99999943902195,1.0445918675367183,0.4999999943902201,4.636899017866035,4.843667004651857,0.756738690122722,3.365429339954281,3.578959308530008,0.5548027840355936,3.578959308530017,0.8,self,,0.0,2.2708218097686768,ok
C5,0.5,0.6,2.0,10.0,20,200,5,1.0,predictive,P1+P2 (protect),0.2423055317257178,15,30.0,True,True,False,7.76092171511584e-09,1.1392591136778781e-08,52.35920977990067,9.999999886074075,2.390308946901274,0.5179381301281871,7.091753036896464,49.99999943037047,1.0471842075281543,0.4999999943037038,4.49375935004529,4.705793823799412,0.8532832930902247,4.749448113881472,5.179381301281872,0.7824206584477746,5.1793813012818735,0.8,self,,0.0,2.4799561500549316,ok
C5,0.5,0.6,2.0,10.0,20,200,5,1.0,predictive,P1+P2 (protect),0.2423055317257178,15,100.0,True,True,False,7.906265902688556e-09,1.1605948127460952e-08,52.561658506598775,9.999999883940534,1.8495306084554606,0.63629715772949,7.5141723498745145,49.99999941970254,1.0512331823325345,0.4999999941970267,4.416266872627346,4.642526278541794,0.9032292332574673,5.548071825353326,6.3629715772949,1.0963397000393496,6.362971577294901,0.8,self,,0.0,2.298708200454712,ok
C5,0.5,0.6,2.0,10.0,20,200,5,1.0,predictive,P1+P2 (protect),0.2423055317257178,15,300.0,True,True,False,7.995057350936535e-09,1.1736288917234865e-08,52.68630152466882,9.999999882637134,1.644686287310378,0.6885900964779876,7.6667237335745,49.99999941318555,1.0537260428602098,0.4999999941318567,4.389717550529476,4.625559703793438,0.9221155615921273,5.837644679879944,6.885900964779877,1.2834039686712126,6.88590096477988,0.8,self,,0.0,2.2820191383361816,ok
C5,0.5,0.6,2.0,10.0,20,200,5,1.0,predictive,P1+P2 (protect),0.2423055317257178,15,1000.0,True,True,False,8.037430189565788e-09,1.1798489831408034e-08,52.74365542931654,9.9999998820151,1.5643733023574975,0.7101163865649665,7.725510429062437,49.999999410075425,1.0548731210322424,0.499999994100755,4.379693359192956,4.620020802976059,0.9299307379493086,5.9492965513173965,7.1011638656496645,1.3676217811070963,7.101163865649642,0.8,self,,0.0,2.386150598526001,ok
C5,0.5,0.6,2.0,10.0,20,200,5,1.0,predictive,P1+P2 (protect),0.2423055317257178,20,3.0,True,True,False,6.248560141345893e-09,9.172530471816816e-09,52.04091662038687,9.999999908274706,8.173232213537577,0.2931080325371301,1.533659845650586,49.99999954137348,1.0408183419546753,0.4999999954137353,5.713785832173949,5.947013096127404,0.7724925733231793,3.067319691301168,2.9310803253713007,0.13829845436207222,2.9310803253713065,0.8,self,,0.0,7.530033349990845,ok
C5,0.5,0.6,2.0,10.0,20,200,5,1.0,predictive,P1+P2 (protect),0.2423055317257178,20,10.0,True,True,False,6.259350188009819e-09,9.188369645847562e-09,52.06136332986835,9.99999990811631,6.333347048835065,0.5952668821555425,3.0713861608930833,49.99999954058161,1.041227276164546,0.4999999954058155,5.412335501859015,5.635471352289334,0.9045492383896123,6.142772321786186,5.952668821555425,0.2631394761742411,5.952668821555428,0.8,self,,0.0,7.342660903930664,ok
C5,0.5,0.6,2.0,10.0,20,200,5,1.0,predictive,P1+P2 (protect),0.2423055317257178,20,30.0,True,True,False,6.297406183870898e-09,9.244233680641785e-09,52.16180549760981,9.999999907557653,4.83536939040458,0.8578948541752088,4.306735847862559,49.99999953778835,1.043236119596114,0.49999999537788264,5.1731525825589095,5.396819626307372,0.9581550013473163,8.613471695725114,8.578948541752089,0.4717299486553442,8.578948541752109,0.8,self,,0.0,7.3060243129730225,ok
C5,0.5,0.6,2.0,10.0,20,200,5,1.0,predictive,P1+P2 (protect),0.2423055317257178,20,100.0,True,True,False,6.372351643299581e-09,9.35424934730319e-09,52.34594504897052,9.999999906457498,3.942017977318986,1.0373200934497995,5.020662022773715,49.99999953228754,1.0469189107725507,0.4999999953228749,5.039083525032581,5.275511835319015,0.982449500156301,10.04132404554734,10.373200934497994,0.7835638234877883,10.373200934498028,0.8,self,,0.0,7.277874708175659,ok
C5,0.5,0.6,2.0,10.0,20,200,5,1.0,predictive,P1+P2 (protect),0.2423055317257178,20,300.0,True,True,False,6.427482486177792e-09,9.435178285220397e-09,52.46576095763375,9.99999990564823,3.610739687713744,1.1119663594591689,5.277294047178858,49.999999528241005,1.0493152290531529,0.49999999528241146,4.992416621027047,5.238618790221763,0.9911006413250609,10.554588094357728,11.119663594591689,0.9750097428354284,11.119663594591671,0.8,self,,0.0,7.389429569244385,ok
C5,0.5,0.6,2.0,10.0,20,200,5,1.0,predictive,P1+P2 (protect),0.2423055317257178,20,1000.0,True,True,False,6.4555057274311194e-09,9.476314807594343e-09,52.52208900322056,9.999999905236855,3.4824498073231167,1.1420082289506959,5.375542058489333,49.99999952618418,1.05044179001873,0.49999999526184274,4.9747711054262425,5.225707464917398,0.9946546299313355,10.751084116978545,11.420082289506958,1.0610119455358766,11.420082289506986,0.8,self,,0.0,7.257721662521362,ok
C5,0.5,0.6,2.0,10.0,20,200,5,1.0,predictive,NoCancel,0.632455532033676,0,1.0,False,False,True,7.819599957368099e-09,1.1478727456203482e-08,52.59015580204232,9.99999988521274,2.6214808080819374,0.16579700391915367,7.212722302786169,49.999999426063575,1.0518031281142088,0.49999999426063696,4.413510926909397,4.642144598889545,0.0,0.0,1.6579700391915366,0.0,1.65797003919153,0.8,self,,0.0,12.137653589248657,ok
C5,0.5,0.6,2.0,10.0,20,200,5,1.0,predictive,P2 only,0.632455532033676,0,3.0,False,False,False,8.641679616411984e-09,1.2685493581535414e-08,53.08242424020564,9.999999873145084,1.4274445366737796,0.20546181933015029,8.367093770850985,49.99999936572529,1.0616484982716488,0.4999999936572542,4.159063845276004,4.415463885553178,0.0,0.0,2.054618193301503,1.698478798741232,2.054618193301498,0.8,self,,0.0,0.9626026153564453,ok
C5,0.5,0.6,2.0,10.0,20,200,5,1.0,predictive,P2 only,0.632455532033676,0,10.0,False,False,False,8.949856013839462e-09,1.3137878983885097e-08,53.465495740709905,9.99999986862118,0.7481408882736322,0.28168545971693804,8.970173783388251,49.999999343106005,1.0693099288626635,0.49999999343105894,4.0344796564524374,4.314109154439019,0.0,0.0,2.8168545971693804,2.193430364301621,2.816854597169372,0.8,self,,0.0,0.9560520648956299,ok
C5,0.5,0.6,2.0,10.0,20,200,5,1.0,predictive,P2 only,0.632455532033676,0,30.0,False,False,False,9.18733950618795e-09,1.3486491227158333e-08,53.76938284203139,9.999999865135107,0.43991352669043304,0.3421621425048177,9.217924465669643,49.99999932567541,1.0753876713438348,0.49999999325675537,3.9876852842915005,4.288307591926315,0.0,0.0,3.421621425048177,2.6153893205703738,3.4216214250481873,0.8,self,,0.0,1.0534229278564453,ok
C5,0.5,0.6,2.0,10.0,20,200,5,1.0,predictive,P2 only,0.632455532033676,0,100.0,False,False,False,9.344097422896447e-09,1.3716602922296341e-08,53.96576178712548,9.999999862833958,0.2999415830042846,0.3812395964959229,9.318818957665833,49.999999314169756,1.0793152505470505,0.4999999931416979,3.970801633745619,4.28574676019879,0.0,0.0,3.8123959649592294,2.90615675760589,3.812395964959226,0.8,self,,0.0,0.9498090744018555,ok
C5,0.5,0.6,2.0,10.0,20,200,5,1.0,predictive,P2 only,0.632455532033676,0,300.0,False,False,False,9.405054734641186e-09,1.3806084784714717e-08,54.03878388819109,9.999999861939177,0.25418897300535037,0.3957669583391901,9.350044206716284,49.999999309695646,1.080775692685105,0.49999999309695886,3.965942391130591,4.286294134923387,0.0,0.0,3.957669583391901,3.018099272511033,3.9576695833919198,0.8,self,,0.0,1.0585353374481201,ok
C5,0.5,0.6,2.0,10.0,20,200,5,1.0,predictive,P2 only,0.632455532033676,0,1000.0,False,False,False,9.428803461640533e-09,1.3840946563574065e-08,54.06654577010658,9.999999861590531,0.237373896386701,0.40128932764647074,9.361336914376297,49.99999930795252,1.0813309303687784,0.4999999930795266,3.9642254119074107,4.286639552849394,0.0,0.0,4.012893276464707,3.0611981148958716,4.0128932764647045,0.8,self,,0.0,0.9924540519714355,ok
C5,0.5,0.6,2.0,10.0,20,200,5,1.0,predictive,P1 only,0.632455532033676,5,1.0,False,False,False,8.388054694630585e-09,1.2313186638981785e-08,52.78498010686313,9.999999876868143,2.317321136377521,0.14656025722005236,7.536118729534284,49.99999938434055,1.0556996151362916,0.49999999384340715,4.337663519727612,4.579269708367172,0.003976183989251886,0.0047808093101539915,1.4656025722005237,1.3199695975484484,1.4656025722005284,0.8,self,,0.0,1.1474013328552246,ok
C5,0.5,0.6,2.0,10.0,20,200,5,1.0,predictive,P1 only,0.632455532033676,10,1.0,False,False,False,8.336506461756588e-09,1.2237516768506147e-08,52.68310339583261,9.999999877624834,2.4362719904423966,0.15408336978939932,7.409644762143371,49.9999993881242,1.0536620808108588,0.4999999938812417,4.367325945142722,4.601685742938331,0.2130274645800222,0.40933794583830097,1.5408336978939932,1.318055155451173,1.5408336978939945,0.8,self,,0.0,1.7010788917541504,ok
C5,0.5,0.6,2.0,10.0,20,200,5,1.0,predictive,P1 only,0.632455532033676,15,1.0,False,False,False,7.960990738337121e-09,1.168628107007117e-08,52.35794783539165,9.999999883137182,3.5366562481483865,0.2236777809042915,6.239666087810141,49.999999415685934,1.0471589689452272,0.4999999941568591,4.641725537833611,4.860624528324574,0.7395309217859437,2.2631214037985568,2.236777809042915,1.3094673913816375,2.2367778090429136,0.8,self,,0.0,7.071946859359741,ok
C5,0.5,0.6,2.0,10.0,20,200,5,1.0,predictive,P1 only,0.632455532033676,20,1.0,False,False,False,7.1457230513647415e-09,1.0489514531594902e-08,52.13693821864854,9.999999895104892,5.956709872082172,0.37673541113179776,3.6665548216811388,49.999999475524106,1.0427387753107977,0.4999999947552446,5.245207207062143,5.469380939343349,0.9638411922775005,4.753778616421028,3.7673541113179776,1.3908264376511723,3.7673541113179816,0.8,self,,0.0,36.71891188621521,ok
C5,0.5,0.6,2.0,10.0,20,200,5,1.0,predictive,P1 only (protect),0.632455532033676,5,1.0,True,True,False,8.387800512152098e-09,1.2312813513577636e-08,52.78410488153816,9.999999876871854,2.3176258266819274,0.14643182959149112,7.535942466854728,49.999999384359256,1.0556821106291816,0.4999999938435927,4.337683967985611,4.579215366565413,0.00376012744283909,0.004526902749185535,1.4643182959149112,1.3186383975527716,1.4643182959149144,0.8,self,,0.0,0.9598381519317627,ok
C5,0.5,0.6,2.0,10.0,20,200,5,1.0,predictive,P1 only (protect),0.632455532033676,10,1.0,True,True,False,8.29604520938561e-09,1.217812195406756e-08,52.618448408905195,9.999999878218745,2.536538168004648,0.14315424211846178,7.320307711658145,49.99999939109398,1.05236898099398,0.49999999391093725,4.385835658408215,4.615517402646115,0.17223763662406316,0.32607949838692696,1.4315424211846177,1.1394809576118914,1.4315424211846148,0.8,self,,0.0,1.1903326511383057,ok
C5,0.5,0.6,2.0,10.0,20,200,5,1.0,predictive,P1 only (protect),0.632455532033676,15,1.0,True,True,False,7.630436931021407e-09,1.1201046904179748e-08,52.19409131805907,9.999999887989535,4.492955173353271,0.1691570057057606,5.337887932951433,49.999999439947665,1.0438818380537507,0.49999999439947673,4.836956380537974,5.049210917101798,0.5476974316879311,1.4742627650272437,1.6915700570576058,0.43841908037049276,1.6915700570576089,0.8,self,,0.0,2.268120288848877,ok
C5,0.5,0.6,2.0,10.0,20,200,5,1.0,predictive,P1 only (protect),0.632455532033676,20,1.0,True,True,False,6.248111271472577e-09,9.17187155640621e-09,52.040663625694286,9.999999908281284,8.349525515931747,0.2645752050352833,1.3858993707516856,49.99999954140642,1.0408132820600915,0.4999999954140642,5.742827713192773,5.97721136047382,0.750241481727552,2.771798741503331,2.645752050352833,0.12726407195971645,2.6457520503528382,0.8,self,,0.0,7.357513904571533,ok
C5,0.5,0.6,2.0,10.0,20,200,5,1.0,predictive,P1+P2,0.632455532033676,5,3.0,False,False,False,8.63957417687348e-09,1.2682402916185905e-08,53.07491215759976,9.999999873175945,1.4292905008836365,0.2056645113813522,8.365045114559067,49.999999365879845,1.061498256614344,0.4999999936587972,4.15955648081919,4.415361952678467,0.023153975291876044,0.031465419213699955,2.0566451138135218,1.6990602233504237,2.0566451138135236,0.8,self,,0.0,1.0222342014312744,ok
C5,0.5,0.6,2.0,10.0,20,200,5,1.0,predictive,P1+P2,0.632455532033676,5,10.0,False,False,False,8.945304199113543e-09,1.3131197179067933e-08,53.44949538689442,9.999999868687995,0.7508076981487124,0.2822441637565551,8.966948269406737,49.999999343440024,1.0689899217750083,0.49999999343439977,4.035291318328474,4.313685750719325,0.04990370530590606,0.07371963883280387,2.822441637565551,2.194651401742729,2.8224416375655537,0.8,self,,0.0,1.0459043979644775,ok
C5,0.5,0.6,2.0,10.0,20,200,5,1.0,predictive,P1+P2,0.632455532033676,5,30.0,False,False,False,9.181677441472759e-09,1.3478179638579556e-08,53.749825901533114,9.999999865218195,0.4423224712083624,0.3429621473114617,9.21471551626198,49.99999932609089,1.0749965325196615,0.4999999932609097,3.988529499105852,4.287655381391174,0.06377100653876078,0.09733385975415233,3.429621473114617,2.6168141371417315,3.4296214731146253,0.8,self,,0.0,1.016178846359253,ok
C5,0.5,0.6,2.0,10.0,20,200,5,1.0,predictive,P1+P2,0.632455532033676,5,100.0,False,False,False,9.338016632065073e-09,1.3707676667623192e-08,53.94503834927127,9.999999862923225,0.3020500725925776,0.38216475229259106,9.315785312191608,49.99999931461607,1.0789007817746505,0.4999999931461613,3.9716251238048565,4.284989450988903,0.07000029037690356,0.10819821615802844,3.8216475229259106,2.907606248643425,3.8216475229259053,0.8,self,,0.0,1.2461419105529785,ok
C5,0.5,0.6,2.0,10.0,20,200,5,1.0,predictive,P1+P2,0.632455532033676,5,300.0,False,False,False,9.398853678356518e-09,1.3796981987204611e-08,54.017768072570966,9.999999862030165,0.25617946467897623,0.396735085599343,9.347085587691517,49.99999931015073,1.0803553763570668,0.4999999931015083,3.966755418687743,4.285505543272831,0.07198801829490388,0.111664503989639,3.96735085599343,3.019551148213189,3.9673508559934336,0.8,self,,0.0,1.0398609638214111,ok
C5,0.5,0.6,2.0,10.0,20,200,5,1.0,predictive,P1+P2,0.632455532033676,5,1000.0,False,False,False,9.422560358378692e-09,1.3831782043495823e-08,54.04543452125981,9.999999861682188,0.2393192209516548,0.40227352395755517,9.358407393408601,49.999999308410935,1.0809087053760889,0.49999999308410936,3.965034291948872,4.2858400832822525,0.07271009435998893,0.11292011513430322,4.022735239575551,3.062650882375248,4.022735239575543,0.8,self,,0.0,0.99261474609375,ok
C5,0.5,0.6,2.0,10.0,20,200,5,1.0,predictive,P1+P2,0.632455532033676,10,3.0,False,False,False,8.532525476459426e-09,1.2525261519803677e-08,52.85333136581601,9.999999874747402,1.6004549121543923,0.22466364146139658,8.174881571636808,49.99999937373696,1.0570666405563556,0.49999999373737014,4.205312411547269,4.445295463364218,0.36327388451349174,0.9173536496001887,2.246636414613966,1.6850483080784033,2.246636414613965,0.8,self,,0.0,1.709601640701294,ok
C5,0.5,0.6,2.0,10.0,20,200,5,1.0,predictive,P1+P2,0.632455532033676,10,10.0,False,False,False,8.786084395505751e-09,1.2897471574052839e-08,53.117254374275966,9.999999871025276,0.9113592871366626,0.31435868183341203,8.77428216000465,49.99999935512626,1.0623451011870884,0.4999999935512638,4.0835842475703945,4.33817572069117,0.48223870710945077,1.441376927468249,3.1435868183341205,2.167265454026879,3.1435868183341373,0.8,self,,0.0,1.7431244850158691,ok
C5,0.5,0.6,2.0,10.0,20,200,5,1.0,predictive,P1+P2,0.632455532033676,10,30.0,False,False,False,8.998235804094749e-09,1.3208897760890927e-08,53.37090923929564,9.999999867911026,0.5784311786064317,0.3821821022010045,9.039386851281538,49.99999933955501,1.0674181988853328,0.4999999933955513,4.033979909842189,4.305943569703366,0.5355946648138591,1.7005150925962405,3.8218210220100453,2.5816318232554054,3.8218210220100515,0.8,self,,0.0,1.6010491847991943,ok
C5,0.5,0.6,2.0,10.0,20,200,5,1.0,predictive,P1+P2,0.632455532033676,10,100.0,False,False,False,9.144216388642695e-09,1.342318894612852e-08,53.54886969338792,9.999999865768098,0.42313359901070263,0.42464477174723897,9.15222176347396,49.999999328840545,1.0709774082436907,0.4999999932884049,4.0149117531466425,4.299879783712123,0.5592503371684718,1.81652763501836,4.24644771747239,2.867377079769986,4.246447717472387,0.8,self,,0.0,1.6937651634216309,ok
C5,0.5,0.6,2.0,10.0,20,200,5,1.0,predictive,P1+P2,0.632455532033676,10,300.0,False,False,False,9.201831636536862e-09,1.3507764849127164e-08,53.61684972764139,9.999999864922335,0.37200786137757286,0.4402293977478705,9.18776287595222,49.99999932461176,1.072337009037704,0.49999999324611677,4.009237907611188,4.299254186368364,0.5669959786827853,1.85371558857781,4.402293977478705,2.9772256490819093,4.402293977478719,0.8,self,,0.0,1.787053108215332,ok
C5,0.5,0.6,2.0,10.0,20,200,5,1.0,predictive,P1+P2,0.632455532033676,10,1000.0,False,False,False,9.224379247802675e-09,1.3540863458486942e-08,53.64290467092458,9.999999864591345,0.35319347951752994,0.4461304012913381,9.200676254599786,49.99999932295676,1.072858107945918,0.49999999322956723,4.007212268023972,4.29917017200987,0.5698708249433605,1.8672673510482534,4.461304012913381,3.0194857536715447,4.461304012913379,0.8,self,,0.0,1.716735601425171,ok
C5,0.5,0.6,2.0,10.0,20,200,5,1.0,predictive,P1+P2,0.632455532033676,15,3.0,False,False,False,8.048822929062438e-09,1.181521372441258e-08,52.40802915741619,9.999999881847877,2.6535392873318315,0.340482990175216,7.005977840645075,49.9999994092393,1.0481605955325655,0.4999999940923939,4.486421370973855,4.702490096009985,0.8269271947673106,3.5576406354604027,3.40482990175216,1.614945219048714,3.404829901752158,0.8,self,,0.0,7.099738359451294,ok
C5,0.5,0.6,2.0,10.0,20,200,5,1.0,predictive,P1+P2,0.632455532033676,15,10.0,False,False,False,8.190111905707811e-09,1.202261789637576e-08,52.54968615900265,9.999999879773796,1.7767147196419049,0.47959848506204195,7.743686915522257,49.99999939886912,1.0509937358157486,0.4999999939886898,4.340924913385556,4.56228489161474,0.8851179415300219,4.869563748116442,4.795984850620419,2.031197211115833,4.7959848506204255,0.8,self,,0.0,7.053843259811401,ok
C5,0.5,0.6,2.0,10.0,20,200,5,1.0,predictive,P1+P2,0.632455532033676,15,30.0,False,False,False,8.33489177935782e-09,1.2235146506367776e-08,52.738733006681926,9.999999877648513,1.314372430453371,0.5742020292952994,8.111425662602816,49.99999938824271,1.0547746730389604,0.49999999388242566,4.27219508081385,4.506203169524084,0.911684974777106,5.53609568792529,5.7420202929529935,2.414896834532056,5.742020292952989,0.8,self,,0.0,7.142780303955078,ok
C5,0.5,0.6,2.0,10.0,20,200,5,1.0,predictive,P1+P2,0.632455532033676,15,100.0,False,False,False,8.445746340078046e-09,1.2397874688865869e-08,52.88808517769984,9.999999876021262,1.093675981291571,0.6291301017278602,8.277194040959307,49.99999938010632,1.057761716667993,0.4999999938010631,4.243060466301718,4.488146922761399,0.9244180496099238,5.8390736401213506,6.291301017278602,2.68604306671224,6.291301017278616,0.8,self,,0.0,7.1344218254089355,ok
C5,0.5,0.6,2.0,10.0,20,200,5,1.0,predictive,P1+P2,0.632455532033676,15,300.0,False,False,False,8.491344409734346e-09,1.2464810058526248e-08,52.947385302457384,9.99999987535189,1.020858041619553,0.6486412756944392,8.330500807334118,49.99999937675951,1.0589477192487295,0.49999999376759446,4.23396942386327,4.483552264768867,0.928907102248009,5.936781040495325,6.486412756944392,2.790022986652088,6.4864127569444054,0.8,self,,0.0,6.950183868408203,ok
C5,0.5,0.6,2.0,10.0,20,200,5,1.0,predictive,P1+P2,0.632455532033676,15,1000.0,False,False,False,8.50943324473683e-09,1.2491363438235397e-08,52.97040954623752,9.999999875086353,0.9940783241201637,0.6559545823235203,8.349967218469963,49.99999937543171,1.0594082041582058,0.49999999375431764,4.230677897878583,4.4820148741633625,0.9306575356617767,5.9724769825953725,6.5595458232352035,2.8298984368134414,6.5595458232352435,0.8,self,,0.0,7.101810693740845,ok
C5,0.5,0.6,2.0,10.0,20,200,5,1.0,predictive,P1+P2,0.632455532033676,20,3.0,False,False,False,7.1766180073828584e-09,1.0534866567661801e-08,52.156352928398164,9.999999894651333,4.703274797847083,0.5645966382233132,4.732128669278271,49.99999947325662,1.0431270695571688,0.4999999947325667,5.033079359526937,5.250141323152006,0.9788862585864635,6.827103783340346,5.645966382233132,1.6573578436936918,5.645966382233156,0.8,self,,0.0,36.31800436973572,ok
C5,0.5,0.6,2.0,10.0,20,200,5,1.0,predictive,P1+P2,0.632455532033676,20,10.0,False,False,False,7.239978540795864e-09,1.0627876222577259e-08,52.257973079758536,9.999999893721238,3.3861876595038476,0.7809644126645741,5.832848034110341,49.999999468606106,1.045159472702998,0.49999999468606193,4.8173102616470915,5.034857452909816,0.9875602012311724,8.986822012054866,7.809644126645741,2.0262620402791924,7.809644126645728,0.8,self,,0.0,36.27356028556824,ok
C5,0.5,0.6,2.0,10.0,20,200,5,1.0,predictive,P1+P2,0.632455532033676,20,30.0,False,False,False,7.322753120166723e-09,1.0749384591450595e-08,52.424840488279926,9.999999892506178,2.6845028957134844,0.9175008427419027,6.3979963690384345,49.99999946253043,1.0484968210363013,0.4999999946253089,4.710353565676787,4.938790739569117,0.9918545664182241,10.09908030166345,9.175008427419026,2.392061106116388,9.175008427419039,0.8,self,,0.0,36.41965436935425,ok
C5,0.5,0.6,2.0,10.0,20,200,5,1.0,predictive,P1+P2,0.632455532033676,20,100.0,False,False,False,7.394245283313138e-09,1.0854331015800578e-08,52.5654407362381,9.99999989145671,2.354071348949976,0.9920491814551444,6.65387957813817,49.99999945728357,1.0513088261360135,0.4999999945728355,4.663840857900326,4.90313705760437,0.9943199981560051,10.603484431149841,9.920491814551443,2.659152959855553,9.92049181455149,0.8,self,,0.0,35.89294242858887,ok
C5,0.5,0.6,2.0,10.0,20,200,5,1.0,predictive,P1+P2,0.632455532033676,20,300.0,False,False,False,7.424979772317807e-09,1.0899447495471333e-08,52.62255550227708,9.99999989100559,2.2462746067814714,1.0178328928002498,6.735892609412689,49.99999945502762,1.0524511215166774,0.4999999945502795,4.649217366049938,4.89307403107407,0.9953722819062616,10.765269913562735,10.178328928002498,2.7616423189320676,10.178328928002498,0.8,self,,0.0,35.171958446502686,ok
C5,0.5,0.6,2.0,10.0,20,200,5,1.0,predictive,P1+P2,0.632455532033676,20,1000.0,False,False,False,7.437359052977003e-09,1.0917619574535432e-08,52.64496033013538,9.999999890823815,2.2068015182297005,1.0274223963281426,6.765776194618341,49.99999945411916,1.0528992180978578,0.49999999454119076,4.643918172417795,4.889577812649129,0.9958446293486217,10.824235088272449,10.274223963281425,2.8008570151538152,10.274223963281464,0.8,self,,0.0,35.98350644111633,ok
C5,0.5,0.6,2.0,10.0,20,200,5,1.0,predictive,P1+P2 (protect),0.632455532033676,5,3.0,True,True,False,8.638660408614417e-09,1.2681061556415596e-08,53.071815379842896,9.999999873189385,1.4302323459751118,0.20538700915258337,8.36438077168292,49.99999936594702,1.0614363210569953,0.49999999365946923,4.159664614486767,4.415219105231798,0.02263389885935321,0.030801898286581055,2.053870091525834,1.6918976536319752,2.0538700915258303,0.8,self,,0.0,1.017807960510254,ok
C5,0.5,0.6,2.0,10.0,20,200,5,1.0,predictive,P1+P2 (protect),0.632455532033676,5,10.0,True,True,False,8.943808767328425e-09,1.3129001970363887e-08,53.44456048625505,9.999999868709965,0.7520195802562244,0.2820625600929833,8.965917990940827,49.999999343549675,1.0688912237585808,0.4999999934354983,4.035496425052173,4.313506712247396,0.04945724381931117,0.07313257353093923,2.820625600929833,2.179168819808046,2.820625600929839,0.8,self,,0.0,0.9534788131713867,ok
C5,0.5,0.6,2.0,10.0,20,200,5,1.0,predictive,P1+P2 (protect),0.632455532033676,5,30.0,True,True,False,9.179996422382527e-09,1.3475711998279785e-08,53.74441702607432,9.99999986524284,0.4434608387309663,0.34292982587317533,9.213609470153019,49.999999326214464,1.074888355006371,0.499999993262142,3.98877414895344,4.287486883460501,0.06352202907955523,0.09701114939039523,3.4292982587317535,2.596798145511904,3.429298258731767,0.8,self,,0.0,0.9946572780609131,ok
C5,0.5,0.6,2.0,10.0,20,200,5,1.0,predictive,P1+P2 (protect),0.632455532033676,5,100.0,True,True,False,9.336284411151863e-09,1.3705133865962973e-08,53.939564521617285,9.999999862948659,0.3031051571816716,0.382222748981359,9.314672230888311,49.99999931474318,1.0787913052173277,0.49999999314743293,3.9718849438317467,4.284834942729303,0.06988602313985685,0.10804676646424077,3.82222748981359,2.885497705488208,3.8222274898136006,0.8,self,,0.0,0.9598302841186523,ok
C5,0.5,0.6,2.0,10.0,20,200,5,1.0,predictive,P1+P2 (protect),0.632455532033676,5,300.0,True,True,False,9.397109776523795e-09,1.3794422038619718e-08,54.012296984215645,9.999999862055773,0.2572019332095739,0.39682442472389784,9.345973780010755,49.999999310278746,1.0802459545856848,0.49999999310278864,3.967019665052302,4.285356944934608,0.07192659447587872,0.11157533036613738,3.9682442472389785,2.996775291797712,3.968244247238989,0.8,self,,0.0,1.0033583641052246,ok
C5,0.5,0.6,2.0,10.0,20,200,5,1.0,predictive,P1+P2 (protect),0.632455532033676,5,1000.0,True,True,False,9.420812773778686e-09,1.3829216688818276e-08,54.03996744576312,9.999999861707844,0.24032920782743314,0.4023744698074305,9.357296460657293,49.99999930853912,1.080799363861872,0.49999999308539217,3.965300086498487,4.285693811008991,0.07266960043227351,0.11285458129153876,4.023744698074305,3.039633416667348,4.023744698074313,0.8,self,,0.0,1.095975399017334,ok
C5,0.5,0.6,2.0,10.0,20,200,5,1.0,predictive,P1+P2 (protect),0.632455532033676,10,3.0,True,True,False,8.47309594386277e-09,1.2438022350131937e-08,52.757890727785515,9.999999875619777,1.7151783738146626,0.21783312107964337,8.066988629485918,49.99999937809879,1.0551578276797888,0.4999999937809888,4.22862450909115,4.461866251086131,0.3330288351773425,0.842470391538475,2.1783312107964337,1.3694146799357054,2.178331210796436,0.8,self,,0.0,1.1852507591247559,ok
C5,0.5,0.6,2.0,10.0,20,200,5,1.0,predictive,P1+P2 (protect),0.632455532033676,10,10.0,True,True,False,8.712333412068511e-09,1.2789209330075008e-08,53.00014226180836,9.999999872107896,1.0150672811586747,0.31550736645450606,8.669425480278923,49.999999360539356,1.0600028587927695,0.4999999936053948,4.107411409376715,4.353867836177356,0.46733780769395156,1.403349380990433,3.1550736645450606,1.7242592390961646,3.155073664545064,0.8,self,,0.0,1.13584303855896,ok
C5,0.5,0.6,2.0,10.0,20,200,5,1.0,predictive,P1+P2 (protect),0.632455532033676,10,30.0,True,True,False,8.91904936463075e-09,1.3092656576985913e-08,53.24787410261283,9.999999869073418,0.6699846821746057,0.38859376054338224,8.941421688208594,49.999999345367094,1.0649574959953811,0.4999999934536709,4.057043937345729,4.3205793526589495,0.5298137267637557,1.6875615811363842,3.8859376054338224,2.0770386573270176,3.8859376054338166,0.8,self,,0.0,1.1758005619049072,ok
C5,0.5,0.6,2.0,10.0,20,200,5,1.0,predictive,P1+P2 (protect),0.632455532033676,10,100.0,True,True,False,9.063184954542654e-09,1.3304239415160834e-08,53.425292033377985,9.999999866957607,0.5078798840159842,0.43375499566194387,9.058365253364464,49.99999933478796,1.068505854883219,0.49999999334788037,4.037454760523096,4.314044050445053,0.5582738055835157,1.8158811883692485,4.337549956619439,2.3348986250738535,4.337549956619427,0.8,self,,0.0,1.1695141792297363,ok
C5,0.5,0.6,2.0,10.0,20,200,5,1.0,predictive,P1+P2 (protect),0.632455532033676,10,300.0,True,True,False,9.120315033153109e-09,1.3388103117279054e-08,53.4935011570313,9.999999866118916,0.45443212870572997,0.4502277167327585,9.095340288442596,49.999999330594925,1.0698700374641545,0.4999999933059458,4.031591001651041,4.313278415976547,0.567765838632725,1.8571194115066898,4.502277167327585,2.4356534945100665,4.5022771673275805,0.8,self,,0.0,1.2008421421051025,ok
C5,0.5,0.6,2.0,10.0,20,200,5,1.0,predictive,P1+P2 (protect),0.632455532033676,10,1000.0,True,True,False,9.142700660408231e-09,1.3420963943335377e-08,53.519697174639326,9.999999865790349,0.4347595396061731,0.45645181254496264,9.108788782058516,49.99999932895177,1.0703939578585058,0.49999999328951744,4.029493237041187,4.313145214160598,0.5713204917342323,1.8721590859352377,4.564518125449626,2.474568844407477,4.564518125449635,0.8,self,,0.0,1.1497828960418701,ok
C5,0.5,0.6,2.0,10.0,20,200,5,1.0,predictive,P1+P2 (protect),0.632455532033676,15,3.0,True,True,False,7.684271023992061e-09,1.1280072287026364e-08,52.22208225371347,9.999999887199268,3.501219474834583,0.3214282826544075,6.177352355311742,49.99999943599626,1.0444416568556494,0.4999999943599634,4.670483662190568,4.878047694455558,0.7285471972141573,3.003477046534559,3.214282826544075,0.5388185389442188,3.2142828265440726,0.8,self,,0.0,2.213759660720825,ok
C5,0.5,0.6,2.0,10.0,20,200,5,1.0,predictive,P1+P2 (protect),0.632455532033676,15,10.0,True,True,False,7.792634467433403e-09,1.1439143651180547e-08,52.34337159778493,9.999999885608569,2.4683273735658027,0.5011333986199336,7.030539342205696,49.99999942804279,1.0468674439309662,0.4999999942804284,4.505041127752195,4.716180890213818,0.8450630462773769,4.6103168287880125,5.011333986199336,0.7613940408182805,5.011333986199344,0.8,self,,0.0,2.3600080013275146,ok
C5,0.5,0.6,2.0,10.0,20,200,5,1.0,predictive,P1+P2 (protect),0.632455532033676,15,30.0,True,True,False,7.921419590123813e-09,1.1628192877582894e-08,52.52780199498062,9.999999883718058,1.9155948419979365,0.6188175225914889,7.465587751692517,49.999999418590285,1.0505560521156823,0.4999999941859029,4.424598177640894,4.64828839370066,0.8964743494901896,5.438053987286127,6.18817522591489,1.0490476606795596,6.188175225914909,0.8,self,,0.0,2.2248058319091797,ok
C5,0.5,0.6,2.0,10.0,20,200,5,1.0,predictive,P1+P2 (protect),0.632455532033676,15,100.0,True,True,False,8.026255607257746e-09,1.1782086180823626e-08,52.67952460377206,9.999999882179115,1.6522417703136305,0.6850318821760667,7.662726465331189,49.999999410895654,1.053590504488936,0.49999999410895574,4.390084159243772,4.625350984086532,0.9205626196964458,5.8142704474450335,6.850318821760667,1.2773682746875052,6.850318821760674,0.8,self,,0.0,2.2275681495666504,ok
C5,0.5,0.6,2.0,10.0,20,200,5,1.0,predictive,P1+P2 (protect),0.632455532033676,15,300.0,True,True,False,8.070292546651492e-09,1.1846729900158212e-08,52.74062348251131,9.999999881532727,1.5656664851180775,0.7082196036385197,7.726114029710676,49.99999940766362,1.0548124821463023,0.4999999940766363,4.379271933079502,4.619310697725225,0.9289063366504894,5.935282658077539,7.082196036385197,1.3671670041562636,7.082196036385195,0.8,self,,0.0,2.2298827171325684,ok
C5,0.5,0.6,2.0,10.0,20,200,5,1.0,predictive,P1+P2 (protect),0.632455532033676,15,1000.0,True,True,False,8.08787661014216e-09,1.1872542304032733e-08,52.7644661026476,9.99999988127456,1.5338795067019222,0.7168686640574419,7.749251947966076,49.99999940637288,1.0552893345819194,0.49999999406372797,4.375353045831798,4.617263404296813,0.9321208790363982,5.979441282529131,7.1686866405744185,1.4017304079812833,7.168686640574427,0.8,self,,0.0,2.3561084270477295,ok
C5,0.5,0.6,2.0,10.0,20,200,5,1.0,predictive,P1+P2 (protect),0.632455532033676,20,3.0,True,True,False,6.255511069492054e-09,9.182734038489971e-09,52.05231923337791,9.999999908172661,6.725790825071502,0.5298179139908787,2.744391352764958,49.9999995408633,1.0410463942272103,0.49999999540863305,5.476258605423277,5.7010392750316345,0.8854810037443697,5.48878270552991,5.298179139908788,0.23193288349339802,5.298179139908799,0.8,self,,0.0,7.066026449203491,ok
C5,0.5,0.6,2.0,10.0,20,200,5,1.0,predictive,P1+P2 (protect),0.632455532033676,20,10.0,True,True,False,6.290434154079432e-09,9.233999137933073e-09,52.14342587751254,9.999999907659987,4.9898351320103975,0.8292849557703991,4.180880004559216,49.999999538300074,1.0428685271800973,0.49999999538299933,5.197241450712518,5.420039537103916,0.9535655896978805,8.361760009118319,8.29284955770399,0.43851317600080963,8.292849557703974,0.8,self,,0.0,7.133298397064209,ok
C5,0.5,0.6,2.0,10.0,20,200,5,1.0,predictive,P1+P2 (protect),0.632455532033676,20,30.0,True,True,False,6.356654913311436e-09,9.331207441531575e-09,52.30945933319875,9.999999906687906,4.066991019291379,1.0103998321928773,4.922609241827837,49.999999533439606,1.046189196426184,0.4999999953343953,5.0571544638843005,5.290740364774206,0.9792047717602934,9.845218483655552,10.103998321928774,0.7235467484032438,10.103998321928783,0.8,self,,0.0,7.209214687347412,ok
C5,0.5,0.6,2.0,10.0,20,200,5,1.0,predictive,P1+P2 (protect),0.632455532033676,20,100.0,True,True,False,6.422224723427085e-09,9.427460188905973e-09,52.45486920231949,9.99999990572539,3.6371969563208815,1.105841102871748,5.25696203508198,49.99999952862698,1.049097393936714,0.49999999528626954,4.996082089394868,5.2413766998780495,0.9903936046810916,10.513924070163826,11.058411028717481,0.958033951436392,11.058411028717538,0.8,self,,0.0,6.954999923706055,ok
C5,0.5,0.6,2.0,10.0,20,200,5,1.0,predictive,P1+P2 (protect),0.632455532033676,20,300.0,True,True,False,6.451855118985685e-09,9.470955922280747e-09,52.5149072470334,9.999999905290409,3.4980700180484923,1.1383221077035603,5.363607968957538,49.99999952645212,1.0502981548879973,0.49999999526452044,4.976908929676995,5.227238265885345,0.9942054877567827,10.727215937914977,11.383221077035603,1.0502313066799334,11.383221077035595,0.8,self,,0.0,7.112602949142456,ok
C5,0.5,0.6,2.0,10.0,20,200,5,1.0,predictive,P1+P2 (protect),0.632455532033676,20,1000.0,True,True,False,6.4639884947225625e-09,9.488767026925945e-09,52.53860975290658,9.999999905112329,3.4472762295588573,1.1503352454784779,5.402388619850335,49.999999525561535,1.0507722050286668,0.49999999525561645,4.969967159992855,5.222303351625753,0.9956942153966944,10.804777239700542,11.503352454784778,1.0855796925266474,11.503352454784803,0.8,self,,0.0,7.151062965393066,ok
C5,0.5,0.6,2.0,10.0,20,200,5,1.0,predictive,NoCancel,1.6508083705360381,0,1.0,False,False,True,8.245167644775986e-09,1.210343658715044e-08,52.92892407587569,9.999999878965587,1.575829492388745,0.26013925165729185,8.164031376988376,49.99999939482789,1.0585784943299574,0.4999999939482794,4.213095333860582,4.459892114986704,0.0,0.0,2.6013925165729184,0.0,2.6013925165729064,0.8,self,,0.0,11.603430271148682,ok
C5,0.5,0.6,2.0,10.0,20,200,5,1.0,predictive,P2 only,1.6508083705360381,0,3.0,False,False,False,9.078293839219296e-09,1.3326418397431334e-08,53.475716449558846,9.999999866735804,0.7710033904137792,0.2835707242178042,8.945426018632611,49.999999333679085,1.0695143432439724,0.4999999933367902,4.040345983623401,4.321207981153403,0.0,0.0,2.8357072421780423,2.233481737845,2.835707242178043,0.8,self,,0.0,0.9263510704040527,ok
C5,0.5,0.6,2.0,10.0,20,200,5,1.0,predictive,P2 only,1.6508083705360381,0,10.0,False,False,False,9.318012589079537e-09,1.3678311871456408e-08,53.79939325366514,9.999999863216887,0.416977863289779,0.34800232976562623,9.235019943727709,49.99999931608437,1.0759878797910014,0.49999999316084437,3.9847070667413798,4.2874965083312775,0.0,0.0,3.4800232976562624,2.674246757581615,3.480023297656266,0.8,self,,0.0,0.9768421649932861,ok
C5,0.5,0.6,2.0,10.0,20,200,5,1.0,predictive,P2 only,1.6508083705360381,0,30.0,False,False,False,9.464583739636545e-09,1.3893469973976099e-08,53.991671637877886,9.999999861065286,0.27700784006754187,0.3862724605617845,9.336719838305388,49.99999930532648,1.0798334477601916,0.49999999305326426,3.967520312110502,4.284261137684875,0.0,0.0,3.862724605617845,2.9561413350649715,3.8627246056178497,0.8,self,,0.0,0.9148271083831787,ok
C5,0.5,0.6,2.0,10.0,20,200,5,1.0,predictive,P2 only,1.6508083705360381,0,100.0,False,False,False,9.537906706087584e-09,1.4001103913342039e-08,54.08308874922662,9.999999859988925,0.21964549175833348,0.4044631466516894,9.375891501601052,49.99999929994476,1.0816617901289924,0.49999999299944625,3.961419388431517,4.284915987142533,0.0,0.0,4.044631466516894,3.0955512575530517,4.044631466516893,0.8,self,,0.0,0.9561507701873779,ok
C5,0.5,0.6,2.0,10.0,20,200,5,1.0,predictive,P2 only,1.6508083705360381,0,300.0,False,False,False,9.56196899241534e-09,1.403642597944048e-08,54.11216244569176,9.99999985963572,0.2021652749651143,0.41024747047276167,9.387587394926404,49.99999929817866,1.0822432641046635,0.499999992981786,3.959650851223017,4.285305461942407,0.0,0.0,4.102474704727617,3.1406043540237665,4.102474704727618,0.8,self,,0.0,0.9218578338623047,ok
C5,0.5,0.6,2.0,10.0,20,200,5,1.0,predictive,P2 only,1.6508083705360381,0,1000.0,False,False,False,9.570769516503535e-09,1.4049344647654535e-08,54.12267398908229,9.999999859506511,0.19591904226833715,0.41233865755438703,9.391742440670765,49.99999929753264,1.0824534949894107,0.49999999297532555,3.959028020551786,4.285463717607289,0.0,0.0,4.12338657554387,3.1569771867699163,4.12338657554386,0.8,self,,0.0,0.9219233989715576,ok
C5,0.5,0.6,2.0,10.0,20,200,5,1.0,predictive,P1 only,1.6508083705360381,5,1.0,False,False,False,8.85066267764882e-09,1.2992268814667088e-08,53.166859976129274,9.999999870077325,1.3542749789027255,0.22356484711801364,8.422160303901935,49.9999993503865,1.0633372133377497,0.49999999350386626,4.149364046311811,4.41217320212905,0.020538537161214877,0.02749261633225941,2.2356484711801365,1.8543081676036992,2.2356484711801357,0.8,self,,0.0,1.1213791370391846,ok
C5,0.5,0.6,2.0,10.0,20,200,5,1.0,predictive,P1 only,1.6508083705360381,10,1.0,False,False,False,8.760327595551001e-09,1.2859662058229358e-08,52.9768921561171,9.999999871403354,1.4943622543377446,0.24669057180738457,8.258947302451517,49.99999935701669,1.0595378567476452,0.49999999357016767,4.189660865069916,4.439104293475664,0.3603998209312614,0.8935035070097218,2.466905718073846,1.87103037124439,2.466905718073856,0.8,self,,0.0,1.7133655548095703,ok
C5,0.5,0.6,2.0,10.0,20,200,5,1.0,predictive,P1 only,1.6508083705360381,15,1.0,False,False,False,8.36733514795843e-09,1.228277152392144e-08,52.57630736423761,9.999999877172277,2.302657391952508,0.3801246097111882,7.317218121164027,49.999999385861464,1.051526160200407,0.4999999938586138,4.422171080314228,4.650028575832105,0.8347297680602856,3.6541871569975513,3.801246097111882,1.9291531582328112,3.801246097111889,0.8,self,,0.0,6.812260389328003,ok
C5,0.5,0.6,2.0,10.0,20,200,5,1.0,predictive,P1 only,1.6508083705360381,20,1.0,False,False,False,7.690973531709433e-09,1.1289911186951173e-08,52.314179727341404,9.999999887100904,3.810002756051926,0.6289584441455885,5.561038912701582,49.99999943550461,1.0462836063592735,0.49999999435504516,4.855766655114298,5.080509047552095,0.9822518038809624,7.227981588352879,6.289584441455886,2.039698995825966,6.28958444145589,0.8,self,,0.0,35.33508276939392,ok
C5,0.5,0.6,2.0,10.0,20,200,5,1.0,predictive,P1 only (protect),1.6508083705360381,5,1.0,True,True,False,8.849080492447625e-09,1.29899462568884e-08,53.1615918747436,9.999999870100549,1.3558331619676989,0.22280280810422826,8.421364159827524,49.99999935050261,1.0632318513061982,0.49999999350502744,4.149429042293401,4.411805122501318,0.019772756621642802,0.026499789782854055,2.2280280810422823,1.8467735243337415,2.2280280810422903,0.8,self,,0.0,0.9605467319488525,ok
C5,0.5,0.6,2.0,10.0,20,200,5,1.0,predictive,P1 only (protect),1.6508083705360381,10,1.0,True,True,False,8.663499498327939e-09,1.271752392532924e-08,52.81824968096992,9.999999872824755,1.6719387188795303,0.2239136215235711,8.104147786772142,49.99999936412378,1.056365007053746,0.49999999364123776,4.221156307319679,4.459081812356717,0.3190117390198631,0.7792809384753571,2.2391362152357113,1.488583613530113,2.239136215235715,0.8,self,,0.0,1.1844446659088135,ok
C5,0.5,0.6,2.0,10.0,20,200,5,1.0,predictive,P1 only (protect),1.6508083705360381,15,1.0,True,True,False,7.783269058009277e-09,1.1425395763279267e-08,52.22918655460053,9.99999988574602,3.5957555776268237,0.30327465300072126,6.100969883626435,49.99999942873027,1.0445837430267921,0.49999999428730096,4.68498447032368,4.893858614033102,0.7134538222273147,2.801792463473744,3.0327465300072127,0.5549765914039092,3.032746530007212,0.8,self,,0.0,2.218931198120117,ok
C5,0.5,0.6,2.0,10.0,20,200,5,1.0,predictive,P1 only (protect),1.6508083705360381,20,1.0,True,True,False,6.253837574301036e-09,9.18027744285105e-09,52.04874336654459,9.999999908197227,6.950324416130415,0.49269650624317074,2.556979169429188,49.999999540986146,1.0409748768873297,0.49999999540986134,5.512953782287328,5.738846384802089,0.8730759135567644,5.11395833885839,4.926965062431707,0.21589366552064446,4.926965062431732,0.8,self,,0.0,7.078439712524414,ok
C5,0.5,0.6,2.0,10.0,20,200,5,1.0,predictive,P1+P2,1.6508083705360381,5,3.0,False,False,False,9.07433687426656e-09,1.332060979820795e-08,53.46192632885597,9.999999866793887,0.77343181231817,0.28420389863448187,8.94236442225346,49.9999993339694,1.0692385408200311,0.49999999333969436,4.0411318674029895,4.3209339411633,0.04532256625345555,0.06612458056833673,2.8420389863448188,2.2349434446850234,2.8420389863448157,0.8,self,,0.0,0.9844844341278076,ok
C5,0.5,0.6,2.0,10.0,20,200,5,1.0,predictive,P1+P2,1.6508083705360381,5,10.0,False,False,False,9.312652277525093e-09,1.3670443239334597e-08,53.78103735145096,9.99999986329555,0.41925219110715,0.34893436976416736,9.231813575833133,49.999999316477854,1.0756207617332314,0.4999999931647775,3.985570556233272,4.286962437637171,0.062418120329806384,0.09500557847584874,3.4893436976416736,2.6760109501301614,3.4893436976416656,0.8,self,,0.0,1.0289437770843506,ok
C5,0.5,0.6,2.0,10.0,20,200,5,1.0,predictive,P1+P2,1.6508083705360381,5,30.0,False,False,False,9.458757333920813e-09,1.3884917142167052e-08,53.97197299271677,9.999999861150803,0.27901043126021996,0.38733057452544467,9.333659133063533,49.999999305754095,1.0794394748422642,0.49999999305754017,3.968369902372686,4.283615123397019,0.06904065218978778,0.10654779415386553,3.873305745254447,2.9579236200955417,3.873305745254455,0.8,self,,0.0,1.026909589767456,ok
C5,0.5,0.6,2.0,10.0,20,200,5,1.0,predictive,P1+P2,1.6508083705360381,5,100.0,False,False,False,9.531913207228461e-09,1.399230579831356e-08,54.062963793762,9.99999986007691,0.2215083739590234,0.40557429464031214,9.372917471323754,49.99999930038468,1.0812592910045513,0.4999999930038455,3.9622574017552488,4.284227628999416,0.0716689881177695,0.11113459887526594,4.055742946403122,3.0973288513844146,4.055742946403121,0.8,self,,0.0,1.0459811687469482,ok
C5,0.5,0.6,2.0,10.0,20,200,5,1.0,predictive,P1+P2,1.6508083705360381,5,300.0,False,False,False,9.555927547773144e-09,1.4027557482732707e-08,54.09192352789965,9.999999859724403,0.20398321013138904,0.41137502645201895,9.38464190369219,49.999999298622015,1.081838485733547,0.4999999929862201,3.9604848941117305,4.284604980616422,0.07245672860362334,0.11250494621786283,4.113750264520189,3.14238033560467,4.113750264520186,0.8,self,,0.0,0.9827315807342529,ok
C5,0.5,0.6,2.0,10.0,20,200,5,1.0,predictive,P1+P2,1.6508083705360381,5,1000.0,False,False,False,9.56471128529213e-09,1.4040451509219069e-08,54.10239622653229,9.999999859595423,0.19772068708520232,0.4134721074019828,9.388807345917392,49.99999929797746,1.0820479397230867,0.49999999297977116,3.9598606045098608,4.284759008700512,0.07273655986936593,0.1129909614451119,4.134721074019828,3.158752622642178,4.134721074019828,0.8,self,,0.0,1.2186386585235596,ok
C5,0.5,0.6,2.0,10.0,20,200,5,1.0,predictive,P1+P2,1.6508083705360381,10,3.0,False,False,False,8.93845999005366e-09,1.312115026961962e-08,53.17472333125448,9.999999868788468,0.9118252145112563,0.3198993361720566,8.768275580528218,49.99999934394246,1.063494480579361,0.49999999343942336,4.085772529572223,4.345196534102833,0.4671064917403484,1.3670282258281319,3.198993361720566,2.242135923442466,3.1989933617205586,0.8,self,,0.0,1.620997428894043,ok
C5,0.5,0.6,2.0,10.0,20,200,5,1.0,predictive,P1+P2,1.6508083705360381,10,10.0,False,False,False,9.147056817065951e-09,1.3427358533127163e-08,53.43568038831059,9.999999865726384,0.5359322925706075,0.39289957834149836,9.07116826336151,49.99999932863209,1.0687136221162123,0.49999999328631917,4.02842222699706,4.305229709627487,0.5307166236765933,1.677142859749729,3.9289957834149836,2.672202777145713,3.928995783414991,0.8,self,,0.0,1.6073529720306396,ok
C5,0.5,0.6,2.0,10.0,20,200,5,1.0,predictive,P1+P2,1.6508083705360381,10,30.0,False,False,False,9.281713109052717e-09,1.3625026301752655e-08,53.60701552636067,9.999999863749732,0.3828328709742629,0.4344398734036874,9.18272739187232,49.99999931874875,1.0721403251351522,0.4999999931874866,4.009503154072284,4.298750015237477,0.5550375143190868,1.7971926072117137,4.344398734036874,2.947322972884866,4.344398734036876,0.8,self,,0.0,1.638899326324463,ok
C5,0.5,0.6,2.0,10.0,20,200,5,1.0,predictive,P1+P2,1.6508083705360381,10,100.0,False,False,False,9.350356100108791e-09,1.3725790303738469e-08,53.69107895800109,9.999999862742092,0.31958998943099454,0.4538757762630176,9.226534371563895,49.99999931371044,1.073821593899073,0.4999999931371046,4.0025438292889,4.298017994417905,0.5649626476964678,1.8451626333611975,4.538757762630176,3.083217760301049,4.538757762630166,0.8,self,,0.0,1.6556751728057861,ok
C5,0.5,0.6,2.0,10.0,20,200,5,1.0,predictive,P1+P2,1.6508083705360381,10,300.0,False,False,False,9.373024857271776e-09,1.3759066748377144e-08,53.718091795339085,9.999999862409311,0.30028561305263457,0.4600240938040568,9.239690430733997,49.99999931204678,1.0743618506889956,0.49999999312046556,4.00050063793442,4.297985269053731,0.5680159133323416,1.859608621792561,4.600240938040568,3.127101323238438,4.600240938040558,0.8,self,,0.0,1.5850613117218018,ok
C5,0.5,0.6,2.0,10.0,20,200,5,1.0,predictive,P1+P2,1.6508083705360381,10,1000.0,False,False,False,9.381331625193097e-09,1.377126061065504e-08,53.72788946768764,9.999999862287357,0.293385108967913,0.4622434836026793,9.244371545142052,49.999999311436945,1.074557804151769,0.4999999931143678,3.9997784131495893,4.2979931087276695,0.5691136674838697,1.8647493525261296,4.622434836026793,3.1430449131919507,4.6224348360268,0.8,self,,0.0,1.782355785369873,ok
C5,0.5,0.6,2.0,10.0,20,200,5,1.0,predictive,P1+P2,1.6508083705360381,15,3.0,False,False,False,8.455610567420947e-09,1.2412354812816572e-08,52.67711995312644,9.999999875876457,1.599302607153503,0.49403378577544355,7.906663731194597,49.999999379382196,1.0535424121394725,0.4999999937938228,4.306330252650426,4.536901561846514,0.8810685588947059,4.757530344126201,4.940337857754436,2.240413113012463,4.940337857754443,0.8,self,,0.0,6.779643535614014,ok
C5,0.5,0.6,2.0,10.0,20,200,5,1.0,predictive,P1+P2,1.6508083705360381,15,10.0,False,False,False,8.587853332479434e-09,1.260647966132608e-08,52.8659583193549,9.999999873935204,1.108848093499894,0.5955372828021037,8.295614749762798,49.999999369675955,1.057319179716172,0.4999999936967602,4.233852883906547,4.4765338582510195,0.9098040312740261,5.500506094082404,5.955372828021037,2.6265945243067415,5.955372828021048,0.8,self,,0.0,7.095001459121704,ok
C5,0.5,0.6,2.0,10.0,20,200,5,1.0,predictive,P1+P2,1.6508083705360381,15,30.0,False,False,False,8.685678951094238e-09,1.2750082098750945e-08,53.007602365707626,9.99999987249921,0.9038588309100841,0.6485198548878784,8.447621441702829,49.99999936249581,1.0601520608311803,0.4999999936249605,4.2075301530503415,4.460621762765651,0.9219576037817605,5.7949587286601725,6.485198548878785,2.8813761144044134,6.4851985488787784,0.8,self,,0.0,6.906876802444458,ok
C5,0.5,0.6,2.0,10.0,20,200,5,1.0,predictive,P1+P2,1.6508083705360381,15,100.0,False,False,False,8.738144497723377e-09,1.2827098533537553e-08,53.080002060869425,9.999999871729004,0.8189487513132662,0.6724109810971172,8.508640395860612,49.9999993586452,1.0616000548346343,0.4999999935864502,4.1973580433568225,4.4559155289881955,0.9273618866606488,5.913825496703958,6.724109810971171,3.006999836920779,6.724109810971142,0.8,self,,0.0,6.809210777282715,ok
C5,0.5,0.6,2.0,10.0,20,200,5,1.0,predictive,P1+P2,1.6508083705360381,15,300.0,False,False,False,8.75579124401161e-09,1.2853002952189092e-08,53.103617034316244,9.99999987146995,0.7930482393027577,0.679873139124252,8.52707875010304,49.99999935734976,1.062072354337146,0.49999999357349745,4.194320820731038,4.454672188919124,0.9291296364265704,5.949786613486008,6.798731391242519,3.0474053969981125,6.798731391242517,0.8,self,,0.0,6.910363674163818,ok
C5,0.5,0.6,2.0,10.0,20,200,5,1.0,predictive,P1+P2,1.6508083705360381,15,1000.0,False,False,False,8.76229591843833e-09,1.286255144383664e-08,53.112226695979224,9.999999871374472,0.7837935725587258,0.682556735316571,8.533649820750233,49.99999935687244,1.0622445475827593,0.4999999935687236,4.1932420574300755,4.454248512199809,0.9297849095471404,5.962605160579008,6.82556735316571,3.0620629636764,6.825567353165715,0.8,self,,0.0,6.8624279499053955,ok
C5,0.5,0.6,2.0,10.0,20,200,5,1.0,predictive,P1+P2,1.6508083705360381,20,3.0,False,False,False,7.720059367685264e-09,1.1332607537850624e-08,52.3876275105742,9.999999886673944,2.8156585137414636,0.7996117120819652,6.384729887502627,49.999999433369815,1.0477525620852486,0.4999999943336972,4.695616741698156,4.9198444716846295,0.9878272023639098,8.93198186084585,7.996117120819653,2.3045938305474363,7.996117120819713,0.8,self,,0.0,35.17530965805054,ok
C5,0.5,0.6,2.0,10.0,20,200,5,1.0,predictive,P1+P2,1.6508083705360381,20,10.0,False,False,False,7.786949723082425e-09,1.1430798770487561e-08,52.555555568027415,9.99999988569205,2.114748144277573,0.9420374712956423,6.943214498734735,49.99999942845978,1.0511111233755939,0.4999999942846025,4.591049009851522,4.825702682217441,0.9918233470157639,10.095648844655164,9.420374712956423,2.6638402089170343,9.420374712956502,0.8,self,,0.0,35.171894788742065,ok
C5,0.5,0.6,2.0,10.0,20,200,5,1.0,predictive,P1+P2,1.6508083705360381,20,30.0,False,False,False,7.84579642562391e-09,1.151718237878399e-08,52.68927424696007,9.999999884828199,1.8253345884274512,1.0118304168140344,7.162835109930316,49.99999942414083,1.0537854970758422,0.49999999424140995,4.552001535945618,4.796833201246451,0.9939612944032639,10.55725417964277,10.118304168140345,2.9101299943723893,10.118304168140353,0.8,self,,0.0,35.56567192077637,ok
C5,0.5,0.6,2.0,10.0,20,200,5,1.0,predictive,P1+P2,1.6508083705360381,20,100.0,False,False,False,7.879139413511149e-09,1.1566127986278859e-08,52.758967278615415,9.999999884338722,1.7068532916576309,1.0424147530079695,7.250732070995677,49.99999942169337,1.0551793577766528,0.4999999942169361,4.53677267570807,4.787108878332308,0.9951466997958804,10.742868734747898,10.424147530079695,3.0313819076988078,10.424147530079711,0.8,self,,0.0,35.83039927482605,ok
C5,0.5,0.6,2.0,10.0,20,200,5,1.0,predictive,P1+P2,1.6508083705360381,20,300.0,False,False,False,7.890577555318514e-09,1.158291852710404e-08,52.7819363619697,9.999999884170819,1.6709018201184813,1.05187794379542,7.27722035191528,49.999999420853904,1.055638739466775,0.49999999420854097,4.532220425555634,4.78438745701912,0.995607073299038,10.798901402594257,10.5187794379542,3.0702125366939876,10.518779437954143,0.8,self,,0.0,35.344629526138306,ok
C5,0.5,0.6,2.0,10.0,20,200,5,1.0,predictive,P1+P2,1.6508083705360381,20,1000.0,False,False,False,7.894822590913537e-09,1.1589149997622754e-08,52.79034909032132,9.999999884108478,1.6580772957429102,1.0552720933274138,7.286650726821199,49.99999942054248,1.0558069940423325,0.4999999942054239,4.530603499068398,4.783442861549079,0.9957944725847717,10.81886140030012,10.552720933274138,3.0842749171701795,10.552720933274164,0.8,self,,0.0,34.945077896118164,ok
C5,0.5,0.6,2.0,10.0,20,200,5,1.0,predictive,P1+P2 (protect),1.6508083705360381,5,3.0,True,True,False,9.072137891183986e-09,1.3317381816262638e-08,53.45473346636803,9.999999866826139,0.775183463058947,0.28350391211205456,8.941312758002859,49.99999933413085,1.069094683564904,0.49999999334130696,4.041263837869724,4.320493683949621,0.044728302818394926,0.06533099682671775,2.8350391211205457,2.219741159294503,2.8350391211205443,0.8,self,,0.0,0.9637749195098877,ok
C5,0.5,0.6,2.0,10.0,20,200,5,1.0,predictive,P1+P2 (protect),1.6508083705360381,5,10.0,True,True,False,9.310357843429646e-09,1.3667075140737821e-08,53.77371227778033,9.999999863329236,0.4207543450834364,0.34851609159872743,9.2307296999886,49.99999931664615,1.0754742602541962,0.4999999931664618,3.985752159932498,4.286573855759968,0.06213537611101414,0.09464191553800189,3.485160915987274,2.655530330025338,3.4851609159872616,0.8,self,,0.0,0.9771337509155273,ok
C5,0.5,0.6,2.0,10.0,20,200,5,1.0,predictive,P1+P2 (protect),1.6508083705360381,5,30.0,True,True,False,9.456503045043872e-09,1.3881607974465016e-08,53.96489326354808,9.999999861183891,0.2803454010150795,0.3870710873049142,9.332583650496115,49.99999930591956,1.0792978802533526,0.49999999305919457,3.968573493537011,4.283272959204138,0.068920679278501,0.10639984665006769,3.8707108730491417,2.9353751015061387,3.8707108730491444,0.8,self,,0.0,1.0575735569000244,ok
C5,0.5,0.6,2.0,10.0,20,200,5,1.0,predictive,P1+P2 (protect),1.6508083705360381,5,100.0,True,True,False,9.529687000245166e-09,1.3989037853232294e-08,54.056031326744254,9.999999860109606,0.222768431867851,0.40538415666882494,9.371847551353719,49.99999930054794,1.0811206416587262,0.49999999300548026,3.9624701676365586,4.283908290188797,0.0716248109064658,0.11107958276774396,4.0538415666882495,3.0739646896367683,4.053841566688254,0.8,self,,0.0,0.9727554321289062,ok
C5,0.5,0.6,2.0,10.0,20,200,5,1.0,predictive,P1+P2 (protect),1.6508083705360381,5,300.0,True,True,False,9.553711000224563e-09,1.4024303717151553e-08,54.085040602539316,9.999999859756945,0.20522011418739208,0.4112061754092102,9.383573850646451,49.99999929878476,1.0817008272208886,0.49999999298784725,3.960700440221076,4.284292942561276,0.07243723684273845,0.11247868149471299,4.112061754092101,3.118773248870169,4.112061754092108,0.8,self,,0.0,0.9311113357543945,ok
C5,0.5,0.6,2.0,10.0,20,200,5,1.0,predictive,P1+P2 (protect),1.6508083705360381,5,1000.0,True,True,False,9.562498304038114e-09,1.4037202978755261e-08,54.09553150387216,9.999999859627948,0.19894929815056625,0.4133108643212176,9.387739977900267,49.9999992981398,1.0819106452644436,0.4999999929813974,3.960077140261597,4.284449614117397,0.07272611303515641,0.11297501897587126,4.133108643212176,3.1350594490029002,4.13310864321218,0.8,self,,0.0,1.2329657077789307,ok
C5,0.5,0.6,2.0,10.0,20,200,5,1.0,predictive,P1+P2 (protect),1.6508083705360381,10,3.0,True,True,False,8.832275342305343e-09,1.296527725335313e-08,53.00226365095831,9.999999870347228,1.059970770192743,0.3076180182412439,8.632411341218784,49.9999993517363,1.060045286762944,0.4999999935173614,4.114574859857734,4.361635687225491,0.44698063761714385,1.3094039735353762,3.076180182412439,1.7547117092997706,3.076180182412439,0.8,self,,0.0,1.1249005794525146,ok
C5,0.5,0.6,2.0,10.0,20,200,5,1.0,predictive,P1+P2 (protect),1.6508083705360381,10,10.0,True,True,False,9.038549193664924e-09,1.3268075520884424e-08,53.26342059570122,9.999999867319254,0.6577725034377683,0.38939296043522936,8.95283466880775,49.99999933659622,1.0652684260480865,0.4999999933659627,4.05458949888465,4.319226173747951,0.5240604206303108,1.6610822700579844,3.8939296043522935,2.1211236857469906,3.893929604352287,0.8,self,,0.0,1.1948890686035156,ok
C5,0.5,0.6,2.0,10.0,20,200,5,1.0,predictive,P1+P2 (protect),1.6508083705360381,10,30.0,True,True,False,9.173574552435687e-09,1.346628505853343e-08,53.43842236090857,9.999999865337154,0.4930864294822669,0.4348709657708977,9.072042739409682,49.99999932668576,1.0687684616105118,0.4999999932668577,4.03453711653405,4.311986027348607,0.5540405393931762,1.7975402169263035,4.3487096577089766,2.3723939174588513,4.348709657708982,0.8,self,,0.0,1.1139373779296875,ok
C5,0.5,0.6,2.0,10.0,20,200,5,1.0,predictive,P1+P2 (protect),1.6508083705360381,10,100.0,True,True,False,9.24262041574763e-09,1.3567640454050018e-08,53.524731303005275,9.99999986432358,0.42507085658437993,0.455934671551358,9.118994607540682,49.999999321617935,1.0704946405841929,0.49999999321617905,4.027113151193416,4.311003045378672,0.5664576323503084,1.8520237549120608,4.55934671551358,2.498712679266167,4.559346715513581,0.8,self,,0.0,1.1546614170074463,ok
C5,0.5,0.6,2.0,10.0,20,200,5,1.0,predictive,P1+P2 (protect),1.6508083705360381,10,300.0,True,True,False,9.26544032882916e-09,1.3601138786969804e-08,53.552516542597004,9.99999986398858,0.40432351850500065,0.4625734188301057,9.133103198676315,49.99999931994308,1.071050345419444,0.49999999319942895,4.024928836766675,4.310901420907628,0.5703124223049881,1.8684237892490934,4.625734188301057,2.5396853045464947,4.625734188301055,0.8,self,,0.0,1.147564172744751,ok
C5,0.5,0.6,2.0,10.0,20,200,5,1.0,predictive,P1+P2 (protect),1.6508083705360381,10,1000.0,True,True,False,9.273804353899108e-09,1.3613416699481473e-08,53.56260055593939,9.99999986386582,0.3969092972619141,0.46496707430153283,9.138123764570732,49.999999319329206,1.0712520257021871,0.499999993193291,4.024156243962882,4.310885528087343,0.5717034048056442,1.8742591450719082,4.649670743015328,2.5545886645881493,4.649670743015343,0.8,self,,0.0,1.2977008819580078,ok
C5,0.5,0.6,2.0,10.0,20,200,5,1.0,predictive,P1+P2 (protect),1.6508083705360381,15,3.0,True,True,False,7.858743245248027e-09,1.1536187572234874e-08,52.32024696945067,9.99999988463809,2.6228566617183398,0.4700422974499263,6.9071011561936455,49.99999942319063,1.0464049514605371,0.4999999942319045,4.528211448225169,4.738342880683106,0.8287943919593526,4.3397122932262375,4.700422974499263,0.7317815178555508,4.7004229744992445,0.8,self,,0.0,2.223562479019165,ok
C5,0.5,0.6,2.0,10.0,20,200,5,1.0,predictive,P1+P2 (protect),1.6508083705360381,15,10.0,True,True,False,7.987206832039573e-09,1.1724764802258476e-08,52.51430896871304,9.999999882752384,1.9497843654277696,0.6089159406380219,7.441299811181825,49.99999941376182,1.0502861916886181,0.4999999941376192,4.428588126706444,4.651284958155943,0.8922438005294303,5.365175611937862,6.089159406380219,1.03684710371472,6.089159406380248,0.8,self,,0.0,2.195995330810547,ok
C5,0.5,0.6,2.0,10.0,20,200,5,1.0,predictive,P1+P2 (protect),1.6508083705360381,15,30.0,True,True,False,8.086910154750623e-09,1.1871123602376264e-08,52.665766917370725,9.999999881288755,1.6729831172178065,0.6776324875288381,7.649384513964601,49.999999406443926,1.053315350851449,0.49999999406443774,4.391981133474968,4.626141148539131,0.9173613824171417,5.7653203300726155,6.776324875288381,1.2649723497150294,6.776324875288376,0.8,self,,0.0,2.225057363510132,ok
C5,0.5,0.6,2.0,10.0,20,200,5,1.0,predictive,P1+P2 (protect),1.6508083705360381,15,100.0,True,True,False,8.141144196907878e-09,1.195073608789458e-08,52.744215417645286,9.999999880492625,1.559577969518331,0.7079347435574286,7.7324874064316145,49.99999940246311,1.0548843209595515,0.49999999402463124,4.37779133493804,4.618063439658723,0.9281485369073295,5.925110578603458,7.079347435574286,1.380343091408948,7.079347435574271,0.8,self,,0.0,2.2067301273345947,ok
C5,0.5,0.6,2.0,10.0,20,200,5,1.0,predictive,P1+P2 (protect),1.6508083705360381,15,300.0,True,True,False,8.159469420311937e-09,1.1977636472317494e-08,52.769942671906186,9.999999880223616,1.5251535970369319,0.7173230393676858,7.757523483371767,49.99999940111824,1.0553988660793063,0.4999999940111808,4.373555420956305,4.6158454320122875,0.9316052853256572,5.973223656375092,7.173230393676858,1.4175724995815318,7.173230393676852,0.8,self,,0.0,2.3373634815216064,ok
C5,0.5,0.6,2.0,10.0,20,200,5,1.0,predictive,P1+P2 (protect),1.6508083705360381,15,1000.0,True,True,False,8.166233931016314e-09,1.1987566388824726e-08,52.77934049581387,9.999999880124312,1.5128728613831517,0.7206906913312312,7.766436567161305,49.9999994006217,1.055586822570194,0.4999999940062156,4.372051204109558,4.615079638660199,0.9328739774682749,5.990347742115063,7.206906913312312,1.431081363749686,7.206906913312312,0.8,self,,0.0,2.222086191177368,ok
C5,0.5,0.6,2.0,10.0,20,200,5,1.0,predictive,P1+P2 (protect),1.6508083705360381,20,3.0,True,True,False,6.279704610469487e-09,9.218248778913603e-09,52.11484491228193,9.999999907817509,5.2888114292752,0.7752283816680657,3.9359602812392245,49.99999953908754,1.0422969078537914,0.4999999953908755,5.24436272498812,5.466183051918801,0.9442112759782395,7.87192056247841,7.752283816680658,0.3847312501914976,7.752283816680665,0.8,self,,0.0,7.108186960220337,ok
C5,0.5,0.6,2.0,10.0,20,200,5,1.0,predictive,P1+P2 (protect),1.6508083705360381,20,10.0,True,True,False,6.347521021098965e-09,9.317799407893752e-09,52.28772610728285,9.99999990682202,4.149379552661699,0.993023861808703,4.857596678707578,49.9999995341101,1.0457545318897865,0.49999999534110096,5.069207311055626,5.301146518625259,0.9770506350385216,9.715193357415112,9.93023861808703,0.6874599016636649,9.930238618087085,0.8,self,,0.0,7.026304244995117,ok
C5,0.5,0.6,2.0,10.0,20,200,5,1.0,predictive,P1+P2 (protect),1.6508083705360381,20,30.0,True,True,False,6.411742867305982e-09,9.412073421010009e-09,52.43283092678971,9.999999905879248,3.6926017049747966,1.0930994046580669,5.214298984487888,49.999999529396256,1.048656628405829,0.4999999952939624,5.003790112197674,5.247257668307637,0.9889288431894034,10.428597968975728,10.930994046580668,0.9233897188140506,10.930994046580716,0.8,self,,0.0,7.1117494106292725,ok
C5,0.5,0.6,2.0,10.0,20,200,5,1.0,predictive,P1+P2 (protect),1.6508083705360381,20,100.0,True,True,False,6.449396583594779e-09,9.467346932328453e-09,52.510045400003634,9.999999905326515,3.5087607405298264,1.1358035767815462,5.355435777362112,49.99999952663264,1.0502009179426894,0.49999999526632577,4.978373711137631,5.228292641298493,0.993901590935437,10.71087155472416,11.358035767815462,1.0429001539162732,11.358035767815489,0.8,self,,0.0,7.093811511993408,ok
C5,0.5,0.6,2.0,10.0,20,200,5,1.0,predictive,P1+P2 (protect),1.6508083705360381,20,300.0,True,True,False,6.462492704089277e-09,9.486571291454276e-09,52.53571314538896,9.999999905134288,3.453368020347034,1.148890485214431,5.397741589304248,49.99999952567142,1.0507142728754555,0.4999999952567144,4.970798193937358,5.222888609953518,0.9955108208147916,10.795483178608505,11.48890485214431,1.0812964210535638,11.488904852144305,0.8,self,,0.0,7.036638975143433,ok
C5,0.5,0.6,2.0,10.0,20,200,5,1.0,predictive,P1+P2 (protect),1.6508083705360381,20,1000.0,True,True,False,6.467375069006891e-09,9.493738325126405e-09,52.545142494952465,9.999999905062644,3.4336529862786644,1.1535700381468503,5.412777070511842,49.999999525313115,1.0509028598760455,0.4999999952531322,4.968110137116537,5.221001151274941,0.9961106790206533,10.82555414102371,11.535700381468503,1.0952003935245482,11.535700381468502,0.8,self,,0.0,7.06398344039917,ok
C5,0.5,0.6,2.0,10.0,20,200,5,1.0,predictive,NoCancel,4.308869380063769,0,1.0,False,False,True,8.762802829608255e-09,1.2863295561392998e-08,53.334958498000304,9.999999871367026,0.8650903245955256,0.3727561210639086,8.76215368297354,49.99999935683509,1.0666991836812758,0.4999999935683513,4.095102794179038,4.368242807641692,0.0,0.0,3.727561210639086,0.0,3.727561210639083,0.8,self,,0.0,11.601413488388062,ok
C5,0.5,0.6,2.0,10.0,20,200,5,1.0,predictive,P2 only,4.308869380063769,0,3.0,False,False,False,9.550337799139317e-09,1.4019352049747842e-08,53.86537795417438,9.999999859806474,0.39547869843769784,0.36091053946080875,9.24361090229502,49.999999299032375,1.0773075741866422,0.4999999929903237,3.9847103405396758,4.2927586308032275,0.0,0.0,3.6091053946080875,2.794102174553105,3.6091053946080973,0.8,self,,0.0,0.9616405963897705,ok
C5,0.5,0.6,2.0,10.0,20,200,5,1.0,predictive,P2 only,4.308869380063769,0,10.0,False,False,False,9.702677513486906e-09,1.4242978075427397e-08,54.079014384966335,9.99999985757021,0.23145372439118092,0.4034448687671064,9.365101549271504,49.99999928785113,1.0815803031042506,0.4999999928785105,3.9637003309862613,4.287060205402539,0.0,0.0,4.034448687671064,3.104169103315011,4.034448687671057,0.8,self,,0.0,0.9134616851806641,ok
C5,0.5,0.6,2.0,10.0,20,200,5,1.0,predictive,P2 only,4.308869380063769,0,30.0,False,False,False,9.771268481787756e-09,1.4343665710975512e-08,54.16942765907987,9.999999856563335,0.17399440715797623,0.4214407271907231,9.404565009087966,49.99999928281658,1.0833885687213638,0.49999999282816676,3.9575042810018037,4.287514898703214,0.0,0.0,4.214407271907231,3.241774463214343,4.214407271907248,0.8,self,,0.0,0.9752042293548584,ok
C5,0.5,0.6,2.0,10.0,20,200,5,1.0,predictive,P2 only,4.308869380063769,0,100.0,False,False,False,9.799553333676364e-09,1.4385186262863544e-08,54.20534901808265,9.999999856148111,0.15225251827728087,0.4285892287207032,9.419158396853904,49.999999280740674,1.0841069959567344,0.4999999928074056,3.955287265222112,4.287954595245871,0.0,0.0,4.285892287207032,3.297465369433824,4.285892287207027,0.8,self,,0.0,0.914985179901123,ok
C5,0.5,0.6,2.0,10.0,20,200,5,1.0,predictive,P2 only,4.308869380063769,0,300.0,False,False,False,9.80811468584163e-09,1.4397753840314669e-08,54.21605709270287,9.999999856022445,0.1458641881209159,0.43072001955222217,9.423415936304417,49.99999928011218,1.0843211574658493,0.49999999280112223,3.9546472692883845,4.2881077044039415,0.0,0.0,4.307200195522221,3.3141767091408125,4.307200195522232,0.8,self,,0.0,1.1197845935821533,ok
C5,0.5,0.6,2.0,10.0,20,200,5,1.0,predictive,P2 only,4.308869380063769,0,1000.0,False,False,False,9.811164591256304e-09,1.4402230927786065e-08,54.21985308601315,9.99999985597766,0.14360893819780687,0.431475362581423,9.424915843243111,49.999999279888335,1.0843970773380027,0.49999999279888296,3.954422505824011,4.2881642078751785,0.0,0.0,4.31475362581423,3.32011289611682,4.314753625814236,0.8,self,,0.0,0.9137332439422607,ok
C5,0.5,0.6,2.0,10.0,20,200,5,1.0,predictive,P1 only,4.308869380063769,5,1.0,False,False,False,9.36572711941363e-09,1.3748354084546209e-08,53.588980462152186,9.999999862516441,0.7170978600404332,0.3089881011637467,8.97391417627938,49.999999312582155,1.0717796239782524,0.49999999312582205,4.037741966635278,4.327569566721568,0.04262075153463782,0.06165521607732857,3.089881011637467,2.441819202386595,3.0898810116374764,0.8,self,,0.0,0.9728295803070068,ok
C5,0.5,0.6,2.0,10.0,20,200,5,1.0,predictive,P1 only,4.308869380063769,10,1.0,False,False,False,9.25757676329635e-09,1.3589595520335441e-08,53.35625218880598,9.999999864104039,0.8175129106064142,0.3522556348318781,8.83023159045767,49.99999932052033,1.0671250582779153,0.49999999320520194,4.076662124967806,4.35030830768564,0.4604790401795581,1.3353626048311766,3.522556348318781,2.495370773853286,3.52255634831879,0.8,self,,0.0,1.6816730499267578,ok
C5,0.5,0.6,2.0,10.0,20,200,5,1.0,predictive,P1 only,4.308869380063769,15,1.0,False,False,False,8.893584086433045e-09,1.3055274998097857e-08,52.94643469468469,9.999999869447256,1.2683640350915495,0.5465214953580125,8.185114600103182,49.999999347236184,1.0589287077183007,0.4999999934723628,4.251408808687717,4.501938835765885,0.8806121956938133,4.772444104579476,5.4652149535801255,2.657161942684177,5.465214953580111,0.8,self,,0.0,6.939330339431763,ok
C5,0.5,0.6,2.0,10.0,20,200,5,1.0,predictive,P1 only,4.308869380063769,20,1.0,False,False,False,8.357472706371797e-09,1.2268294021184433e-08,52.68497764380108,9.999999877317045,2.024232515795919,0.8722153505442458,7.103552256342791,49.99999938658535,1.0536995658031167,0.49999999386585225,4.544378046144658,4.7884091740678425,0.9886577959121576,9.101459839174597,8.722153505442458,2.8448962134554803,8.722153505442478,0.8,self,,0.0,35.26211190223694,ok
C5,0.5,0.6,2.0,10.0,20,200,5,1.0,predictive,P1 only (protect),4.308869380063769,5,1.0,True,True,False,9.361720559412342e-09,1.374247268261592e-08,53.57613207966559,9.999999862575274,0.7200714276532398,0.30714041081052157,8.972788298960964,49.99999931287624,1.0715226563186853,0.4999999931287637,4.037718073209031,4.326506395270904,0.04174967780382819,0.06045390076687043,3.0714041081052157,2.424745571733664,3.0714041081052215,0.8,self,,0.0,0.998603343963623,ok
C5,0.5,0.6,2.0,10.0,20,200,5,1.0,predictive,P1 only (protect),4.308869380063769,10,1.0,True,True,False,9.08820482527294e-09,1.334096716012006e-08,53.07449487008336,9.99999986659032,1.0357870414763783,0.31663295388896884,8.647580138044333,49.99999933295155,1.0614899115629712,0.499999993329516,4.112508734956376,4.36538653337079,0.43502110044165826,1.2514548749156675,3.1663295388896886,1.903890562550339,3.1663295388896895,0.8,self,,0.0,1.1540470123291016,ok
C5,0.5,0.6,2.0,10.0,20,200,5,1.0,predictive,P1 only (protect),4.308869380063769,15,1.0,True,True,False,7.989718711745353e-09,1.1728452098323743e-08,52.320853263720345,9.999999882715475,2.706417483277215,0.4537113930051487,6.839871241002161,49.99999941357731,1.0464170775472612,0.49999999413577373,4.54092167266298,4.751697986079017,0.8191317746199442,4.172403366360135,4.537113930051487,0.7453256404302401,4.5371139300515,0.8,self,,0.0,2.2113864421844482,ok
C5,0.5,0.6,2.0,10.0,20,200,5,1.0,predictive,P1 only (protect),4.308869380063769,20,1.0,True,True,False,6.274490420396632e-09,9.210594644812624e-09,52.10089675511078,9.999999907894056,5.47404316869909,0.7424532328123652,3.7835036905944897,49.99999953947018,1.0420179446998223,0.4999999953947028,5.27382598218329,5.495421310659154,0.9380540276840255,7.567007381188938,7.424532328123652,0.35694101807494083,7.4245323281236475,0.8,self,,0.0,7.187065601348877,ok
C5,0.5,0.6,2.0,10.0,20,200,5,1.0,predictive,P1+P2,4.308869380063769,5,3.0,False,False,False,9.545638295633693e-09,1.4012453446212555e-08,53.84949104420168,9.999999859875425,0.3974461083277807,0.36210371054070356,9.240450321256091,49.999999299377244,1.0769898359753054,0.49999999299377124,3.9856027730905037,4.292453676853464,0.05970107232419714,0.09034260063879905,3.6210371054070354,2.796522076469119,3.6210371054070496,0.8,self,,0.0,0.9657971858978271,ok
C5,0.5,0.6,2.0,10.0,20,200,5,1.0,predictive,P1+P2,4.308869380063769,5,10.0,False,False,False,9.697351025431134e-09,1.4235159094275863e-08,54.06126599450525,9.999999857648396,0.23317055911101267,0.4047967017817344,9.362032881458857,49.999999288242016,1.0812253352815202,0.4999999928824198,3.964595890503275,4.286621520965141,0.06816844053028176,0.10507536098358147,4.047967017817344,3.10662063162954,4.047967017817343,0.8,self,,0.0,0.9694058895111084,ok
C5,0.5,0.6,2.0,10.0,20,200,5,1.0,predictive,P1+P2,4.308869380063769,5,30.0,False,False,False,9.765749654005065e-09,1.4335564386057577e-08,54.15116565593356,9.999999856644363,0.17558965427323542,0.4228458816135648,9.401564607468837,49.99999928322174,1.0830233286444229,0.4999999928322182,3.958392459598406,4.28703137767525,0.07100314238433031,0.11002580840109422,4.228458816135648,3.244212970658028,4.228458816135649,0.8,self,,0.0,1.0235342979431152,ok
C5,0.5,0.6,2.0,10.0,20,200,5,1.0,predictive,P1+P2,4.308869380063769,5,100.0,False,False,False,9.793966094645452e-09,1.4376984514128875e-08,54.18691502746857,9.999999856230156,0.1537984941831325,0.4300145960590677,9.416187053527645,49.999999281150714,1.0837383161302618,0.4999999928115078,3.9561719284774868,4.287455104090002,0.07205282790330275,0.11185288275699826,4.300145960590677,3.299898265948452,4.3001459605906875,0.8,self,,0.0,1.1101264953613281,ok
C5,0.5,0.6,2.0,10.0,20,200,5,1.0,predictive,P1+P2,4.308869380063769,5,300.0,False,False,False,9.802507824965635e-09,1.4389523287828779e-08,54.19757502604242,9.999999856104775,0.14739539750282807,0.4321513424089375,9.420453403983458,49.99999928052377,1.0839515161183955,0.49999999280523877,3.9555308405490535,4.287603651666218,0.07235865882396277,0.11238415674035918,4.321513424089375,3.316607986607675,4.321513424089369,0.8,self,,0.0,1.0180456638336182,ok
C5,0.5,0.6,2.0,10.0,20,200,5,1.0,predictive,P1+P2,4.308869380063769,5,1000.0,False,False,False,9.805550856344585e-09,1.4393990284607171e-08,54.201354319087564,9.999999856060086,0.1451349049868993,0.4329087899863282,9.421956448966686,49.99999928030038,1.0840271019852292,0.4999999928030043,3.955305685686715,4.287658559920669,0.07246633638206612,0.11257107587674671,4.329087899863282,3.322543608194469,4.329087899863275,0.8,self,,0.0,0.9707105159759521,ok
C5,0.5,0.6,2.0,10.0,20,200,5,1.0,predictive,P1+P2,4.308869380063769,10,3.0,False,False,False,9.410010823338838e-09,1.381336004012511e-08,53.56250953777108,9.99999986186639,0.4844735819674979,0.4136308415594492,9.101895714606663,49.999999309332004,1.0712502055529862,0.49999999309331955,4.0246082982829305,4.311362466805844,0.5210294897441873,1.6314000401907598,4.136308415594492,2.8408152773665973,4.136308415594487,0.8,self,,0.0,1.6487667560577393,ok
C5,0.5,0.6,2.0,10.0,20,200,5,1.0,predictive,P1+P2,4.308869380063769,10,10.0,False,False,False,9.547124205107684e-09,1.4014634676636414e-08,53.748577915088234,9.999999859853641,0.30891551330429107,0.46002342099292076,9.231061205849148,49.999999299268104,1.0749715733671021,0.49999999299268205,4.002447185947979,4.302516948797229,0.5507806771047167,1.7785632787069299,4.600234209929208,3.1414412877488007,4.600234209929209,0.8,self,,0.0,1.623197078704834,ok
C5,0.5,0.6,2.0,10.0,20,200,5,1.0,predictive,P1+P2,4.308869380063769,10,30.0,False,False,False,9.610486364469745e-09,1.4107646718415057e-08,53.83045264709985,9.999999858923514,0.24687435094427926,0.47919880943531457,9.27392698069689,49.999999294617595,1.0766090681304188,0.4999999929461757,3.99566100641037,4.30176487267652,0.561058419032892,1.828338925828896,4.791988094353146,3.274602036641184,4.791988094353144,0.8,self,,0.0,1.5827419757843018,ok
C5,0.5,0.6,2.0,10.0,20,200,5,1.0,predictive,P1+P2,4.308869380063769,10,100.0,False,False,False,9.636828349130204e-09,1.414631525184811e-08,53.86336569085161,9.999999858536842,0.22335828506774705,0.48676575772756975,9.289876098667841,49.99999929268426,1.077267329056395,0.4999999929268421,3.9932010852149564,4.301745067454614,0.5649763599452099,1.8468927777130941,4.867657577275698,3.3284512674822304,4.867657577275688,0.8,self,,0.0,1.6020519733428955,ok
C5,0.5,0.6,2.0,10.0,20,200,5,1.0,predictive,P1+P2,4.308869380063769,10,300.0,False,False,False,9.644823597221849e-09,1.4158051820755778e-08,53.87321650872913,9.999999858419445,0.21644583388304764,0.4890165718458937,9.294537735851613,49.99999929209739,1.077464345429379,0.49999999292097225,3.9924879802251705,4.301763448247977,0.566135301856647,1.852313174243769,4.890165718458937,3.3446053348580502,4.89016571845894,0.8,self,,0.0,1.7205827236175537,ok
C5,0.5,0.6,2.0,10.0,20,200,5,1.0,predictive,P1+P2,4.308869380063769,10,1000.0,False,False,False,9.647674213438401e-09,1.4162236363032794e-08,53.87671291220125,9.999999858377642,0.2140053000665876,0.48981397102405994,9.296180870531712,49.99999929188821,1.0775342735043194,0.4999999929188821,3.992237231209873,4.301772444588626,0.566545582262641,1.8542232302051642,4.898139710240599,3.350343066993612,4.8981397102405975,0.8,self,,0.0,1.6095004081726074,ok
C5,0.5,0.6,2.0,10.0,20,200,5,1.0,predictive,P1+P2,4.308869380063769,15,3.0,False,False,False,8.9839588914334e-09,1.318794006542491e-08,53.09392293547168,9.999999868120579,0.862226770836676,0.6320739127754502,8.505699448267295,49.99999934060275,1.0618784727134285,0.49999999340602896,4.191955112920793,4.451346892991579,0.9057687278373093,5.423497316634866,6.320739127754502,2.9624514236715607,6.320739127754502,0.8,self,,0.0,6.911219835281372,ok
C5,0.5,0.6,2.0,10.0,20,200,5,1.0,predictive,P1+P2,4.308869380063769,15,10.0,False,False,False,9.079588220773634e-09,1.3328318475265257e-08,53.24612233611867,9.999999866716793,0.6435082850787547,0.690666803719209,8.665825044485244,49.99999933358391,1.0649224609160026,0.49999999333583967,4.164644601764874,4.435023578151996,0.919528071759906,5.756128931849516,6.906668037192089,3.235476273429821,6.906668037192114,0.8,self,,0.0,6.85722279548645,ok
C5,0.5,0.6,2.0,10.0,20,200,5,1.0,predictive,P1+P2,4.308869380063769,15,30.0,False,False,False,9.126689304206097e-09,1.3397460183560912e-08,53.316110039261616,9.99999986602538,0.5660333890942479,0.7137938591337576,8.720172885746615,49.99999933012697,1.0663222150712421,0.499999993301269,4.155862504964325,4.431488511825081,0.9247821306525046,5.870405898405339,7.137938591337576,3.356094942956062,7.137938591337618,0.8,self,,0.0,6.983433485031128,ok
C5,0.5,0.6,2.0,10.0,20,200,5,1.0,predictive,P1+P2,4.308869380063769,15,100.0,False,False,False,9.146693380404403e-09,1.3426825028281794e-08,53.344665255993256,9.999999865731738,0.5366989500027114,0.7227882725415037,8.740512911724048,49.99999932865876,1.0668933194448549,0.4999999932865869,4.152626726961185,4.4304097131430416,0.9269270687436164,5.913288958004886,7.227882725415037,3.4046268056168785,7.2278827254150455,0.8,self,,0.0,6.7423670291900635,ok
C5,0.5,0.6,2.0,10.0,20,200,5,1.0,predictive,P1+P2,4.308869380063769,15,300.0,False,False,False,9.152811485367649e-09,1.3435806057970339e-08,53.353261836074616,9.999999865641914,0.5280813839414777,0.725451192755387,8.746467557661221,49.9999993282098,1.0670652510583718,0.4999999932820957,4.151683912176807,4.430117636061948,0.9275864419813782,5.925850840889252,7.254511927553871,3.4191547939203724,7.254511927553845,0.8,self,,0.0,6.9192445278167725,ok
C5,0.5,0.6,2.0,10.0,20,200,5,1.0,predictive,P1+P2,4.308869380063769,15,1000.0,False,False,False,9.154998024887963e-09,1.3439015773472929e-08,53.35631892032025,9.999999865609809,0.5250394543496566,0.7263932885344092,8.748567391506127,49.99999932804908,1.0671263927475363,0.49999999328049044,4.151351898522973,4.430017176496457,0.9278234349705434,5.930281317930307,7.263932885344092,3.424311479814673,7.263932885344109,0.8,self,,0.0,7.009368658065796,ok
C5,0.5,0.6,2.0,10.0,20,200,5,1.0,predictive,P1+P2,4.308869380063769,20,3.0,False,False,False,8.40045585953087e-09,1.2331390842344875e-08,52.81803293480771,9.9999998766861,1.4836051979447422,0.9876652240529458,7.528729701316211,49.99999938343064,1.0563606717225467,0.49999999383430505,4.465825853969824,4.717522798895479,0.9916196727057965,10.04447813974603,9.876652240529458,3.122724611351327,9.87665224052947,0.8,self,,0.0,35.11160182952881,ok
C5,0.5,0.6,2.0,10.0,20,200,5,1.0,predictive,P1+P2,4.308869380063769,20,10.0,False,False,False,8.45673194367063e-09,1.241400092922037e-08,52.96207852849422,9.999999875859983,1.1955047789785087,1.062076013353704,7.742419331807805,49.99999937929997,1.0592415837193099,0.49999999379299914,4.4288108249067655,4.691180592167465,0.9937427996736254,10.527760779265336,10.62076013353704,3.3812821840516163,10.620760133536958,0.8,self,,0.0,35.263981342315674,ok
C5,0.5,0.6,2.0,10.0,20,200,5,1.0,predictive,P1+P2,4.308869380063769,20,30.0,False,False,False,8.486240744540369e-09,1.2457318168516127e-08,53.02938636238567,9.999999875426813,1.0947411995438106,1.0905060901193016,7.814752834910075,49.99999937713428,1.0605877404597883,0.49999999377134063,4.416768910648717,4.684370959077963,0.9948016915737502,10.693435234084376,10.905060901193016,3.495057721242983,10.905060901192954,0.8,self,,0.0,35.04141139984131,ok
C5,0.5,0.6,2.0,10.0,20,200,5,1.0,predictive,P1+P2,4.308869380063769,20,100.0,False,False,False,8.499021503265609e-09,1.247607959452265e-08,53.05710474731144,9.999999875239183,1.0568091360684109,1.1014520326611106,7.8417389560312944,49.999999376195994,1.061142108185123,0.49999999376195914,4.412327347719753,4.68210634376221,0.9953284552223032,10.755511046077997,11.014520326611105,3.5405380905178943,11.014520326611175,0.8,self,,0.0,34.62600231170654,ok
C5,0.5,0.6,2.0,10.0,20,200,5,1.0,predictive,P1+P2,4.308869380063769,20,300.0,False,False,False,8.502960628107785e-09,1.2481862005476827e-08,53.065491984471045,9.999999875181372,1.0456892233582002,1.1046826690408804,7.849628232419548,49.99999937590698,1.0613098529365423,0.49999999375906856,4.411033483495611,4.681473297666892,0.9955109336482464,10.773686396093986,11.046826690408803,3.5541152737702664,11.04682669040879,0.8,self,,0.0,35.08199954032898,ok
C5,0.5,0.6,2.0,10.0,20,200,5,1.0,predictive,P1+P2,4.308869380063769,20,1000.0,False,False,False,8.504372026587584e-09,1.248393385807283e-08,53.068480240494075,9.99999987516068,1.0417665038149293,1.105824587601787,7.852409033422604,49.99999937580335,1.0613696180599488,0.49999999375803406,4.410577903572035,4.6812533849379,0.9955799067295963,10.780095899654771,11.05824587601787,3.558930225544242,11.058245876017871,0.8,self,,0.0,36.261075019836426,ok
C5,0.5,0.6,2.0,10.0,20,200,5,1.0,predictive,P1+P2 (protect),4.308869380063769,5,3.0,True,True,False,9.5418603731353e-09,1.4006907671116892e-08,53.837590674589556,9.9999998599309,0.39978567189303627,0.36077212455509844,9.239442343620965,49.99999929965448,1.0767518285737574,0.499999992996545,3.985629900878052,4.291534283788686,0.059326648921895556,0.08985696468199254,3.6077212455509846,2.77478603040793,3.6077212455509877,0.8,self,,0.0,1.0141668319702148,ok
C5,0.5,0.6,2.0,10.0,20,200,5,1.0,predictive,P1+P2 (protect),4.308869380063769,5,10.0,True,True,False,9.693889377059742e-09,1.4230077591588583e-08,54.05054063809715,9.999999857699231,0.2350842137823665,0.40383961948558306,9.36107630903282,49.999999288496,1.0810108281448134,0.49999999288496155,3.964667744250683,4.28584876153146,0.06806377741495312,0.10496846086929547,4.038396194855831,3.082661300873952,4.038396194855834,0.8,self,,0.0,1.1356284618377686,ok
C5,0.5,0.6,2.0,10.0,20,200,5,1.0,predictive,P1+P2 (protect),4.308869380063769,5,30.0,True,True,False,9.762423953313204e-09,1.4330682446822387e-08,54.14094034651608,9.999999856693176,0.1773507189453639,0.4220291291453015,9.400620295216159,49.99999928346592,1.0828188224478534,0.4999999928346588,3.9584826520809973,4.286319524006601,0.0709959364949095,0.11004522830286172,4.220291291453015,3.2195291107292627,4.220291291453014,0.8,self,,0.0,1.1061146259307861,ok
C5,0.5,0.6,2.0,10.0,20,200,5,1.0,predictive,P1+P2 (protect),4.308869380063769,5,100.0,True,True,False,9.79069402908613e-09,1.437218130821403e-08,54.17688688054948,9.999999856278166,0.1555025775730253,0.4292510989105031,9.415246467238305,49.999999281390885,1.0835377531837918,0.4999999928139083,3.956269289601379,4.2867671370447145,0.07208369423328198,0.11191896185406429,4.292510989105031,3.274949784542871,4.292510989105027,0.8,self,,0.0,0.9603540897369385,ok
C5,0.5,0.6,2.0,10.0,20,200,5,1.0,predictive,P1+P2 (protect),4.308869380063769,5,300.0,True,True,False,9.799251701465789e-09,1.4384743483949432e-08,54.18760549038518,9.999999856152575,0.14908285759519704,0.43140346725295853,9.41951381899927,49.99999928076278,1.083752125397201,0.49999999280762875,3.9556303252131975,4.286922772235424,0.07240090239374807,0.11246382725734272,4.314034672529585,3.2915828193412677,4.314034672529566,0.8,self,,0.0,1.0139517784118652,ok
C5,0.5,0.6,2.0,10.0,20,200,5,1.0,predictive,P1+P2 (protect),4.308869380063769,5,1000.0,True,True,False,9.802300379066518e-09,1.4389218769059876e-08,54.19140554358647,9.99999985610781,0.14681651089561698,0.43216642547799794,9.421017207518576,49.99999928053902,1.0838281264671703,0.4999999928053905,3.955405921610552,4.286980189436316,0.07251262053762449,0.11265553188631613,4.3216642547799795,3.297491487026654,4.32166425477997,0.8,self,,0.0,0.9694123268127441,ok
C5,0.5,0.6,2.0,10.0,20,200,5,1.0,predictive,P1+P2 (protect),4.308869380063769,10,3.0,True,True,False,9.245546030675257e-09,1.3571935089864152e-08,53.29400619814857,9.999999864280639,0.6580860371649931,0.3908285326102478,8.951085565944119,49.99999932140337,1.0658801384290248,0.49999999321403193,4.055199973615012,4.322357109234146,0.5125050175011354,1.607621027798078,3.908285326102478,2.204530594694707,3.908285326102476,0.8,self,,0.0,1.1718873977661133,ok
C5,0.5,0.6,2.0,10.0,20,200,5,1.0,predictive,P1+P2 (protect),4.308869380063769,10,10.0,True,True,False,9.387955920219601e-09,1.3780984698183931e-08,53.49376723525265,9.999999862190126,0.45921175354745086,0.44452566968051793,9.096262714581906,49.99999931095077,1.0698753594489887,0.4999999931095063,4.030525370531986,4.312159779566177,0.5505588218676252,1.7828569644467884,4.445256696805179,2.4859997785058194,4.445256696805181,0.8,self,,0.0,1.1538598537445068,ok
C5,0.5,0.6,2.0,10.0,20,200,5,1.0,predictive,P1+P2 (protect),4.308869380063769,10,30.0,True,True,False,9.453669442369958e-09,1.3877448406639143e-08,53.58172556238774,9.999999861225525,0.3892198402552364,0.46628630837854945,9.144493990140688,49.99999930612746,1.0716345261193103,0.4999999930612763,4.0229175993712385,4.311097395219231,0.5638287930800208,1.8416826129712185,4.662863083785495,2.613003523195479,4.662863083785504,0.8,self,,0.0,1.201916217803955,ok
C5,0.5,0.6,2.0,10.0,20,200,5,1.0,predictive,P1+P2 (protect),4.308869380063769,10,100.0,True,True,False,9.480959805439174e-09,1.391750910557155e-08,53.61710085832267,9.999999860824913,0.36275703421381233,0.47481912370751705,9.162423981253758,49.99999930412461,1.0723420320907822,0.49999999304124565,4.020156075638728,4.310982335472538,0.5689270984904717,1.8635435387845627,4.74819123707517,2.6645510740422935,4.748191237075161,0.8,self,,0.0,1.1577835083007812,ok
C5,0.5,0.6,2.0,10.0,20,200,5,1.0,predictive,P1+P2 (protect),4.308869380063769,10,300.0,True,True,False,9.489239541350334e-09,1.3929663286398323e-08,53.627691658505185,9.999999860703344,0.3549863374163931,0.4773517915570933,9.167662010323168,49.99999930351686,1.072553848110417,0.4999999930351672,4.019355332101968,4.310975028369089,0.5704410659416972,1.8699234185076772,4.773517915570933,2.6800295610196105,4.7735179155709355,0.8,self,,0.0,1.299565315246582,ok
C5,0.5,0.6,2.0,10.0,20,200,5,1.0,predictive,P1+P2 (protect),4.308869380063769,10,1000.0,True,True,False,9.492191216737991e-09,1.3933996177783783e-08,53.631451098010636,9.999999860660067,0.3522436801379941,0.4782484582253585,9.169508000976581,49.999999303300136,1.0726290369062228,0.49999999303300335,4.019073750249511,4.310975205985214,0.5709777527778017,1.8721708782966713,4.782484582253585,2.6855287882623355,4.78248458225358,0.8,self,,0.0,1.1581785678863525,ok
C5,0.5,0.6,2.0,10.0,20,200,5,1.0,predictive,P1+P2 (protect),4.308869380063769,15,3.0,True,True,False,8.092341227070874e-09,1.1879096106972937e-08,52.48856638620221,9.99999988120902,2.0316143704661185,0.589109403591383,7.379276344733479,49.99999940604517,1.0497713401943793,0.499999994060451,4.439601131503966,4.660566029747401,0.8835441426413435,5.2168647486461195,5.89109403591383,1.0112698972945242,5.891094035913808,0.8,self,,0.0,2.2383179664611816,ok
C5,0.5,0.6,2.0,10.0,20,200,5,1.0,predictive,P1+P2 (protect),4.308869380063769,15,10.0,True,True,False,8.20181888546804e-09,1.2039803075287237e-08,52.66590118447922,9.999999879601962,1.6808249693885273,0.6743211279168441,7.644854023092667,49.9999993980098,1.053318036371327,0.4999999939800981,4.39250515560134,4.626704905248934,0.9151801660204535,5.731453007467953,6.743211279168441,1.278535517882387,6.743211279168446,0.8,self,,0.0,2.328885555267334,ok
C5,0.5,0.6,2.0,10.0,20,200,5,1.0,predictive,P1+P2 (protect),4.308869380063769,15,30.0,True,True,False,8.255739621998302e-09,1.2118955645991126e-08,52.74825193463812,9.999999878810437,1.5593971694412199,0.7066877412977216,7.733915210450621,49.99999939405224,1.0549650514778366,0.49999999394052186,4.3772817000681705,4.617879214045409,0.9265953979287237,5.903945357383995,7.066877412977216,1.399533743299738,7.066877412977216,0.8,self,,0.0,2.2480928897857666,ok
C5,0.5,0.6,2.0,10.0,20,200,5,1.0,predictive,P1+P2 (protect),4.308869380063769,15,100.0,True,True,False,8.278632639732801e-09,1.2152561292378896e-08,52.782008268059016,9.999999878474382,1.5138562333974235,0.7191195042473385,7.767024383880856,49.999999392371905,1.055640178189913,0.4999999939237191,4.37168230549537,4.614923487962822,0.9311247038993046,5.968024563271864,7.191195042473385,1.4482726970136517,7.1911950424734,0.8,self,,0.0,2.391826868057251,ok
C5,0.5,0.6,2.0,10.0,20,200,5,1.0,predictive,P1+P2 (protect),4.308869380063769,15,300.0,True,True,False,8.285634103727937e-09,1.216283904282416e-08,52.792191355634834,9.9999998783716,1.5005239914314334,0.722784370081114,7.776691760115853,49.99999939185803,1.0558438399547556,0.49999999391858,4.370052627912286,4.614093147459279,0.9324969676729747,5.986727573336543,7.22784370081114,1.4628536909393741,7.227843700811149,0.8,self,,0.0,2.2432053089141846,ok
C5,0.5,0.6,2.0,10.0,20,200,5,1.0,predictive,P1+P2 (protect),4.308869380063769,15,1000.0,True,True,False,8.288136361981158e-09,1.2166512215448335e-08,52.79581508071568,9.999999878334904,1.4958228482038805,0.7240792404705769,7.780098032990638,49.999999391674315,1.0559163144611339,0.4999999939167452,4.369478951769102,4.6138041108675285,0.9329874141124843,5.993316651632208,7.240792404705769,1.46802765252131,7.240792404705763,0.8,self,,0.0,2.332843780517578,ok
C5,0.5,0.6,2.0,10.0,20,200,5,1.0,predictive,P1+P2 (protect),4.308869380063769,20,3.0,True,True,False,6.33153859751154e-09,9.294338120188104e-09,52.24879661542199,9.999999907056623,4.3162000182307665,0.9586921227907357,4.725107951921876,49.99999953528304,1.0449759420208007,0.49999999535283113,5.093931959094652,5.323036347544797,0.9726328153531294,9.450215903843745,9.586921227907357,0.6221530007549846,9.58692122790738,0.8,self,,0.0,7.307897329330444,ok
C5,0.5,0.6,2.0,10.0,20,200,5,1.0,predictive,P1+P2 (protect),4.308869380063769,20,10.0,True,True,False,6.4050571115120795e-09,9.402259112225194e-09,52.41854267885014,9.999999905977408,3.7299786299104,1.084571897935551,5.185449566176642,49.99999952988698,1.0483708634340587,0.4999999952988704,5.00901572599942,5.251306141620791,0.987949558893118,10.370899132353285,10.84571897935551,0.9007323044371776,10.845718979355503,0.8,self,,0.0,7.13660192489624,ok
C5,0.5,0.6,2.0,10.0,20,200,5,1.0,predictive,P1+P2 (protect),4.308869380063769,20,30.0,True,True,False,6.444297955523522e-09,9.459862436661724e-09,52.49989639494041,9.999999905401385,3.531386642951542,1.1304851608247404,5.338128290822333,49.99999952700692,1.0499979378316433,0.4999999952700692,4.981478225209851,5.230541863823578,0.9932663942166498,10.676256581644617,11.304851608247404,1.0275139857281317,11.304851608247471,0.8,self,,0.0,7.512553930282593,ok
C5,0.5,0.6,2.0,10.0,20,200,5,1.0,predictive,P1+P2 (protect),4.308869380063769,20,100.0,True,True,False,6.461471874038223e-09,9.485072771070629e-09,52.53373229638225,9.99999990514928,3.4575521677918584,1.1478987718742268,5.3945491551846345,49.99999952574637,1.0506746558933704,0.499999995257464,4.971369223015128,5.223291647710312,0.9953857580612637,10.789098310369218,11.478987718742268,1.0783612459121144,11.478987718742289,0.8,self,,0.0,7.304133892059326,ok
C5,0.5,0.6,2.0,10.0,20,200,5,1.0,predictive,P1+P2 (protect),4.308869380063769,20,300.0,True,True,False,6.466786731496214e-09,9.49287467916369e-09,52.54401008253026,9.999999905071268,3.4360030750653827,1.1530116422638808,5.410985377599468,49.999999525356266,1.0508802116264793,0.4999999952535634,4.968430343264918,5.221225130581659,0.9960381549521791,10.821970755198938,11.530116422638807,1.0935366710644945,11.530116422638779,0.8,self,,0.0,7.428354263305664,ok
C5,0.5,0.6,2.0,10.0,20,200,5,1.0,predictive,P1+P2 (protect),4.308869380063769,20,1000.0,True,True,False,6.468693508872694e-09,9.495673719770659e-09,52.547676419867145,9.99999990504324,3.428411605851131,1.1548159820651265,5.416772507040502,49.99999952521633,1.0509535383768545,0.499999995252162,4.967396194575748,5.220502607209104,0.9962735613162198,10.833545014080904,11.548159820651264,1.098917066750089,11.548159820651316,0.8,self,,0.0,7.26730489730835,ok
C5,0.5,0.6,2.0,10.0,20,200,5,1.0,predictive,NoCancel,11.246826503806982,0,1.0,False,False,True,9.368285514491266e-09,1.3752109663089499e-08,53.777411826624586,9.999999862478855,0.43977070525845274,0.4946024823498642,9.06562694991283,49.99999931239447,1.0755482513235501,0.4999999931239428,4.044967583466546,4.3505578110578895,0.0,0.0,4.946024823498642,0.0,4.946024823498641,0.8,self,,0.0,12.13218903541565,ok
C5,0.5,0.6,2.0,10.0,20,200,5,1.0,predictive,P2 only,11.246826503806982,0,3.0,False,False,False,1.0042787731168774e-08,1.4742240506994642e-08,54.210889855489675,9.999999852577567,0.1932104981555148,0.42939641020710045,9.377393239059817,49.9999992628879,1.0842178130935949,0.49999999262887834,3.9648303767396853,4.298739720355756,0.0,0.0,4.293964102071005,3.3205941962696914,4.293964102070992,0.8,self,,0.0,1.1500828266143799,ok
C5,0.5,0.6,2.0,10.0,20,200,5,1.0,predictive,P2 only,11.246826503806982,0,10.0,False,False,False,1.0115597714525267e-08,1.4849121416395243e-08,54.3142365047078,9.999999851508804,0.12398557425367907,0.44997355026924785,9.42604102396827,49.999999257543955,1.0862847462245295,0.4999999925754402,3.9569506573252506,4.298375140615545,0.0,0.0,4.499735502692478,3.478441244782712,4.499735502692478,0.8,self,,0.0,0.927565336227417,ok
C5,0.5,0.6,2.0,10.0,20,200,5,1.0,predictive,P2 only,11.246826503806982,0,30.0,False,False,False,1.0141335910370162e-08,1.4886903622231652e-08,54.34910885048308,9.999999851130957,0.10206170142642298,0.456915451503935,9.441022995938685,49.99999925565475,1.0869821931914623,0.4999999925565478,3.9546149105860504,4.2985959887364835,0.0,0.0,4.56915451503935,3.5329427696231597,4.569154515039354,0.8,self,,0.0,0.9551761150360107,ok
C5,0.5,0.6,2.0,10.0,20,200,5,1.0,predictive,P2 only,11.246826503806982,0,100.0,False,False,False,1.0150975914335617e-08,1.4901054599101787e-08,54.36193923824912,9.999999850989429,0.09412387241261934,0.45946933443883603,9.446406942159115,49.99999925494716,1.0872388009659895,0.4999999925494715,3.953784440467137,4.298707854331476,0.0,0.0,4.59469334438836,3.553148085217423,4.594693344388361,0.8,self,,0.0,1.0197570323944092,ok
C5,0.5,0.6,2.0,10.0,20,200,5,1.0,predictive,P2 only,11.246826503806982,0,300.0,False,False,False,1.0153794295442663e-08,1.4905191822073866e-08,54.365666596146106,9.999999850948077,0.09182946721425628,0.46021124113391204,9.447959440703755,49.99999925474028,1.087313348129539,0.49999999254740385,3.9535457922509156,4.298743112355794,0.0,0.0,4.60211241133912,3.5590332035094816,4.602112411339129,0.8,self,,0.0,0.9414708614349365,ok
C5,0.5,0.6,2.0,10.0,20,200,5,1.0,predictive,P2 only,11.246826503806982,0,1000.0,False,False,False,1.0154787607472802e-08,1.4906649947569825e-08,54.36697770680824,9.999999850933467,0.09102360147615782,0.4604722068971593,9.448504340693216,49.99999925466749,1.0873395703447555,0.4999999925466733,3.953462116512962,4.298755799143471,0.0,0.0,4.604722068971593,3.5611049429308643,4.604722068971601,0.8,self,,0.0,1.0594093799591064,ok
C5,0.5,0.6,2.0,10.0,20,200,5,1.0,predictive,P1 only,11.246826503806982,5,1.0,False,False,False,9.91729872527343e-09,1.4558029792304057e-08,54.012869833130246,9.999999854419702,0.3503832550417765,0.3940699679294008,9.25554692260912,49.99999927209851,1.0802574123890245,0.4999999927209851,3.9870046295451798,4.306991304295537,0.05770776419036609,0.08696593378423306,3.940699679294008,3.0550779291684966,3.9406996792939966,0.8,self,,0.0,0.9995973110198975,ok
C5,0.5,0.6,2.0,10.0,20,200,5,1.0,predictive,P1 only,11.246826503806982,10,1.0,False,False,False,9.814820051706292e-09,1.440759693511255e-08,53.79341388261616,9.999999855924026,0.4040346274101319,0.45441073560120493,9.141554781064638,49.9999992796201,1.075868293153001,0.4999999927962013,4.021794657729853,4.326921353823675,0.5137927038716313,1.5995214323624094,4.5441073560120495,3.1457010070935563,4.544107356012042,0.8,self,,0.0,1.6109530925750732,ok
C5,0.5,0.6,2.0,10.0,20,200,5,1.0,predictive,P1 only,11.246826503806982,15,1.0,False,False,False,9.504083613824567e-09,1.3951453539066171e-08,53.429170859356994,9.999999860485476,0.6128274404374251,0.6892363899371785,8.697936309139921,49.999999302427064,1.0685834320954375,0.4999999930242738,4.1571855620673075,4.442299615771484,0.9029989432257536,5.380938121028102,6.8923638993717855,3.4046853206998806,6.892363899371823,0.8,self,,0.0,7.198084115982056,ok
C5,0.5,0.6,2.0,10.0,20,200,5,1.0,predictive,P1 only,11.246826503806982,20,1.0,False,False,False,9.078904612298415e-09,1.3327314976753234e-08,53.19765961526752,9.999999866726808,0.940089422196308,1.0573022629506026,8.002608448126281,49.99999933363437,1.0639532064849873,0.49999999333634043,4.369397347290533,4.64883431805676,0.9917868623226433,10.04171784931201,10.573022629506026,3.6782001084533587,10.573022629506044,0.8,self,,0.0,36.46648669242859,ok
C5,0.5,0.6,2.0,10.0,20,200,5,1.0,predictive,P1 only (protect),11.246826503806982,5,1.0,True,True,False,9.910616939373042e-09,1.454822131109377e-08,53.99228610883646,9.999999854517805,0.3541131611510016,0.3910696450215613,9.254817339309632,49.999999272588944,1.0798457378865638,0.49999999272589024,3.986717990234543,4.305040429910458,0.057222557614079385,0.08632581968178986,3.910696450215613,3.03002188810526,3.9106964502155974,0.8,self,,0.0,0.9546451568603516,ok
C5,0.5,0.6,2.0,10.0,20,200,5,1.0,predictive,P1 only (protect),11.246826503806982,10,1.0,True,True,False,9.567679924089045e-09,1.4044809301061736e-08,53.38267563756464,9.999999859551917,0.636132270913487,0.4049965336817481,8.958871335852848,49.99999929775949,1.067653527746284,0.49999999297759584,4.055574350658825,4.329948262518239,0.504363777374353,1.5701797681318217,4.049965336817481,2.3867054271911647,4.049965336817482,0.8,self,,0.0,1.287309169769287,ok
C5,0.5,0.6,2.0,10.0,20,200,5,1.0,predictive,P1 only (protect),11.246826503806982,15,1.0,True,True,False,8.25406978205971e-09,1.2116504415651353e-08,52.48628777801323,9.999999878834943,2.080210105508204,0.578868118164086,7.340921897492766,49.99999939417473,1.0497257682792724,0.49999999394174716,4.446713226793079,4.667829458312968,0.8779042352162644,5.119166972608644,5.78868118164086,1.0262351928178863,5.78868118164085,0.8,self,,0.0,2.3069567680358887,ok
C5,0.5,0.6,2.0,10.0,20,200,5,1.0,predictive,P1 only (protect),11.246826503806982,20,1.0,True,True,False,6.322682189893676e-09,9.281337418134523e-09,52.22672671163835,9.999999907186615,4.424752534953718,0.9369171137659962,4.638330444093671,49.99999953593304,1.0445345439274463,0.4999999953593307,5.110233136392901,5.337815038485083,0.9697070546305805,9.276660888187305,9.369171137659961,0.5846932338695183,9.3691711376599,0.8,self,,0.0,7.301685571670532,ok
C5,0.5,0.6,2.0,10.0,20,200,5,1.0,predictive,P1+P2,11.246826503806982,5,3.0,False,False,False,1.0038362362754487e-08,1.4735744318163232e-08,54.1963978286205,9.999999852642539,0.1944844235158409,0.4312047954066535,9.374310928434967,49.99999926321262,1.083927972544899,0.4999999926321269,3.965797675705627,4.298639034150873,0.06651044347720439,0.10225885668669918,4.312047954066535,3.3240549834314166,4.312047954066545,0.8,self,,0.0,1.1088471412658691,ok
C5,0.5,0.6,2.0,10.0,20,200,5,1.0,predictive,P1+P2,11.246826503806982,5,10.0,False,False,False,1.0110912559223191e-08,1.4842243875206027e-08,54.29902749425336,9.999999851577574,0.12514875158870858,0.45185829717840587,9.422993099655312,49.99999925788766,1.0859805660034587,0.49999999257887867,3.9579216833426667,4.298226029873831,0.07021650957799074,0.10873465453628021,4.518582971784059,3.4819071642534425,4.51858297178406,0.8,self,,0.0,1.0319437980651855,ok
C5,0.5,0.6,2.0,10.0,20,200,5,1.0,predictive,P1+P2,11.246826503806982,5,30.0,False,False,False,1.0136573717622479e-08,1.4879912994459154e-08,54.33369844402522,9.999999851200876,0.10318598923995731,0.45882386359219535,9.437990295966971,49.999999256004365,1.0866739850501184,0.4999999925600438,3.955586061228562,4.298432468363943,0.07135711959602264,0.11072072517029653,4.588238635921954,3.5364087341882864,4.588238635921959,0.8,self,,0.0,1.082916021347046,ok
C5,0.5,0.6,2.0,10.0,20,200,5,1.0,predictive,P1+P2,11.246826503806982,5,100.0,False,False,False,1.0146186528301257e-08,1.4894024053132966e-08,54.34645926910083,9.999999851059751,0.0952336934984965,0.4613862966434938,9.44338015879826,49.99999925529878,1.0869292015707668,0.49999999255298755,3.9547555422624048,4.29853928395884,0.07176586288995714,0.11143086623253065,4.6138629664349375,3.5566141179633926,4.613862966434943,0.8,self,,0.0,0.9974818229675293,ok
C5,0.5,0.6,2.0,10.0,20,200,5,1.0,predictive,P1+P2,11.246826503806982,5,300.0,False,False,False,1.0148997121003892e-08,1.4898149843170872e-08,54.35016686213816,9.999999851018492,0.09293507033197597,0.46213067385392737,9.444934404795605,49.99999925509241,1.0870033534371042,0.4999999925509246,3.9545168713875816,4.2985731004219065,0.07188358063775614,0.11163520205876593,4.621306738539274,3.5624992667446955,4.621306738539268,0.8,self,,0.0,1.0184662342071533,ok
C5,0.5,0.6,2.0,10.0,20,200,5,1.0,predictive,P1+P2,11.246826503806982,5,1000.0,False,False,False,1.0149987705230322e-08,1.489960396440632e-08,54.35147106752058,9.999999851003958,0.09212771930339952,0.46239250727222553,9.445479922420418,49.99999925501978,1.0870294375467202,0.4999999925501979,3.9544331868068943,4.298585282870783,0.07192488085685544,0.1117068707455671,4.623925072722256,3.5645710181943,4.623925072722248,0.8,self,,0.0,1.0774126052856445,ok
C5,0.5,0.6,2.0,10.0,20,200,5,1.0,predictive,P1+P2,11.246826503806982,10,3.0,False,False,False,9.922249320903237e-09,1.456529698473455e-08,53.95259383339664,9.999999854347012,0.24076559064492412,0.4956449416900405,9.263589613318024,49.99999927173515,1.0790518923846442,0.49999999271735057,4.000466358476418,4.316710794535084,0.5434714451865853,1.7456968478033195,4.956449416900405,3.4073499675355667,4.956449416900387,0.8,self,,0.0,1.8092634677886963,ok
C5,0.5,0.6,2.0,10.0,20,200,5,1.0,predictive,P1+P2,11.246826503806982,10,10.0,False,False,False,9.988611254648787e-09,1.46627125244882e-08,54.04510815073902,9.999999853372854,0.16764743485469705,0.5178221355857643,9.314530576186685,49.99999926686432,1.0809021788637394,0.4999999926686427,3.9923099609426624,4.315296535482334,0.5563479633576717,1.8079555202950952,5.178221355857643,3.560176836811259,5.178221355857648,0.8,self,,0.0,1.6649677753448486,ok
C5,0.5,0.6,2.0,10.0,20,200,5,1.0,predictive,P1+P2,11.246826503806982,10,30.0,False,False,False,1.0012332051863578e-08,1.4697533304015717e-08,54.07676575108693,9.99999985302467,0.14445058387228946,0.5252292733892584,9.33032028971378,49.99999926512321,1.081535330917643,0.4999999926512335,3.989861965263691,4.315176680917183,0.5604424026422984,1.8272838720328461,5.252292733892584,3.6128699423323667,5.252292733892575,0.8,self,,0.0,1.652587890625,ok
C5,0.5,0.6,2.0,10.0,20,200,5,1.0,predictive,P1+P2,11.246826503806982,10,100.0,False,False,False,1.0021247081610829e-08,1.4710620060016956e-08,54.088464533622975,9.999999852893769,0.13604884187190494,0.5279469323968303,9.336004372837497,49.999999264468855,1.08176930658596,0.4999999926446884,3.9889884184737583,4.315165235431783,0.5619342433747668,1.8342337754925653,5.2794693239683035,3.6323971617716038,5.2794693239683115,0.8,self,,0.0,1.7632710933685303,ok
C5,0.5,0.6,2.0,10.0,20,200,5,1.0,predictive,P1+P2,11.246826503806982,10,300.0,False,False,False,1.0023856537410012e-08,1.4714450592534275e-08,54.09186824757521,9.99999985285546,0.13362009739872877,0.5287357280753349,9.337644321670476,49.999999264277456,1.0818373808701474,0.499999992642773,3.9887370942503444,4.315164891023395,0.5623668097485345,1.8362377380590258,5.287357280753349,3.638084059265922,5.287357280753344,0.8,self,,0.0,1.6219642162322998,ok
C5,0.5,0.6,2.0,10.0,20,200,5,1.0,predictive,P1+P2,11.246826503806982,10,1000.0,False,False,False,1.0024776538299287e-08,1.4715801101450126e-08,54.0930660600965,9.999999852841958,0.1327670231407052,0.5290131153006663,9.338220008716672,49.99999926421008,1.0818613371223833,0.4999999926420979,3.988648942978529,4.315165078762532,0.5625189045890102,1.8369410666832249,5.290131153006663,3.6400859445915925,5.290131153006667,0.8,self,,0.0,1.6476891040802002,ok
C5,0.5,0.6,2.0,10.0,20,200,5,1.0,predictive,P1+P2,11.246826503806982,15,3.0,False,False,False,9.57813991000958e-09,1.4060163964719252e-08,53.56105340637757,9.999999859398365,0.4210743136433921,0.7418079527889732,8.83711787416927,49.999999296991824,1.071221083189095,0.49999999296991826,4.13369421349238,4.428100392949801,0.9158389345118684,5.687590960829362,7.418079527889732,3.643825698335574,7.418079527889738,0.8,self,,0.0,7.195154190063477,ok
C5,0.5,0.6,2.0,10.0,20,200,5,1.0,predictive,P1+P2,11.246826503806982,15,10.0,False,False,False,9.627191360186793e-09,1.4132168700334649e-08,53.640905454709966,9.99999985867834,0.33515994791456205,0.7685871574977979,8.8962530359093,49.99999929339171,1.0728181242554429,0.499999992933917,4.124381408672054,4.424711126565574,0.9220072708807451,5.820556988506545,7.68587157497798,3.782678871451716,7.685871574977971,0.8,self,,0.0,7.059756278991699,ok
C5,0.5,0.6,2.0,10.0,20,200,5,1.0,predictive,P1+P2,11.246826503806982,15,30.0,False,False,False,9.645169367523887e-09,1.415855939134318e-08,53.668649008450316,9.999999858414382,0.30795474453072474,0.7773695457781226,8.914675851276769,49.99999929207187,1.073372995366425,0.4999999929207191,4.1215462434974945,4.423956436924143,0.9241281588085541,5.8622090986591315,7.773695457781225,3.8302352064944998,7.773695457781238,0.8,self,,0.0,7.112621068954468,ok
C5,0.5,0.6,2.0,10.0,20,200,5,1.0,predictive,P1+P2,11.246826503806982,15,100.0,False,False,False,9.65198213539448e-09,1.4168560146622187e-08,53.67896024095008,9.999999858314379,0.2981097132748324,0.7805752803687764,8.921315148042012,49.9999992915719,1.0735792200300753,0.49999999291571895,4.1205306146403355,4.423716043375618,0.9249346558237944,5.87723685048589,7.805752803687764,3.8478141319961012,7.805752803687751,0.8,self,,0.0,7.176407814025879,ok
C5,0.5,0.6,2.0,10.0,20,200,5,1.0,predictive,P1+P2,11.246826503806982,15,300.0,False,False,False,9.653982003444556e-09,1.4171495839036614e-08,53.68196666680179,9.999999858285026,0.29526464875032277,0.7815042003915789,8.923231292573073,49.999999291425276,1.07363934855111,0.4999999929142513,4.120238057563517,4.423649703997985,0.9251730238912936,5.881575352887591,7.815042003915789,3.8529291154651246,7.815042003915784,0.8,self,,0.0,7.080953359603882,ok
C5,0.5,0.6,2.0,10.0,20,200,5,1.0,predictive,P1+P2,11.246826503806982,15,1000.0,False,False,False,9.654687706231794e-09,1.4172531770541824e-08,53.68302537705676,9.99999985827466,0.29426544352386214,0.7818307033837772,8.923903994817701,49.99999929137346,1.073660522757622,0.499999992913733,4.120135407446,4.42362673539066,0.9252573847330902,5.883098613079312,7.8183070338377725,3.8547291950041354,7.8183070338377565,0.8,self,,0.0,7.035855531692505,ok
C5,0.5,0.6,2.0,10.0,20,200,5,1.0,predictive,P1+P2,11.246826503806982,20,3.0,False,False,False,9.124524879247937e-09,1.3394282930794986e-08,53.3238292664998,9.999999866057191,0.702187271753997,1.1221343820441103,8.1756784801447,49.99999933028583,1.0664765996146859,0.49999999330285955,4.340105056861568,4.628620483012228,0.9934453020327912,10.457270385816443,11.221343820441103,3.9030330268774747,11.221343820441085,0.8,self,,0.0,36.24396896362305,ok
C5,0.5,0.6,2.0,10.0,20,200,5,1.0,predictive,P1+P2,11.246826503806982,20,10.0,False,False,False,9.156549661035898e-09,1.344129348681022e-08,53.401100321601454,9.999999865587062,0.5968909731388855,1.1540707073514946,8.249038453922557,49.999999327935285,1.0680220207876274,0.4999999932793531,4.328358894861893,4.6227826135845005,0.9945288296033685,10.637356997904343,11.540707073514946,4.0329852960526935,11.540707073515044,0.8,self,,0.0,35.87184715270996,ok
C5,0.5,0.6,2.0,10.0,20,200,5,1.0,predictive,P1+P2,11.246826503806982,20,30.0,False,False,False,9.168500172015999e-09,1.3458836156407e-08,53.428187336112025,9.999999865411606,0.5637710950105412,1.1644255517172701,8.271803487860582,49.99999932705799,1.0685637611038694,0.4999999932705803,4.324780662113352,4.621303890257126,0.9950051387284305,10.69371321756577,11.644255517172702,4.077147075501641,11.64425551717268,0.8,self,,0.0,35.6709041595459,ok
C5,0.5,0.6,2.0,10.0,20,200,5,1.0,predictive,P1+P2,11.246826503806982,20,100.0,False,False,False,9.173059715576568e-09,1.3465529306710513e-08,53.43830723742758,9.999999865344718,0.5518131324054986,1.1681938117155923,8.27999319053419,49.99999932672364,1.0687661591400515,0.4999999932672359,4.323499879614227,4.620810360377772,0.9952140331603977,10.714041244801079,11.681938117155923,4.093421665846542,11.681938117155983,0.8,self,,0.0,36.050588607788086,ok
C5,0.5,0.6,2.0,10.0,20,200,5,1.0,predictive,P1+P2,11.246826503806982,20,300.0,False,False,False,9.174401652516366e-09,1.346749919372147e-08,53.44126447246906,9.999999865325014,0.5483601748015323,1.169284698550845,8.282355261322609,49.99999932662511,1.0688253038437836,0.4999999932662507,4.323131085439174,4.620671895951031,0.9952800888284956,10.719909677053282,11.69284698550845,4.098152028210933,11.692846985508467,0.8,self,,0.0,35.80753755569458,ok
C5,0.5,0.6,2.0,10.0,20,200,5,1.0,predictive,P1+P2,11.246826503806982,20,1000.0,False,False,False,9.17487558063242e-09,1.3468194893207973e-08,53.44230662359098,9.999999865318044,0.5471477612160127,1.1696680242960118,8.283184349169932,49.999999326590334,1.068846146867246,0.49999999326590217,4.32300170229429,4.620623712397798,0.9953040304647525,10.721970083504734,11.696680242960118,4.099816201742468,11.69668024296025,0.8,self,,0.0,35.881449699401855,ok
C5,0.5,0.6,2.0,10.0,20,200,5,1.0,predictive,P1+P2 (protect),11.246826503806982,5,3.0,True,True,False,1.003252401674249e-08,1.4727173958679798e-08,54.17864802833674,9.999999852728255,0.19740756075229077,0.42891306848618393,9.37367951803327,49.99999926364135,1.0835729765247015,0.49999999263641276,3.965595456933192,4.297012072961933,0.0664193827936018,0.10220546857880634,4.289130684861839,3.297446190426667,4.289130684861845,0.8,self,,0.0,1.1402292251586914,ok
C5,0.5,0.6,2.0,10.0,20,200,5,1.0,predictive,P1+P2 (protect),11.246826503806982,5,10.0,True,True,False,1.0105505095457272e-08,1.4834306026323444e-08,54.282718215715356,9.999999851656929,0.12772214826530434,0.44989997681252836,9.422378023265239,49.999999258284696,1.0856543804192365,0.49999999258284644,3.9577659214908194,4.2967659093404835,0.07028754761948852,0.1089053415250476,4.498999768125284,3.454701888303171,4.498999768125267,0.8,self,,0.0,1.0837993621826172,ok
C5,0.5,0.6,2.0,10.0,20,200,5,1.0,predictive,P1+P2 (protect),11.246826503806982,5,30.0,True,True,False,1.0131306351430474e-08,1.4872180800837291e-08,54.317856794869904,9.999999851278169,0.10565237522686273,0.45697088993049273,9.437376883564477,49.999999256390794,1.0863571520539017,0.4999999925639084,3.9554457673023102,4.297026798870197,0.07147882451040258,0.11095713333204463,4.569708899304928,3.5090272178049347,4.56970889930495,0.8,self,,0.0,0.9528770446777344,ok
C5,0.5,0.6,2.0,10.0,20,200,5,1.0,predictive,P1+P2 (protect),11.246826503806982,5,100.0,True,True,False,1.0140970129331323e-08,1.4886366676490794e-08,54.330787670348144,9.999999851136307,0.09766188604390492,0.4595713020349514,9.442766960784835,49.999999255681566,1.0866157695827259,0.4999999925568154,3.9546209117182016,4.297153445394614,0.07190595598608003,0.11169045822964992,4.595713020349514,3.5291702917225862,4.595713020349501,0.8,self,,0.0,1.0162694454193115,ok
C5,0.5,0.6,2.0,10.0,20,200,5,1.0,predictive,P1+P2 (protect),11.246826503806982,5,300.0,True,True,False,1.0143795472755335e-08,1.4890514119747711e-08,54.33454447222012,9.999999851094858,0.09535228041233522,0.46032663694032483,9.444321231552482,49.99999925547426,1.0866909056257894,0.49999999255474287,3.9543838832051255,4.297193003232204,0.07202899875734216,0.11190143554754635,4.603266369403248,3.5350375784246535,4.603266369403237,0.8,self,,0.0,0.9481115341186523,ok
C5,0.5,0.6,2.0,10.0,20,200,5,1.0,predictive,P1+P2 (protect),11.246826503806982,5,1000.0,True,True,False,1.0144791239708654e-08,1.4891975848931104e-08,54.33586596667218,9.999999851080243,0.09454107818227026,0.46059231677028045,9.444866753967204,49.99999925540107,1.086717335516815,0.4999999925540122,3.954300776013422,4.2972072031413795,0.07207217058495688,0.11197543061008183,4.605923167702804,3.5371030719436365,4.6059231677028105,0.8,self,,0.0,1.036729097366333,ok
C5,0.5,0.6,2.0,10.0,20,200,5,1.0,predictive,P1+P2 (protect),11.246826503806982,10,3.0,True,True,False,9.686883878773732e-09,1.4219793918476248e-08,53.56784575233608,9.999999857802068,0.43895144005056635,0.45674504456618625,9.104303657581179,49.999999289010205,1.0713569302811985,0.49999999289010344,4.030549125850543,4.318156738818805,0.5439442061689918,1.754458193240251,4.567450445661862,2.641697066716593,4.567450445661861,0.8,self,,0.0,1.2096946239471436,ok
C5,0.5,0.6,2.0,10.0,20,200,5,1.0,predictive,P1+P2 (protect),11.246826503806982,10,10.0,True,True,False,9.759530849450126e-09,1.4326435534546285e-08,53.67439697572187,9.999999856735647,0.35148568382646334,0.48364211823711517,9.164872341200773,49.999999283678115,1.0734879548936958,0.4999999928367823,4.020930662193303,4.316420633327242,0.5611665274736508,1.831695818901785,4.836421182371152,2.7927753781587774,4.836421182371141,0.8,self,,0.0,1.2345223426818848,ok
C5,0.5,0.6,2.0,10.0,20,200,5,1.0,predictive,P1+P2 (protect),11.246826503806982,10,30.0,True,True,False,9.785356222708651e-09,1.4364345711862076e-08,53.710774252349665,9.999999856356498,0.3238921090525193,0.4925223536120917,9.183585680978892,49.99999928178272,1.074215500477396,0.49999999281782487,4.018044673600929,4.316245869992757,0.5666824148433465,1.8555036536814955,4.9252235361209165,2.8449759589000143,4.925223536120913,0.8,self,,0.0,1.1449196338653564,ok
C5,0.5,0.6,2.0,10.0,20,200,5,1.0,predictive,P1+P2 (protect),11.246826503806982,10,100.0,True,True,False,9.795045534042318e-09,1.4378569069141135e-08,53.72421221280864,9.999999856214268,0.313918384033277,0.49576928281645877,9.190312476935995,49.99999928107154,1.0744842597057191,0.4999999928107134,4.0170155013100715,4.3162199271515505,0.5687003320857612,1.864044678839452,4.957692828164587,2.8643261429791917,4.957692828164596,0.8,self,,0.0,1.3472931385040283,ok
C5,0.5,0.6,2.0,10.0,20,200,5,1.0,predictive,P1+P2 (protect),11.246826503806982,10,300.0,True,True,False,9.797879986302226e-09,1.43827298836505e-08,53.728121616409695,9.999999856172682,0.31103729475963754,0.4967106150123973,9.192252234055283,49.999999280863534,1.0745624477833347,0.4999999928086341,4.016719484206403,4.316215921007846,0.5692864027102916,1.8665055409284652,4.967106150123973,2.8699618147192973,4.967106150123973,0.8,self,,0.0,1.2199971675872803,ok
C5,0.5,0.6,2.0,10.0,20,200,5,1.0,predictive,P1+P2 (protect),11.246826503806982,10,1000.0,True,True,False,9.79887913912025e-09,1.4384196583090496e-08,53.72949736032205,9.999999856157979,0.31002556129518083,0.4970415286428914,9.19293305390395,49.999999280790156,1.0745899626635547,0.499999992807899,4.016615666178888,4.31621487875302,0.5694925804183294,1.8673690278812274,4.970415286428914,2.8719456956258376,4.970415286428911,0.8,self,,0.0,1.2219607830047607,ok
C5,0.5,0.6,2.0,10.0,20,200,5,1.0,predictive,P1+P2 (protect),11.246826503806982,15,3.0,True,True,False,8.352709292366564e-09,1.2261301599758033e-08,52.657275093534224,9.99999987738697,1.714826430140878,0.6657874164772419,7.619386275994911,49.999999386934796,1.053145514783622,0.49999999386934846,4.396966971469687,4.630646044655027,0.9107168563977961,5.661840059661088,6.657874164772419,1.2840280799395065,6.657874164772417,0.8,self,,0.0,2.2474448680877686,ok
C5,0.5,0.6,2.0,10.0,20,200,5,1.0,predictive,P1+P2 (protect),11.246826503806982,15,10.0,True,True,False,8.416532891684545e-09,1.2354991009120918e-08,52.76101265702847,9.999999876450095,1.5566761966093918,0.7076229230835649,7.735701003856949,49.99999938225035,1.0552202661778085,0.49999999382250476,4.377019490009385,4.618719671313158,0.9253982219147884,5.888405683149299,7.076229230835649,1.4364166642525884,7.0762292308356605,0.8,self,,0.0,2.2577743530273438,ok
C5,0.5,0.6,2.0,10.0,20,200,5,1.0,predictive,P1+P2 (protect),11.246826503806982,15,30.0,True,True,False,8.43975847464607e-09,1.2389084842326205e-08,52.797198847370794,9.999999876109147,1.5074028055841988,0.7210701644332203,7.771527153873434,49.9999993805457,1.0559439900295968,0.49999999380545734,4.3709598979492466,4.615488834899887,0.930262188056585,5.9581322783629025,7.210701644332202,1.4885108593748517,7.210701644332207,0.8,self,,0.0,2.480624198913574,ok
C5,0.5,0.6,2.0,10.0,20,200,5,1.0,predictive,P1+P2 (protect),11.246826503806982,15,100.0,True,True,False,8.448543620400258e-09,1.2401980936022528e-08,52.81067665036713,9.999999875980215,1.4896690830008534,0.7259485886496703,7.784382452369261,49.99999937990088,1.0562135461064843,0.4999999937990108,4.36879357282754,4.614378951763394,0.9320801800602369,5.983141040440947,7.2594858864967025,1.5077309418736082,7.259485886496701,0.8,self,,0.0,2.3086025714874268,ok
C5,0.5,0.6,2.0,10.0,20,200,5,1.0,predictive,P1+P2 (protect),11.246826503806982,15,300.0,True,True,False,8.451121010873358e-09,1.240576439846731e-08,52.814609644785754,9.999999875942308,1.4845539314101415,0.7273592748587872,7.788086917788762,49.99999937971175,1.0562922059998279,0.4999999937971154,4.368170045797147,4.614063973857437,0.9326135081157352,5.99034650664087,7.2735927485878715,1.513319082728913,7.273592748587873,0.8,self,,0.0,2.3620564937591553,ok
C5,0.5,0.6,2.0,10.0,20,200,5,1.0,predictive,P1+P2 (protect),11.246826503806982,15,1000.0,True,True,False,8.452030356085046e-09,1.240709926545532e-08,52.815995013099005,9.999999875928994,1.4827584795428164,0.727854802270714,7.789386842257475,49.999999379645075,1.0563199133678454,0.4999999937964497,4.3679513217926305,4.613953961830957,0.9328017818189527,5.9928748231445015,7.27854802270714,1.5152851820730913,7.278548022707136,0.8,self,,0.0,2.3620500564575195,ok
C5,0.5,0.6,2.0,10.0,20,200,5,1.0,predictive,P1+P2 (protect),11.246826503806982,20,3.0,True,True,False,6.392085054234253e-09,9.383216870835582e-09,52.39029200930744,9.99999990616784,3.80769933449263,1.0670254349539532,5.125275324385576,49.99999953083914,1.0478058500179386,0.499999995308392,5.019951465224495,5.259934512068348,0.9859273025954974,10.250550648771137,10.670254349539531,0.8555215540069593,10.670254349539512,0.8,self,,0.0,7.31136679649353,ok
C5,0.5,0.6,2.0,10.0,20,200,5,1.0,predictive,P1+P2 (protect),11.246826503806982,20,10.0,True,True,False,6.440897124223225e-09,9.454870209973528e-09,52.49307610355418,9.99999990545129,3.5468321625805244,1.1268639885269844,5.326303943441201,49.999999527256456,1.0498615319973887,0.4999999952725645,4.983601060750167,5.232091044502981,0.9928381170502788,10.652607886882336,11.268639885269845,1.0171138377969489,11.268639885269879,0.8,self,,0.0,7.360255241394043,ok
C5,0.5,0.6,2.0,10.0,20,200,5,1.0,predictive,P1+P2 (protect),11.246826503806982,20,30.0,True,True,False,6.45931923947419e-09,9.481912826112671e-09,52.52954448081039,9.999999905180868,3.4664472437782217,1.1457921826690016,5.387760668371909,49.99999952590432,1.05059089957782,0.4999999952590434,4.972583810019235,5.2241512981942115,0.9951221257123097,10.775521336743823,11.457921826690017,1.0721399107195837,11.457921826689997,0.8,self,,0.0,7.133993864059448,ok
C5,0.5,0.6,2.0,10.0,20,200,5,1.0,predictive,P1+P2 (protect),11.246826503806982,20,100.0,True,True,False,6.4663830693536344e-09,9.492282126124981e-09,52.54323252361362,9.999999905077173,3.4376195043387954,1.1526276589358508,5.409752931648181,49.99999952538585,1.050864660447377,0.49999999525385863,4.968650620262396,5.221379346943692,0.9959884451252972,10.819505863296294,11.526276589358508,1.092393321781416,11.52627658935851,0.8,self,,0.0,7.333773851394653,ok
C5,0.5,0.6,2.0,10.0,20,200,5,1.0,predictive,P1+P2 (protect),11.246826503806982,20,300.0,True,True,False,6.468465802282579e-09,9.495339459463153e-09,52.54723915802997,9.999999905046593,3.4293143743450965,1.1546013274611815,5.416084393147129,49.99999952523304,1.0509447931396767,0.49999999525232963,4.967519142478035,5.220588377608963,0.9962453909297392,10.832168786294128,11.546013274611814,1.0982763146337216,11.54601327461183,0.8,self,,0.0,7.501953601837158,ok
C5,0.5,0.6,2.0,10.0,20,200,5,1.0,predictive,P1+P2 (protect),11.246826503806982,20,1000.0,True,True,False,6.469201762144611e-09,9.496419806631275e-09,52.54865185716473,9.999999905035827,3.4264002737747936,1.1552943057571485,5.41830551543223,49.99999952517887,1.0509730471237788,0.49999999525179134,4.967122302334251,5.220311661520707,0.9963365044329141,10.836611030864464,11.552943057571486,1.1003455269160802,11.552943057571484,0.8,self,,0.0,7.141438961029053,ok
C5,0.5,0.6,2.0,10.0,20,200,5,1.0,predictive,NoCancel,29.355985352441415,0,1.0,False,False,True,9.992013516989635e-09,1.46677068519822e-08,54.188636126621006,9.999999853322878,0.2055321390910862,0.6033598464613853,9.19110816112465,49.99999926661442,1.0837727384288862,0.4999999926661439,4.033016764118167,4.370873622577951,0.0,0.0,6.033598464613853,0.0,6.033598464613842,0.8,self,,0.0,12.421212911605835,ok
C5,0.5,0.6,2.0,10.0,20,200,5,1.0,predictive,P2 only,29.355985352441415,0,3.0,False,False,False,1.0507060075187113e-08,1.5423765869559895e-08,54.481188171807595,9.999999845762332,0.08912929364324082,0.48287615280403823,9.427994707790388,49.99999922881159,1.0896237802422566,0.4999999922881166,3.961458217035375,4.316499077717835,0.0,0.0,4.828761528040382,3.7462341264670145,4.828761528040388,0.8,self,,0.0,0.9861931800842285,ok
C5,0.5,0.6,2.0,10.0,20,200,5,1.0,predictive,P2 only,29.355985352441415,0,10.0,False,False,False,1.0534381462023912e-08,1.546387210961877e-08,54.52134192413137,9.99999984536129,0.061901325398148285,0.49087230538994914,9.447226523850613,49.9999992268063,1.0904268553448508,0.49999999226806446,3.958322307433368,4.316260946135942,0.0,0.0,4.908723053899491,3.8099963645604142,4.908723053899487,0.8,self,,0.0,1.0404181480407715,ok
C5,0.5,0.6,2.0,10.0,20,200,5,1.0,predictive,P2 only,29.355985352441415,0,30.0,False,False,False,1.0542888838923543e-08,1.547636045445425e-08,54.5335787612623,9.99999984523637,0.05376847879283863,0.4933089025185081,9.452922773452283,49.999999226182204,1.0906715921048677,0.4999999922618185,3.9574037465747978,4.316227844878504,0.0,0.0,4.933089025185081,3.829614213990863,4.93308902518508,0.8,self,,0.0,0.9712302684783936,ok
C5,0.5,0.6,2.0,10.0,20,200,5,1.0,predictive,P2 only,29.355985352441415,0,100.0,False,False,False,1.054594568112939e-08,1.548084772474031e-08,54.53794506900979,9.999999845191496,0.050882483617501535,0.494178294473099,9.454939376717904,49.99999922595756,1.0907589182660697,0.4999999922595748,3.957079574665399,4.31621983635479,0.0,0.0,4.94178294473099,3.8366349901388794,4.941782944730997,0.8,self,,0.0,0.988450288772583,ok
C5,0.5,0.6,2.0,10.0,20,200,5,1.0,predictive,P2 only,29.355985352441415,0,300.0,False,False,False,1.054682678793141e-08,1.5482141139350976e-08,54.539200626784215,9.9999998451786,0.050054080373289435,0.4944282906879587,9.455517783760152,49.99999922589301,1.090784029423355,0.49999999225893,3.9569866904063584,4.316217886536034,0.0,0.0,4.944282906879587,3.8386558735176792,4.94428290687959,0.8,self,,0.0,0.9834291934967041,ok
C5,0.5,0.6,2.0,10.0,20,200,5,1.0,predictive,P2 only,29.355985352441415,0,1000.0,False,False,False,1.0547135992568461e-08,1.5482595034150483e-08,54.5396409198311,9.999999845174031,0.04976373420678063,0.4945159578975592,9.45572046272163,49.999999225870226,1.0907928352849263,0.49999999225870156,3.956954152911096,4.316217239546358,0.0,0.0,4.945159578975592,3.839364760450769,4.945159578975582,0.8,self,,0.0,0.9489836692810059,ok
C5,0.5,0.6,2.0,10.0,20,200,5,1.0,predictive,P1 only,29.355985352441415,5,1.0,False,False,False,1.0442730889641042e-08,1.5329334288401806e-08,54.37612093094789,9.999999846706638,0.15887855624100833,0.46640365698280783,9.374717940069546,49.9999992335332,1.0875224352899546,0.4999999923353319,3.970999485062454,4.318551030530276,0.06510509774352055,0.09989822325665274,4.664036569828078,3.6047498880436617,4.664036569828084,0.8,self,,0.0,1.0583953857421875,ok
C5,0.5,0.6,2.0,10.0,20,200,5,1.0,predictive,P1 only,29.355985352441415,10,1.0,False,False,False,1.035698730441837e-08,1.520346758793295e-08,54.195373304500244,9.999999847965311,0.18312597265918015,0.5375843371034469,9.279289842272062,49.99999923982662,1.083907482569157,0.49999999239826554,4.003231923822391,4.339133036690811,0.537177116972548,1.7177399296533262,5.375843371034469,3.7187804959804533,5.375843371034466,0.8,self,,0.0,1.7721543312072754,ok
C5,0.5,0.6,2.0,10.0,20,200,5,1.0,predictive,P1 only,29.355985352441415,15,1.0,False,False,False,1.0100461704133312e-08,1.4826902614479209e-08,53.89005613750582,9.999999851730978,0.2695366127638751,0.7912512856242996,8.939212249880846,49.999999258654896,1.0778011387305684,0.4999999925865489,4.118098828023014,4.438491606248224,0.9129103848678194,5.6319232256109,7.912512856242996,4.020664619973484,7.912512856242973,0.8,self,,0.0,7.024922847747803,ok
C5,0.5,0.6,2.0,10.0,20,200,5,1.0,predictive,P1 only,29.355985352441415,20,1.0,False,False,False,9.746931703398588e-09,1.4307940705252766e-08,53.68121856558556,9.99999985692054,0.40002134613367174,1.1743020777763926,8.425676719169395,49.999999284603156,1.0736243866730613,0.49999999284602703,4.291554056838955,4.6075170921480115,0.9933677132863313,10.402944941546824,11.743020777763926,4.318271996534043,11.743020777763856,0.8,self,,0.0,36.31133246421814,ok
C5,0.5,0.6,2.0,10.0,20,200,5,1.0,predictive,P1 only (protect),29.355985352441415,5,1.0,True,True,False,1.0433509302815875e-08,1.5315797524062435e-08,54.34873308170131,9.999999846842043,0.16297869767176146,0.46231996360108424,9.374701491885112,49.99999923421002,1.0869746782819125,0.49999999234210213,3.9703890407807836,4.315712350256724,0.06505161195798345,0.0999436671762003,4.623199636010843,3.5743359819753877,4.623199636010841,0.8,self,,0.0,0.982701301574707,ok
C5,0.5,0.6,2.0,10.0,20,200,5,1.0,predictive,P1 only (protect),29.355985352441415,10,1.0,True,True,False,1.0036180028586345e-08,1.4732540775268512e-08,53.6680546387934,9.999999852674561,0.4199870414211634,0.474618133424443,9.105394972479832,49.999999263372885,1.0733611085892059,0.4999999926337281,4.0329909071136205,4.328855590989662,0.5387921661149804,1.7329416235655637,4.7461813342444295,2.841236846412631,4.746181334244439,0.8,self,,0.0,1.2050342559814453,ok
C5,0.5,0.6,2.0,10.0,20,200,5,1.0,predictive,P1 only (protect),29.355985352441415,15,1.0,True,True,False,8.528003408294707e-09,1.2518623379376647e-08,52.66140904864409,9.999999874813762,1.7366910172196082,0.6618343888003576,7.601474719166272,49.999999374068764,1.0532281941578503,0.4999999937406881,4.4004130996261726,4.634639142467822,0.9076417511824367,5.614267514718474,6.618343888003576,1.3103649925829581,6.618343888003582,0.8,self,,0.0,2.375121593475342,ok
C5,0.5,0.6,2.0,10.0,20,200,5,1.0,predictive,P1 only (protect),29.355985352441415,20,1.0,True,True,False,6.384058423750509e-09,9.37143423436216e-09,52.372455765062774,9.999999906285632,3.8597279394944013,1.0554244522134484,5.084847702006517,49.99999953142835,1.0474491251173548,0.49999999531428163,5.027326756723147,5.265869013008729,0.9845793504308219,10.169695404012963,10.554244522134484,0.8267176082389606,10.554244522134525,0.8,self,,0.0,7.3299031257629395,ok
C5,0.5,0.6,2.0,10.0,20,200,5,1.0,predictive,P1+P2,29.355985352441415,5,3.0,False,False,False,1.05034632478247e-08,1.541848593181193e-08,54.46972101015396,9.999999845815125,0.0898368172185981,0.4853025468007499,9.424860790165527,49.9999992290756,1.0893944369998942,0.49999999229075626,3.9625301014984253,4.316758249017011,0.06905641428346947,0.10680344628482775,4.853025468007499,3.7507996723597716,4.853025468007502,0.8,self,,0.0,0.9852280616760254,ok
C5,0.5,0.6,2.0,10.0,20,200,5,1.0,predictive,P1+P2,29.355985352441415,5,10.0,False,False,False,1.0530691009328064e-08,1.545845473521279e-08,54.5096267059096,9.999999845415447,0.0625726459873986,0.4933429168237492,9.444084591773406,49.99999922707722,1.0901925509708852,0.49999999227077235,3.9594026498096984,4.316511275116917,0.07056769571575505,0.10943596012272652,4.933429168237492,3.8145988900731984,4.933429168237497,0.8,self,,0.0,1.106199026107788,ok
C5,0.5,0.6,2.0,10.0,20,200,5,1.0,predictive,P1+P2,29.355985352441415,5,30.0,False,False,False,1.0539171306378511e-08,1.5470903328371727e-08,54.52179338432731,9.999999845290972,0.05442852605650896,0.4957926687885392,9.44977895986398,49.999999226454676,1.0904358845565778,0.4999999922645486,3.9584864917796505,4.3164757191690075,0.07101335800689056,0.110210225003265,4.957926687885392,3.8342279788000115,4.957926687885394,0.8,self,,0.0,1.0086297988891602,ok
C5,0.5,0.6,2.0,10.0,20,200,5,1.0,predictive,P1+P2,29.355985352441415,5,100.0,False,False,False,1.054221864311387e-08,1.5475376645168398e-08,54.52613525114678,9.99999984524621,0.05153848153486829,0.49666672478846774,9.451794948430456,49.99999922623121,1.0905227218991846,0.4999999922623105,3.958163159974126,4.316466862936061,0.07117085299059998,0.11048356993647473,4.966667247884677,3.841252775216125,4.96666724788468,0.8,self,,0.0,1.093062400817871,ok
C5,0.5,0.6,2.0,10.0,20,200,5,1.0,predictive,P1+P2,29.355985352441415,5,300.0,False,False,False,1.0543097031676063e-08,1.5476666069557783e-08,54.52738383796792,9.999999845233328,0.050708911275514704,0.4969180594256497,9.45237318406551,49.99999922616664,1.090547693637402,0.49999999226166636,3.958070515670503,4.316464672118669,0.0712159973171946,0.11056189302179541,4.969180594256497,3.8432748159062347,4.969180594256504,0.8,self,,0.0,1.0171873569488525,ok
C5,0.5,0.6,2.0,10.0,20,200,5,1.0,predictive,P1+P2,29.355985352441415,5,1000.0,False,False,False,1.0543405284686512e-08,1.547711856742363e-08,54.527821692504084,9.999999845228821,0.05041815559090225,0.497006195700772,9.452575803479505,49.999999226144055,1.0905564507287535,0.49999999226144104,3.9580380621521485,4.31646394090996,0.07123181319502091,0.11058932969215535,4.97006195700772,3.843984108822433,4.970061957007709,0.8,self,,0.0,1.141355276107788,ok
C5,0.5,0.6,2.0,10.0,20,200,5,1.0,predictive,P1+P2,29.355985352441415,10,3.0,False,False,False,1.0412270112041989e-08,1.5284619601443852e-08,54.28008763260042,9.999999847153777,0.11134097515838925,0.5585354735779838,9.33012370410985,49.999999235768975,1.0856017692450195,0.4999999923576889,3.994915297792758,4.336887115267812,0.5504577962760947,1.7817723571032251,5.5853547357798385,3.8621693294851127,5.58535473577983,0.8,self,,0.0,1.7027039527893066,ok
C5,0.5,0.6,2.0,10.0,20,200,5,1.0,predictive,P1+P2,29.355985352441415,10,10.0,False,False,False,1.0437360196357226e-08,1.5321450416461907e-08,54.31668750251158,9.999999846785473,0.08295748422848802,0.5673314951741856,9.349711173811853,49.99999923392741,1.086333766694442,0.4999999923392736,3.991819450902128,4.336448260062648,0.5556996541423849,1.806486454915169,5.6733149517418555,3.9246536066996307,5.67331495174186,0.8,self,,0.0,1.6579973697662354,ok
C5,0.5,0.6,2.0,10.0,20,200,5,1.0,predictive,P1+P2,29.355985352441415,10,30.0,False,False,False,1.0445207635822637e-08,1.5332970010723896e-08,54.32789833135345,9.999999846670283,0.07447662416452319,0.5700014147378054,9.355522114427389,49.99999923335137,1.086557983287233,0.49999999233351416,3.9909101069562394,4.336355237295007,0.5572746764949998,1.8138047713721464,5.700014147378054,3.943865430836796,5.700014147378052,0.8,self,,0.0,1.6594786643981934,ok
C5,0.5,0.6,2.0,10.0,20,200,5,1.0,predictive,P1+P2,29.355985352441415,10,100.0,False,False,False,1.0448031196138016e-08,1.5337114836478917e-08,54.331904905268104,9.999999846628844,0.07146687904006833,0.5709530103278119,9.357580264003275,49.99999923314424,1.086638114771256,0.4999999923314422,3.9905889254674545,4.336326026797007,0.5578353059537194,1.8163945386757576,5.7095301032781185,3.950739639302368,5.709530103278117,0.8,self,,0.0,1.6828501224517822,ok
C5,0.5,0.6,2.0,10.0,20,200,5,1.0,predictive,P1+P2,29.355985352441415,10,300.0,False,False,False,1.0448845433642212e-08,1.5338310090768224e-08,54.333057638300545,9.999999846616895,0.07060293138254442,0.5712265459548481,9.358170676045713,49.999999233084445,1.086661169433558,0.49999999233084474,3.990496873163849,4.336317998813184,0.5579964252693406,1.8171372108419492,5.712265459548481,3.9527182165406445,5.71226545954847,0.8,self,,0.0,1.7650487422943115,ok
C5,0.5,0.6,2.0,10.0,20,200,5,1.0,predictive,P1+P2,29.355985352441415,10,1000.0,False,False,False,1.0449131211286188e-08,1.5338729596075944e-08,54.333461938715004,9.9999998466127,0.07030012493473442,0.5713224575294239,9.35837757092314,49.999999233063384,1.0866692554424289,0.499999992330635,3.9904646244951327,4.336315222369477,0.5580529175026973,1.8173974349879432,5.713224575294239,3.9534122510300094,5.713224575294227,0.8,self,,0.0,1.7473657131195068,ok
C5,0.5,0.6,2.0,10.0,20,200,5,1.0,predictive,P1+P2,29.355985352441415,15,3.0,False,False,False,1.0142330231683411e-08,1.4888363228714608e-08,53.9655669388698,9.999999851116366,0.18817921159993356,0.8172083262138659,8.994612611069835,49.999999255581706,1.0793113548465783,0.4999999925558183,4.109504902499026,4.435435304064879,0.918923340232286,5.761918951283095,8.172083262138658,4.15482059512791,8.172083262138651,0.8,self,,0.0,6.935319185256958,ok
C5,0.5,0.6,2.0,10.0,20,200,5,1.0,predictive,P1+P2,29.355985352441415,15,10.0,False,False,False,1.0161821133850897e-08,1.4916974763183705e-08,53.99865030596038,9.999999850830266,0.1560860473264625,0.827888023989878,9.016026077853393,49.99999925415116,1.0799730222291402,0.4999999925415133,4.106280422419159,4.43467207792037,0.9214906552522976,5.81258523909886,8.27888023989878,4.212851514156067,8.278880239898832,0.8,self,,0.0,7.031188249588013,ok
C5,0.5,0.6,2.0,10.0,20,200,5,1.0,predictive,P1+P2,29.355985352441415,15,30.0,False,False,False,1.0167974078331801e-08,1.4926006935301013e-08,54.00884577107064,9.99999985073994,0.1465076884389036,0.8311104562788174,9.022382004542338,49.99999925369953,1.0801769315441438,0.499999992536997,4.105331229652467,4.434484090618349,0.9223007918809115,5.827652113225541,8.311104562788174,4.23064149658539,8.311104562788167,0.8,self,,0.0,7.268751382827759,ok
C5,0.5,0.6,2.0,10.0,20,200,5,1.0,predictive,P1+P2,29.355985352441415,15,100.0,False,False,False,1.0170194512354958e-08,1.4929266406003928e-08,54.012497234435564,9.999999850707344,0.1431097412971709,0.832257042702038,9.024633365293449,49.999999253536565,1.0802499608160532,0.4999999925353672,4.104995787103805,4.434421538168949,0.9225952794835127,5.832991470780322,8.32257042702038,4.237001133635939,8.322570427020386,0.8,self,,0.0,6.890026569366455,ok
C5,0.5,0.6,2.0,10.0,20,200,5,1.0,predictive,P1+P2,29.355985352441415,15,300.0,False,False,False,1.0170835470976015e-08,1.493020729676011e-08,54.01354858518014,9.999999850697943,0.14213448644615082,0.8325864471379756,9.02527921571793,49.999999253489634,1.0802709878322727,0.49999999253489713,4.104899630788763,4.434403979104508,0.9226805973985298,5.834523398493898,8.325864471379756,4.2388310423086315,8.325864471379749,0.8,self,,0.0,7.119219779968262,ok
C5,0.5,0.6,2.0,10.0,20,200,5,1.0,predictive,P1+P2,29.355985352441415,15,1000.0,False,False,False,1.0171060500574573e-08,1.4930537627396435e-08,54.01391741198513,9.999999850694646,0.14179268114092425,0.8327019294318452,9.025505538732585,49.999999253473135,1.0802783643688392,0.4999999925347323,4.104865942645176,4.434397866474084,0.9227105882835965,5.835060248999195,8.327019294318452,4.239472868460811,8.327019294318438,0.8,self,,0.0,7.227006196975708,ok
C5,0.5,0.6,2.0,10.0,20,200,5,1.0,predictive,P1+P2,29.355985352441415,20,3.0,False,False,False,9.776672302843018e-09,1.4351598211663974e-08,53.75563434096042,9.999999856484013,0.30396431415817704,1.204885384003313,8.491150445354496,49.99999928242012,1.0751127022487932,0.49999999282420066,4.28138345442074,4.602969735045555,0.994248768640205,10.57101027371887,12.048853840033129,4.445188101356073,12.048853840033125,0.8,self,,0.0,36.41918969154358,ok
C5,0.5,0.6,2.0,10.0,20,200,5,1.0,predictive,P1+P2,29.355985352441415,20,10.0,False,False,False,9.79071357818619e-09,1.437221000428903e-08,53.78849670625556,9.99999985627791,0.266326863876198,1.2173251748021656,8.516348105043726,49.9999992813894,1.075769949586305,0.4999999928138955,4.27757000975359,4.601681273744509,0.9947492644746412,10.63647870808084,12.173251748021656,4.499697115025617,12.173251748021656,0.8,self,,0.0,35.883394718170166,ok
C5,0.5,0.6,2.0,10.0,20,200,5,1.0,predictive,P1+P2,29.355985352441415,20,30.0,False,False,False,9.795173757818358e-09,1.437875729400455e-08,53.79868191043861,9.999999856212375,0.25512337563035214,1.221066759577045,8.523810008580227,49.99999928106204,1.0759736536799382,0.49999999281061874,4.276449398266206,4.601346883829863,0.9949389349509126,10.655945974597294,12.21066759577045,4.51635551572373,12.210667595770497,0.8,self,,0.0,35.63076734542847,ok
C5,0.5,0.6,2.0,10.0,20,200,5,1.0,predictive,P1+P2,29.355985352441415,20,100.0,False,False,False,9.796787055067135e-09,1.438112552249668e-08,53.80233827896767,9.999999856188774,0.251152182749861,1.2223969265258363,8.526451034535528,49.99999928094359,1.07604678105412,0.4999999928094387,4.276053660967214,4.601233777498457,0.9950138199630603,10.662844965137603,12.223969265258363,4.522304683715729,12.223969265258404,0.8,self,,0.0,35.78536057472229,ok
C5,0.5,0.6,2.0,10.0,20,200,5,1.0,predictive,P1+P2,29.355985352441415,20,300.0,False,False,False,9.7972531449806e-09,1.4381809715948193e-08,53.803391955281576,9.999999856181912,0.25001271481748655,1.2227789671327685,8.527208461867833,49.999999280909655,1.0760678545814315,0.4999999928090956,4.275940250300101,4.601201851458819,0.9950362373917617,10.664824409728224,12.227789671327685,4.524015903527074,12.227789671327708,0.8,self,,0.0,36.133949279785156,ok
C5,0.5,0.6,2.0,10.0,20,200,5,1.0,predictive,P1+P2,29.355985352441415,20,1000.0,False,False,False,9.797416823398257e-09,1.4382049986544659e-08,53.80376169754043,9.999999856179452,0.24961338975592848,1.2229128916859542,8.527473862378665,49.99999928089745,1.0760752494269779,0.49999999280897256,4.275900520310696,4.601190718918277,0.9950442008553826,10.665518093303794,12.229128916859542,4.52461603889725,12.2291289168595,0.8,self,,0.0,36.473055601119995,ok
C5,0.5,0.6,2.0,10.0,20,200,5,1.0,predictive,P1+P2 (protect),29.355985352441415,5,3.0,True,True,False,1.049506421496235e-08,1.5406156629849957e-08,54.444944256021685,9.999999845938422,0.09338507168345339,0.4817763122156551,9.42483877016247,49.999999229692186,1.0888989018961803,0.4999999922969211,3.9620047514936965,4.314222623208935,0.06922069768686467,0.1071650291613783,4.817763122156551,3.720217230172225,4.817763122156568,0.8,self,,0.0,1.0097360610961914,ok
C5,0.5,0.6,2.0,10.0,20,200,5,1.0,predictive,P1+P2 (protect),29.355985352441415,5,10.0,True,True,False,1.0522622750490628e-08,1.5446610990683588e-08,54.48589751319582,9.999999845533855,0.06591282305744708,0.4900350801561051,9.444052251252593,49.99999922766945,1.089717967096366,0.4999999922766928,3.958912473288794,4.314098052304711,0.07081378870473272,0.1099087031544895,4.900350801561051,3.783965309607427,4.900350801561048,0.8,self,,0.0,1.0037460327148438,ok
C5,0.5,0.6,2.0,10.0,20,200,5,1.0,predictive,P1+P2 (protect),29.355985352441415,5,30.0,True,True,False,1.0531201987731553e-08,1.5459204822408027e-08,54.49837726286943,9.999999845407965,0.05770783868314285,0.49254955670495054,9.449742759203941,49.999999227039744,1.0899675621074207,0.49999999227039826,3.9580069201192662,4.314099153526698,0.07128362315546331,0.11071470789746352,4.925495567049506,3.803580544951656,4.925495567049512,0.8,self,,0.0,1.04736328125,ok
C5,0.5,0.6,2.0,10.0,20,200,5,1.0,predictive,P1+P2 (protect),29.355985352441415,5,100.0,True,True,False,1.0534284430912049e-08,1.546372967346704e-08,54.50283018570388,9.999999845362701,0.05479634441641554,0.4934465127193014,9.451757297501581,49.99999922681348,1.0900566205704192,0.4999999922681351,3.9576873594558815,4.314103308322744,0.07144967823692208,0.11099915709116259,4.934465127193014,3.810600572321566,4.934465127193016,0.8,self,,0.0,1.02150559425354,ok
C5,0.5,0.6,2.0,10.0,20,200,5,1.0,predictive,P1+P2 (protect),29.355985352441415,5,300.0,True,True,False,1.0535172895693486e-08,1.5465033889172493e-08,54.50411064489772,9.999999845349652,0.053960631685387936,0.4937044137346932,9.452335109230265,49.99999922674836,1.090082229756112,0.4999999922674826,3.9575957983111754,4.314104852296466,0.07149727838271402,0.11108065230246836,4.937044137346932,3.8126212580155454,4.937044137346929,0.8,self,,0.0,1.0281097888946533,ok
C5,0.5,0.6,2.0,10.0,20,200,5,1.0,predictive,P1+P2 (protect),29.355985352441415,5,1000.0,True,True,False,1.0535484680202354e-08,1.5465491571076916e-08,54.504559669719384,9.999999845345076,0.053667724670214065,0.49379485071301754,9.452537579271691,49.99999922672536,1.0900912102531854,0.49999999226725383,3.957563724496826,4.31410543009085,0.07151395487677505,0.1111091991597834,4.937948507130176,3.8133300774799896,4.937948507130159,0.8,self,,0.0,0.9872674942016602,ok
C5,0.5,0.6,2.0,10.0,20,200,5,1.0,predictive,P1+P2 (protect),29.355985352441415,10,3.0,True,True,False,1.0101522766443665e-08,1.4828460193503927e-08,53.7738238115727,9.999999851715401,0.32962806058909194,0.5018749993527784,9.168497088342727,49.99999925857691,1.075476492179116,0.49999999258577005,4.022855041436785,4.326486028509506,0.5571178909486781,1.8158740200828307,5.018749993527783,2.9884363525095066,5.01874999352777,0.8,self,,0.0,1.221893548965454,ok
C5,0.5,0.6,2.0,10.0,20,200,5,1.0,predictive,P1+P2 (protect),29.355985352441415,10,10.0,True,True,False,1.0130824592352368e-08,1.4871473605345364e-08,53.81925406615076,9.999999851285226,0.2942003048106923,0.5131239408564687,9.192675903047613,49.99999925642629,1.0763850973304483,0.4999999925642613,4.019092341731069,4.326091101434256,0.564402428984151,1.847532198958982,5.131239408564687,3.0525417646785264,5.1312394085646895,0.8,self,,0.0,1.307297706604004,ok
C5,0.5,0.6,2.0,10.0,20,200,5,1.0,predictive,P1+P2 (protect),29.355985352441415,10,30.0,True,True,False,1.0139953399205379e-08,1.4884874173965432e-08,53.83315324154698,9.999999851151268,0.28365113694363386,0.516519749423149,9.19982926248195,49.99999925575624,1.0766630808569353,0.4999999925575634,4.0179893321048095,4.326020773154264,0.5666028001317591,1.8568695893742837,5.16519749423149,3.072238921298562,5.165197494231498,0.8,self,,0.0,1.260223627090454,ok
C5,0.5,0.6,2.0,10.0,20,200,5,1.0,predictive,P1+P2 (protect),29.355985352441415,10,100.0,True,True,False,1.014323415354348e-08,1.4889690134511094e-08,53.8381192724654,9.999999851103098,0.2799115097382117,0.5177280852389455,9.202360553919746,49.999999255515505,1.0767624014819663,0.4999999925551549,4.017600027164705,4.326000653443881,0.567387674719381,1.8601698595599134,5.177280852389456,3.079285030733371,5.177280852389459,0.8,self,,0.0,1.1391687393188477,ok
C5,0.5,0.6,2.0,10.0,20,200,5,1.0,predictive,P1+P2 (protect),29.355985352441415,10,300.0,True,True,False,1.0144179864165843e-08,1.4891078383851197e-08,53.83954793823065,9.999999851089207,0.27883845163707066,0.5180752316411442,9.203086465632577,49.99999925544596,1.0767909747991946,0.49999999255446037,4.017488478232861,4.325995334720895,0.567613412876618,1.8611159013704506,5.180752316411442,3.081312906641469,5.180752316411446,0.8,self,,0.0,1.2164385318756104,ok
C5,0.5,0.6,2.0,10.0,20,200,5,1.0,predictive,P1+P2 (protect),29.355985352441415,10,1000.0,True,True,False,1.0144511746842182e-08,1.489156556872099e-08,53.840049005663914,9.999999851084329,0.27846239626898045,0.5181969339549689,9.203340818691723,49.99999925542162,1.0768009961485332,0.49999999255421645,4.017449402288602,4.325993518360695,0.5676925807615311,1.8614473437728185,5.181969339549689,3.082024214638959,5.181969339549693,0.8,self,,0.0,1.1845881938934326,ok
C5,0.5,0.6,2.0,10.0,20,200,5,1.0,predictive,P1+P2 (protect),29.355985352441415,15,3.0,True,True,False,8.590479625466162e-09,1.2610334908480453e-08,52.76866978477788,9.999999873896627,1.5678495538553983,0.7061352143402815,7.726015357907693,49.99999936948324,1.05537340900417,0.49999999369483134,4.378980715630444,4.6214598058184215,0.9231646064211738,5.857753318706306,7.061352143402814,1.4679174454502033,7.061352143402857,0.8,self,,0.0,2.3246688842773438,ok
C5,0.5,0.6,2.0,10.0,20,200,5,1.0,predictive,P1+P2 (protect),29.355985352441415,15,10.0,True,True,False,8.619191575282795e-09,1.2652482415810209e-08,52.81583755109049,9.999999873475188,1.502673244161511,0.7238764646946578,7.773450417668642,49.999999367375764,1.0563167643868414,0.4999999936737594,4.370948077429006,4.617105730452693,0.9295382743760411,5.950418595833369,7.238764646946578,1.535719914414204,7.238764646946579,0.8,self,,0.0,2.4931418895721436,ok
C5,0.5,0.6,2.0,10.0,20,200,5,1.0,predictive,P1+P2 (protect),29.355985352441415,15,30.0,True,True,False,8.62822735865846e-09,1.2665746431263123e-08,52.83041796816198,9.999999873342537,1.483381107244465,0.7291817060346077,7.7874373133783905,49.99999936671271,1.0566083727459727,0.49999999366712683,4.368590667435282,4.615889476312037,0.931511093151751,5.977728601901191,7.2918170603460775,1.556434237161213,7.291817060346083,0.8,self,,0.0,2.270596742630005,ok
C5,0.5,0.6,2.0,10.0,20,200,5,1.0,predictive,P1+P2 (protect),29.355985352441415,15,100.0,True,True,False,8.631485579922646e-09,1.2670529314539562e-08,52.8356460204368,9.999999873294707,1.4765548096967667,0.731064264452253,7.792381052556273,49.999999366473475,1.0567129337978494,0.49999999366473535,4.367758540919976,4.615466941896162,0.9322226501811592,5.987379689991749,7.31064264452253,1.5638300942102337,7.310642644522522,0.8,self,,0.0,2.4176063537597656,ok
C5,0.5,0.6,2.0,10.0,20,200,5,1.0,predictive,P1+P2 (protect),29.355985352441415,15,300.0,True,True,False,8.632425878953573e-09,1.2671909619971636e-08,52.837151942856735,9.999999873280903,1.474597276319756,0.7316046161419715,7.79379823425737,49.9999993664045,1.0567430522480876,0.49999999366404513,4.367520106303633,4.6153465278901935,0.93242818974574,5.990146109842069,7.316046161419715,1.5659572326430082,7.316046161419734,0.8,self,,0.0,2.4666788578033447,ok
C5,0.5,0.6,2.0,10.0,20,200,5,1.0,predictive,P1+P2 (protect),29.355985352441415,15,1000.0,True,True,False,8.632755978012152e-09,1.2672394186592141e-08,52.83768030695026,9.999999873276034,1.4739113836148958,0.7317940004129051,7.794294742696165,49.999999366380216,1.0567536195306053,0.49999999366380166,4.367436581836484,4.615304415926079,0.932500373235541,5.991115303520118,7.317940004129051,1.5667032101221978,7.317940004129026,0.8,self,,0.0,2.3592307567596436,ok
C5,0.5,0.6,2.0,10.0,20,200,5,1.0,predictive,P1+P2 (protect),29.355985352441415,20,3.0,True,True,False,6.433928231274988e-09,9.444640271969682e-09,52.478969447187104,9.999999905553606,3.579415672772082,1.1192508026811059,5.301333618993205,49.99999952776791,1.0495793988566435,0.4999999952776803,4.9880891040713955,5.235395563294629,0.9919461911219312,10.602667237986347,11.192508026811058,0.9954566836630991,11.19250802681113,0.8,self,,0.0,7.30995774269104,ok
C5,0.5,0.6,2.0,10.0,20,200,5,1.0,predictive,P1+P2 (protect),29.355985352441415,20,10.0,True,True,False,6.457855914409675e-09,9.479764748247186e-09,52.52668922683747,9.999999905202355,3.472550425064416,1.1443481319768511,5.383101537756378,49.99999952601183,1.0505337944955613,0.49999999526011774,4.973417680308069,5.224743347305348,0.994942861534445,10.766203075512705,11.443481319768512,1.067885998680535,11.443481319768493,0.8,self,,0.0,7.430986404418945,ok
C5,0.5,0.6,2.0,10.0,20,200,5,1.0,predictive,P1+P2 (protect),29.355985352441415,20,30.0,True,True,False,6.465526111436387e-09,9.491024160702049e-09,52.54158016192522,9.999999905089751,3.441062011543509,1.1518101366359201,5.40712794673082,49.99999952544893,1.0508316132119697,0.4999999952544876,4.969119836548095,5.221708214083434,0.9958830309242728,10.814255893461572,11.5181013663592,1.0899610214386974,11.518101366359229,0.8,self,,0.0,7.346213102340698,ok
C5,0.5,0.6,2.0,10.0,20,200,5,1.0,predictive,P1+P2 (protect),29.355985352441415,20,100.0,True,True,False,6.468309246764953e-09,9.495109644878352e-09,52.54693843721426,9.999999905048917,3.4299356521180386,1.1544536171864574,5.4156108256465885,49.99999952524461,1.0509387787230622,0.4999999952524458,4.967603759180059,5.220647427852784,0.9962260328844654,10.831221651293111,11.544536171864575,1.0978354984265477,11.544536171864628,0.8,self,,0.0,7.152713775634766,ok
C5,0.5,0.6,2.0,10.0,20,200,5,1.0,predictive,P1+P2 (protect),29.355985352441415,20,300.0,True,True,False,6.469114181789036e-09,9.496291243656567e-09,52.548483827867905,9.999999905037086,3.426746495848125,1.1552119611303193,5.418041637984469,49.99999952518545,1.050969686537672,0.4999999952518543,4.9671694459470075,5.2203445155864285,0.9963256516384393,10.836083275968848,11.552119611303194,1.1000995504896185,11.552119611303112,0.8,self,,0.0,7.439556121826172,ok
C5,0.5,0.6,2.0,10.0,20,200,5,1.0,predictive,P1+P2 (protect),29.355985352441415,20,1000.0,True,True,False,6.469396946684806e-09,9.49670632642147e-09,52.5490262514419,9.999999905032949,3.425629214863616,1.1554777045556908,5.418893175547744,49.99999952516471,1.050980535009691,0.49999999525164746,4.967017314975791,5.220238515095655,0.9963607017099817,10.8377863510955,11.554777045556907,1.1008934627366629,11.554777045556932,0.8,self,,0.0,7.28876805305481,ok
C5,0.5,0.6,2.0,10.0,20,200,5,1.0,predictive,NoCancel,76.62373699114588,0,1.0,False,False,True,1.0495811368494234e-08,1.5407253408694037e-08,54.48158765198087,9.999999845927446,0.08821393746185538,0.6759281543030582,9.23585806230764,49.99999922963713,1.0896317698278544,0.4999999922963723,4.0338354152508105,4.3953952227140185,0.0,0.0,6.759281543030582,0.0,6.7592815430305775,0.8,self,,0.0,12.078603029251099,ok
C5,0.5,0.6,2.0,10.0,20,200,5,1.0,predictive,P2 only,76.62373699114588,0,3.0,False,False,False,1.0869846662434e-08,1.595631592034695e-08,54.66603604122141,9.999999840436809,0.038587383511415684,0.5193933555635084,9.442019420488267,49.999999202184135,1.093320738269801,0.4999999920218404,3.9637863045037727,4.333689768783791,0.0,0.0,5.193933555635084,4.041355319261815,5.193933555635093,0.8,self,,0.0,0.9926097393035889,ok
C5,0.5,0.6,2.0,10.0,20,200,5,1.0,predictive,P2 only,76.62373699114588,0,10.0,False,False,False,1.0879109023007618e-08,1.5969912538223815e-08,54.68049625858069,9.999999840300877,0.028195091196997868,0.5222736612365637,9.44953140726556,49.999999201504416,1.093609942636468,0.49999999201504386,3.962524865340995,4.333456590681144,0.0,0.0,5.222736612365637,4.064992043696657,5.222736612365641,0.8,self,,0.0,0.9169402122497559,ok
C5,0.5,0.6,2.0,10.0,20,200,5,1.0,predictive,P2 only,76.62373699114588,0,30.0,False,False,False,1.088184395360423e-08,1.597392726059897e-08,54.68473131367938,9.999999840260708,0.025172481699193016,0.5231172066248686,9.451710471415229,49.99999920130361,1.0936946437441868,0.4999999920130354,3.962160157089597,4.333393341465518,0.0,0.0,5.231172066248686,4.071940417156538,5.231172066248701,0.8,self,,0.0,1.0140812397003174,ok
C5,0.5,0.6,2.0,10.0,20,200,5,1.0,predictive,P2 only,76.62373699114588,0,100.0,False,False,False,1.0882810732136292e-08,1.597534643643081e-08,54.68622462247699,9.999999840246534,0.024108827013064427,0.5234146433338622,9.45247668940654,49.99999920123266,1.0937245099221682,0.4999999920123267,3.9620320396047806,4.333371550812667,0.0,0.0,5.234146433338623,4.074393225514748,5.234146433338624,0.8,self,,0.0,0.9603126049041748,ok
C5,0.5,0.6,2.0,10.0,20,200,5,1.0,predictive,P2 only,76.62373699114588,0,300.0,False,False,False,1.0883087871924761e-08,1.5975753261858552e-08,54.686652338393344,9.999999840242449,0.023804374927152233,0.5234998353427562,9.452695949487643,49.9999992012123,1.0937330642410774,0.4999999920121224,3.961995389357592,4.3333653577110995,0.0,0.0,5.234998353427562,4.075096028019999,5.234998353427565,0.8,self,,0.0,1.0351786613464355,ok
C5,0.5,0.6,2.0,10.0,20,200,5,1.0,predictive,P2 only,76.62373699114588,0,1000.0,False,False,False,1.0883184967440955e-08,1.597589579254722e-08,54.68680215004442,9.999999840241017,0.02369775872908898,0.5235296746398215,9.452772726390073,49.999999201205036,1.0937360604743056,0.49999999201205086,3.9619825570010754,4.333363193562272,0.0,0.0,5.235296746398214,4.075342219326515,5.23529674639822,0.8,self,,0.0,1.0256729125976562,ok
C5,0.5,0.6,2.0,10.0,20,200,5,1.0,predictive,P1 only,76.62373699114588,5,1.0,False,False,False,1.0843200029136715e-08,1.591720018005793e-08,54.619375108089294,9.999999840827956,0.06715951619867698,0.5146013105660034,9.418239332407364,49.999999204139975,1.092387519549537,0.4999999920413978,3.9684301218413274,4.335063537303914,0.06814106655057148,0.10528095072391903,5.1460131056600344,3.9847069619736555,5.146013105660023,0.8,self,,0.0,1.0101087093353271,ok
C5,0.5,0.6,2.0,10.0,20,200,5,1.0,predictive,P1 only,76.62373699114588,10,1.0,False,False,False,1.07736767108258e-08,1.581514390776171e-08,54.47467707878358,9.999999841848558,0.07718076568674269,0.5913878690756211,9.331431523389078,49.99999920924272,1.0894935588061707,0.4999999920924279,3.9995610061230136,4.357495954223351,0.5459904972401066,1.7618376583300444,5.913878690756212,4.1099937586924815,5.913878690756207,0.8,self,,0.0,1.629347801208496,ok
C5,0.5,0.6,2.0,10.0,20,200,5,1.0,predictive,P1 only,76.62373699114588,15,1.0,False,False,False,1.0558787609419386e-08,1.549969894369555e-08,54.216085195687626,9.999999845003014,0.11106701403082062,0.851036967148949,9.037896173817215,49.99999922501485,1.0843217207204172,0.4999999922501507,4.10482820619408,4.450954383802069,0.9167199869563004,5.719164390588418,8.51036967148949,4.416494227163988,8.510369671489485,0.8,self,,0.0,7.030098915100098,ok
C5,0.5,0.6,2.0,10.0,20,200,5,1.0,predictive,P1 only,76.62373699114588,20,1.0,False,False,False,1.0249235763352964e-08,1.5045294461171973e-08,54.02049376486822,9.999999849547017,0.16139176552087303,1.2366440193808055,8.601964365551305,49.99999924773494,1.0804098915524567,0.49999999247735083,4.261161407439805,4.603800934099554,0.9941180552796692,10.523760792818864,12.366440193808055,4.701300025752412,12.366440193808048,0.8,self,,0.0,36.09598922729492,ok
C5,0.5,0.6,2.0,10.0,20,200,5,1.0,predictive,P1 only (protect),76.62373699114588,5,1.0,True,True,False,1.0831929518518289e-08,1.5900655712265867e-08,54.58678095563995,9.999999840993432,0.07149578205891068,0.5096574412036622,9.418846935743995,49.99999920496707,1.0917356364721147,0.4999999920496716,3.967549535443569,4.331515217312128,0.06838850122988742,0.10581630077083068,5.096574412036622,3.9510479174566684,5.096574412036614,0.8,self,,0.0,1.0409808158874512,ok
C5,0.5,0.6,2.0,10.0,20,200,5,1.0,predictive,P1 only (protect),76.62373699114588,10,1.0,True,True,False,1.039542396097939e-08,1.5259890410475446e-08,53.86030395073833,9.999999847401076,0.3164599039449702,0.5178789200878519,9.1656613285661,49.99999923700548,1.0772060954528135,0.4999999923700538,4.025901615811625,4.3367257602456135,0.5540750235162158,1.804137136793979,5.178789200878518,3.157445702380226,5.178789200878537,0.8,self,,0.0,1.23006010055542,ok
C5,0.5,0.6,2.0,10.0,20,200,5,1.0,predictive,P1 only (protect),76.62373699114588,15,1.0,True,True,False,8.739490320503141e-09,1.2829074123009197e-08,52.77763563143223,9.999999871709262,1.5759994468753982,0.7057868515795735,7.718213829835767,49.99999935854618,1.0555527261704114,0.4999999935854631,4.3806882554438635,4.624047430536474,0.9216033575141908,5.836518712722329,7.057868515795736,1.4981088366982385,7.057868515795747,0.8,self,,0.0,2.2791595458984375,ok
C5,0.5,0.6,2.0,10.0,20,200,5,1.0,predictive,P1 only (protect),76.62373699114588,20,1.0,True,True,False,6.429342647379809e-09,9.437908895937957e-09,52.46958890924199,9.999999905620893,3.6015777925696746,1.1140933868372458,5.284328914972187,49.99999952810462,1.0493917880889025,0.49999999528104466,4.991149527168618,5.2376713269345565,0.9913469163775963,10.568657829944302,11.140933868372457,0.9809516101762961,11.140933868372462,0.8,self,,0.0,7.274270534515381,ok
C5,0.5,0.6,2.0,10.0,20,200,5,1.0,predictive,P1+P2,76.62373699114588,5,3.0,False,False,False,1.0867123417699718e-08,1.5952318352151365e-08,54.65749478150515,9.999999840476805,0.038926948068122295,0.5223061706178225,9.43876704083725,49.99999920238392,1.093149913068382,0.49999999202384027,3.9649580664121493,4.33429356561822,0.06977554491587888,0.10812926024406325,5.223061706178225,4.046799216059017,5.223061706178232,0.8,self,,0.0,1.0663292407989502,ok
C5,0.5,0.6,2.0,10.0,20,200,5,1.0,predictive,P1+P2,76.62373699114588,5,10.0,False,False,False,1.0876356723021148e-08,1.596587231857256e-08,54.67188025480168,9.999999840341271,0.02852234392814888,0.525211465115961,9.44626635061462,49.99999920170646,1.0934376225537175,0.4999999920170636,3.963703245147873,4.334062252882945,0.07036948603254585,0.10916143325462443,5.2521146511596095,4.070471922477739,5.252114651159608,0.8,self,,0.0,1.0617177486419678,ok
C5,0.5,0.6,2.0,10.0,20,200,5,1.0,predictive,P1+P2,76.62373699114588,5,30.0,False,False,False,1.0879083335316577e-08,1.5969874830155263e-08,54.67609411167367,9.999999840301228,0.025496091491843446,0.526062270992046,9.448441797214882,49.99999920150613,1.093521899696884,0.4999999920150614,3.9633404448915077,4.333999572443255,0.0705413625934387,0.10945976127498433,5.260622709920461,4.077430830680914,5.260622709920467,0.8,self,,0.0,1.0180845260620117,ok
C5,0.5,0.6,2.0,10.0,20,200,5,1.0,predictive,P1+P2,76.62373699114588,5,100.0,False,False,False,1.0880047201146853e-08,1.597128973030675e-08,54.67758001978889,9.999999840287074,0.024431148269987164,0.5263622618389724,9.449206749603967,49.99999920143541,1.09355161786121,0.49999999201435374,3.963212997033281,4.333977984834319,0.07060175157540342,0.10956453679219756,5.263622618389724,4.079887353853231,5.263622618389744,0.8,self,,0.0,1.1210846900939941,ok
C5,0.5,0.6,2.0,10.0,20,200,5,1.0,predictive,P1+P2,76.62373699114588,5,300.0,False,False,False,1.0880323508625118e-08,1.59716953339505e-08,54.67800562306964,9.999999840283014,0.024126326734338215,0.5264481848441942,9.449425648138455,49.99999920141513,1.0935601299274043,0.4999999920141507,3.963176538282673,4.33397185012964,0.07061902778079672,0.10959450704212775,5.2644818484419424,4.080591220394149,5.264481848441942,0.8,self,,0.0,1.0146236419677734,ok
C5,0.5,0.6,2.0,10.0,20,200,5,1.0,predictive,P1+P2,76.62373699114588,5,1000.0,False,False,False,1.0880420312821707e-08,1.5971837436998578e-08,54.678154695494236,9.99999984028161,0.024019581092353935,0.5264782801207155,9.44950229850532,49.99999920140805,1.0935631113760986,0.4999999920140805,3.963163772968328,4.333969706460283,0.07062507678824236,0.10960500024147136,5.264782801207155,4.080837784393384,5.264782801207161,0.8,self,,0.0,1.0522212982177734,ok
C5,0.5,0.6,2.0,10.0,20,200,5,1.0,predictive,P1+P2,76.62373699114588,10,3.0,False,False,False,1.0795820521365222e-08,1.5847649760654107e-08,54.51012610667656,9.99999984152351,0.04798062242619198,0.6001420475270843,9.351877488523215,49.99999920761755,1.0902025394106785,0.49999999207617546,3.9962652000971213,4.356738469304405,0.5515252960764063,1.7879710848540225,6.0014204752708435,4.171998995547314,6.0014204752708435,0.8,self,,0.0,1.7143800258636475,ok
C5,0.5,0.6,2.0,10.0,20,200,5,1.0,predictive,P1+P2,76.62373699114588,10,10.0,False,False,False,1.08044069266957e-08,1.586025411472613e-08,54.5235680709885,9.999999841397447,0.03721635908708418,0.6034272715883009,9.359356527927169,49.99999920698714,1.0904713787149265,0.49999999206987233,3.9950720899541183,4.35651176999779,0.5535746620277621,1.7975099509232668,6.034272715883009,4.195615769925168,6.034272715883003,0.8,self,,0.0,1.6032097339630127,ok
C5,0.5,0.6,2.0,10.0,20,200,5,1.0,predictive,P1+P2,76.62373699114588,10,30.0,False,False,False,1.0806946525706914e-08,1.5863982101457024e-08,54.52751213074631,9.999999841360173,0.03408525256708876,0.604387912952517,9.361526993120222,49.99999920680079,1.0905502599153984,0.49999999206800866,3.9947269318225898,4.356450493790168,0.554172620020492,1.800274901548469,6.043879129525171,4.202556197918809,6.043879129525174,0.8,self,,0.0,1.6789627075195312,ok
C5,0.5,0.6,2.0,10.0,20,200,5,1.0,predictive,P1+P2,76.62373699114588,10,100.0,False,False,False,1.0807844712316206e-08,1.586530058825219e-08,54.52890361236385,9.99999984134701,0.032983387169963824,0.6047264838624268,9.3622902876206,49.99999920673478,1.0905780895496304,0.4999999920673505,3.994605660097142,4.356429409292882,0.5543832917403131,1.801246864613354,6.047264838624268,4.205005987172165,6.047264838624268,0.8,self,,0.0,1.6430613994598389,ok
C5,0.5,0.6,2.0,10.0,20,200,5,1.0,predictive,P1+P2,76.62373699114588,10,300.0,False,False,False,1.0808102233064526e-08,1.586567861404619e-08,54.52930223767052,9.999999841343216,0.03266799508394012,0.6048234429322652,9.362508720640578,49.999999206716,1.0905860620563,0.49999999206716084,3.9945709660968913,4.356423419520039,0.5544436183383291,1.8015249734031034,6.048234429322652,4.205707904311189,6.048234429322643,0.8,self,,0.0,1.7225818634033203,ok
C5,0.5,0.6,2.0,10.0,20,200,5,1.0,predictive,P1+P2,76.62373699114588,10,1000.0,False,False,False,1.0808192459681003e-08,1.586581106158122e-08,54.52944186794029,9.99999984134187,0.03255754750341606,0.6048574022191444,9.36258520893557,49.999999206709504,1.0905888546618814,0.4999999920670935,3.9945588184602703,4.356421326704104,0.554464746885382,1.8016223540864835,6.048574022191444,4.2059537833462874,6.048574022191444,0.8,self,,0.0,1.6087512969970703,ok
C5,0.5,0.6,2.0,10.0,20,200,5,1.0,predictive,P1+P2,76.62373699114588,15,3.0,False,False,False,1.0576676853319027e-08,1.552595933503605e-08,54.24929880799191,9.999999844740396,0.07859333993582253,0.8619983023523807,9.0594085129714,49.99999922370203,1.0849859930052868,0.4999999922370198,4.1016237777133835,4.4502043473964505,0.9193088029319891,5.7712562339214335,8.619983023523808,4.476103764804114,8.619983023523812,0.8,self,,0.0,7.004730939865112,ok
C5,0.5,0.6,2.0,10.0,20,200,5,1.0,predictive,P1+P2,76.62373699114588,15,10.0,False,False,False,1.0583678014153466e-08,1.5536236640459273e-08,54.261966727688225,9.999999844637617,0.06663663679461147,0.8660855483809351,9.067277970186836,49.99999922318802,1.085239351414303,0.49999999223188085,4.1004632116883375,4.449984036350862,0.9203160207650745,5.790358833315262,8.660855483809351,4.498737635030365,8.66085548380938,0.8,self,,0.0,7.085477113723755,ok
C5,0.5,0.6,2.0,10.0,20,200,5,1.0,predictive,P1+P2,76.62373699114588,15,30.0,False,False,False,1.0585755586531861e-08,1.553928639840319e-08,54.26569228194183,9.999999844607123,0.06316021787264557,0.8672783585657602,9.06956157895447,49.99999922303571,1.085313862503839,0.4999999922303561,4.100127446058394,4.449925155239637,0.920617100944145,5.795905726495355,8.672783585657601,4.50538215231245,8.672783585657541,0.8,self,,0.0,7.080595016479492,ok
C5,0.5,0.6,2.0,10.0,20,200,5,1.0,predictive,P1+P2,76.62373699114588,15,100.0,False,False,False,1.058649111672809e-08,1.5540366114846414e-08,54.26700765303584,9.999999844596308,0.06193700220565629,0.8676985141005538,9.070364639097482,49.999999222981586,1.0853401699273026,0.4999999922298154,4.100009473356415,4.449904978516202,0.9207240987413315,5.797856708562584,8.676985141005538,4.5077267410578665,8.676985141005531,0.8,self,,0.0,7.030261754989624,ok
C5,0.5,0.6,2.0,10.0,20,200,5,1.0,predictive,P1+P2,76.62373699114588,15,300.0,False,False,False,1.0586702074332764e-08,1.554067578859707e-08,54.26738457016655,9.999999844593251,0.06158689167276948,0.8678188143201585,9.070594449413822,49.999999222966096,1.0853477082703704,0.49999999222966257,4.09997572309694,4.449899255027419,0.9207548318995764,5.7984150498545555,8.678188143201584,4.5083984441041585,8.67818814320153,0.8,self,,0.0,7.252341985702515,ok
C5,0.5,0.6,2.0,10.0,20,200,5,1.0,predictive,P1+P2,76.62373699114588,15,1000.0,False,False,False,1.0586775994423275e-08,1.5540784299080555e-08,54.26751660663333,9.999999844592137,0.061464287700413775,0.8678609463004637,9.070674921406985,49.99999922296069,1.0853503489998644,0.4999999922296069,4.099963905893561,4.449897256148423,0.9207656058619114,5.7986105659086755,8.678609463004637,4.508633731692866,8.67860946300463,0.8,self,,0.0,7.0631749629974365,ok
C5,0.5,0.6,2.0,10.0,20,200,5,1.0,predictive,P1+P2,76.62373699114588,20,3.0,False,False,False,1.0263278356154286e-08,1.5065908187751988e-08,54.05411149334505,9.99999984934089,0.12398632626913049,1.249394357246853,8.626619467143126,49.99999924670445,1.0810822461543899,0.4999999924670445,4.257517061163259,4.602726107523013,0.9945447936807816,10.589451915834776,12.493943572468531,4.758133259392074,12.493943572468503,0.8,self,,0.0,35.90521049499512,ok
C5,0.5,0.6,2.0,10.0,20,200,5,1.0,predictive,P1+P2,76.62373699114588,20,10.0,False,False,False,1.0268804039365131e-08,1.5074019576046603e-08,54.06700417035084,9.999999849259815,0.11025155796146814,1.2541331001847267,8.635615492593988,49.99999924629884,1.0813400997071625,0.49999999246299076,4.256200334789571,4.602400094395013,0.9947500022169051,10.613542904004767,12.541331001847267,4.779646807525755,12.541331001847261,0.8,self,,0.0,35.698593854904175,ok
C5,0.5,0.6,2.0,10.0,20,200,5,1.0,predictive,P1+P2,76.62373699114588,20,30.0,False,False,False,1.0270447664913327e-08,1.5076432324755417e-08,54.070805737242985,9.999999849235707,0.10626200450224363,1.2555147236903126,8.638223422571738,49.99999924617806,1.081416131048764,0.49999999246178534,4.255819802200376,4.602312184936247,0.9948183022883026,10.620538974684852,12.555147236903126,4.785955519199745,12.55514723690306,0.8,self,,0.0,35.93741273880005,ok
C5,0.5,0.6,2.0,10.0,20,200,5,1.0,predictive,P1+P2,76.62373699114588,20,100.0,False,False,False,1.0271030026640147e-08,1.5077287198607913e-08,54.07214914260978,9.9999998492271,0.10485864756537971,1.256001255374765,8.639140247832756,49.99999924613553,1.0814429991574246,0.499999992461355,4.255686147895188,4.60228199125248,0.9948435598335879,10.622999770765484,12.56001255374765,4.78818086596771,12.560012553747558,0.8,self,,0.0,35.93577265739441,ok
C5,0.5,0.6,2.0,10.0,20,200,5,1.0,predictive,P1+P2,76.62373699114588,20,300.0,False,False,False,1.0271197099833784e-08,1.507753245254222e-08,54.07253421188453,9.999999849224661,0.10445701605732564,1.2561405483054366,8.639402586412576,49.99999924612315,1.0814507005433034,0.49999999246123306,4.255647916001705,4.602273420025694,0.9948509189892538,10.623704023740459,12.561405483054367,4.788818335232205,12.56140548305434,0.8,self,,0.0,36.49674320220947,ok
C5,0.5,0.6,2.0,10.0,20,200,5,1.0,predictive,P1+P2,76.62373699114588,20,1000.0,False,False,False,1.0271255647594682e-08,1.5077618397321227e-08,54.072669116774456,9.999999849223808,0.1043163742716751,1.256189330696863,8.639494445807653,49.99999924611903,1.0814533986412318,0.4999999924611904,4.255634530105773,4.60227042595787,0.9948535102355888,10.623950635288136,12.56189330696863,4.789041623645862,12.561893306968656,0.8,self,,0.0,36.65123128890991,ok
C5,0.5,0.6,2.0,10.0,20,200,5,1.0,predictive,P1+P2 (protect),76.62373699114588,5,3.0,True,True,False,1.0856350257291129e-08,1.5936503966145896e-08,54.62642412323863,9.999999840634969,0.04298306924183279,0.5176688789256187,9.43934821119758,49.99999920317477,1.0925284998758582,0.49999999203174844,3.9641295498045164,4.3309245103614895,0.07012555962265143,0.10880773376882523,5.176688789256188,4.013246342439667,5.176688789256177,0.8,self,,0.0,1.0915741920471191,ok
C5,0.5,0.6,2.0,10.0,20,200,5,1.0,predictive,P1+P2 (protect),76.62373699114588,5,10.0,True,True,False,1.0865766508042433e-08,1.5950326486040378e-08,54.641369434267894,9.999999840496708,0.03247774584598544,0.5206858430129732,9.446836570644333,49.99999920248361,1.0928274061163132,0.49999999202483536,3.9628939930158733,4.330759163101456,0.07075660762632735,0.10988977015019744,5.206858430129731,4.036958905275212,5.206858430129736,0.8,self,,0.0,1.009361743927002,ok
C5,0.5,0.6,2.0,10.0,20,200,5,1.0,predictive,P1+P2 (protect),76.62373699114588,5,30.0,True,True,False,1.0868546252315253e-08,1.5954406992340303e-08,54.64574582657607,9.999999840455889,0.029422464927036655,0.5215689711378494,9.449008723479226,49.999999202279525,1.0929149339683337,0.49999999202279444,3.9625367968009737,4.330715641622829,0.0709392258205042,0.11020231623126749,5.215689711378494,4.04392944886004,5.215689711378497,0.8,self,,0.0,0.9826960563659668,ok
C5,0.5,0.6,2.0,10.0,20,200,5,1.0,predictive,P1+P2 (protect),76.62373699114588,5,100.0,True,True,False,1.0869528805407267e-08,1.595584932432788e-08,54.64728889481566,9.999999840441491,0.02834733544301966,0.5218803184973193,9.44977250561817,49.99999920220739,1.0929457953351946,0.49999999202207457,3.962411320865734,4.330700792528779,0.07100339017211772,0.1103120648223375,5.2188031849731935,4.046390070090167,5.218803184973202,0.8,self,,0.0,1.0149965286254883,ok
C5,0.5,0.6,2.0,10.0,20,200,5,1.0,predictive,P1+P2 (protect),76.62373699114588,5,300.0,True,True,False,1.0869810460792787e-08,1.5956262778394954e-08,54.647730855580676,9.999999840437328,0.028039601046356343,0.5219694903836241,9.449991068132693,49.99999920218684,1.0929546345510852,0.4999999920218664,3.9623754265229065,4.330696586249544,0.071021746594553,0.11034345563428974,5.21969490383624,4.047095109939638,5.219694903836231,0.8,self,,0.0,1.1894221305847168,ok
C5,0.5,0.6,2.0,10.0,20,200,5,1.0,predictive,P1+P2 (protect),76.62373699114588,5,1000.0,True,True,False,1.0869909137669912e-08,1.5956407630431417e-08,54.64788565585855,9.9999998404359,0.02793183564060958,0.5220007232056175,9.450067600717873,49.999999202179474,1.0929577305568532,0.49999999202179496,3.962362858856431,4.33069511785849,0.07102817384094436,0.11035444599689334,5.220007232056175,4.047342084852173,5.220007232056164,0.8,self,,0.0,1.0822968482971191,ok
C5,0.5,0.6,2.0,10.0,20,200,5,1.0,predictive,P1+P2 (protect),76.62373699114588,10,3.0,True,True,False,1.0423273465522012e-08,1.530077189725576e-08,53.90724976327894,9.999999846992274,0.278850935519716,0.5296429776566202,9.19150623983139,49.99999923496152,1.0781450117620273,0.49999999234961373,4.021840534053513,4.336127309892122,0.5619446450543879,1.8385178302708691,5.296429776566201,3.2227833473255703,5.296429776566202,0.8,self,,0.0,1.1880769729614258,ok
C5,0.5,0.6,2.0,10.0,20,200,5,1.0,predictive,P1+P2 (protect),76.62373699114588,10,10.0,True,True,False,1.0434005446547573e-08,1.5316525834269102e-08,53.92501498447579,9.999999846834724,0.26504906011380636,0.5340257034796929,9.200925389571776,49.99999923417361,1.078500316208396,0.4999999923417362,4.020374813780167,4.335975507938181,0.564878210414078,1.8510013495829216,5.340257034796929,3.2476259460063273,5.340257034796921,0.8,self,,0.0,1.1915838718414307,ok
C5,0.5,0.6,2.0,10.0,20,200,5,1.0,predictive,P1+P2 (protect),76.62373699114588,10,30.0,True,True,False,1.0437173195936649e-08,1.532117590998489e-08,53.93022483121808,9.999999846788212,0.26104082353466407,0.5353041997979336,9.203655129879191,49.99999923394114,1.0786045131498525,0.4999999923394106,4.019951292734997,4.335937606986551,0.5657368448878436,1.8546134217954333,5.353041997979337,3.2549218434196514,5.353041997979345,0.8,self,,0.0,1.1420416831970215,ok
C5,0.5,0.6,2.0,10.0,20,200,5,1.0,predictive,P1+P2 (protect),76.62373699114588,10,100.0,True,True,False,1.043829286108936e-08,1.5322819514669778e-08,53.93206262875705,9.999999846771772,0.2596309838788354,0.5357544725253539,9.204614696824038,49.99999923385888,1.0786412691029696,0.4999999923385886,4.0198025433605915,4.335924916913814,0.566039678407094,1.8558824950633483,5.357544725253539,3.257496578098449,5.3575447252535575,0.8,self,,0.0,1.2775578498840332,ok
C5,0.5,0.6,2.0,10.0,20,200,5,1.0,predictive,P1+P2 (protect),76.62373699114588,10,300.0,True,True,False,1.04386138173676e-08,1.532329066020939e-08,53.93258908866077,9.999999846767084,0.2592275056930841,0.5358833895820763,9.204889257957754,49.99999923383544,1.078651798301711,0.4999999923383542,4.019759993756848,4.335921346007098,0.566126427621992,1.8562455515806868,5.358833895820762,3.2582342439501364,5.358833895820767,0.8,self,,0.0,1.2376430034637451,ok
C5,0.5,0.6,2.0,10.0,20,200,5,1.0,predictive,P1+P2 (protect),76.62373699114588,10,1000.0,True,True,False,1.043872626283281e-08,1.5323455723749115e-08,53.93277349427917,9.999999846765425,0.2590862181564661,0.5359285387011936,9.204985396376916,49.99999923382718,1.0786554864143136,0.49999999233827125,4.01974509614922,4.335920101948388,0.56615681369988,1.8563726701837269,5.359285387011936,3.258492640266486,5.359285387011938,0.8,self,,0.0,1.2347512245178223,ok
C5,0.5,0.6,2.0,10.0,20,200,5,1.0,predictive,P1+P2 (protect),76.62373699114588,15,3.0,True,True,False,8.769001998967301e-09,1.2872395586454969e-08,52.828018672581216,9.999999871276025,1.505451145628427,0.7249360862719219,7.7696128968236255,49.99999935638011,1.0565603870520899,0.4999999935638012,4.371973134358902,4.619253627019581,0.9284481482340331,5.937143138208946,7.249360862719218,1.5704982588634504,7.249360862719232,0.8,self,,0.0,2.485450029373169,ok
C5,0.5,0.6,2.0,10.0,20,200,5,1.0,predictive,P1+P2 (protect),76.62373699114588,15,10.0,True,True,False,8.78051523205166e-09,1.2889296357002727e-08,52.847313730881815,9.999999871106988,1.4797416622612558,0.7319975251107187,7.788260941521036,49.999999355535095,1.0569462882409322,0.4999999935553494,4.3688283431361254,4.61761690123951,0.9310653545783979,5.97363188503263,7.319975251107187,1.597858172327824,7.319975251107188,0.8,self,,0.0,2.3507490158081055,ok
C5,0.5,0.6,2.0,10.0,20,200,5,1.0,predictive,P1+P2 (protect),76.62373699114588,15,30.0,True,True,False,8.78392928186898e-09,1.2894307987721763e-08,52.85299856760616,9.999999871056929,1.4722934181133833,0.7340507026626548,7.793656008167033,49.999999355284466,1.057059984982183,0.4999999935528464,4.367920062312451,4.617153515471375,0.9318417000712731,5.984186167012175,7.340507026626549,1.6058754634509012,7.3405070266265575,0.8,self,,0.0,2.4993159770965576,ok
C5,0.5,0.6,2.0,10.0,20,200,5,1.0,predictive,P1+P2 (protect),76.62373699114588,15,100.0,True,True,False,8.785137747875707e-09,1.2896081947003635e-08,52.855006889144256,9.99999987103918,1.4696755360239349,0.7347731092650314,7.795551483671854,49.999999355195804,1.0571001514153373,0.49999999355195895,4.367601109955345,4.616991794655591,0.93211685288021,5.987893996171617,7.347731092650314,1.6087028085820887,7.3477310926503225,0.8,self,,0.0,2.723733425140381,ok
C5,0.5,0.6,2.0,10.0,20,200,5,1.0,predictive,P1+P2 (protect),76.62373699114588,15,300.0,True,True,False,8.785484328242892e-09,1.2896590707246671e-08,52.85558248679626,9.99999987103407,1.4689265161358704,0.7349798741115264,7.796093738718532,49.99999935517033,1.0571116633690645,0.49999999355170355,4.367509879501901,4.616945633501077,0.9321958101377907,5.988954701625262,7.349798741115264,1.6095126573511571,7.349798741115267,0.8,self,,0.0,2.378971576690674,ok
C5,0.5,0.6,2.0,10.0,20,200,5,1.0,predictive,P1+P2 (protect),76.62373699114588,15,1000.0,True,True,False,8.785605768829366e-09,1.2896768975112187e-08,52.85578413470252,9.999999871032301,1.4686642483274301,0.7350522799746958,7.796283600665573,49.999999355161414,1.0571156963274302,0.49999999355161506,4.367477938187299,4.616929481821555,0.9322234816859661,5.989326088032397,7.350522799746958,1.6097963184672317,7.3505227997469555,0.8,self,,0.0,2.288132429122925,ok
C5,0.5,0.6,2.0,10.0,20,200,5,1.0,predictive,P1+P2 (protect),76.62373699114588,20,3.0,True,True,False,6.454785475055691e-09,9.475257518122066e-09,52.520675570727654,9.999999905247442,3.485507968233319,1.141285969358346,5.373206157160892,49.999999526237154,1.050413521367491,0.4999999952623721,4.975189434672101,5.226006253544258,0.9945661767865622,10.746412314321816,11.41285969358346,1.0588948966793759,11.412859693583467,0.8,self,,0.0,7.21903395652771,ok
C5,0.5,0.6,2.0,10.0,20,200,5,1.0,predictive,P1+P2 (protect),76.62373699114588,20,10.0,True,True,False,6.464939063116406e-09,9.490162407197862e-09,52.540446941497265,9.999999905098365,3.4434288507182274,1.1512482578697882,5.405322986313619,49.99999952549187,1.050808948802293,0.49999999525491823,4.969442511888589,5.2219346620510745,0.9958108990034201,10.810645972627226,11.512482578697883,1.0882908648041778,11.512482578697883,0.8,self,,0.0,7.31766676902771,ok
C5,0.5,0.6,2.0,10.0,20,200,5,1.0,predictive,P1+P2 (protect),76.62373699114588,20,30.0,True,True,False,6.467976006834125e-09,9.494620467636295e-09,52.546298087772705,9.999999905053798,3.431259706984781,1.154138856039459,5.414601531921962,49.99999952526895,1.050925971733598,0.4999999952526899,4.967784106175126,5.2207733391448174,0.9961848538831585,10.829203063843888,11.54138856039459,1.0968964322058616,11.541388560394603,0.8,self,,0.0,7.429110288619995,ok
C5,0.5,0.6,2.0,10.0,20,200,5,1.0,predictive,P1+P2 (protect),76.62373699114588,20,100.0,True,True,False,6.4690539192547154e-09,9.496202781687844e-09,52.54836819663437,9.99999990503801,3.4269848130774614,1.155155282273855,5.417859999610674,49.99999952518994,1.050967373912885,0.4999999952519005,4.967201897338033,5.220367133740453,0.9963181856610943,10.83571999922141,11.55155282273855,1.0999302570885463,11.551552822738588,0.8,self,,0.0,7.543885707855225,ok
C5,0.5,0.6,2.0,10.0,20,200,5,1.0,predictive,P1+P2 (protect),76.62373699114588,20,300.0,True,True,False,6.46936334265343e-09,9.496656997616997e-09,52.5489618016997,9.999999905033453,3.425761911141815,1.1554461411473875,5.418792042677343,49.99999952516728,1.0509792460147807,0.49999999525167266,4.967035382453732,5.220251101179961,0.9963565347410475,10.837584085354722,11.554461411473875,1.1007991522671412,11.554461411473863,0.8,self,,0.0,7.177169322967529,ok
C5,0.5,0.6,2.0,10.0,20,200,5,1.0,predictive,P1+P2 (protect),76.62373699114588,20,1000.0,True,True,False,6.469471793699105e-09,9.496816197576288e-09,52.54916978983434,9.999999905031824,3.425333737257073,1.155547989224275,5.419118368486828,49.99999952515926,1.0509834057776815,0.4999999952515912,4.966977084402757,5.2202104925853074,0.9963699844620565,10.838236736973581,11.55547989224275,1.101103484985571,11.555479892242783,0.8,self,,0.0,7.35923433303833,ok
C5,0.5,0.6,2.0,10.0,20,200,5,1.0,predictive,NoCancel,200.00000000000003,0,1.0,False,False,True,1.0794766075535639e-08,1.584610189431232e-08,54.639604495667875,9.999999841538916,0.03564584360340347,0.7129168720680704,9.25143744278961,49.99999920769486,1.0927921072298534,0.4999999920769458,4.035883700548759,4.410381853657297,0.0,0.0,7.129168720680704,0.0,7.129168720680649,0.8,self,,0.0,12.57373309135437,ok
C5,0.5,0.6,2.0,10.0,20,200,5,1.0,predictive,P2 only,200.00000000000003,0,3.0,False,False,False,1.1083332270690623e-08,1.626970063606899e-08,54.76716503822712,9.99999983730297,0.015760919799273913,0.5393532945689175,9.444885948328839,49.99999918651493,1.095343318585451,0.49999999186514854,3.966141464896871,4.344286554139501,0.0,0.0,5.3935329456891745,4.2039782185173395,5.39353294568917,0.8,self,,0.0,0.9785969257354736,ok
C5,0.5,0.6,2.0,10.0,20,200,5,1.0,predictive,P2 only,200.00000000000003,0,10.0,False,False,False,1.1086548452198698e-08,1.62744218073775e-08,54.77243910322435,9.9999998372558,0.011809198674481587,0.5404040286948909,9.447786935374829,49.99999918627888,1.0954487998922835,0.49999999186279,3.9656450590307197,4.344161120713966,0.0,0.0,5.404040286948909,4.2127444451183,5.404040286948895,0.8,self,,0.0,0.9589498043060303,ok
C5,0.5,0.6,2.0,10.0,20,200,5,1.0,predictive,P2 only,200.00000000000003,0,30.0,False,False,False,1.1087479044245134e-08,1.6275787863509132e-08,54.77396048243769,9.999999837242099,0.010672264171064252,0.5407071243421827,9.448620774244654,49.99999918621056,1.0954792274785423,0.4999999918621049,3.96550253814628,4.344125657052685,0.0,0.0,5.407071243421827,4.215276743400455,5.407071243421814,0.8,self,,0.0,1.1868467330932617,ok
C5,0.5,0.6,2.0,10.0,20,200,5,1.0,predictive,P2 only,200.00000000000003,0,100.0,False,False,False,1.1087805991065535e-08,1.6276267802823507e-08,54.77449449727977,9.99999983723731,0.010273502945801075,0.5408135126716016,9.448913147145289,49.99999918618657,1.0954899077760833,0.4999999918618655,3.96545258228129,4.344113283653762,0.0,0.0,5.408135126716016,4.216165974544107,5.408135126716019,0.8,self,,0.0,0.956151008605957,ok
C5,0.5,0.6,2.0,10.0,20,200,5,1.0,predictive,P2 only,200.00000000000003,0,300.0,False,False,False,1.1087899522872595e-08,1.6276405102190104e-08,54.77464721913205,9.999999837235935,0.010159491504659559,0.5408439384237088,9.448996732835697,49.99999918617981,1.095492962213327,0.4999999918617967,3.9654383021420663,4.344109752087798,0.0,0.0,5.408439384237088,4.216420319963632,5.4084393842370835,0.8,self,,0.0,1.0261576175689697,ok
C5,0.5,0.6,2.0,10.0,20,200,5,1.0,predictive,P2 only,200.00000000000003,0,1000.0,False,False,False,1.1087932271453332e-08,1.627645317524176e-08,54.774700687138946,9.999999837235482,0.010119579127963825,0.5408545904929014,9.449025993143652,49.99999918617736,1.0954940315735358,0.4999999918617741,3.9654333033536364,4.3441085164268385,0.0,0.0,5.408545904929014,4.216509370217811,5.408545904929011,0.8,self,,0.0,0.9364018440246582,ok
C5,0.5,0.6,2.0,10.0,20,200,5,1.0,predictive,P1 only,200.00000000000003,5,1.0,False,False,False,1.1072359884400545e-08,1.6253593797816744e-08,54.74588555745358,9.999999837464035,0.0269797191621006,0.5395943832420116,9.433426060131852,49.9999991873202,1.0949177289454222,0.49999999187320177,3.9687629359873995,4.345468900594089,0.06928824362258978,0.10732140760109027,5.395943832420116,4.185628278819225,5.395943832420098,0.8,self,,0.0,1.0729808807373047,ok
C5,0.5,0.6,2.0,10.0,20,200,5,1.0,predictive,P1 only,200.00000000000003,10,1.0,False,False,False,1.1012952720522166e-08,1.616638746416792e-08,54.62288554999167,9.9999998383361,0.030942414288603778,0.6188482857720753,9.350209461603221,49.99999919168056,1.0924577286609298,0.499999991916805,3.9994547550567288,4.36923525759143,0.5490801785160476,1.7770564675632265,6.188482857720753,4.315566025301405,6.188482857720747,0.8,self,,0.0,1.6662495136260986,ok
C5,0.5,0.6,2.0,10.0,20,200,5,1.0,predictive,P1 only,200.00000000000003,15,1.0,False,False,False,1.0822630090029906e-08,1.5887004680478423e-08,54.39201940154668,9.9999998411299,0.044000433784760755,0.880008675695214,9.075991049390124,49.999999205649694,1.087840405313461,0.49999999205649504,4.100591572012544,4.460789197723088,0.9180689300777063,5.74734687124283,8.80008675695214,4.618307336269919,8.800086756952172,0.8,self,,0.0,7.171630144119263,ok
C5,0.5,0.6,2.0,10.0,20,200,5,1.0,predictive,P1 only,200.00000000000003,20,1.0,False,False,False,1.053901984220444e-08,1.547068098692034e-08,54.20665115609237,9.999999845293168,0.06327781821962077,1.265556364392411,8.6711659720948,49.999999226465846,1.084133039894126,0.4999999922646584,4.2498985401741125,4.607455423600569,0.9944518666080288,10.561950931106765,12.655563643924111,4.890845873532271,12.65556364392408,0.8,self,,0.0,36.074097871780396,ok
C5,0.5,0.6,2.0,10.0,20,200,5,1.0,predictive,P1 only (protect),200.00000000000003,5,1.0,True,True,False,1.1059856243461899e-08,1.6235239164935198e-08,54.71026043043995,9.999999837647563,0.031457964375362926,0.5341483606656996,9.434393837311374,49.99999918823799,1.0942052263734836,0.49999999188237815,3.9677255788693295,4.341506065214576,0.06969752448003352,0.1081210957674883,5.341483606656996,4.150307800505503,5.341483606656985,0.8,self,,0.0,0.9824755191802979,ok
C5,0.5,0.6,2.0,10.0,20,200,5,1.0,predictive,P1 only (protect),200.00000000000003,10,1.0,True,True,False,1.0601258824513767e-08,1.5562044268623997e-08,53.9594321029699,9.99999984437952,0.27159504381321753,0.5394075855920335,9.188997526215228,49.999999221897745,1.0791886588537805,0.499999992218976,4.02387498826444,4.342520251980373,0.5604036212218798,1.8328113038519287,5.394075855920335,3.324218139540972,5.394075855920333,0.8,self,,0.0,1.3892900943756104,ok
C5,0.5,0.6,2.0,10.0,20,200,5,1.0,predictive,P1 only (protect),200.00000000000003,15,1.0,True,True,False,8.860167080982727e-09,1.3006220735228133e-08,52.834943611115655,9.999999869937772,1.5082095972844662,0.7254057233261137,7.766384809451647,49.99999934968895,1.0566988859659723,0.4999999934968886,4.372771981587564,4.620703281526796,0.9277293784406351,5.928217169111337,7.254057233261138,1.590901832176767,7.254057233261139,0.8,self,,0.0,2.235720157623291,ok
C5,0.5,0.6,2.0,10.0,20,200,5,1.0,predictive,P1 only (protect),200.00000000000003,20,1.0,True,True,False,6.452710026704179e-09,9.472210878128684e-09,52.516593072321236,9.999999905277884,3.494385086664743,1.1391910235563658,5.366423984501008,49.99999952638947,1.0503318713953893,0.49999999526389416,4.976404348353626,5.2268760920264175,0.994310868467761,10.732847969001998,11.391910235563659,1.0527671988556506,11.391910235563692,0.8,self,,0.0,7.2346343994140625,ok
C5,0.5,0.6,2.0,10.0,20,200,5,1.0,predictive,P1+P2,200.00000000000003,5,3.0,False,False,False,1.1081183547532361e-08,1.6266546432831113e-08,54.76046194898436,9.999999837334542,0.01590626152193931,0.5425445546869566,9.441549346456561,49.999999186672646,1.09520925679496,0.4999999918667271,3.9673741022364544,4.345104841937959,0.06993447818782247,0.10844501340448177,5.425445546869566,4.209918824938738,5.4254455468695575,0.8,self,,0.0,1.2712993621826172,ok
C5,0.5,0.6,2.0,10.0,20,200,5,1.0,predictive,P1+P2,200.00000000000003,5,10.0,False,False,False,1.1084390813185956e-08,1.6271254516172953e-08,54.76571358262219,9.999999837287456,0.011949961481522836,0.5436071157103982,9.444443085520623,49.99999918643724,1.095314289474582,0.49999999186437283,3.966881110098827,4.344981564538037,0.07016405035540146,0.10884363677535985,5.436071157103982,4.218705103557502,5.436071157103978,0.8,self,,0.0,1.046248197555542,ok
C5,0.5,0.6,2.0,10.0,20,200,5,1.0,predictive,P1+P2,200.00000000000003,5,30.0,False,False,False,1.1085318858479046e-08,1.6272616833815702e-08,54.767228580582035,9.999999837273823,0.010811700873752515,0.5439136122395238,9.4452748496129,49.99999918636912,1.0953445894357643,0.49999999186369115,3.9667395687247358,4.344946724303396,0.07022997068467528,0.10895804242575541,5.439136122395238,4.221243182821775,5.43913612239524,0.8,self,,0.0,1.0883209705352783,ok
C5,0.5,0.6,2.0,10.0,20,200,5,1.0,predictive,P1+P2,200.00000000000003,5,100.0,False,False,False,1.1085644914028035e-08,1.627309546479439e-08,54.7677603650081,9.999999837269025,0.010412473618898332,0.544021193177447,9.445566495934631,49.99999918634517,1.0953552251249834,0.49999999186345123,3.9666899561260047,4.34493456989341,0.070253077462022,0.10899813837288429,5.440211931774471,4.222134442805234,5.4402119317744555,0.8,self,,0.0,1.101400375366211,ok
C5,0.5,0.6,2.0,10.0,20,200,5,1.0,predictive,P1+P2,200.00000000000003,5,300.0,False,False,False,1.1085738191195639e-08,1.627323239036477e-08,54.76791244988996,9.999999837267652,0.01029832884559203,0.5440519598942692,9.445649873992489,49.99999918633832,1.0953582668228201,0.49999999186338256,3.966675774104558,4.3449311009712375,0.07025968270507948,0.10900959949978667,5.440519598942693,4.2223893684182086,5.440519598942694,0.8,self,,0.0,1.1337056159973145,ok
C5,0.5,0.6,2.0,10.0,20,200,5,1.0,predictive,P1+P2,200.00000000000003,5,1000.0,False,False,False,1.1085770850653595e-08,1.6273280332589256e-08,54.767965694987716,9.999999837267174,0.010258369783629281,0.5440627313241683,9.445679061625029,49.99999918633604,1.0953593317248425,0.4999999918633587,3.9666708096617223,4.344929887243504,0.07026199488754455,0.10901361143418406,5.4406273132416825,4.222478621795257,5.44062731324167,0.8,self,,0.0,1.0677056312561035,ok
C5,0.5,0.6,2.0,10.0,20,200,5,1.0,predictive,P1+P2,200.00000000000003,10,3.0,False,False,False,1.1021209115508394e-08,1.617850738184751e-08,54.63666405308289,9.999999838214949,0.019512843789646097,0.6222723620462074,9.358214955949197,49.99999919107451,1.092733298740454,0.49999999191074745,3.998163765259008,4.36892668011603,0.5512780252348493,1.7873212029469316,6.222723620462074,4.340138360761038,6.222723620462067,0.8,self,,0.0,1.761484146118164,ok
C5,0.5,0.6,2.0,10.0,20,200,5,1.0,predictive,P1+P2,200.00000000000003,10,10.0,False,False,False,1.1024215404486385e-08,1.618292044287413e-08,54.64163689362288,9.999999838170774,0.015428933940421743,0.6235032828551877,9.361067945033616,49.99999919085385,1.092832755557686,0.4999999919085387,3.997705285793093,4.3688232833807925,0.5520655759620796,1.7909744674761867,6.235032828551877,4.349022795941931,6.235032828551878,0.8,self,,0.0,1.7189619541168213,ok
C5,0.5,0.6,2.0,10.0,20,200,5,1.0,predictive,P1+P2,200.00000000000003,10,30.0,False,False,False,1.1025085804007484e-08,1.6184198139806214e-08,54.64307231753073,9.999999838158027,0.014253925331703846,0.6238581242273141,9.361888112282953,49.99999919079003,1.0928614640377026,0.49999999190790134,3.9975736312053685,4.368794171197614,0.5522924514229862,1.792024152232553,6.238581242273141,4.351588873485534,6.238581242273114,0.8,self,,0.0,1.8486640453338623,ok
C5,0.5,0.6,2.0,10.0,20,200,5,1.0,predictive,P1+P2,200.00000000000003,10,100.0,False,False,False,1.1025391660328987e-08,1.61846471194692e-08,54.64357626093601,9.999999838153528,0.013841805848148354,0.6239826514379356,9.362175704560388,49.999999190767575,1.092871542906462,0.4999999919076764,3.9975274817342705,4.368784026773915,0.5523720579655779,1.7923921651462809,6.239826514379356,4.352489927904214,6.239826514379372,0.8,self,,0.0,1.7281949520111084,ok
C5,0.5,0.6,2.0,10.0,20,200,5,1.0,predictive,P1+P2,200.00000000000003,10,300.0,False,False,False,1.1025479164087269e-08,1.6184775570003457e-08,54.64372039222311,9.999999838152222,0.013723974677779294,0.6240182623875727,9.362257924782426,49.999999190761116,1.092874425532392,0.49999999190761113,3.997514289440563,4.368781132629883,0.552394821893779,1.7924973711719092,6.240182623875727,4.352747651451985,6.240182623875718,0.8,self,,0.0,1.6691789627075195,ok
C5,0.5,0.6,2.0,10.0,20,200,5,1.0,predictive,P1+P2,200.00000000000003,10,1000.0,False,False,False,1.1025509802621109e-08,1.618482054562642e-08,54.643770853667554,9.999999838151792,0.013682725071831051,0.6240307295553827,9.362286707220994,49.99999919075889,1.0928754347613456,0.4999999919075896,3.997509671430048,4.3687801201267975,0.5524027912898853,1.7925341995304371,6.240307295553827,4.352837884056214,6.240307295553831,0.8,self,,0.0,1.63765287399292,ok
C5,0.5,0.6,2.0,10.0,20,200,5,1.0,predictive,P1+P2,200.00000000000003,15,3.0,False,False,False,1.0829569798183576e-08,1.5897191776866274e-08,54.40529676463064,9.999999841028064,0.03138774130379196,0.8843505362107681,9.084261881457376,49.99999920514015,1.0881059525904475,0.4999999920514032,4.099378752619495,4.460558422648076,0.9191140393063926,5.767637167912798,8.843505362107681,4.6423718775753615,8.84350536210767,0.8,self,,0.0,7.154472351074219,ok
C5,0.5,0.6,2.0,10.0,20,200,5,1.0,predictive,P1+P2,200.00000000000003,15,10.0,False,False,False,1.0832105201880333e-08,1.590091360511451e-08,54.410099669961994,9.999999840990817,0.02688320701696565,0.8859078591825329,9.087209092809685,49.999999204954406,1.0882020107026442,0.4999999920495409,4.09894810601572,4.4604835707321016,0.9194979987307073,5.774873039265763,8.859078591825329,4.651061956834492,8.859078591825273,0.8,self,,0.0,7.275171518325806,ok
C5,0.5,0.6,2.0,10.0,20,200,5,1.0,predictive,P1+P2,200.00000000000003,15,30.0,False,False,False,1.083284012197839e-08,1.5901992425968415e-08,54.4114871833475,9.999999840980028,0.025587388654927698,0.8863564648900746,9.08805630547497,49.99999920490054,1.0882297609719678,0.49999999204900136,4.098824451712929,4.460462753353617,0.9196097291409836,5.776953570659661,8.863564648900745,4.653570855171103,8.863564648900779,0.8,self,,0.0,6.911238431930542,ok
C5,0.5,0.6,2.0,10.0,20,200,5,1.0,predictive,P1+P2,200.00000000000003,15,100.0,False,False,False,1.0833098462432211e-08,1.590237165504343e-08,54.41197443035461,9.999999840976251,0.025132919130408587,0.8865138633058494,9.088353376587492,49.99999920488139,1.088239505912682,0.49999999204881257,4.098781107496774,4.460455527266524,0.9196490613510504,5.777683148884384,8.865138633058493,4.654451721381951,8.865138633058503,0.8,self,,0.0,7.191009283065796,ok
C5,0.5,0.6,2.0,10.0,20,200,5,1.0,predictive,P1+P2,200.00000000000003,15,300.0,False,False,False,1.083317238091022e-08,1.5902480163159857e-08,54.412113798269836,9.999999840975164,0.02500298159318533,0.8865588711559174,9.088438306275732,49.99999920487593,1.0882422932711495,0.4999999920487582,4.098768717198687,4.4604534683923465,0.919660321134447,5.7778917327601444,8.865588711559173,4.654703660090064,8.86558871155918,0.8,self,,0.0,7.117453575134277,ok
C5,0.5,0.6,2.0,10.0,20,200,5,1.0,predictive,P1+P2,200.00000000000003,15,1000.0,False,False,False,1.0833198263618355e-08,1.5902518157501507e-08,54.412162593277166,9.999999840974782,0.02495749409120551,0.8865746277777786,9.088468037156234,49.99999920487408,1.088243269171352,0.49999999204873913,4.098764379938634,4.4604527483875085,0.9196642643852477,5.7779647510895495,8.865746277777786,4.654791866236115,8.865746277777776,0.8,self,,0.0,7.026184558868408,ok
C5,0.5,0.6,2.0,10.0,20,200,5,1.0,predictive,P1+P2,200.00000000000003,20,3.0,False,False,False,1.0544807270053747e-08,1.547917660143955e-08,54.220305008901626,9.999999845208208,0.04889933516210664,1.270591985572237,8.680508834057449,49.99999922604104,1.0844061169637491,0.4999999922604104,4.248548219757381,4.60715167772035,0.9946371222227728,10.587262658421995,12.70591985572237,4.913919040556822,12.70591985572231,0.8,self,,0.0,36.51652145385742,ok
C5,0.5,0.6,2.0,10.0,20,200,5,1.0,predictive,P1+P2,200.00000000000003,20,10.0,False,False,False,1.0546926490889495e-08,1.5482287496947942e-08,54.22525706272775,9.99999984517706,0.04376954043020764,1.2723962271392448,8.683834387253487,49.99999922588551,1.084505158045178,0.499999992258853,4.248069358356054,4.607053130870811,0.9947140827473752,10.596290530712515,12.723962271392448,4.92224105760462,12.723962271392448,0.8,self,,0.0,36.556137561798096,ok
C5,0.5,0.6,2.0,10.0,20,200,5,1.0,predictive,P1+P2,200.00000000000003,20,30.0,False,False,False,1.0547541304890203e-08,1.5483190008890555e-08,54.2266891110564,9.999999845168054,0.042294377471154776,1.27291578833758,8.684789989023212,49.99999922584048,1.0845337990131714,0.4999999922584027,4.247931923910411,4.607025747387888,0.9947376553494786,10.598886482990984,12.729157883375798,4.924642701520763,12.729157883375716,0.8,self,,0.0,36.92456817626953,ok
C5,0.5,0.6,2.0,10.0,20,200,5,1.0,predictive,P1+P2,200.00000000000003,20,100.0,False,False,False,1.0547757484062092e-08,1.5483507347604616e-08,54.22719215777205,9.99999984516489,0.0417770635968031,1.2730980645745884,8.68512502666372,49.999999225824276,1.0845438599479915,0.4999999922582445,4.247883756326525,4.607016245696743,0.9947460948155947,10.599796822792026,12.730980645745884,4.9254858056710935,12.730980645745893,0.8,self,,0.0,36.9474823474884,ok
C5,0.5,0.6,2.0,10.0,20,200,5,1.0,predictive,P1+P2,200.00000000000003,20,300.0,False,False,False,1.054781934468372e-08,1.548359815547453e-08,54.2273360604478,9.999999845163956,0.041629163497249676,1.273150184525325,8.68522080681347,49.9999992258199,1.084546738001646,0.4999999922581978,4.247869987897593,4.607013538829426,0.9947485248600458,10.600057087673573,12.73150184525325,4.925726933887997,12.731501845253277,0.8,self,,0.0,36.46431303024292,ok
C5,0.5,0.6,2.0,10.0,20,200,5,1.0,predictive,P1+P2,200.00000000000003,20,1000.0,False,False,False,1.0547841005907398e-08,1.5483629952917395e-08,54.22738644479135,9.9999998451637,0.04157738835951963,1.2731684308190083,8.685254335657772,49.99999922581847,1.0845477456885637,0.499999992258185,4.247865168289225,4.607012592257051,0.9947493773745485,10.60014819801857,12.731684308190083,4.925811354119094,12.731684308190015,0.8,self,,0.0,36.68017768859863,ok
C5,0.5,0.6,2.0,10.0,20,200,5,1.0,predictive,P1+P2 (protect),200.00000000000003,5,3.0,True,True,False,1.1068911093817764e-08,1.6248531169629582e-08,54.725531789869954,9.999999837514661,0.020262865609253874,0.5372349874578696,9.442502309418215,49.99999918757354,1.0945106535815874,0.4999999918757331,3.9663606088202323,4.341223942300095,0.0703877341241077,0.10930442976844704,5.3723498745786955,4.174675648563702,5.372349874578686,0.8,self,,0.0,0.956573486328125,ok
C5,0.5,0.6,2.0,10.0,20,200,5,1.0,predictive,P1+P2 (protect),200.00000000000003,5,10.0,True,True,False,1.1072200733198099e-08,1.625336017291153e-08,54.73103095917132,9.999999837466394,0.01626356538104631,0.5383459855026345,9.445390611649927,49.999999187331916,1.0946206369746916,0.49999999187331967,3.9658761277070744,4.341129853073441,0.07063292275047622,0.10972390686668992,5.383459855026345,4.183489413456649,5.383459855026348,0.8,self,,0.0,0.9906706809997559,ok
C5,0.5,0.6,2.0,10.0,20,200,5,1.0,predictive,P1+P2 (protect),200.00000000000003,5,30.0,True,True,False,1.1073152453401114e-08,1.625475724397389e-08,54.732617092758,9.999999837452416,0.015112978689926356,0.53866638551498,9.446220798342678,49.99999918726219,1.0946523596484672,0.4999999918726208,3.965737033147984,4.341103401080752,0.07070332823521419,0.109844265416518,5.3866638551498,4.186035385910566,5.386663855149802,0.8,self,,0.0,0.9942748546600342,ok
C5,0.5,0.6,2.0,10.0,20,200,5,1.0,predictive,P1+P2 (protect),200.00000000000003,5,100.0,True,True,False,1.107348680984639e-08,1.6255248060195632e-08,54.733173817893146,9.999999837447524,0.014709433081873313,0.5387788394190405,9.446511890051564,49.99999918723761,1.0946634941518891,0.4999999918723762,3.9656882785183645,4.341094187680103,0.07072800733749124,0.1098864443055415,5.387788394190405,4.186929412669968,5.387788394190387,0.8,self,,0.0,1.0392208099365234,ok
C5,0.5,0.6,2.0,10.0,20,200,5,1.0,predictive,P1+P2 (protect),200.00000000000003,5,300.0,True,True,False,1.1073582460097206e-08,1.625538846931703e-08,54.73333303281181,9.999999837446117,0.014594054091346027,0.538810999054237,9.446595109408301,49.99999918723058,1.0946666784504682,0.4999999918723058,3.965674341781761,4.341091559534487,0.07073506205844957,0.10989850050369357,5.38810999054237,4.187185129185451,5.388109990542362,0.8,self,,0.0,1.0888936519622803,ok
C5,0.5,0.6,2.0,10.0,20,200,5,1.0,predictive,P1+P2 (protect),200.00000000000003,5,1000.0,True,True,False,1.107361595028116e-08,1.6255437630999983e-08,54.73338877385537,9.999999837445625,0.014553663011153224,0.5388222580730023,9.44662424147022,49.999999187228084,1.0946677932714122,0.4999999918722812,3.9656694632044536,4.341090640129845,0.07073753158368813,0.10990272070723713,5.388222580730023,4.187274659419823,5.3882225807300115,0.8,self,,0.0,0.9798684120178223,ok
C5,0.5,0.6,2.0,10.0,20,200,5,1.0,predictive,P1+P2 (protect),200.00000000000003,10,3.0,True,True,False,1.0612104564568151e-08,1.5577965197414165e-08,53.97832266012535,9.999999844220342,0.2567064154569165,0.5440959893542989,9.199197750968443,49.999999221101554,1.0795664700199599,0.4999999922110171,4.022279038357489,4.342317582874873,0.5635971622936297,1.846434093173171,5.440959893542989,3.3504287410373195,5.4409598935429795,0.8,self,,0.0,1.2268259525299072,ok
C5,0.5,0.6,2.0,10.0,20,200,5,1.0,predictive,P1+P2 (protect),200.00000000000003,10,10.0,True,True,False,1.0616042479885634e-08,1.5583745832855982e-08,53.98513481846084,9.999999844162543,0.2513969361665305,0.5457763305520779,9.202826889118848,49.99999922081265,1.0797027131950307,0.4999999922081272,4.021713058205139,4.342254500635973,0.5647461294932598,1.8512720955785178,5.457763305520778,3.359895892338152,5.4577633055207935,0.8,self,,0.0,1.2905490398406982,ok
C5,0.5,0.6,2.0,10.0,20,200,5,1.0,predictive,P1+P2 (protect),200.00000000000003,10,30.0,True,True,False,1.0617181534935538e-08,1.558541790080585e-08,53.987100664270244,9.99999984414581,0.2498703315454576,0.5462602398617119,9.203869584447022,49.999999220728924,1.0797420301136396,0.4999999922072905,4.021550614737825,4.342237224961774,0.5650776324695016,1.8526611904898553,5.462602398617119,3.3626293166065437,5.462602398617127,0.8,self,,0.0,1.3003566265106201,ok
C5,0.5,0.6,2.0,10.0,20,200,5,1.0,predictive,P1+P2 (protect),200.00000000000003,10,100.0,True,True,False,1.0617581682979459e-08,1.5586005295347924e-08,53.98779077492963,9.99999984413994,0.24933500245349763,0.5464300105215637,9.204235142885,49.99999922069974,1.0797558323276726,0.499999992206997,4.021493681289112,4.342231257040801,0.5651940075014503,1.8531480934813593,5.464300105215637,3.363589031107287,5.464300105215646,0.8,self,,0.0,1.239302396774292,ok
C5,0.5,0.6,2.0,10.0,20,200,5,1.0,predictive,P1+P2 (protect),200.00000000000003,10,300.0,True,True,False,1.0617696152274392e-08,1.5586173329754443e-08,53.987988146485065,9.999999844138252,0.24918195414210415,0.5464785548105134,9.204339646909132,49.99999922069137,1.0797597797590235,0.4999999922069126,4.021477407107765,4.3422295594045695,0.5652272910531985,1.853287277310375,5.464785548105135,3.36386352309392,5.464785548105125,0.8,self,,0.0,1.200974464416504,ok
C5,0.5,0.6,2.0,10.0,20,200,5,1.0,predictive,P1+P2 (protect),200.00000000000003,10,1000.0,True,True,False,1.0617736231378014e-08,1.5586232163596257e-08,53.988057247238764,9.999999844137678,0.24912837702473442,0.5464955493443798,9.204376229493208,49.99999922068829,1.0797611617741856,0.4999999922068839,4.021471710357639,4.342228966017786,0.5652389438291857,1.853335998867705,5.4649554934437985,3.3639596255341346,5.464955493443799,0.8,self,,0.0,1.1766295433044434,ok
C5,0.5,0.6,2.0,10.0,20,200,5,1.0,predictive,P1+P2 (protect),200.00000000000003,15,3.0,True,True,False,8.872390157251134e-09,1.3024163515148588e-08,52.85584947734286,9.999999869758348,1.4801999051212387,0.733090770525937,7.786709454594476,49.99999934879183,1.0571170033149218,0.4999999934879174,4.369342755130575,4.618906519759397,0.9305681873761182,5.96802990944138,7.33090770525937,1.620532205066021,7.330907705259362,0.8,self,,0.0,2.3455867767333984,ok
C5,0.5,0.6,2.0,10.0,20,200,5,1.0,predictive,P1+P2 (protect),200.00000000000003,15,10.0,True,True,False,8.876852547829143e-09,1.3030714050406804e-08,52.86342867383758,9.99999986969288,1.470239274790993,0.7358351001947216,7.793925755321405,49.99999934846433,1.0572685872537155,0.499999993484644,4.368127569499891,4.618284064349156,0.9316045929349897,5.982162213149484,7.3583510019472165,1.6312080911921647,7.35835100194721,0.8,self,,0.0,2.3774502277374268,ok
C5,0.5,0.6,2.0,10.0,20,200,5,1.0,predictive,P1+P2 (protect),200.00000000000003,15,30.0,True,True,False,8.878145783296123e-09,1.303261244642919e-08,52.865620024228505,9.999999869673871,1.467378063083757,0.7366244761852948,7.795997591057077,49.99999934836939,1.0573124142641128,0.49999999348369356,4.367778904051067,4.6181068580140945,0.9319054449919346,5.986219325311626,7.366244761852948,1.6342878465067097,7.366244761852953,0.8,self,,0.0,2.3530397415161133,ok
C5,0.5,0.6,2.0,10.0,20,200,5,1.0,predictive,P1+P2 (protect),200.00000000000003,15,100.0,True,True,False,8.878600360133539e-09,1.303327973934069e-08,52.866389746665234,9.999999869667228,1.4663750183288276,0.7369013154710926,7.796723796532852,49.999999348335884,1.0573278087137565,0.4999999934833614,4.3676567152230685,4.6180449039207305,0.9320112700565844,5.987641359048118,7.369013154710926,1.6353688739643926,7.369013154710938,0.8,self,,0.0,2.258107900619507,ok
C5,0.5,0.6,2.0,10.0,20,200,5,1.0,predictive,P1+P2 (protect),200.00000000000003,15,300.0,True,True,False,8.878730425179217e-09,1.3033470667421206e-08,52.86660993023607,9.999999869665277,1.4660882794103292,0.7369804656124055,7.796931385311989,49.99999934832652,1.0573322123854287,0.49999999348326385,4.36762178923332,4.618027209272872,0.9320415568896403,5.988047849596112,7.369804656124055,1.6356780358775178,7.369804656124055,0.8,self,,0.0,2.3045520782470703,ok
C5,0.5,0.6,2.0,10.0,20,200,5,1.0,predictive,P1+P2 (protect),200.00000000000003,15,1000.0,True,True,False,8.878775967496923e-09,1.3033537520950198e-08,52.866687022122726,9.99999986966462,1.4659879045325768,0.7370081737512747,7.797004052051529,49.999999348323044,1.0573337542232553,0.499999993483231,4.367609563571203,4.618021016832134,0.932052162680201,5.988190141800337,7.370081737512747,1.6357862737397149,7.370081737512768,0.8,self,,0.0,2.340998888015747,ok
C5,0.5,0.6,2.0,10.0,20,200,5,1.0,predictive,P1+P2 (protect),200.00000000000003,20,3.0,True,True,False,6.46369524872023e-09,9.488336558493453e-09,52.53804242689655,9.999999905116619,3.448466868796253,1.1500527835183127,5.4014804425688165,49.999999525583185,1.0507608585079034,0.49999999525583094,4.97012955387097,5.222417596920963,0.9956582432814215,10.80296088513757,11.500527835183128,1.0847416106356227,11.50052783518316,0.8,self,,0.0,7.192938566207886,ok
C5,0.5,0.6,2.0,10.0,20,200,5,1.0,predictive,P1+P2 (protect),200.00000000000003,20,10.0,True,True,False,6.467747032419645e-09,9.494284346234819e-09,52.54585790145909,9.999999905057164,3.43217076570657,1.153922303009825,5.4139070262264415,49.99999952528589,1.050917168006886,0.4999999952528582,4.96790821048324,5.220860027479204,0.9961565788272286,10.827814052452867,11.539223030098249,1.0962505881772953,11.539223030098295,0.8,self,,0.0,7.374094724655151,ok
C5,0.5,0.6,2.0,10.0,20,200,5,1.0,predictive,P1+P2 (protect),200.00000000000003,20,30.0,True,True,False,6.46892551489511e-09,9.496014291399948e-09,52.548121779616956,9.999999905039846,3.427492846242616,1.1550344623102218,5.4174727864073144,49.99999952519921,1.0509624455722952,0.49999999525199235,4.967271077634457,5.2204153595712395,0.9963022819369007,10.834945572814549,11.550344623102218,1.0995694230769657,11.550344623102255,0.8,self,,0.0,7.414434194564819,ok
C5,0.5,0.6,2.0,10.0,20,200,5,1.0,predictive,P1+P2 (protect),200.00000000000003,20,100.0,True,True,False,6.469340213179716e-09,9.496623044866698e-09,52.548917439353765,9.99999990503377,3.4258532581791608,1.1554244134389717,5.418722423348098,49.999999525168896,1.0509783587678196,0.4999999952516885,4.967047820065501,5.220259765853716,0.9963536668905723,10.837444846696238,11.554244134389718,1.1007342328039484,11.554244134389675,0.8,self,,0.0,7.132998943328857,ok
C5,0.5,0.6,2.0,10.0,20,200,5,1.0,predictive,P1+P2 (protect),200.00000000000003,20,300.0,True,True,False,6.469458911963254e-09,9.49679728792161e-09,52.5491450869705,9.999999905032041,3.4253845833375287,1.1555358943955505,5.41907961723488,49.99999952516006,1.0509829117203833,0.49999999525160205,4.966984007254732,5.220215314413156,0.9963683866753629,10.838159234469712,11.555358943955504,1.1010673422673072,11.555358943955486,0.8,self,,0.0,7.307288408279419,ok
C5,0.5,0.6,2.0,10.0,20,200,5,1.0,predictive,P1+P2 (protect),200.00000000000003,20,1000.0,True,True,False,6.469500479004882e-09,9.496858305971678e-09,52.54922479690631,9.999999905031407,3.425220523908366,1.1555749197012464,5.419204651358981,49.99999952515697,1.0509845059191794,0.49999999525157035,4.966961670150423,5.220199756822544,0.996373542678127,10.83840930271798,11.555749197012464,1.101183962790199,11.55574919701242,0.8,self,,0.0,7.4047651290893555,ok
C5,0.5,0.6,2.0,10.0,20,200,5,1.0,predictive,P1 only,4.308869380063769,1,1.0,False,False,False,9.369041504243472e-09,1.3753219412740391e-08,53.60034937880029,9.999999862467792,0.7151182716431602,0.3081351223807335,8.976746743508315,49.99999931233899,1.072007002319554,0.4999999931233896,4.036974692266786,4.327665138296822,2.2544998813420047e-05,2.2544998813420047e-05,3.081351223807335,2.439821893255629,3.0813512238073324,0.8,self,,0.0,1.1166162490844727,ok
C5,0.5,0.6,2.0,10.0,20,200,5,1.0,predictive,P1 only,4.308869380063769,2,1.0,False,False,False,9.36902675314012e-09,1.3753197758960667e-08,53.60028447307074,9.999999862468002,0.7151238984881608,0.3081375469147459,8.976738692129091,49.99999931233997,1.0720057042049242,0.4999999931234001,4.036976873191873,4.327662235805047,0.0004937025414722521,0.0005160952984390178,3.0813754691474586,2.439826200302702,3.0813754691474613,0.8,self,,0.0,0.922743558883667,ok
C5,0.5,0.6,2.0,10.0,20,200,5,1.0,predictive,P1 only,4.308869380063769,3,1.0,False,False,False,9.36888228891405e-09,1.3752985693703241e-08,53.59970275314405,9.999999862470135,0.7151920473566187,0.3081669113720044,8.976641178801243,49.99999931235082,1.0719940698059978,0.49999999312350674,4.037003287208252,4.327643583674566,0.0036999375087435663,0.00420992548694255,3.0816691137200443,2.4398997730910184,3.081669113720054,0.8,self,,0.0,0.9805099964141846,ok
C5,0.5,0.6,2.0,10.0,20,200,5,1.0,predictive,P1 only,4.308869380063769,4,1.0,False,False,False,9.368150268843726e-09,1.375191112992453e-08,53.59701965150012,9.999999862480854,0.7155928892550792,0.3083396289102575,8.97606761935381,49.999999312404356,1.0719404077712336,0.4999999931240427,4.037158650674504,4.327593490241191,0.015249431217480508,0.019393435526620824,3.0833962891025752,2.440339459780457,3.0833962891025686,0.8,self,,0.0,1.1352097988128662,ok
C5,0.5,0.6,2.0,10.0,20,200,5,1.0,predictive,P1 only,11.246826503806982,1,1.0,False,False,False,9.921075983975959e-09,1.4563574592984966e-08,54.02541577012558,9.999999854364235,0.3489492050050309,0.3924571167332941,9.25859382389744,49.999999271821316,1.0805083311385744,0.49999999271821177,3.9860747252519237,4.306986949175608,6.339787321619101e-05,6.339787321619101e-05,3.9245711673329406,3.0517344185718636,3.924571167332953,0.8,self,,0.0,1.1020183563232422,ok
C5,0.5,0.6,2.0,10.0,20,200,5,1.0,predictive,P1 only,11.246826503806982,2,1.0,False,False,False,9.921051507678762e-09,1.456353866317447e-08,54.025313020177954,9.999999854364608,0.34895653125647713,0.39246535644119024,9.258578257937724,49.9999992718229,1.0805062761395576,0.4999999927182304,3.9860794759318505,4.306983890935443,0.0009839127784699057,0.0010471078262292957,3.9246535644119023,3.051744631115667,3.92465356441191,0.8,self,,0.0,1.069697380065918,ok
C5,0.5,0.6,2.0,10.0,20,200,5,1.0,predictive,P1 only,11.246826503806982,3,1.0,False,False,False,9.920856067643431e-09,1.4563251768331857e-08,54.0245589637473,9.999999854367452,0.3490216045176307,0.39253854320901155,9.258439997905905,49.99999927183736,1.0804911950104126,0.4999999927183726,3.9861216724407216,4.306969369312379,0.006105051621022824,0.007146789452797463,3.9253854320901156,3.0518857986966914,3.9253854320901187,0.8,self,,0.0,0.9802243709564209,ok
C5,0.5,0.6,2.0,10.0,20,200,5,1.0,predictive,P1 only,11.246826503806982,4,1.0,False,False,False,9.919979030350936e-09,1.4561964327528991e-08,54.021465647411375,9.999999854380356,0.34933823651930246,0.3928946537278494,9.257767255372492,49.999999271901665,1.0804293286814035,0.4999999927190178,3.9863269912584394,4.306944595069915,0.022357243605465586,0.029459367456531695,3.9289465372784935,3.0526429265137276,3.9289465372784926,0.8,self,,0.0,0.9561481475830078,ok
C5,0.5,0.6,2.0,10.0,20,200,5,1.0,predictive,P1 only,29.355985352441415,1,1.0,False,False,False,1.0446072739757865e-08,1.5334239934072836e-08,54.38687670109331,9.99999984665758,0.1580914751141688,0.4640931027797397,9.37781557544851,49.99999923328799,1.087737550701495,0.499999992332879,3.969953206817498,4.318267177583211,9.62393046601832e-05,9.62393046601832e-05,4.6409310277973965,3.6002822619623216,4.640931027797403,0.8,self,,0.0,0.9960196018218994,ok
C5,0.5,0.6,2.0,10.0,20,200,5,1.0,predictive,P1 only,29.355985352441415,2,1.0,False,False,False,1.0446048291743786e-08,1.533420404578035e-08,54.386778254244355,9.999999846657943,0.15809713066823428,0.4641097052159704,9.377793317457852,49.99999923328965,1.0877355817644496,0.49999999233289716,3.969960724826739,4.318267538601429,0.0013000933359192432,0.0013962157181664448,4.641097052159704,3.6002993031845523,4.641097052159705,0.8,self,,0.0,1.2365598678588867,ok
C5,0.5,0.6,2.0,10.0,20,200,5,1.0,predictive,P1 only,29.355985352441415,3,1.0,False,False,False,1.0445866005615718e-08,1.5333936460124566e-08,54.38610089801437,9.999999846660614,0.1581390841248804,0.46423286372184913,9.377628205492657,49.99999923330308,1.0877220346393501,0.4999999923330307,3.9700164941591622,4.318274418578584,0.0074662990181788135,0.00885949581181694,4.642328637218491,3.6005044437019444,4.642328637218496,0.8,self,,0.0,0.985600471496582,ok
C5,0.5,0.6,2.0,10.0,20,200,5,1.0,predictive,P1 only,29.355985352441415,4,1.0,False,False,False,1.0445078545162125e-08,1.5332780513020346e-08,54.3834173652369,9.999999846672207,0.15832160229814682,0.46476866380394616,9.3769098872257,49.999999233361,1.0876683639817177,0.49999999233361037,3.9702591181880584,4.318325239663102,0.026051838862143104,0.03488825328895789,4.6476866380394615,3.6015361678499436,4.647686638039465,0.8,self,,0.0,1.0300376415252686,ok
C5,0.5,0.6,2.0,10.0,20,200,5,1.0,predictive,P1 only (protect),4.308869380063769,1,1.0,True,True,False,9.369040408184548e-09,1.3753217803788306e-08,53.60034421498509,9.999999862467828,0.7151184978024265,0.3081340902673183,8.976747549462427,49.99999931233909,1.0720068990432465,0.4999999931233914,4.036974355231614,4.327664360068952,2.2501666847607848e-05,2.2501666847607848e-05,3.0813409026731833,2.4398218211057134,3.0813409026731766,0.8,self,,0.0,1.022979736328125,ok
C5,0.5,0.6,2.0,10.0,20,200,5,1.0,predictive,P1 only (protect),4.308869380063769,2,1.0,True,True,False,9.369002565960524e-09,1.375316225355835e-08,53.60018005062143,9.999999862468373,0.715132609448595,0.30811817633080946,8.976749351752222,49.99999931234183,1.0720036157558697,0.49999999312341864,4.036971555328006,4.3276481040152195,0.0004909698595473407,0.0005132692317909603,3.0811817633080945,2.4397804258522076,3.0811817633080887,0.8,self,,0.0,0.9572634696960449,ok
C5,0.5,0.6,2.0,10.0,20,200,5,1.0,predictive,P1 only (protect),4.308869380063769,3,1.0,True,True,False,9.368670875289942e-09,1.3752675350541895e-08,53.59887075738686,9.999999862473222,0.7152969553703035,0.3080257184637249,8.976677463692749,49.99999931236605,1.0719774298902986,0.4999999931236611,4.036973867488749,4.327544871004888,0.003664010739938817,0.004170036087024557,3.080257184637249,2.4392279769793572,3.080257184637246,0.8,self,,0.0,1.1599900722503662,ok
C5,0.5,0.6,2.0,10.0,20,200,5,1.0,predictive,P1 only (protect),4.308869380063769,4,1.0,True,True,False,9.367055029753997e-09,1.3750303381308663e-08,53.593115133590885,9.999999862497003,0.7162741979747151,0.30773304995159995,8.975992889576684,49.999999312484796,1.0718623174102504,0.4999999931248501,4.037084284195145,4.32719851643791,0.015025936321061958,0.019119992837214335,3.0773304995159996,2.4360374203018385,3.077330499516,0.8,self,,0.0,1.0714943408966064,ok
C5,0.5,0.6,2.0,10.0,20,200,5,1.0,predictive,P1 only (protect),11.246826503806982,1,1.0,True,True,False,9.921072589729424e-09,1.4563569610424336e-08,54.02540054722342,9.99999985436429,0.34894994808123164,0.39245407538746124,9.258596122167017,49.99999927182151,1.0805080266805225,0.4999999927182145,3.9860737493958123,4.3069846811627,6.332819346476114e-05,6.332819346476114e-05,3.9245407538746124,3.0517340376209576,3.9245407538746155,0.8,self,,0.0,0.9498116970062256,ok
C5,0.5,0.6,2.0,10.0,20,200,5,1.0,predictive,P1 only (protect),11.246826503806982,2,1.0,True,True,False,9.920994711935417e-09,1.456345529025745e-08,54.02507947107361,9.999999854365424,0.3489743528231394,0.39242191254534436,9.258603880266092,49.999999271827186,1.0805016051573102,0.49999999271827117,3.986067162227777,4.306951967051957,0.0009810396834340276,0.0010441225460700353,3.9242191254534435,3.051647019921619,3.924219125453443,0.8,self,,0.0,0.9473891258239746,ok
C5,0.5,0.6,2.0,10.0,20,200,5,1.0,predictive,P1 only (protect),11.246826503806982,3,1.0,True,True,False,9.920435307103017e-09,1.456263411581856e-08,54.02297919374408,9.999999854373637,0.34918933734322644,0.39226813611897793,9.258542672164157,49.999999271868184,1.0804595996092217,0.4999999927186819,3.986057843297997,4.306774461388952,0.006076165339560838,0.0071147515939346245,3.9226813611897793,3.0506967716046454,3.922681361189776,0.8,self,,0.0,1.00010085105896,ok
C5,0.5,0.6,2.0,10.0,20,200,5,1.0,predictive,P1 only (protect),11.246826503806982,4,1.0,True,True,False,9.918019438708499e-09,1.4559087758586016e-08,54.014781749235176,9.999999854409122,0.3502770910541409,0.3918428573699276,9.25788019716681,49.99999927204545,1.0802956507128263,0.4999999927204561,3.9861433311914083,4.306213303804015,0.022210476038685922,0.02928305219156177,3.9184285736992757,3.0458477664445085,3.9184285736992823,0.8,self,,0.0,1.0930471420288086,ok
C5,0.5,0.6,2.0,10.0,20,200,5,1.0,predictive,P1 only (protect),29.355985352441415,1,1.0,True,True,False,1.0446066891231596e-08,1.5334231348769314e-08,54.386851621870875,9.999999846657685,0.15809273677504368,0.4640880944679901,9.377819322099281,49.999999233288506,1.0877370491170275,0.4999999923328843,3.9699516084080395,4.318263447667158,9.622218184177162e-05,9.622218184177162e-05,4.640880944679901,3.6002813961261295,4.640880944679915,0.8,self,,0.0,0.9833505153656006,ok
C5,0.5,0.6,2.0,10.0,20,200,5,1.0,predictive,P1 only (protect),29.355985352441415,2,1.0,True,True,False,1.044595932987137e-08,1.5334073454817544e-08,54.38642814258301,9.999999846659241,0.15812158370529467,0.46404424039308106,9.377834329242383,49.9999992332961,1.087728579530975,0.49999999233296205,3.969941627674842,4.318218967491642,0.001298999865897433,0.001395146485459966,4.640442403930811,3.60016101487347,4.640442403930827,0.8,self,,0.0,0.9178626537322998,ok
C5,0.5,0.6,2.0,10.0,20,200,5,1.0,predictive,P1 only (protect),29.355985352441415,3,1.0,True,True,False,1.0445244894738609e-08,1.533302470472591e-08,54.38386522033134,9.99999984666975,0.1583446658420382,0.4638453107691685,9.377810176719043,49.999999233348724,1.087677321084011,0.4999999923334875,3.9699171587718585,4.317988860178423,0.007457088696966231,0.008851035788469887,4.638453107691685,3.598948093343628,4.638453107691686,0.8,self,,0.0,1.0468668937683105,ok
C5,0.5,0.6,2.0,10.0,20,200,5,1.0,predictive,P1 only (protect),29.355985352441415,4,1.0,True,True,False,1.0442298448900143e-08,1.532869949001935e-08,54.37430416413963,9.999999846712972,0.15939772943575126,0.46330700097291644,9.37729542287836,49.99999923356496,1.0874860999525418,0.4999999923356486,3.9699523235808925,4.317267969368515,0.026019264859527526,0.03486791878125657,4.633070009729164,3.5930441973902325,4.6330700097291695,0.8,self,,0.0,0.9832797050476074,ok
C5,0.5,0.6,2.0,10.0,20,200,5,1.0,predictive,P1+P2,0.632455532033676,1,10.0,False,False,False,8.94985526345416e-09,1.3137877882362206e-08,53.465492013696625,9.999999868621218,0.7481410559358469,0.2816854864460942,8.970173588996841,49.99999934310616,1.0693098543223936,0.49999999343106094,4.0344797043246645,4.3141089048980605,3.832283990923559e-05,3.832283990923559e-05,2.816854864460942,2.193430327252345,2.816854864460942,0.8,self,,0.0,1.1206636428833008,ok
C5,0.5,0.6,2.0,10.0,20,200,5,1.0,predictive,P1+P2,0.632455532033676,2,10.0,False,False,False,8.94983304669987e-09,1.3137845269432025e-08,53.465390692084426,9.999999868621526,0.7481490783407226,0.28168704970307795,8.970164003334673,49.99999934310773,1.0693078278900894,0.49999999343107626,4.034482101836411,4.314103292976135,0.0007072419276215535,0.0007453902089193258,2.8168704970307794,2.193435717973254,2.8168704970307807,0.8,self,,0.0,1.2043612003326416,ok
C5,0.5,0.6,2.0,10.0,20,200,5,1.0,predictive,P1+P2,0.632455532033676,3,10.0,False,False,False,8.949628803785527e-09,1.3137545452464265e-08,53.464541127294325,9.999999868624526,0.7482408565480413,0.2817058829273665,8.970053391900066,49.99999934312278,1.0692908365937424,0.4999999934312263,4.03450988681544,4.314064452118607,0.00481322727330785,0.0055525563811723005,2.8170588292736647,2.1935078570073987,2.8170588292736607,0.8,self,,0.0,0.9932420253753662,ok
C5,0.5,0.6,2.0,10.0,20,200,5,1.0,predictive,P1+P2,0.632455532033676,4,10.0,False,False,False,8.94862133248277e-09,1.3136066541961697e-08,53.46074380611887,9.999999868639323,0.7487744865209564,0.2818175211399744,8.969408123699747,49.999999343196606,1.0692148901676568,0.49999999343196616,4.03467224107451,4.313931637102976,0.0186434004213237,0.02413524527154785,2.818175211399744,2.1938458269254513,2.8181752113997502,0.8,self,,0.0,0.9525759220123291,ok
C5,0.5,0.6,2.0,10.0,20,200,5,1.0,predictive,P1+P2,0.632455532033676,1,30.0,False,False,False,9.187337815136702e-09,1.34864887447914e-08,53.76937466719566,9.999999865135102,0.43991390789176477,0.342162260030345,9.217923966942788,49.9999993256755,1.075387507847116,0.4999999932567551,3.987685414473192,4.28830707994862,8.586777174415648e-05,8.586777174415648e-05,3.42162260030345,2.6153891789453554,3.421622600303452,0.8,self,,0.0,0.9643311500549316,ok
C5,0.5,0.6,2.0,10.0,20,200,5,1.0,predictive,P1+P2,0.632455532033676,2,30.0,False,False,False,9.187302118498179e-09,1.3486436344158768e-08,53.76921586374228,9.999999865135624,0.4399242475589206,0.34216573029250935,9.217910157012946,49.9999993256782,1.0753843317779475,0.49999999325678124,3.9876890517273913,4.288298326230097,0.001212223381748907,0.0012979709161609512,3.4216573029250936,2.6153982750513753,3.4216573029250967,0.8,self,,0.0,1.0756843090057373,ok
C5,0.5,0.6,2.0,10.0,20,200,5,1.0,predictive,P1+P2,0.632455532033676,3,30.0,False,False,False,9.187019154668172e-09,1.3486020969369538e-08,53.76806539621127,9.999999865139795,0.44001998197106507,0.34219838384646245,9.217781769042677,49.99999932569898,1.0753613224265701,0.49999999325698974,3.9877229253467417,4.288242998471623,0.007135245483542156,0.00842986255557663,3.4219838384646244,2.6154995641385947,3.4219838384646186,0.8,self,,0.0,1.0168211460113525,ok
C5,0.5,0.6,2.0,10.0,20,200,5,1.0,predictive,P1+P2,0.632455532033676,4,30.0,False,False,False,9.185730449471e-09,1.348412922352469e-08,53.76330876590274,9.999999865158733,0.4405202556889965,0.34236745929299234,9.217112419859278,49.99999932579355,1.0752661898170828,0.49999999325793665,3.9878993500877287,4.288053339542853,0.02527370955182016,0.03367681945087724,3.4236745929299235,2.6159176178673254,3.423674592929927,0.8,self,,0.0,1.0182232856750488,ok
C5,0.5,0.6,2.0,10.0,20,200,5,1.0,predictive,P1+P2,0.632455532033676,1,100.0,False,False,False,9.344095177546983e-09,1.3716599626251185e-08,53.96575114282589,9.999999862833985,0.2999420672510695,0.3812398223460224,9.318818247568922,49.99999931416993,1.0793150376610519,0.49999999314169924,3.970801827901013,4.285746124425556,0.00011383527148647765,0.00011383527148647765,3.8123982234602236,2.9061565201369977,3.812398223460226,0.8,self,,0.0,0.9312872886657715,ok
C5,0.5,0.6,2.0,10.0,20,200,5,1.0,predictive,P1+P2,0.632455532033676,2,100.0,False,False,False,9.344053312809224e-09,1.3716538171200118e-08,53.965568152049485,9.999999862834615,0.2999523952303337,0.3812447502289701,9.318802991706082,49.99999931417306,1.0793113778454062,0.49999999314173077,3.9708060105548673,4.285736106408795,0.0014752641647667263,0.001589105991044087,3.812447502289701,2.9061676367083114,3.812447502289704,0.8,self,,0.0,1.0166890621185303,ok
C5,0.5,0.6,2.0,10.0,20,200,5,1.0,predictive,P1+P2,0.632455532033676,3,100.0,False,False,False,9.34373876079986e-09,1.3716076426762366e-08,53.964309618984785,9.999999862839214,0.3000398753754511,0.3812858960152422,9.318674365770093,49.99999931419616,1.0792862071832683,0.4999999931419607,3.9708412150202954,4.285674154286255,0.008259986314767487,0.009848542779232283,3.812858960152422,2.906281777870826,3.8128589601524316,0.8,self,,0.0,0.9998531341552734,ok
C5,0.5,0.6,2.0,10.0,20,200,5,1.0,predictive,P1+P2,0.632455532033676,4,100.0,False,False,False,9.342343889005247e-09,1.3714028834398086e-08,53.95923679182816,9.999999862859694,0.3004806993568677,0.3814860313590245,9.318033406424414,49.99999931429843,1.0791847506365368,0.4999999931429847,3.9710159065148702,4.285459810845971,0.028340551367157723,0.038187065811091644,3.814860313590245,2.90672312164097,3.814860313590246,0.8,self,,0.0,1.239772081375122,ok
C5,0.5,0.6,2.0,10.0,20,200,5,1.0,predictive,P1+P2,1.6508083705360381,1,10.0,False,False,False,9.318011014691062e-09,1.3678309560343781e-08,53.799385733207856,9.999999863216921,0.41697822267968865,0.34800246536001594,9.235019448743374,49.99999931608447,1.0759877293818514,0.49999999316084603,3.9847071987962224,4.287496051084265,8.049297531363949e-05,8.049297531363949e-05,3.4800246536001596,2.6742466176876434,3.480024653600162,0.8,self,,0.0,0.9860930442810059,ok
C5,0.5,0.6,2.0,10.0,20,200,5,1.0,predictive,P1+P2,1.6508083705360381,2,10.0,False,False,False,9.317977152601415e-09,1.3678259852724436e-08,53.79923681284206,9.999999863217386,0.41698822312609607,0.3480065244311815,9.235005389225337,49.999999316086964,1.0759847509744411,0.4999999931608693,3.984710980906678,4.287488252495993,0.0011593576797592911,0.0012397110346811257,3.480065244311815,2.674255616273797,3.4800652443118167,0.8,self,,0.0,0.9690780639648438,ok
C5,0.5,0.6,2.0,10.0,20,200,5,1.0,predictive,P1+P2,1.6508083705360381,3,10.0,False,False,False,9.317707606820977e-09,1.3677864174867894e-08,53.79815266894739,9.999999863221367,0.4170806978498808,0.34804477134445416,9.234874667584297,49.99999931610677,1.0759630680958248,0.49999999316106836,3.984746222170616,4.287439770789943,0.0069013880250757415,0.008137250397670503,3.4804477134445415,2.674361650747715,3.4804477134445353,0.8,self,,0.0,0.9698741436004639,ok
C5,0.5,0.6,2.0,10.0,20,200,5,1.0,predictive,P1+P2,1.6508083705360381,4,10.0,False,False,False,9.316482500446445e-09,1.367606578847312e-08,53.7936746821869,9.99999986323935,0.41755866257901725,0.34824236514061835,9.234199109041015,49.999999316196764,1.0758735083574538,0.49999999316196747,3.9849283366001753,4.287278830051063,0.02461932335233562,0.032725191761384505,3.4824236514061835,2.6748338751324408,3.482423651406186,0.8,self,,0.0,1.2271523475646973,ok
C5,0.5,0.6,2.0,10.0,20,200,5,1.0,predictive,P1+P2,1.6508083705360381,1,30.0,False,False,False,9.464581589865474e-09,1.3893466818234579e-08,53.99166155534727,9.999999861065318,0.2770083105147574,0.3862727129435102,9.336719115476415,49.99999930532655,1.0798332461095752,0.49999999305326587,3.9675205131282416,4.284260554697597,0.00010991852319632768,0.00010991852319632768,3.8627271294351018,2.9561410993522728,3.862727129435105,0.8,self,,0.0,0.9552328586578369,ok
C5,0.5,0.6,2.0,10.0,20,200,5,1.0,predictive,P1+P2,1.6508083705360381,2,30.0,False,False,False,9.464541158870545e-09,1.3893407467836344e-08,53.99148665806782,9.99999986106595,0.2770184564254816,0.38627832124618633,9.336703361262382,49.99999930532957,1.0798297481638723,0.4999999930532975,3.9675249105338284,4.284251424975634,0.001437713310283026,0.0015476163745223846,3.8627832124618635,2.9561522776114937,3.8627832124618595,0.8,self,,0.0,1.1891670227050781,ok
C5,0.5,0.6,2.0,10.0,20,200,5,1.0,predictive,P1+P2,1.6508083705360381,3,30.0,False,False,False,9.464237238788447e-09,1.3892961330462398e-08,53.99028258925106,9.999999861070402,0.2771038699303469,0.3863254014093821,9.33657086758987,49.999999305351984,1.0798056667867184,0.49999999305352005,3.967561879996996,4.284195801347723,0.008095594631488187,0.009642204731119697,3.8632540140938207,2.9562721722748297,3.863254014093807,0.8,self,,0.0,0.9740028381347656,ok
C5,0.5,0.6,2.0,10.0,20,200,5,1.0,predictive,P1+P2,1.6508083705360381,4,30.0,False,False,False,9.462894592943714e-09,1.38909904028186e-08,53.985443509508904,9.99999986109006,0.2775282150470608,0.3865546040151148,9.335917319847763,49.99999930545037,1.0797088851884062,0.49999999305450304,3.96774378276628,4.28400821640381,0.027880605320266025,0.037516792758056784,3.8655460401511483,2.956768766640844,3.8655460401511577,0.8,self,,0.0,1.0009760856628418,ok
C5,0.5,0.6,2.0,10.0,20,200,5,1.0,predictive,P1+P2,1.6508083705360381,1,100.0,False,False,False,9.537904325943789e-09,1.4001100419426482e-08,54.08307769484386,9.999999859988991,0.219645994863446,0.40446346955530627,9.375890675592256,49.99999929994482,1.081661569041333,0.4999999929994495,3.9614196233313197,4.284915365403681,0.00012186461130471495,0.00012186461130471495,4.0446346955530625,3.095550973222043,4.044634695553066,0.8,self,,0.0,1.028733730316162,ok
C5,0.5,0.6,2.0,10.0,20,200,5,1.0,predictive,P1+P2,1.6508083705360381,2,100.0,False,False,False,9.537861435796983e-09,1.4001037459133328e-08,54.08289377262148,9.999999859989641,0.21965591664821368,0.4044698836596558,9.37587433970249,49.999999299947966,1.0816578905967658,0.49999999299948206,3.9614242731421,4.28490582304571,0.0015494598000024137,0.0016713732177326564,4.044698836596558,3.095563119499357,4.0446988365965675,0.8,self,,0.0,1.1169805526733398,ok
C5,0.5,0.6,2.0,10.0,20,200,5,1.0,predictive,P1+P2,1.6508083705360381,3,100.0,False,False,False,9.537545117004646e-09,1.400057312115879e-08,54.081650494308796,9.999999859994215,0.21973652208253724,0.4045211060401643,9.375742511883084,49.99999929997125,1.0816330250296602,0.49999999299971076,3.961461715353161,4.284847818716626,0.008572024192467633,0.010243652652396214,4.045211060401643,3.095688892324337,4.045211060401654,0.8,self,,0.0,1.0168228149414062,ok
C5,0.5,0.6,2.0,10.0,20,200,5,1.0,predictive,P1+P2,1.6508083705360381,4,100.0,False,False,False,9.536160606823107e-09,1.3998540739052511e-08,54.0766971601618,9.999999860014563,0.22013167533109976,0.40476401126836864,9.375104453385967,49.99999930007282,1.0815339583431363,0.49999999300072817,3.961642184699549,4.284650553557253,0.029176965867436677,0.039424981662437145,4.047640112683687,3.0961938568103915,4.047640112683679,0.8,self,,0.0,1.0040428638458252,ok
C5,0.5,0.6,2.0,10.0,20,200,5,1.0,predictive,P1+P2,4.308869380063769,1,10.0,False,False,False,9.70267549046288e-09,1.424297510574333e-08,54.07900509658293,9.999999857570225,0.23145417145277689,0.4034452140286378,9.36510075694836,49.99999928785115,1.0815801173365793,0.49999999287851127,3.96370056164943,4.287059718555856,0.00010687620765689306,0.00010687620765689306,4.034452140286378,3.1041688596458896,4.034452140286384,0.8,self,,0.0,0.9404349327087402,ok
C5,0.5,0.6,2.0,10.0,20,200,5,1.0,predictive,P1+P2,4.308869380063769,2,10.0,False,False,False,9.702637515616569e-09,1.4242919360831403e-08,54.07884408067015,9.999999857570788,0.23146364087639842,0.4034527372320875,9.365083764320726,49.99999928785403,1.0815768970182156,0.4999999928785394,3.96370552641201,4.287052323950655,0.0014072591785297412,0.0015141007175235022,4.034527372320875,3.1041808102717168,4.034527372320861,0.8,self,,0.0,1.0490045547485352,ok
C5,0.5,0.6,2.0,10.0,20,200,5,1.0,predictive,P1+P2,4.308869380063769,3,10.0,False,False,False,9.702354102442512e-09,1.4242503326430716e-08,54.07774187639709,9.999999857574927,0.2315412003796731,0.40351473325306403,9.364944208792334,49.99999928787493,1.0815548529319883,0.49999999287874636,3.963746332170758,4.287009081350652,0.00795664753320249,0.00946933048348204,4.035147332530641,3.104316841880966,4.035147332530627,0.8,self,,0.0,0.9970407485961914,ok
C5,0.5,0.6,2.0,10.0,20,200,5,1.0,predictive,P1+P2,4.308869380063769,4,10.0,False,False,False,9.70111548951842e-09,1.4240685113190373e-08,54.073351347214846,9.999999857593146,0.23191414034380384,0.40381116885386786,9.364274833209183,49.99999928796574,1.0814670423451285,0.4999999928796573,3.963941916815426,4.286872540806258,0.027476660042154835,0.036936254907375114,4.038111688538678,3.104934470810423,4.0381116885386765,0.8,self,,0.0,1.0530040264129639,ok
C5,0.5,0.6,2.0,10.0,20,200,5,1.0,predictive,P1+P2,4.308869380063769,1,30.0,False,False,False,9.771266220722314e-09,1.4343662391860201e-08,54.169417375566304,9.999999856563356,0.17399488869298654,0.4214411591897556,9.404564095553901,49.99999928281685,1.0833883630510837,0.4999999928281678,3.957504552053328,4.287514378416267,0.00011981565046665411,0.00011981565046665411,4.214411591897556,3.2417741701778984,4.2144115918975595,0.8,self,,0.0,1.0893936157226562,ok
C5,0.5,0.6,2.0,10.0,20,200,5,1.0,predictive,P1+P2,4.308869380063769,2,30.0,False,False,False,9.77122562616873e-09,1.4343602801367177e-08,54.169246702011755,9.999999856563985,0.17400417720437558,0.421449613632752,9.404546352598887,49.99999928281987,1.0833849495798782,0.49999999282819924,3.9575098261317496,4.287506583445618,0.0015283156253048753,0.0016481653383000237,4.21449613632752,3.2417872349136,4.214496136327531,0.8,self,,0.0,0.9685900211334229,ok
C5,0.5,0.6,2.0,10.0,20,200,5,1.0,predictive,P1+P2,4.308869380063769,3,30.0,False,False,False,9.7709285215249e-09,1.434316666866852e-08,54.168100190316466,9.99999985656835,0.17407744741578174,0.4215161060898548,9.404406589926014,49.99999928284162,1.0833620193451723,0.49999999282841745,3.9575513548478627,4.287460827450203,0.008472563852998773,0.010120651595674305,4.215161060898548,3.2419298322880805,4.215161060898549,0.8,self,,0.0,1.0388226509094238,ok
C5,0.5,0.6,2.0,10.0,20,200,5,1.0,predictive,P1+P2,4.308869380063769,4,30.0,False,False,False,9.769642179669397e-09,1.4341278392074775e-08,54.16357379579401,9.999999856587227,0.1744245737854589,0.421826601578228,9.403748968049086,49.99999928293611,1.0832714914513775,0.49999999282936136,3.9577464024921616,4.287313848214008,0.02887861855804222,0.03900040287617432,4.21826601578228,3.242555727820806,4.21826601578229,0.8,self,,0.0,1.120107650756836,ok
C5,0.5,0.6,2.0,10.0,20,200,5,1.0,predictive,P1+P2,4.308869380063769,1,100.0,False,False,False,9.799550987841945e-09,1.4385182819312202e-08,54.2053383921587,9.999999856148142,0.15225300876068645,0.4285896979756018,9.41915743711557,49.99999928074083,1.084106783438249,0.4999999928074071,3.9552875522997506,4.287954065897027,0.0001245231151800181,0.0001245231151800181,4.285896979756018,3.2974650569633406,4.285896979756007,0.8,self,,0.0,0.92220139503479,ok
C5,0.5,0.6,2.0,10.0,20,200,5,1.0,predictive,P1+P2,4.308869380063769,2,100.0,False,False,False,9.799509468346509e-09,1.4385121871057207e-08,54.20516445575305,9.999999856148772,0.15226217730787234,0.42859853790469504,9.419139428638662,49.999999280743836,1.0841033047100206,0.4999999928074386,3.9552929442507505,4.287946151958466,0.0015725880497783093,0.0016971696390730953,4.28598537904695,3.297478560583603,4.285985379046943,0.8,self,,0.0,1.0525157451629639,ok
C5,0.5,0.6,2.0,10.0,20,200,5,1.0,predictive,P1+P2,4.308869380063769,3,100.0,False,False,False,9.799207539403853e-09,1.438467865656259e-08,54.20400314603383,9.999999856153197,0.15233355240645133,0.4286668276160442,9.418999763824306,49.99999928076592,1.0840800785148232,0.49999999280765983,3.9553347211838257,4.287899575093368,0.008662117093180526,0.010359672259767784,4.286668276160442,3.297623754826621,4.286668276160433,0.8,self,,0.0,0.9278359413146973,ok
C5,0.5,0.6,2.0,10.0,20,200,5,1.0,predictive,P1+P2,4.308869380063769,4,100.0,False,False,False,9.797904312104055e-09,1.4382765593098157e-08,54.19943147919777,9.999999856172321,0.15267003173361593,0.4289827447489358,9.418347367345127,49.99999928086167,1.083988645174711,0.49999999280861607,3.955529405413097,4.287748961122473,0.0293957956858737,0.03976030299461099,4.289827447489357,3.298252894747933,4.2898274474893565,0.8,self,,0.0,1.0325226783752441,ok
C5,0.5,0.6,2.0,10.0,20,200,5,1.0,predictive,P1+P2 (protect),0.632455532033676,1,10.0,True,True,False,8.949855098689328e-09,1.3137877640496813e-08,53.465491205226996,9.99999986862118,0.7481410902283624,0.2816853248667148,8.970173716283744,49.99999934310612,1.0693098381530017,0.49999999343105894,4.034479651310014,4.31410878297389,3.8317168873147636e-05,3.8317168873147636e-05,2.8168532486671483,2.193430320093443,2.8168532486671514,0.8,self,,0.0,0.9730846881866455,ok
C5,0.5,0.6,2.0,10.0,20,200,5,1.0,predictive,P1+P2 (protect),0.632455532033676,2,10.0,True,True,False,8.949827788724253e-09,1.3137837551023234e-08,53.46536701485901,9.999999868621616,0.7481512931345979,0.28168428309249643,8.970164555151289,49.999999343108,1.0693073543455691,0.4999999934310808,4.034481561277119,4.314100804445218,0.0007061366991522716,0.0007442324963792181,2.8168428309249642,2.193386521042862,2.8168428309249762,0.8,self,,0.0,0.912682294845581,ok
C5,0.5,0.6,2.0,10.0,20,200,5,1.0,predictive,P1+P2 (protect),0.632455532033676,3,10.0,True,True,False,8.949569454946444e-09,1.3137458331748078e-08,53.46429809665479,9.999999868625407,0.7482746022588397,0.28168747214236983,8.970038056973383,49.999999343126966,1.0692859759807982,0.49999999343127033,4.034510577356236,4.314045580313216,0.0047965194427807304,0.005533960264649355,2.8168747214236984,2.192833749508405,2.8168747214236998,0.8,self,,0.0,0.9924843311309814,ok
C5,0.5,0.6,2.0,10.0,20,200,5,1.0,predictive,P1+P2 (protect),0.632455532033676,4,10.0,True,True,False,8.948256154230402e-09,1.3135530481082087e-08,53.45939541452191,9.999999868644668,0.749027425703556,0.2817472126645099,8.969225492987267,49.99999934322349,1.0691879223347884,0.4999999934322334,4.034702866540238,4.313855575114372,0.01853298044481184,0.02400260304334324,2.8174721266450993,2.189760297935515,2.817472126645097,0.8,self,,0.0,1.0180718898773193,ok
C5,0.5,0.6,2.0,10.0,20,200,5,1.0,predictive,P1+P2 (protect),0.632455532033676,1,30.0,True,True,False,9.187337647362646e-09,1.3486488498508637e-08,53.7693738623205,9.999999865135102,0.439913944568129,0.34216209924784796,9.217924091048921,49.99999932567551,1.0753874917496125,0.4999999932567551,3.9876853622959363,4.2883069596460714,8.586593503376869e-05,8.586593503376869e-05,3.4216209924784797,2.615389165538757,3.4216209924784837,0.8,self,,0.0,1.0603363513946533,ok
C5,0.5,0.6,2.0,10.0,20,200,5,1.0,predictive,P1+P2 (protect),0.632455532033676,2,30.0,True,True,False,9.187295912127735e-09,1.3486427233560375e-08,53.7691886037257,9.999999865135734,0.4399267549985412,0.34216361997716505,9.217909759888558,49.99999932567876,1.0753837865775966,0.49999999325678673,3.9876888239393584,4.2882959071810705,0.0012112278815845912,0.0012968954968671546,3.4216361997716502,2.615313885107009,3.421636199771661,0.8,self,,0.0,1.0397875308990479,ok
C5,0.5,0.6,2.0,10.0,20,200,5,1.0,predictive,P1+P2 (protect),0.632455532033676,3,30.0,True,True,False,9.18694950582697e-09,1.3485918728836767e-08,53.76778742577582,9.99999986514081,0.44005512959105036,0.3421874782211966,9.217757527046944,49.999999325704096,1.0753557630176762,0.4999999932570405,3.9877267539314327,4.288224946179937,0.007122750655052282,0.008415579889061754,3.421874782211966,2.6144910829130743,3.421874782211975,0.8,self,,0.0,0.9538726806640625,ok
C5,0.5,0.6,2.0,10.0,20,200,5,1.0,predictive,P1+P2 (protect),0.632455532033676,4,30.0,True,True,False,9.18531163219271e-09,1.3483514423609473e-08,53.76180151680157,9.999999865164819,0.44076774191767776,0.34233830862782066,9.216894084289683,49.9999993258243,1.0752360448339917,0.49999999325824096,3.9879442199462813,4.287981370073618,0.025203244017581013,0.03359117126039138,3.4233830862782066,2.610317756737573,3.423383086278214,0.8,self,,0.0,0.9918487071990967,ok
C5,0.5,0.6,2.0,10.0,20,200,5,1.0,predictive,P1+P2 (protect),0.632455532033676,1,100.0,True,True,False,9.344095044714816e-09,1.3716599431261128e-08,53.96575051518672,9.999999862833967,0.2999420957679794,0.3812396970188047,9.318818344379249,49.999999314170005,1.0793150251082668,0.49999999314169835,3.970801787213552,4.2857460306663455,0.00011383630728651142,0.00011383630728651142,3.8123969701880474,2.9061565063115995,3.812396970188044,0.8,self,,0.0,1.014650821685791,ok
C5,0.5,0.6,2.0,10.0,20,200,5,1.0,predictive,P1+P2 (protect),0.632455532033676,2,100.0,True,True,False,9.344047056526273e-09,1.371652898733301e-08,53.965541164367224,9.999999862834674,0.29995481750133346,0.3812433939955185,9.318801925668474,49.999999314173465,1.0793108380917447,0.4999999931417337,3.970806047073507,4.285734002566675,0.0014745428415719997,0.0015882856719136628,3.8124339399551848,2.906064773940787,3.8124339399551794,0.8,self,,0.0,1.1675238609313965,ok
C5,0.5,0.6,2.0,10.0,20,200,5,1.0,predictive,P1+P2 (protect),0.632455532033676,3,100.0,True,True,False,9.343666821051643e-09,1.3715970823308554e-08,53.9640277254672,9.99999986284028,0.300073314507629,0.38128093195132756,9.318645890700765,49.99999931420141,1.0792805693127259,0.499999993142014,3.9708468920988955,4.285657894358164,0.00825200311334769,0.00983889608245882,3.8128093195132755,2.90510821585949,3.8128093195132733,0.8,self,,0.0,0.9673073291778564,ok
C5,0.5,0.6,2.0,10.0,20,200,5,1.0,predictive,P1+P2 (protect),0.632455532033676,4,100.0,True,True,False,9.34191108717192e-09,1.3713393505952428e-08,53.957707371111006,9.999999862866064,0.30071230025140244,0.3814843487271108,9.317803488155421,49.9999993143302,1.0791541622210885,0.4999999931433032,3.971067520263915,4.285394042953781,0.028301806585403502,0.038137515363745836,3.8148434872711077,2.900405493871731,3.814843487271115,0.8,self,,0.0,0.9195241928100586,ok
C5,0.5,0.6,2.0,10.0,20,200,5,1.0,predictive,P1+P2 (protect),1.6508083705360381,1,10.0,True,True,False,9.318010560045311e-09,1.3678308892949707e-08,53.799383579683315,9.999999863216903,0.41697832269876833,0.3480020351527037,9.235019778931626,49.9999993160846,1.0759876863113573,0.49999999316084515,3.9847070596099745,4.287495729698268,8.048679453697822e-05,8.048679453697822e-05,3.4800203515270374,2.6742465791920256,3.480020351527035,0.8,self,,0.0,1.3728618621826172,ok
C5,0.5,0.6,2.0,10.0,20,200,5,1.0,predictive,P1+P2 (protect),1.6508083705360381,2,10.0,True,True,False,9.317966113159569e-09,1.3678243647452443e-08,53.799188942673766,9.99999986321753,0.41699225263780226,0.34800020953271193,9.235007674611955,49.99999931608774,1.0759837935710455,0.4999999931608765,3.9847095156406924,4.287482860917716,0.0011582118889320214,0.0012384884825709422,3.4800020953271193,2.674172106785409,3.4800020953271136,0.8,self,,0.0,0.9768352508544922,ok
C5,0.5,0.6,2.0,10.0,20,200,5,1.0,predictive,P1+P2 (protect),1.6508083705360381,3,10.0,True,True,False,9.31760155138978e-09,1.3677708491534165e-08,53.79773431395499,9.999999863222907,0.41713067842679313,0.34800516866313086,9.23486428968717,49.99999931611448,1.0759547009956965,0.49999999316114535,3.9847426073734558,4.2874025406613185,0.006887244989701056,0.008121277351091149,3.4800516866313087,2.673351707240032,3.4800516866313145,0.8,self,,0.0,1.100243091583252,ok
C5,0.5,0.6,2.0,10.0,20,200,5,1.0,predictive,P1+P2 (protect),1.6508083705360381,4,10.0,True,True,False,9.315889804133018e-09,1.3675195744035785e-08,53.7915629525031,9.999999863248025,0.41789307664814174,0.348090418694558,9.234016641409276,49.999999316240256,1.0758312737622644,0.49999999316240124,3.984946647579673,4.287130227740305,0.024539589867612347,0.03262932292930853,3.4809041869455797,2.6691643960009057,3.480904186945585,0.8,self,,0.0,1.0591950416564941,ok
C5,0.5,0.6,2.0,10.0,20,200,5,1.0,predictive,P1+P2 (protect),1.6508083705360381,1,30.0,True,True,False,9.464581225645044e-09,1.3893466283579729e-08,53.991659854093825,9.999999861065339,0.27700838946527695,0.3862723732216722,9.336719376247713,49.99999930532648,1.079833212084507,0.4999999930532669,3.967520403209923,4.28426030100899,0.00010992029981542622,0.00010992029981542622,3.862723732216722,2.9561410601696942,3.8627237322167143,0.8,self,,0.0,0.965059757232666,ok
C5,0.5,0.6,2.0,10.0,20,200,5,1.0,predictive,P1+P2 (protect),1.6508083705360381,2,30.0,True,True,False,9.464531022348208e-09,1.3893392587998776e-08,53.99144338479584,9.999999861066085,0.27702201900999995,0.38627365553460197,9.336704464389314,49.99999930533034,1.0798288826984042,0.4999999930533042,3.9675239599959538,4.284246964801579,0.001436971150088594,0.00154678688346722,3.86273655534602,2.956049765210702,3.8627365553460073,0.8,self,,0.0,0.9539525508880615,ok
C5,0.5,0.6,2.0,10.0,20,200,5,1.0,predictive,P1+P2 (protect),1.6508083705360381,3,30.0,True,True,False,9.464135661601017e-09,1.389281222093551e-08,53.98988832009331,9.999999861071869,0.2771483449816699,0.3862976638824809,9.33655413006398,49.99999930535943,1.079797781403293,0.49999999305359344,3.9675614842800613,4.284164088306767,0.008087268233966145,0.009632405979366652,3.862976638824809,2.95509408811845,3.8629766388248132,0.8,self,,0.0,0.9740493297576904,ok
C5,0.5,0.6,2.0,10.0,20,200,5,1.0,predictive,P1+P2 (protect),1.6508083705360381,4,30.0,True,True,False,9.462317189204318e-09,1.3890142807009126e-08,53.98341959362492,9.999999861098553,0.2778253421328207,0.38645384042966624,9.33572095633896,49.99999930549285,1.079668406869247,0.49999999305492765,3.967772925981639,4.283879073813527,0.027839970962740188,0.03746696464527974,3.8645384042966624,2.9503778906463376,3.8645384042966704,0.8,self,,0.0,1.1293716430664062,ok
C5,0.5,0.6,2.0,10.0,20,200,5,1.0,predictive,P1+P2 (protect),1.6508083705360381,1,100.0,True,True,False,9.537904017271687e-09,1.4001099966313415e-08,54.08307626331026,9.999999859988984,0.21964606032734935,0.40446318375564927,9.375890895928018,49.999999299944896,1.0816615404106589,0.4999999929994492,3.9614195306442332,4.2849151517295105,0.00012186916686488981,0.00012186916686488981,4.0446318375564925,3.0955509365753526,4.044631837556496,0.8,self,,0.0,0.9539985656738281,ok
C5,0.5,0.6,2.0,10.0,20,200,5,1.0,predictive,P1+P2 (protect),1.6508083705360381,2,100.0,True,True,False,9.537851869448064e-09,1.4001023416277866e-08,54.08285326928017,9.999999859989757,0.21965921434731228,0.40446605677635245,9.37587486888658,49.99999929994863,1.081657080529914,0.49999999299948783,3.9614235782319027,4.284901862372685,0.0015489321949070122,0.0016707464973541785,4.044660567763525,3.0954530634573194,4.044660567763531,0.8,self,,0.0,0.8995165824890137,ok
C5,0.5,0.6,2.0,10.0,20,200,5,1.0,predictive,P1+P2 (protect),1.6508083705360381,3,100.0,True,True,False,9.537446467569265e-09,1.4000428309405196e-08,54.08127080709651,9.999999859995702,0.2197782319377466,0.4044989547415866,9.375722953324964,49.99999929997845,1.0816254312851525,0.4999999929997851,3.961462796151298,4.284818905407234,0.008566615955830461,0.010236804333674899,4.044989547415866,3.0944442640410603,4.044989547415856,0.8,self,,0.0,0.9885523319244385,ok
C5,0.5,0.6,2.0,10.0,20,200,5,1.0,predictive,P1+P2 (protect),1.6508083705360381,4,100.0,True,True,False,9.535593530076503e-09,1.3997708302680393e-08,54.07472620272615,9.999999860022902,0.22041137134961755,0.4046862710993377,9.374902497528142,49.99999930011455,1.0814945391929687,0.49999999300114506,3.9616760520193566,4.284531016310494,0.02915506126531213,0.03939582955505564,4.046862710993377,3.0895181584417717,4.04686271099338,0.8,self,,0.0,0.9432353973388672,ok
C5,0.5,0.6,2.0,10.0,20,200,5,1.0,predictive,P1+P2 (protect),4.308869380063769,1,10.0,True,True,False,9.702674511789722e-09,1.4242973669106863e-08,54.07900062466939,9.999999857570273,0.23145438441516517,0.40344432102785965,9.365101436986702,49.99999928785138,1.0815800278983023,0.49999999287851365,3.963700273940774,4.28705905286937,0.0001068791115060918,0.0001068791115060918,4.034443210278597,3.104168744116731,4.034443210278595,0.8,self,,0.0,1.047684907913208,ok
C5,0.5,0.6,2.0,10.0,20,200,5,1.0,predictive,P1+P2 (protect),4.308869380063769,2,10.0,True,True,False,9.702617316062441e-09,1.4242889709036197e-08,54.07875963217064,9.999999857571083,0.2314700733304514,0.40343987544762366,9.365090193650841,49.999999287855424,1.081575208048171,0.4999999928785542,3.963702141722843,4.287041968574865,0.0014065205440324693,0.0015132954614575178,4.0343987544762365,3.104074534747052,4.034398754476235,0.8,self,,0.0,1.1521663665771484,ok
C5,0.5,0.6,2.0,10.0,20,200,5,1.0,predictive,P1+P2 (protect),4.308869380063769,3,10.0,True,True,False,9.702178253248468e-09,1.424224518982751e-08,54.07707237735669,9.999999857577512,0.23161165104697135,0.4034327918470804,9.364955699528435,49.99999928788772,1.081541462950713,0.4999999928788756,3.9637314166670423,4.286939875125775,0.007948494403167474,0.009460128934812552,4.0343279184708045,3.1030888641130425,4.034327918470812,0.8,self,,0.0,0.9048376083374023,ok
C5,0.5,0.6,2.0,10.0,20,200,5,1.0,predictive,P1+P2 (protect),4.308869380063769,4,10.0,True,True,False,9.70018963122145e-09,1.4239326005932982e-08,54.070160400283996,9.999999857606774,0.23235557698015086,0.4034837886155564,9.364160776797519,49.99999928803368,1.0814032234041335,0.4999999928803387,3.96391841120647,4.2865941471896685,0.027438501212441964,0.03689308642963986,4.034837886155564,3.0982145316706973,4.0348378861555805,0.8,self,,0.0,1.0025734901428223,ok
C5,0.5,0.6,2.0,10.0,20,200,5,1.0,predictive,P1+P2 (protect),4.308869380063769,1,30.0,True,True,False,9.771265399446625e-09,1.4343661186274258e-08,54.16941364746377,9.999999856563404,0.17399506355953365,0.42144041489053397,9.404564664986527,49.999999282816916,1.0833882884890305,0.4999999928281702,3.9575043116595197,4.2875138228967655,0.00011982644065415568,0.00011982644065415568,4.21440414890534,3.2417740645307527,4.214404148905335,0.8,self,,0.0,0.9058420658111572,ok
C5,0.5,0.6,2.0,10.0,20,200,5,1.0,predictive,P1+P2 (protect),4.308869380063769,2,30.0,True,True,False,9.771207455233235e-09,1.4343576127468607e-08,54.16917127977656,9.999999856564274,0.17400982949565003,0.4214388442506518,9.404551469689423,49.99999928282106,1.083383441135127,0.4999999928282137,3.9575070521486606,4.287497608473349,0.0015279194072488076,0.0016476968344030637,4.214388442506518,3.241673573772002,4.214388442506519,0.8,self,,0.0,1.0680968761444092,ok
C5,0.5,0.6,2.0,10.0,20,200,5,1.0,predictive,P1+P2 (protect),4.308869380063769,3,30.0,True,True,False,9.77076487554194e-09,1.4342926445684276e-08,54.167481757188455,9.999999856570724,0.17414080714209587,0.42144704936397953,9.404412286923199,49.99999928285365,1.083349650682174,0.49999999282853624,3.957539684094901,4.287399234325052,0.008468505267869473,0.01011575112782118,4.214470493639795,3.240638303630631,4.214470493639794,0.8,self,,0.0,1.008192539215088,ok
C5,0.5,0.6,2.0,10.0,20,200,5,1.0,predictive,P1+P2 (protect),4.308869380063769,4,30.0,True,True,False,9.768763626730244e-09,1.4339988726388882e-08,54.1605686547239,9.99999985660008,0.17482686729076174,0.4215488208832544,9.403624455225904,49.9999992830005,1.0832113886277186,0.499999992830004,3.9577327150985724,4.287061150139276,0.028865300535086486,0.038985898510613466,4.215488208832544,3.2355726038660935,4.215488208832544,0.8,self,,0.0,0.9661438465118408,ok
C5,0.5,0.6,2.0,10.0,20,200,5,1.0,predictive,P1+P2 (protect),4.308869380063769,1,100.0,True,True,False,9.799550231399452e-09,1.4385181708897697e-08,54.205334967802656,9.999999856148184,0.1522531678317995,0.42858901438359637,9.419157961636419,49.99999928074088,1.0841067149511259,0.4999999928074092,3.9552873311673786,4.287953555279673,0.0001245362918160787,0.0001245362918160787,4.285890143835964,3.2974649564379956,4.285890143835948,0.8,self,,0.0,0.939917802810669,ok
C5,0.5,0.6,2.0,10.0,20,200,5,1.0,predictive,P1+P2 (protect),4.308869380063769,2,100.0,True,True,False,9.799492116266226e-09,1.438509639919146e-08,54.20509265182661,9.999999856149039,0.1522675238227864,0.42858859393975834,9.419144026088416,49.99999928074515,1.0841018686314428,0.49999999280745194,3.9552904116285204,4.287937726226508,0.001572321462936945,0.0016968253865816793,4.285885939397583,3.2973622419721056,4.2858859393975735,0.8,self,,0.0,0.9452683925628662,ok
C5,0.5,0.6,2.0,10.0,20,200,5,1.0,predictive,P1+P2 (protect),4.308869380063769,3,100.0,True,True,False,9.799048756766634e-09,1.4384445572692958e-08,54.20340496566759,9.999999856155519,0.1523942103364143,0.4286027578173806,9.419003175690687,49.99999928077765,1.0840681149070721,0.49999999280777596,3.9553243159229017,4.287840975008645,0.0086596429789667,0.010356375615668842,4.286027578173806,3.2963092001457155,4.286027578173793,0.8,self,,0.0,0.9944314956665039,ok
C5,0.5,0.6,2.0,10.0,20,200,5,1.0,predictive,P1+P2 (protect),4.308869380063769,4,100.0,True,True,False,9.797044476645607e-09,1.4381503403608082e-08,54.19649966051173,9.999999856184958,0.15305761209930474,0.42872393593620584,9.41821859577953,49.9999992809248,1.0839300087987784,0.4999999928092479,3.955519531959973,4.287506321081113,0.029392144542027127,0.03975643915652073,4.287239359362058,3.2911739936467153,4.287239359362065,0.8,self,,0.0,1.1504805088043213,ok
