condition,rho,delta,sigma,alpha,c,K,b,mu,model,series,beta,n_target,gamma,protect_presetup,protect_delayoff,never_cancel_setup,P_block,P_block_arrival_stable,E_N,E_B,E_I,E_S,E_off,lambda_eff,E_W,rho_server,Cost,ERP,p1_fire_rate,p1_launch_rate,setup_completion_rate,setup_cancel_rate,delayoff_rate,rho_B,diag_source,consistency_max_relerr,min_pi,elapsed_s,check
C1,0.5,0.6,0.02,0.1,20,200,5,1.0,predictive,Check,2e-05,0,1.0,False,False,False,7.738068950109044e-06,1.236807044329168e-05,52.8357827833527,9.999876319295556,9.968559052326265,0.0019937118104652505,0.029570916567713823,49.999381596477754,1.0567287253623705,0.49999381596477777,6.009290393791419,6.350189778163544,0.0,0.0,0.00019937118104652505,0.010584133913676625,0.00019937118104652548,0.8,self,1.9264982477130202e-12,0.0,1.5399439334869385,ok
C1,0.5,0.6,0.02,0.1,20,200,5,1.0,base,Base,2e-05,0,1.0,False,False,False,7.738068950109044e-06,1.236807044329168e-05,52.83578278335269,9.999876319295494,9.96855905232627,0.0019937118104652453,0.02957091656777079,49.999381596477804,1.0567287253623692,0.49999381596477466,6.009290393791397,6.350189778163513,0.0,0.0,0.00019937118104652505,0.010584133913676625,0.00019937118104652548,0.8,Check,1.9264982477130202e-12,9.662957573048334e-64,0.47902989387512207,ok
C1,0.5,0.6,0.02,0.1,20,200,5,1.0,predictive,Check,5.220314431365078e-05,0,1.0,False,False,False,8.671140830651945e-06,1.3859340699531215e-05,52.8688805097197,9.99986140659301,9.919241756300586,0.005178156088861502,0.07571868101754298,49.99930703296504,1.0573922649540466,0.49999307032965046,5.9993566840974655,6.343673352465018,0.0,0.0,0.0005178156088861502,0.027133478591983944,0.0005178156088861506,0.8,self,7.538343310585842e-13,0.0,1.1746902465820312,ok
C1,0.5,0.6,0.02,0.1,20,200,5,1.0,base,Base,5.220314431365078e-05,0,1.0,False,False,False,8.671140830651947e-06,1.3859340699531217e-05,52.868880509719716,9.999861406592965,9.919241756300574,0.005178156088861501,0.07571868101760006,49.99930703296503,1.0573922649540473,0.49999307032964824,5.999356684097447,6.343673352465002,0.0,0.0,0.0005178156088861502,0.027133478591983944,0.0005178156088861506,0.8,Check,7.538343310585842e-13,1.6123159038476307e-55,0.19620037078857422,ok
C1,0.5,0.6,0.02,0.1,20,200,5,1.0,predictive,Check,0.00013625841381159233,0,1.0,False,False,False,1.1448836488984968e-05,1.8298693354951852e-05,52.954197185894635,9.999817013066444,9.79825303706928,0.013350944169556744,0.1885790056947183,49.99908506533226,1.0591033239248482,0.4999908506533222,5.975119194687975,6.328268599941197,0.0,0.0,0.0013350944169556744,0.06770957999201568,0.0013350944169556777,0.8,self,1.5527779546089782e-13,0.0,1.1068384647369385,ok
C1,0.5,0.6,0.02,0.1,20,200,5,1.0,base,Base,0.00013625841381159233,0,1.0,False,False,False,1.1448836488984968e-05,1.8298693354951852e-05,52.95419718589459,9.999817013066428,9.798253037069268,0.013350944169556761,0.1885790056947476,49.99908506533227,1.0591033239248473,0.4999908506533214,5.9751191946879665,6.3282685999411825,0.0,0.0,0.0013350944169556744,0.06770957999201568,0.0013350944169556777,0.8,Check,1.5527779546089782e-13,1.8311597868591828e-47,0.17243170738220215,ok
C1,0.5,0.6,0.02,0.1,20,200,5,1.0,predictive,Check,0.0003556558820077846,0,1.0,False,False,False,2.1431060448614913e-05,3.42518274355866e-05,53.171348343715245,9.999657481725645,9.523533936889976,0.03387100862155675,0.44293757276282264,49.99828740862824,1.0634633924389065,0.4999828740862823,5.920801015555877,6.296555133958775,0.0,0.0,0.0033871008621556755,0.15892568983160427,0.003387100862155672,0.8,self,4.336244994122223e-14,0.0,1.119335412979126,ok
C1,0.5,0.6,0.02,0.1,20,200,5,1.0,base,Base,0.0003556558820077846,0,1.0,False,False,False,2.1431060448614916e-05,3.4251827435586595e-05,53.171348343715266,9.999657481725638,9.523533936889963,0.033871008621556654,0.44293757276284185,49.998287408628215,1.0634633924389074,0.4999828740862819,5.920801015555871,6.296555133958775,0.0,0.0,0.0033871008621556755,0.15892568983160427,0.003387100862155672,0.8,Check,4.336244994122223e-14,8.656203885707214e-40,0.19415664672851562,ok
C1,0.5,0.6,0.02,0.1,20,200,5,1.0,predictive,Check,0.0009283177667225565,0,1.0,False,False,False,7.209132798483497e-05,0.00011520754588762702,53.71669760801517,9.99884792454112,8.974651509749476,0.08331328446643846,0.9431872812429649,49.994239622705585,1.074457737799436,0.49994239622705605,5.815264656144026,6.248256107145526,0.0,0.0,0.008331328446643846,0.33033349259259404,0.008331328446643855,0.8,self,7.9454055045604e-14,0.0,1.0955982208251953,ok
C1,0.5,0.6,0.02,0.1,20,200,5,1.0,base,Base,0.0009283177667225565,0,1.0,False,False,False,7.209132798483495e-05,0.000115207545887627,53.71669760801517,9.99884792454104,8.974651509749481,0.08331328446643804,0.9431872812430399,49.994239622705564,1.0744577377994364,0.49994239622705205,5.815264656143998,6.248256107145497,0.0,0.0,0.008331328446643846,0.33033349259259404,0.008331328446643855,0.8,Check,7.9454055045604e-14,7.414074985542176e-33,0.1828467845916748,ok
C1,0.5,0.6,0.02,0.1,20,200,5,1.0,predictive,Check,0.002423055317257178,0,1.0,False,False,False,0.0004106222617164066,0.0006560933438062584,55.05884896086444,9.993439066561928,8.023061093494102,0.19440320843270065,1.7890966315112706,49.96719533280975,1.1018999284258681,0.4996719533280964,5.640331244511628,6.21508059462555,0.0,0.0,0.019440320843270065,0.5635855546994811,0.019440320843270076,0.8,self,1.0052901940648505e-14,0.0,1.3365182876586914,ok
C1,0.5,0.6,0.02,0.1,20,200,5,1.0,base,Base,0.002423055317257178,0,1.0,False,False,False,0.00041062226171640666,0.0006560933438062586,55.05884896086443,9.993439066561896,8.023061093494114,0.19440320843270134,1.7890966315112886,49.967195332809666,1.10189992842587,0.4996719533280948,5.640331244511619,6.21508059462555,0.0,0.0,0.019440320843270065,0.5635855546994811,0.019440320843270076,0.8,Check,1.0052901940648505e-14,4.7315123679160414e-27,0.16560935974121094,ok
C1,0.5,0.6,0.02,0.1,20,200,5,1.0,predictive,Check,0.00632455532033676,0,1.0,False,False,False,0.0022046006547059046,0.0035217012709247023,57.96167043499994,9.964782987290763,6.550725060539861,0.41430423033700675,3.0701877218323705,49.82391493645371,1.1633303105331096,0.4982391493645381,5.380094177040754,6.2588266296741955,0.0,0.0,0.041430423033700675,0.7664306172734934,0.04143042303370072,0.8,self,5.4965336009586415e-15,0.0,1.1317131519317627,ok
C1,0.5,0.6,0.02,0.1,20,200,5,1.0,base,Base,0.00632455532033676,0,1.0,False,False,False,0.0022046006547059046,0.0035217012709247023,57.961670434999945,9.964782987290732,6.5507250605398735,0.4143042303370069,3.0701877218323874,49.82391493645376,1.1633303105331088,0.4982391493645366,5.380094177040746,6.258826629674181,0.0,0.0,0.041430423033700675,0.7664306172734934,0.04143042303370072,0.8,Check,5.4965336009586415e-15,1.6220432249157323e-22,0.22051525115966797,ok
C1,0.5,0.6,0.02,0.1,20,200,5,1.0,predictive,Check,0.01650808370536038,0,1.0,False,False,False,0.007081979408572844,0.011310277579846092,62.51327878299079,9.886897224201542,4.656641561489191,0.7687222868292357,4.687738927480031,49.434486121007644,1.2645681929406198,0.4943448612100771,5.056782280330575,6.394646030331782,0.0,0.0,0.07687222868292358,0.9500084216878684,0.07687222868292361,0.8,self,3.2209628924490586e-15,0.0,1.1813950538635254,ok
C1,0.5,0.6,0.02,0.1,20,200,5,1.0,base,Base,0.01650808370536038,0,1.0,False,False,False,0.007081979408572846,0.011310277579846087,62.51327878299079,9.886897224201558,4.656641561489189,0.7687222868292368,4.687738927480016,49.43448612100768,1.264568192940619,0.4943448612100779,5.056782280330581,6.394646030331785,0.0,0.0,0.07687222868292358,0.9500084216878684,0.07687222868292361,0.8,Check,3.2209628924490586e-15,4.486037163574885e-19,0.19176888465881348,ok
C1,0.5,0.6,0.02,0.1,20,200,5,1.0,predictive,Check,0.04308869380063769,0,1.0,False,False,False,0.013715342388252982,0.021899586855515057,67.71438139043713,9.781004131444856,2.88220192598007,1.241903162601637,6.094890779973436,48.90502065722436,1.3846100150953355,0.4890502065722428,4.794582852493592,6.63862743576699,0.0,0.0,0.1241903162601637,1.2796619809396819,0.12419031626016377,0.8,self,2.477326285241144e-15,0.0,0.9835708141326904,ok
C1,0.5,0.6,0.02,0.1,20,200,5,1.0,base,Base,0.04308869380063769,0,1.0,False,False,False,0.01371534238825298,0.021899586855515057,67.71438139043705,9.78100413144484,2.8822019259800715,1.2419031626016366,6.0948907799734515,48.90502065722424,1.3846100150953375,0.489050206572242,4.794582852493587,6.638627435766992,0.0,0.0,0.1241903162601637,1.2796619809396819,0.12419031626016377,0.8,Check,2.477326285241144e-15,1.9610035303672408e-16,0.16890597343444824,ok
C1,0.5,0.6,0.02,0.1,20,200,5,1.0,predictive,Check,0.11246826503806984,0,1.0,False,False,False,0.01956662907783329,0.031237309215731302,73.16119965248922,9.6876269078427,1.623654017754155,1.8260955039890128,6.862623570414132,48.438134539213536,1.5104049804655648,0.484381345392135,4.6952062149576115,7.09166285138485,0.0,0.0,0.18260955039890128,1.7446915111796302,0.18260955039890084,0.8,self,6.9309312974481404e-15,0.0,1.0676376819610596,ok
C1,0.5,0.6,0.02,0.1,20,200,5,1.0,base,Base,0.11246826503806984,0,1.0,False,False,False,0.019566629077833287,0.0312373092157313,73.16119965248924,9.687626907842718,1.6236540177541567,1.8260955039890001,6.862623570414124,48.43813453921344,1.5104049804655681,0.4843813453921359,4.695206214957614,7.09166285138487,0.0,0.0,0.18260955039890128,1.7446915111796302,0.18260955039890084,0.8,Check,6.9309312974481404e-15,2.2620271091541777e-14,0.17315673828125,ok
C1,0.5,0.6,0.02,0.1,20,200,5,1.0,predictive,Check,0.29355985352441416,0,1.0,False,False,False,0.0241789022225669,0.03859589239258665,78.96977716967771,9.614041076074134,0.8514578494961167,2.4995384158029283,7.034962658626821,48.070205380370794,1.642800910559966,0.4807020538037067,4.746542290708067,7.797623997186599,0.0,0.0,0.24995384158029285,2.1646892212087465,0.24995384158029313,0.8,self,5.55508996467558e-15,0.0,1.0180399417877197,ok
C1,0.5,0.6,0.02,0.1,20,200,5,1.0,base,Base,0.29355985352441416,0,1.0,False,False,False,0.024178902222566905,0.03859589239258666,78.96977716967777,9.614041076074095,0.8514578494961162,2.499538415802929,7.03496265862686,48.07020538037066,1.6428009105599717,0.48070205380370473,4.746542290708053,7.797623997186603,0.0,0.0,0.24995384158029285,2.1646892212087465,0.24995384158029313,0.8,Check,5.55508996467558e-15,3.4246120360618193e-15,0.1898033618927002,ok
C1,0.5,0.6,0.02,0.1,20,200,5,1.0,predictive,Check,0.7662373699114586,0,1.0,False,False,False,0.02802007315356258,0.04472398637767361,84.62967192645696,9.552760136223275,0.41365247711638903,3.169559861230216,6.86402752543012,47.76380068111634,1.7718370548329447,0.47763800681116375,4.876652907650296,8.640634325333618,0.0,0.0,0.3169559861230216,2.434389488668319,0.31695598612302184,0.8,self,3.1904441248865072e-15,0.0,1.0967764854431152,ok
C1,0.5,0.6,0.02,0.1,20,200,5,1.0,base,Base,0.7662373699114586,0,1.0,False,False,False,0.028020073153562582,0.04472398637767361,84.62967192645723,9.552760136223267,0.4136524771163892,3.1695598612302107,6.864027525430133,47.76380068111634,1.7718370548329503,0.4776380068111633,4.87665290765029,8.640634325333634,0.0,0.0,0.3169559861230216,2.434389488668319,0.31695598612302184,0.8,Check,3.1904441248865072e-15,4.523822988396573e-18,0.17159748077392578,ok
C1,0.5,0.6,0.02,0.1,20,200,5,1.0,predictive,Check,2.0,0,1.0,False,False,False,0.03112358348158069,0.049675746104565634,89.19289571770095,9.503242538954341,0.18564846852400485,3.7129693704801023,6.598139622041551,47.51621269477173,1.8771044799097585,0.47516212694771703,5.010911420426555,9.406004275713657,0.0,0.0,0.37129693704801026,2.5880696035601445,0.3712969370480098,0.8,self,2.7085624725433143e-15,0.0,1.0288329124450684,ok
C1,0.5,0.6,0.02,0.1,20,200,5,1.0,base,Base,2.0,0,1.0,False,False,False,0.031123583481580685,0.049675746104565634,89.19289571770071,9.50324253895436,0.18564846852400485,3.7129693704801014,6.5981396220415345,47.516212694771724,1.8771044799097536,0.47516212694771803,5.010911420426562,9.406004275713647,0.0,0.0,0.37129693704801026,2.5880696035601445,0.3712969370480098,0.8,Check,2.7085624725433143e-15,1.4434331550554506e-21,0.1837007999420166,ok
C1,0.5,0.6,0.02,0.1,20,200,5,1.0,predictive,NoCancel,2e-05,0,1.0,False,False,True,7.3036061618775884e-06,1.167369149828159e-05,52.819344170287096,9.999883263085017,9.988296807687293,0.0019976593615374594,0.009822269866152311,49.9994163154251,1.0563992154842823,0.4999941631542509,6.013747089474016,6.352917707441237,0.0,0.0,0.00019976593615374596,0.0,0.00019976593615374602,0.8,self,,0.0,13.591887950897217,ok
C1,0.5,0.6,0.02,0.1,20,200,5,1.0,predictive,P2 only,2e-05,0,3.0,False,False,False,8.66589869281837e-06,1.3850960461742207e-05,52.86823273651532,9.999861490395373,9.916948710501151,0.005114601978673321,0.07807519712480193,49.999307451976904,1.05737930044919,0.49999307451976865,5.998815536915327,6.3430233759472605,0.0,0.0,0.0005114601978673322,0.026730718917728713,0.0005114601978673324,0.8,self,,0.0,1.0022501945495605,ok
C1,0.5,0.6,0.02,0.1,20,200,5,1.0,predictive,P2 only,2e-05,0,10.0,False,False,False,1.2662812846000688e-05,2.0238824469790055e-05,52.98056205813032,9.999797611755294,9.750377911237152,0.015841730053944878,0.23398274695360932,49.998988058776554,1.0596326868825576,0.4999898805877647,5.965248331973604,6.320972117930885,0.0,0.0,0.001584173005394488,0.07855803030670455,0.001584173005394489,0.8,self,,0.0,1.0840234756469727,ok
C1,0.5,0.6,0.02,0.1,20,200,5,1.0,predictive,P2 only,2e-05,0,30.0,False,False,False,3.2586624957106156e-05,5.207890059860659e-05,53.295031837602544,9.999479210994009,9.359572431818302,0.0450713706189329,0.5958769865687561,49.997396054970054,1.0659561505764596,0.49997396054970045,5.887957353423861,6.276304355214058,0.0,0.0,0.00450713706189329,0.19565425135561884,0.004507137061893299,0.8,self,,0.0,1.0943999290466309,ok
C1,0.5,0.6,0.02,0.1,20,200,5,1.0,predictive,P2 only,2e-05,0,100.0,False,False,False,0.00024773658503479586,0.00039584848534859776,54.363026701835295,9.996041515146526,8.445411750103903,0.13556666870994516,1.4229800660396261,49.9802075757326,1.0876910949091523,0.4998020757573263,5.714465590848795,6.215573335331002,0.0,0.0,0.013556666870994516,0.41432401943264996,0.013556666870994525,0.8,self,,0.0,1.1483144760131836,ok
C1,0.5,0.6,0.02,0.1,20,200,5,1.0,predictive,P2 only,2e-05,0,300.0,False,False,False,0.0018507244714655432,0.0029564277487898576,56.97914431304421,9.970435722512097,6.973964854107168,0.33183956523407016,2.723759858146666,49.85217861256046,1.1429619707470133,0.4985217861256048,5.446692246195131,6.225362103763663,0.0,0.0,0.03318395652340702,0.5699764268088621,0.03318395652340706,0.8,self,,0.0,1.1397507190704346,ok
C1,0.5,0.6,0.02,0.1,20,200,5,1.0,predictive,P2 only,2e-05,0,1000.0,False,False,False,0.007851318954156361,0.012538269822039786,61.843678536692806,9.874617301779605,4.784615423005461,0.7083607443530532,4.632406530861881,49.37308650889807,1.2525787409613793,0.49373086508898023,5.058339909829913,6.335969035609449,0.0,0.0,0.07083607443530532,0.6362327529962468,0.07083607443530528,0.8,self,,0.0,1.0495343208312988,ok
C1,0.5,0.6,0.02,0.1,20,200,5,1.0,predictive,P1 only,2e-05,5,1.0,False,False,False,7.738068950109046e-06,1.2368070443291682e-05,52.83578278335272,9.99987631929556,9.968559052326267,0.001993711810465251,0.029570916567708494,49.99938159647777,1.0567287253623705,0.499993815964778,6.009290393791421,6.3501897781635455,2.9966472337463777e-38,2.99674926813995e-38,0.0001993711810465251,0.010584133913676626,0.0001993711810465255,0.8,self,,0.0,1.12526535987854,ok
C1,0.5,0.6,0.02,0.1,20,200,5,1.0,predictive,P1 only,2e-05,10,1.0,False,False,False,7.738068950109044e-06,1.236807044329168e-05,52.8357827833527,9.999876319295556,9.968559052326265,0.0019937118104652505,0.029570916567713823,49.999381596477754,1.0567287253623705,0.49999381596477777,6.009290393791419,6.350189778163544,1.3001145937588193e-23,1.3065201702446653e-23,0.00019937118104652505,0.010584133913676625,0.00019937118104652548,0.8,self,,0.0,1.8425757884979248,ok
C1,0.5,0.6,0.02,0.1,20,200,5,1.0,predictive,P1 only,2e-05,15,1.0,False,False,False,7.7380689497442e-06,1.2368070442708716e-05,52.835782783351874,9.99987631929556,9.968559052326349,0.00199371181046527,0.02957091656762678,49.99938159647781,1.0567287253623527,0.499993815964778,6.009290393791439,6.3501897781634575,3.564516274631798e-13,3.6025103985700617e-13,0.000199371181046527,0.010584133914032203,0.00019937118104652713,0.8,self,,0.0,7.825287580490112,ok
C1,0.5,0.6,0.02,0.1,20,200,5,1.0,predictive,P1 only,2e-05,20,1.0,False,False,False,7.719462006948054e-06,1.2338332050418299e-05,52.83510384078155,9.9998766166795,9.969325121419857,0.0019938650242839733,0.028804396876358496,49.999383083397476,1.0567151149176015,0.49999383083397503,6.0094633792018515,6.350290785346402,0.0003775005857037261,0.0003859299747492539,0.00019938650242839735,0.010620643666620974,0.00019938650242839716,0.8,self,,0.0,39.7118182182312,ok
C1,0.5,0.6,0.02,0.1,20,200,5,1.0,predictive,P1 only (protect),2e-05,5,1.0,True,True,False,7.738068950109046e-06,1.236807044329168e-05,52.83578278335272,9.99987631929556,9.968559052326265,0.001993711810465251,0.02957091656771027,49.99938159647776,1.0567287253623707,0.499993815964778,6.009290393791421,6.350189778163547,2.996584237173417e-38,2.9966862689577e-38,0.0001993711810465251,0.010584133913676626,0.0001993711810465255,0.8,self,,0.0,1.0804097652435303,ok
C1,0.5,0.6,0.02,0.1,20,200,5,1.0,predictive,P1 only (protect),2e-05,10,1.0,True,True,False,7.738068950109044e-06,1.236807044329168e-05,52.8357827833527,9.999876319295556,9.968559052326265,0.0019937118104652505,0.029570916567713823,49.999381596477754,1.0567287253623705,0.49999381596477777,6.009290393791419,6.350189778163544,1.2981299759521847e-23,1.3045155821138393e-23,0.00019937118104652505,0.010584133913676625,0.00019937118104652548,0.8,self,,0.0,1.4527578353881836,ok
C1,0.5,0.6,0.02,0.1,20,200,5,1.0,predictive,P1 only (protect),2e-05,15,1.0,True,True,False,7.738068945396392e-06,1.2368070435761628e-05,52.83578278334132,9.999876319295632,9.968559052327217,0.0019937118103935435,0.029570916566756367,49.99938159647824,1.0567287253621327,0.4999938159647816,6.009290393791636,6.350189778162344,3.5096089464636284e-13,3.546430735262807e-13,0.00019937118103935435,0.010584133912458512,0.00019937118103935413,0.8,self,,0.0,2.456582546234131,ok
C1,0.5,0.6,0.02,0.1,20,200,5,1.0,predictive,P1 only (protect),2e-05,20,1.0,True,True,False,7.252269491951371e-06,1.159164274182074e-05,52.81738494123693,9.99988408357256,9.989116851930271,0.0015744139177359228,0.009424650579433091,49.99942041786286,1.0563599437718147,0.499994204178628,6.013773258279647,6.352709180972731,0.00018545161151262116,0.00018849301158822409,0.0001574413917735923,3.2188354477342936e-05,0.00015744139177359238,0.8,self,,0.0,8.093487739562988,ok
C1,0.5,0.6,0.02,0.1,20,200,5,1.0,predictive,P1+P2,2e-05,5,3.0,False,False,False,8.66589869281837e-06,1.3850960461742207e-05,52.86823273651532,9.999861490395372,9.916948710501151,0.00511460197867332,0.07807519712480371,49.999307451976904,1.05737930044919,0.4999930745197686,5.998815536915327,6.3430233759472605,8.27649482281356e-31,8.277340156162897e-31,0.000511460197867332,0.026730718917728713,0.0005114601978673323,0.8,self,,0.0,1.1308093070983887,ok
C1,0.5,0.6,0.02,0.1,20,200,5,1.0,predictive,P1+P2,2e-05,5,10.0,False,False,False,1.266281284600069e-05,2.0238824469790055e-05,52.980562058130324,9.999797611755294,9.750377911237152,0.015841730053944878,0.23398274695360932,49.998988058776554,1.0596326868825579,0.4999898805877647,5.965248331973604,6.320972117930887,6.586764462134931e-23,6.589006065175187e-23,0.001584173005394488,0.07855803030670455,0.001584173005394489,0.8,self,,0.0,1.1936976909637451,ok
C1,0.5,0.6,0.02,0.1,20,200,5,1.0,predictive,P1+P2,2e-05,5,30.0,False,False,False,3.2586624957105424e-05,5.207890059860543e-05,53.29503183760254,9.999479210994009,9.3595724318183,0.0450713706189329,0.5958769865687579,49.99739605497006,1.0659561505764592,0.49997396054970045,5.88795735342386,6.276304355214054,2.2851532039509232e-16,2.287483591918693e-16,0.00450713706189329,0.1956542513556188,0.004507137061893299,0.8,self,,0.0,1.0747640132904053,ok
C1,0.5,0.6,0.02,0.1,20,200,5,1.0,predictive,P1+P2,2e-05,5,100.0,False,False,False,0.0002477365846618784,0.0003958484847543494,54.36302670175288,9.996041515152458,8.445411750108672,0.13556666871000883,1.4229800660288614,49.980207575762286,1.0876910949068572,0.49980207575762287,5.714465590852125,6.215573335321508,1.1714007536319168e-10,1.175366916731328e-10,0.013556666871000884,0.4143240194661734,0.013556666871000874,0.8,self,,0.0,1.2367143630981445,ok
C1,0.5,0.6,0.02,0.1,20,200,5,1.0,predictive,P1+P2,2e-05,5,300.0,False,False,False,0.0018507233076570245,0.0029564258942803277,56.979144060322284,9.970435741057193,6.973964866415862,0.33183956570724565,2.7237598268197,49.85217870528598,1.1429619635516675,0.49852178705285966,5.446692256122315,6.2253620759192225,3.620705465928736e-07,3.657071114056321e-07,0.033183956570724565,0.5699765305967306,0.03318395657072463,0.8,self,,0.0,1.1574745178222656,ok
C1,0.5,0.6,0.02,0.1,20,200,5,1.0,predictive,P1+P2,2e-05,5,1000.0,False,False,False,0.007851132895665656,0.012537973363817729,61.843639394500656,9.874620266361816,4.784616826581239,0.7083608990575844,4.63240200799936,49.373101331809096,1.2525775721254377,0.49373101331809083,5.058341399249194,6.335964988853145,5.6596398815511836e-05,5.8420114465817575e-05,0.07083608990575845,0.6362487869191504,0.07083608990575863,0.8,self,,0.0,1.2773792743682861,ok
C1,0.5,0.6,0.02,0.1,20,200,5,1.0,predictive,P1+P2,2e-05,10,3.0,False,False,False,8.665898692818365e-06,1.3850960461742204e-05,52.868232736515324,9.999861490395375,9.916948710501153,0.005114601978673322,0.07807519712479838,49.99930745197691,1.05737930044919,0.49999307451976877,5.998815536915329,6.343023375947262,1.5107567719481611e-18,1.5330215488972654e-18,0.0005114601978673323,0.026730718917728723,0.0005114601978673324,0.8,self,,0.0,1.7842257022857666,ok
C1,0.5,0.6,0.02,0.1,20,200,5,1.0,predictive,P1+P2,2e-05,10,10.0,False,False,False,1.2662812844516647e-05,2.0238824467420125e-05,52.980562058129564,9.999797611755314,9.750377911237194,0.01584173005394493,0.23398274695354715,49.99898805877665,1.0596326868825405,0.4999898805877657,5.965248331973621,6.320972117930801,3.1512695615370646e-13,3.304534706136801e-13,0.0015841730053944931,0.07855803030700985,0.0015841730053944953,0.8,self,,0.0,1.7888293266296387,ok
C1,0.5,0.6,0.02,0.1,20,200,5,1.0,predictive,P1+P2,2e-05,10,30.0,False,False,False,3.258659451951652e-05,5.207885199408901e-05,53.29503182317912,9.999479211480054,9.359572432637798,0.04507137062236364,0.5958769852597854,49.99739605740028,1.0659561502361632,0.4999739605740027,5.887957353792762,6.276304353603639,5.532878983557117e-09,6.317537034602345e-09,0.004507137062236364,0.1956542569930107,0.004507137062236371,0.8,self,,0.0,1.901918649673462,ok
C1,0.5,0.6,0.02,0.1,20,200,5,1.0,predictive,P1+P2,2e-05,10,100.0,False,False,False,0.000247631722475249,0.0003956810589307101,54.362982457922975,9.99604318941069,8.445414144544566,0.13556670167047438,1.4229759643742703,49.98021594705344,1.0876900275003298,0.4998021594705345,5.7144667728882155,6.2155685213525045,1.3038252055085548e-05,1.863494935023963e-05,0.013556670167047438,0.414338920034801,0.01355667016704741,0.8,self,,0.0,1.7823350429534912,ok
C1,0.5,0.6,0.02,0.1,20,200,5,1.0,predictive,P1+P2,2e-05,10,300.0,False,False,False,0.0018419633391722652,0.0029424429634579623,56.97600771991488,9.970575570365412,6.974114552794845,0.33184552469173756,2.7234643521480066,49.85287785182716,1.1428830225059246,0.4985287785182706,5.44678083705547,6.225033345981305,0.0006510060752364826,0.0013119423277682305,0.033184552469173755,0.5708125626250302,0.03318455246917377,0.8,self,,0.0,1.8972790241241455,ok
C1,0.5,0.6,0.02,0.1,20,200,5,1.0,predictive,P1+P2,2e-05,10,1000.0,False,False,False,0.007762934792800665,0.012397242508819233,61.81749041280412,9.876027574911799,4.785554065373754,0.7084687118533008,4.629949647861146,49.380137874559075,1.2518695385144487,0.49380137874558994,5.059122484397476,6.33336132983074,0.003976946806123034,0.01178656139109092,0.07084687118533009,0.6413026504649685,0.07084687118532998,0.8,self,,0.0,1.9246571063995361,ok
C1,0.5,0.6,0.02,0.1,20,200,5,1.0,predictive,P1+P2,2e-05,15,3.0,False,False,False,8.665898488953866e-06,1.3850960136002816e-05,52.868232736041634,9.999861490398633,9.916948710543872,0.005114601978691207,0.07807519707880317,49.99930745199318,1.0573793004393721,0.49999307451993164,5.998815536926196,6.3430233758998575,1.8529949870836672e-10,1.9120852208673507e-10,0.0005114601978691208,0.026730719107181625,0.000511460197869121,0.8,self,,0.0,7.777902126312256,ok
C1,0.5,0.6,0.02,0.1,20,200,5,1.0,predictive,P1+P2,2e-05,15,10.0,False,False,False,1.2662640383284681e-05,2.02385489113149e-05,52.98056169596667,9.999797614510884,9.750377941739622,0.015841730090293958,0.23398271365920031,49.998988072554404,1.0596326793471431,0.4999898807255442,5.965248339904308,6.3209720813839,1.2386447533973383e-07,1.369304574072423e-07,0.0015841730090293959,0.07855816764877191,0.0015841730090293948,0.8,self,,0.0,7.863832712173462,ok
C1,0.5,0.6,0.02,0.1,20,200,5,1.0,predictive,P1+P2,2e-05,15,30.0,False,False,False,3.254242292676362e-05,5.2008279692965464e-05,53.29495851749977,9.999479917203072,9.359577760687861,0.04507138907062255,0.5958709330384444,49.99739958601532,1.0659546088154315,0.49997399586015356,5.887958828010836,6.276296849233657,1.825501324105865e-05,2.3910904332178135e-05,0.004507138907062255,0.19567882180788027,0.004507138907062259,0.8,self,,0.0,7.907365322113037,ok
C1,0.5,0.6,0.02,0.1,20,200,5,1.0,predictive,P1+P2,2e-05,15,100.0,False,False,False,0.00024234976759681485,0.0003872436373272808,54.3575218045987,9.99612756362674,8.4457250058269,0.1355704088224179,1.422577021723944,49.98063781813364,1.0875715912708315,0.499806378181337,5.714570016295912,6.215004006051527,0.0007012775256984584,0.0013752141713725627,0.01355704088224179,0.415742810209638,0.0135570408822418,0.8,self,,0.0,7.961110830307007,ok
C1,0.5,0.6,0.02,0.1,20,200,5,1.0,predictive,P1+P2,2e-05,15,300.0,False,False,False,0.0017568810083438515,0.002806572928960349,56.92223187102726,9.971934270710403,6.97660709357161,0.33193718724137483,2.7195214484766135,49.85967135355197,1.1416487579189019,0.49859671353552015,5.4478884317853415,6.21957506142849,0.003591247186435484,0.01214215294683096,0.03319371872413748,0.5805032205416654,0.033193718724137525,0.8,self,,0.0,8.031535625457764,ok
C1,0.5,0.6,0.02,0.1,20,200,5,1.0,predictive,P1+P2,2e-05,15,1000.0,False,False,False,0.00738395787360218,0.01179232720585581,61.66343421473394,9.88207672794145,4.790965047569137,0.7090741248794956,4.617884099609916,49.410383639707184,1.2479853357216186,0.49410383639707256,5.062845120794646,6.318356467781465,0.007141156961517907,0.041304069068175214,0.07090741248794956,0.6584475277282053,0.07090741248794963,0.8,self,,0.0,7.904232978820801,ok
C1,0.5,0.6,0.02,0.1,20,200,5,1.0,predictive,P1+P2,2e-05,20,3.0,False,False,False,8.607391334146666e-06,1.3757452609467357e-05,52.866330464963276,9.999862425473902,9.918979218600784,0.00511541635913898,0.07604293956617525,49.99931212736948,1.057341155620107,0.4999931212736951,5.9992742529381,6.343279571483525,0.0009811136475852647,0.0010446982167866376,0.000511541635913898,0.026834536044785202,0.0005115416359138972,0.8,self,,0.0,40.140767335891724,ok
C1,0.5,0.6,0.02,0.1,20,200,5,1.0,predictive,P1+P2,2e-05,20,10.0,False,False,False,1.2372520417303015e-05,1.9774890016314663e-05,52.97405892961151,9.999802251099826,9.756176723132688,0.015848125931222694,0.2281728998362631,49.99901125549911,1.0595021301303271,0.4999901125549913,5.96656062337419,6.321583690016687,0.002649227968293711,0.0032065003619417905,0.0015848125931222695,0.07895413449784386,0.001584812593122271,0.8,self,,0.0,39.61124014854431,ok
C1,0.5,0.6,0.02,0.1,20,200,5,1.0,predictive,P1+P2,2e-05,20,30.0,False,False,False,3.036344673414356e-05,4.852624040288759e-05,53.27302375415646,9.999514737595963,9.372413942528066,0.04511111812641438,0.5829602017495574,49.99757368797977,1.0655121803833487,0.4999757368797981,5.890882545701521,6.276807105652639,0.005310551747370272,0.00849809847063449,0.004511111812641438,0.19750324203325595,0.0045111118126414645,0.8,self,,0.0,39.84605860710144,ok
C1,0.5,0.6,0.02,0.1,20,200,5,1.0,predictive,P1+P2,2e-05,20,100.0,False,False,False,0.0002123575838743007,0.00033932494154210845,54.270045093425146,9.996606750584567,8.467036229791763,0.1357837554516178,1.4005732641720527,49.98303375292284,1.0857693304830984,0.49983033752922834,5.7196379514657485,6.210207469168687,0.00803979458033912,0.022051304424451502,0.01357837554516178,0.42588409960466056,0.01357837554516184,0.8,self,,0.0,39.6819748878479,ok
C1,0.5,0.6,0.02,0.1,20,200,5,1.0,predictive,P1+P2,2e-05,20,300.0,False,False,False,0.0015503115852312606,0.002476636790023458,56.69074039508067,9.975233632099755,6.9996301595566495,0.3326299918781075,2.692506216465488,49.876168160498764,1.1366298271481678,0.49876168160498774,5.454583133777263,6.199841884510562,0.009255218522095258,0.04643936716138227,0.03326299918781075,0.605815000542911,0.03326299918781072,0.8,self,,0.0,40.00587797164917,ok
C1,0.5,0.6,0.02,0.1,20,200,5,1.0,predictive,P1+P2,2e-05,20,1000.0,False,False,False,0.006711585549934169,0.01071892218643226,61.297176004467666,9.892810778135676,4.808684082007083,0.7107893326361872,4.587715807221054,49.46405389067834,1.2392266946001227,0.4946405389067838,5.071522994339818,6.284766676864249,0.00970190129040083,0.08496281112396073,0.07107893326361872,0.687377600269523,0.07107893326361797,0.8,self,,0.0,39.6875216960907,ok
C1,0.5,0.6,0.02,0.1,20,200,5,1.0,predictive,P1+P2 (protect),2e-05,5,3.0,True,True,False,8.66589869281837e-06,1.3850960461742207e-05,52.86823273651532,9.999861490395373,9.916948710501151,0.005114601978673321,0.07807519712480193,49.999307451976904,1.05737930044919,0.49999307451976865,5.998815536915327,6.3430233759472605,8.27639288070747e-31,8.277238202056525e-31,0.0005114601978673322,0.026730718917728713,0.0005114601978673324,0.8,self,,0.0,1.0421624183654785,ok
C1,0.5,0.6,0.02,0.1,20,200,5,1.0,predictive,P1+P2 (protect),2e-05,5,10.0,True,True,False,1.2662812846000688e-05,2.0238824469790055e-05,52.98056205813032,9.999797611755294,9.750377911237152,0.015841730053944878,0.23398274695360932,49.998988058776554,1.0596326868825576,0.4999898805877647,5.965248331973604,6.320972117930885,6.586703275378078e-23,6.588944855425866e-23,0.001584173005394488,0.07855803030670455,0.001584173005394489,0.8,self,,0.0,1.0829977989196777,ok
C1,0.5,0.6,0.02,0.1,20,200,5,1.0,predictive,P1+P2 (protect),2e-05,5,30.0,True,True,False,3.258662495710481e-05,5.207890059860444e-05,53.295031837602544,9.999479210994007,9.359572431818302,0.04507137061893289,0.5958769865687579,49.997396054970054,1.0659561505764596,0.49997396054970034,5.887957353423859,6.276304355214056,2.28513400327709e-16,2.287464370013705e-16,0.00450713706189329,0.1956542513556187,0.004507137061893299,0.8,self,,0.0,1.0799765586853027,ok
C1,0.5,0.6,0.02,0.1,20,200,5,1.0,predictive,P1+P2 (protect),2e-05,5,100.0,True,True,False,0.00024773658437174915,0.0003958484842920228,54.363026701688746,9.996041515157065,8.44541175011238,0.13556666870973422,1.4229800660208216,49.98020757578536,1.087691094905072,0.4998020757578533,5.714465590854591,6.215573335313989,1.1713913760166924e-10,1.1753575049378046e-10,0.013556666870973422,0.41432401938959945,0.013556666870973434,0.8,self,,0.0,1.0102837085723877,ok
C1,0.5,0.6,0.02,0.1,20,200,5,1.0,predictive,P1+P2 (protect),2e-05,5,300.0,True,True,False,0.0018507224345346634,0.002956424502953663,56.979143870539765,9.970435754970467,6.973964875637819,0.33183956572262224,2.7237598036690915,49.852178774852305,1.1429619581498136,0.49852178774852335,5.446692263439571,6.225362054860333,3.620677777830821e-07,3.6570431271774647e-07,0.033183956572262224,0.5699762942696256,0.033183956572262224,0.8,self,,0.0,1.156869888305664,ok
C1,0.5,0.6,0.02,0.1,20,200,5,1.0,predictive,P1+P2 (protect),2e-05,5,1000.0,True,True,False,0.007850998275484465,0.012537758855296385,61.843610971302475,9.874622411447046,4.784617843108454,0.7083609945247902,4.63239875091971,49.37311205723522,1.252576724343626,0.4937311205723523,5.058342470968441,6.335962042893893,5.6596011160526454e-05,5.841971340326335e-05,0.07083609945247903,0.6362118756586078,0.07083609945247887,0.8,self,,0.0,1.0765478610992432,ok
C1,0.5,0.6,0.02,0.1,20,200,5,1.0,predictive,P1+P2 (protect),2e-05,10,3.0,True,True,False,8.665898692818342e-06,1.3850960461742165e-05,52.86823273651532,9.999861490395373,9.916948710501151,0.005114601978673321,0.07807519712480193,49.999307451976904,1.05737930044919,0.49999307451976865,5.998815536915327,6.3430233759472605,1.5086795399355994e-18,1.530880444180743e-18,0.0005114601978673322,0.026730718917728713,0.0005114601978673323,0.8,self,,0.0,1.2880938053131104,ok
C1,0.5,0.6,0.02,0.1,20,200,5,1.0,predictive,P1+P2 (protect),2e-05,10,10.0,True,True,False,1.2662812840067414e-05,2.023882446031486e-05,52.98056205812731,9.99979761175539,9.75037791123732,0.01584173005394268,0.23398274695334642,49.99898805877701,1.059632686882488,0.4999898805877695,5.965248331973678,6.320972117930547,3.147277967597755e-13,3.3001313191649494e-13,0.0015841730053942678,0.0785580303064406,0.0015841730053942694,0.8,self,,0.0,1.4775309562683105,ok
C1,0.5,0.6,0.02,0.1,20,200,5,1.0,predictive,P1+P2 (protect),2e-05,10,30.0,True,True,False,3.258651287676604e-05,5.207872161746825e-05,53.29503178325668,9.999479212783822,9.359572434778359,0.04507137061603798,0.5958769818217817,49.997396063919076,1.0659561492986904,0.4999739606391911,5.88795735476346,6.27630434911856,5.526772863013958e-09,6.309547239560515e-09,0.004507137061603798,0.19565424642479112,0.004507137061603799,0.8,self,,0.0,1.25895094871521,ok
C1,0.5,0.6,0.02,0.1,20,200,5,1.0,predictive,P1+P2 (protect),2e-05,10,100.0,True,True,False,0.0002474129700966856,0.0003953317604898737,54.362883374965044,9.9960466823951,8.445419157547498,0.13556675786502925,1.4229674021923735,49.98023341197552,1.0876876649787597,0.499802334119755,5.714469238181828,6.215557702270945,1.3028112377533085e-05,1.86148856914704e-05,0.013556675786502926,0.41431046875546895,0.013556675786502912,0.8,self,,0.0,1.3901875019073486,ok
C1,0.5,0.6,0.02,0.1,20,200,5,1.0,predictive,P1+P2 (protect),2e-05,10,300.0,True,True,False,0.001829063163201715,0.002921847846676071,56.97087030466589,9.970781521533242,6.974343697175193,0.33185439824112345,2.723020383050441,49.85390760766623,1.142756366321529,0.4985390760766621,5.446913299075122,6.224494849319498,0.0006507072767535995,0.001310962633379639,0.033185439824112345,0.5691313614253558,0.03318543982411233,0.8,self,,0.0,1.3210201263427734,ok
C1,0.5,0.6,0.02,0.1,20,200,5,1.0,predictive,P1+P2 (protect),2e-05,10,1000.0,True,True,False,0.007675028242214887,0.012256942614818257,61.78816948839767,9.877430573851814,4.786546013955927,0.7085829854157962,4.627440426776462,49.38715286925904,1.2510980264840823,0.4938715286925907,5.059916720209726,6.3304518228281985,0.0039761939063425265,0.011782800722744067,0.07085829854157963,0.6298500276460841,0.07085829854157943,0.8,self,,0.0,1.202354907989502,ok
C1,0.5,0.6,0.02,0.1,20,200,5,1.0,predictive,P1+P2 (protect),2e-05,15,3.0,True,True,False,8.66589630476283e-06,1.3850956646034346e-05,52.868232730846664,9.999861490433542,9.91694871097029,0.005114601966293412,0.07807519662987517,49.99930745216769,1.0573793003317806,0.49999307452167707,5.998815537030856,6.343023375365101,1.8269353838046268e-10,1.8843261993436746e-10,0.0005114601966293412,0.026730718278633374,0.0005114601966293416,0.8,self,,0.0,2.6234676837921143,ok
C1,0.5,0.6,0.02,0.1,20,200,5,1.0,predictive,P1+P2 (protect),2e-05,15,10.0,True,True,False,1.2661055102435316e-05,2.0236015930316017e-05,52.98055812136371,9.999797639840697,9.750378223347168,0.015841727753906555,0.2339824090582283,49.99898819920349,1.0596326051695526,0.49998988199203487,5.96524841207666,6.320971715372328,1.222867931044536e-07,1.350042926374417e-07,0.0015841727753906556,0.07855759325258152,0.0015841727753906556,0.8,self,,0.0,2.646268606185913,ok
C1,0.5,0.6,0.02,0.1,20,200,5,1.0,predictive,P1+P2 (protect),2e-05,15,30.0,True,True,False,3.224280284478759e-05,5.152955894501803e-05,53.29436716444838,9.999484704410541,9.359620148966833,0.04507138174704023,0.5958237648755862,49.99742352205278,1.0659422708240434,0.4999742352205271,5.887970187438658,6.276236312142631,1.806387242516577e-05,2.359004354009117e-05,0.004507138174704023,0.19558655553347806,0.004507138174704019,0.8,self,,0.0,2.5518927574157715,ok
C1,0.5,0.6,0.02,0.1,20,200,5,1.0,predictive,P1+P2 (protect),2e-05,15,100.0,True,True,False,0.00022234945552217109,0.00035529123825255493,54.32880697380903,9.996447087617472,8.447412801569094,0.13558712724204736,1.4205529835713868,49.98223543808743,1.0869623276675102,0.49982235438087363,5.715077183183251,6.212073597832344,0.0006968979193462415,0.0013605626237649484,0.013558712724204737,0.4114654452699963,0.013558712724204766,0.8,self,,0.0,2.4549553394317627,ok
C1,0.5,0.6,0.02,0.1,20,200,5,1.0,predictive,P1+P2 (protect),2e-05,15,300.0,True,True,False,0.0015731020039018641,0.0025130293994956292,56.74937773803638,9.974869706005036,6.984609976361472,0.33220346437353504,2.708316853259957,49.87434853002527,1.1378469977181198,0.4987434853002518,5.4508975659463665,6.20228743028108,0.003582127751189902,0.012071917150871093,0.033220346437353505,0.554002079258904,0.03322034643735366,0.8,self,,0.0,2.5152151584625244,ok
C1,0.5,0.6,0.02,0.1,20,200,5,1.0,predictive,P1+P2 (protect),2e-05,15,1000.0,True,True,False,0.0068658760753873985,0.010965113189791317,61.356543345026424,9.890348868102071,4.801331118244888,0.7101337063197591,4.598186307333282,49.451744340510444,1.2407356740046007,0.49451744340510356,5.068692122633747,6.288907137097793,0.007136887895140703,0.041234365027853555,0.07101337063197592,0.6035493373313631,0.0710133706319759,0.8,self,,0.0,2.7207484245300293,ok
C1,0.5,0.6,0.02,0.1,20,200,5,1.0,predictive,P1+P2 (protect),2e-05,20,3.0,True,True,False,7.379888889516254e-06,1.1795609387163782e-05,52.82204849481069,9.999882043906126,9.967200928440588,0.004711959020742675,0.028205068632543018,49.999410219530596,1.0564534314082275,0.4999941021953063,6.010008176265499,6.34929376060719,0.0005376840419602992,0.0005641013726509956,0.0004711959020742675,9.634924839995644e-05,0.000471195902074268,0.8,self,,0.0,7.816266775131226,ok
C1,0.5,0.6,0.02,0.1,20,200,5,1.0,predictive,P1+P2 (protect),2e-05,20,10.0,True,True,False,7.932093867768294e-06,1.2678151976108096e-05,52.83934297925824,9.99987321848024,9.891328792575909,0.0155763169883701,0.09322167195548126,49.99936609240116,1.056800257859443,0.499993660924012,5.996973796005101,6.337603453994514,0.0016032009058229298,0.0018644334391098097,0.0015576316988370103,0.00031869263977681326,0.0015576316988370103,0.8,self,,0.0,8.201750755310059,ok
C1,0.5,0.6,0.02,0.1,20,200,5,1.0,predictive,P1+P2 (protect),2e-05,20,30.0,True,True,False,1.1028201006098197e-05,1.7626096767562733e-05,52.89810230946663,9.99982373903232,9.681471558076385,0.04564809319448344,0.2730566096968108,49.999118695161606,1.057980694259428,0.49999118695161604,5.960920305323969,6.306538603051775,0.0036871062678792135,0.0054611321939361315,0.004564809319448344,0.0009359785958376674,0.0045648093194483545,0.8,self,,0.0,8.017419338226318,ok
C1,0.5,0.6,0.02,0.1,20,200,5,1.0,predictive,P1+P2 (protect),2e-05,20,100.0,True,True,False,6.889131751526712e-05,0.00011008191370574681,53.227174657618576,9.998899180862942,9.020003851049589,0.14078020738250047,0.8403167607049689,49.994495904314704,1.0646606930389086,0.4999449590431471,5.847121285143096,6.225200199723003,0.0067050014309631405,0.016806335214099525,0.014078020738250048,0.0029294435255507612,0.014078020738250048,0.8,self,,0.0,8.09564995765686,ok
C1,0.5,0.6,0.02,0.1,20,200,5,1.0,predictive,P1+P2 (protect),2e-05,20,300.0,True,True,False,0.0008708814110107912,0.0013912260352726853,54.7767872031147,9.986087739647273,7.604572835230138,0.34854431267521213,2.0607951124473773,49.930438698236436,1.0970620052863553,0.4993043869823636,5.601115335786104,6.1447708221176605,0.008641943555732431,0.04121590224894745,0.03485443126752121,0.010601215036859103,0.034854431267521135,0.8,self,,0.0,7.894927263259888,ok
C1,0.5,0.6,0.02,0.1,20,200,5,1.0,predictive,P1+P2 (protect),2e-05,20,1000.0,True,True,False,0.005242173922292342,0.00837224697299391,59.24971666953791,9.916277530270076,5.231417889493659,0.7399869508131889,4.112317629423077,49.581387651350276,1.194999161503386,0.4958138765135038,5.186687418452781,6.1980871160312345,0.0095110086915372,0.08224635258846236,0.07399869508131889,0.09818448428684944,0.0739986950813186,0.8,self,,0.0,8.07964015007019,ok
C1,0.5,0.6,0.02,0.1,20,200,5,1.0,predictive,NoCancel,5.220314431365078e-05,0,1.0,False,False,True,7.493670585861729e-06,1.1977460366715666e-05,52.82628512081591,9.999880225396323,9.969356529148262,0.0052043175760536345,0.025558927879361093,49.99940112698167,1.056538357062616,0.49999401126981613,6.010678887164252,6.350512796275471,0.0,0.0,0.0005204317576053634,0.0,0.0005204317576053633,0.8,self,,0.0,13.029921531677246,ok
C1,0.5,0.6,0.02,0.1,20,200,5,1.0,predictive,P2 only,5.220314431365078e-05,0,3.0,False,False,False,1.1502672926385703e-05,1.8384718445007264e-05,52.95273240358728,9.999816152815557,9.792862756485935,0.013200705805802968,0.194120384892706,49.999080764077746,1.0590741188512331,0.49999080764077786,5.973846402014607,6.32674611436623,0.0,0.0,0.001320070580580297,0.06650495961250608,0.001320070580580296,0.8,self,,0.0,1.0979564189910889,ok
C1,0.5,0.6,0.02,0.1,20,200,5,1.0,predictive,P2 only,5.220314431365078e-05,0,10.0,False,False,False,2.7827633484041868e-05,4.447385563796153e-05,53.24063647668922,9.99955526144363,9.422549414546696,0.040126597180747424,0.5377687268289257,49.997776307218125,1.0648600879676107,0.4999777630721815,5.900333662534353,6.283029822924586,0.0,0.0,0.004012659718074743,0.17852352112914377,0.004012659718074746,0.8,self,,0.0,1.1019997596740723,ok
C1,0.5,0.6,0.02,0.1,20,200,5,1.0,predictive,P2 only,5.220314431365078e-05,0,30.0,False,False,False,0.000155170587564004,0.00024795297869446495,54.0429361621462,9.997520470213054,8.679775430479085,0.10968389817534857,1.2130202011325135,49.98760235106524,1.0811267918513106,0.4998760235106527,5.758159878237587,6.225300916125935,0.0,0.0,0.010968389817534858,0.3688335703480161,0.010968389817534856,0.8,self,,0.0,1.0764796733856201,ok
C1,0.5,0.6,0.02,0.1,20,200,5,1.0,predictive,P2 only,5.220314431365078e-05,0,100.0,False,False,False,0.0014769440905581634,0.0023594189893166497,56.534687065639325,9.976405810106828,7.1954068629886265,0.29937897185751566,2.5288083550470297,49.8820290505342,1.1333678308948798,0.4988202905053414,5.486687005730832,6.218434550484275,0.0,0.0,0.02993789718575157,0.5594259950283269,0.029937897185751586,0.8,self,,0.0,1.013148546218872,ok
C1,0.5,0.6,0.02,0.1,20,200,5,1.0,predictive,P2 only,5.220314431365078e-05,0,300.0,False,False,False,0.006296447834559222,0.01005577948126483,60.785250312895016,9.899442205187343,5.236185289473369,0.6206634577903574,4.243709047548931,49.49721102593681,1.2280540469450534,0.49497211025936716,5.1365698942480735,6.307985446047471,0.0,0.0,0.06206634577903574,0.6193915126410698,0.0620663457790356,0.8,self,,0.0,1.0226426124572754,ok
C1,0.5,0.6,0.02,0.1,20,200,5,1.0,predictive,P2 only,5.220314431365078e-05,0,1000.0,False,False,False,0.01420627553972815,0.02268222092451217,65.80703048903044,9.773177790754861,3.238625274825513,1.0933692585985484,5.8948276758210785,48.865888953774395,1.346686449340599,0.48865888953774306,4.8161993581132325,6.485910412893981,0.0,0.0,0.10933692585985484,0.7972828090961888,0.10933692585985474,0.8,self,,0.0,1.0502610206604004,ok
C1,0.5,0.6,0.02,0.1,20,200,5,1.0,predictive,P1 only,5.220314431365078e-05,5,1.0,False,False,False,8.671140830651945e-06,1.3859340699531215e-05,52.8688805097197,9.99986140659301,9.919241756300586,0.005178156088861502,0.07571868101754298,49.99930703296504,1.0573922649540466,0.49999307032965046,5.9993566840974655,6.343673352465018,1.0774108930722575e-31,1.0775066387350226e-31,0.0005178156088861502,0.027133478591983944,0.0005178156088861506,0.8,self,,0.0,1.1384892463684082,ok
C1,0.5,0.6,0.02,0.1,20,200,5,1.0,predictive,P1 only,5.220314431365078e-05,10,1.0,False,False,False,8.671140830651942e-06,1.385934069953121e-05,52.868880509719695,9.999861406593007,9.919241756300584,0.0051781560888615,0.07571868101754653,49.99930703296504,1.0573922649540466,0.49999307032965035,5.9993566840974655,6.343673352465018,3.92704456450566e-19,3.9774309069382994e-19,0.0005178156088861501,0.02713347859198394,0.0005178156088861505,0.8,self,,0.0,1.8681910037994385,ok
C1,0.5,0.6,0.02,0.1,20,200,5,1.0,predictive,P1 only,5.220314431365078e-05,15,1.0,False,False,False,8.671140727636325e-06,1.3859340534930282e-05,52.86888050947898,9.999861406594658,9.919241756322382,0.005178156088872879,0.07571868099408796,49.99930703297321,1.0573922649490592,0.4999930703297329,5.999356684103008,6.343673352440957,9.493612064661765e-11,9.757286574770605e-11,0.000517815608887288,0.0271334786885936,0.0005178156088872877,0.8,self,,0.0,7.854259014129639,ok
C1,0.5,0.6,0.02,0.1,20,200,5,1.0,predictive,P1 only,5.220314431365078e-05,20,1.0,False,False,False,8.616800090107302e-06,1.3772491903129725e-05,52.86708727886869,9.999862275080956,9.921169073917815,0.005179162209258599,0.07378948879197011,49.999311375404766,1.0573563080085662,0.49999311375404776,5.999792168639346,6.343918096251207,0.0009378924871508948,0.000992330340416566,0.00051791622092586,0.027234422624366563,0.0005179162209258603,0.8,self,,0.0,39.86212635040283,ok
C1,0.5,0.6,0.02,0.1,20,200,5,1.0,predictive,P1 only (protect),5.220314431365078e-05,5,1.0,True,True,False,8.671140830651945e-06,1.3859340699531215e-05,52.8688805097197,9.99986140659301,9.919241756300586,0.005178156088861502,0.07571868101754298,49.99930703296504,1.0573922649540466,0.49999307032965046,5.9993566840974655,6.343673352465018,1.0773882514823242e-31,1.0774839946974045e-31,0.0005178156088861502,0.027133478591983944,0.0005178156088861506,0.8,self,,0.0,1.0907444953918457,ok
C1,0.5,0.6,0.02,0.1,20,200,5,1.0,predictive,P1 only (protect),5.220314431365078e-05,10,1.0,True,True,False,8.671140830651933e-06,1.3859340699531195e-05,52.8688805097197,9.99986140659301,9.919241756300586,0.0051781560888614995,0.07571868101754298,49.99930703296505,1.0573922649540466,0.49999307032965046,5.9993566840974655,6.343673352465018,3.9211137878417467e-19,3.9713444146570915e-19,0.00051781560888615,0.027133478591983926,0.0005178156088861506,0.8,self,,0.0,1.3734591007232666,ok
C1,0.5,0.6,0.02,0.1,20,200,5,1.0,predictive,P1 only (protect),5.220314431365078e-05,15,1.0,True,True,False,8.671139539453743e-06,1.3859338636413689e-05,52.868880506643016,9.999861406613642,9.919241756556309,0.005178156069556378,0.07571868076049348,49.99930703306814,1.0573922648903318,0.4999930703306821,5.999356684155654,6.343673352144298,9.349822436426091e-11,9.60546507175249e-11,0.0005178156069556378,0.02713347826592436,0.0005178156069556377,0.8,self,,0.0,2.5750174522399902,ok
C1,0.5,0.6,0.02,0.1,20,200,5,1.0,predictive,P1 only (protect),5.220314431365078e-05,20,1.0,True,True,False,7.354106935152566e-06,1.1754403696219241e-05,52.8211301226944,9.999882455963055,9.971464435324805,0.004101561015793619,0.02455154769634582,49.999412279815196,1.0564350202175943,0.49999412279815275,6.010740629739759,6.349956898701838,0.0004708960008590409,0.0004910309539273003,0.00041015610157936195,8.386537271188045e-05,0.00041015610157936326,0.8,self,,0.0,8.026923894882202,ok
C1,0.5,0.6,0.02,0.1,20,200,5,1.0,predictive,P1+P2,5.220314431365078e-05,5,3.0,False,False,False,1.1502672926385702e-05,1.8384718445007264e-05,52.95273240358728,9.999816152815557,9.792862756485935,0.013200705805802968,0.194120384892706,49.999080764077746,1.0590741188512331,0.49999080764077786,5.973846402014607,6.32674611436623,1.869524854938986e-24,1.8700231193139025e-24,0.001320070580580297,0.06650495961250608,0.001320070580580296,0.8,self,,0.0,1.1110260486602783,ok
C1,0.5,0.6,0.02,0.1,20,200,5,1.0,predictive,P1+P2,5.220314431365078e-05,5,10.0,False,False,False,2.782763348404173e-05,4.4473855637961314e-05,53.24063647668921,9.999555261443628,9.4225494145467,0.0401265971807474,0.537768726828924,49.99777630721811,1.064860087967611,0.49997776307218145,5.900333662534354,6.283029822924588,3.898876651924558e-17,3.902336797093135e-17,0.00401265971807474,0.17852352112914371,0.004012659718074746,0.8,self,,0.0,1.2598545551300049,ok
C1,0.5,0.6,0.02,0.1,20,200,5,1.0,predictive,P1+P2,5.220314431365078e-05,5,30.0,False,False,False,0.00015517058752704906,0.0002479529786355768,54.042936162137956,9.997520470213638,8.679775430479573,0.1096838981753536,1.2130202011314353,49.98760235106821,1.0811267918510816,0.49987602351068194,5.758159878237919,6.225300916124976,1.1623475263215568e-11,1.1654330100401743e-11,0.01096838981753536,0.3688335703513389,0.010968389817535366,0.8,self,,0.0,1.1026055812835693,ok
C1,0.5,0.6,0.02,0.1,20,200,5,1.0,predictive,P1+P2,5.220314431365078e-05,5,100.0,False,False,False,0.0014769435760210606,0.002359418169407052,56.534686953584185,9.976405818305922,7.195406868593469,0.29937897204716696,2.528808341053441,49.88202909152963,1.133367827717021,0.4988202909152961,5.486687010149218,6.218434538056016,1.6033477915347396e-07,1.6173894677163524e-07,0.029937897204716696,0.5594260410026475,0.02993789720471662,0.8,self,,0.0,1.1495816707611084,ok
C1,0.5,0.6,0.02,0.1,20,200,5,1.0,predictive,P1+P2,5.220314431365078e-05,5,300.0,False,False,False,0.006296362498786917,0.01005564350743626,60.785232235041704,9.89944356492564,5.236185985537886,0.6206635207595897,4.243706928776883,49.497217824628116,1.2280535130359804,0.49497217824628204,5.136570586181453,6.307983553317418,2.612584817461368e-05,2.6792798589388398e-05,0.06206635207595898,0.6193989438902457,0.06206635207595879,0.8,self,,0.0,1.0877723693847656,ok
C1,0.5,0.6,0.02,0.1,20,200,5,1.0,predictive,P1+P2,5.220314431365078e-05,5,1000.0,False,False,False,0.0142046638854309,0.022679653365216504,65.80670107425807,9.77320346634783,3.238634081746043,1.09337118526285,5.894791266643277,48.866017331739215,1.3466761702209693,0.48866017331739153,4.81621172274551,6.48587755776026,0.0004691793801013538,0.0005055388707739261,0.10933711852628501,0.7974120842120546,0.10933711852628498,0.8,self,,0.0,1.1543283462524414,ok
C1,0.5,0.6,0.02,0.1,20,200,5,1.0,predictive,P1+P2,5.220314431365078e-05,10,3.0,False,False,False,1.1502672926248496e-05,1.8384718444788154e-05,52.9527324035872,9.999816152815555,9.792862756485937,0.013200705805802977,0.194120384892706,49.99908076407775,1.0590741188512314,0.49999080764077775,5.9738464020146065,6.326746114366218,2.968126084612603e-14,3.0815183311483077e-14,0.0013200705805802978,0.06650495961253465,0.0013200705805802963,0.8,self,,0.0,1.739267349243164,ok
C1,0.5,0.6,0.02,0.1,20,200,5,1.0,predictive,P1+P2,5.220314431365078e-05,10,10.0,False,False,False,2.782762374693641e-05,4.447384008903209e-05,53.24063647203577,9.999555261599122,9.422549414811709,0.040126597181741455,0.5377687264074282,49.99777630799551,1.0648600878579808,0.4999777630799561,5.900333662652972,6.283029822404046,1.8204103252664452e-09,2.0462743391946455e-09,0.004012659718174146,0.17852352296740698,0.004012659718174145,0.8,self,,0.0,1.8285279273986816,ok
C1,0.5,0.6,0.02,0.1,20,200,5,1.0,predictive,P1+P2,5.220314431365078e-05,10,30.0,False,False,False,0.00015514394898607514,0.0002479104451334427,54.042924581470984,9.99752089554867,8.679776066416343,0.10968390511739598,1.2130191329175908,49.98760447774334,1.0811265141847965,0.49987604477743347,5.758160184225157,6.22529964808903,3.6515851061568856e-06,4.915388964748228e-06,0.010968390511739598,0.3688376283828256,0.010968390511739605,0.8,self,,0.0,1.9221251010894775,ok
C1,0.5,0.6,0.02,0.1,20,200,5,1.0,predictive,P1+P2,5.220314431365078e-05,10,100.0,False,False,False,0.001471163805555116,0.002350191975955999,56.53257071997899,9.976498080240447,7.195510137520713,0.2993825886583399,2.5286091935805013,49.882490401202304,1.1333149220355767,0.49882490401202234,5.486746354795589,6.218211517314147,0.00045948464153102125,0.0008828125872767941,0.02993825886583399,0.5600096621997718,0.029938258865833987,0.8,self,,0.0,1.8397314548492432,ok
C1,0.5,0.6,0.02,0.1,20,200,5,1.0,predictive,P1+P2,5.220314431365078e-05,10,300.0,False,False,False,0.006231978746911286,0.009952902685295233,60.765442079433626,9.90047097314706,5.236946527767241,0.6207351232965481,4.241847375789151,49.502354865735185,1.227526291309721,0.495023548657353,5.1371553614468235,6.305993268718668,0.0031582347254429607,0.008729350581041533,0.062073512329654815,0.6234934131360169,0.062073512329654947,0.8,self,,0.0,1.8729262351989746,ok
C1,0.5,0.6,0.02,0.1,20,200,5,1.0,predictive,P1+P2,5.220314431365078e-05,10,1000.0,False,False,False,0.01401817570799264,0.02238219577265581,65.75790856152791,9.776178042273452,3.2399343329935975,1.09367250751758,5.890215117215371,48.88089021136724,1.345268228078136,0.4888089021136726,4.817736716021792,6.481148135309614,0.0066827927548670256,0.024431561351997488,0.109367250751758,0.8045925523755943,0.10936725075175827,0.8,self,,0.0,1.8598861694335938,ok
C1,0.5,0.6,0.02,0.1,20,200,5,1.0,predictive,P1+P2,5.220314431365078e-05,15,3.0,False,False,False,1.1502625657323719e-05,1.8384642918634023e-05,52.952732301306746,9.99981615357081,9.792862765273398,0.013200705815433205,0.19412037534035775,49.999080767854025,1.0590741167255961,0.49999080767854054,5.973846404284535,6.326746104072022,3.641817565506757e-08,3.9433919070948894e-08,0.0013200705815433207,0.06650499902595083,0.0013200705815433213,0.8,self,,0.0,7.736852645874023,ok
C1,0.5,0.6,0.02,0.1,20,200,5,1.0,predictive,P1+P2,5.220314431365078e-05,15,10.0,False,False,False,2.7804392948941262e-05,4.443672414945879e-05,53.24059632899935,9.999555632758481,9.422552403758875,0.040126606610645855,0.5377653568719989,49.9977781637925,1.064859245436535,0.49997778163792406,5.900334480017161,6.283025722214245,1.0565874961028891e-05,1.3425931554165357e-05,0.004012660661064585,0.17853726838052827,0.004012660661064588,0.8,self,,0.0,7.924989700317383,ok
C1,0.5,0.6,0.02,0.1,20,200,5,1.0,predictive,P1+P2,5.220314431365078e-05,15,30.0,False,False,False,0.00015284141145144545,0.0002442321840896225,54.04026906366797,9.997557678159104,8.679935024152503,0.10968539588363899,1.2128219018047535,49.9877883907955,1.0810694132173024,0.49987788390795523,5.758210433207106,6.225025174208954,0.00039829543229306875,0.0007046928997514743,0.010968539588363899,0.36956635935906224,0.010968539588363918,0.8,self,,0.0,7.83969521522522,ok
C1,0.5,0.6,0.02,0.1,20,200,5,1.0,predictive,P1+P2,5.220314431365078e-05,15,100.0,False,False,False,0.0014060116191330024,0.002246144107885068,56.48888123528515,9.977538558921152,7.197587944483378,0.29944935883101814,2.5254241377644524,49.887692794605755,1.1323209808049726,0.4988769279460576,5.487631386536577,6.213760153899249,0.003129975950639779,0.009849129384611586,0.029944935883101816,0.5682901721757285,0.029944935883101848,0.8,self,,0.0,7.916831016540527,ok
C1,0.5,0.6,0.02,0.1,20,200,5,1.0,predictive,P1+P2,5.220314431365078e-05,15,300.0,False,False,False,0.005922752674617582,0.009459271630101802,60.62948777694349,9.905407283698983,5.2420438406492496,0.6211977317468234,4.231351143904944,49.52703641849495,1.224169507430946,0.49527036418494913,5.140335139631697,6.292641535912917,0.006560758459835894,0.034650288296672695,0.06211977317468234,0.640256129356519,0.062119773174682306,0.8,self,,0.0,7.822877883911133,ok
C1,0.5,0.6,0.02,0.1,20,200,5,1.0,predictive,P1+P2,5.220314431365078e-05,15,1000.0,False,False,False,0.013405892707234156,0.0214052953644138,65.56449997994802,9.785947046355865,3.245064699981532,1.0948673700873237,5.87412088357528,48.9297352317795,1.3399725068891106,0.48929735231779325,4.823016259833744,6.462709188456364,0.00863591187918766,0.0641872639140377,0.10948673700873238,0.8191492267892964,0.1094867370087324,0.8,self,,0.0,7.882742404937744,ok
C1,0.5,0.6,0.02,0.1,20,200,5,1.0,predictive,P1+P2,5.220314431365078e-05,20,3.0,False,False,False,1.129536140849736e-05,1.8053397238486488e-05,52.947575031083694,9.99981946602761,9.797698368845674,0.013205764448035806,0.18927640067867912,49.99909733013802,1.0589706186389172,0.4999909733013805,5.974940405785391,6.327286337845218,0.0022507876697504415,0.00262693245717785,0.0013205764448035806,0.06681498953337318,0.0013205764448035878,0.8,self,,0.0,39.24009466171265,ok
C1,0.5,0.6,0.02,0.1,20,200,5,1.0,predictive,P1+P2,5.220314431365078e-05,20,10.0,False,False,False,2.615653779417978e-05,4.1803383915152543e-05,53.221769080112146,9.999581966160845,9.434377694162823,0.04016053678712414,0.5258798028892091,49.997909830804176,1.0644798804633573,0.4999790983080422,5.903024781529179,6.283651113814416,0.004974105692539924,0.007601479027568587,0.004016053678712414,0.18004267850777256,0.0040160536787124295,0.8,self,,0.0,40.04351186752319,ok
C1,0.5,0.6,0.02,0.1,20,200,5,1.0,predictive,P1+P2,5.220314431365078e-05,20,30.0,False,False,False,0.00013497419294777023,0.0002156842184823492,53.9734423941732,9.997843157815161,8.699892204722143,0.10984565768594708,1.1924189797767486,49.98921578907578,1.0797017225056789,0.4998921578907581,5.762880123530966,6.2221915959701235,0.00760973193382219,0.018407883813751483,0.010984565768594709,0.3770481496270238,0.010984565768594778,0.8,self,,0.0,39.49685573577881,ok
C1,0.5,0.6,0.02,0.1,20,200,5,1.0,predictive,P1+P2,5.220314431365078e-05,20,100.0,False,False,False,0.0012366660095833768,0.0019756497089867104,56.27820678109194,9.980243502910117,7.2207912389196665,0.3000598971871886,2.498905360983027,49.90121751455062,1.1277922580682898,0.49901217514550583,5.494112326373994,6.196217346642151,0.009162455835082371,0.04261285284534031,0.030005989718718862,0.5919150444133894,0.030005989718718706,0.8,self,,0.0,39.4424512386322,ok
C1,0.5,0.6,0.02,0.1,20,200,5,1.0,predictive,P1+P2,5.220314431365078e-05,20,300.0,False,False,False,0.005354845629319599,0.008552543602700911,60.28009660650876,9.914474563972988,5.261207671312315,0.6226813095391915,4.201636455175507,49.572372819864945,1.2160018408953979,0.4957237281986494,5.148625181479112,6.2607376987590015,0.009651739792232985,0.07698539136557943,0.06226813095391916,0.6700524392479498,0.06226813095391884,0.8,self,,0.0,39.52128291130066,ok
C1,0.5,0.6,0.02,0.1,20,200,5,1.0,predictive,P1+P2,5.220314431365078e-05,20,1000.0,False,False,False,0.012385493242044666,0.019776979165303403,65.18228677766876,9.802230208346984,3.2571116480501434,1.0974467333683173,5.843211410234556,49.011151041734706,1.3299480912448634,0.4901115104173492,4.832825839006454,6.427407499905489,0.009811267403593988,0.11105552047992862,0.10974467333683174,0.8414898007058996,0.10974467333683119,0.8,self,,0.0,39.5840630531311,ok
C1,0.5,0.6,0.02,0.1,20,200,5,1.0,predictive,P1+P2 (protect),5.220314431365078e-05,5,3.0,True,True,False,1.15026729263857e-05,1.838471844500726e-05,52.952732403587255,9.999816152815555,9.792862756485935,0.013200705805802968,0.19412038489270778,49.999080764077725,1.0590741188512331,0.49999080764077775,5.9738464020146065,6.3267461143662285,1.8695018500434216e-24,1.870000107351393e-24,0.001320070580580297,0.06650495961250605,0.0013200705805802954,0.8,self,,0.0,1.0473849773406982,ok
C1,0.5,0.6,0.02,0.1,20,200,5,1.0,predictive,P1+P2 (protect),5.220314431365078e-05,5,10.0,True,True,False,2.7827633484041617e-05,4.447385563796113e-05,53.24063647668922,9.99955526144363,9.422549414546697,0.040126597180747424,0.537768726828924,49.997776307218125,1.0648600879676107,0.4999777630721815,5.900333662534354,6.283029822924587,3.898840540112913e-17,3.902300649891233e-17,0.004012659718074743,0.1785235211291438,0.004012659718074747,0.8,self,,0.0,1.130889892578125,ok
C1,0.5,0.6,0.02,0.1,20,200,5,1.0,predictive,P1+P2 (protect),5.220314431365078e-05,5,30.0,True,True,False,0.00015517058749543006,0.00024795297858519136,54.04293616213103,9.997520470214155,8.67977543047998,0.1096838981752512,1.2130202011306128,49.9876023510707,1.0811267918508891,0.49987602351070776,5.758159878238166,6.225300916124135,1.162337843188012e-11,1.1654232990321159e-11,0.01096838981752512,0.3688335703437483,0.010968389817525136,0.8,self,,0.0,1.080169439315796,ok
C1,0.5,0.6,0.02,0.1,20,200,5,1.0,predictive,P1+P2 (protect),5.220314431365078e-05,5,100.0,True,True,False,0.0014769431779946497,0.002359417535147923,56.53468686683679,9.976405824648516,7.195406872923348,0.2993789717439881,2.5288083306841482,49.88202912324254,1.1333678252574222,0.4988202912324258,5.486687013396686,6.218434528241543,1.6033353188884634e-07,1.6173768774492354e-07,0.02993789717439881,0.5594259363845314,0.029937897174398768,0.8,self,,0.0,1.0440950393676758,ok
C1,0.5,0.6,0.02,0.1,20,200,5,1.0,predictive,P1+P2 (protect),5.220314431365078e-05,5,300.0,True,True,False,0.006296299592945825,0.010055543269682202,60.785218871441714,9.899444567303181,5.236186498783487,0.6206635417225838,4.243705392190748,49.49722283651591,1.2280531187014039,0.4949722283651591,5.136571086719076,6.307982142476821,2.6125662974415578e-05,2.6792608309103434e-05,0.06206635417225838,0.619381905126573,0.062066354172258455,0.8,self,,0.0,1.1195366382598877,ok
C1,0.5,0.6,0.02,0.1,20,200,5,1.0,predictive,P1+P2 (protect),5.220314431365078e-05,5,1000.0,True,True,False,0.014203556043847324,0.02267788824794603,65.80647269929146,9.773221117520526,3.2386401736447668,1.0933723667371695,5.8947663420975385,48.866105587602675,1.3466690645383976,0.4886610558760263,4.816220177703384,6.485854721318772,0.000469176817743824,0.0005055360957618688,0.10933723667371696,0.7971066767923937,0.10933723667371707,0.8,self,,0.0,1.0912978649139404,ok
C1,0.5,0.6,0.02,0.1,20,200,5,1.0,predictive,P1+P2 (protect),5.220314431365078e-05,10,3.0,True,True,False,1.150267292581764e-05,1.838471844410009e-05,52.95273240358699,9.999816152815562,9.79286275648595,0.013200705805802203,0.19412038489268468,49.999080764077796,1.0590741188512263,0.4999908076407781,5.973846402014613,6.326746114366195,2.964176996312007e-14,3.0772525269392835e-14,0.0013200705805802204,0.06650495961248157,0.0013200705805802224,0.8,self,,0.0,1.423219919204712,ok
C1,0.5,0.6,0.02,0.1,20,200,5,1.0,predictive,P1+P2 (protect),5.220314431365078e-05,10,10.0,True,True,False,2.782759687271522e-05,4.4473797172909965e-05,53.24063645882485,9.99955526202827,9.422549415522518,0.04012659716947381,0.5377687252797383,49.99777631014132,1.064860087548049,0.4999777631014135,5.900333662970061,6.283029820913,1.818330975028938e-09,2.043637477667598e-09,0.004012659716947381,0.17852351952936932,0.0040126597169473826,0.8,self,,0.0,1.2638845443725586,ok
C1,0.5,0.6,0.02,0.1,20,200,5,1.0,predictive,P1+P2 (protect),5.220314431365078e-05,10,30.0,True,True,False,0.00015508448452427286,0.00024781549134664786,54.04289707725129,9.997521845086533,8.679777480572222,0.10968390894338248,1.213016765397862,49.98760922543267,1.0811258612815469,0.49987609225432666,5.758160861687494,6.225296620989586,3.6484558127415342e-06,4.909815757338872e-06,0.010968390894338249,0.3688299295837485,0.010968390894338261,0.8,self,,0.0,1.3343734741210938,ok
C1,0.5,0.6,0.02,0.1,20,200,5,1.0,predictive,P1+P2 (protect),5.220314431365078e-05,10,100.0,True,True,False,0.0014622300301958603,0.002335928815049772,56.528944295675814,9.976640711849498,7.19567542361945,0.29938779734853305,2.5282960671825183,49.88320355924757,1.1332260212304714,0.4988320355924749,5.48683922635174,6.21782898560986,0.0004592569583880669,0.00088210978788213,0.029938779734853305,0.5588472153432167,0.029938779734853295,0.8,self,,0.0,1.3072881698608398,ok
C1,0.5,0.6,0.02,0.1,20,200,5,1.0,predictive,P1+P2 (protect),5.220314431365078e-05,10,300.0,True,True,False,0.00616284409241256,0.009842555203612668,60.741530428826856,9.901574447963881,5.237811764117249,0.6208151602017714,4.239798627717097,49.507872239819385,1.226906503567572,0.49507872239819406,5.1377955251218035,6.303594743772309,0.0031574807439280895,0.008725857354806257,0.06208151602017714,0.6144884233956185,0.06208151602017702,0.8,self,,0.0,1.271470546722412,ok
C1,0.5,0.6,0.02,0.1,20,200,5,1.0,predictive,P1+P2 (protect),5.220314431365078e-05,10,1000.0,True,True,False,0.013873665040314006,0.022151624895931747,65.71566040135866,9.778483751040692,3.24100752123404,1.09392246050861,5.886586267216657,48.89241875520347,1.3440869172455236,0.4889241875520346,4.818939692118452,6.477073795171583,0.006682495074139616,0.024429398207027987,0.10939224605086101,0.7858150579470795,0.10939224605086104,0.8,self,,0.0,1.3627855777740479,ok
C1,0.5,0.6,0.02,0.1,20,200,5,1.0,predictive,P1+P2 (protect),5.220314431365078e-05,15,3.0,True,True,False,1.150216334828247e-05,1.838390423283955e-05,52.952731241437334,9.999816160957666,9.792862849874167,0.013200703329065375,0.19412028583910157,49.99908080478834,1.0590740947454802,0.4999908080478833,5.9738464252119385,6.326745994929857,3.59312915563803e-08,3.8863576173523415e-08,0.0013200703329065376,0.0665048321131674,0.0013200703329065392,0.8,self,,0.0,2.548222064971924,ok
C1,0.5,0.6,0.02,0.1,20,200,5,1.0,predictive,P1+P2 (protect),5.220314431365078e-05,15,10.0,True,True,False,2.7637490888575946e-05,4.417005312590768e-05,53.240258792279114,9.999558299468744,9.422577010476505,0.04012642620017141,0.53773826385458,49.997791497343734,1.0648522104242872,0.4999779149734372,5.900340965796373,6.282991119685241,1.0450398217786498e-05,1.3242656035847211e-05,0.004012642620017141,0.17848469384048826,0.004012642620017142,0.8,self,,0.0,2.6663362979888916,ok
C1,0.5,0.6,0.02,0.1,20,200,5,1.0,predictive,P1+P2 (protect),5.220314431365078e-05,15,30.0,True,True,False,0.0001428726273782393,0.00022830563055861977,54.02474873428133,9.997716943694407,8.680891941447534,0.10968976016100873,1.21170135469705,49.9885847184721,1.0807417141041356,0.49988584718472034,5.758487823802826,6.2234380013444595,0.00039541936543270253,0.0006965729832496765,0.010968976016100874,0.3672450295607711,0.010968976016100876,0.8,self,,0.0,2.8747715950012207,ok
C1,0.5,0.6,0.02,0.1,20,200,5,1.0,predictive,P1+P2 (protect),5.220314431365078e-05,15,100.0,True,True,False,0.001255826535648087,0.002006250910627888,56.33943950077856,9.979937490893716,7.204734257909687,0.2996469674767897,2.5156812837198075,49.89968745446865,1.1290539555420245,0.49899687454468583,5.490219756431473,6.198754332793924,0.003120858385957752,0.009785854798378839,0.029964696747678973,0.5456348933708919,0.029964696747679,0.8,self,,0.0,2.433628797531128,ok
C1,0.5,0.6,0.02,0.1,20,200,5,1.0,predictive,P1+P2 (protect),5.220314431365078e-05,15,300.0,True,True,False,0.005464847575723384,0.008728080691095855,60.33317925441973,9.91271919308905,5.252771650139087,0.6220766598181872,4.212432496953676,49.56359596544524,1.2172881744997444,0.4956359596544525,5.145834795787639,6.2639638448416,0.006555229629305338,0.03457140654275961,0.06220766598181872,0.5892711915472619,0.062207665981818816,0.8,self,,0.0,2.602896213531494,ok
C1,0.5,0.6,0.02,0.1,20,200,5,1.0,predictive,P1+P2 (protect),5.220314431365078e-05,15,1000.0,True,True,False,0.012762042461748148,0.020377623311207942,65.28344129329666,9.796223766887914,3.2522405584049072,1.0963946516343426,5.855141023072836,48.98111883443957,1.332828707199612,0.48981118834439574,4.8290731160854445,6.4363272782845655,0.008635318926077771,0.06416323857725897,0.10963946516343426,0.7601002654519775,0.10963946516343409,0.8,self,,0.0,2.541975975036621,ok
C1,0.5,0.6,0.02,0.1,20,200,5,1.0,predictive,P1+P2 (protect),5.220314431365078e-05,20,3.0,True,True,False,7.741028739883426e-06,1.2372791278903692e-05,52.83381600209081,9.999876272087208,9.914706443410617,0.012228409212996763,0.07318887528917806,49.99938136043599,1.056689394239139,0.4999938136043604,6.000989915231365,6.341182398361014,0.0012979076078307081,0.0014637775057835375,0.0012228409212996765,0.00025014527583240397,0.001222840921299681,0.8,self,,0.0,8.035308599472046,ok
C1,0.5,0.6,0.02,0.1,20,200,5,1.0,predictive,P1+P2 (protect),5.220314431365078e-05,20,10.0,True,True,False,1.018256103296929e-05,1.6274701533717145e-05,52.88548230857857,9.999837252984673,9.721592770823657,0.03989606802422818,0.23867390816744205,49.99918626492329,1.0577268603605285,0.4999918626492336,5.967813604017493,6.3123167465942736,0.0033616788013487663,0.00477347816334905,0.003989606802422818,0.0008176576090894164,0.003989606802422828,0.8,self,,0.0,8.077578783035278,ok
C1,0.5,0.6,0.02,0.1,20,200,5,1.0,predictive,P1+P2 (protect),5.220314431365078e-05,20,30.0,True,True,False,3.996178711426853e-05,6.385910002972551e-05,53.1050555062821,9.999361408999695,9.213696421301572,0.11285099961037878,0.6740911700883547,49.99680704499847,1.0621689392781848,0.49996807044998476,5.880488969677794,6.246072731359728,0.006118442505790801,0.013481823401766903,0.01128509996103788,0.00233241654839319,0.011285099961037897,0.8,self,,0.0,8.022209644317627,ok
C1,0.5,0.6,0.02,0.1,20,200,5,1.0,predictive,P1+P2 (protect),5.220314431365078e-05,20,100.0,True,True,False,0.0006532579900281046,0.0010436071575173828,54.45074391438026,9.989563928424834,7.836599481644052,0.31385171388522787,1.8599848760458855,49.947819642124124,1.090152569311725,0.4994781964212417,5.641721017060855,6.150336662088851,0.008466586054472123,0.037199697520917584,0.03138517138852279,0.008499139849406534,0.03138517138852273,0.8,self,,0.0,8.175797462463379,ok
C1,0.5,0.6,0.02,0.1,20,200,5,1.0,predictive,P1+P2 (protect),5.220314431365078e-05,20,300.0,True,True,False,0.00400530717416216,0.006397154157877181,58.16474363089057,9.936028458421239,5.729073542308846,0.6494357731835735,3.685462226086342,49.68014229210615,1.170784561946244,0.49680142292106194,5.272333084061145,6.172766180257218,0.009406933051205702,0.07370924452172713,0.06494357731835736,0.06478977327560548,0.06494357731835734,0.8,self,,0.0,7.979279041290283,ok
C1,0.5,0.6,0.02,0.1,20,200,5,1.0,predictive,P1+P2 (protect),5.220314431365078e-05,20,1000.0,True,True,False,0.010726567548922124,0.01712843844059404,63.5668227066382,9.82871561559409,3.542693653372172,1.1310054262141398,5.497585304819598,49.14357807797036,1.2934919513956467,0.4914357807797045,4.919825093175979,6.363754160297467,0.009735051865488604,0.10995170609639272,0.11310054262141399,0.3307226106287868,0.1131005426214134,0.8,self,,0.0,7.990930080413818,ok
C1,0.5,0.6,0.02,0.1,20,200,5,1.0,predictive,NoCancel,0.00013625841381159233,0,1.0,False,False,True,8.065692165179217e-06,1.2891678614941082e-05,52.84501715389335,9.999871083213854,9.920423660861548,0.013517411923679853,0.06618784400091826,49.99935541606924,1.0569139684730724,0.4999935541606927,6.002762339208244,6.344403365733289,0.0,0.0,0.0013517411923679853,0.0,0.0013517411923679853,0.8,self,,0.0,13.141199111938477,ok
C1,0.5,0.6,0.02,0.1,20,200,5,1.0,predictive,P2 only,0.00013625841381159233,0,3.0,False,False,False,2.2234452914607827e-05,3.5535600565608025e-05,53.16898000525129,9.999644643994339,9.512257973791039,0.03356173156005132,0.4545356506545719,49.99822321997175,1.0634173892806051,0.49998223219971694,5.9181361848725125,6.293448931124208,0.0,0.0,0.0033561731560051325,0.154914683739816,0.0033561731560051307,0.8,self,,0.0,1.0060703754425049,ok
C1,0.5,0.6,0.02,0.1,20,200,5,1.0,predictive,P2 only,0.00013625841381159233,0,10.0,False,False,False,0.00012090851251028091,0.00019320928272468024,53.90365404605366,9.998067907172755,8.791500517954736,0.09824483916083702,1.1121867357116724,49.99033953586378,1.078281414899821,0.49990339535863776,5.7792686852108766,6.2316780149754125,0.0,0.0,0.009824483916083704,0.3471576375426728,0.009824483916083707,0.8,self,,0.0,1.164048433303833,ok
C1,0.5,0.6,0.02,0.1,20,200,5,1.0,predictive,P2 only,0.00013625841381159233,0,30.0,False,False,False,0.0009695175462768109,0.0015489003589188176,55.84286419277284,9.984510996410805,7.555785957220703,0.24867916271965995,2.211023883648833,49.92255498205406,1.1185898681036455,0.49922554982054024,5.551969478547376,6.210376806723774,0.0,0.0,0.024867916271965995,0.536433239982531,0.024867916271966033,0.8,self,,0.0,1.011974573135376,ok
C1,0.5,0.6,0.02,0.1,20,200,5,1.0,predictive,P2 only,0.00013625841381159233,0,100.0,False,False,False,0.005470397038907891,0.008736826568695018,60.19509023198878,9.912631734313045,5.493230738988676,0.573697921558269,4.02043960514001,49.563158671565226,1.2145127922713121,0.4956315867156523,5.181857159961474,6.293431808495901,0.0,0.0,0.05736979215582691,0.6146570955675479,0.05736979215582679,0.8,self,,0.0,1.0287482738494873,ok
C1,0.5,0.6,0.02,0.1,20,200,5,1.0,predictive,P2 only,0.00013625841381159233,0,300.0,False,False,False,0.01264459502822203,0.020189793182034392,64.85566423604544,9.79810206817966,3.5822393226370997,0.9906029234727634,5.629055685710477,48.99051034089825,1.323841368149673,0.48990510340898297,4.8644475070765365,6.439756843060469,0.0,0.0,0.09906029234727634,0.7441061477095753,0.09906029234727651,0.8,self,,0.0,1.0419111251831055,ok
C1,0.5,0.6,0.02,0.1,20,200,5,1.0,predictive,P2 only,0.00013625841381159233,0,1000.0,False,False,False,0.019319907928523398,0.030841253942411655,69.23301226654675,9.691587460575898,2.2157731970215133,1.5334361519051807,6.559203190497409,48.45793730287946,1.4287238813698495,0.4845793730287949,4.720236221790325,6.743914215778826,0.0,0.0,0.1533436151905181,1.08417921262104,0.15334361519051753,0.8,self,,0.0,1.0067534446716309,ok
C1,0.5,0.6,0.02,0.1,20,200,5,1.0,predictive,P1 only,0.00013625841381159233,5,1.0,False,False,False,1.1448836488984968e-05,1.8298693354951852e-05,52.954197185894635,9.999817013066444,9.79825303706928,0.013350944169556744,0.1885790056947183,49.99908506533226,1.0591033239248482,0.4999908506533222,5.975119194687975,6.328268599941197,2.637421851884815e-25,2.6380334694172553e-25,0.0013350944169556744,0.06770957999201568,0.0013350944169556774,0.8,self,,0.0,1.233041763305664,ok
C1,0.5,0.6,0.02,0.1,20,200,5,1.0,predictive,P1 only,0.00013625841381159233,10,1.0,False,False,False,1.1448836488946926e-05,1.82986933548911e-05,52.9541971858946,9.999817013066446,9.79825303706928,0.013350944169556745,0.18857900569471653,49.99908506533226,1.0591033239248475,0.49999085065332227,5.975119194687976,6.328268599941194,8.305392944547921e-15,8.581878633454595e-15,0.0013350944169556746,0.06770957999202365,0.0013350944169556779,0.8,self,,0.0,1.9318809509277344,ok
C1,0.5,0.6,0.02,0.1,20,200,5,1.0,predictive,P1 only,0.00013625841381159233,15,1.0,False,False,False,1.1448811876579518e-05,1.829865402919118e-05,52.9541971318896,9.999817013459703,9.798253041752627,0.013350944175938195,0.18857900061173183,49.99908506729851,1.0591033228030777,0.49999085067298515,5.97511919589474,6.328268594516573,1.960972258883709e-08,2.1024961695757927e-08,0.0013350944175938195,0.06770960097192755,0.001335094417593823,0.8,self,,0.0,7.693201541900635,ok
C1,0.5,0.6,0.02,0.1,20,200,5,1.0,predictive,P1 only,0.00013625841381159233,20,1.0,False,False,False,1.1262320961905287e-05,1.8000606622284195e-05,52.94937793053597,9.999819993933773,9.802847409037565,0.01335720438792528,0.18397539264073792,49.99909996966885,1.059006621372322,0.49999099969668864,5.976159104334958,6.328792061865205,0.0021715374424050764,0.0024970001866492495,0.001335720438792528,0.0680135454898009,0.0013357204387925356,0.8,self,,0.0,39.86929273605347,ok
C1,0.5,0.6,0.02,0.1,20,200,5,1.0,predictive,P1 only (protect),0.00013625841381159233,5,1.0,True,True,False,1.1448836488984968e-05,1.8298693354951852e-05,52.954197185894635,9.999817013066444,9.79825303706928,0.013350944169556744,0.1885790056947183,49.99908506533226,1.0591033239248482,0.4999908506533222,5.975119194687975,6.328268599941197,2.637366478921238e-25,2.6379780808311265e-25,0.0013350944169556744,0.06770957999201568,0.0013350944169556777,0.8,self,,0.0,1.0775766372680664,ok
C1,0.5,0.6,0.02,0.1,20,200,5,1.0,predictive,P1 only (protect),0.00013625841381159233,10,1.0,True,True,False,1.1448836488815126e-05,1.829869335468062e-05,52.95419718589455,9.999817013066448,9.798253037069284,0.013350944169556112,0.18857900569471298,49.99908506533228,1.0591033239248462,0.4999908506533224,5.975119194687978,6.328268599941188,8.293189235166957e-15,8.568839504627146e-15,0.0013350944169556113,0.06770957999200909,0.0013350944169556152,0.8,self,,0.0,1.3784220218658447,ok
C1,0.5,0.6,0.02,0.1,20,200,5,1.0,predictive,P1 only (protect),0.00013625841381159233,15,1.0,True,True,False,1.1448550070960623e-05,1.829823571058117e-05,52.95419652639641,9.999817017642892,9.798253090505035,0.013350940073904584,0.18857895177816886,49.999085088214436,1.0591033102499416,0.49999085088214457,5.97511920692321,6.328268531190378,1.9325134704378205e-08,2.0698651111176433e-08,0.0013350940073904585,0.06770951180992768,0.0013350940073904574,0.8,self,,0.0,2.558255910873413,ok
C1,0.5,0.6,0.02,0.1,20,200,5,1.0,predictive,P1 only (protect),0.00013625841381159233,20,1.0,True,True,False,7.658010457182553e-06,1.2240110456987327e-05,52.83127624872144,9.999877598895424,9.925713413986289,0.010652226909398599,0.06375676020888932,49.99938799447708,1.0566384583458734,0.4999938799447712,6.002880841540435,6.342874758039264,0.0011474540076823554,0.0012751352041777487,0.00106522269093986,0.00021788342809369638,0.0010652226909398594,0.8,self,,0.0,7.9801719188690186,ok
C1,0.5,0.6,0.02,0.1,20,200,5,1.0,predictive,P1+P2,0.00013625841381159233,5,3.0,False,False,False,2.223445291460782e-05,3.553560056560802e-05,53.16898000525128,9.999644643994339,9.512257973791035,0.033561731560051315,0.45453565065457546,49.99822321997174,1.0634173892806051,0.49998223219971694,5.918136184872512,6.293448931124207,1.6027792763857255e-18,1.6038934603827163e-18,0.0033561731560051316,0.154914683739816,0.0033561731560051303,0.8,self,,0.0,1.2126452922821045,ok
C1,0.5,0.6,0.02,0.1,20,200,5,1.0,predictive,P1+P2,0.00013625841381159233,5,10.0,False,False,False,0.00012090851250111883,0.00019320928271008024,53.90365404605163,9.9980679071729,8.79150051795485,0.09824483916083832,1.112186735711413,49.990339535864464,1.0782814148997657,0.499903395358645,5.7792686852109565,6.231678014975179,2.8836659324727133e-12,2.8903298339458373e-12,0.009824483916083832,0.3471576375434969,0.009824483916083827,0.8,self,,0.0,1.1439440250396729,ok
C1,0.5,0.6,0.02,0.1,20,200,5,1.0,predictive,P1+P2,0.00013625841381159233,5,30.0,False,False,False,0.0009695174391077049,0.0015489001881450171,55.842864169329005,9.984510998118544,7.555785958444093,0.24867916275283575,2.211023880684526,49.92255499059275,1.1185898674427193,0.4992255499059272,5.551969479477908,6.210376804095216,3.347990794670938e-08,3.3710234712575973e-08,0.024867916275283578,0.5364332495841684,0.024867916275283605,0.8,self,,0.0,1.0877399444580078,ok
C1,0.5,0.6,0.02,0.1,20,200,5,1.0,predictive,P1+P2,0.00013625841381159233,5,100.0,False,False,False,0.005470344974170749,0.00873674360792448,60.19507916041249,9.91263256392075,5.49323118172744,0.5736979573531237,4.020438296998686,49.563162819603804,1.2145124672431806,0.4956316281960375,5.1818575852120805,6.293430640718714,1.5989635942223197e-05,1.634675098433724e-05,0.05736979573531237,0.61466165244513,0.057369795735312375,0.8,self,,0.0,1.1926054954528809,ok
C1,0.5,0.6,0.02,0.1,20,200,5,1.0,predictive,P1+P2,0.00013625841381159233,5,300.0,False,False,False,0.012643550505434809,0.0201881290501228,64.85544912545393,9.798118709498779,3.5822455049668664,0.9906040812158232,5.629031704318532,48.9905935474939,1.323834728856262,0.48990593547493894,4.864455593827341,6.439735252087744,0.00030859144341436126,0.00032784741761124537,0.09906040812158233,0.7441919865643317,0.09906040812158218,0.8,self,,0.0,1.0641462802886963,ok
C1,0.5,0.6,0.02,0.1,20,200,5,1.0,predictive,P1+P2,0.00013625841381159233,5,1000.0,False,False,False,0.01931486229877158,0.03083321793914797,69.23201515636109,9.691667820608505,2.215793961458925,1.5334437529033622,6.559094465029208,48.458339103042654,1.4286914582265176,0.48458339103042525,4.720273977586587,6.743815112266866,0.0013478977335672502,0.0015750382615681432,0.15334437529033623,1.0845283630972509,0.15334437529033632,0.8,self,,0.0,1.14296555519104,ok
C1,0.5,0.6,0.02,0.1,20,200,5,1.0,predictive,P1+P2,0.00013625841381159233,10,3.0,False,False,False,2.2234451685141486e-05,3.553559860227671e-05,53.16898000465613,9.999644644013975,9.512257973825024,0.03356173156016131,0.45453565060084067,49.99822322006989,1.063417389266614,0.4999822322006987,5.918136184887603,6.293448931057454,2.3986722483130237e-10,2.6336040065395884e-10,0.003356173156016131,0.15491468397875358,0.0033561731560161246,0.8,self,,0.0,1.752701997756958,ok
C1,0.5,0.6,0.02,0.1,20,200,5,1.0,predictive,P1+P2,0.00013625841381159233,10,10.0,False,False,False,0.00012089700619194362,0.00019319091033007856,53.90364896583131,9.9980680908967,8.791500798613296,0.0982448419087857,1.112186268581219,49.99034045448351,1.0782812934613015,0.499903404544835,5.779268818633782,6.231677457017002,1.6599508800256553e-06,2.1668175869273044e-06,0.009824484190878571,0.34715945471360266,0.009824484190878578,0.8,self,,0.0,1.8590025901794434,ok
C1,0.5,0.6,0.02,0.1,20,200,5,1.0,predictive,P1+P2,0.00013625841381159233,10,30.0,False,False,False,0.000966981289818391,0.0015448515061797779,55.84189897330532,9.984551484938194,7.555834665742588,0.24868052793454035,2.210933321384677,49.92275742469101,1.1185659978326197,0.4992275742469097,5.551996202775429,6.210274172520413,0.00022712941474506665,0.0004019269838762735,0.024868052793454037,0.5367151129553155,0.02486805279345409,0.8,self,,0.0,1.9881322383880615,ok
C1,0.5,0.6,0.02,0.1,20,200,5,1.0,predictive,P1+P2,0.00013625841381159233,10,100.0,False,False,False,0.005418076769513406,0.008653332366541939,60.17866978959825,9.913466676334588,5.493885384352714,0.5737529063449391,4.018895032967759,49.56733338167288,1.2140792268613108,0.4956733338167294,5.182339434781208,6.291770654312051,0.0027021347854262446,0.007159424406010755,0.05737529063449392,0.618190008334705,0.0573752906344939,0.8,self,,0.0,1.7906091213226318,ok
C1,0.5,0.6,0.02,0.1,20,200,5,1.0,predictive,P1+P2,0.00013625841381159233,10,300.0,False,False,False,0.012480072451153863,0.01992734864821532,64.81141008786179,9.800726513517851,3.5835096225688448,0.9908536962260395,5.624910167687264,49.003632567589285,1.3225837900582023,0.49003632567589256,4.865815095995568,6.435448171384234,0.006120718993415163,0.02142154102723489,0.09908536962260395,0.7511456005256838,0.09908536962260385,0.8,self,,0.0,1.8498258590698242,ok
C1,0.5,0.6,0.02,0.1,20,200,5,1.0,predictive,P1+P2,0.00013625841381159233,10,1000.0,False,False,False,0.019071813773074348,0.03044570343248665,69.17447901624767,9.69554296567514,2.216976714784401,1.5339099326819836,6.553570386858475,48.477714828375724,1.426933576822755,0.48477714828375695,4.722173043859094,6.738227271849853,0.007957720387070079,0.03256765054547524,0.15339099326819838,1.0909550101374192,0.15339099326819905,0.8,self,,0.0,1.8422582149505615,ok
C1,0.5,0.6,0.02,0.1,20,200,5,1.0,predictive,P1+P2,0.00013625841381159233,15,3.0,False,False,False,2.2227094483696792e-05,3.552384376648345e-05,53.16896646829936,9.999644761562326,9.512259021185628,0.03356173457740649,0.45453448267464047,49.99822380781172,1.0634171060291195,0.4999822380781163,5.918136466489839,6.293447554280024,3.882263984729991e-06,4.710252908988585e-06,0.0033561734577406497,0.15491947761603247,0.003356173457740644,0.8,self,,0.0,7.849152326583862,ok
C1,0.5,0.6,0.02,0.1,20,200,5,1.0,predictive,P1+P2,0.00013625841381159233,15,10.0,False,False,False,0.00011950002546355469,0.00019095920556626368,53.901938179189926,9.998090407944346,8.791606221958494,0.09824573678055672,1.1120576333166028,49.9904520397217,1.0782446643283043,0.49990452039721733,5.779301328092842,6.23150082056159,0.000279507081548074,0.0004685506236236691,0.009824573678055672,0.3476456129878079,0.009824573678055665,0.8,self,,0.0,7.844660520553589,ok
C1,0.5,0.6,0.02,0.1,20,200,5,1.0,predictive,P1+P2,0.00013625841381159233,15,30.0,False,False,False,0.0009284421540836138,0.001483299977941603,55.81313521267447,9.985167000220585,7.557264286447536,0.24871690967759455,2.2088518036542837,49.9258350011029,1.1179209163240138,0.49925835001102925,5.552563808294644,6.207327220516304,0.002359776487572925,0.0065433792291564865,0.024871690967759458,0.5426513117877808,0.02487169096775952,0.8,self,,0.0,8.027178287506104,ok
C1,0.5,0.6,0.02,0.1,20,200,5,1.0,predictive,P1+P2,0.00013625841381159233,15,100.0,False,False,False,0.005147864005941916,0.008221955383753643,60.054131795629246,9.917780446162466,5.498719355166493,0.5741423427200859,4.009357855950956,49.58890223081228,1.2110397507108828,0.49588902230812326,5.18519823205736,6.279481174337255,0.0061938639185120615,0.030913669033959864,0.05741423427200859,0.634461846804717,0.05741423427200885,0.8,self,,0.0,7.899170398712158,ok
C1,0.5,0.6,0.02,0.1,20,200,5,1.0,predictive,P1+P2,0.00013625841381159233,15,300.0,False,False,False,0.0119169060796744,0.019028715071911624,64.62324656313123,9.809712849280873,3.5888700429338596,0.9919088866666628,5.609508221118606,49.04856424640442,1.3175359474027528,0.49048564246404364,4.870799755526917,6.417453770507254,0.008360937890234729,0.059191454448859,0.09919088866666628,0.7667358517667354,0.09919088866666645,0.8,self,,0.0,7.8461291790008545,ok
C1,0.5,0.6,0.02,0.1,20,200,5,1.0,predictive,P1+P2,0.00013625841381159233,15,1000.0,False,False,False,0.018348306579126922,0.029291857815141334,68.98274976114733,9.707081421848594,2.2209249185074227,1.5355175422601268,6.536476117383856,48.53540710924294,1.4212871359228891,0.4853540710924297,4.728006369041848,6.719854630880667,0.009258602619846786,0.07683569576111773,0.1535517542260127,1.1014162091534672,0.15355175422601258,0.8,self,,0.0,7.8270652294158936,ok
C1,0.5,0.6,0.02,0.1,20,200,5,1.0,predictive,P1+P2,0.00013625841381159233,20,3.0,False,False,False,2.117832459626751e-05,3.3847826168507334e-05,53.15432550920976,9.999661521738307,9.522484590716676,0.03358960970807715,0.44426427783693967,49.998307608691555,1.0631224945695876,0.4999830760869154,5.920460014251805,6.294174219350876,0.004435620240794986,0.006311409653271063,0.0033589609708077153,0.15603642559702888,0.003358960970807734,0.8,self,,0.0,39.56577491760254,ok
C1,0.5,0.6,0.02,0.1,20,200,5,1.0,predictive,P1+P2,0.00013625841381159233,20,10.0,False,False,False,0.00010621407802736538,0.0001697305864140682,53.84459463210583,9.998302694135845,8.810688375342828,0.09838790184040822,1.0926210286809201,49.99151347067924,1.077074705163437,0.4999151347067922,5.783739299491989,6.229519300742518,0.0073663133450030975,0.016656949082266885,0.009838790184040823,0.3539311803068848,0.009838790184040876,0.8,self,,0.0,39.82698917388916,ok
C1,0.5,0.6,0.02,0.1,20,200,5,1.0,predictive,P1+P2,0.00013625841381159233,20,30.0,False,False,False,0.0008128288099404122,0.0012986174837240124,55.63835658032987,9.987013825162766,7.580501778473981,0.2492054352276165,2.1832789611356374,49.93506912581382,1.1142140694778322,0.4993506912581383,5.558683952723964,6.19356386790569,0.008971751655796886,0.03644738796028721,0.024920543522761653,0.5629537352602504,0.024920543522761678,0.8,self,,0.0,39.49252390861511,ok
C1,0.5,0.6,0.02,0.1,20,200,5,1.0,predictive,P1+P2,0.00013625841381159233,20,100.0,False,False,False,0.004639186108992235,0.007409745423780097,59.71700938583802,9.9259025457622,5.518637599743658,0.5755030669333192,3.9799567875608224,49.62951272881101,1.203256008418777,0.49629512728811004,5.193256901112234,6.248817569525573,0.009619482376606902,0.0723907214665075,0.05755030669333192,0.6644712699491321,0.05755030669333164,0.8,self,,0.0,39.649975299835205,ok
C1,0.5,0.6,0.02,0.1,20,200,5,1.0,predictive,P1+P2,0.00013625841381159233,20,300.0,False,False,False,0.010970884654878242,0.01751892350047874,64.23899927035961,9.824810764995235,3.6022409416397214,0.9942928633966722,5.5786554299683715,49.12405382497615,1.3076892941131533,0.4912405382497617,4.88038891174541,6.382032330998015,0.009794616855095672,0.10549080949051977,0.09942928633966723,0.7909420926782138,0.09942928633966674,0.8,self,,0.0,39.77133321762085,ok
C1,0.5,0.6,0.02,0.1,20,200,5,1.0,predictive,P1+P2,0.00013625841381159233,20,1000.0,False,False,False,0.01714393065206593,0.02737078438132259,68.62881647472254,9.7262921561868,2.228972053719831,1.5387003146687652,6.506035475424605,48.631460780933764,1.4112020361442412,0.48631460780934,4.7382412168468235,6.686615652956805,0.009849419871111587,0.12500832909014103,0.15387003146687653,1.1175669059018867,0.15387003146687647,0.8,self,,0.0,39.33196401596069,ok
C1,0.5,0.6,0.02,0.1,20,200,5,1.0,predictive,P1+P2 (protect),0.00013625841381159233,5,3.0,True,True,False,2.2234452914607813e-05,3.553560056560801e-05,53.168980005251285,9.999644643994337,9.512257973791039,0.033561731560051315,0.4545356506545737,49.998223219971734,1.0634173892806054,0.4999822321997168,5.918136184872512,6.293448931124209,1.6027596036104694e-18,1.6038737718421711e-18,0.0033561731560051316,0.15491468373981596,0.0033561731560051307,0.8,self,,0.0,0.9992761611938477,ok
C1,0.5,0.6,0.02,0.1,20,200,5,1.0,predictive,P1+P2 (protect),0.00013625841381159233,5,10.0,True,True,False,0.00012090851249126064,0.00019320928269437107,53.903654046049475,9.998067907173052,8.791500517954988,0.09824483916075995,1.1121867357111999,49.9903395358653,1.0782814148997044,0.4999033953586526,5.779268685211017,6.231678014974889,2.883639430410464e-12,2.890303264236858e-12,0.009824483916075995,0.3471576375416211,0.009824483916075995,0.8,self,,0.0,1.1873764991760254,ok
C1,0.5,0.6,0.02,0.1,20,200,5,1.0,predictive,P1+P2 (protect),0.00013625841381159233,5,30.0,True,True,False,0.000969517347726182,0.0015489000425273009,55.84286414933116,9.984510999574715,7.5557859594860854,0.248679162469504,2.211023878469696,49.92255499787363,1.1185898668790029,0.49922554997873575,5.551969480153932,6.210376801721674,3.347963535340838e-08,3.370996008479034e-08,0.0248679162469504,0.5364332277679135,0.024867916246950478,0.8,self,,0.0,1.0092215538024902,ok
C1,0.5,0.6,0.02,0.1,20,200,5,1.0,predictive,P1+P2 (protect),0.00013625841381159233,5,100.0,True,True,False,0.005470305271300559,0.008736680342712078,60.195070697710044,9.912633196572878,5.493231519361367,0.5736979381183763,4.020437345947378,49.563165982864454,1.2145122189837787,0.49563165982864393,5.1818578920109095,6.293429726884775,1.598951975232575e-05,1.634663199915749e-05,0.057369793811837634,0.6146512291498655,0.05736979381183761,0.8,self,,0.0,1.1032567024230957,ok
C1,0.5,0.6,0.02,0.1,20,200,5,1.0,predictive,P1+P2 (protect),0.00013625841381159233,5,300.0,True,True,False,0.012642811403630782,0.020186951410469476,64.85529586025146,9.798130485895296,3.5822498996405425,0.9906045742554122,5.629015040208749,48.990652429476526,1.3238300092780464,0.4899065242947648,4.864461198275573,6.439719713245848,0.0003085896134296216,0.000327845465100382,0.09906045742554122,0.7439910050785801,0.09906045742554129,0.8,self,,0.0,1.024456262588501,ok
C1,0.5,0.6,0.02,0.1,20,200,5,1.0,predictive,P1+P2 (protect),0.00013625841381159233,5,1000.0,True,True,False,0.019311719351457493,0.03082821114486536,69.2313834641093,9.691717888551336,2.2158071041805965,1.5334480403494974,6.5590269669185695,48.45858944275669,1.4286710418158406,0.48458589442756683,4.720297378966027,6.743752174087976,0.0013478933293932884,0.0015750330766997533,0.15334480403494977,1.0836574154598677,0.15334480403494957,0.8,self,,0.0,1.3342409133911133,ok
C1,0.5,0.6,0.02,0.1,20,200,5,1.0,predictive,P1+P2 (protect),0.00013625841381159233,10,3.0,True,True,False,2.2234448072635355e-05,3.553559283332465e-05,53.168980002866,9.999644644071672,9.512257973921814,0.03356173155403398,0.45453565045247935,49.99822322035829,1.0634173892246763,0.4999822322035836,5.9181361849288265,6.293448930853099,2.3957302161869184e-10,2.630048174193553e-10,0.0033561731554033985,0.15491468353471577,0.003356173155403401,0.8,self,,0.0,1.2831592559814453,ok
C1,0.5,0.6,0.02,0.1,20,200,5,1.0,predictive,P1+P2 (protect),0.00013625841381159233,10,10.0,True,True,False,0.00012087016150571798,0.00019314804376791933,53.90363641487731,9.998068519562315,8.791501448540116,0.09824483276941837,1.1121851991281506,49.99034259781162,1.0782809961625868,0.49990342597811577,5.779269122982953,6.231676067021738,1.658441014327777e-06,2.1642764858857105e-06,0.009824483276941838,0.3471560221321269,0.009824483276941841,0.8,self,,0.0,1.2060651779174805,ok
C1,0.5,0.6,0.02,0.1,20,200,5,1.0,predictive,P1+P2 (protect),0.00013625841381159233,10,30.0,True,True,False,0.0009627090232398284,0.0015380303398014941,55.84010841409896,9.984619696601996,7.555919010733039,0.24868197045355328,2.210779322211412,49.92309848300993,1.1185224898070525,0.4992309848300998,5.55204141857279,6.210083191013917,0.00022700111975702144,0.0004015728583450825,0.02486819704535533,0.5361620511607073,0.024868197045355336,0.8,self,,0.0,1.3729290962219238,ok
C1,0.5,0.6,0.02,0.1,20,200,5,1.0,predictive,P1+P2 (protect),0.00013625841381159233,10,100.0,True,True,False,0.005359348520931484,0.008559591186475288,60.15792774738853,9.91440408813524,5.494662968531733,0.5738136349449745,4.017119308388052,49.57202044067615,1.213546012702483,0.495720204406762,5.182890129268836,6.2896756506492535,0.0027014083897620835,0.007156205055405699,0.057381363494497455,0.6105537304632941,0.057381363494497545,0.8,self,,0.0,1.325843095779419,ok
C1,0.5,0.6,0.02,0.1,20,200,5,1.0,predictive,P1+P2 (protect),0.00013625841381159233,10,300.0,True,True,False,0.012345655121467805,0.019712864654162686,64.77085059064325,9.802871353458384,3.584616715566202,0.9910692093769063,5.621442721598507,49.014356767291915,1.321466910157758,0.4901435676729192,4.86695228844596,6.431516402497913,0.00612027173682952,0.021418692159985344,0.09910692093769063,0.7336884827598558,0.09910692093769057,0.8,self,,0.0,1.2716617584228516,ok
C1,0.5,0.6,0.02,0.1,20,200,5,1.0,predictive,P1+P2 (protect),0.00013625841381159233,10,1000.0,True,True,False,0.018916961872108805,0.03019871452622315,69.13383235728499,9.698012854737776,2.2177803700457495,1.5342286115171277,6.549978163699347,48.49006427368882,1.42573191833853,0.4849006427368888,4.723402784600399,6.734306113173881,0.007957860779670818,0.03256790418832864,0.15342286115171277,1.0707728693742824,0.15342286115171253,0.8,self,,0.0,1.2474641799926758,ok
C1,0.5,0.6,0.02,0.1,20,200,5,1.0,predictive,P1+P2 (protect),0.00013625841381159233,15,3.0,True,True,False,2.2168523472992067e-05,3.543025989430619e-05,53.16884348535065,9.999645697401045,9.512268231517464,0.033561457323084236,0.4545246137584069,49.99822848700529,1.0634145467607798,0.49998228487005225,5.91813879184474,6.293434880996963,3.836318961344958e-06,4.643445735987913e-06,0.0033561457323084236,0.1549006334392313,0.0033561457323084227,0.8,self,,0.0,2.748431921005249,ok
C1,0.5,0.6,0.02,0.1,20,200,5,1.0,predictive,P1+P2 (protect),0.00013625841381159233,15,10.0,True,True,False,0.00011294925504391625,0.0001804932610366461,53.891287090890906,9.998195067389645,8.792280564714357,0.0982426906920805,1.1112816772039178,49.99097533694812,1.078020317220338,0.49990975336948223,5.779491656316349,6.230409428714447,0.0002773188364628034,0.0004629148084740326,0.00982426906920805,0.34605749348517867,0.009824269069208079,0.8,self,,0.0,2.4056026935577393,ok
C1,0.5,0.6,0.02,0.1,20,200,5,1.0,predictive,P1+P2 (protect),0.00013625841381159233,15,30.0,True,True,False,0.0008281635541491349,0.001323114636055295,55.70300687111835,9.986768853639434,7.56283105652425,0.24881349194011357,2.2015865978962017,49.93384426819724,1.1155361195892437,0.4993384426819717,5.55445818267019,6.196198727516626,0.0023511355901166963,0.006493719120312391,0.02488134919401136,0.5262298293397529,0.02488134919401138,0.8,self,,0.0,2.6216585636138916,ok
C1,0.5,0.6,0.02,0.1,20,200,5,1.0,predictive,P1+P2 (protect),0.00013625841381159233,15,100.0,True,True,False,0.0047276548033301485,0.007550927477179678,59.76764710452546,9.924490725228193,5.509496569479125,0.5748977269528539,3.991114978339829,49.62245362614111,1.2044476388616112,0.4962245362614096,5.190436382366687,6.251608845402959,0.0061875991190036604,0.030831089375103194,0.05748977269528539,0.5862495976976051,0.05748977269528538,0.8,self,,0.0,2.4493906497955322,ok
C1,0.5,0.6,0.02,0.1,20,200,5,1.0,predictive,P1+P2 (protect),0.00013625841381159233,15,300.0,True,True,False,0.011287577624069367,0.018024131248168644,64.32820814578693,9.81975868751832,3.5969468552039565,0.9933426447895073,5.589951812488216,49.09879343759155,1.3101790011918149,0.490987934375916,4.876937886092847,6.389661608475647,0.008359646983157068,0.0591565642088676,0.09933426447895073,0.7073184838862142,0.09933426447895082,0.8,self,,0.0,2.7242608070373535,ok
C1,0.5,0.6,0.02,0.1,20,200,5,1.0,predictive,P1+P2 (protect),0.00013625841381159233,15,1000.0,True,True,False,0.017728398679828717,0.028302748818424164,68.76800648158937,9.71697251181576,2.225231979175849,1.5371292476494154,6.520666261358976,48.58486255907886,1.4154204182005856,0.485848625590788,4.733302811242038,6.699613444558213,0.009259442841635776,0.07683822068995497,0.15371292476494156,1.0486626093987061,0.15371292476494156,0.8,self,,0.0,2.374922513961792,ok
C1,0.5,0.6,0.02,0.1,20,200,5,1.0,predictive,P1+P2 (protect),0.00013625841381159233,20,3.0,True,True,False,9.190607137360076e-06,1.4689454750032228e-05,52.86818384080795,9.999853105452495,9.780541426038699,0.03144737024495654,0.18815809826385,49.99926552726245,1.0573792091402063,0.4999926552726247,5.977941132069946,6.320950666514829,0.002828672644010524,0.003763161965276952,0.0031447370244956545,0.0006440924375796845,0.0031447370244956606,0.8,self,,0.0,8.1239755153656,ok
C1,0.5,0.6,0.02,0.1,20,200,5,1.0,predictive,P1+P2 (protect),0.00013625841381159233,20,10.0,True,True,False,3.0249658123010425e-05,4.834070528119973e-05,53.053715184093775,9.999516592947186,9.307908613709781,0.09929106279998082,0.5932837305430514,49.997582964735926,1.061125599241735,0.4999758296473593,5.896702190757381,6.2571416457174776,0.005768941983391172,0.01186567461086086,0.009929106279998082,0.0020476465946822294,0.009929106279998084,0.8,self,,0.0,7.887349843978882,ok
C1,0.5,0.6,0.02,0.1,20,200,5,1.0,predictive,P1+P2 (protect),0.00013625841381159233,20,30.0,True,True,False,0.0003803894002895184,0.0006077222510621423,53.98356156157923,9.993922777489388,8.207716555260557,0.25898691998531376,1.539373747264742,49.96961388744688,1.0803277704561314,0.4996961388744694,5.706451350324657,6.1648378645126165,0.008109897402612387,0.030787474945295053,0.025898691998531377,0.0060914869027656506,0.025898691998531308,0.8,self,,0.0,8.044414520263672,ok
C1,0.5,0.6,0.02,0.1,20,200,5,1.0,predictive,P1+P2 (protect),0.00013625841381159233,20,100.0,True,True,False,0.003368769470219227,0.005380643752122099,57.5725018071398,9.94619356247877,6.01583834749202,0.5999881867463964,3.437979903282814,49.73096781239389,1.1576790949319038,0.4973096781239385,5.322254355207708,6.1614626049342425,0.009334777961450047,0.0687595980656561,0.059998818674639645,0.05021575238127057,0.05999881867463942,0.8,self,,0.0,8.052104711532593,ok
C1,0.5,0.6,0.02,0.1,20,200,5,1.0,predictive,P1+P2 (protect),0.00013625841381159233,20,300.0,True,True,False,0.009319675506707455,0.014882495776811486,62.495915316337566,9.851175042231874,3.919640338590493,1.0264628693536153,5.202721749824017,49.25587521115939,1.268801235353514,0.4925587521115937,4.973998126699865,6.311014967802853,0.009697610662185057,0.10405443499647934,0.10264628693536154,0.25716432807331235,0.10264628693536126,0.8,self,,0.0,8.055096626281738,ok
C1,0.5,0.6,0.02,0.1,20,200,5,1.0,predictive,P1+P2 (protect),0.00013625841381159233,20,1000.0,True,True,False,0.015597692660151144,0.02490290609810087,67.41263114594453,9.750970939018996,2.444009871683625,1.5728668872152165,6.232152302082162,48.75485469509491,1.3826855103462492,0.48754854695094985,4.808875844840905,6.6491629517155975,0.00981641035377776,0.12464304604164317,0.15728668872152166,0.6715219926891335,0.1572866887215209,0.8,self,,0.0,8.202130556106567,ok
C1,0.5,0.6,0.02,0.1,20,200,5,1.0,predictive,NoCancel,0.0003556558820077846,0,1.0,False,False,True,1.0276259727944712e-05,1.6424533484742623e-05,52.898355186990415,9.999835754665169,9.795956309767556,0.034839894814601056,0.16936804075267453,49.9991787733258,1.057984480641336,0.4999917877332584,5.982687542699247,6.329590572702054,0.0,0.0,0.003483989481460106,0.0,0.003483989481460103,0.8,self,,0.0,12.9209303855896,ok
C1,0.5,0.6,0.02,0.1,20,200,5,1.0,predictive,P2 only,0.0003556558820077846,0,3.0,False,False,False,8.143407144370054e-05,0.000130135318645309,53.71835863056527,9.998698646813546,8.954380989379963,0.08281222306327006,0.964108140743221,49.99349323406773,1.0745070039226476,0.4999349323406773,5.810447355488532,6.243366379396254,0.0,0.0,0.008281222306327007,0.3160623002974201,0.008281222306327003,0.8,self,,0.0,1.021524429321289,ok
C1,0.5,0.6,0.02,0.1,20,200,5,1.0,predictive,P2 only,0.0003556558820077846,0,10.0,False,False,False,0.0007584661351545846,0.0012117665598802903,55.525360730956294,9.987882334401199,7.730441387684356,0.22555459240782927,2.056121685506617,49.93941167200599,1.111854522749245,0.49939411672005996,5.583942827506596,6.208532087536415,0.0,0.0,0.022555459240782928,0.5279738686368625,0.022555459240782925,0.8,self,,0.0,1.104515552520752,ok
C1,0.5,0.6,0.02,0.1,20,200,5,1.0,predictive,P2 only,0.0003556558820077846,0,30.0,False,False,False,0.004155041545309758,0.00663646473681108,59.19328838031148,9.933635352631883,5.938418911896227,0.4965819792904332,3.6313637561814565,49.66817676315941,1.1917749399695536,0.49668176763159416,5.261189157952998,6.2701533928879005,0.0,0.0,0.04965819792904332,0.6115781662652586,0.04965819792904331,0.8,self,,0.0,1.0912725925445557,ok
C1,0.5,0.6,0.02,0.1,20,200,5,1.0,predictive,P2 only,0.0003556558820077846,0,100.0,False,False,False,0.01172921216388512,0.018728735826674673,64.31269757850298,9.812712641733265,3.7870210432992817,0.9351225800536211,5.465143734913832,49.063563208666224,1.3108036467914597,0.4906356320866633,4.895277589803231,6.416747716770582,0.0,0.0,0.09351225800536211,0.7229972916975332,0.09351225800536178,0.8,self,,0.0,0.971405029296875,ok
C1,0.5,0.6,0.02,0.1,20,200,5,1.0,predictive,P2 only,0.0003556558820077846,0,300.0,False,False,False,0.01819163039367885,0.029041414069706156,68.4216062818263,9.709585859302955,2.4211660068133742,1.417954263649084,6.451293870234586,48.547929296514646,1.4093619907850206,0.48547929296514775,4.7299185325725235,6.6661673993173745,0.0,0.0,0.1417954263649084,1.0107765606560928,0.14179542636490783,0.8,self,,0.0,1.0318598747253418,ok
C1,0.5,0.6,0.02,0.1,20,200,5,1.0,predictive,P2 only,0.0003556558820077846,0,1000.0,False,False,False,0.022695442452565894,0.03622394643598711,72.27122075277114,9.637760535640147,1.6262573961265514,2.0136113413644696,6.7223707268688315,48.18880267820061,1.4997513267841538,0.4818880267820074,4.747546951793592,7.120139839922505,0.0,0.0,0.20136113413644696,1.395648848709998,0.20136113413644685,0.8,self,,0.0,0.983940601348877,ok
C1,0.5,0.6,0.02,0.1,20,200,5,1.0,predictive,P1 only,0.0003556558820077846,5,1.0,False,False,False,2.1431060448614913e-05,3.42518274355866e-05,53.171348343715245,9.999657481725645,9.523533936889976,0.03387100862155675,0.44293757276282264,49.99828740862824,1.0634633924389065,0.4999828740862823,5.920801015555877,6.296555133958775,2.689098971228287e-19,2.6907256516275293e-19,0.0033871008621556755,0.15892568983160427,0.003387100862155672,0.8,self,,0.0,1.4056313037872314,ok
C1,0.5,0.6,0.02,0.1,20,200,5,1.0,predictive,P1 only,0.0003556558820077846,10,1.0,False,False,False,2.1431060054500247e-05,3.4251826806221633e-05,53.17134834352336,9.999657481731942,9.523533936900924,0.033871008621595665,0.4429375727455387,49.998287408659706,1.0634633924343992,0.49998287408659714,5.920801015560729,6.2965551339372485,7.851234706127997e-11,8.522865086943802e-11,0.0033871008621595665,0.1589256899093051,0.0033871008621595695,0.8,self,,0.0,1.7687535285949707,ok
C1,0.5,0.6,0.02,0.1,20,200,5,1.0,predictive,P1 only,0.0003556558820077846,15,1.0,False,False,False,2.1426985501663427e-05,3.424531670974913e-05,53.17134061619669,9.999657546832907,9.52353454622618,0.03387101078869679,0.4429368961522151,49.99828773416451,1.063463230959087,0.49998287734164537,5.920801178308642,6.296554350950477,2.314156802350056e-06,2.7450377544137776e-06,0.003387101078869679,0.15892847511653252,0.0033871010788696777,0.8,self,,0.0,8.007722616195679,ok
C1,0.5,0.6,0.02,0.1,20,200,5,1.0,predictive,P1 only,0.0003556558820077846,20,1.0,False,False,False,2.054044642070263e-05,3.282854183379735e-05,53.15789102141197,9.999671714581652,9.533276968659246,0.033905660287129845,0.43314565647197156,49.99835857290825,1.0631927234950413,0.4999835857290826,5.923017306209067,6.297308901096681,0.004349982017304125,0.006005306020699738,0.0033905660287129845,0.16000730337561392,0.0033905660287130044,0.8,self,,0.0,39.445030212402344,ok
C1,0.5,0.6,0.02,0.1,20,200,5,1.0,predictive,P1 only (protect),0.0003556558820077846,5,1.0,True,True,False,2.143106044861491e-05,3.425182743558659e-05,53.171348343715245,9.999657481725645,9.523533936889976,0.03387100862155675,0.44293757276282264,49.99828740862824,1.0634633924389065,0.4999828740862823,5.920801015555877,6.296555133958775,2.6890426521443144e-19,2.6906692910845927e-19,0.0033871008621556755,0.15892568983160424,0.003387100862155672,0.8,self,,0.0,1.157360553741455,ok
C1,0.5,0.6,0.02,0.1,20,200,5,1.0,predictive,P1 only (protect),0.0003556558820077846,10,1.0,True,True,False,2.143105876564567e-05,3.4251824747989644e-05,53.17134834288198,9.99965748175251,9.523533936935628,0.033871008615434246,0.442937572696426,49.998287408762586,1.0634633924193828,0.49998287408762554,5.920801015573974,6.296555133862426,7.840459797761724e-11,8.510172418128844e-11,0.003387100861543425,0.15892568976713428,0.003387100861543426,0.8,self,,0.0,1.5236773490905762,ok
C1,0.5,0.6,0.02,0.1,20,200,5,1.0,predictive,P1 only (protect),0.0003556558820077846,15,1.0,True,True,False,2.1390993324493877e-05,3.4187808663898034e-05,53.17126348053449,9.99965812191336,9.523540419228244,0.03387049407002601,0.4429309647883706,49.99829060956682,1.063461627033316,0.499982906095668,5.920802525130294,6.296546286718028,2.2838799896837563e-06,2.703038752631123e-06,0.003387049407002601,0.15891741838711093,0.0033870494070025996,0.8,self,,0.0,2.425356864929199,ok
C1,0.5,0.6,0.02,0.1,20,200,5,1.0,predictive,P1 only (protect),0.0003556558820077846,20,1.0,True,True,False,8.808330990402895e-06,1.4078526173016073e-05,52.86048021746912,9.999859214738256,9.808466091433985,0.027446110462471557,0.16422858336528634,49.99929607369129,1.057224488512016,0.4999929607369128,5.982738504803379,6.325097655641895,0.0025500583875062623,0.0032845716673058096,0.002744611046247156,0.000561980683544131,0.0027446110462471672,0.8,self,,0.0,8.17976975440979,ok
C1,0.5,0.6,0.02,0.1,20,200,5,1.0,predictive,P1+P2,0.0003556558820077846,5,3.0,False,False,False,8.143407144300645e-05,0.00013013531864420293,53.7183586305651,9.998698646813557,8.954380989379976,0.08281222306327013,0.964108140743198,49.99349323406783,1.074507003922642,0.4999349323406778,5.810447355488539,6.243366379396229,2.1868703485199357e-13,2.190830936201146e-13,0.008281222306327014,0.3160623002974826,0.008281222306327012,0.8,self,,0.0,1.0403783321380615,ok
C1,0.5,0.6,0.02,0.1,20,200,5,1.0,predictive,P1+P2,0.0003556558820077846,5,10.0,False,False,False,0.0007584660944653902,0.0012117664950419744,55.52536072203807,9.987882335049578,7.730441388158786,0.22555459241947112,2.0561216843721652,49.93941167524787,1.1118545224984868,0.4993941167524789,5.583942827861777,6.208532086531106,1.2728277641847693e-08,1.2804577693960909e-08,0.022555459241947115,0.5279738722875588,0.022555459241947115,0.8,self,,0.0,1.087747573852539,ok
C1,0.5,0.6,0.02,0.1,20,200,5,1.0,predictive,P1+P2,0.0003556558820077846,5,30.0,False,False,False,0.004155021707670258,0.006636433126681286,59.19328413485681,9.933635668733197,5.9384190924718645,0.4965819912797345,3.6313632475152033,49.668178343665936,1.1917748165693616,0.49668178343665986,5.2611893220442045,6.270152939215915,6.121188669246357e-06,6.229110532756058e-06,0.04965819912797345,0.6115799156497077,0.04965819912797347,0.8,self,,0.0,1.2024204730987549,ok
C1,0.5,0.6,0.02,0.1,20,200,5,1.0,predictive,P1+P2,0.0003556558820077846,5,100.0,False,False,False,0.011728421800997715,0.018727476591365026,64.3125341578134,9.812725234086358,3.7870259303398295,0.9351234190252673,5.4651254165485454,49.063626170431704,1.3107986338884077,0.4906362617043179,4.89528374217041,6.416731241733105,0.00023519675290576835,0.00024813815873282215,0.09351234190252673,0.723063024381354,0.09351234190252693,0.8,self,,0.0,1.1485474109649658,ok
C1,0.5,0.6,0.02,0.1,20,200,5,1.0,predictive,P1+P2,0.0003556558820077846,5,300.0,False,False,False,0.018187577508362668,0.02903495860669384,68.42079806630551,9.709650413933062,2.421183742238643,1.417960093825605,6.451205750002689,48.548252069665395,1.4093359729640433,0.4854825206966531,4.729948996751235,6.666087271406702,0.0011113419485479236,0.0012670394846854133,0.1417960093825605,1.0110704117012899,0.14179600938256115,0.8,self,,0.0,1.0672821998596191,ok
C1,0.5,0.6,0.02,0.1,20,200,5,1.0,predictive,P1+P2,0.0003556558820077846,5,1000.0,False,False,False,0.022686958914082102,0.036210441203462576,72.26961125036301,9.637895587965364,1.6262857009811518,2.013626176879551,6.722192534173933,48.18947793982685,1.499696911857076,0.4818947793982682,4.747609691859327,7.119975593584157,0.0020175030372036966,0.0026427821746659625,0.2013626176879551,1.3961117986054232,0.20136261768795474,0.8,self,,0.0,1.1042652130126953,ok
C1,0.5,0.6,0.02,0.1,20,200,5,1.0,predictive,P1+P2,0.0003556558820077846,10,3.0,False,False,False,8.14316862465551e-05,0.00013013151003041665,53.71835755137409,9.998698684899704,8.954381049448273,0.08281222357101974,0.9641080420810031,49.99349342449845,1.0745069782430994,0.4999349342449852,5.810447383549759,6.243366260338575,3.73302010701259e-07,4.6440868529801346e-07,0.008281222357101974,0.31606269907934803,0.00828122235710199,0.8,self,,0.0,1.8965682983398438,ok
C1,0.5,0.6,0.02,0.1,20,200,5,1.0,predictive,P1+P2,0.0003556558820077846,10,10.0,False,False,False,0.0007569594201171717,0.0012093611772317767,55.52477506454076,9.987906388227684,7.73047137456622,0.225555350307505,2.0560668868985905,49.93953194113836,1.1118401175642874,0.49939531941138415,5.583958920900105,6.208469543087723,0.00014432890374099398,0.00024409568893029917,0.0225555350307505,0.5281503577459035,0.022555535030750484,0.8,self,,0.0,2.0125584602355957,ok
C1,0.5,0.6,0.02,0.1,20,200,5,1.0,predictive,P1+P2,0.0003556558820077846,10,30.0,False,False,False,0.004120836175011451,0.006581874461319476,59.18213571779843,9.9341812553868,5.9388905988789435,0.4966144096689234,3.6303137360653324,49.67090627693403,1.191484918512171,0.49670906276934,5.261513006567554,6.2690133958808705,0.0019525130387349013,0.004784441593058442,0.049661440966892345,0.6141429605469202,0.04966144096689242,0.8,self,,0.0,1.724691390991211,ok
C1,0.5,0.6,0.02,0.1,20,200,5,1.0,predictive,P1+P2,0.0003556558820077846,10,100.0,False,False,False,0.011579065763429682,0.018489210957869213,64.2716010338184,9.815107890421316,3.7882499885175345,0.9353443048111642,5.461297816249985,49.07553945210656,1.3096463482901062,0.4907553945210658,4.896538754773201,6.412734099449707,0.0057585158044995656,0.0196009919519607,0.09353443048111643,0.72979271281939,0.09353443048111633,0.8,self,,0.0,1.9075865745544434,ok
C1,0.5,0.6,0.02,0.1,20,200,5,1.0,predictive,P1+P2,0.0003556558820077846,10,300.0,False,False,False,0.017953360074793274,0.02866148299108875,68.36404743379873,9.713385170089111,2.4224164925339013,1.4183945374419307,6.445803799935057,48.56692585044549,1.4076255854512076,0.4856692585044556,4.731794626155258,6.6605951808766735,0.0077623346367714065,0.031115180302340156,0.14183945374419307,1.0178744089714236,0.14183945374419243,0.8,self,,0.0,1.7893598079681396,ok
C1,0.5,0.6,0.02,0.1,20,200,5,1.0,predictive,P1+P2,0.0003556558820077846,10,1000.0,False,False,False,0.022440044936438093,0.03581695110383438,72.21571889214262,9.64183048896166,1.627215247509526,2.0141557610841727,6.716798502444642,48.20915244480827,1.497966988214904,0.48209152444808295,4.749497943547411,7.114591130028595,0.008136708476452176,0.03466506111158205,0.2014155761084173,1.4007472868023545,0.20141557610841704,0.8,self,,0.0,1.773575782775879,ok
C1,0.5,0.6,0.02,0.1,20,200,5,1.0,predictive,P1+P2,0.0003556558820077846,15,3.0,False,False,False,8.087427662090522e-05,0.00012924100368047177,53.71760314582637,9.998707589963201,8.954429966999758,0.08281259750370445,0.9640498455333368,49.99353794981596,1.0744909312029218,0.4999353794981601,5.810461907479349,6.243288625686591,0.0001421213070665421,0.00021856023793064255,0.008281259750370445,0.3162896953829796,0.008281259750370452,0.8,self,,0.0,7.956710338592529,ok
C1,0.5,0.6,0.02,0.1,20,200,5,1.0,predictive,P1+P2,0.0003556558820077846,15,10.0,False,False,False,0.0007291873333697198,0.0011650041319477588,55.50272166226028,9.988349958680532,7.731594535489223,0.22558118024853302,2.0544743255817126,49.94174979340262,1.1113491596081855,0.49941749793402657,5.584388777686492,6.206205775007264,0.001966504103496613,0.005078472635487346,0.022558118024853302,0.5329202047294153,0.022558118024853354,0.8,self,,0.0,7.858612298965454,ok
C1,0.5,0.6,0.02,0.1,20,200,5,1.0,predictive,P1+P2,0.0003556558820077846,15,30.0,False,False,False,0.003915516128401437,0.006254062636768666,59.078876923395455,9.937459373632318,5.943132345739934,0.4968918266620534,3.6225164539656936,49.687296868161525,1.1890137046527849,0.4968729686816159,5.263806703897458,6.258738309577281,0.005490207048518997,0.024616400111457708,0.04968918266620534,0.6290596914634922,0.04968918266620554,0.8,self,,0.0,7.805883169174194,ok
C1,0.5,0.6,0.02,0.1,20,200,5,1.0,predictive,P1+P2,0.0003556558820077846,15,100.0,False,False,False,0.011047359604530814,0.01764072521738404,64.08778636377495,9.823592747826146,3.7936965990093894,0.936319451305331,5.446391201859133,49.11796373913087,1.3047728668914271,0.49117963739130727,4.901324217006783,6.395114850188319,0.008178426234349617,0.05606816931676495,0.0936319451305331,0.7459160962685991,0.09363194513053304,0.8,self,,0.0,7.797830581665039,ok
C1,0.5,0.6,0.02,0.1,20,200,5,1.0,predictive,P1+P2,0.0003556558820077846,15,300.0,False,False,False,0.017246441407212217,0.027533962697298794,68.16937676594324,9.724660373027014,2.4266500545948797,1.419925854963662,6.428763717414444,48.62330186513508,1.401989872160934,0.4862330186513507,4.737564662515884,6.642017675554802,0.009155327676600636,0.07465521478176707,0.1419925854963662,1.0293096343228891,0.14199258549636617,0.8,self,,0.0,7.783623933792114,ok
C1,0.5,0.6,0.02,0.1,20,200,5,1.0,predictive,P1+P2,0.0003556558820077846,15,1000.0,False,False,False,0.02170819171470482,0.034650334246878974,72.04366139515004,9.65349665753119,1.6301946738499715,2.0159380367590587,6.700370631859781,48.26748328765614,1.4925920410185212,0.48267483287655943,4.755226412443714,7.097613096454544,0.009453225885838428,0.08003252501128043,0.20159380367590587,1.4083237186548216,0.2015938036759067,0.8,self,,0.0,7.889266729354858,ok
C1,0.5,0.6,0.02,0.1,20,200,5,1.0,predictive,P1+P2,0.0003556558820077846,20,3.0,False,False,False,7.291165635188107e-05,0.00011651761681100513,53.67349071444292,9.998834823831881,8.971896123348143,0.08293650937596266,0.9463325434440133,49.99417411915936,1.0735949070088455,0.49994174119159407,5.814496488533345,6.242413816910216,0.006950918691661987,0.014079379498858822,0.008293650937596266,0.3209660395449889,0.008293650937596321,0.8,self,,0.0,39.53709840774536,ok
C1,0.5,0.6,0.02,0.1,20,200,5,1.0,predictive,P1+P2,0.0003556558820077846,20,10.0,False,False,False,0.0006374200712832878,0.0010184078212213514,55.34691010148537,9.989815921787784,7.754647154965466,0.22602993714565506,2.0295069861010946,49.94907960893895,1.1080666657885807,0.4994907960893892,5.590309068436143,6.194435130189704,0.008870688771589582,0.03338881511369826,0.022602993714565506,0.5513641264561184,0.022602993714565558,0.8,self,,0.0,39.83022117614746,ok
C1,0.5,0.6,0.02,0.1,20,200,5,1.0,predictive,P1+P2,0.0003556558820077846,20,30.0,False,False,False,0.003507462952029762,0.005602455165656387,58.767763028128904,9.943975448343451,5.964214483187693,0.49805494969977526,3.5937551187690815,49.719877241717214,1.181977235028652,0.4971987724171726,5.271449805889637,6.230733666157757,0.009554362792194218,0.06438727713253897,0.04980549496997753,0.6588427653739944,0.04980549496997717,0.8,self,,0.0,39.41872549057007,ok
C1,0.5,0.6,0.02,0.1,20,200,5,1.0,predictive,P1+P2,0.0003556558820077846,20,100.0,False,False,False,0.010148331112137754,0.01620584232343284,63.70393978380078,9.837941576765665,3.8078391934744023,0.9385963092548826,5.415622920505049,49.189707883828305,1.2950664381713923,0.49189707883828326,4.910765542363509,6.359767639643516,0.00978584675638569,0.10199645188021064,0.09385963092548827,0.7712138429325088,0.09385963092548798,0.8,self,,0.0,39.51797795295715,ok
C1,0.5,0.6,0.02,0.1,20,200,5,1.0,predictive,P1+P2,0.0003556558820077846,20,300.0,False,False,False,0.01607339314912716,0.025662654386159903,67.80643397596823,9.743373456138395,2.43549386081385,1.4229942996033715,6.398138383444383,48.71686728069193,1.3918471724646817,0.4871686728069197,4.747749137877063,6.608141213125821,0.009844943859245534,0.12261156782006379,0.14229942996033715,1.0468485302108117,0.14229942996033546,0.8,self,,0.0,39.509480237960815,ok
C1,0.5,0.6,0.02,0.1,20,200,5,1.0,predictive,P1+P2,0.0003556558820077846,20,1000.0,False,False,False,0.020456951221285546,0.03265535896400015,71.72798675283153,9.673446410360016,1.6359965240767107,2.019440749580377,6.6711163159828955,48.36723205180013,1.4829872148981482,0.4836723205180008,4.765352898267806,7.066957422608993,0.009859179743653418,0.1286612638841043,0.20194407495803768,1.420546455973227,0.2019440749580358,0.8,self,,0.0,37.95209765434265,ok
C1,0.5,0.6,0.02,0.1,20,200,5,1.0,predictive,P1+P2 (protect),0.0003556558820077846,5,3.0,True,True,False,8.143407144172341e-05,0.00013013531864215837,53.7183586305648,9.998698646813574,8.95438098937999,0.08281222306325013,0.9641081407431855,49.993493234067905,1.0745070039226343,0.4999349323406787,5.810447355488542,6.243366379396186,2.1868436853839073e-13,2.1908042173734746e-13,0.008281222306325014,0.3160623002973422,0.008281222306325015,0.8,self,,0.0,0.9805188179016113,ok
C1,0.5,0.6,0.02,0.1,20,200,5,1.0,predictive,P1+P2 (protect),0.0003556558820077846,5,10.0,True,True,False,0.0007584660507316842,0.0012117664253516911,55.5253607124528,9.987882335746491,7.730441388668489,0.22555459207719797,2.056121683507821,49.93941167873245,1.1118545222289677,0.49939411678732454,5.583942828110097,6.208532085302223,1.2728163080270036e-08,1.2804462373325341e-08,0.0225554592077198,0.5279738640319097,0.022555459207719813,0.8,self,,0.0,0.9799697399139404,ok
C1,0.5,0.6,0.02,0.1,20,200,5,1.0,predictive,P1+P2 (protect),0.0003556558820077846,5,30.0,True,True,False,0.00415500493779688,0.006636406404207967,59.19328054021054,9.933635935957927,5.938419245112385,0.4965819427168846,3.631362876212803,49.668179679789525,1.1917747121362063,0.49668179679789637,5.261189438690568,6.270152528789501,6.121141584835015e-06,6.229062547008153e-06,0.049658194271688466,0.6115759323345896,0.049658194271688494,0.8,self,,0.0,0.9406280517578125,ok
C1,0.5,0.6,0.02,0.1,20,200,5,1.0,predictive,P1+P2 (protect),0.0003556558820077846,5,100.0,True,True,False,0.011727839042344425,0.01872654804709346,64.31241293939816,9.812734519529055,3.7870295477182925,0.9351232941015671,5.465112638651085,49.063672597645315,1.310794922891375,0.49063672597645275,4.895288002379515,6.4167186596101295,0.0002351952925361734,0.0002481366118721684,0.09351232941015672,0.7229098921491145,0.09351232941015651,0.8,self,,0.0,0.9373533725738525,ok
C1,0.5,0.6,0.02,0.1,20,200,5,1.0,predictive,P1+P2 (protect),0.0003556558820077846,5,300.0,True,True,False,0.018184936824062074,0.02903075171190019,68.42026383567355,9.70969248288099,2.42119545237134,1.4179625167015475,6.451149548046121,48.54846241440504,1.4093188626993933,0.4854846241440495,4.729968366452589,6.66603363881307,0.0011113376831292819,0.0012670345840627509,0.14179625167015475,1.010350507005707,0.1417962516701545,0.8,self,,0.0,1.0826306343078613,ok
C1,0.5,0.6,0.02,0.1,20,200,5,1.0,predictive,P1+P2 (protect),0.0003556558820077846,5,1000.0,True,True,False,0.02268239604955723,0.036203174445514436,72.26872121907715,9.637968255544855,1.6263013715166532,2.013633342559412,6.722097030379079,48.18984127772425,1.4996671352906772,0.48189841277724277,4.7476432426529405,7.119884541091476,0.0020174999069462415,0.002642778152714992,0.20136333425594122,1.3948382089664548,0.2013633342559409,0.8,self,,0.0,0.9718935489654541,ok
C1,0.5,0.6,0.02,0.1,20,200,5,1.0,predictive,P1+P2 (protect),0.0003556558820077846,10,3.0,True,True,False,8.142560177708002e-05,0.00013012179393932034,53.718354658208725,9.998698782060604,8.95438120073298,0.08281221367599206,0.9641078035304247,49.99349391030301,1.0745069099308955,0.4999349391030302,5.810447450487997,6.243365935339708,3.729216820677106e-07,4.63824766297844e-07,0.008281221367599206,0.316061952836923,0.008281221367599208,0.8,self,,0.0,1.154554843902588,ok
C1,0.5,0.6,0.02,0.1,20,200,5,1.0,predictive,P1+P2 (protect),0.0003556558820077846,10,10.0,True,True,False,0.0007542710304337199,0.0012050687506001399,55.52362848344386,9.987949312493999,7.7305261715254865,0.22555503404633084,2.0559694819341843,49.93974656246998,1.1118123800245754,0.49939746562469994,5.583987302194324,6.20834621247968,0.0001442403089820182,0.00024386714185358857,0.022555503404633085,0.5278071434864432,0.0225555034046331,0.8,self,,0.0,1.136777400970459,ok
C1,0.5,0.6,0.02,0.1,20,200,5,1.0,predictive,P1+P2 (protect),0.0003556558820077846,10,30.0,True,True,False,0.004079039500319906,0.006515154894920099,59.16681831310772,9.934848451050794,5.93949844600089,0.49664529584968475,3.629007807098631,49.67424225525391,1.1910965447459807,0.4967424225525397,5.26191259439609,6.267445909940542,0.001951878359702918,0.0047818516044905455,0.049664529584968475,0.6087404901569393,0.04966452958496848,0.8,self,,0.0,1.2463269233703613,ok
C1,0.5,0.6,0.02,0.1,20,200,5,1.0,predictive,P1+P2 (protect),0.0003556558820077846,10,100.0,True,True,False,0.011451575910716851,0.018285771604140213,64.23240159563746,9.817142283958605,3.7893631578076974,0.9355320520718718,5.4579625061618255,49.0857114197931,1.308576360364957,0.4908571141979302,4.897625352904261,6.408916758734596,0.005757985542991027,0.019597798795156558,0.09355320520718718,0.713274681769629,0.09355320520718713,0.8,self,,0.0,1.2780485153198242,ok
C1,0.5,0.6,0.02,0.1,20,200,5,1.0,predictive,P1+P2 (protect),0.0003556558820077846,10,300.0,True,True,False,0.017796958449698915,0.02841200073348394,68.32195259027984,9.715879992665165,2.4232941302543662,1.4186986025738952,6.442127274506573,48.579399963325756,1.4063976220755794,0.48579399963325826,4.733044936493804,6.6565431438617475,0.007762398184898414,0.03111495767317905,0.14186986025738954,0.997564134714039,0.1418698602573894,0.8,self,,0.0,1.1453843116760254,ok
C1,0.5,0.6,0.02,0.1,20,200,5,1.0,predictive,P1+P2 (protect),0.0003556558820077846,10,1000.0,True,True,False,0.022305454085650895,0.035602351524264754,72.18318199703506,9.643976484757351,1.627759421231782,2.0144664607829634,6.713797633227903,48.21988242378678,1.496958896802022,0.48219882423786753,4.750544370981083,7.111369660792898,0.008136956422599565,0.03466613483382013,0.20144664607829635,1.3828618001724045,0.20144664607829701,0.8,self,,0.0,1.16450834274292,ok
C1,0.5,0.6,0.02,0.1,20,200,5,1.0,predictive,P1+P2 (protect),0.0003556558820077846,15,3.0,True,True,False,7.784890804119113e-05,0.000124407365309512,53.71232432710006,9.998755926346904,8.954779474356785,0.08280161894160495,0.9636629803547052,49.99377963173449,1.0743801473454742,0.4999377963173452,5.810554797938772,6.242744719968409,0.00014084023397230782,0.0002157237272570041,0.008280161894160495,0.3155161409143002,0.008280161894160507,0.8,self,,0.0,2.2134313583374023,ok
C1,0.5,0.6,0.02,0.1,20,200,5,1.0,predictive,P1+P2 (protect),0.0003556558820077846,15,10.0,True,True,False,0.0006511177385854734,0.0010402920041652592,55.41198609726738,9.989597079958362,7.7363284476323075,0.225598731090185,2.0484757413191454,49.94798539979178,1.1093938154610412,0.49947985399791806,5.58593218288251,6.19699861727465,0.001958293917242769,0.005036245714861914,0.0225598731090185,0.5195852954884917,0.022559873109018518,0.8,self,,0.0,2.3175759315490723,ok
C1,0.5,0.6,0.02,0.1,20,200,5,1.0,predictive,P1+P2 (protect),0.0003556558820077846,15,30.0,True,True,False,0.0035652684180545588,0.005694712781708504,58.81639975851142,9.943052872182934,5.953672007726055,0.49740913089649336,3.605865989194518,49.715264360914524,1.1830652117531952,0.4971526436091467,5.268481864796708,6.232957612993586,0.005482683397651615,0.02453081968919201,0.04974091308964934,0.5865548887294222,0.0497409130896493,0.8,self,,0.0,2.33223032951355,ok
C1,0.5,0.6,0.02,0.1,20,200,5,1.0,predictive,P1+P2 (protect),0.0003556558820077846,15,100.0,True,True,False,0.010430557623804524,0.016656086726229688,63.7858352211667,9.833439132737691,3.802296801330368,0.9376586405761128,5.426605425355829,49.167195663688474,1.2973250631879043,0.49167195663688457,4.907469871629039,6.3665836613038795,0.008176662289475431,0.056026483086968865,0.09376586405761128,0.6866664353788156,0.09376586405761139,0.8,self,,0.0,2.310917615890503,ok
C1,0.5,0.6,0.02,0.1,20,200,5,1.0,predictive,P1+P2 (protect),0.0003556558820077846,15,300.0,True,True,False,0.016610512176247025,0.026519200347384135,67.9373060431444,9.734807996526152,2.4315551639508084,1.4215283955903502,6.41210844393269,48.67403998263085,1.3957605751934208,0.4867403998263076,4.743089023033297,6.620216662982555,0.009155961653524369,0.07465335219074616,0.14215283955903502,0.974536756250293,0.14215283955903513,0.8,self,,0.0,2.200552225112915,ok
C1,0.5,0.6,0.02,0.1,20,200,5,1.0,predictive,P1+P2 (protect),0.0003556558820077846,15,1000.0,True,True,False,0.021176869896021952,0.03380284865988262,71.88631643738066,9.661971513401175,1.6328743064478046,2.017420708849542,6.6877334713014776,48.309857567005736,1.4880258410547866,0.48309857567005876,4.759574736764772,7.082370200737514,0.009454336624713944,0.08004219023171898,0.20174207088495422,1.3638481069359036,0.2017420708849545,0.8,self,,0.0,2.301624298095703,ok
C1,0.5,0.6,0.02,0.1,20,200,5,1.0,predictive,P1+P2 (protect),0.0003556558820077846,20,3.0,True,True,False,1.996462315018499e-05,3.190634640905281e-05,52.98639862934282,9.9996809365359,9.44877440558475,0.07904207734703565,0.472502580532316,49.9984046826795,1.0597617857135035,0.499984046826795,5.920928399366758,6.274773653594712,0.005139893184554002,0.009450051610646258,0.007904207734703565,0.0016258932611883615,0.007904207734703569,0.8,self,,0.0,7.242700576782227,ok
C1,0.5,0.6,0.02,0.1,20,200,5,1.0,predictive,P1+P2 (protect),0.0003556558820077846,20,10.0,True,True,False,0.0002749608555850478,0.0004393005438916981,53.77279769854272,9.995606994561093,8.397362200340853,0.2311926336738607,1.3758381714241938,49.978034972805446,1.075928609994413,0.4997803497280547,5.73941626827427,6.175202167703656,0.00787817605133026,0.027516763428483925,0.02311926336738607,0.005177727433461009,0.023119263367386032,0.8,self,,0.0,7.201719045639038,ok
C1,0.5,0.6,0.02,0.1,20,200,5,1.0,predictive,P1+P2 (protect),0.0003556558820077846,20,30.0,True,True,False,0.002392751536167772,0.0038219254035163257,56.598580942356755,9.961780745964855,6.516176420090385,0.5173561134661172,3.0046867204786416,49.808903729824245,1.1363145282088798,0.4980890372982428,5.409917082664206,6.147367377436737,0.009180695816238064,0.060093734409573336,0.051735611346611726,0.03135052229009781,0.05173561134661162,0.8,self,,0.0,7.194062232971191,ok
C1,0.5,0.6,0.02,0.1,20,200,5,1.0,predictive,P1+P2 (protect),0.0003556558820077846,20,100.0,True,True,False,0.008507389784820133,0.01358569146131628,61.87238790283975,9.864143085386855,4.152092448941958,0.968406254615125,5.0153582110560615,49.3207154269342,1.254490884149889,0.49320715426934275,5.009484132225863,6.284352178170862,0.009671525443330876,0.10030716422112158,0.09684062546151251,0.21925269838633019,0.096840625461512,0.8,self,,0.0,7.304046869277954,ok
C1,0.5,0.6,0.02,0.1,20,200,5,1.0,predictive,P1+P2 (protect),0.0003556558820077846,20,300.0,True,True,False,0.014479325558798975,0.02311824054537549,66.48468807407293,9.768817594546244,2.670603756556468,1.455504695713195,6.105073953184093,48.84408797273128,1.3611614185772096,0.4884408797273122,4.822576854925805,6.564305553048426,0.009802655296066014,0.12210147906368186,0.1455504695713195,0.5805898773021925,0.14555046957131773,0.8,self,,0.0,7.219963788986206,ok
C1,0.5,0.6,0.02,0.1,20,200,5,1.0,predictive,P1+P2 (protect),0.0003556558820077846,20,1000.0,True,True,False,0.01912100732513186,0.030523713332680825,70.75645094123014,9.6947628666732,1.824254817311036,2.052543865239496,6.428438450776268,48.47381433336598,1.4596839946330848,0.48473814333366,4.828282380792097,7.047766512811149,0.00984435033838692,0.12856876901552514,0.20525438652394962,1.0101813836513718,0.2052543865239487,0.8,self,,0.0,7.628124475479126,ok
C1,0.5,0.6,0.02,0.1,20,200,5,1.0,predictive,NoCancel,0.0009283177667225565,0,1.0,False,False,True,2.5075814199625414e-05,4.007441086538964e-05,53.070080123534225,9.99959925589136,9.490728847814452,0.08810412208572466,0.42156777420846403,49.997996279456736,1.0614441392192302,0.49997996279456797,5.9337692553725905,6.298364599594492,0.0,0.0,0.008810412208572467,0.0,0.00881041220857245,0.8,self,,0.0,11.932718753814697,ok
C1,0.5,0.6,0.02,0.1,20,200,5,1.0,predictive,P2 only,0.0009283177667225565,0,3.0,False,False,False,0.0004927368130694021,0.0007872692509784179,55.08317404981268,9.992127307490225,7.989926055330121,0.19340870062472273,1.8245379365549317,49.96063653745111,1.1025314701209152,0.49960636537451125,5.6319892673008685,6.209445406582443,0.0,0.0,0.019340870062472273,0.5183366543491165,0.019340870062472242,0.8,self,,0.0,1.0086088180541992,ok
C1,0.5,0.6,0.02,0.1,20,200,5,1.0,predictive,P2 only,0.0009283177667225565,0,10.0,False,False,False,0.0035106764801970365,0.005607480820410317,58.7036694521817,9.943925191795906,6.161275839251919,0.460541333000716,3.434257635951459,49.71962595897951,1.1806941086124492,0.4971962595897953,5.301781218018196,6.2597818492662185,0.0,0.0,0.046054133300071604,0.6251476731987851,0.046054133300071645,0.8,self,,0.0,0.9431490898132324,ok
C1,0.5,0.6,0.02,0.1,20,200,5,1.0,predictive,P2 only,0.0009283177667225565,0,30.0,False,False,False,0.0100981795360846,0.016125222077458014,63.35162464885384,9.838747779225418,4.163943384618379,0.842332072104808,5.154976764051395,49.19373889612705,1.2877985302686847,0.4919373889612709,4.955208062752429,6.381309660388115,0.0,0.0,0.0842332072104808,0.6993301718633177,0.0842332072104807,0.8,self,,0.0,0.9009401798248291,ok
C1,0.5,0.6,0.02,0.1,20,200,5,1.0,predictive,P2 only,0.0009283177667225565,0,100.0,False,False,False,0.01750331128523403,0.027943289822617446,67.9810361057478,9.72056710177384,2.538897254101127,1.3567598412619744,6.383775802863059,48.602835508869184,1.3987051453683692,0.486028355088692,4.737598137800771,6.626502892029543,0.0,0.0,0.13567598412619744,0.9815984722916793,0.13567598412619764,0.8,self,,0.0,0.9987397193908691,ok
C1,0.5,0.6,0.02,0.1,20,200,5,1.0,predictive,P2 only,0.0009283177667225565,0,300.0,False,False,False,0.021986984111082245,0.0350945574723073,71.57025160671567,9.649054425276931,1.7288359613190192,1.8937975942006715,6.728312019203377,48.24527212638467,1.4834666372951164,0.4824527212638466,4.729886149125225,7.016628300431544,0.0,0.0,0.18937975942006716,1.3352237337320623,0.18937975942006777,0.8,self,,0.0,0.9645209312438965,ok
C1,0.5,0.6,0.02,0.1,20,200,5,1.0,predictive,P2 only,0.0009283177667225565,0,1000.0,False,False,False,0.024715139915586114,0.03944224971085558,74.90329389710422,9.60557750289145,1.3017379622759786,2.4735125783183185,6.619171956514252,48.02788751445716,1.5595791897896223,0.48027887514457246,4.835152752167162,7.540803611733925,0.0,0.0,0.24735125783183187,1.6560487002600557,0.24735125783183187,0.8,self,,0.0,0.9626009464263916,ok
C1,0.5,0.6,0.02,0.1,20,200,5,1.0,predictive,P1 only,0.0009283177667225565,5,1.0,False,False,False,7.209132798467712e-05,0.00011520754588737551,53.71669760801515,9.998847924541124,8.974651509749483,0.08331328446643851,0.9431872812429543,49.99423962270561,1.074457737799435,0.4999423962270562,5.815264656144029,6.248256107145523,4.9768460596278304e-14,4.9846913405834646e-14,0.008331328446643851,0.3303334925926085,0.00833132844664386,0.8,self,,0.0,0.9718277454376221,ok
C1,0.5,0.6,0.02,0.1,20,200,5,1.0,predictive,P1 only,0.0009283177667225565,10,1.0,False,False,False,7.209035022223631e-05,0.00011520598460051515,53.716697160414235,9.998847940154,8.974651534607952,0.08331328469720414,0.9431872405408424,49.99423970076998,1.0744577271686546,0.49994239700770005,5.8152646677086945,6.248256057750465,1.5955338418558427e-07,1.9376575825113956e-07,0.008331328469720414,0.330333660953219,0.008331328469720425,0.8,self,,0.0,1.7171902656555176,ok
C1,0.5,0.6,0.02,0.1,20,200,5,1.0,predictive,P1 only,0.0009283177667225565,15,1.0,False,False,False,7.174767009151274e-05,0.00011465851578803388,53.71620886650099,9.998853414842122,8.97468407108677,0.08331358673911755,0.9431489273319897,49.994267074210626,1.0744473718709704,0.4999426707421061,5.815274179482836,6.248206058854447,9.934375201320084e-05,0.0001461937012485556,0.008331358673911755,0.33048533199777763,0.008331358673911778,0.8,self,,0.0,6.926851034164429,ok
C1,0.5,0.6,0.02,0.1,20,200,5,1.0,predictive,P1 only,0.0009283177667225565,20,1.0,False,False,False,6.539643965946001e-05,0.00010450975109048989,53.67649286958288,9.998954902489087,8.991435223108835,0.08346909065946898,0.9261407837426088,49.99477451244541,1.0736420634564712,0.4999477451244544,5.81914966205467,6.247683850730403,0.006947129609201486,0.01340264204192147,0.008346909065946899,0.33487682206674896,0.00834690906594694,0.8,self,,0.0,35.81018614768982,ok
C1,0.5,0.6,0.02,0.1,20,200,5,1.0,predictive,P1 only (protect),0.0009283177667225565,5,1.0,True,True,False,7.209132798403381e-05,0.00011520754588635036,53.71669760801499,9.99884792454114,8.974651509749496,0.08331328446642475,0.94318728124294,49.99423962270564,1.074457737799431,0.499942396227057,5.815264656144033,6.2482561071455045,4.976742504977617e-14,4.984587587142545e-14,0.008331328446642475,0.33033349259257794,0.00833132844664248,0.8,self,,0.0,0.9581120014190674,ok
C1,0.5,0.6,0.02,0.1,20,200,5,1.0,predictive,P1 only (protect),0.0009283177667225565,10,1.0,True,True,False,7.208752737176658e-05,0.00011520147683217677,53.716695805691096,9.998847985231683,8.974651605429607,0.08331327127108716,0.9431871380676231,49.99423992615836,1.0744576952271065,0.4999423992615841,5.815264695585565,6.248255901954428,1.5936640125305e-07,1.934933327868544e-07,0.008331327127108717,0.3303333514724292,0.008331327127108726,0.8,self,,0.0,1.1105527877807617,ok
C1,0.5,0.6,0.02,0.1,20,200,5,1.0,predictive,P1 only (protect),0.0009283177667225565,15,1.0,True,True,False,6.963170141425103e-05,0.00011127778644908967,53.71236258470575,9.998887222135508,8.974946024086915,0.08328822849954319,0.9428785252780347,49.994436110677576,1.074366804853993,0.4999443611067754,5.815336449611485,6.247804440520055,9.831559394801486e-05,0.00014410651309153662,0.00832882284995432,0.32995982906731813,0.008328822849954332,0.8,self,,0.0,2.3830578327178955,ok
C1,0.5,0.6,0.02,0.1,20,200,5,1.0,predictive,P1 only (protect),0.0009283177667225565,20,1.0,True,True,False,1.6497776069549893e-05,2.636651385648803e-05,52.957872173892525,9.999736334861431,9.516535356346994,0.06931136550616183,0.41441694328541345,49.99868167430715,1.059185370503599,0.49998681674307155,5.932576732351812,6.283698484297084,0.00477972731631064,0.008288338865708553,0.006931136550616184,0.0014242617376694054,0.006931136550616184,0.8,self,,0.0,7.140388011932373,ok
C1,0.5,0.6,0.02,0.1,20,200,5,1.0,predictive,P1+P2,0.0009283177667225565,5,3.0,False,False,False,0.0004927368065847488,0.0007872692406450786,55.08317404838789,9.99212730759355,7.989926055408007,0.19340870062640206,1.8245379363720398,49.96063653796779,1.102531470080995,0.4996063653796775,5.631989267357919,6.209445406420512,2.032786769748451e-09,2.042349477506526e-09,0.01934087006264021,0.5183366549322557,0.01934087006264021,0.8,self,,0.0,0.9904913902282715,ok
C1,0.5,0.6,0.02,0.1,20,200,5,1.0,predictive,P1+P2,0.0009283177667225565,5,10.0,False,False,False,0.0035106656473296765,0.005607463558731905,58.703667127199424,9.943925364412674,6.161275940824746,0.4605413392079393,3.4342573555546405,49.71962682206338,1.1806940413548985,0.49719626822063373,5.301781308166051,6.259781599118435,3.350773183921214e-06,3.4023702669231466e-06,0.04605413392079394,0.6251486324102808,0.04605413392079389,0.8,self,,0.0,1.0103099346160889,ok
C1,0.5,0.6,0.02,0.1,20,200,5,1.0,predictive,P1+P2,0.0009283177667225565,5,30.0,False,False,False,0.010097724452527771,0.016124496994774147,63.35152992421043,9.838755030052276,4.16394641714474,0.8423325191271329,5.1549660336758505,49.19377515026134,1.2877956556638424,0.4919377515026138,4.955211641091322,6.381300024292303,0.00013690294212071542,0.00014291991632165352,0.0842332519127133,0.6993687102622737,0.08423325191271328,0.8,self,,0.0,1.0490643978118896,ok
C1,0.5,0.6,0.02,0.1,20,200,5,1.0,predictive,P1+P2,0.0009283177667225565,5,100.0,False,False,False,0.017499802740592305,0.027937701136836836,67.98033326626674,9.720622988631646,2.538913078527514,1.3567647775198082,6.383699155321031,48.60311494315813,1.3986826429904848,0.4860311494315823,4.737624575876489,6.6264332632836025,0.0009753935778860881,0.0010978582242316787,0.13567647775198083,0.9818590956148167,0.13567647775198105,0.8,self,,0.0,0.9811952114105225,ok
C1,0.5,0.6,0.02,0.1,20,200,5,1.0,predictive,P1+P2,0.0009283177667225565,5,300.0,False,False,False,0.021979222940856854,0.03508220054478004,71.56876377113424,9.649177994552204,1.728862779834099,1.8938108268371425,6.728148398776554,48.24588997276101,1.483416801131475,0.4824588997276102,4.729943633843181,7.016477854847836,0.0019021628199246258,0.002416567186857653,0.18938108268371426,1.3356773684719467,0.1893810826837146,0.8,self,,0.0,0.9537050724029541,ok
C1,0.5,0.6,0.02,0.1,20,200,5,1.0,predictive,P1+P2,0.0009283177667225565,5,1000.0,False,False,False,0.024705361220508905,0.039426692319798305,74.9015178799446,9.60573307680201,1.3017660589491942,2.473531346569006,6.618969517679789,48.0286653840102,1.5595169526588795,0.48028665384010055,4.835224639605266,7.540614795378333,0.002119211264231979,0.0030995283168538876,0.2473531346569006,1.6564470409508258,0.24735313465689987,0.8,self,,0.0,1.0147175788879395,ok
C1,0.5,0.6,0.02,0.1,20,200,5,1.0,predictive,P1+P2,0.0009283177667225565,10,3.0,False,False,False,0.0004921876542806716,0.0007863925045012726,55.08295290199529,9.992136074955,7.989937597557994,0.19340895436009212,1.8245173731269126,49.96068037477493,1.1025260762823115,0.49960680374775,5.6319952628798005,6.209421638823431,5.9039150800090726e-05,9.256969315636203e-05,0.01934089543600921,0.5184068840411306,0.019340895436009226,0.8,self,,0.0,1.7969889640808105,ok
C1,0.5,0.6,0.02,0.1,20,200,5,1.0,predictive,P1+P2,0.0009283177667225565,10,10.0,False,False,False,0.003484699964399331,0.005566021634317604,58.695015301634115,9.944339783656838,6.161651592496637,0.4605650009672416,3.4334436228792837,49.72169891828411,1.1804708322235196,0.4972169891828419,5.3020307603710926,6.258892664169964,0.0015758283886382098,0.003686968575500827,0.046056500096724164,0.6272160649320235,0.0460565000967242,0.8,self,,0.0,1.6307508945465088,ok
C1,0.5,0.6,0.02,0.1,20,200,5,1.0,predictive,P1+P2,0.0009283177667225565,10,30.0,False,False,False,0.009974198675800879,0.015927420049834867,63.31659551915472,9.840725799501655,4.165067071132955,0.8425051117614546,5.151702017603935,49.20362899750828,1.2868277565941555,0.49203628997508275,4.956270308459445,6.37786620210909,0.005055232018567591,0.016298842048654942,0.08425051117614546,0.705535466160919,0.08425051117614515,0.8,self,,0.0,1.6093571186065674,ok
C1,0.5,0.6,0.02,0.1,20,200,5,1.0,predictive,P1+P2,0.0009283177667225565,10,100.0,False,False,False,0.017272266220718556,0.02757485656058211,67.92445752081079,9.724251434394203,2.540161204494971,1.3571806203084689,6.378406740802356,48.62125717197088,1.3970115433372174,0.48621257171971016,4.739426709726722,6.621033822288958,0.007617232870342878,0.03010599217770077,0.13571806203084688,0.9888451992227968,0.1357180620308474,0.8,self,,0.0,1.617410659790039,ok
C1,0.5,0.6,0.02,0.1,20,200,5,1.0,predictive,P1+P2,0.0009283177667225565,10,300.0,False,False,False,0.02172945537845103,0.03468411219360565,71.51322622740297,9.653158878063946,1.7298459604668797,1.8943368620374061,6.722658299431768,48.26579439031979,1.4816543917019978,0.48265794390319733,4.731859938893109,7.010981059379722,0.008161128968594292,0.034601213917304814,0.18943368620374063,1.3407819453099485,0.18943368620374124,0.8,self,,0.0,1.6632742881774902,ok
C1,0.5,0.6,0.02,0.1,20,200,5,1.0,predictive,P1+P2,0.0009283177667225565,10,1000.0,False,False,False,0.024482756959294416,0.039072126465775056,74.85596302920962,9.609278735342265,1.3024732894525188,2.474044850843243,6.614203124361973,48.046393676711254,1.557993374755478,0.48046393676711324,4.836910346355042,7.535874273907379,0.00781902849285285,0.03312025742370103,0.24740448508432433,1.6595928990816393,0.24740448508432378,0.8,self,,0.0,1.5857434272766113,ok
C1,0.5,0.6,0.02,0.1,20,200,5,1.0,predictive,P1+P2,0.0009283177667225565,15,3.0,False,False,False,0.0004773236100397435,0.0007626504174667836,55.06977753377206,9.992373495825328,7.990638383586099,0.19342329455399895,1.8235648260345751,49.961867479126596,1.1022361715518236,0.4996186747912664,5.63224800892324,6.208067482585933,0.0013706300729371674,0.003134707210482438,0.019342329455399897,0.5214914084573327,0.01934232945539992,0.8,self,,0.0,7.001944541931152,ok
C1,0.5,0.6,0.02,0.1,20,200,5,1.0,predictive,P1+P2,0.0009283177667225565,15,10.0,False,False,False,0.0033126118386656864,0.0052912529605724035,58.60390259254338,9.947087470394278,6.165498545766814,0.4607953161143536,3.4266186677245543,49.735437351971356,1.178312802958,0.4973543735197139,5.3040182560139595,6.249792618184211,0.005077957094536099,0.021335932016203298,0.04607953161143536,0.6411537271273277,0.046079531611435534,0.8,self,,0.0,7.050558567047119,ok
C1,0.5,0.6,0.02,0.1,20,200,5,1.0,predictive,P1+P2,0.0009283177667225565,15,30.0,False,False,False,0.009503134529398924,0.015175624682839912,63.142984224237324,9.848243753171603,4.170570524328783,0.8433392302351199,5.137846492264494,49.241218765858065,1.282319686774654,0.4924121876585802,4.960652033543541,6.361141761851604,0.007806159834782376,0.050161025793637494,0.084333923023512,0.7224114448138508,0.08433392302351186,0.8,self,,0.0,6.952502250671387,ok
C1,0.5,0.6,0.02,0.1,20,200,5,1.0,predictive,P1+P2,0.0009283177667225565,15,100.0,False,False,False,0.016577997354255247,0.026467440565466443,67.72879656223338,9.735325594345344,2.5445373427497064,1.358670297876404,6.3614667650285455,48.676627971726745,1.3914028022149125,0.4867662797172672,4.745137665633753,6.6023978448583325,0.009085169835794762,0.0731320779109277,0.1358670297876404,1.000896316155854,0.1358670297876401,0.8,self,,0.0,7.010817527770996,ok
C1,0.5,0.6,0.02,0.1,20,200,5,1.0,predictive,P1+P2,0.0009283177667225565,15,300.0,False,False,False,0.02099286088143438,0.03350979859128073,71.33556763858951,9.664902014087206,1.7330030412359032,1.8961042391596625,6.7059907055172285,48.32451007043595,1.4761777726171155,0.4832451007043603,4.737651821162083,6.993616312798464,0.009429645689072749,0.07990089816551806,0.18961042391596628,1.3489992316161155,0.18961042391596644,0.8,self,,0.0,6.9482879638671875,ok
C1,0.5,0.6,0.02,0.1,20,200,5,1.0,predictive,P1+P2,0.0009283177667225565,15,1000.0,False,False,False,0.023792215886725195,0.037971853117058245,74.70590426668677,9.620281468829413,1.3048196736010074,2.475840759316636,6.599058098252944,48.10140734414722,1.5530918613710099,0.4810140734414706,4.842251695866655,7.520461699560473,0.009452567639965192,0.07802285016755528,0.24758407593166362,1.6654445080655225,0.24758407593166415,0.8,self,,0.0,7.564795017242432,ok
C1,0.5,0.6,0.02,0.1,20,200,5,1.0,predictive,P1+P2,0.0009283177667225565,20,3.0,False,False,False,0.0004173350067010656,0.0006668136639390137,54.9438427977091,9.993331863360622,8.01306276578145,0.1938382754119763,1.7997670954459526,49.966659316802996,1.0996100909878592,0.4996665931680311,5.637823031982827,6.1994070971720845,0.008705289248190733,0.02875420524087941,0.01938382754119763,0.5368819001129328,0.019383827541197624,0.8,self,,0.0,41.75959658622742,ok
C1,0.5,0.6,0.02,0.1,20,200,5,1.0,predictive,P1+P2,0.0009283177667225565,20,10.0,False,False,False,0.002957343738659452,0.004723904974587446,58.30934487688557,9.95276095025412,6.187029375731186,0.46189881662667437,3.3983108573880205,49.76380475127072,1.1717220009267204,0.497638047512706,5.311423361964287,6.223511609449723,0.009533460238764866,0.060136667591716104,0.04618988166266744,0.6706235372355646,0.046189881662667125,0.8,self,,0.0,35.71532344818115,ok
C1,0.5,0.6,0.02,0.1,20,200,5,1.0,predictive,P1+P2,0.0009283177667225565,20,30.0,False,False,False,0.008693966507923114,0.013884022009592928,62.76309507513813,9.861159779904089,4.186088985342013,0.845434102247587,5.107317132506311,49.305798899520354,1.2729353641149235,0.4930579889952044,4.96979660983672,6.326229857119618,0.009770590443225959,0.09533785452860727,0.0845434102247587,0.7495899391566265,0.08454341022475807,0.8,self,,0.0,35.60065984725952,ok
C1,0.5,0.6,0.02,0.1,20,200,5,1.0,predictive,P1+P2,0.0009283177667225565,20,100.0,False,False,False,0.015426950560355566,0.02463111589350077,67.36124568285942,9.75368884106502,2.5538345811642933,1.361685408323308,6.330791169447378,48.76844420532493,1.3812465576973312,0.487684442053251,4.7552728457807145,6.568204249146204,0.009844822430221167,0.12095388028121741,0.13616854083233082,1.0193541047471755,0.1361685408323301,0.8,self,,0.0,35.53995990753174,ok
C1,0.5,0.6,0.02,0.1,20,200,5,1.0,predictive,P1+P2,0.0009283177667225565,20,300.0,False,False,False,0.019744124389872074,0.03151860206049249,71.01042426145243,9.684813979395084,1.7391846143109586,1.899569200973624,6.676432205320334,48.424069896975375,1.4664282538111861,0.4842406989697542,4.747835566928208,6.962360219793174,0.009860438968029493,0.12847105689108404,0.18995692009736243,1.3621058414389922,0.1899569200973612,0.8,self,,0.0,35.68095636367798,ok
C1,0.5,0.6,0.02,0.1,20,200,5,1.0,predictive,P1+P2,0.0009283177667225565,20,1000.0,False,False,False,0.022565520923119968,0.036016779370014976,74.4237221515787,9.639832206299857,1.3094147951992283,2.479457614160117,6.5712953843407975,48.199161031499244,1.5440875019160833,0.4819916103149929,4.851998851515945,7.491910785936961,0.009852660689821833,0.12670776991550914,0.2479457614160117,1.67535952957842,0.24794576141601238,0.8,self,,0.0,35.67032027244568,ok
C1,0.5,0.6,0.02,0.1,20,200,5,1.0,predictive,P1+P2 (protect),0.0009283177667225565,5,3.0,True,True,False,0.0004927367945795907,0.0007872692215146806,55.08317404575159,9.992127307784854,7.989926055552295,0.1934087004408599,1.824537936221991,49.96063653892427,1.1025314700071196,0.4996063653892427,5.631989267392634,6.209445406042722,2.032762428567641e-09,2.0423250041033783e-09,0.01934087004408599,0.5183366536353514,0.019340870044086016,0.8,self,,0.0,0.9789669513702393,ok
C1,0.5,0.6,0.02,0.1,20,200,5,1.0,predictive,P1+P2 (protect),0.0009283177667225565,5,10.0,True,True,False,0.003510654034541466,0.005607445053928208,58.703664632493904,9.943925549460724,6.1612760497643375,0.4605412499715019,3.434257150803436,49.71962774730358,1.180693969207715,0.4971962774730362,5.3017813687647655,6.259781288158383,3.350744587229963e-06,3.4023411826917986e-06,0.0460541249971502,0.6251464636344515,0.04605412499715021,0.8,self,,0.0,0.927391529083252,ok
C1,0.5,0.6,0.02,0.1,20,200,5,1.0,predictive,P1+P2 (protect),0.0009283177667225565,5,30.0,True,True,False,0.010097347547729512,0.01612389643820922,63.35145112206531,9.838761035617896,4.163948936375975,0.8423314809397148,5.154958547066414,49.19380517808953,1.28779326772391,0.4919380517808948,4.9552140770345146,6.381291328535796,0.00013690201582049202,0.000142918945795801,0.08423314809397148,0.69927972820088,0.08423314809397149,0.8,self,,0.0,0.9930870532989502,ok
C1,0.5,0.6,0.02,0.1,20,200,5,1.0,predictive,P1+P2 (protect),0.0009283177667225565,5,100.0,True,True,False,0.01749738829557565,0.027933854569978912,67.97984331760368,9.720661454300208,2.5389241009443237,1.3567645356844882,6.3836499090709795,48.60330727150106,1.3986670276955455,0.4860330727150104,4.737641433798274,6.626382862497894,0.0009753895077632825,0.0010978536069791045,0.13567645356844882,0.9812270018591219,0.1356764535684488,0.8,self,,0.0,0.9217536449432373,ok
C1,0.5,0.6,0.02,0.1,20,200,5,1.0,predictive,P1+P2 (protect),0.0009283177667225565,5,300.0,True,True,False,0.02197478618739804,0.035075134068509914,71.56789186195682,9.649248659314903,1.7288785127147122,1.8938153406830998,6.728057487287285,48.24624329657455,1.4833878654970447,0.48246243296574515,4.729975448645535,7.016388184619728,0.0019021593144071135,0.002416562756426303,0.18938153406831,1.3344672251293925,0.18938153406830968,0.8,self,,0.0,1.1168529987335205,ok
C1,0.5,0.6,0.02,0.1,20,200,5,1.0,predictive,P1+P2 (protect),0.0009283177667225565,5,1000.0,True,True,False,0.02470089221312356,0.03941957755266098,74.9006733628685,9.6058042244734,1.3017794775936873,2.4735387665217052,6.618877531411207,48.02902112236706,1.559487818251356,0.48029021122367005,4.835257206545744,7.5405247117201695,0.0021192092684130122,0.0030995257596351552,0.24735387665217054,1.6551764174998687,0.24735387665217032,0.8,self,,0.0,1.0061447620391846,ok
C1,0.5,0.6,0.02,0.1,20,200,5,1.0,predictive,P1+P2 (protect),0.0009283177667225565,10,3.0,True,True,False,0.0004910866779859768,0.0007846345592927772,55.08246956482192,9.99215365440708,7.989961155351267,0.19340729933727008,1.824477890904383,49.96076827203534,1.1025144622456369,0.499607682720354,5.632006564502182,6.209368688826021,5.89965648236383e-05,9.247249380636584e-05,0.01934072993372701,0.5182725861396396,0.019340729933727017,0.8,self,,0.0,1.1169838905334473,ok
C1,0.5,0.6,0.02,0.1,20,200,5,1.0,predictive,P1+P2 (protect),0.0009283177667225565,10,10.0,True,True,False,0.003450952308182348,0.005512148676459317,58.68237888637751,9.94487851323541,6.162165848306733,0.4605718201765615,3.432383818281295,49.724392566177045,1.1801527551750077,0.49724392566177056,5.302351885744052,6.257585186868241,0.001575255385483444,0.0036847497739681896,0.046057182017656156,0.622927071395427,0.04605718201765612,0.8,self,,0.0,1.1756587028503418,ok
C1,0.5,0.6,0.02,0.1,20,200,5,1.0,predictive,P1+P2 (protect),0.0009283177667225565,10,30.0,True,True,False,0.009860861785979587,0.015746550812312406,63.28052944256974,9.842534491876883,4.166163143540884,0.8426343430870313,5.148668021495202,49.21267245938437,1.2858584238601487,0.49212672459384416,4.957246189794833,6.374316772296312,0.005054571030016338,0.01629518537210638,0.08426343430870314,0.6909653618987899,0.08426343430870299,0.8,self,,0.0,1.145289659500122,ok
C1,0.5,0.6,0.02,0.1,20,200,5,1.0,predictive,P1+P2 (protect),0.0009283177667225565,10,100.0,True,True,False,0.01711554524118965,0.027324852549613646,67.88163382382011,9.726751474503878,2.541078380564525,1.3574622731081716,6.374707871823425,48.63375737251929,1.3957719388997263,0.48633757372519393,4.7406794745419685,6.616907381883579,0.007617242429104689,0.030105448414722052,0.13574622731081717,0.9685964201187922,0.13574622731081687,0.8,self,,0.0,1.1787793636322021,ok
C1,0.5,0.6,0.02,0.1,20,200,5,1.0,predictive,P1+P2 (protect),0.0009283177667225565,10,300.0,True,True,False,0.021587879291987536,0.034458355379416265,71.47836047498306,9.655416446205837,1.7304434497219654,1.8946474431421472,6.719492660930049,48.27708223102911,1.4805857597798608,0.4827708223102919,4.732960298052934,7.007553618900619,0.008161373187469581,0.03460221534564087,0.18946474431421473,1.322152744059795,0.18946474431421448,0.8,self,,0.0,1.1720499992370605,ok
C1,0.5,0.6,0.02,0.1,20,200,5,1.0,predictive,P1+P2 (protect),0.0009283177667225565,10,1000.0,True,True,False,0.02437558128713053,0.03890129259088868,74.83151405324782,9.610987074091105,1.302843798887482,2.4743122712596683,6.611856855761745,48.05493537045559,1.5572076723518933,0.4805493537045552,4.837736774768413,7.533360822488275,0.007819236156730695,0.03312122807842891,0.24743122712596685,1.64474821242114,0.24743122712596663,0.8,self,,0.0,1.1570091247558594,ok
C1,0.5,0.6,0.02,0.1,20,200,5,1.0,predictive,P1+P2 (protect),0.0009283177667225565,15,3.0,True,True,False,0.00042873173612590455,0.0006850239207592691,55.00743637192541,9.993149760792402,7.994077949300135,0.19331017109962592,1.819462118807837,49.9657488039621,1.100902872240424,0.4996574880396201,5.633273261619483,6.20168671383207,0.0013634172792961854,0.0031042476067722423,0.019331017109962594,0.5126501242302658,0.019331017109962594,0.8,self,,0.0,2.355816602706909,ok
C1,0.5,0.6,0.02,0.1,20,200,5,1.0,predictive,P1+P2 (protect),0.0009283177667225565,15,10.0,True,True,False,0.003000258020990261,0.004792398996509594,58.35600886169217,9.952076010034897,6.17581688779486,0.4610535489232925,3.4110535532469504,49.76038005017453,1.1727404172325546,0.49760380050174485,5.308318631660967,6.225279806897426,0.005069666612138411,0.0212499438369858,0.04610535489232925,0.6022165745045156,0.046105354892329455,0.8,self,,0.0,2.333599805831909,ok
C1,0.5,0.6,0.02,0.1,20,200,5,1.0,predictive,P1+P2 (protect),0.0009283177667225565,15,30.0,True,True,False,0.008916546840115698,0.014239135506058225,62.83177793973804,9.857608644939422,4.180076694454729,0.8444392551470026,5.117875405458848,49.28804322469706,1.2747874297483681,0.4928804322469711,4.966731110823147,6.331526387017497,0.007803418535985626,0.05010670998662243,0.08444392551470026,0.6642341368737158,0.08444392551470023,0.8,self,,0.0,2.2383787631988525,ok
C1,0.5,0.6,0.02,0.1,20,200,5,1.0,predictive,P1+P2 (protect),0.0009283177667225565,15,100.0,True,True,False,0.015934243934733555,0.02544014001916627,67.4860608561386,9.745598599808355,2.5498165901398573,1.360224260967707,6.344360549084081,48.72799299904159,1.3849546575305482,0.48727992999041775,4.750775304131054,6.579608384337409,0.009085651523911751,0.07312707289925054,0.1360224260967707,0.9450862895291445,0.13602242609677087,0.8,self,,0.0,2.2976653575897217,ok
C1,0.5,0.6,0.02,0.1,20,200,5,1.0,predictive,P1+P2 (protect),0.0009283177667225565,15,300.0,True,True,False,0.020436313199211596,0.03262200546385429,71.1650722870912,9.673779945361451,1.7359834103330216,1.897613275394005,6.692623368911523,48.36889972680728,1.471298141761321,0.4836889972680726,4.742229448709842,6.977233375692603,0.009430746360117532,0.07990986216879914,0.1897613275394005,1.3025229805206602,0.18976132753940064,0.8,self,,0.0,2.224215269088745,ok
C1,0.5,0.6,0.02,0.1,20,200,5,1.0,predictive,P1+P2 (protect),0.0009283177667225565,15,1000.0,True,True,False,0.02335182285090349,0.037269591708463626,74.58723107567043,9.627304082915368,1.3066530029426096,2.477141379872462,6.588901534269561,48.1365204145769,1.5494936159341426,0.4813652041457684,4.845794642726785,7.508527863033023,0.009453590207605332,0.07803235464409573,0.2477141379872462,1.6276657762852478,0.24771413798724626,0.8,self,,0.0,2.4152655601501465,ok
C1,0.5,0.6,0.02,0.1,20,200,5,1.0,predictive,P1+P2 (protect),0.0009283177667225565,20,3.0,True,True,False,0.00015264360586248068,0.0002438904500611985,53.485163212893866,9.99756109549939,8.692737954039005,0.18816213968260645,1.121538810778997,49.987805477496856,1.0699642183126328,0.49987805477496955,5.790605591539478,6.195740785308298,0.007420473385604469,0.02243077621558019,0.018816213968260647,0.004014565477180132,0.018816213968260668,0.8,self,,0.0,7.137288808822632,ok
C1,0.5,0.6,0.02,0.1,20,200,5,1.0,predictive,P1+P2 (protect),0.0009283177667225565,20,10.0,True,True,False,0.0019249695071740028,0.003074830280777312,56.09177315755611,9.96925169719224,6.794338506680145,0.4730190290402057,2.76339076708741,49.84625848596114,1.1252955560015399,0.498462584859612,5.458806182693835,6.142770338459103,0.00907509059959575,0.05526781534174822,0.047301902904020574,0.023830704907952895,0.047301902904020476,0.8,self,,0.0,7.2244627475738525,ok
C1,0.5,0.6,0.02,0.1,20,200,5,1.0,predictive,P1+P2 (protect),0.0009283177667225565,20,30.0,True,True,False,0.007085530151956363,0.011315572550625009,60.760149711204186,9.886844274493763,4.5896998614268885,0.8689852089131571,4.654470655166191,49.43422137246874,1.2291110899350215,0.4943422137246881,5.079357981510903,6.243095224825017,0.00961513803306254,0.09308941310332332,0.08689852089131572,0.16052315716521745,0.08689852089131539,0.8,self,,0.0,7.191567897796631,ok
C1,0.5,0.6,0.02,0.1,20,200,5,1.0,predictive,P1+P2 (protect),0.0009283177667225565,20,100.0,True,True,False,0.013802519571824165,0.022038116372365694,65.94132945343411,9.779618836276358,2.814870745816766,1.3900962653473967,6.0154141525594795,48.8980941813817,1.3485460028121452,0.4889809418138179,4.834590545715812,6.519667755658445,0.009793101249082597,0.12030828305118961,0.13900962653473967,0.529368924073415,0.13900962653473853,0.8,self,,0.0,7.239219427108765,ok
C1,0.5,0.6,0.02,0.1,20,200,5,1.0,predictive,P1+P2 (protect),0.0009283177667225565,20,300.0,True,True,False,0.01834870770176279,0.029291906872202508,69.94828626410981,9.707080931277963,1.9479009269644465,1.9291162332044525,6.415901908553139,48.535404656390085,1.4411806548088715,0.48535404656389813,4.814400484214154,6.938420842351903,0.009840316135968303,0.12831803817106288,0.19291162332044526,0.929256653102023,0.19291162332044381,0.8,self,,0.0,7.216217279434204,ok
C1,0.5,0.6,0.02,0.1,20,200,5,1.0,predictive,P1+P2 (protect),0.0009283177667225565,20,1000.0,True,True,False,0.021422456344001483,0.03419328853154515,73.56364261273055,9.65806711468455,1.4971619502793763,2.509331953870881,6.3354389811651926,48.29033557342266,1.523361594803608,0.48290335573422755,4.912440471835096,7.4834231515525005,0.00984636547914682,0.1267087796233034,0.2509331953870881,1.2741673549984844,0.2509331953870882,0.8,self,,0.0,7.197270154953003,ok
C1,0.5,0.6,0.02,0.1,20,200,5,1.0,predictive,NoCancel,0.002423055317257178,0,1.0,False,False,True,0.00018026461534495424,0.00028802781657838737,53.70844909103283,9.997119721834233,8.799501104223163,0.21321677939798386,0.9901623945446207,49.98559860917109,1.0744784615058844,0.49985598609171167,5.823944172832784,6.25770257472153,0.0,0.0,0.02132167793979839,0.0,0.021321677939798358,0.8,self,,0.0,11.827043771743774,ok
C1,0.5,0.6,0.02,0.1,20,200,5,1.0,predictive,P2 only,0.002423055317257178,0,3.0,False,False,False,0.0025614232984292194,0.004091535690980776,57.96934936532262,9.959084643090202,6.507733422899895,0.40864327768781783,3.124538656322086,49.79542321545093,1.164150149191531,0.4979542321545101,5.366124911059261,6.246975115790029,0.0,0.0,0.04086432776878179,0.6635498879875454,0.04086432776878187,0.8,self,,0.0,0.9684460163116455,ok
C1,0.5,0.6,0.02,0.1,20,200,5,1.0,predictive,P2 only,0.002423055317257178,0,10.0,False,False,False,0.009203767843878911,0.014697449483383574,62.90551167640703,9.85302550516617,4.3473926557492115,0.8013242651935533,4.998257573891064,49.265127525830835,1.2768770697573903,0.49265127525830854,4.986542041085002,6.367201189642654,0.0,0.0,0.08013242651935533,0.7208740010280876,0.08013242651935523,0.8,self,,0.0,0.8929224014282227,ok
C1,0.5,0.6,0.02,0.1,20,200,5,1.0,predictive,P2 only,0.002423055317257178,0,30.0,False,False,False,0.01621251852876003,0.025883795568797024,67.22324979555523,9.741162044312041,2.7584902632569195,1.2555681012322017,6.244779591198838,48.70581022156012,1.3801895398056263,0.4870581022156021,4.756832901629326,6.565331013432042,0.0,0.0,0.12555681012322017,0.9446211179800192,0.1255568101232199,0.8,self,,0.0,0.9788901805877686,ok
C1,0.5,0.6,0.02,0.1,20,200,5,1.0,predictive,P2 only,0.002423055317257178,0,100.0,False,False,False,0.021550849200233996,0.034399216625985614,71.23633159910533,9.656007833740142,1.768885259674956,1.8326318674075863,6.7424750391773145,48.28003916870071,1.4754820589558857,0.4828003916870071,4.718538042797077,6.962118226647906,0.0,0.0,0.18326318674075864,1.3257355683582435,0.18326318674075853,0.8,self,,0.0,0.8959214687347412,ok
C1,0.5,0.6,0.02,0.1,20,200,5,1.0,predictive,P2 only,0.002423055317257178,0,300.0,False,False,False,0.024310174812175605,0.03879719340619226,74.38589210525897,9.612028065938091,1.3295033250130197,2.3725839115775056,6.6858846974713835,48.0601403296904,1.5477668520103167,0.48060140329690454,4.805894407389351,7.438404058019002,0.0,0.0,0.23725839115775058,1.6342019944621595,0.23725839115774994,0.8,self,,0.0,0.9367392063140869,ok
C1,0.5,0.6,0.02,0.1,20,200,5,1.0,predictive,P2 only,0.002423055317257178,0,1000.0,False,False,False,0.025814314454841048,0.04119248615316199,76.91742874223856,9.588075138468383,1.1155290607131398,2.8352907509351972,6.46110504988328,47.94037569234192,1.6044394235843564,0.4794037569234192,4.922587076846114,7.897992772118782,0.0,0.0,0.2835290750935197,1.8647248513801045,0.2835290750935196,0.8,self,,0.0,1.154048204421997,ok
C1,0.5,0.6,0.02,0.1,20,200,5,1.0,predictive,P1 only,0.002423055317257178,5,1.0,False,False,False,0.00041062225951947544,0.0006560933403054301,55.05884896038212,9.993439066596933,8.023061093520361,0.1944032084333368,1.7890966314493681,49.9671953329848,1.1018999284123552,0.49967195332984665,5.640331244530952,6.215080594570626,6.895650669002012e-10,6.923903057767064e-10,0.01944032084333368,0.5635855548975643,0.01944032084333371,0.8,self,,0.0,1.0139877796173096,ok
C1,0.5,0.6,0.02,0.1,20,200,5,1.0,predictive,P1 only,0.002423055317257178,10,1.0,False,False,False,0.0004103176428931664,0.0006556069986284889,55.05872414195286,9.993443930013713,8.023067592638778,0.1944033659105711,1.789085111436938,49.96721965006854,1.1018968941546325,0.4996721965006857,5.640334598409809,6.2150671759806855,3.490124085795966e-05,5.255489966519265e-05,0.019440336591057112,0.5636264419109979,0.01944033659105715,0.8,self,,0.0,1.6122732162475586,ok
C1,0.5,0.6,0.02,0.1,20,200,5,1.0,predictive,P1 only,0.002423055317257178,15,1.0,False,False,False,0.00039977138345486003,0.0006387610877431285,55.04880060511117,9.993612389122559,8.02360709890928,0.194416438445945,1.7883640735222173,49.96806194561283,1.1016797222399461,0.49968061945612796,5.640524556817952,6.2140515270427965,0.0011333595945639205,0.002426134886772881,0.0194416438445945,0.5660607418698009,0.019441643844594552,0.8,self,,0.0,7.038209915161133,ok
C1,0.5,0.6,0.02,0.1,20,200,5,1.0,predictive,P1 only,0.002423055317257178,20,1.0,False,False,False,0.0003511688014049328,0.0005611119155253066,54.93475406904902,9.994388880844754,8.04531488157561,0.19494243002810088,1.7653538075515343,49.97194440422376,1.0993119183972715,0.4997194440422377,5.645911279766855,6.206617560061296,0.008794503126206544,0.02735305750390114,0.01949424300281009,0.5808220005235376,0.019494243002810073,0.8,self,,0.0,35.659602880477905,ok
C1,0.5,0.6,0.02,0.1,20,200,5,1.0,predictive,P1 only (protect),0.002423055317257178,5,1.0,True,True,False,0.00041062225054046915,0.0006560933259972527,55.058848958412725,9.993439066740024,8.023061093627856,0.19440320824292703,1.789096631389194,49.967195333700104,1.101899928357167,0.4996719533370012,5.64033124453741,6.215080594266463,6.895509704470274e-10,6.923761388518065e-10,0.019440320824292704,0.5635855544799483,0.01944032082429271,0.8,self,,0.0,0.9448976516723633,ok
C1,0.5,0.6,0.02,0.1,20,200,5,1.0,predictive,P1 only (protect),0.002423055317257178,10,1.0,True,True,False,0.00040961070684994156,0.0006544781971978474,55.05840849405887,9.993455218028025,8.02308295543339,0.19440000675978175,1.7890618197788033,49.96727609014015,1.1018893324249734,0.4996727609014012,5.640341045166027,6.2150316289071705,3.487105432428264e-05,5.249130623047243e-05,0.019440000675978175,0.5635500501477595,0.019440000675978203,0.8,self,,0.0,1.253816843032837,ok
C1,0.5,0.6,0.02,0.1,20,200,5,1.0,predictive,P1 only (protect),0.002423055317257178,15,1.0,True,True,False,0.0003602231880928772,0.0005755804268921542,54.99475100779152,9.994244195731092,8.026702467756275,0.1940591901412663,1.7849941463713677,49.971220978655325,1.1005284627982563,0.4997122097865546,5.641326063316491,6.208439900605437,0.0011260648798688986,0.002398958295346868,0.01940591901412663,0.5590339784550478,0.019405919014126666,0.8,self,,0.0,2.2828004360198975,ok
C1,0.5,0.6,0.02,0.1,20,200,5,1.0,predictive,P1 only (protect),0.002423055317257178,20,1.0,True,True,False,0.00010885732404515477,0.00017393562172226903,53.36098021032566,9.998260643782787,8.840076562113685,0.16679678302505455,0.9948660110784733,49.991303218913906,1.0674052640047371,0.49991303218913935,5.816073482825314,6.208107451406105,0.0071322413148606914,0.019897320221569696,0.016679678302505455,0.003508904576371485,0.01667967830250545,0.8,self,,0.0,7.159358739852905,ok
C1,0.5,0.6,0.02,0.1,20,200,5,1.0,predictive,P1+P2,0.002423055317257178,5,3.0,False,False,False,0.0025614199304405346,0.004091530324187363,57.96934863961974,9.959084696758135,6.507733455801582,0.4086432795027742,3.124538567937509,49.79542348379064,1.1641501283444224,0.49795423483790674,5.366124939341943,6.246975036847129,1.0458203099646035e-06,1.0585012585770315e-06,0.04086432795027742,0.6635501882050947,0.040864327950277515,0.8,self,,0.0,1.0306260585784912,ok
C1,0.5,0.6,0.02,0.1,20,200,5,1.0,predictive,P1+P2,0.002423055317257178,5,10.0,False,False,False,0.009203447206888288,0.014696938604755457,62.90544477296852,9.85303061395245,4.347394851100725,0.8013245746718345,4.99824996027499,49.2651530697623,1.2768750496703174,0.4926515306976225,4.986544573489069,6.367194349957106,9.698742185689192e-05,0.00010073149200961403,0.08013245746718345,0.7209014215445911,0.08013245746718343,0.8,self,,0.0,0.9567162990570068,ok
C1,0.5,0.6,0.02,0.1,20,200,5,1.0,predictive,P1+P2,0.002423055317257178,5,30.0,False,False,False,0.016209897354747507,0.025879620061299874,67.22272096714646,9.741203799386998,2.758502708579508,1.2555716622498754,6.244721829783618,48.70601899693498,1.380172766149841,0.4870601899693499,4.756852747089265,6.565278614117662,0.0007448703262013731,0.0008214647165370364,0.12555716622498755,0.9448234084374688,0.12555716622498783,0.8,self,,0.0,1.063537359237671,ok
C1,0.5,0.6,0.02,0.1,20,200,5,1.0,predictive,P1+P2,0.002423055317257178,5,100.0,False,False,False,0.0215435588166756,0.03438760843601004,71.23492727041784,9.656123915639895,1.7689105329874182,1.8326442502737668,6.7423213010989205,48.280619578199605,1.4754352345259238,0.4828061957819948,4.718592044335784,6.961976959566726,0.0018183983914540256,0.0022706999362200734,0.1832644250273767,1.3261782861408875,0.18326442502737653,0.8,self,,0.0,1.116255760192871,ok
C1,0.5,0.6,0.02,0.1,20,200,5,1.0,predictive,P1+P2,0.002423055317257178,5,300.0,False,False,False,0.024300494295453213,0.03878178961092876,74.38411693987926,9.612182103890714,1.329531218104056,2.372602393292264,6.685684284712965,48.06091051945358,1.5477051128644528,0.4806091051945357,4.805965563680513,7.438217475158822,0.0021362603787555843,0.0030467980281083953,0.23726023932922644,1.634628576911721,0.23726023932922666,0.8,self,,0.0,0.9946620464324951,ok
C1,0.5,0.6,0.02,0.1,20,200,5,1.0,predictive,P1+P2,0.002423055317257178,5,1000.0,False,False,False,0.025805225304783564,0.041178035526334214,76.91584128869285,9.58821964473667,1.1155522604086043,2.8353091629665848,6.460918931888141,47.94109822368335,1.6043821301259993,0.4794109822368335,4.922653564441326,7.897817411590718,0.0019276033172305404,0.0030206880751784716,0.2835309162966585,1.8650023562991638,0.2835309162966588,0.8,self,,0.0,1.0021226406097412,ok
C1,0.5,0.6,0.02,0.1,20,200,5,1.0,predictive,P1+P2,0.002423055317257178,10,3.0,False,False,False,0.0025464106373634795,0.004067573352275836,57.96415617013062,9.959324266477253,6.507967417174875,0.4086564297361673,3.1240518866117046,49.79662133238622,1.164017851396526,0.49796621332386265,5.366272735867967,6.246437260012788,0.001019148039875301,0.002194116556017588,0.04086564297361673,0.6648776920103133,0.040865642973616695,0.8,self,,0.0,1.6125249862670898,ok
C1,0.5,0.6,0.02,0.1,20,200,5,1.0,predictive,P1+P2,0.002423055317257178,10,10.0,False,False,False,0.009094507243416993,0.014523123602161713,62.874094108479724,9.854768763978395,4.34842909951705,0.8014757691310402,4.995326367373515,49.273843819891866,1.276013585185279,0.49273843819891977,4.987488243260337,6.364102754352052,0.004635540783446639,0.01444728193449075,0.08014757691310403,0.7266804997507322,0.0801475769131042,0.8,self,,0.0,1.6723971366882324,ok
C1,0.5,0.6,0.02,0.1,20,200,5,1.0,predictive,P1+P2,0.002423055317257178,10,30.0,False,False,False,0.015997054024775036,0.0255401709339364,67.16917511327338,9.744598290660633,2.759758866601179,1.2559524622507843,6.239690380487404,48.722991453303145,1.3785930032159324,0.48722991453303166,4.758555555278462,6.5601113939211935,0.007296355191999972,0.02801070033031511,0.12559524622507842,0.9520392062595553,0.12559524622507867,0.8,self,,0.0,1.619070053100586,ok
C1,0.5,0.6,0.02,0.1,20,200,5,1.0,predictive,P1+P2,0.002423055317257178,10,100.0,False,False,False,0.021293155976805405,0.03398847941840272,71.17868572408533,9.660115205815986,1.7699063397552794,1.8331714775324999,6.736806976896234,48.30057602907983,1.4736612184755624,0.4830057602907993,4.720515558578077,6.956440709887019,0.00815911797606595,0.034445784917554685,0.18331714775325,1.331575135348526,0.1833171477532499,0.8,self,,0.0,1.5590271949768066,ok
C1,0.5,0.6,0.02,0.1,20,200,5,1.0,predictive,P1+P2,0.002423055317257178,10,300.0,False,False,False,0.02407059168291,0.03841555081066353,74.33643644584316,9.615844491893368,1.330266076188608,2.373131266198202,6.680758165719822,48.07922245946683,1.5461239313616701,0.4807922245946684,4.807707169122504,7.433311109159372,0.007919457128508715,0.03369283880510334,0.2373131266198202,1.6381223386377386,0.23731312661981954,0.8,self,,0.0,1.7612214088439941,ok
C1,0.5,0.6,0.02,0.1,20,200,5,1.0,predictive,P1+P2,0.002423055317257178,10,1000.0,False,False,False,0.02561066630167505,0.040868284196748254,76.87783235024993,9.591317158032535,1.116100510727552,2.8357793283700286,6.456803002869885,47.95658579016259,1.6030714256147067,0.47956585790162676,4.924118618971642,7.893713854410791,0.0074323691551761075,0.030648719460734,0.2835779328370029,1.8672183150868162,0.2835779328370036,0.8,self,,0.0,1.6468520164489746,ok
C1,0.5,0.6,0.02,0.1,20,200,5,1.0,predictive,P1+P2,0.002423055317257178,15,3.0,False,False,False,0.0024249993132686113,0.0038737017645939955,57.8935707730772,9.961262982354054,6.51107957286933,0.40882427197511617,3.1188331728015006,49.8063149117703,1.162374106087413,0.49806314911770266,5.367766824567127,6.239353164391886,0.0043413374884455685,0.01618357614360341,0.04088242719751162,0.6768010697436286,0.04088242719751166,0.8,self,,0.0,6.834368467330933,ok
C1,0.5,0.6,0.02,0.1,20,200,5,1.0,predictive,P1+P2,0.002423055317257178,15,10.0,False,False,False,0.008659423171635436,0.013828709024421924,62.7076330468431,9.861712909755779,4.353861043181063,0.8022544607433589,4.982171586319798,49.30856454877882,1.271739171900029,0.49308564548778894,4.991617256969396,6.348035196820154,0.007582594970918483,0.04673283246257982,0.0802254460743359,0.7439130483854065,0.08022544607433595,0.8,self,,0.0,7.095029592514038,ok
C1,0.5,0.6,0.02,0.1,20,200,5,1.0,predictive,P1+P2,0.002423055317257178,15,30.0,False,False,False,0.01533108068128097,0.024477768792882965,66.97317102819552,9.75522231207116,2.7643659039867305,1.257367019164013,6.223044764778097,48.7761115603558,1.3730731886104244,0.487761115603558,4.764121112306358,6.541486966600733,0.008937894671306006,0.06993243613689297,0.1257367019164013,0.9652448467998564,0.12573670191640163,0.8,self,,0.0,7.052564859390259,ok
C1,0.5,0.6,0.02,0.1,20,200,5,1.0,predictive,P1+P2,0.002423055317257178,15,100.0,False,False,False,0.020555558513065623,0.032812487953537195,70.99814495739196,9.67187512046465,1.7731176019448978,1.8349441646291806,6.720063112961273,48.35937560232325,1.4681360971497142,0.4835937560232325,4.726327968397124,6.938892697372091,0.009412002831440714,0.07966349316996085,0.1834944164629181,1.340251172551208,0.1834944164629181,0.8,self,,0.0,9.209748029708862,ok
C1,0.5,0.6,0.02,0.1,20,200,5,1.0,predictive,P1+P2,0.002423055317257178,15,300.0,False,False,False,0.02336762213889399,0.037295353939080844,74.18132436621144,9.627046460609192,1.332672668832207,2.3749549447697293,6.6653259257888715,48.135232303045996,1.5411024486011933,0.4813523230304596,4.813147450410886,7.417553321306807,0.009464127429913075,0.07879077670932967,0.23749549447697293,1.6444055227877192,0.2374954944769717,0.8,self,,0.0,7.517930269241333,ok
C1,0.5,0.6,0.02,0.1,20,200,5,1.0,predictive,P1+P2,0.002423055317257178,15,1000.0,False,False,False,0.02496776718537738,0.03984428352436338,76.74467371489291,9.601557164756354,1.1180428922629722,2.837530064580516,6.442869878400158,48.00778582378177,1.5985880706224045,0.4800778582378177,4.929065076465895,7.879544630559891,0.009384130354472272,0.07469308506319126,0.2837530064580516,1.8720983114947491,0.28375300645805035,0.8,self,,0.0,7.287951707839966,ok
C1,0.5,0.6,0.02,0.1,20,200,5,1.0,predictive,P1+P2,0.002423055317257178,20,3.0,False,False,False,0.002152955726061344,0.003439219544922629,57.63025442843923,9.965607804550778,6.533050430923985,0.40989393755575715,3.091447826969479,49.82803902275381,1.1565828308459531,0.4982803902275389,5.374758925608495,6.216353893294826,0.009514433237835752,0.05326118039225575,0.04098939375557572,0.7053448347261307,0.040989393755575566,0.8,self,,0.0,36.433563470840454,ok
C1,0.5,0.6,0.02,0.1,20,200,5,1.0,predictive,P1+P2,0.002423055317257178,20,10.0,False,False,False,0.00790307975835217,0.012621351735894135,62.33201352459646,9.873786482641083,4.369977259955836,0.8043277132283515,4.951908544174729,49.36893241320538,1.2625756822710565,0.4936893241320542,5.000571805481907,6.313600359051727,0.009779960844911393,0.09153121940878972,0.08043277132283516,0.7723146811117312,0.0804327713228343,0.8,self,,0.0,36.004109144210815,ok
C1,0.5,0.6,0.02,0.1,20,200,5,1.0,predictive,P1+P2,0.002423055317257178,20,30.0,False,False,False,0.01422656613905579,0.022715487138619588,66.59864195540231,9.77284512861383,2.774501734107255,1.2603012808544598,6.192351856424456,48.86422564306907,1.3629325151262006,0.4886422564306915,4.774136684225675,6.506826118587958,0.009847036386496697,0.1174877799395625,0.12603012808544597,0.9855042908585152,0.1260301280854452,0.8,self,,0.0,36.04447054862976,ok
C1,0.5,0.6,0.02,0.1,20,200,5,1.0,predictive,P1+P2,0.002423055317257178,20,100.0,False,False,False,0.019310559585744253,0.030827129211133973,70.66787700193208,9.691728707888666,1.7794373605176734,1.8384193849449082,6.690414546648753,48.45864353944324,1.4583131478785925,0.4845864353944333,4.736524795228028,6.90733638413399,0.0098639105840372,0.12820339062503222,0.18384193849449082,1.354027851016794,0.1838419384944907,0.8,self,,0.0,35.69761657714844,ok
C1,0.5,0.6,0.02,0.1,20,200,5,1.0,predictive,P1+P2,0.002423055317257178,20,300.0,False,False,False,0.022131334940614717,0.035324808706934316,73.89191382738059,9.646751912930668,1.337368245872492,2.378599474882938,6.637280366313902,48.23375956465326,1.5319542680129412,0.4823375956465334,4.822985842640043,7.3885937461984055,0.009857343329617494,0.12749318260376122,0.23785994748829384,1.654943198767444,0.2378599474882928,0.8,self,,0.0,36.414520502090454,ok
C1,0.5,0.6,0.02,0.1,20,200,5,1.0,predictive,P1+P2,0.002423055317257178,20,1000.0,False,False,False,0.02378327188134187,0.03795702977287795,76.48613002580372,9.620429702271224,1.121938780703651,2.8411632557096205,6.416468261315504,48.102148511355985,1.5900772084587205,0.4810214851135612,4.938405646003012,7.852446263833254,0.009837918092144817,0.12326847672888974,0.28411632557096206,1.8807574075383904,0.28411632557096406,0.8,self,,0.0,35.849305868148804,ok
C1,0.5,0.6,0.02,0.1,20,200,5,1.0,predictive,P1+P2 (protect),0.002423055317257178,5,3.0,True,True,False,0.002561413668849659,0.004091520346394863,57.969347290418604,9.95908479653605,6.507733517058254,0.4086431837652997,3.1245385026403962,49.79542398268023,1.164150089586172,0.49795423982680254,5.366124954679838,6.246974846721128,1.0458083733843406e-06,1.0584891543037769e-06,0.04086431837652997,0.6635495242701374,0.04086431837652996,0.8,self,,0.0,0.9631474018096924,ok
C1,0.5,0.6,0.02,0.1,20,200,5,1.0,predictive,P1+P2 (protect),0.002423055317257178,5,10.0,True,True,False,0.009203105534117257,0.014696394183289203,62.90537324726101,9.853036058167117,4.347397198368496,0.801321948279055,4.998244795185332,49.26518029083559,1.2768728922923032,0.49265180290835586,4.986546162449184,6.367185620995574,9.698668806563445e-05,0.00010073072676942466,0.08013219482790551,0.7208387617926408,0.08013219482790537,0.8,self,,0.0,0.9916119575500488,ok
C1,0.5,0.6,0.02,0.1,20,200,5,1.0,predictive,P1+P2 (protect),0.002423055317257178,5,30.0,True,True,False,0.01620781704347757,0.02587630569651291,67.22229691878668,9.741236943034862,2.758512689715869,1.255565609405806,6.244684757843463,48.70618471517434,1.3801593639881975,0.48706184715174305,4.756865184314265,6.565232027360775,0.0007448667326917607,0.000821460721310512,0.12555656094058062,0.9443411931922198,0.12555656094058049,0.8,self,,0.0,1.0812952518463135,ok
C1,0.5,0.6,0.02,0.1,20,200,5,1.0,predictive,P1+P2 (protect),0.002423055317257178,5,100.0,True,True,False,0.021539069868548744,0.03438045853778897,71.23404240191364,9.656195414622117,1.7689264876802067,1.8326430073755111,6.742235090322166,48.28097707311056,1.4754059822369767,0.4828097707311058,4.7186220584054706,6.9618832128867885,0.0018183947870291095,0.002270695429886045,0.18326430073755112,1.3250184495280903,0.18326430073755134,0.8,self,,0.0,1.0643064975738525,ok
C1,0.5,0.6,0.02,0.1,20,200,5,1.0,predictive,P1+P2 (protect),0.002423055317257178,5,300.0,True,True,False,0.024295748119874824,0.03877423286966805,74.38321402688533,9.612257671303327,1.3295454699067397,2.3726067313243013,6.685590127465631,48.061288356516705,1.5476741587764695,0.48061288356516635,4.805998821565257,7.438120183246713,0.002136258338334286,0.0030467954079814834,0.23726067313243016,1.6333284093159597,0.2372606731324301,0.8,self,,0.0,0.9384558200836182,ok
C1,0.5,0.6,0.02,0.1,20,200,5,1.0,predictive,P1+P2 (protect),0.002423055317257178,5,1000.0,True,True,False,0.025801583802577275,0.04117224012576459,76.91517143768873,9.588277598742364,1.1155621345197086,2.8353150865412764,6.46084518019665,47.94138799371182,1.6043584605388819,0.4794138799371182,4.922679808614975,7.8977429994753585,0.001927601675188159,0.003020686004122929,0.28353150865412763,1.8639253345232802,0.283531508654127,0.8,self,,0.0,0.9586851596832275,ok
C1,0.5,0.6,0.02,0.1,20,200,5,1.0,predictive,P1+P2 (protect),0.002423055317257178,10,3.0,True,True,False,0.0025242036591515706,0.004032121141971345,57.955520014432004,9.959678788580286,6.508331589546128,0.40862601244117613,3.1233636094324098,49.79839394290139,1.163802994949667,0.4979839394290143,5.366476745710581,6.245521708985717,0.0010186913353025478,0.0021925210434708925,0.04086260124411761,0.6622029728776655,0.04086260124411756,0.8,self,,0.0,1.2450237274169922,ok
C1,0.5,0.6,0.02,0.1,20,200,5,1.0,predictive,P1+P2 (protect),0.002423055317257178,10,10.0,True,True,False,0.008988454117074607,0.014353870404330123,62.83962505766338,9.856461295956702,4.349505239337304,0.8015265256782443,4.992506939027749,49.282306479783614,1.2750950502578688,0.4928230647978351,4.988386449109931,6.360666870033499,0.004634808801245171,0.014443413981159146,0.08015265256782445,0.7133534723034796,0.08015265256782443,0.8,self,,0.0,1.1883504390716553,ok
C1,0.5,0.6,0.02,0.1,20,200,5,1.0,predictive,P1+P2 (protect),0.002423055317257178,10,30.0,True,True,False,0.015841131835222587,0.025291419612031994,67.1253504624821,9.74708580387969,2.7607429535104675,1.2561709350354313,6.236000307574411,48.735429019398474,1.3773419422606041,0.4873542901939845,4.759794950093826,6.555865221324446,0.007296250298081102,0.028009507642645315,0.12561709350354314,0.9321676047230982,0.125617093503543,0.8,self,,0.0,1.1728837490081787,ok
C1,0.5,0.6,0.02,0.1,20,200,5,1.0,predictive,P1+P2 (protect),0.002423055317257178,10,100.0,True,True,False,0.02114718806778949,0.03375570753978044,71.14233371629709,9.662442924602205,1.7705290945723888,1.8334646853257996,6.733563295499607,48.312214623011045,1.4725537686780372,0.48312214623011024,4.721641460567127,6.952870927104595,0.008159357006855928,0.03444672134147999,0.18334646853257996,1.3125707110967342,0.18334646853258094,0.8,self,,0.0,1.1469929218292236,ok
C1,0.5,0.6,0.02,0.1,20,200,5,1.0,predictive,P1+P2 (protect),0.002423055317257178,10,300.0,True,True,False,0.023956270138530338,0.038233312974054474,74.31004318448156,9.61766687025947,1.3306628484424938,2.373403000673313,6.678267280624723,48.088334351297284,1.5452821185618146,0.48088334351297346,4.8085840207277535,7.430618902832672,0.007919680467992055,0.033693873932028294,0.2373403000673313,1.622556720714579,0.237340300067332,0.8,self,,0.0,1.1738216876983643,ok
C1,0.5,0.6,0.02,0.1,20,200,5,1.0,predictive,P1+P2 (protect),0.002423055317257178,10,1000.0,True,True,False,0.025525031119378382,0.040731817172979294,76.85902139418442,9.592681828270212,1.1163666148091151,2.8360038092156614,6.4549477477050115,47.96340914135112,1.6024511762221938,0.4796340914135106,4.924776137883498,7.891713314782404,0.0074325249727570306,0.030649449280038286,0.28360038092156614,1.8546981557291013,0.28360038092156514,0.8,self,,0.0,1.4481351375579834,ok
C1,0.5,0.6,0.02,0.1,20,200,5,1.0,predictive,P1+P2 (protect),0.002423055317257178,15,3.0,True,True,False,0.0021749023640238773,0.0034742485189163796,57.6729974776567,9.96525751481083,6.520856442376833,0.4084939902086749,3.105392052603663,49.826287574054106,1.1574813273403213,0.4982628757405415,5.371350053980138,6.217237390090436,0.004331620918173713,0.016099253002432656,0.04084939902086749,0.6444276972442057,0.04084939902086754,0.8,self,,0.0,2.337080240249634,ok
C1,0.5,0.6,0.02,0.1,20,200,5,1.0,predictive,P1+P2 (protect),0.002423055317257178,15,10.0,True,True,False,0.008089431011964007,0.012918667232607881,62.38914005648535,9.870813327673947,4.363951009956258,0.8029555244250498,4.962280137944745,49.354066638369595,1.2641134622933348,0.4935406663836973,4.997578593446193,6.317506378844322,0.007579174780204584,0.04667053468824594,0.08029555244250498,0.6868556626649466,0.08029555244250487,0.8,self,,0.0,2.323859691619873,ok
C1,0.5,0.6,0.02,0.1,20,200,5,1.0,predictive,P1+P2 (protect),0.002423055317257178,15,30.0,True,True,False,0.014676818965726313,0.023433603031616925,66.7104882373466,9.765663969683812,2.7703876747910465,1.2587468713582632,6.205201484166877,48.82831984841918,1.366225347184588,0.4882831984841906,4.769924202795762,6.516791350008809,0.008938028204793927,0.06992056571678112,0.12587468713582634,0.9078735553680359,0.1258746871358257,0.8,self,,0.0,2.3015222549438477,ok
C1,0.5,0.6,0.02,0.1,20,200,5,1.0,predictive,P1+P2 (protect),0.002423055317257178,15,100.0,True,True,False,0.01998366268703798,0.03190016797013057,70.8189702790937,9.680998320298695,1.7762649828828947,1.8364272190305022,6.706309477787908,48.40499160149358,1.4630509775134126,0.48404991601493474,4.731025719235578,6.921731803168708,0.009413092409471805,0.07967185689123384,0.18364272190305023,1.2926587313336897,0.18364272190305028,0.8,self,,0.0,2.2961766719818115,ok
C1,0.5,0.6,0.02,0.1,20,200,5,1.0,predictive,P1+P2 (protect),0.002423055317257178,15,300.0,True,True,False,0.022905213661819607,0.03655794085745543,74.05423106385615,9.634420591425433,1.3346289494007093,2.376287160992192,6.654663298181665,48.17210295712724,1.5372845800351251,0.48172102957127166,4.8168621761913855,7.404887947613453,0.009465186978737964,0.07880059935783122,0.2376287160992192,1.6052029813286477,0.23762871609921823,0.8,self,,0.0,2.5002431869506836,ok
C1,0.5,0.6,0.02,0.1,20,200,5,1.0,predictive,P1+P2 (protect),0.002423055317257178,15,1000.0,True,True,False,0.024593265660016916,0.039247201691907735,76.64892200520599,9.607527983080939,1.1194265397656802,2.8386795809448895,6.434365896208492,48.03763991540468,1.5956013272131269,0.48037639915404695,4.932054314175091,7.869592409585004,0.00938502405188153,0.07470122821800505,0.28386795809448895,1.8386997676899155,0.2838679580944878,0.8,self,,0.0,2.214761972427368,ok
C1,0.5,0.6,0.02,0.1,20,200,5,1.0,predictive,P1+P2 (protect),0.002423055317257178,20,3.0,True,True,False,0.0012601026636070221,0.002012918233813105,55.300894696279066,9.979870817661892,7.262257868519081,0.4004171663405493,2.357454147478478,49.8993540883093,1.1082487079574297,0.4989935408830946,5.54105890426872,6.14087137137182,0.008852964843530502,0.047149082949569994,0.04004171663405493,0.01488364167527546,0.04004171663405489,0.8,self,,0.0,7.403458833694458,ok
C1,0.5,0.6,0.02,0.1,20,200,5,1.0,predictive,P1+P2 (protect),0.002423055317257178,20,10.0,True,True,False,0.006293392553476954,0.010050784486120007,60.12307312232244,9.89949215513881,4.853562754195136,0.8139234961283448,4.433021594537709,49.49746077569408,1.2146698473034825,0.4949746077569405,5.122935531156797,6.222675319375811,0.009575789625862587,0.08866043189075397,0.08139234961283448,0.1318659800331502,0.08139234961283429,0.8,self,,0.0,7.1627795696258545,ok
C1,0.5,0.6,0.02,0.1,20,200,5,1.0,predictive,P1+P2 (protect),0.002423055317257178,20,30.0,True,True,False,0.01254625420104984,0.020033062747683673,64.95818896900082,9.799669372523184,3.097376900985744,1.2777656361658025,5.82518809032527,48.99834686261591,1.3257220524425841,0.48998346862615916,4.863625074906457,6.447815016616205,0.009772587959754914,0.11650376180650535,0.12777656361658027,0.44165693434300407,0.12777656361658016,0.8,self,,0.0,7.356847286224365,ok
C1,0.5,0.6,0.02,0.1,20,200,5,1.0,predictive,P1+P2 (protect),0.002423055317257178,20,100.0,True,True,False,0.01787193811082564,0.028531385185954203,69.4744421745167,9.714686148140443,2.0276645681020447,1.8588122067069999,6.398837077050512,48.57343074070228,1.4302972039465258,0.4857343074070221,4.808820706044545,6.878042810135671,0.009837194787476808,0.12797674154101002,0.1858812206707,0.8811391837222571,0.18588122067069918,0.8,self,,0.0,7.338130712509155,ok
C1,0.5,0.6,0.02,0.1,20,200,5,1.0,predictive,P1+P2 (protect),0.002423055317257178,20,300.0,True,True,False,0.02093760417400165,0.03342038447369152,72.91150700586766,9.66579615526309,1.5608440863487678,2.3999729239291225,6.37338683445902,48.32898077631544,1.5086497963474406,0.4832898077631545,4.888595554145934,7.375178687187267,0.0098475412438192,0.1274677366891799,0.23999729239291226,1.2152494560533418,0.2399972923929107,0.8,self,,0.0,7.181848764419556,ok
C1,0.5,0.6,0.02,0.1,20,200,5,1.0,predictive,P1+P2 (protect),0.002423055317257178,20,1000.0,True,True,False,0.022770874582504836,0.03634220133507915,75.61541183867132,9.636577986649248,1.3354377407528302,2.862644857229067,6.165339415368854,48.18288993324596,1.5693415638503878,0.4818288993324624,5.000716533902318,7.847832305686754,0.009836149309837323,0.1233067883073777,0.2862644857229067,1.4581761578241021,0.286264485722905,0.8,self,,0.0,7.305087566375732,ok
C1,0.5,0.6,0.02,0.1,20,200,5,1.0,predictive,NoCancel,0.00632455532033676,0,1.0,False,False,True,0.0013124456033627321,0.002096627733996104,55.75350623740908,9.979033722660041,7.473473217544505,0.47266394799415495,2.0748291118012983,49.895168613300214,1.1174129236742822,0.49895168613300206,5.615555166411994,6.274893916554647,0.0,0.0,0.047266394799415495,0.0,0.04726639479941538,0.8,self,,0.0,11.783000230789185,ok
C1,0.5,0.6,0.02,0.1,20,200,5,1.0,predictive,P2 only,0.00632455532033676,0,3.0,False,False,False,0.00770255013162763,0.012300878179592181,62.23538560328667,9.876991218204083,4.651009293934757,0.7433876096926914,4.728611878168469,49.384956091020335,1.260209394305869,0.49384956091020416,5.042261916312783,6.354305835488082,0.0,0.0,0.07433876096926914,0.7882142424374486,0.07433876096926914,0.8,self,,0.0,1.0595719814300537,ok
C1,0.5,0.6,0.02,0.1,20,200,5,1.0,predictive,P2 only,0.00632455532033676,0,10.0,False,False,False,0.01548117103306462,0.024716865905850458,67.0012529606003,9.752831340941505,2.828521816825816,1.219829146027725,6.198817696204953,48.76415670470743,1.373985678996318,0.48764156704707523,4.763581469504793,6.545092719831821,0.0,0.0,0.12198291460277251,0.9874164507851372,0.12198291460277193,0.8,self,,0.0,1.1045899391174316,ok
C1,0.5,0.6,0.02,0.1,20,200,5,1.0,predictive,P2 only,0.00632455532033676,0,30.0,False,False,False,0.020721134642466242,0.03307622770397213,70.71287504054605,9.669237722960284,1.8390244592430276,1.733175911714336,6.7585619060823525,48.34618861480147,1.462635981585876,0.4834618861480142,4.70194132807668,6.877228569750633,0.0,0.0,0.1733175911714336,1.3249597502242323,0.17331759117143422,0.8,self,,0.0,0.9423959255218506,ok
C1,0.5,0.6,0.02,0.1,20,200,5,1.0,predictive,P2 only,0.00632455532033676,0,100.0,False,False,False,0.02406521155147719,0.03840700499096946,74.25152948710418,9.615929950090317,1.297042335949353,2.3289087046475747,6.758119009312756,48.07964975045166,1.5443442261433418,0.48079649750451586,4.783617623890494,7.387552257532817,0.0,0.0,0.23289087046475748,1.6765299032652365,0.23289087046475726,0.8,self,,0.0,0.8946163654327393,ok
C1,0.5,0.6,0.02,0.1,20,200,5,1.0,predictive,P2 only,0.00632455532033676,0,300.0,False,False,False,0.025614386196335708,0.04087431052890899,76.72281243354388,9.591256894710911,1.0747036073819594,2.778386551606129,6.5556529463010005,47.95628447355462,1.59984897236675,0.47956284473554556,4.893178780328362,7.828347043315117,0.0,0.0,0.2778386551606129,1.9011619675075122,0.2778386551606128,0.8,self,,0.0,0.933875560760498,ok
C1,0.5,0.6,0.02,0.1,20,200,5,1.0,predictive,P2 only,0.00632455532033676,0,1000.0,False,False,False,0.02635525698790122,0.04205349525613479,78.32392102810654,9.57946504743865,0.9763462013362771,3.077162862387986,6.367025888837087,47.897325237193314,1.6352462405831028,0.47897325237193245,4.9788909484036665,8.141712705650335,0.0,0.0,0.3077162862387986,2.0638781097778724,0.30771628623879843,0.8,self,,0.0,0.9274322986602783,ok
C1,0.5,0.6,0.02,0.1,20,200,5,1.0,predictive,P1 only,0.00632455532033676,5,1.0,False,False,False,0.0022045989858211616,0.0035216986115941228,57.961670076104845,9.964783013884045,6.550725076615012,0.4143042313536887,3.0701876781472537,49.823915069420295,1.1633303002252253,0.4982391506942022,5.38009419104791,6.258826590511755,5.195717311179896e-07,5.250675228090201e-07,0.04143042313536888,0.7664307669381855,0.04143042313536893,0.8,self,,0.0,1.0953569412231445,ok
C1,0.5,0.6,0.02,0.1,20,200,5,1.0,predictive,P1 only,0.00632455532033676,10,1.0,False,False,False,0.002193769479425842,0.003504412514969805,57.95785690415135,9.964955874850299,6.550896263966633,0.4143150581924441,3.069832802990623,49.82477937425156,1.1632335884281466,0.49824779374251493,5.380201871801115,6.258431529803042,0.0007867157717704983,0.0016145139517183247,0.04143150581924441,0.7674499702519674,0.041431505819244395,0.8,self,,0.0,1.6115360260009766,ok
C1,0.5,0.6,0.02,0.1,20,200,5,1.0,predictive,P1 only,0.00632455532033676,15,1.0,False,False,False,0.0020940092483722533,0.0033451063096113995,57.89689574315064,9.966548936903896,6.553613553647079,0.4144869146814961,3.065350594767528,49.832744684519355,1.1618243407960716,0.4983274468451948,5.381478433819213,6.2523326338802825,0.004025195996261022,0.013986669043661528,0.04144869146814961,0.7784152133130304,0.04144869146814971,0.8,self,,0.0,7.110064744949341,ok
C1,0.5,0.6,0.02,0.1,20,200,5,1.0,predictive,P1 only,0.00632455532033676,20,1.0,False,False,False,0.0018574711786723992,0.002967311834265766,57.64889186540749,9.970326881657355,6.575002497662,0.4158396702781571,3.038830950402488,49.851634408286706,1.1564092642030743,0.49851634408286777,5.3882325636392885,6.231002054273154,0.009611417278427334,0.05082545529973571,0.041583967027815714,0.8074918785492284,0.04158396702781581,0.8,self,,0.0,36.15597724914551,ok
C1,0.5,0.6,0.02,0.1,20,200,5,1.0,predictive,P1 only (protect),0.00632455532033676,5,1.0,True,True,False,0.0022045921100939015,0.0035216876551701685,57.96166859827214,9.964783123448298,6.550725142997503,0.41430408740192054,3.07018764615228,49.823915617241575,1.1633302577731264,0.4982391561724149,5.380094193093985,6.258826364495726,5.195616093848521e-07,5.250572697050125e-07,0.041430408740192055,0.7664304569132582,0.041430408740191924,0.8,self,,0.0,0.9833152294158936,ok
C1,0.5,0.6,0.02,0.1,20,200,5,1.0,predictive,P1 only (protect),0.00632455532033676,10,1.0,True,True,False,0.0021747917950468497,0.0034741144770884173,57.950295082668475,9.965258855229129,6.551213916697648,0.4142222351183266,3.069304992954896,49.826294276145624,1.1630464581912972,0.49826294276145644,5.380352545388825,6.2575999717350035,0.0007862737445889322,0.001613088660605864,0.04142222351183267,0.7654634494669602,0.0414222235118327,0.8,self,,0.0,1.3262782096862793,ok
C1,0.5,0.6,0.02,0.1,20,200,5,1.0,predictive,P1 only (protect),0.00632455532033676,15,1.0,True,True,False,0.0018599540677461282,0.002971258314119941,57.674063261640775,9.970287416858785,6.563888973734729,0.4128899504783484,3.052933658928138,49.85143708429395,1.1569187697461865,0.49851437084293926,5.384601612378285,6.229546672966017,0.004013388259941595,0.013896787918919856,0.04128899504783484,0.749501752288267,0.04128899504783489,0.8,self,,0.0,2.319199562072754,ok
C1,0.5,0.6,0.02,0.1,20,200,5,1.0,predictive,P1 only (protect),0.00632455532033676,20,1.0,True,True,False,0.000966915662787707,0.0015446217986999394,54.91202872041267,9.984553782013013,7.5130709453075735,0.36232335021515427,2.1400519224642593,49.92276891006506,1.099939565037662,0.49922768910065063,5.58507751258519,6.143247729894582,0.008703321839981607,0.042801038449285365,0.036232335021515426,0.011593483841751854,0.03623233502151547,0.8,self,,0.0,7.325100898742676,ok
C1,0.5,0.6,0.02,0.1,20,200,5,1.0,predictive,P1+P2,0.00632455532033676,5,3.0,False,False,False,0.007702388589120375,0.01230062078324389,62.235351800890726,9.876993792167553,4.651010441902644,0.7433877656152362,4.728608000314567,49.384968960837774,1.260208381425597,0.49384968960837766,5.042263201663107,6.354302348089713,4.928017535343052e-05,5.079079269780555e-05,0.07433877656152363,0.7882282759729884,0.07433877656152361,0.8,self,,0.0,0.9734070301055908,ok
C1,0.5,0.6,0.02,0.1,20,200,5,1.0,predictive,P1+P2,0.00632455532033676,5,10.0,False,False,False,0.015478999691339028,0.02471340685623797,67.00081437875552,9.752865931437618,2.828532082556245,1.219832162803537,6.1987698232026,48.76432965718817,1.37397181197341,0.48764329657188094,4.763597924912488,6.545049272404786,0.0006242954435320942,0.0006813858695382991,0.12198321628035369,0.9875876653311504,0.1219832162803542,0.8,self,,0.0,1.005584478378296,ok
C1,0.5,0.6,0.02,0.1,20,200,5,1.0,predictive,P1+P2,0.00632455532033676,5,30.0,False,False,False,0.02071475317906659,0.03306606558070886,70.71163695555389,9.669339344192933,1.8390465618980465,1.7331867958443519,6.758427298064669,48.346696720964616,1.4625950013435176,0.48346696720964666,4.701988613936675,6.877105043117916,0.0016413476457248905,0.0019902448988439133,0.1733186795844352,1.3253727582707147,0.1733186795844352,0.8,self,,0.0,1.1288495063781738,ok
C1,0.5,0.6,0.02,0.1,20,200,5,1.0,predictive,P1+P2,0.00632455532033676,5,100.0,False,False,False,0.024055657780123543,0.03839180146301441,74.2497719386525,9.616081985369847,1.2970687203544857,2.328927309035043,6.757921985240624,48.08040992684933,1.5442832548977403,0.4808040992684924,4.783687732997678,7.387368862728047,0.0021351707762777587,0.002998532812494885,0.23289273090350432,1.67697142174243,0.23289273090350368,0.8,self,,0.0,1.0680909156799316,ok
C1,0.5,0.6,0.02,0.1,20,200,5,1.0,predictive,P1+P2,0.00632455532033676,5,300.0,False,False,False,0.025605014149718847,0.04085940764457388,76.72116609440998,9.591405923554266,1.0747264469645967,2.7784058979429576,6.55546173153818,47.95702961777135,1.5997897848531377,0.4795702961777133,4.893247238364375,7.828166946696154,0.0019851009052505417,0.0030707255201110734,0.27784058979429577,1.901471001817377,0.27784058979429677,0.8,self,,0.0,0.9468328952789307,ok
C1,0.5,0.6,0.02,0.1,20,200,5,1.0,predictive,P1+P2,0.00632455532033676,5,1000.0,False,False,False,0.026347444650724798,0.04204108159965136,78.3225976509441,9.579589184003497,0.9763638381220474,3.0771793445771425,6.366867633297312,47.89794592001742,1.6351974212366311,0.4789794592001749,4.978947796890025,8.141562597946374,0.0017167415219019172,0.0027629344707507646,0.3077179344577143,2.0640643000462484,0.30771793445771367,0.8,self,,0.0,0.9945225715637207,ok
C1,0.5,0.6,0.02,0.1,20,200,5,1.0,predictive,P1+P2,0.00632455532033676,10,3.0,False,False,False,0.0076181393569532165,0.01216618864803621,62.210353159022254,9.878338113519664,4.651870412199175,0.7435069994143433,4.726284474866818,49.39169056759823,1.2595307519162602,0.49391690567598323,5.043007468108115,6.35182298822553,0.0038729656200174817,0.011313146777727854,0.07435069994143433,0.7932092207614908,0.07435069994143445,0.8,self,,0.0,1.689267873764038,ok
C1,0.5,0.6,0.02,0.1,20,200,5,1.0,predictive,P1+P2,0.00632455532033676,10,10.0,False,False,False,0.015275896753710027,0.024389473672933835,66.94911953918425,9.75610526327065,2.82974601136551,1.2202059215820351,6.193942803781805,48.780526316353324,1.3724558670196232,0.48780526316353245,4.765230222492836,6.540068176559516,0.0070872620745405755,0.026691410505041913,0.12202059215820352,0.994913255239247,0.12202059215820357,0.8,self,,0.0,1.6803762912750244,ok
C1,0.5,0.6,0.02,0.1,20,200,5,1.0,predictive,P1+P2,0.00632455532033676,10,30.0,False,False,False,0.02046528477894731,0.032668378219868406,70.65461716469325,9.67331621780132,1.8400525540528239,1.7337174946921912,6.752913733453664,48.3665810890065,1.460814793476331,0.483665810890066,4.703910310786978,6.871541769183462,0.008121113217465793,0.03393075052932832,0.17337174946921913,1.3312964201184359,0.1733717494692196,0.8,self,,0.0,1.7156727313995361,ok
C1,0.5,0.6,0.02,0.1,20,200,5,1.0,predictive,P1+P2,0.00632455532033676,10,100.0,False,False,False,0.023821851815991574,0.038019316631995204,74.20100382107978,9.619806833680068,1.2977871204046205,2.3294757520189155,6.752930293896396,48.09903416840022,1.542671388396149,0.4809903416840034,4.785456467488941,7.382386772810495,0.007973696968681524,0.03398226611635963,0.23294757520189158,1.6807162352177207,0.23294757520189147,0.8,self,,0.0,1.6702582836151123,ok
C1,0.5,0.6,0.02,0.1,20,200,5,1.0,predictive,P1+P2,0.00632455532033676,10,300.0,False,False,False,0.025403876106680098,0.040539147906422955,76.68160871690124,9.594608520935765,1.075267100851891,2.7789004725870665,6.551223905625278,47.97304260467885,1.5984312137296544,0.4797304260467882,4.89475926613169,7.823935994677349,0.007522895151131728,0.03126010927892837,0.27789004725870664,1.9039221017456966,0.27789004725870897,0.8,self,,0.0,1.6983590126037598,ok
C1,0.5,0.6,0.02,0.1,20,200,5,1.0,predictive,P1+P2,0.00632455532033676,10,1000.0,False,False,False,0.026173400485803872,0.041764080104767176,78.28963822078671,9.582359198952325,0.9768005191163798,3.0776170887006074,6.363223193230687,47.91179599476163,1.6340368085835564,0.47911795994761625,4.980252360138175,8.137915672500908,0.007157071892811517,0.028664411301276085,0.30776170887006077,2.0657743786493596,0.3077617088700604,0.8,self,,0.0,1.9043946266174316,ok
C1,0.5,0.6,0.02,0.1,20,200,5,1.0,predictive,P1+P2,0.00632455532033676,15,3.0,False,False,False,0.00724801805773308,0.01157539680251429,62.05872480774919,9.884246031974854,4.657050280829907,0.7442113569966744,4.714492330198565,49.42123015987435,1.2557098357728733,0.4942123015987427,5.046662067857372,6.337143196430369,0.007156358058900604,0.04063003917696789,0.07442113569966745,0.8107884210918734,0.07442113569966742,0.8,self,,0.0,7.322083234786987,ok
C1,0.5,0.6,0.02,0.1,20,200,5,1.0,predictive,P1+P2,0.00632455532033676,15,10.0,False,False,False,0.014628729505854273,0.023357007494731352,66.75413293976985,9.766429925052686,2.834351487135942,1.2216320925565984,6.177586495254774,48.832149625263504,1.3670119675672507,0.48832149625263427,4.770687240660762,6.521586551503646,0.008855602569084518,0.06793726918614597,0.12216320925565985,1.0089284222145523,0.12216320925566002,0.8,self,,0.0,7.213294506072998,ok
C1,0.5,0.6,0.02,0.1,20,200,5,1.0,predictive,P1+P2,0.00632455532033676,15,30.0,False,False,False,0.019729495104176206,0.03149513168863411,70.46958043797872,9.685048683113637,1.843339849233815,1.7355114046248012,6.736100063027746,48.42524341556839,1.4552240828865555,0.48425243415568187,4.709737531696856,6.853723480199947,0.00937135626156853,0.0789098465661028,0.17355114046248013,1.3408876890450665,0.17355114046247994,0.8,self,,0.0,6.920533657073975,ok
C1,0.5,0.6,0.02,0.1,20,200,5,1.0,predictive,P1+P2,0.00632455532033676,15,100.0,False,False,False,0.02311224359057011,0.0368884695754367,74.04330635899248,9.631115304245641,1.3001269547385854,2.3313515483762375,6.7374061926395346,48.15557652122832,1.5375852955753138,0.48155576521228205,4.790941326714342,7.366480935920057,0.009469566713664635,0.07918022294478154,0.23313515483762376,1.6873836449439468,0.23313515483762348,0.8,self,,0.0,7.145047187805176,ok
C1,0.5,0.6,0.02,0.1,20,200,5,1.0,predictive,P1+P2,0.00632455532033676,15,300.0,False,False,False,0.0247498949499581,0.03949741517390249,76.54529870529618,9.605025848260984,1.0771504432806347,2.7807098507091728,6.537113857749208,48.025129241304896,1.5938592964672749,0.4802512924130492,4.8997811222975916,7.809561692428874,0.00940264594570397,0.07551505248453132,0.27807098507091726,1.9091512760162976,0.2780709850709172,0.8,self,,0.0,7.1064276695251465,ok
C1,0.5,0.6,0.02,0.1,20,200,5,1.0,predictive,P1+P2,0.00632455532033676,15,1000.0,False,False,False,0.02556485736280267,0.040795013173820525,78.16715147989825,9.592049868261805,0.9784473677817749,3.079343479130438,6.350159284825982,47.96024934130899,1.6298320495296412,0.47960249341309025,4.98491645555569,8.124576603492365,0.009323966203181395,0.07205361421489445,0.30793434791304386,2.0702032649707154,0.307934347913043,0.8,self,,0.0,7.019492149353027,ok
C1,0.5,0.6,0.02,0.1,20,200,5,1.0,predictive,P1+P2,0.00632455532033676,20,3.0,False,False,False,0.00658680187186519,0.010519780115697198,61.694460193229084,9.894802198843049,4.674000520765601,0.7463507115783814,4.684846568812969,49.4740109942151,1.2470074480203939,0.49474010994215245,5.05525910073872,6.303945750294062,0.0098043152039406,0.08477430914143382,0.07463507115783814,0.8413564327740527,0.07463507115783756,0.8,self,,0.0,35.73380637168884,ok
C1,0.5,0.6,0.02,0.1,20,200,5,1.0,predictive,P1+P2,0.00632455532033676,20,10.0,False,False,False,0.013553730699018248,0.02164171390939168,66.37727746101947,9.783582860906098,2.844696278473172,1.2246588148864737,6.1470620457342555,48.91791430453044,1.356911438369973,0.48917914304530485,4.780608049332696,6.486861744503099,0.009861878963194863,0.11541330472715233,0.12246588148864737,1.0306099820546597,0.12246588148864655,0.8,self,,0.0,35.67822241783142,ok
C1,0.5,0.6,0.02,0.1,20,200,5,1.0,predictive,P1+P2,0.00632455532033676,20,30.0,False,False,False,0.018495844368720506,0.02952765651539545,70.13069295729139,9.704723434846033,1.8498867996022017,1.7390390246745302,6.706350740877235,48.52361717423034,1.4452898823572455,0.4852361717423016,4.719938072879202,6.821678742085067,0.009870935165522638,0.12739105026531664,0.17390390246745302,1.3560293329412003,0.17390390246745208,0.8,self,,0.0,36.295308113098145,ok
C1,0.5,0.6,0.02,0.1,20,200,5,1.0,predictive,P1+P2,0.00632455532033676,20,100.0,False,False,False,0.021871321748083213,0.03491042809341838,73.75032032241036,9.650895719065822,1.3046892531138097,2.3350839861290886,6.7093310416912795,48.254478595329154,1.52836218459418,0.4825447859532911,4.800810888790621,7.33737781781556,0.009861838184863267,0.12789985211073726,0.23350839861290887,1.698533279767413,0.23350839861290787,0.8,self,,0.0,35.67810010910034,ok
C1,0.5,0.6,0.02,0.1,20,200,5,1.0,predictive,P1+P2,0.00632455532033676,20,300.0,False,False,False,0.02355520186430182,0.03759379087170967,76.2827525766549,9.6240620912829,1.0809078205527165,2.7844353835991527,6.510594704565231,48.12031045641463,1.5852506322823632,0.481203104564145,4.9091867140289995,7.782291342406649,0.009842827054414159,0.12412814161279556,0.27844353835991525,1.9183624256793046,0.2784435383599133,0.8,self,,0.0,35.75352144241333,ok
C1,0.5,0.6,0.02,0.1,20,200,5,1.0,predictive,P1+P2,0.00632455532033676,20,1000.0,False,False,False,0.024413432405191098,0.038960776298258296,77.92312593008528,9.61039223701742,0.9818264176553749,3.083008948215778,6.324772397111428,48.05196118508715,1.6216429883046812,0.480519611850871,4.993953235530018,8.09840924831873,0.00982446945086613,0.12051453488608692,0.3083008948215778,2.078377765560618,0.3083008948215768,0.8,self,,0.0,35.778772830963135,ok
C1,0.5,0.6,0.02,0.1,20,200,5,1.0,predictive,P1+P2 (protect),0.00632455532033676,5,3.0,True,True,False,0.007702085050543468,0.012300137119576969,62.23528818353128,9.876998628804227,4.6510126073483455,0.7433831433672627,4.728605620480165,49.38499314402114,1.2602064761259542,0.49384993144021133,5.042263770767535,6.354293458256522,4.927967206862496e-05,5.07902714081211e-05,0.07433831433672627,0.7881971323392618,0.07433831433672615,0.8,self,,0.0,0.9270508289337158,ok
C1,0.5,0.6,0.02,0.1,20,200,5,1.0,predictive,P1+P2 (protect),0.00632455532033676,5,10.0,True,True,False,0.015476710797127782,0.024709760132591796,67.00034820494129,9.75290239867409,2.8285430214345344,1.2198135554201524,6.198741024471223,48.76451199337052,1.3739571148389613,0.4876451199337045,4.763607107539727,6.544991877701653,0.0006242920613877799,0.0006813821406880793,0.12198135554201524,0.9871863684146491,0.12198135554201557,0.8,self,,0.0,0.9693474769592285,ok
C1,0.5,0.6,0.02,0.1,20,200,5,1.0,predictive,P1+P2 (protect),0.00632455532033676,5,30.0,True,True,False,0.020710023223156404,0.03305853133700201,70.71070095971992,9.669414686629981,1.8390633398034122,1.733169714426399,6.758352259140207,48.34707343314982,1.4625642451242182,0.48347073433149906,4.70201430380875,6.8769980008133205,0.0016413439707914,0.001990240393996671,0.1733169714426399,1.3243242231198646,0.17331697144263983,0.8,self,,0.0,1.2086777687072754,ok
C1,0.5,0.6,0.02,0.1,20,200,5,1.0,predictive,P1+P2 (protect),0.00632455532033676,5,100.0,True,True,False,0.024050489250465597,0.038383571807815396,74.24878694575975,9.61616428192185,1.2970836054529589,2.3289229320392395,6.757829180585952,48.08082140960926,1.544249552502875,0.48080821409609253,4.783720387092012,7.38725806706572,0.0021351689569541186,0.0029985304991772916,0.23289229320392396,1.675664099934165,0.2328922932039223,0.8,self,,0.0,1.0041224956512451,ok
C1,0.5,0.6,0.02,0.1,20,200,5,1.0,predictive,P1+P2 (protect),0.00632455532033676,5,300.0,True,True,False,0.02560097432914269,0.04085297776371891,76.72042039182925,9.591470222362819,1.0747368953018228,2.7784082972926147,6.555384585042744,47.95735111181409,1.5997635109777675,0.47957351111814095,4.893274672557397,7.828082270349007,0.001985099353754576,0.0030707236084319468,0.2778408297292615,1.9003433018801121,0.27784082972926255,0.8,self,,0.0,0.9563930034637451,ok
C1,0.5,0.6,0.02,0.1,20,200,5,1.0,predictive,P1+P2 (protect),0.00632455532033676,5,1000.0,True,True,False,0.02634454127361188,0.042036462040056406,78.3220742194383,9.57963537959942,0.9763709067048347,3.077183655970662,6.366810057725083,47.89817689799717,1.6351786078670834,0.478981768979971,4.9789683810953695,8.141502586013752,0.001716740118268284,0.0027629326822766974,0.3077183655970662,2.063161709266878,0.3077183655970658,0.8,self,,0.0,0.966935396194458,ok
C1,0.5,0.6,0.02,0.1,20,200,5,1.0,predictive,P1+P2 (protect),0.00632455532033676,10,3.0,True,True,False,0.007524426838788247,0.012016617994837706,62.17867550786702,9.879833820051623,4.652899968531118,0.7433753384193043,4.723890872997956,49.39916910025808,1.2586988129632768,0.4939916910025811,5.043752577502897,6.348565382183364,0.003872116043638623,0.011309020284388762,0.07433753384193043,0.7822246069963963,0.07433753384193033,0.8,self,,0.0,1.111192226409912,ok
C1,0.5,0.6,0.02,0.1,20,200,5,1.0,predictive,P1+P2 (protect),0.00632455532033676,10,10.0,True,True,False,0.015117779519797023,0.02413720701880196,66.90386845118591,9.758627929811961,2.8307632831980163,1.220289557200128,6.1903192297898935,48.79313964905985,1.3711736717986547,0.4879313964905981,4.766439624296879,6.535616521053752,0.0070870826184979184,0.026689798450224823,0.12202895572001281,0.975451185348725,0.1220289557200126,0.8,self,,0.0,1.2888083457946777,ok
C1,0.5,0.6,0.02,0.1,20,200,5,1.0,predictive,P1+P2 (protect),0.00632455532033676,10,30.0,True,True,False,0.020311112326970554,0.03242250023569458,70.61539730403638,9.675774997643055,1.8407218015350761,1.7339467051249624,6.749556495696907,48.37887498821524,1.4596328939281413,0.48378874988215276,4.7050719155714145,6.867677736265527,0.008121334212372978,0.0339315124160407,0.17339467051249624,1.3117388697778636,0.1733946705124968,0.8,self,,0.0,1.1703217029571533,ok
C1,0.5,0.6,0.02,0.1,20,200,5,1.0,predictive,P1+P2 (protect),0.00632455532033676,10,100.0,True,True,False,0.02370240044307909,0.037828892393885774,74.17324447061769,9.621711076061123,1.2981862915964457,2.3297316426195147,6.750370989722915,48.108555380305766,1.5417890619301788,0.4810855538030562,4.786358682518205,7.37955546318111,0.007973931560140396,0.03398334483464097,0.23297316426195147,1.6647490789281825,0.23297316426195178,0.8,self,,0.0,1.1769561767578125,ok
C1,0.5,0.6,0.02,0.1,20,200,5,1.0,predictive,P1+P2 (protect),0.00632455532033676,10,300.0,True,True,False,0.025313109473847354,0.040394495730806036,76.66155560166229,9.596055042691962,1.0755361336128055,2.7791286298258995,6.549280193869333,47.9802752134597,1.597772319158285,0.4798027521345981,4.895449602502711,7.821813864713262,0.007523063760995028,0.03126090009647937,0.27791286298258994,1.890929367010155,0.27791286298259016,0.8,self,,0.0,1.148306131362915,ok
C1,0.5,0.6,0.02,0.1,20,200,5,1.0,predictive,P1+P2 (protect),0.00632455532033676,10,1000.0,True,True,False,0.02610094350039358,0.04164863072422554,78.27412026244542,9.58351369275775,0.9770029209807578,3.0778138245302964,6.361669561731196,47.91756846378872,1.633516114691778,0.4791756846378875,4.980806054888166,8.1362269548142,0.007157194945472603,0.028664980820282408,0.30778138245302966,2.054666136398266,0.30778138245302855,0.8,self,,0.0,1.3942689895629883,ok
C1,0.5,0.6,0.02,0.1,20,200,5,1.0,predictive,P1+P2 (protect),0.00632455532033676,15,3.0,True,True,False,0.006707979972526394,0.010713099778302771,61.72521604126782,9.892869002216953,4.6683343906100445,0.7437591605498924,4.69503744662311,49.46434501108489,1.2478729077972284,0.49464345011084765,5.052279675146017,6.304602929229296,0.00715140200330544,0.04055215356593157,0.07437591605498925,0.7566462559848259,0.07437591605498918,0.8,self,,0.0,2.2860207557678223,ok
C1,0.5,0.6,0.02,0.1,20,200,5,1.0,predictive,P1+P2 (protect),0.00632455532033676,15,10.0,True,True,False,0.013962986172909878,0.02229445728181286,66.47450872088241,9.777055427181876,2.840879208183331,1.222552799923408,6.159512564711385,48.88527713590938,1.3598063182923559,0.48885277135909383,4.776500960042706,6.495116184795576,0.008855501953562168,0.06792057223747772,0.12225527999234082,0.9510425734419942,0.1222552799923409,0.8,self,,0.0,2.3678956031799316,ok
C1,0.5,0.6,0.02,0.1,20,200,5,1.0,predictive,P1+P2 (protect),0.00632455532033676,15,30.0,True,True,False,0.019129323463649556,0.030537620222116146,70.27278146673132,9.694623797778835,1.8468318333357863,1.736852434450526,6.721691934434853,48.473118988894214,1.449726836905867,0.48473118988894176,4.714629533412148,6.8349249606565765,0.009372407683763614,0.0789166424861912,0.17368524344505262,1.2913677147426526,0.17368524344505334,0.8,self,,0.0,2.2536909580230713,ok
C1,0.5,0.6,0.02,0.1,20,200,5,1.0,predictive,P1+P2 (protect),0.00632455532033676,15,100.0,True,True,False,0.02263509972325314,0.036127527571850795,73.91026212334465,9.638724724281479,1.3021079186927145,2.3326616984477058,6.7265056585781,48.1936236214075,1.5336108092630305,0.48193623621407394,4.7947417883797705,7.35326783428437,0.009470653327561395,0.07919024665942202,0.23326616984477058,1.6474091842117897,0.23326616984477055,0.8,self,,0.0,2.363372325897217,ok
C1,0.5,0.6,0.02,0.1,20,200,5,1.0,predictive,P1+P2 (protect),0.00632455532033676,15,300.0,True,True,False,0.024360591633698744,0.0388767100059354,76.44465286421615,9.611232899940635,1.078543326186938,2.7818810813821324,6.528342692490295,48.05616449970319,1.5907356248684452,0.48056164499703174,4.902869426565593,7.799169060916215,0.009403573175543618,0.0755235560096813,0.27818810813821326,1.8749595427067496,0.2781881081382127,0.8,self,,0.0,2.395056962966919,ok
C1,0.5,0.6,0.02,0.1,20,200,5,1.0,predictive,P1+P2 (protect),0.00632455532033676,15,1000.0,True,True,False,0.025229208707856856,0.040259930093397976,78.08372793092936,9.597400699066021,0.9795678045554119,3.080397194950325,6.342634301428242,47.987003495330136,1.6271849093167088,0.47987003495330105,4.987577194086312,8.11571034426942,0.009324772755622756,0.07206076301091036,0.3080397194950325,2.0393110775858863,0.3080397194950323,0.8,self,,0.0,2.367722988128662,ok
C1,0.5,0.6,0.02,0.1,20,200,5,1.0,predictive,P1+P2 (protect),0.00632455532033676,20,3.0,True,True,False,0.004964636490531275,0.007929072439822082,59.01247081822569,9.920709275601784,5.337436808747066,0.7201146393535032,4.021739276297646,49.603546378008915,1.1896824950481382,0.49603546378008917,5.204798670356521,6.192057868372977,0.009490790982421178,0.08043478552595286,0.07201146393535032,0.09010756846828745,0.07201146393535003,0.8,self,,0.0,7.434006690979004,ok
C1,0.5,0.6,0.02,0.1,20,200,5,1.0,predictive,P1+P2 (protect),0.00632455532033676,20,10.0,True,True,False,0.01179607992543792,0.018835661512129103,64.38171968735699,9.811643384878733,3.275573184958724,1.2153198074121778,5.697463622750366,49.0582169243936,1.312353438906663,0.49058216924393666,4.884847624686006,6.410646578791724,0.009758368209249106,0.11394927245500744,0.1215319807412178,0.393682052377427,0.12153198074121777,0.8,self,,0.0,7.109853982925415,ok
C1,0.5,0.6,0.02,0.1,20,200,5,1.0,predictive,P1+P2 (protect),0.00632455532033676,20,30.0,True,True,False,0.016966365476721305,0.02708670486299689,68.61864996556926,9.729132951370042,2.186346964393573,1.7360396280229324,6.348480456213451,48.645664756850216,1.4105809902804642,0.4864566475685021,4.803889225403788,6.7762748207677275,0.009830057709691352,0.12696960912426822,0.17360396280229326,0.7936975426225704,0.17360396280229262,0.8,self,,0.0,7.452613830566406,ok
C1,0.5,0.6,0.02,0.1,20,200,5,1.0,predictive,P1+P2 (protect),0.00632455532033676,20,100.0,True,True,False,0.02063209118975683,0.03293331309423712,72.5193119737792,9.670666869057644,1.6024203706749318,2.335042593042737,6.3918701672246865,48.35333434528822,1.499778928500012,0.48353334345288224,4.875393450140318,7.312012364667423,0.009847767570944405,0.1278374033444949,0.23350425930427374,1.179190296707642,0.23350425930427135,0.8,self,,0.0,7.237945556640625,ok
C1,0.5,0.6,0.02,0.1,20,200,5,1.0,predictive,P1+P2 (protect),0.00632455532033676,20,300.0,True,True,False,0.022501319383898512,0.03591269944347876,75.17173356890576,9.640873005565204,1.3658779175021576,2.785225678370354,6.208023398562284,48.204365027826015,1.5594383107320844,0.48204365027826024,4.980090250839568,7.766143528062579,0.009839173871057514,0.12416046797124593,0.27852256783703544,1.4174851670333186,0.27852256783703455,0.8,self,,0.0,7.392421245574951,ok
C1,0.5,0.6,0.02,0.1,20,200,5,1.0,predictive,P1+P2 (protect),0.00632455532033676,20,1000.0,True,True,False,0.023466722186224122,0.03745079263166613,76.8690311275418,9.625492073683317,1.2616864794445524,3.0838368426406153,6.028984604231516,48.12746036841675,1.5971969129288708,0.48127460368416586,5.063074815484409,8.08672746521961,0.00982590732293796,0.12057969208463001,0.30838368426406154,1.5863623221286862,0.30838368426406165,0.8,self,,0.0,7.268362045288086,ok
C1,0.5,0.6,0.02,0.1,20,200,5,1.0,predictive,NoCancel,0.01650808370536038,0,1.0,False,False,True,0.004888292502065305,0.00780765825896504,59.67604953329474,9.92192341741037,5.594119527932649,0.923481934249037,3.5604751204079426,49.60961708705188,1.2029129236893505,0.49609617087051855,5.339621740184175,6.423099998880163,0.0,0.0,0.0923481934249037,0.0,0.0923481934249034,0.8,self,,0.0,12.069567441940308,ok
C1,0.5,0.6,0.02,0.1,20,200,5,1.0,predictive,P2 only,0.01650808370536038,0,3.0,False,False,False,0.014179477364730263,0.02263979030417649,66.78449391891644,9.773602096958246,2.959430006271996,1.1762860734236582,6.090681823346101,48.868010484791164,1.366630097202367,0.4886801048479123,4.784550850555076,6.538711193963751,0.0,0.0,0.11762860734236583,1.0829953507812844,0.11762860734236565,0.8,self,,0.0,0.9809176921844482,ok
C1,0.5,0.6,0.02,0.1,20,200,5,1.0,predictive,P2 only,0.01650808370536038,0,10.0,False,False,False,0.02027774294027037,0.032369328329601786,70.85964494019936,9.676306716704003,1.7884680885471678,1.7178803889772183,6.8173448057716115,48.38153358351987,1.4646010510988883,0.48381533583520014,4.687443407153204,6.865234541083136,0.0,0.0,0.17178803889772185,1.429157490806095,0.17178803889772162,0.8,self,,0.0,1.033083438873291,ok
C1,0.5,0.6,0.02,0.1,20,200,5,1.0,predictive,P2 only,0.01650808370536038,0,30.0,False,False,False,0.02360820920503232,0.037679061403932804,74.14001106300059,9.623209385960665,1.243030810281883,2.2613302852626433,6.872429518494808,48.11604692980342,1.5408583163775607,0.48116046929803324,4.748762060016409,7.31716951267452,0.0,0.0,0.22613302852626435,1.7595767651647507,0.2261330285262651,0.8,self,,0.0,0.9627730846405029,ok
C1,0.5,0.6,0.02,0.1,20,200,5,1.0,predictive,P2 only,0.01650808370536038,0,100.0,False,False,False,0.0255195308529986,0.04072357521962672,77.00067867899749,9.59276424780373,0.9662498313098261,2.7785955496788044,6.662390371207639,47.963821239018635,1.6053908277090594,0.4796382123901865,4.869358223603004,7.8172230290019415,0.0,0.0,0.27785955496788045,2.0220598543123525,0.2778595549678809,0.8,self,,0.0,1.0060288906097412,ok
C1,0.5,0.6,0.02,0.1,20,200,5,1.0,predictive,P2 only,0.01650808370536038,0,300.0,False,False,False,0.02629830423820754,0.04196315338808526,78.61864353888964,9.580368466119142,0.862994168736373,3.080204496853437,6.476432868291049,47.901842330595834,1.6412446727268022,0.47901842330595706,4.954803351155331,8.132044604492593,0.0,0.0,0.3080204496853437,2.180447787915764,0.30802044968534376,0.8,self,,0.0,0.9032597541809082,ok
C1,0.5,0.6,0.02,0.1,20,200,5,1.0,predictive,P2 only,0.01650808370536038,0,1000.0,False,False,False,0.02662361444447858,0.04248087639557395,79.46162183639787,9.575191236044263,0.8213175515240914,3.239022466404701,6.364468746026944,47.87595618022134,1.659739630834262,0.4787595618022132,5.003167451659977,8.303955299220126,0.0,0.0,0.3239022466404701,2.2909219791436137,0.32390224664047007,0.8,self,,0.0,0.9853062629699707,ok
C1,0.5,0.6,0.02,0.1,20,200,5,1.0,predictive,P1 only,0.01650808370536038,5,1.0,False,False,False,0.007081873196003797,0.011310108342554906,62.51325668700068,9.886898916574467,4.656642287555102,0.7687224066888051,4.687736389181626,49.43449458287227,1.264567529505194,0.49434494582872335,5.056783125485505,6.394643744238758,3.258764927585652e-05,3.346255584064757e-05,0.07687224066888051,0.9500177637919776,0.07687224066888061,0.8,self,,0.0,0.9546175003051758,ok
C1,0.5,0.6,0.02,0.1,20,200,5,1.0,predictive,P1 only,0.01650808370536038,10,1.0,False,False,False,0.007009803362708701,0.011195105117222137,62.49164281654257,9.888048948827775,4.657372602151528,0.7688429676336941,4.685735481387003,49.440244744138816,1.2639832820396992,0.4944024474413887,5.057425593325341,6.392501400122938,0.0034873565509958653,0.009790244836127445,0.07688429676336941,0.9545817840272292,0.07688429676336944,0.8,self,,0.0,1.6612248420715332,ok
C1,0.5,0.6,0.02,0.1,20,200,5,1.0,predictive,P1 only,0.01650808370536038,15,1.0,False,False,False,0.006672531571919832,0.01065671882237936,62.349083428734865,9.893432811776199,4.662215808606136,0.7696424882092431,4.6747088914084225,49.46716405888101,1.2604135412840818,0.49467164058880997,5.060842991120367,6.378755036320747,0.006999106919691407,0.03773900221899119,0.07696424882092431,0.9725028204343171,0.07696424882092451,0.8,self,,0.0,7.126009225845337,ok
C1,0.5,0.6,0.02,0.1,20,200,5,1.0,predictive,P1 only,0.01650808370536038,20,1.0,False,False,False,0.0060576212432625525,0.009674972982627072,61.99420697647232,9.903250270173741,4.67861923182223,0.7723503790443058,4.645780118959722,49.51625135086857,1.2519971784048405,0.49516251350868706,5.069252687361315,6.346690061197521,0.009856640309175484,0.08202147799693417,0.07723503790443059,1.0052978788490676,0.07723503790443055,0.8,self,,0.0,35.69860339164734,ok
C1,0.5,0.6,0.02,0.1,20,200,5,1.0,predictive,P1 only (protect),0.01650808370536038,5,1.0,True,True,False,0.0070814268239789225,0.011309397083221576,62.51316375851456,9.886906029167795,4.656645353567944,0.7687131869246373,4.6877354303396235,49.434530145838885,1.2645647399518485,0.49434530145838973,5.056783024887118,6.394629510859301,3.2587083903096003e-05,3.34619715891532e-05,0.07687131869246373,0.9499986126383487,0.07687131869246369,0.8,self,,0.0,1.0900330543518066,ok
C1,0.5,0.6,0.02,0.1,20,200,5,1.0,predictive,P1 only (protect),0.01650808370536038,10,1.0,True,True,False,0.006912127900666519,0.011039200243052997,62.45769423860197,9.88960799756947,4.658457136728294,0.7683120520276874,4.683622813674549,49.448039987847416,1.2630974706773386,0.49448039987847353,5.058056808807802,6.388818761747425,0.003486322167560802,0.009785542103622874,0.07683120520276875,0.9449889720566331,0.0768312052027689,0.8,self,,0.0,1.2545127868652344,ok
C1,0.5,0.6,0.02,0.1,20,200,5,1.0,predictive,P1 only (protect),0.01650808370536038,15,1.0,True,True,False,0.0061102760593750235,0.009758887587111317,61.96954867881971,9.902411124128884,4.675549627867658,0.7661616394703727,4.655877608533086,49.51205562064441,1.2516052484999443,0.4951205562064442,5.065917877109458,6.340529403459893,0.006992166748747789,0.03764219170953146,0.07661616394703728,0.9210454456718498,0.07661616394703703,0.8,self,,0.0,2.225266218185425,ok
C1,0.5,0.6,0.02,0.1,20,200,5,1.0,predictive,P1 only (protect),0.01650808370536038,20,1.0,True,True,False,0.0042598960880002494,0.006803705963903064,58.39439700743434,9.93196294036099,5.620906936220543,0.6685623908390134,3.7785677325794538,49.659814701804834,1.1758883386512529,0.4965981470180495,5.253594667952697,6.1776407060459775,0.00943165181100287,0.07557135465158944,0.06685623908390134,0.07111602121772516,0.06685623908390115,0.8,self,,0.0,7.301649332046509,ok
C1,0.5,0.6,0.02,0.1,20,200,5,1.0,predictive,P1+P2,0.01650808370536038,5,3.0,False,False,False,0.01417798607749962,0.02263741448682472,66.78419287256422,9.773625855131774,2.959436986875145,1.1762882981067124,6.090648859886368,48.868129275658696,1.366620614753705,0.4886812927565887,4.784562194329796,6.538681327342322,0.00043691967670230343,0.0004692516209207899,0.11762882981067124,1.0831170372420695,0.11762882981067119,0.8,self,,0.0,1.0826482772827148,ok
C1,0.5,0.6,0.02,0.1,20,200,5,1.0,predictive,P1+P2,0.01650808370536038,5,10.0,False,False,False,0.020271912285465495,0.032360042793501624,70.85851588447485,9.676399572064984,1.7884868724733705,1.7178910639345917,6.817222491527055,48.38199786032487,1.464563660414313,0.4838199786032492,4.687486569910643,6.865122488971264,0.0015271292534075106,0.0018223244283443552,0.17178910639345918,1.4295495966106204,0.17178910639345885,0.8,self,,0.0,1.0277230739593506,ok
C1,0.5,0.6,0.02,0.1,20,200,5,1.0,predictive,P1+P2,0.01650808370536038,5,30.0,False,False,False,0.023599008631446382,0.037664417654367253,74.13831218234189,9.623355823456311,1.2430542030089695,2.2613491565465216,6.872240816988197,48.116779117281695,1.5407995618666475,0.48116779117281555,4.748829489929853,7.316994397463333,0.0021099222558376837,0.0028791850873560554,0.22613491565465216,1.7600386046714778,0.22613491565465269,0.8,self,,0.0,1.0581715106964111,ok
C1,0.5,0.6,0.02,0.1,20,200,5,1.0,predictive,P1+P2,0.01650808370536038,5,100.0,False,False,False,0.025510030246752545,0.040708466456469715,76.99901306107725,9.592915335435299,0.9662703985643529,2.7786162912878005,6.662197974712548,47.96457667717651,1.6053308169342502,0.47964576677176496,4.869427467686686,7.817041974703544,0.0020161238927277132,0.0030914992233610846,0.27786162912878004,2.022389769230861,0.27786162912877954,0.8,self,,0.0,0.9535365104675293,ok
C1,0.5,0.6,0.02,0.1,20,200,5,1.0,predictive,P1+P2,0.01650808370536038,5,300.0,False,False,False,0.02629018346090539,0.041950248023798736,78.6172697464861,9.580497519761987,0.8630103429644844,3.0802225647082357,6.476269572565292,47.902487598810076,1.6411938854807824,0.4790248759880994,4.954862314607786,8.131889734133456,0.001764386053879152,0.0028286495298631424,0.3080222564708236,2.180656147469271,0.3080222564708231,0.8,self,,0.0,0.9713349342346191,ok
C1,0.5,0.6,0.02,0.1,20,200,5,1.0,predictive,P1+P2,0.01650808370536038,5,1000.0,False,False,False,0.026616764538518516,0.042469995896757005,79.46048889367998,9.575300041032424,0.8213305855138746,3.2390377599780016,6.3643316134756995,47.876500205162195,1.6596971072065183,0.4787650020516212,5.003217050548804,8.303824865522179,0.001576923392183784,0.002551247496963689,0.3239037759978002,2.2910579397556097,0.3239037759978003,0.8,self,,0.0,1.052070140838623,ok
C1,0.5,0.6,0.02,0.1,20,200,5,1.0,predictive,P1+P2,0.01650808370536038,10,3.0,False,False,False,0.013994526066440742,0.022344782233519305,66.73658769424328,9.776552177664799,2.9605593616639974,1.1766550133965945,6.086233447274609,48.882760888324036,1.3652376928281018,0.48882760888323995,4.78605350497432,6.534100644882991,0.006656216624484896,0.024120310275987298,0.11766550133965946,1.0905018516278995,0.11766550133965953,0.8,self,,0.0,1.7188720703125,ok
C1,0.5,0.6,0.02,0.1,20,200,5,1.0,predictive,P1+P2,0.01650808370536038,10,10.0,False,False,False,0.020024296154728997,0.03196528273370942,70.80166648753529,9.680347172662906,1.789427985325386,1.7184559196959377,6.811768922315771,48.401735863314464,1.462791885966193,0.48401735863314527,4.68939546701866,6.859609639241543,0.008084816521804554,0.03351920253301034,0.1718455919695938,1.4358401024701952,0.17184559196959398,0.8,self,,0.0,1.748924970626831,ok
C1,0.5,0.6,0.02,0.1,20,200,5,1.0,predictive,P1+P2,0.01650808370536038,10,30.0,False,False,False,0.0233590295978582,0.03728204821550292,74.08780890245916,9.62717951784496,1.2437378420172704,2.261941264568735,6.867141375569035,48.13589758922489,1.5391384104789925,0.48135897589224796,4.750643964076892,7.311898599620927,0.008059615381773483,0.03439827931606535,0.22619412645687353,1.7642658378054097,0.22619412645687254,0.8,self,,0.0,1.5910556316375732,ok
C1,0.5,0.6,0.02,0.1,20,200,5,1.0,predictive,P1+P2,0.01650808370536038,10,100.0,False,False,False,0.025305073376651298,0.04038210548492694,76.9587587986898,9.596178945150738,0.9667594764781443,2.7791469170921834,6.657914661278934,47.980894725753686,1.6039458880157622,0.4798089472575369,4.870964354465845,7.812763247016844,0.00757635271266939,0.03161389915167833,0.27791469170921834,2.0250423507554327,0.27791469170921757,0.8,self,,0.0,1.7316832542419434,ok
C1,0.5,0.6,0.02,0.1,20,200,5,1.0,predictive,P1+P2,0.01650808370536038,10,300.0,False,False,False,0.026111930710122713,0.041666529864668095,78.5835700177457,9.583334701353358,0.8634038765002895,3.080693101185416,6.472568320960937,47.916673506766685,1.64000470539025,0.47916673506766794,4.956194726890475,8.128182672930723,0.00721159422349535,0.029083600977252582,0.30806931011854166,2.1825399696087984,0.30806931011854227,0.8,self,,0.0,1.6534974575042725,ok
C1,0.5,0.6,0.02,0.1,20,200,5,1.0,predictive,P1+P2,0.01650808370536038,10,1000.0,False,False,False,0.026454485269652193,0.04221176289492811,79.43044682612513,9.577882371050725,0.8216761900242935,3.2394696736092348,6.360971765315747,47.8894118552536,1.6586223081253273,0.4788941185525363,5.0044283101064515,8.300456434556494,0.007008394282417241,0.027480774394773557,0.3239469673609235,2.2925445637650914,0.32394696736092454,0.8,self,,0.0,1.600484848022461,ok
C1,0.5,0.6,0.02,0.1,20,200,5,1.0,predictive,P1+P2,0.01650808370536038,15,3.0,False,False,False,0.013386302452243624,0.021374340640958264,66.54553511599609,9.786256593590409,2.965126373111775,1.1781431580516675,6.070473875246148,48.93128296795218,1.359979364521884,0.48931282967952044,4.791291946879927,6.516058177156584,0.008694635716557469,0.0639988423090747,0.11781431580516676,1.1059623424813798,0.11781431580516702,0.8,self,,0.0,7.413187026977539,ok
C1,0.5,0.6,0.02,0.1,20,200,5,1.0,predictive,P1+P2,0.01650808370536038,15,10.0,False,False,False,0.019291724667356083,0.030797092618807476,70.61556741418386,9.692029073811922,1.7925466086838173,1.720373987499644,6.795050330004617,48.4601453690596,1.4571885180367175,0.4846014536905961,4.695212307351688,6.841809464017563,0.009352409072366407,0.07834764252270228,0.1720373987499644,1.446217467301137,0.172037398749965,0.8,self,,0.0,7.3303163051605225,ok
C1,0.5,0.6,0.02,0.1,20,200,5,1.0,predictive,P1+P2,0.01650808370536038,15,30.0,False,False,False,0.022638950363910313,0.0361343848006437,73.92584137007793,9.638656151993558,1.245949884981469,2.263940343846294,6.851453619178679,48.19328075996789,1.5339449857807768,0.48193280759967794,4.756209573159067,7.295763826069879,0.009475069052220583,0.0797385488354524,0.2263940343846294,1.7716849971270778,0.2263940343846303,0.8,self,,0.0,6.932483434677124,ok
C1,0.5,0.6,0.02,0.1,20,200,5,1.0,predictive,P1+P2,0.01650808370536038,15,100.0,False,False,False,0.024644751535064697,0.03933022288573009,76.821350371321,9.606697771142722,0.9684477985240406,2.781065007673417,6.64378942265982,48.033488855713614,1.5993289723776343,0.4803348885571361,4.876021251552733,7.7983620575373385,0.009412882699691837,0.07598954914252719,0.2781065007673417,2.030673627283123,0.2781065007673426,0.8,self,,0.0,7.150623559951782,ok
C1,0.5,0.6,0.02,0.1,20,200,5,1.0,predictive,P1+P2,0.01650808370536038,15,300.0,False,False,False,0.0254965978180943,0.04068660920534409,78.46004828012018,9.593133907946573,0.8648681596435113,3.0825204074498815,6.459477524960034,47.965669539732836,1.635754259932242,0.47965669539732864,4.960896387900419,8.114807399590584,0.009334163457433504,0.07259532347978914,0.3082520407449882,2.187327863485918,0.30825204074498885,0.8,self,,0.0,7.16534686088562,ok
C1,0.5,0.6,0.02,0.1,20,200,5,1.0,predictive,P1+P2,0.01650808370536038,15,1000.0,False,False,False,0.025865150139018918,0.04127338235937506,79.3142317961147,9.587266176406247,0.8230368770015581,3.241238670305557,6.348458276286637,47.93633088203122,1.6545745228457895,0.47936330882031236,5.008928495275732,8.287645475039522,0.009292115026139755,0.07052296235449994,0.32412386703055573,2.29690870389625,0.3241238670305557,0.8,self,,0.0,6.9766857624053955,ok
C1,0.5,0.6,0.02,0.1,20,200,5,1.0,predictive,P1+P2,0.01650808370536038,20,3.0,False,False,False,0.012370413297173284,0.01975319130103296,66.16743409433035,9.802468086989675,2.975774592143007,1.1814756574395915,6.040281663427726,49.012340434948506,1.3500158022886275,0.49012340434948376,4.801042207722872,6.481482847880556,0.009881259504409526,0.11134176888879602,0.11814756574395915,1.1303682416565783,0.11814756574395834,0.8,self,,0.0,35.82083559036255,ok
C1,0.5,0.6,0.02,0.1,20,200,5,1.0,predictive,P1+P2,0.01650808370536038,20,10.0,False,False,False,0.018067126525052032,0.028843937352685207,70.27433375400501,9.711560626473162,1.7988058100088733,1.724166410044403,6.765467153473563,48.55780313236577,1.447230500985418,0.48557803132365807,4.705393656258155,6.809789218480098,0.009879734721616735,0.12685083581046183,0.17241664100444032,1.4626650499176208,0.1724166410044389,0.8,self,,0.0,35.966877937316895,ok
C1,0.5,0.6,0.02,0.1,20,200,5,1.0,predictive,P1+P2,0.01650808370536038,20,30.0,False,False,False,0.021391863503684445,0.03414631825978436,73.62698107462381,9.658536817402151,1.2502631041075862,2.267891352104227,6.823308726386036,48.29268408701075,1.5245990664334852,0.48292684087010757,4.76614281630043,7.266456888220298,0.009867827697698443,0.12848427968516474,0.22678913521042274,1.7840326572689926,0.22678913521042154,0.8,self,,0.0,36.00310564041138,ok
C1,0.5,0.6,0.02,0.1,20,200,5,1.0,predictive,P1+P2,0.01650808370536038,20,100.0,False,False,False,0.023444571255008546,0.03741777968788769,76.55799444524756,9.625822203121121,0.971809808568294,2.7849927612089105,6.617375227101675,48.12911101560555,1.5906795872548762,0.4812911101560561,4.885446841384109,7.771180565208513,0.009845337926382964,0.1246275001309653,0.27849927612089104,2.04059159002409,0.27849927612089315,0.8,self,,0.0,36.061012506484985,ok
C1,0.5,0.6,0.02,0.1,20,200,5,1.0,predictive,P1+P2,0.01650808370536038,20,300.0,False,False,False,0.024338895074226496,0.038842309494485125,78.21542048790485,9.611576905055125,0.8678628913129132,3.0863759664698596,6.4341842371621025,48.05788452527576,1.6275252491975154,0.4805788452527563,4.969955774561461,8.088728510493771,0.009826099752440616,0.12107491357258673,0.308637596646986,2.196140956453692,0.30863759664698437,0.8,self,,0.0,35.83599853515625,ok
C1,0.5,0.6,0.02,0.1,20,200,5,1.0,predictive,P1+P2,0.01650808370536038,20,1000.0,False,False,False,0.024732646031128715,0.03946943578208115,79.07908694954448,9.605305642179149,0.8258722982556954,3.2450433767605777,6.323778682804579,48.02652821089584,1.6465709659938255,0.4802652821089574,5.017781104159864,8.262132679822072,0.00981596421267391,0.11891806496763051,0.3245043376760578,2.3052006410017767,0.3245043376760585,0.8,self,,0.0,35.65292310714722,ok
C1,0.5,0.6,0.02,0.1,20,200,5,1.0,predictive,P1+P2 (protect),0.01650808370536038,5,3.0,True,True,False,0.014175111777534057,0.02263283498243026,66.78360947042542,9.773671650175704,2.959450590249247,1.1762437526728717,6.090634006902178,48.86835825087853,1.3666022731431706,0.4886835825087852,4.784565732916154,6.538598406606137,0.00043691644214879786,0.0004692480995297502,0.11762437526728718,1.0828435602366704,0.11762437526728706,0.8,self,,0.0,0.9691410064697266,ok
C1,0.5,0.6,0.02,0.1,20,200,5,1.0,predictive,P1+P2 (protect),0.01650808370536038,5,10.0,True,True,False,0.02026582590919819,0.03235034770509843,70.85731672986546,9.676496522949003,1.788507002618198,1.7178345529265717,6.8171619215062265,48.382482614745065,1.4645242017463354,0.48382482614745015,4.687506315614333,6.864966445055987,0.0015271260902535882,0.0018223205543986955,0.17178345529265718,1.428582688361511,0.17178345529265718,0.8,self,,0.0,1.1596527099609375,ok
C1,0.5,0.6,0.02,0.1,20,200,5,1.0,predictive,P1+P2 (protect),0.01650808370536038,5,30.0,True,True,False,0.023592661059119183,0.03765430974341253,74.13710139807763,9.62345690256589,1.2430710765723083,2.2613174690029645,6.872154551858838,48.117284512829364,1.5407582150299999,0.4811728451282945,4.748859386244252,7.316844111378154,0.002109921189632617,0.0028791837768793256,0.22613174690029647,1.75873849672068,0.2261317469002966,0.8,self,,0.0,1.0831298828125,ok
C1,0.5,0.6,0.02,0.1,20,200,5,1.0,predictive,P1+P2 (protect),0.01650808370536038,5,100.0,True,True,False,0.02550538064684435,0.040701065565620746,76.99815676831578,9.592989344343804,0.9662811317659772,2.778607937527699,6.662121586362519,47.96494672171897,1.6053005795052893,0.4796494672171902,4.869454573990871,7.816938249502226,0.0020161227434023882,0.003091497934078027,0.2778607937527699,2.021236745646326,0.2778607937527696,0.8,self,,0.0,0.928809404373169,ok
C1,0.5,0.6,0.02,0.1,20,200,5,1.0,predictive,P1+P2 (protect),0.01650808370536038,5,300.0,True,True,False,0.026286918905575173,0.04194505341523532,78.61668237079131,9.580549465847666,0.8630173802660238,3.08022285336374,6.47621030052257,47.90274732923828,1.6411727250308719,0.47902747329238327,4.954883541356556,8.131819723778754,0.0017643847526368928,0.0028286479304518203,0.30802228533637405,2.1797185194147723,0.30802228533637355,0.8,self,,0.0,0.945746898651123,ok
C1,0.5,0.6,0.02,0.1,20,200,5,1.0,predictive,P1+P2 (protect),0.01650808370536038,5,1000.0,True,True,False,0.02661427559793994,0.04246603630339433,79.46004766406087,9.575339636966055,0.8213357591253047,3.2390407363855256,6.364283867523115,47.876698184830325,1.6596810280713488,0.47876698184830274,5.003234224002286,8.303772920573872,0.0015769221729271445,0.002551245937978048,0.32390407363855256,2.290258465396692,0.3239040736385543,0.8,self,,0.0,0.9170424938201904,ok
C1,0.5,0.6,0.02,0.1,20,200,5,1.0,predictive,P1+P2 (protect),0.01650808370536038,10,3.0,True,True,False,0.01382944230614369,0.02208137527843703,66.68765825494098,9.77918624721561,2.961665011766776,1.1763473007961838,6.082801440221429,48.895931236078084,1.363869274377071,0.48895931236078055,4.787177590055918,6.52908442606374,0.006655867961873198,0.02411779901402611,0.11763473007961839,1.0721158281733414,0.11763473007961839,0.8,self,,0.0,1.2298972606658936,ok
C1,0.5,0.6,0.02,0.1,20,200,5,1.0,predictive,P1+P2 (protect),0.01650808370536038,10,10.0,True,True,False,0.019859818718057812,0.03170295421688523,70.75925698858934,9.682970457831127,1.790109329816317,1.718500071335112,6.808420141017443,48.414852289155746,1.4615196296785653,0.48414852289155635,4.690552073050526,6.855333928792831,0.008085034517199153,0.033519875762502434,0.1718500071335112,1.4161295088014378,0.17185000713351123,0.8,self,,0.0,1.244825839996338,ok
C1,0.5,0.6,0.02,0.1,20,200,5,1.0,predictive,P1+P2 (protect),0.01650808370536038,10,30.0,True,True,False,0.023228661301464733,0.03707420208825923,74.05711890659929,9.629257979117423,1.244144461581471,2.2621283981730445,6.864469161128063,48.146289895587095,1.5381687574931309,0.48146289895587113,4.751587510932911,7.308743457811554,0.008059872966906568,0.03439944071008199,0.22621283981730445,1.7475993351585426,0.22621283981730453,0.8,self,,0.0,1.156301498413086,ok
C1,0.5,0.6,0.02,0.1,20,200,5,1.0,predictive,P1+P2 (protect),0.01650808370536038,10,100.0,True,True,False,0.025210100240569015,0.04023074383919972,76.93776919766465,9.597692561608001,0.9670106247920519,2.7793607986612088,6.655936014938738,47.98846280803997,1.603255547180697,0.47988462808040006,4.871670515219607,7.81053277756248,0.007576531985205298,0.03161473907816449,0.2779360798661209,2.0117927350429494,0.27793607986612195,0.8,self,,0.0,1.1110765933990479,ok
C1,0.5,0.6,0.02,0.1,20,200,5,1.0,predictive,P1+P2 (protect),0.01650808370536038,10,300.0,True,True,False,0.026036309477182436,0.04154603463460215,78.5673909603178,9.584539653653984,0.8635904920320556,3.0808931623556366,6.470976691958325,47.922698268269905,1.6394609193434762,0.4792269826826992,4.956765082079824,8.126422638436228,0.007211724828452365,0.029084206778230284,0.3080893162355637,2.1711915914013797,0.30808931623556374,0.8,self,,0.0,1.2767291069030762,ok
C1,0.5,0.6,0.02,0.1,20,200,5,1.0,predictive,P1+P2 (protect),0.01650808370536038,10,1000.0,True,True,False,0.026388813265320676,0.04210713297704402,79.41666464281643,9.578928670229573,0.8218330234463985,3.2396550378611724,6.359583268462856,47.894643351147714,1.658153377624292,0.47894643351147864,5.004926770661184,8.298936229534082,0.007008500611067547,0.027481262327885645,0.32396550378611727,2.2821847468956125,0.3239655037861167,0.8,self,,0.0,1.334254264831543,ok
C1,0.5,0.6,0.02,0.1,20,200,5,1.0,predictive,P1+P2 (protect),0.01650808370536038,15,3.0,True,True,False,0.012692129875719375,0.02026629853750048,66.22423351151205,9.797337014624988,2.973001839057486,1.1774166767625946,6.05224446955493,48.986685073125024,1.3518823209338544,0.4898668507312494,4.796961431757203,6.484927353794113,0.008693912294659718,0.06397069758168668,0.11774166767625947,1.047885429128822,0.1177416676762596,0.8,self,,0.0,2.3252921104431152,ok
C1,0.5,0.6,0.02,0.1,20,200,5,1.0,predictive,P1+P2 (protect),0.01650808370536038,15,10.0,True,True,False,0.018664505432934943,0.029796368843318332,70.40033706093536,9.702036311566827,1.7962957924042489,1.7211093577930747,6.780558538235849,48.510181557834,1.4512486822380541,0.48510181557834137,4.7000970839828256,6.821009699520997,0.00935345465519061,0.07835344237785105,0.17211093577930747,1.3960129051020966,0.1721109357793069,0.8,self,,0.0,2.474069356918335,ok
C1,0.5,0.6,0.02,0.1,20,200,5,1.0,predictive,P1+P2 (protect),0.01650808370536038,15,30.0,True,True,False,0.022131395452097618,0.035324880068018226,73.7784588370412,9.646751199319837,1.248061133916489,2.2650084544252294,6.840179212338444,48.23375599659902,1.5296021906783155,0.48233755996599187,4.760131009693023,7.281106820342229,0.009476211042638278,0.07974895575013352,0.22650084544252294,1.7303473226119244,0.22650084544252302,0.8,self,,0.0,2.3223307132720947,ok
C1,0.5,0.6,0.02,0.1,20,200,5,1.0,predictive,P1+P2 (protect),0.01650808370536038,15,100.0,True,True,False,0.024243858861686465,0.038691019497878114,76.71543679699101,9.613089805021232,0.9698184621716938,2.7821106630670096,6.634981069740064,48.06544902510607,1.5960620019781813,0.4806544902510616,4.879126879236205,7.7873890147792935,0.009413843464885713,0.07599839811662254,0.27821106630670095,1.9961496320046501,0.27821106630670056,0.8,self,,0.0,2.4667911529541016,ok
C1,0.5,0.6,0.02,0.1,20,200,5,1.0,predictive,P1+P2 (protect),0.01650808370536038,15,300.0,True,True,False,0.02515163428456278,0.040136661464971586,78.37246079676696,9.59863338535026,0.8659640582808837,3.0834843320703906,6.451918224298465,47.99316692675139,1.6329920656492902,0.47993166926751296,4.963573719375284,8.105476501005175,0.009334999128590487,0.07260277722273777,0.3083484332070391,2.1561589068823,0.3083484332070407,0.8,self,,0.0,2.2899904251098633,ok
C1,0.5,0.6,0.02,0.1,20,200,5,1.0,predictive,P1+P2 (protect),0.01650808370536038,15,1000.0,True,True,False,0.025548372058630975,0.04076840576714779,79.23539164623666,9.592315942328511,0.8240132113943878,3.2421441314770805,6.34152671480002,47.96157971164262,1.6520596719837057,0.47961579711642555,5.0113877908814635,8.279111669986777,0.009292884779508301,0.07052965315730302,0.32421441314770805,2.2673813076958704,0.32421441314770905,0.8,self,,0.0,2.2324910163879395,ok
C1,0.5,0.6,0.02,0.1,20,200,5,1.0,predictive,P1+P2 (protect),0.01650808370536038,20,3.0,True,True,False,0.010426916806502666,0.01665009609582851,63.33907879824525,9.833499039041726,3.6204409226776666,1.1082114821072455,5.437848556173362,49.16749519520863,1.288230741606248,0.4916749519520863,4.9305923486065995,6.351740637803571,0.009727784644698515,0.10875697112346705,0.11082114821072456,0.31419222841027317,0.11082114821072422,0.8,self,,0.0,7.382160186767578,ok
C1,0.5,0.6,0.02,0.1,20,200,5,1.0,predictive,P1+P2 (protect),0.01650808370536038,20,10.0,True,True,False,0.016411198613141702,0.0262009466940447,68.11835127098809,9.737990533059554,2.288271187903628,1.66691247560322,6.306825803433597,48.689952665297724,1.3990227458063922,0.4868995266529777,4.804221953933833,6.721215789455862,0.009824933893260637,0.12613651606867113,0.16669124756032203,0.742686598068807,0.1666912475603226,0.8,self,,0.0,7.120777130126953,ok
C1,0.5,0.6,0.02,0.1,20,200,5,1.0,predictive,P1+P2 (protect),0.01650808370536038,20,30.0,True,True,False,0.020040408180111182,0.031989902483230116,71.79644908325396,9.680100975167717,1.6860899413721873,2.2172233623256927,6.416585721134404,48.400504875838394,1.4833822346984413,0.48400504875838585,4.85351766210504,7.199621875761729,0.009847244905607205,0.12833171442268904,0.2217223362325693,1.1112755965985213,0.2217223362325664,0.8,self,,0.0,7.476376295089722,ok
C1,0.5,0.6,0.02,0.1,20,200,5,1.0,predictive,P1+P2 (protect),0.01650808370536038,20,100.0,True,True,False,0.02232703935072684,0.03563498574920618,74.89490246173612,9.643650142507946,1.3860793903429862,2.737180346123165,6.233090121025903,48.218250712539685,1.5532480203032102,0.4821825071253973,4.967627524624218,7.715957618226303,0.00984084238805189,0.12466180242051685,0.27371803461231653,1.3925928868455821,0.2737180346123173,0.8,self,,0.0,7.28532600402832,ok
C1,0.5,0.6,0.02,0.1,20,200,5,1.0,predictive,P1+P2 (protect),0.01650808370536038,20,300.0,True,True,False,0.023334929153242933,0.03724083709701259,76.6172756435575,9.627591629029864,1.275098128564569,3.039157446958708,6.05815279544686,48.1379581451493,1.5916187265885928,0.4813795814514932,5.0500911542168065,8.037819652030871,0.009828059175436476,0.1211630559089361,0.30391574469587085,1.5579896620754725,0.3039157446958704,0.8,self,,0.0,7.343065500259399,ok
C1,0.5,0.6,0.02,0.1,20,200,5,1.0,predictive,P1+P2 (protect),0.01650808370536038,20,1000.0,True,True,False,0.02378361991885103,0.03795566650408726,77.50978866635606,9.620443334959116,1.2303721045781768,3.197967584645096,5.95121697581761,48.10221667479558,1.6113558589280015,0.48102216674795584,5.097023319880373,8.213118389581892,0.009821032773804169,0.11902433951634994,0.3197967584645096,1.6715514834832286,0.3197967584645126,0.8,self,,0.0,7.12104344367981,ok
C1,0.5,0.6,0.02,0.1,20,200,5,1.0,predictive,NoCancel,0.04308869380063769,0,1.0,False,False,True,0.010427555133792966,0.016652168525564334,64.43582599228884,9.833478314744353,3.7088114530963705,1.5980784106676762,4.8596318214916,49.16739157372181,1.3105398502923116,0.49167391573721764,5.1347000557015186,6.729229042294992,0.0,0.0,0.15980784106676763,0.0,0.15980784106676776,0.8,self,,0.0,12.003011226654053,ok
C1,0.5,0.6,0.02,0.1,20,200,5,1.0,predictive,P2 only,0.04308869380063769,0,3.0,False,False,False,0.01952192669073268,0.031164441027573493,71.34548210512185,9.688355589724257,1.7554036431342832,1.7095020335488493,6.846738733592611,48.44177794862138,1.4728089084755052,0.48441777948621284,4.681364506245599,6.894755348619552,0.0,0.0,0.17095020335488495,1.5698636732353557,0.17095020335488506,0.8,self,,0.0,1.3708791732788086,ok
C1,0.5,0.6,0.02,0.1,20,200,5,1.0,predictive,P2 only,0.04308869380063769,0,10.0,False,False,False,0.023466052069399303,0.03745327176504924,74.935630851842,9.625467282349513,1.1014669975220341,2.294837669339327,6.978228050789126,48.1273364117475,1.5570284258147895,0.4812733641174757,4.730273992772971,7.365171068639937,0.0,0.0,0.2294837669339327,1.935894770126624,0.2294837669339324,0.8,self,,0.0,0.9547927379608154,ok
C1,0.5,0.6,0.02,0.1,20,200,5,1.0,predictive,P2 only,0.04308869380063769,0,30.0,False,False,False,0.025395800303987446,0.04052748224911502,77.66226616539923,9.594725177508856,0.8205289112650777,2.7862956885926273,6.798450222633439,47.97362588754423,1.6188533747156955,0.4797362588754428,4.840117701271302,7.835440874724221,0.0,0.0,0.27862956885926277,2.1896922959312626,0.27862956885926304,0.8,self,,0.0,0.9569618701934814,ok
C1,0.5,0.6,0.02,0.1,20,200,5,1.0,predictive,P2 only,0.04308869380063769,0,100.0,False,False,False,0.026378491893328266,0.0420917647854453,79.60864406244868,9.579082352145534,0.6901363574047997,3.1489327009758683,6.581848589473799,47.8954117607278,1.6621350800813948,0.4789541176072767,4.941165580266818,8.212884647452219,0.0,0.0,0.31489327009758683,2.3749564341887126,0.3148932700975869,0.8,self,,0.0,0.8971891403198242,ok
C1,0.5,0.6,0.02,0.1,20,200,5,1.0,predictive,P2 only,0.04308869380063769,0,300.0,False,False,False,0.026726739900779173,0.04264596714735198,80.48898196585169,9.573540328526477,0.6460485548401954,3.3149532756141205,6.465457841019207,47.867701642632305,1.68148833563728,0.4786770164263238,4.991556626674071,8.39324424442542,0.0,0.0,0.3314953275614121,2.4844352728204764,0.33149532756141253,0.8,self,,0.0,0.9640188217163086,ok
C1,0.5,0.6,0.02,0.1,20,200,5,1.0,predictive,P2 only,0.04308869380063769,0,1000.0,False,False,False,0.026856256000462007,0.04285215957493155,80.86225703449026,9.571478404250694,0.6294019887714057,3.385573937391877,6.413545669586023,47.85739202125345,1.6896503051938006,0.4785739202125347,5.013578075253737,8.471193724965424,0.0,0.0,0.3385573937391877,2.548054959711725,0.33855739373918803,0.8,self,,0.0,1.1764843463897705,ok
C1,0.5,0.6,0.02,0.1,20,200,5,1.0,predictive,P1 only,0.04308869380063769,5,1.0,False,False,False,0.013714166654874868,0.021897713716363995,67.71414717935588,9.78102286283635,2.882206930146446,1.241905318831564,6.094864888185639,48.90511431418182,1.384602574371648,0.4890511431418175,4.794591834701379,6.638604197388812,0.00034899638296337023,0.00037182532340341836,0.12419053188315642,1.2797602517495326,0.12419053188315626,0.8,self,,0.0,1.1496405601501465,ok
C1,0.5,0.6,0.02,0.1,20,200,5,1.0,predictive,P1 only,0.04308869380063769,10,1.0,False,False,False,0.013542663851518652,0.021624141254750647,67.6697297299562,9.783758587452496,2.8831907836728603,1.2423292484650048,6.090721380409638,48.91879293726251,1.3833074298611874,0.4891879293726248,4.796001747055455,6.634344850329046,0.006418928235174226,0.02269035813236707,0.12423292484650049,1.2871893570782602,0.12423292484650071,0.8,self,,0.0,1.662919282913208,ok
C1,0.5,0.6,0.02,0.1,20,200,5,1.0,predictive,P1 only,0.04308869380063769,15,1.0,False,False,False,0.01295806011356512,0.020691335734205077,67.48457238746478,9.79308664265796,2.8874038995711264,1.2441446250738775,6.075364832697037,48.96543321328979,1.3782084208977994,0.489654332132898,4.801141882938267,6.616974172990636,0.008653973732358914,0.06195739384073252,0.12441446250738775,1.3037179228693019,0.12441446250738739,0.8,self,,0.0,7.124757289886475,ok
C1,0.5,0.6,0.02,0.1,20,200,5,1.0,predictive,P1 only,0.04308869380063769,20,1.0,False,False,False,0.011975706932856963,0.019123617772467374,67.11406458911186,9.808763822275356,2.8972745538318136,1.248397761064386,6.045563862828445,49.04381911137668,1.3684510261466043,0.4904381911137678,4.810861984153886,6.583429018865075,0.009894594282017957,0.10945970924710423,0.1248397761064386,1.330422250322729,0.12483977610643772,0.8,self,,0.0,35.903865575790405,ok
C1,0.5,0.6,0.02,0.1,20,200,5,1.0,predictive,P1 only (protect),0.04308869380063769,5,1.0,True,True,False,0.013708993530502027,0.021889471533663794,67.71311256207889,9.78110528466337,2.8822292239613745,1.2417993702923869,6.094866121082868,48.905526423316786,1.384569751401248,0.48905526423316853,4.794588018345264,6.638441540631705,0.0003489921207936326,0.00037182069615484815,0.12417993702923869,1.2795605960384495,0.12417993702923859,0.8,self,,0.0,0.9648513793945312,ok
C1,0.5,0.6,0.02,0.1,20,200,5,1.0,predictive,P1 only (protect),0.04308869380063769,10,1.0,True,True,False,0.01334546203130687,0.021309462899342272,67.6097036523352,9.786905371006576,2.8844743042418997,1.2410190020704222,6.0876013226811025,48.93452685503291,1.3816359940012692,0.4893452685503288,4.796981795134811,6.627682710727077,0.006418392666731293,0.02268683527174436,0.12410190020704222,1.2699114819373327,0.12410190020704213,0.8,self,,0.0,1.1567766666412354,ok
C1,0.5,0.6,0.02,0.1,20,200,5,1.0,predictive,P1 only (protect),0.04308869380063769,15,1.0,True,True,False,0.012164060988246711,0.01942381576062532,67.05065073523146,9.80576184239373,2.8989083352326457,1.2365338500984533,6.0587959722751705,49.02880921196865,1.3675765700396292,0.4902880921196865,4.805641267991673,6.572082402120946,0.008651678582343511,0.061911246584746636,0.12365338500984534,1.248218247783752,0.1236533850098454,0.8,self,,0.0,2.399254083633423,ok
C1,0.5,0.6,0.02,0.1,20,200,5,1.0,predictive,P1 only (protect),0.04308869380063769,20,1.0,True,True,False,0.009625647323982817,0.01537096071314152,62.72942895609037,9.846290392868584,3.8350122872774346,1.0487078339035274,5.269989485950454,49.23145196434284,1.2741738553947952,0.4923145196434292,4.96143418516412,6.321729723998101,0.009706515622836451,0.1053997897190096,0.10487078339035275,0.2722959213274066,0.10487078339035187,0.8,self,,0.0,7.296190500259399,ok
C1,0.5,0.6,0.02,0.1,20,200,5,1.0,predictive,P1+P2,0.04308869380063769,5,3.0,False,False,False,0.019517093786911167,0.031156743740212427,71.3445525730953,9.688432562597887,1.7554176955346417,1.7095122600260464,6.846637481841424,48.44216281298935,1.472778018779229,0.48442162812989437,4.681400461510415,6.894663696815477,0.0013068460413691416,0.0015186697986819594,0.17095122600260465,1.5702092747700709,0.1709512260026047,0.8,self,,0.0,0.9480564594268799,ok
C1,0.5,0.6,0.02,0.1,20,200,5,1.0,predictive,P1+P2,0.04308869380063769,5,10.0,False,False,False,0.02345714702509273,0.037439097239289024,74.93400209838222,9.625609027607126,1.1014860049563306,2.2948584639719023,6.978046503464641,48.12804513803557,1.5569716551641513,0.4812804513803563,4.730339392369972,7.36500435322646,0.002080275625974203,0.002790866164018135,0.22948584639719025,1.9363662538767046,0.22948584639719025,0.8,self,,0.0,1.0656158924102783,ok
C1,0.5,0.6,0.02,0.1,20,200,5,1.0,predictive,P1+P2,0.04308869380063769,5,30.0,False,False,False,0.02538614509152758,0.04051212502384046,77.66058341815378,9.594878749761584,0.8205461090098741,2.786319260425707,6.798255880802835,47.974393748808005,1.6187923879722477,0.4797439374880792,4.840188183509537,7.835259787818459,0.0020656390155312115,0.0031111386625756834,0.2786319260425707,2.190058537782868,0.2786319260425711,0.8,self,,0.0,1.0178909301757812,ok
C1,0.5,0.6,0.02,0.1,20,200,5,1.0,predictive,P1+P2,0.04308869380063769,5,100.0,False,False,False,0.02637020214379074,0.042078589926236344,79.60725835498731,9.57921410073765,0.6901495045296723,3.1489532129653868,6.581683181767292,47.89607050368822,1.6620832882074779,0.4789607050368825,4.941225793033906,8.212728813861398,0.0017925483879995192,0.0028653160066501216,0.3148953212965387,2.375181035802882,0.31489532129653885,0.8,self,,0.0,1.0124995708465576,ok
C1,0.5,0.6,0.02,0.1,20,200,5,1.0,predictive,P1+P2,0.04308869380063769,5,300.0,False,False,False,0.026719705865312394,0.04263479342774167,80.4878328886752,9.573652065722593,0.6460591205315656,3.31497066438014,6.465318149365702,47.86826032861295,1.6814447054505575,0.47868260328612966,4.9916075589465,8.393112101677573,0.0016036533891219669,0.0025934278576380306,0.331497066438014,2.484584627616924,0.33149706643801324,0.8,self,,0.0,0.993586540222168,ok
C1,0.5,0.6,0.02,0.1,20,200,5,1.0,predictive,P1+P2,0.04308869380063769,5,1000.0,False,False,False,0.026849910031453286,0.04284208130570015,80.86123225861286,9.571579186943012,0.6294112797139738,3.385589578783827,6.413419954559187,47.85789593471506,1.6896111013513635,0.4785789593471506,5.013623944306092,8.471074674300583,0.0015065194935067231,0.002436971522343256,0.33855895787838275,2.54816927745251,0.33855895787838153,0.8,self,,0.0,0.9513981342315674,ok
C1,0.5,0.6,0.02,0.1,20,200,5,1.0,predictive,P1+P2,0.04308869380063769,10,3.0,False,False,False,0.019275554341265107,0.03077163000608584,71.28879936287484,9.692283699939146,1.7562683391888905,1.7101494427186419,6.841298518153321,48.461418499695704,1.471042358434524,0.4846141849969573,4.683279875077418,6.889303072642829,0.007977181793985082,0.03251459082719073,0.1710149442718642,1.5770766673323768,0.1710149442718645,0.8,self,,0.0,1.857128620147705,ok
C1,0.5,0.6,0.02,0.1,20,200,5,1.0,predictive,P1+P2,0.04308869380063769,10,10.0,False,False,False,0.023214626699470334,0.037052651682050325,74.88329216619015,9.62947348317949,1.1020696701277224,2.295533848858157,6.97292299783463,48.147367415897506,1.55529359516892,0.4814736741589745,4.732177949444287,7.359926055970292,0.008101582867921646,0.034568669460606556,0.2295533848858157,1.9409649096839978,0.22955338488581614,0.8,self,,0.0,1.6884684562683105,ok
C1,0.5,0.6,0.02,0.1,20,200,5,1.0,predictive,P1+P2,0.04308869380063769,10,30.0,False,False,False,0.025174393715416233,0.04017490579231507,77.61917806607059,9.598250942076842,0.8209613948760661,2.7869268731999783,6.793860789847114,47.99125471038412,1.6173608824041794,0.47991254710384207,4.84177819413508,7.830902652471628,0.0076738375581310685,0.032241478720887,0.27869268731999786,2.193072499201792,0.27869268731999836,0.8,self,,0.0,1.597259521484375,ok
C1,0.5,0.6,0.02,0.1,20,200,5,1.0,predictive,P1+P2,0.04308869380063769,10,100.0,False,False,False,0.026189537634470284,0.04179102178667188,79.57352147075416,9.582089782133274,0.690466017178386,3.149479118157188,6.577965082531152,47.91044891066634,1.6608803148375144,0.4791044891066637,4.942576123014445,8.209027387300612,0.007242941076808783,0.02933099203442865,0.3149479118157188,2.3772318043666947,0.3149479118157167,0.8,self,,0.0,1.7134215831756592,ok
C1,0.5,0.6,0.02,0.1,20,200,5,1.0,predictive,P1+P2,0.04308869380063769,10,300.0,False,False,False,0.02655542648910542,0.04237337014530691,80.45781592348942,9.576266298546939,0.6463344550280087,3.3154511489047573,6.461948097520295,47.881331492734546,1.6803587831657938,0.4788133149273469,4.992833222933747,8.389751159038699,0.007030483840250496,0.027688633990453376,0.3315451148904758,2.4862128931291294,0.33154511489047633,0.8,self,,0.0,1.6013033390045166,ok
C1,0.5,0.6,0.02,0.1,20,200,5,1.0,predictive,P1+P2,0.04308869380063769,10,1000.0,False,False,False,0.026693284271257788,0.04259286331391232,80.83290287829455,9.574071366860888,0.6296689576807933,3.386048277183014,6.410211398275305,47.87035683430449,1.6885794931106235,0.4787035683430444,5.014791544592921,8.467874164424154,0.006940573573652984,0.026909549326100093,0.3386048277183014,2.5496060311741733,0.3386048277183021,0.8,self,,0.0,1.6382277011871338,ok
C1,0.5,0.6,0.02,0.1,20,200,5,1.0,predictive,P1+P2,0.04308869380063769,15,3.0,False,False,False,0.01855389295619163,0.02962071170590739,71.10252907015764,9.703792882940911,1.7591729444031452,1.712347595122026,6.824686577533917,48.518964414704485,1.4654585053057898,0.4851896441470456,4.68908880312412,6.871665068672388,0.009309076495415689,0.07696495213373784,0.1712347595122026,1.5887892691018883,0.17123475951220338,0.8,self,,0.0,7.283568620681763,ok
C1,0.5,0.6,0.02,0.1,20,200,5,1.0,predictive,P1+P2,0.04308869380063769,15,10.0,False,False,False,0.022490477350545872,0.03589843023299288,74.7212304667986,9.641015697670086,1.1039578218778134,2.297791854814831,6.95723462563727,48.20507848835033,1.5500696775103562,0.48205078488350434,4.737792500705051,7.343908493678863,0.009478705243784918,0.07997484512085841,0.22977918548148313,1.9491005251244355,0.22977918548148313,0.8,self,,0.0,7.056681394577026,ok
C1,0.5,0.6,0.02,0.1,20,200,5,1.0,predictive,P1+P2,0.04308869380063769,15,30.0,False,False,False,0.024502891854767325,0.03910511930379986,77.48011273666422,9.608948806962006,0.8223721100747804,2.789076476995772,6.779602605967441,48.04474403481015,1.6126657409294778,0.48044744034810033,4.846926825829995,7.816472840808092,0.009430153761155188,0.076830914516635,0.2789076476995772,2.1993704310243958,0.2789076476995766,0.8,self,,0.0,7.025885581970215,ok
C1,0.5,0.6,0.02,0.1,20,200,5,1.0,predictive,P1+P2,0.04308869380063769,15,100.0,False,False,False,0.02557062636004481,0.04080537731402523,79.45092953264924,9.591946226859742,0.6916342617962198,3.151496908515713,6.564922602828325,47.95973113429859,1.656617492499444,0.4795973113429871,4.947304139888549,8.195790578854286,0.009337353024795771,0.07290303946474669,0.31514969085157135,2.3824535083551717,0.3151496908515723,0.8,self,,0.0,7.114669322967529,ok
C1,0.5,0.6,0.02,0.1,20,200,5,1.0,predictive,P1+P2,0.04308869380063769,15,300.0,False,False,False,0.025963366067457902,0.04143063484243482,80.34270739551724,9.585693651575626,0.6474103261483894,3.3173969271987938,6.44949909507719,47.92846825787815,1.676304507860233,0.4792846825787813,4.997351996462769,8.377083679034875,0.009291187832116608,0.0707611746304985,0.3317396927198794,2.4909738574929747,0.33173969271987985,0.8,self,,0.0,7.273953676223755,ok
C1,0.5,0.6,0.02,0.1,20,200,5,1.0,predictive,P1+P2,0.04308869380063769,15,1000.0,False,False,False,0.026113202478861654,0.04166925648453948,80.72105185934501,9.583307435154591,0.630707308642776,3.3879606220451968,6.398024634157435,47.916537175773136,1.6846178087376067,0.47916537175772955,5.019217364488083,8.45546295814166,0.009275847504309665,0.06979026463961817,0.3387960622045197,2.554165459162577,0.3387960622045195,0.8,self,,0.0,7.4125893115997314,ok
C1,0.5,0.6,0.02,0.1,20,200,5,1.0,predictive,P1+P2,0.04308869380063769,20,3.0,False,False,False,0.017351953174729845,0.027703496748180182,70.75974663388163,9.722965032518207,1.7650719368530006,1.7167570811645676,6.795205949464225,48.614825162590954,1.4555178671779152,0.48614825162591035,4.699285768393244,6.839894398871265,0.009884747802209074,0.1254753415484141,0.17167570811645677,1.6074370379602425,0.17167570811645597,0.8,self,,0.0,35.81286406517029,ok
C1,0.5,0.6,0.02,0.1,20,200,5,1.0,predictive,P1+P2,0.04308869380063769,20,10.0,False,False,False,0.021242606886180366,0.033909005140639124,74.42346238870715,9.660909948593593,1.1076430179966792,2.3022372975446643,6.929209735865063,48.3045497429679,1.540713303088838,0.48304549742967967,4.7477750747468965,7.314960217736146,0.009868678612747747,0.12875211348154472,0.23022372975446645,1.9626750758196974,0.23022372975446478,0.8,self,,0.0,35.81698036193848,ok
C1,0.5,0.6,0.02,0.1,20,200,5,1.0,predictive,P1+P2,0.04308869380063769,20,30.0,False,False,False,0.02329360000566453,0.03717801407053563,77.21598845447484,9.628219859294655,0.8251699732342211,2.7934351784269156,6.753174989044209,48.14109929647335,1.6039515005452194,0.4814109929647327,4.856442305004517,7.789497922423279,0.009847163652786341,0.1255056807078194,0.27934351784269157,2.2104261462512413,0.27934351784269257,0.8,self,,0.0,35.691986083984375,ok
C1,0.5,0.6,0.02,0.1,20,200,5,1.0,predictive,P1+P2,0.04308869380063769,20,100.0,False,False,False,0.024410282355647597,0.0389568323183459,79.20916474425661,9.610431676816523,0.6940217031868816,3.1557320335526993,6.539814586443897,48.05215838408274,1.6483997266290253,0.48052158384082616,4.956385199803143,8.170104008423648,0.00982398104700177,0.12138186496666846,0.31557320335526995,2.3920853041033734,0.3155732033552676,0.8,self,,0.0,35.676018714904785,ok
C1,0.5,0.6,0.02,0.1,20,200,5,1.0,predictive,P1+P2,0.04308869380063769,20,300.0,False,False,False,0.02482905950702276,0.03962379526627199,80.11068929563176,9.603762047337252,0.6496513945482737,3.3215620538725235,6.425024504241951,48.01881023668632,1.6683189129585572,0.4801881023668626,5.006216914366208,8.351966360610174,0.00981271039553829,0.11914171643344247,0.3321562053872524,2.50003232844024,0.3321562053872547,0.8,self,,0.0,36.24976062774658,ok
C1,0.5,0.6,0.02,0.1,20,200,5,1.0,predictive,P1+P2,0.04308869380063769,20,1000.0,False,False,False,0.024990313641420264,0.039880685064211614,80.49316394513747,9.601193149357865,0.6328910194095438,3.3920938332620865,6.373821997970505,48.005965746789286,1.6767325204893098,0.48005965746789325,5.02798865901201,8.430592097216872,0.009808979137176137,0.1181408022135568,0.33920938332620865,2.5629882741654733,0.33920938332620776,0.8,self,,0.0,35.748337745666504,ok
C1,0.5,0.6,0.02,0.1,20,200,5,1.0,predictive,P1+P2 (protect),0.04308869380063769,5,3.0,True,True,False,0.019507249439655712,0.031141061896240215,71.34263357623914,9.688589381037604,1.755447155745495,1.7093524120426054,6.846611051174296,48.442946905188016,1.4727145670115842,0.48442946905188017,4.681405968332612,6.894374763658409,0.0013068435941924206,0.0015186667396511675,0.17093524120426054,1.5694103807003554,0.17093524120426049,0.8,self,,0.0,1.0164728164672852,ok
C1,0.5,0.6,0.02,0.1,20,200,5,1.0,predictive,P1+P2 (protect),0.04308869380063769,5,10.0,True,True,False,0.02344771503655707,0.03742407701274367,74.93222276321026,9.62575922987257,1.1015072648288562,2.294753638048564,6.977979867250011,48.12879614936279,1.5569103895860137,0.48128796149362846,4.730361248939199,7.364748574968511,0.002080277090195593,0.0027908681712251484,0.2294753638048564,1.9350993312345055,0.22947536380485695,0.8,self,,0.0,1.0372765064239502,ok
C1,0.5,0.6,0.02,0.1,20,200,5,1.0,predictive,P1+P2 (protect),0.04308869380063769,5,30.0,True,True,False,0.02537969296775554,0.04050185388917691,77.65940315256293,9.594981461108215,0.820558508968385,2.7862749802899764,6.798185049633424,47.974907305541116,1.6187504575666631,0.47974907305541076,4.840212949758052,7.835096927140935,0.0020656392792283334,0.0031111394874742218,0.27862749802899767,2.188868098427186,0.2786274980289976,0.8,self,,0.0,0.9610404968261719,ok
C1,0.5,0.6,0.02,0.1,20,200,5,1.0,predictive,P1+P2 (protect),0.04308869380063769,5,100.0,True,True,False,0.026366279147226706,0.04207234714217781,79.60655954738166,9.57927652857823,0.6901563295575542,3.148941416268472,6.581625725595743,47.89638264289108,1.6620578664764174,0.4789638264289115,4.941246368975692,8.212637397754083,0.0017925475052559608,0.0028653150921585636,0.3148941416268472,2.374225912411248,0.3148941416268472,0.8,self,,0.0,1.0037672519683838,ok
C1,0.5,0.6,0.02,0.1,20,200,5,1.0,predictive,P1+P2 (protect),0.04308869380063769,5,300.0,True,True,False,0.02671688907669968,0.04263031195998936,80.48733877088797,9.573696880400114,0.6460637993762729,3.314968718830172,6.465270601393441,47.86848440200058,1.6814265121693333,0.47868484402000566,4.991624732372298,8.393050163810933,0.001603652308900799,0.002593426537902528,0.33149687188301724,2.4837691011555685,0.3314968718830163,0.8,self,,0.0,0.9553141593933105,ok
C1,0.5,0.6,0.02,0.1,20,200,5,1.0,predictive,P1+P2 (protect),0.04308869380063769,5,1000.0,True,True,False,0.02684755233294288,0.04283833070574667,80.86082221045966,9.571616692942536,0.6294151082581992,3.385590844882309,6.413377353916956,47.858083464712614,1.6895959126754643,0.4785808346471268,5.013639385513136,8.47102461339172,0.0015065184056691303,0.0024369701464062826,0.3385590844882309,2.5474187749887496,0.33855908448823174,0.8,self,,0.0,0.98004150390625,ok
C1,0.5,0.6,0.02,0.1,20,200,5,1.0,predictive,P1+P2 (protect),0.04308869380063769,10,3.0,True,True,False,0.019083899380358732,0.030465921117681427,71.237986082716,9.695340788823193,1.7570285735625002,1.7095943338945379,6.838036303719768,48.476703944115904,1.469530316352353,0.4847670394411597,4.684392069292229,6.883856159505462,0.007977386830402541,0.032515023676686995,0.1709594333894538,1.5573617793407855,0.17095943338945413,0.8,self,,0.0,1.1820213794708252,ok
C1,0.5,0.6,0.02,0.1,20,200,5,1.0,predictive,P1+P2 (protect),0.04308869380063769,10,10.0,True,True,False,0.023069778183345404,0.036821704034931395,74.84897012298885,9.631782959650675,1.1024608778846543,2.295494987184742,6.970261175279928,48.158914798253484,1.5542079890409677,0.4815891479825337,4.733119906971423,7.356252772503827,0.00810187560883733,0.03456996793362765,0.22954949871847422,1.9240425855024164,0.22954949871847397,0.8,self,,0.0,1.1908175945281982,ok
C1,0.5,0.6,0.02,0.1,20,200,5,1.0,predictive,P1+P2 (protect),0.04308869380063769,10,30.0,True,True,False,0.025069496656172207,0.040007715329740096,77.59595297295252,9.599922846702604,0.8211928488454008,2.7870693636076322,6.791814940844363,47.999614233512915,1.616595345859586,0.4799961423351302,4.842512583617779,7.828383304942982,0.007674042586031096,0.03224243503748199,0.2787069363607632,2.1793424525836174,0.2787069363607622,0.8,self,,0.0,1.150996208190918,ok
C1,0.5,0.6,0.02,0.1,20,200,5,1.0,predictive,P1+P2 (protect),0.04308869380063769,10,100.0,True,True,False,0.02611078480290873,0.04166553314420382,79.55681823332166,9.583344668557956,0.6906219878687068,3.1496677163579796,6.576365627215357,47.91672334278975,1.6603142427787259,0.4791672334278978,4.943154029480019,8.207189039394725,0.00724307904664816,0.029331631726446795,0.314966771635798,2.3657732486628196,0.3149667716357993,0.8,self,,0.0,1.3283107280731201,ok
C1,0.5,0.6,0.02,0.1,20,200,5,1.0,predictive,P1+P2 (protect),0.04308869380063769,10,300.0,True,True,False,0.026487836574337863,0.04226568220360388,80.44377834000633,9.577343177963963,0.6464627284591855,3.315641169181779,6.460552924395072,47.88671588981992,1.6798767016116805,0.47886715889819814,4.993338488827506,8.388192990642203,0.007030594141958677,0.02768914059586953,0.33156411691817794,2.475773394930684,0.33156411691817805,0.8,self,,0.0,1.1648578643798828,ok
C1,0.5,0.6,0.02,0.1,20,200,5,1.0,predictive,P1+P2 (protect),0.04308869380063769,10,1000.0,True,True,False,0.026630476461657886,0.04249280059663131,80.82000339471088,9.575071994033697,0.6297858991199674,3.3862353097219646,6.40890679712437,47.8753599701685,1.6881335919995262,0.47875359970168485,5.015264461476728,8.466436410180279,0.006940672541769982,0.026910001788303776,0.3386235309721965,2.5396111967311445,0.3386235309721961,0.8,self,,0.0,1.2047722339630127,ok
C1,0.5,0.6,0.02,0.1,20,200,5,1.0,predictive,P1+P2 (protect),0.04308869380063769,15,3.0,True,True,False,0.017846248813986776,0.028491506352567652,70.8078096994642,9.71508493647433,1.7649735130157123,1.7088390280548627,6.811102522455095,48.575424682371704,1.4576879185816105,0.4857542468237165,4.693323777037874,6.8414013677799215,0.009309840320243276,0.07696719892734978,0.17088390280548627,1.5383877166339737,0.17088390280548588,0.8,self,,0.0,2.271261215209961,ok
C1,0.5,0.6,0.02,0.1,20,200,5,1.0,predictive,P1+P2 (protect),0.04308869380063769,15,10.0,True,True,False,0.021936408836814695,0.03501464343784596,74.52453115570329,9.64985356562154,1.1072307928310992,2.2959525666532272,6.946963074894135,48.24926782810768,1.544573306712209,0.48249267828107695,4.741162169705848,7.323072530121392,0.009479941002763956,0.07998687127762046,0.22959525666532274,1.9079648168849532,0.2295952566653214,0.8,self,,0.0,2.3183040618896484,ok
C1,0.5,0.6,0.02,0.1,20,200,5,1.0,predictive,P1+P2 (protect),0.04308869380063769,15,30.0,True,True,False,0.024062544866257602,0.03840291584573344,77.33103653626262,9.615970841542664,0.8247799371086711,2.7876445079041745,6.771604713444491,48.07985420771321,1.6083875005564552,0.4807985420771332,4.849571755537493,7.799990594658129,0.009431299273890028,0.0768419025929375,0.27876445079041745,2.1647041804254674,0.27876445079041845,0.8,self,,0.0,2.1996562480926514,ok
C1,0.5,0.6,0.02,0.1,20,200,5,1.0,predictive,P1+P2 (protect),0.04308869380063769,15,100.0,True,True,False,0.025202802574653013,0.04021891775633756,79.32678746331588,9.597810822436635,0.6936766611601628,3.150123985176481,6.55838853122672,47.98905411218303,1.6530183586839464,0.47989054112183177,4.949453659604178,8.18153776478115,0.009338384993392514,0.07291234108382655,0.3150123985176481,2.351818921711102,0.3150123985176492,0.8,self,,0.0,2.5135951042175293,ok
C1,0.5,0.6,0.02,0.1,20,200,5,1.0,predictive,P1+P2 (protect),0.04308869380063769,15,300.0,True,True,False,0.02562628723293719,0.04089323068520939,80.22832478453455,9.59106769314789,0.6493271513362144,3.316006122472759,6.443599033043137,47.955338465739494,1.6729800550120544,0.4795533846573945,4.999282026612685,8.363699119903265,0.009292167844077827,0.07076965002557968,0.3316006122472759,2.462033418187157,0.3316006122472769,0.8,self,,0.0,2.271059036254883,ok
C1,0.5,0.6,0.02,0.1,20,200,5,1.0,predictive,P1+P2 (protect),0.04308869380063769,15,1000.0,True,True,False,0.02578917214925822,0.0411526713794121,80.61079736151932,9.588473286205883,0.6325742726107357,3.3865540559147336,6.392398385268648,47.94236643102926,1.6814104801749294,0.47942366431029415,5.021051945100219,8.442449361994223,0.009276806263440877,0.06979837804093085,0.3386554055914734,2.525940829567771,0.3386554055914738,0.8,self,,0.0,2.3424463272094727,ok
C1,0.5,0.6,0.02,0.1,20,200,5,1.0,predictive,P1+P2 (protect),0.04308869380063769,20,3.0,True,True,False,0.01536449865422738,0.02453079701334264,67.21551238387882,9.75469202986658,2.4900583467501733,1.5473356020781472,6.207914021305099,48.77346014933287,1.3781165449012787,0.48773460149332903,4.811063631385256,6.630206388984848,0.009813741171234581,0.12415828042610168,0.15473356020781473,0.6519058096331295,0.15473356020781504,0.8,self,,0.0,7.31634521484375,ok
C1,0.5,0.6,0.02,0.1,20,200,5,1.0,predictive,P1+P2 (protect),0.04308869380063769,20,10.0,True,True,False,0.019670956014274026,0.03140076297623062,71.36726925252817,9.685992370237715,1.7404237079485916,2.1485262172460216,6.4250577045676724,48.42996185118853,1.4736181183008041,0.48429961851188574,4.842161001950842,7.135496184204336,0.009846358414611166,0.12850115409135474,0.21485262172460218,1.0700261773036706,0.2148526217246024,0.8,self,,0.0,7.284359693527222,ok
C1,0.5,0.6,0.02,0.1,20,200,5,1.0,predictive,P1+P2 (protect),0.04308869380063769,20,30.0,True,True,False,0.021980713438018936,0.035083070809077445,74.36561956911095,9.649169291909242,1.4273941245028228,2.645923663554056,6.277512920033879,48.24584645954606,1.541389052661066,0.4824584645954621,4.944712035153433,7.621724999546922,0.009843539704562929,0.12555025840067716,0.2645923663554056,1.3455038590018074,0.26459236635540495,0.8,self,,0.0,7.2645533084869385,ok
C1,0.5,0.6,0.02,0.1,20,200,5,1.0,predictive,P1+P2 (protect),0.04308869380063769,20,100.0,True,True,False,0.02324756943224422,0.037101665859036924,76.45451930915551,9.628983341409635,1.284132858788626,3.0103364808782986,6.07654731892344,48.144916707048075,1.5880081333272535,0.48144916707048174,5.041816430132226,8.006445497792953,0.009829450596846253,0.12153094637846901,0.3010336480878299,1.5405832054685598,0.3010336480878285,0.8,self,,0.0,7.310866832733154,ok
C1,0.5,0.6,0.02,0.1,20,200,5,1.0,predictive,P1+P2 (protect),0.04308869380063769,20,300.0,True,True,False,0.023726727461943656,0.037865017986427,77.39068820628052,9.621349820135714,1.2359243921220335,3.1767248703620297,5.966000917380223,48.106749100678584,1.6087282897523594,0.4810674910067857,5.090629833903367,8.1894402264577,0.009821802059341465,0.11932001834760284,0.317672487036203,1.653703371347611,0.31767248703620365,0.8,self,,0.0,7.246868371963501,ok
C1,0.5,0.6,0.02,0.1,20,200,5,1.0,predictive,P1+P2 (protect),0.04308869380063769,20,1000.0,True,True,False,0.02391288659873,0.03816166429989523,77.78740065187937,9.618383357001047,1.2177190522513222,3.2474613213645336,5.916436269383097,48.09191678500501,1.6174734935109378,0.48091916785005234,5.112003087731162,8.268529493151224,0.009819740463797497,0.11832872538766008,0.32474613213645337,1.718981079652298,0.3247461321364545,0.8,self,,0.0,7.231866359710693,ok
C1,0.5,0.6,0.02,0.1,20,200,5,1.0,predictive,NoCancel,0.11246826503806984,0,1.0,False,False,True,0.016277305737244053,0.02598925850184882,69.6657813390301,9.740107414981559,2.2070573209215802,2.482239077236226,5.5705961868606355,48.70053707490776,1.4304930812544239,0.4870053707490779,5.0932434810561,7.285849560794948,0.0,0.0,0.24822390772362263,0.0,0.24822390772362202,0.8,self,,0.0,12.032209157943726,ok
C1,0.5,0.6,0.02,0.1,20,200,5,1.0,predictive,P2 only,0.11246826503806984,0,3.0,False,False,False,0.023368306511586574,0.03729951763043924,76.36345826929482,9.627004823695616,0.981883535858553,2.344448101676124,7.046663538769708,48.13502411847809,1.5864427133418717,0.4813502411847808,4.7225280139685255,7.492020156313228,0.0,0.0,0.2344448101676124,2.0815482932916503,0.23444481016761243,0.8,self,,0.0,0.9600198268890381,ok
C1,0.5,0.6,0.02,0.1,20,200,5,1.0,predictive,P2 only,0.11246826503806984,0,10.0,False,False,False,0.02568022832720786,0.040982979227887024,79.42516896502994,9.590170207721116,0.6398091538782137,2.89545723068385,6.8745634077168205,47.95085103860558,1.6563870555933233,0.4795085103860558,4.838679471696577,8.01472604308335,0.0,0.0,0.28954572306838505,2.3756324851833535,0.2895457230683857,0.8,self,,0.0,0.890770435333252,ok
C1,0.5,0.6,0.02,0.1,20,200,5,1.0,predictive,P2 only,0.11246826503806984,0,30.0,False,False,False,0.026689148759459536,0.042589096239865794,81.34917196041192,9.574109037601337,0.5052758712747617,3.25460425788341,6.666010833240492,47.870545188006766,1.6993575410708444,0.47870545188006686,4.937323798085486,8.390278428985113,0.0,0.0,0.325460425788341,2.5556266645758434,0.3254604257883411,0.8,self,,0.0,0.9495384693145752,ok
C1,0.5,0.6,0.02,0.1,20,200,5,1.0,predictive,P2 only,0.11246826503806984,0,100.0,False,False,False,0.0271377263400511,0.04330293683377535,82.44924385292795,9.56697063166225,0.4487303891101093,3.462464634918109,6.521834344309532,47.83485315831119,1.7236228065770196,0.47834853158311247,5.0000352625474545,8.61817481221611,0.0,0.0,0.34624646349181093,2.685210270136516,0.3462464634918119,0.8,self,,0.0,0.9020967483520508,ok
C1,0.5,0.6,0.02,0.1,20,200,5,1.0,predictive,P2 only,0.11246826503806984,0,300.0,False,False,False,0.02727762935977209,0.043525641867593896,82.84932649139367,9.564743581324057,0.431012720583169,3.5383562769267574,6.465887421166016,47.8237179066203,1.7323899127450466,0.4782371790662029,5.023734782316057,8.70306746119077,0.0,0.0,0.35383562769267574,2.7506861055219995,0.353835627692677,0.8,self,,0.0,1.0173580646514893,ok
C1,0.5,0.6,0.02,0.1,20,200,5,1.0,predictive,P2 only,0.11246826503806984,0,1000.0,False,False,False,0.027326576664061412,0.04360359686789298,82.99723393068751,9.56396403132108,0.42459288975102744,3.5664068470841683,6.445036231843725,47.81982015660542,1.735624133651682,0.47819820156605397,5.032539903675959,8.734597710385104,0.0,0.0,0.35664068470841687,2.780584513744106,0.3566406847084154,0.8,self,,0.0,0.9744832515716553,ok
C1,0.5,0.6,0.02,0.1,20,200,5,1.0,predictive,P1 only,0.11246826503806984,5,1.0,False,False,False,0.019562385158849175,0.03123054975121065,73.16040283330429,9.687694502487917,1.6236643168294043,1.8261070871802603,6.862534093502419,48.43847251243958,1.510377991678326,0.48438472512439584,4.695238307588353,7.091584605466439,0.0011768721725441938,0.0013485923645812866,0.18261070871802604,1.745007616087001,0.18261070871802643,0.8,self,,0.0,1.0242245197296143,ok
C1,0.5,0.6,0.02,0.1,20,200,5,1.0,predictive,P1 only,0.11246826503806984,10,1.0,False,False,False,0.019327301946787154,0.030855712717957694,73.10712192001725,9.691442872820451,1.6243721062955456,1.8269031257129513,6.857281895171052,48.45721436410208,1.508694275545815,0.4845721436410225,4.697106583243588,7.0864978137681645,0.007904701455056657,0.03184082244128116,0.18269031257129514,1.752202795466412,0.18269031257129525,0.8,self,,0.0,1.5521883964538574,ok
C1,0.5,0.6,0.02,0.1,20,200,5,1.0,predictive,P1 only,0.11246826503806984,15,1.0,False,False,False,0.01861797348687366,0.029724409031161875,72.92699652979884,9.702755909688378,1.6268442808511996,1.8296835375444056,6.840716271916018,48.51377954844182,1.5032223258750643,0.4851377954844189,4.702963130999242,7.069599176285355,0.009301575817746325,0.07610463378423249,0.18296835375444057,1.7647724041527575,0.18296835375444057,0.8,self,,0.0,7.186924457550049,ok
C1,0.5,0.6,0.02,0.1,20,200,5,1.0,predictive,P1 only,0.11246826503806984,20,1.0,False,False,False,0.01743601169242681,0.027838973133208506,72.59565902100121,9.721610268667925,1.6318460526583771,1.8353089435171153,6.811234735156583,48.60805134333965,1.4934904200998869,0.48608051343339626,4.7132953727244296,7.039261486265061,0.009880172126732385,0.12466585754200743,0.18353089435171155,1.7848721011046385,0.18353089435171055,0.8,self,,0.0,35.73364019393921,ok
C1,0.5,0.6,0.02,0.1,20,200,5,1.0,predictive,P1 only (protect),0.11246826503806984,5,1.0,True,True,False,0.01954190430281709,0.031197923769863693,73.15651292732944,9.688020762301369,1.6237157398097704,1.8256882735758964,6.862575224312965,48.440103811506745,1.5102468238301219,0.4844010381150684,4.695215109621341,7.090933706504827,0.001176871253973529,0.0013485908145960473,0.18256882735758964,1.7443703263137864,0.18256882735758923,0.8,self,,0.0,0.960923433303833,ok
C1,0.5,0.6,0.02,0.1,20,200,5,1.0,predictive,P1 only (protect),0.11246826503806984,10,1.0,True,True,False,0.019069828527224865,0.03044497860424364,73.0373990670909,9.69555021395755,1.6253061955817234,1.8247070086619337,6.854436581798794,48.47775106978785,1.5066169006468009,0.48477751069787745,4.6980358846093635,7.078140263597611,0.00790495264000599,0.03184121260634769,0.18247070086619338,1.733272407722455,0.1824707008661932,0.8,self,,0.0,1.1482787132263184,ok
C1,0.5,0.6,0.02,0.1,20,200,5,1.0,predictive,P1 only (protect),0.11246826503806984,15,1.0,True,True,False,0.01761185056113767,0.028118434530214512,72.21984450034662,9.718815654697865,1.6448447368313952,1.7989930157217335,6.837346592749007,48.5940782734893,1.486186117038595,0.4859407827348933,4.701522938396682,6.98733811998365,0.009300218097298545,0.07609537919278876,0.17989930157217338,1.7241925696556863,0.17989930157217365,0.8,self,,0.0,2.3453221321105957,ok
C1,0.5,0.6,0.02,0.1,20,200,5,1.0,predictive,P1 only (protect),0.11246826503806984,20,1.0,True,True,False,0.01472791133480975,0.02351494530396048,66.68738302398124,9.764850546960414,2.6189762834062567,1.4805283729086214,6.1356447967247085,48.824252734801966,1.365865922950346,0.4882425273480207,4.81884718811341,6.5818991621492025,0.009805924812307052,0.12271289593449432,0.14805283729086213,0.6001183536124475,0.14805283729086102,0.8,self,,0.0,7.7874956130981445,ok
C1,0.5,0.6,0.02,0.1,20,200,5,1.0,predictive,P1+P2,0.11246826503806984,5,3.0,False,False,False,0.02336006727910296,0.03728640121309188,76.36197760629665,9.62713598786908,0.981897645843454,2.34447178680373,7.046494579483736,48.13567993934535,1.586390338778191,0.481356799393454,4.722589417252015,7.491870225544725,0.0019982330627419135,0.002600305267728374,0.23444717868037301,2.082023025123999,0.2344471786803726,0.8,self,,0.0,1.0933971405029297,ok
C1,0.5,0.6,0.02,0.1,20,200,5,1.0,predictive,P1+P2,0.11246826503806984,5,10.0,False,False,False,0.02567058278087699,0.04096763605671697,79.4235253412252,9.590323639432828,0.6398218836475021,2.8954855465552205,6.874368930364449,47.95161819716417,1.656326279014339,0.4795161819716414,4.838750676836059,8.014549903641985,0.002087868595874576,0.0031081678313833235,0.28954855465552204,2.3760203725211717,0.2895485546555217,0.8,self,,0.0,1.0228500366210938,ok
C1,0.5,0.6,0.02,0.1,20,200,5,1.0,predictive,P1+P2,0.11246826503806984,5,30.0,False,False,False,0.026680574236568944,0.042575466962376116,81.34776868192091,9.57424533037624,0.505285660838405,3.2546293269882867,6.665839681797069,47.87122665188129,1.6993040365036067,0.478712266518812,4.937386675333128,8.390121107172707,0.0018447912960746025,0.002928860384376389,0.3254629326988287,2.555879031208622,0.32546293269882914,0.8,self,,0.0,0.9620413780212402,ok
C1,0.5,0.6,0.02,0.1,20,200,5,1.0,predictive,P1+P2,0.11246826503806984,5,100.0,False,False,False,0.027130595978188447,0.04329160968869367,82.44810909826491,9.567083903113057,0.44873786672693916,3.462485241850885,6.521692988309119,47.83541951556539,1.7235786773321122,0.4783541951556528,5.000087285002739,8.618043829230134,0.0016195775658099983,0.0026180589815616158,0.34624852418508856,2.68536947174399,0.3462485241850883,0.8,self,,0.0,1.0383381843566895,ok
C1,0.5,0.6,0.02,0.1,20,200,5,1.0,predictive,P1+P2,0.11246826503806984,5,300.0,False,False,False,0.027271216078058342,0.0435154564674492,82.84831821920872,9.564845435325541,0.43101921819794425,3.538374670526052,6.465760675950463,47.824227176627566,1.7323503820193036,0.47824227176627704,5.02378145879292,8.702949729321409,0.0015170849955276273,0.0024544092079780994,0.3538374670526052,2.7508077315522184,0.3538374670526039,0.8,self,,0.0,0.9546866416931152,ok
C1,0.5,0.6,0.02,0.1,20,200,5,1.0,predictive,P1+P2,0.11246826503806984,5,1000.0,False,False,False,0.02732046080124817,0.043593884815930226,82.99627724964787,9.5640611518407,0.42459899948333324,3.5664243229417867,6.44491552573418,47.820305759203414,1.7355865030970563,0.478203057592035,5.032584367904166,8.734485504631701,0.0014754837030881162,0.0023855836158266632,0.3566424322941787,2.7806913562765323,0.3566424322941785,0.8,self,,0.0,1.0954875946044922,ok
C1,0.5,0.6,0.02,0.1,20,200,5,1.0,predictive,P1+P2,0.11246826503806984,10,3.0,False,False,False,0.023114966561270746,0.03689579888989875,76.31133545582465,9.631042011101007,0.9823771204661877,2.3453021346507237,7.041278733782081,48.15521005550504,1.584695308521468,0.4815521005550504,4.724478361771462,7.486858695110426,0.008156511795143413,0.034715953247972234,0.23453021346507238,2.0871814808660263,0.2345302134650724,0.8,self,,0.0,1.7161667346954346,ok
C1,0.5,0.6,0.02,0.1,20,200,5,1.0,predictive,P1+P2,0.11246826503806984,10,10.0,False,False,False,0.025455843309671045,0.04062563774929831,79.38245271848241,9.593743622506995,0.6401326335824066,2.896214426987454,6.869909316923144,47.96871811253503,1.6548795932434652,0.47968718112534975,4.840380667993511,8.010247190992633,0.007725567888838811,0.03257245424432601,0.2896214426987454,2.3792973673708016,0.2896214426987453,0.8,self,,0.0,1.6447644233703613,ok
C1,0.5,0.6,0.02,0.1,20,200,5,1.0,predictive,P1+P2,0.11246826503806984,10,30.0,False,False,False,0.026495470767842054,0.0422808115118859,81.31394824766755,9.577191884881154,0.505517088143331,3.2552565268497946,6.66203450012572,47.885959424405755,1.6980749519289104,0.4788595942440577,4.93878254272268,8.386422928821156,0.007304847259417423,0.029804895237989706,0.32552565268497946,2.5581675064132794,0.32552565268497885,0.8,self,,0.0,1.67525315284729,ok
C1,0.5,0.6,0.02,0.1,20,200,5,1.0,predictive,P1+P2,0.11246826503806984,10,100.0,False,False,False,0.026965434284286872,0.043028778754184115,82.41873581941847,9.569712212458173,0.44892996459928075,3.463043522000466,6.51831430094208,47.84856106229096,1.7224914185428235,0.4784856106229086,5.001328713895781,8.614745790997299,0.00703929542737474,0.027801140795735743,0.34630435220004663,2.687119731869699,0.34630435220004463,0.8,self,,0.0,1.6628081798553467,ok
C1,0.5,0.6,0.02,0.1,20,200,5,1.0,predictive,P1+P2,0.11246826503806984,10,300.0,False,False,False,0.027114135304069677,0.04326551300459626,82.82068183577813,9.567344869954033,0.4311972950836352,3.538904755184534,6.462553079777798,47.83672434977018,1.7313200885205684,0.47836724349770166,5.024960669462925,8.699815351066926,0.006942112575463495,0.026971943064930632,0.35389047551845343,2.752350420199875,0.35389047551845393,0.8,self,,0.0,1.6187009811401367,ok
C1,0.5,0.6,0.02,0.1,20,200,5,1.0,predictive,P1+P2,0.11246826503806984,10,1000.0,False,False,False,0.027166542450189023,0.04334898323792018,82.96931464901512,9.566510167620798,0.4247717797532133,3.5669432571100925,6.441774795515896,47.832550838104105,1.734578507632517,0.47832550838103993,5.033739234881288,8.731415889851634,0.006907052141178911,0.026648537636036983,0.3566943257110093,2.7821515386438955,0.3566943257110095,0.8,self,,0.0,1.6285502910614014,ok
C1,0.5,0.6,0.02,0.1,20,200,5,1.0,predictive,P1+P2,0.11246826503806984,15,3.0,False,False,False,0.022387290939600072,0.03573583621177986,76.15003579695227,9.642641637882216,0.9839305881084704,2.3480418037847275,7.025385970224586,48.21320818941108,1.5794434483137523,0.4821320818941108,4.730220093908151,7.471115136405291,0.009477828534003469,0.08017722246304188,0.23480418037847275,2.0962550280374845,0.2348041803784723,0.8,self,,0.0,7.239711761474609,ok
C1,0.5,0.6,0.02,0.1,20,200,5,1.0,predictive,P1+P2,0.11246826503806984,15,10.0,False,False,False,0.024780203292371704,0.039549209147671974,79.2457575451693,9.604507908523294,0.6411778468344215,2.8987483155104794,6.855565929131806,48.02253954261643,1.65017840164085,0.4802253954261647,4.845616303223902,7.9961313662188624,0.00943607739303209,0.07725972478466386,0.28987483155104793,2.3861445496989506,0.2898748315510464,0.8,self,,0.0,7.157859563827515,ok
C1,0.5,0.6,0.02,0.1,20,200,5,1.0,predictive,P1+P2,0.11246826503806984,15,30.0,False,False,False,0.025870143631907806,0.04128490097608024,81.19299512102552,9.587150990239197,0.5063567408339643,3.2576111479437926,6.648881120983046,47.93575495119604,1.693787762468518,0.47935754951195986,4.9436016731652925,8.373412016526263,0.009344468458797547,0.07349917638118775,0.3257611147943793,2.563898256018763,0.32576111479438113,0.8,self,,0.0,6.988258361816406,ok
C1,0.5,0.6,0.02,0.1,20,200,5,1.0,predictive,P1+P2,0.11246826503806984,15,100.0,False,False,False,0.026373007084459478,0.042085453620354006,82.30679460764182,9.579145463796483,0.4496764486588608,3.4652817306055423,6.505896356939115,47.895727318982345,1.71845797558275,0.4789572731898241,5.005885347251328,8.602403599836869,0.009283758623014558,0.07086004676765251,0.3465281730605543,2.6922531398848637,0.34652817306055417,0.8,self,,0.0,7.072416543960571,ok
C1,0.5,0.6,0.02,0.1,20,200,5,1.0,predictive,P1+P2,0.11246826503806984,15,300.0,False,False,False,0.026534422303523753,0.04234249264550311,82.71210130271398,9.576575073544973,0.4319124785940539,3.5410971776791214,6.450415270181852,47.882875367724914,1.727383760217237,0.47882875367724864,5.029416685236311,8.68773270544281,0.0092658529260529,0.06981862053288354,0.35410971776791217,2.7572615405723684,0.35410971776791045,0.8,self,,0.0,7.179780960083008,ok
C1,0.5,0.6,0.02,0.1,20,200,5,1.0,predictive,P1+P2,0.11246826503806984,15,1000.0,False,False,False,0.02659162691993704,0.04243362134354957,82.86200604622061,9.575663786564505,0.42547543702916135,3.569118016501389,6.429742759904945,47.87831893282241,1.7306791026327275,0.4787831893282252,5.038157215205248,8.719433408134021,0.009260963266182849,0.06942591024153041,0.3569118016501389,2.7869768075292565,0.35691180165013847,0.8,self,,0.0,7.067976474761963,ok
C1,0.5,0.6,0.02,0.1,20,200,5,1.0,predictive,P1+P2,0.11246826503806984,20,3.0,False,False,False,0.021143155373843633,0.033752179291065575,75.85568538622562,9.662478207089395,0.9869586378940124,2.3534033953303366,6.997159759686256,48.31239103544655,1.5701082840336074,0.4831239103544697,4.740377190083005,7.44290549559328,0.009864927049906862,0.12896510354861965,0.23534033953303368,2.1113278763882057,0.23534033953303268,0.8,self,,0.0,35.68518948554993,ok
C1,0.5,0.6,0.02,0.1,20,200,5,1.0,predictive,P1+P2,0.11246826503806984,20,10.0,False,False,False,0.023569597862687093,0.03761993568682798,78.9877727021815,9.623800643131709,0.6432457932324699,2.9038461162567715,6.82910744737905,48.119003215658665,1.6415089138105352,0.48119003215658546,4.855253160598607,7.9699413419293865,0.009841721190307023,0.1259343260187241,0.29038461162567714,2.3981607753170646,0.29038461162567764,0.8,self,,0.0,35.70963954925537,ok
C1,0.5,0.6,0.02,0.1,20,200,5,1.0,predictive,P1+P2,0.11246826503806984,20,30.0,False,False,False,0.024705601806719348,0.039429596500819036,80.9563926252885,9.605704034991772,0.508066155471039,3.2625087076979766,6.6237211018392115,48.02852017495897,1.6855899854998533,0.4802852017495886,4.952804254876892,8.34839725216155,0.009819216432876803,0.1219730059003138,0.3262508707697977,2.5744344758443867,0.32625087076979925,0.8,self,,0.0,39.758012771606445,ok
C1,0.5,0.6,0.02,0.1,20,200,5,1.0,predictive,P1+P2,0.11246826503806984,20,100.0,False,False,False,0.025240267415189695,0.04028110340614386,82.08194383490633,9.597188965938567,0.45123239207412646,3.470051989222695,6.481526652764612,47.985944829692855,1.710541370524718,0.4798594482969284,5.014813867184749,8.578046585300562,0.009804683765147013,0.11919971884266303,0.34700519892226955,2.7020410485070308,0.3470051989222716,0.8,self,,0.0,38.62577986717224,ok
C1,0.5,0.6,0.02,0.1,20,200,5,1.0,predictive,P1+P2,0.11246826503806984,20,300.0,False,False,False,0.025413819615906497,0.040557564138835975,82.49150498316247,9.594424358611613,0.43341878255735766,3.5458187669582424,6.426338091872786,47.97212179305829,1.719571740833428,0.47972121793058065,5.038242686671303,8.66361974746066,0.009800392788256458,0.11812070265931522,0.35458187669582425,2.766788462594981,0.3545818766958224,0.8,self,,0.0,38.30029797554016,ok
C1,0.5,0.6,0.02,0.1,20,200,5,1.0,predictive,P1+P2,0.11246826503806984,20,1000.0,False,False,False,0.02547549019042613,0.04065583484624109,82.6429946448967,9.593441651537587,0.42696368599099516,3.573821191109578,6.405773471361839,47.96720825768789,1.722906077854785,0.4796720825768793,5.046945367573818,8.695412848393982,0.009799219136934387,0.11771880891253945,0.35738211911095785,2.79640691519889,0.3573821191109593,0.8,self,,0.0,36.34029746055603,ok
C1,0.5,0.6,0.02,0.1,20,200,5,1.0,predictive,P1+P2 (protect),0.11246826503806984,5,3.0,True,True,False,0.023341463388687696,0.0372567730929573,76.35854170418519,9.627432269070454,0.9819317160693894,2.3441502143636987,7.046485800496457,48.137161345352126,1.5862701407829893,0.4813716134535227,4.722587594086233,7.491299687731169,0.0019982414676032205,0.0026003159685294604,0.23441502143636989,2.0808640130113356,0.23441502143636955,0.8,self,,0.0,1.0605151653289795,ok
C1,0.5,0.6,0.02,0.1,20,200,5,1.0,predictive,P1+P2 (protect),0.11246826503806984,5,10.0,True,True,False,0.02565964730739386,0.04095022668982564,79.4215678437488,9.590497733101738,0.6398378841326493,2.895342204940915,6.874322177824697,47.95248866550872,1.6562553905752795,0.4795248866550869,4.8387658485109935,8.0142320203279,0.0020878729324925027,0.0031081746581944933,0.28953422049409155,2.374838539762847,0.28953422049409083,0.8,self,,0.0,1.0123982429504395,ok
C1,0.5,0.6,0.02,0.1,20,200,5,1.0,predictive,P1+P2 (protect),0.11246826503806984,5,30.0,True,True,False,0.02667460341875911,0.04256596427653439,81.34672455532107,9.574340357234645,0.5052933711072977,3.2545766770385915,6.665789594619466,47.87170178617333,1.6992653597039296,0.47871701786173226,4.937404347547404,8.389960174638885,0.0018447919122488432,0.0029288618740659724,0.3254576677038592,2.554895536648108,0.3254576677038601,0.8,self,,0.0,0.9794666767120361,ok
C1,0.5,0.6,0.02,0.1,20,200,5,1.0,predictive,P1+P2 (protect),0.11246826503806984,5,100.0,True,True,False,0.027127051947652397,0.043285970671780125,82.44750028004398,9.567140293282192,0.44874210547503046,3.462469012920646,6.521648588322131,47.83570146641093,1.7235557910222477,0.47835701466410957,5.000103341036044,8.617957069152363,0.0016195769495679446,0.0026180584245142054,0.3462469012920646,2.6845484012378154,0.3462469012920643,0.8,self,,0.0,1.0811736583709717,ok
C1,0.5,0.6,0.02,0.1,20,200,5,1.0,predictive,P1+P2 (protect),0.11246826503806984,5,300.0,True,True,False,0.02726846382134693,0.043511077847202644,82.84784987127144,9.564889221527983,0.43102240117710156,3.53836862670029,6.465719750594626,47.82444610763995,1.7323326585906136,0.4782444610763991,5.023796367213606,8.702886517033013,0.001517084132252248,0.0024544082023011658,0.353836862670029,2.750053719365876,0.35383686267002923,0.8,self,,0.0,1.0152277946472168,ok
C1,0.5,0.6,0.02,0.1,20,200,5,1.0,predictive,P1+P2 (protect),0.11246826503806984,5,1000.0,True,True,False,0.027317992849326136,0.04358995875501829,82.99585919672249,9.564100412449806,0.42460181223618265,3.5664217010812105,6.444876074232801,47.82050206224916,1.7355706363911587,0.47820502062249026,5.032598777864128,8.734430663599012,0.0014754827742246108,0.0023855824860893357,0.35664217010812105,2.779963192594199,0.3566421701081202,0.8,self,,0.0,1.0176358222961426,ok
C1,0.5,0.6,0.02,0.1,20,200,5,1.0,predictive,P1+P2 (protect),0.11246826503806984,10,3.0,True,True,False,0.02292967386102266,0.036600329026511884,76.26660650086798,9.633996709734859,0.9828116394631072,2.3444830703826933,7.03870858041934,48.169983548674374,1.5832807255124508,0.48169983548674294,4.7253793398518,7.481602029522104,0.008156900089911137,0.034717620062352135,0.23444830703826935,2.069971245009812,0.23444830703826972,0.8,self,,0.0,1.1703917980194092,ok
C1,0.5,0.6,0.02,0.1,20,200,5,1.0,predictive,P1+P2 (protect),0.11246826503806984,10,10.0,True,True,False,0.02533542387338135,0.04043369324543117,79.35588731870375,9.595663067545676,0.6403383952612196,2.896108293294918,6.867890243898186,47.97831533772854,1.6539948674750766,0.4797831533772838,4.841108854159034,8.007169197667192,0.007725815270589921,0.03257359759160558,0.28961082932949184,2.3654218279588877,0.2896108293294919,0.8,self,,0.0,1.1190714836120605,ok
C1,0.5,0.6,0.02,0.1,20,200,5,1.0,predictive,P1+P2 (protect),0.11246826503806984,10,30.0,True,True,False,0.02640856709533299,0.04214232647128727,81.29571835603632,9.5785767352871,0.5056438673458538,3.255370976951235,6.66040842041581,47.89288367643573,1.6974488089978066,0.47892883676435505,4.939374849594186,8.384335955637372,0.00730500561438698,0.029805626911400443,0.3255370976951235,2.546473529409413,0.3255370976951237,0.8,self,,0.0,1.2122516632080078,ok
C1,0.5,0.6,0.02,0.1,20,200,5,1.0,predictive,P1+P2 (protect),0.11246826503806984,10,100.0,True,True,False,0.026895234259157578,0.04291692950537794,82.40444245776332,9.57083070494622,0.4490246236667606,3.463220464551488,6.516924206835531,47.85415352473121,1.7219914341432534,0.47854153524731097,5.001837125511486,8.613120685110491,0.007039411169231004,0.027801671345985518,0.34632204645514886,2.6766676950811643,0.3463220464551485,0.8,self,,0.0,1.1660490036010742,ok
C1,0.5,0.6,0.02,0.1,20,200,5,1.0,predictive,P1+P2 (protect),0.11246826503806984,10,300.0,True,True,False,0.027049798845459713,0.043163013066691104,82.80775417542625,9.568369869333084,0.43128155437489263,3.5390943950528135,6.461254181239209,47.84184934666548,1.7308644065030874,0.4784184934666542,5.025436357412133,8.698348918191188,0.006942214131542302,0.026972407024366336,0.35390943950528136,2.7423635224516576,0.35390943950528286,0.8,self,,0.0,1.2285864353179932,ok
C1,0.5,0.6,0.02,0.1,20,200,5,1.0,predictive,P1+P2 (protect),0.11246826503806984,10,1000.0,True,True,False,0.02710440397390915,0.04324998796778724,82.95690165286652,9.567500120322142,0.42485220581628075,3.5671364347409362,6.4405112391206405,47.83750060161078,1.734139547626642,0.4783750060161071,5.0342022113782985,8.730009145500603,0.006907148547813982,0.0266489776041824,0.3567136434740936,2.772342112154313,0.35671364347409507,0.8,self,,0.0,1.1590945720672607,ok
C1,0.5,0.6,0.02,0.1,20,200,5,1.0,predictive,P1+P2 (protect),0.11246826503806984,15,3.0,True,True,False,0.0215913129351042,0.034465628983662185,75.59193097594607,9.655343710163383,0.9971257755328373,2.3227528979480168,7.024777616355762,48.27671855081689,1.5658050763408191,0.4827671855081691,4.728464372168625,7.403853517238336,0.009479327181668972,0.08019896044520573,0.2322752897948017,2.0623068976294046,0.23227528979480144,0.8,self,,0.0,2.4277608394622803,ok
C1,0.5,0.6,0.02,0.1,20,200,5,1.0,predictive,P1+P2 (protect),0.11246826503806984,15,10.0,True,True,False,0.024150870420022518,0.03854509454782202,78.76757465921969,9.614549054521785,0.6524953157839158,2.8756541066936343,6.8573015230006655,48.072745272608856,1.6385079365147115,0.48072745272608924,4.843261697850836,7.935722730546311,0.009438486732108665,0.0772856935927116,0.2875654106693634,2.358971930281389,0.28756541066936386,0.8,self,,0.0,2.280909776687622,ok
C1,0.5,0.6,0.02,0.1,20,200,5,1.0,predictive,P1+P2 (protect),0.11246826503806984,15,30.0,True,True,False,0.025326178640593305,0.040417033777652885,80.7475197936654,9.595829662223474,0.5170716598609164,3.2351508639977378,6.651947813917871,47.97914831111731,1.682971095486397,0.4797914831111737,4.940837219853356,8.315286228516566,0.009347166908981444,0.07352423693024107,0.3235150863997738,2.5405655735964636,0.32351508639977467,0.8,self,,0.0,2.2628462314605713,ok
C1,0.5,0.6,0.02,0.1,20,200,5,1.0,predictive,P1+P2 (protect),0.11246826503806984,15,100.0,True,True,False,0.025872293010432708,0.0412865969691001,81.87633196711548,9.587134030309008,0.46015628647240886,3.443019436884173,6.509690246334411,47.93567015154504,1.7080460481363788,0.4793567015154504,5.00288283694803,8.545154258938398,0.00928659812057407,0.07088408994367153,0.3443019436884173,2.670994143468229,0.34430194368841704,0.8,self,,0.0,2.2461326122283936,ok
C1,0.5,0.6,0.02,0.1,20,200,5,1.0,predictive,P1+P2 (protect),0.11246826503806984,15,300.0,True,True,False,0.026048975922323567,0.0415679955205432,82.28683188027846,9.584320044794577,0.4423186269111284,3.5188844629861458,6.454476865308149,47.92160022397279,1.717113608387277,0.4792160022397288,5.0263246052430235,8.630770379834603,0.009268752345750557,0.06984220855843437,0.3518884462986146,2.7367644836196705,0.35188844629861704,0.8,self,,0.0,2.388582229614258,ok
C1,0.5,0.6,0.02,0.1,20,200,5,1.0,predictive,P1+P2 (protect),0.11246826503806984,15,1000.0,True,True,False,0.026111893299851467,0.041668239196519255,82.4387052799106,9.583317608034807,0.4358546125927432,3.5469214133853852,6.433906365987063,47.916588040173934,1.720462759384972,0.47916588040174035,5.035030837619135,8.662583048478643,0.00926389019325023,0.06944931822260061,0.35469214133853855,2.766770318146836,0.35469214133853855,0.8,self,,0.0,2.2456564903259277,ok
C1,0.5,0.6,0.02,0.1,20,200,5,1.0,predictive,P1+P2 (protect),0.11246826503806984,20,3.0,True,True,False,0.018961527861752252,0.03026936015668643,70.58508178442395,9.697306398433161,1.84922250255001,2.0260187241240066,6.427452374892823,48.48653199216586,1.4557667641774963,0.48486531992165804,4.824898185484296,7.023926418968347,0.009843627549885898,0.1285490474978563,0.20260187241240069,0.9931715334857769,0.20260187241240168,0.8,self,,0.0,7.271323919296265,ok
C1,0.5,0.6,0.02,0.1,20,200,5,1.0,predictive,P1+P2 (protect),0.11246826503806984,20,10.0,True,True,False,0.021759111909620155,0.03472988788337953,74.0401839306568,9.652701121166197,1.4546267925656395,2.5902371973939076,6.302434888874256,48.26350560583113,1.5340821807546314,0.48263505605830986,4.931246297893526,7.564937074510703,0.009844870383753519,0.12604869777748515,0.25902371973939076,1.3166324177302888,0.2590237197393892,0.8,self,,0.0,7.4024176597595215,ok
C1,0.5,0.6,0.02,0.1,20,200,5,1.0,predictive,P1+P2 (protect),0.11246826503806984,20,30.0,True,True,False,0.023069440803038268,0.03681788509861603,76.1318590718125,9.631821149013849,1.3029127987115263,2.953360126465512,6.111905925809113,48.15910574506923,1.5808403809409866,0.4815910574506924,5.025697948390466,7.944826259227918,0.00983214738032372,0.12223811851618113,0.2953360126465512,1.5077015340541322,0.29533601264655446,0.8,self,,0.0,7.2702460289001465,ok
C1,0.5,0.6,0.02,0.1,20,200,5,1.0,predictive,P1+P2 (protect),0.11246826503806984,20,100.0,True,True,False,0.02368810854303182,0.03780348854636333,77.31090579352848,9.621965114536376,1.2397036860087887,3.162498761321002,5.975832438133833,48.10982557268181,1.6069670773744795,0.4810982557268188,5.086365003164207,8.173621103594622,0.00982236623978222,0.11951664876267648,0.3162498761321002,1.6423815441257619,0.31624987613210215,0.8,self,,0.0,7.449071168899536,ok
C1,0.5,0.6,0.02,0.1,20,200,5,1.0,predictive,P1+P2 (protect),0.11246826503806984,20,300.0,True,True,False,0.023890482719347943,0.03812595740747006,77.73860789920684,9.618740425925266,1.2199267188539475,3.2387691911814094,5.922563664039377,48.0937021296263,1.6163989141380513,0.48093702129626326,5.109367294492592,8.258775746750299,0.009819901909483692,0.11845127328078536,0.323876919118141,1.7099245734924784,0.3238769191181421,0.8,self,,0.0,7.180710315704346,ok
C1,0.5,0.6,0.02,0.1,20,200,5,1.0,predictive,P1+P2 (protect),0.11246826503806984,20,1000.0,True,True,False,0.0239627672111321,0.03824117168059124,77.89695796972875,9.617588283194092,1.2127554567540835,3.266956785147714,5.902699474904111,48.08794141597033,1.6198854780641254,0.4808794141597046,5.117914332773393,8.290435105635867,0.009819514826357536,0.11805398949808148,0.32669567851477144,1.7407078161128997,0.3266956785147753,0.8,self,,0.0,7.3177289962768555,ok
C1,0.5,0.6,0.02,0.1,20,200,5,1.0,predictive,NoCancel,0.29355985352441416,0,1.0,False,False,True,0.021656197522549128,0.034571916546461114,75.77396175045514,9.65428083453541,1.1747855799919944,3.4486988278504325,5.722234757622164,48.271404172676945,1.5697484473291015,0.48271404172677046,5.191475822883063,8.149311112317257,0.0,0.0,0.34486988278504327,0.0,0.3448698827850415,0.8,self,,0.0,14.550126552581787,ok
C1,0.5,0.6,0.02,0.1,20,200,5,1.0,predictive,P2 only,0.29355985352441416,0,3.0,False,False,False,0.026411819709233075,0.04215370023222533,81.7858063748267,9.578462997677759,0.5084586708491334,3.0088196478691613,6.9042586836039455,47.892314988388776,1.7077020894616437,0.47892314988388796,4.8472687037122455,8.277690893511435,0.0,0.0,0.30088196478691615,2.4488136845920376,0.3008819647869166,0.8,self,,0.0,1.1201610565185547,ok
C1,0.5,0.6,0.02,0.1,20,200,5,1.0,predictive,P2 only,0.29355985352441416,0,10.0,False,False,False,0.027635987554425874,0.04410257011257832,84.03796675311771,9.558974298874222,0.340590235678553,3.4308636889527073,6.669571776494518,47.79487149437109,1.758305109430309,0.4779487149437111,4.960752356749422,8.722516215490957,0.0,0.0,0.3430863688952708,2.6600470177132203,0.3430863688952719,0.8,self,,0.0,1.0450477600097656,ok
C1,0.5,0.6,0.02,0.1,20,200,5,1.0,predictive,P2 only,0.29355985352441416,0,30.0,False,False,False,0.028102044494582257,0.044844179886596655,85.16381168000392,9.551558201134052,0.2811698472325454,3.644401124074378,6.522870827559025,47.75779100567023,1.7832443646711489,0.4775779100567026,5.02484533058936,8.960527119117613,0.0,0.0,0.36444011240743784,2.787255182678311,0.3644401124074371,0.8,self,,0.0,0.9471800327301025,ok
C1,0.5,0.6,0.02,0.1,20,200,5,1.0,predictive,P2 only,0.29355985352441416,0,100.0,False,False,False,0.028284044015530467,0.0451338536317777,85.68173772308994,9.548661463682222,0.25813181177148675,3.7430106013105426,6.450196123235748,47.74330731841115,1.7946334792363385,0.4774330731841111,5.055634302149886,9.073010577413829,0.0,0.0,0.3743010601310543,2.867831180486119,0.3743010601310545,0.8,self,,0.0,1.0069184303283691,ok
C1,0.5,0.6,0.02,0.1,20,200,5,1.0,predictive,P2 only,0.29355985352441416,0,300.0,False,False,False,0.028336495277325173,0.04521738087932505,85.841825742482,9.547826191206767,0.2512580355895391,3.773492828612763,6.427422944590931,47.739130956033726,1.7981438711471243,0.4773913095603383,5.065230322804319,9.108012860899155,0.0,0.0,0.37734928286127634,2.899591588706231,0.3773492828612764,0.8,self,,0.0,0.9857120513916016,ok
C1,0.5,0.6,0.02,0.1,20,200,5,1.0,predictive,P2 only,0.29355985352441416,0,1000.0,False,False,False,0.028354671925543317,0.04524633510799152,85.89832135157513,9.547536648920081,0.24881845910980233,3.7842434644379215,6.419401427532195,47.737683244600426,1.799381861734797,0.47737683244600404,5.0686131455740036,9.120370558296417,0.0,0.0,0.3784243464437922,2.9119902461969085,0.3784243464437917,0.8,self,,0.0,1.0352439880371094,ok
C1,0.5,0.6,0.02,0.1,20,200,5,1.0,predictive,P1 only,0.29355985352441416,5,1.0,False,False,False,0.02417123503637632,0.038583686119922134,78.96844700688945,9.614163138800768,0.8514678290479768,2.4995677117607538,7.0348013203905015,48.07081569400404,1.6427523824343868,0.4807081569400384,4.7466014498133955,7.79749084014747,0.0019328856176080158,0.0024717872861733706,0.2499567711760754,2.1651567604707407,0.24995677117607457,0.8,self,,0.0,1.1706790924072266,ok
C1,0.5,0.6,0.02,0.1,20,200,5,1.0,predictive,P1 only,0.29355985352441416,10,1.0,False,False,False,0.023929106710588188,0.038197806486737186,78.92011676593769,9.618021935132647,0.8518307306453063,2.500633045158302,7.029514289063743,48.0901096756631,1.6410883089725348,0.4809010967566324,4.748534690354604,7.792764765091456,0.008172754915750586,0.03468795149036468,0.2500633045158302,2.170563449186552,0.25006330451583003,0.8,self,,0.0,1.701678991317749,ok
C1,0.5,0.6,0.02,0.1,20,200,5,1.0,predictive,P1 only,0.29355985352441416,15,1.0,False,False,False,0.023208696091802226,0.03704938522155947,78.76631476259531,9.629506147784411,0.8530082552563297,2.5040897846816335,7.013395812277625,48.147530738921986,1.635936745950741,0.48147530738922056,4.754417824975348,7.77792682548037,0.009475237265098862,0.0801420526881307,0.25040897846816335,2.1799910862828242,0.25040897846816385,0.8,self,,0.0,7.329210519790649,ok
C1,0.5,0.6,0.02,0.1,20,200,5,1.0,predictive,P1 only,0.29355985352441416,20,1.0,False,False,False,0.02197905818529623,0.035088779955577305,78.48705633134517,9.64911220044423,0.8552885035601463,2.510783678262333,6.98481561773329,48.245561002221095,1.626824410389421,0.48245561002221155,4.76482047541722,7.751526260532058,0.009853063530315656,0.12889908853293439,0.25107836782623333,2.1955487323142586,0.2510783678262315,0.8,self,,0.0,37.292046546936035,ok
C1,0.5,0.6,0.02,0.1,20,200,5,1.0,predictive,P1 only (protect),0.29355985352441416,5,1.0,True,True,False,0.024128141857218628,0.038515055819658625,78.96077515435458,9.6148494418034,0.85152895893039,2.4986842233764364,7.034937375889773,48.07424720901706,1.6424755402003317,0.48074247209017,4.746541102221503,7.7960776609543405,0.0019329121767342075,0.002471820377165402,0.24986842233764364,2.1642161022809967,0.24986842233764323,0.8,self,,0.0,1.1311054229736328,ok
C1,0.5,0.6,0.02,0.1,20,200,5,1.0,predictive,P1 only (protect),0.29355985352441416,10,1.0,True,True,False,0.023648427017298156,0.03775018108040235,78.8511829274802,9.622498189196003,0.8524054480464809,2.4976039647725354,7.027492397984981,48.11249094597984,1.6388921333550035,0.48112490945980013,4.749208448063001,7.783440365193577,0.008173380433307165,0.03469059304892528,0.24976039647725357,2.154156712402655,0.24976039647725387,0.8,self,,0.0,1.566042423248291,ok
C1,0.5,0.6,0.02,0.1,20,200,5,1.0,predictive,P1 only (protect),0.29355985352441416,15,1.0,True,True,False,0.021564472278050577,0.034424160518933995,76.99228649320519,9.655758394810654,0.8954379572674597,2.3993513777914943,7.049452270130392,48.27879197405332,1.5947434338163118,0.4827879197405327,4.734480230207007,7.5502812596557645,0.00947869153204862,0.08019672795427513,0.23993513777914943,2.186451155638065,0.23993513777914963,0.8,self,,0.0,2.5703682899475098,ok
C1,0.5,0.6,0.02,0.1,20,200,5,1.0,predictive,P1 only (protect),0.29355985352441416,20,1.0,True,True,False,0.0185220118428045,0.029568339112223535,70.12504002302265,9.70431660887779,1.9195552935189555,1.955742593420302,6.420385504182953,48.521583044388876,1.4452339685387086,0.4852158304438895,4.816977698434391,6.961659795470789,0.009841335322163837,0.1284077100836593,0.1955742593420302,0.9470974734502305,0.19557425934203002,0.8,self,,0.0,7.917979717254639,ok
C1,0.5,0.6,0.02,0.1,20,200,5,1.0,predictive,P1+P2,0.29355985352441416,5,3.0,False,False,False,0.026402335756279097,0.04213861199567374,81.78423875964234,9.578613880043289,0.5084675836660466,3.008855207596747,6.904063328693917,47.89306940021633,1.7076424581647907,0.4789306940021644,4.847340812834957,8.277524981192,0.002116724327965934,0.003079728594424341,0.30088552075967473,2.449231146328456,0.3008855207596747,0.8,self,,0.0,1.1324880123138428,ok
C1,0.5,0.6,0.02,0.1,20,200,5,1.0,predictive,P1+P2,0.29355985352441416,5,10.0,False,False,False,0.027627338699923107,0.0440888218650108,84.03660187061674,9.559111781349866,0.3405966658331614,3.4308949645870688,6.669396588229904,47.795558906749534,1.7582512641932797,0.4779555890674933,4.96081725698934,8.722363213533345,0.0018734698466937442,0.002959826517688495,0.3430894964587069,2.660315206024971,0.3430894964587063,0.8,self,,0.0,1.0613086223602295,ok
C1,0.5,0.6,0.02,0.1,20,200,5,1.0,predictive,P1+P2,0.29355985352441416,5,30.0,False,False,False,0.02809473828783913,0.044832572617736946,85.16269047035911,9.55167427382265,0.28117466023982396,3.644426761963132,6.522724303974394,47.758371369113235,1.7831992178325486,0.4775837136911325,5.0248996966889194,8.960397208822693,0.0016522071381418774,0.0026674701794062545,0.3644426761963132,2.787429331905229,0.3644426761963152,0.8,self,,0.0,1.197812557220459,ok
C1,0.5,0.6,0.02,0.1,20,200,5,1.0,predictive,P1+P2,0.29355985352441416,5,100.0,False,False,False,0.028277619587680495,0.045123650528125746,85.68076690082185,9.548763494718742,0.2581357871034222,3.7430327023636227,6.450068015814214,47.74381747359368,1.7945939691188388,0.4774381747359371,5.055681870120114,9.072896193901009,0.0015225778485335518,0.002463464359095335,0.3743032702363623,2.8679571707196896,0.3743032702363633,0.8,self,,0.0,1.1486070156097412,ok
C1,0.5,0.6,0.02,0.1,20,200,5,1.0,predictive,P1+P2,0.29355985352441416,5,300.0,False,False,False,0.028330385944346868,0.04520767926581806,85.84090751873674,9.547923207341787,0.2512617344092429,3.773513684697281,6.427301373551688,47.739616036709194,1.7981063662667438,0.4773961603670894,5.065275474810761,9.107904078152034,0.0014776360491008645,0.002389310677871091,0.3773513684697281,2.8997015606578844,0.3773513684697289,0.8,self,,0.0,1.2699880599975586,ok
C1,0.5,0.6,0.02,0.1,20,200,5,1.0,predictive,P1+P2,0.29355985352441416,5,1000.0,False,False,False,0.028348679113462914,0.04523681891112615,85.89742245608731,9.547631810888745,0.24882205790300355,3.784263862029864,6.419282269178387,47.73815905444381,1.799345097453886,0.4773815905444373,5.068657405502161,9.120263853263646,0.001461177165951049,0.00236184357796816,0.3784263862029864,2.9120943927555683,0.3784263862029854,0.8,self,,0.0,0.9581296443939209,ok
C1,0.5,0.6,0.02,0.1,20,200,5,1.0,predictive,P1+P2,0.29355985352441416,10,3.0,False,False,False,0.026183337402041557,0.041789796223591365,81.74358205590998,9.582102037764107,0.5086915193103201,3.0097789416108047,6.899427501314769,47.910510188820474,1.7061722309729062,0.4791051018882054,4.849050113083555,8.273314649539191,0.007819130949625172,0.03314342900595737,0.3009778941610805,2.4528389747227872,0.3009778941610799,0.8,self,,0.0,1.7463643550872803,ok
C1,0.5,0.6,0.02,0.1,20,200,5,1.0,predictive,P1+P2,0.29355985352441416,10,10.0,False,False,False,0.027440837650911973,0.04379193286370209,84.00378548799355,9.562080671362963,0.3407458655406503,3.4316577107433694,6.665515752353017,47.81040335681502,1.75701896637564,0.4781040335681482,4.962253935219922,8.71877428015356,0.007335770999124313,0.03006118019964026,0.343165771074337,2.6627349443139705,0.3431657710743359,0.8,self,,0.0,2.1775619983673096,ok
C1,0.5,0.6,0.02,0.1,20,200,5,1.0,predictive,P1+P2,0.29355985352441416,10,30.0,False,False,False,0.027927907005401917,0.044567078076936974,85.13412452255027,9.554329219230633,0.2812945722535636,3.6450982386385253,6.519277969877279,47.771646096153106,1.7821057359253492,0.47771646096153164,5.026177415575183,8.95717960207498,0.007062987297252994,0.028047640264611595,0.36450982386385256,2.7892969672165533,0.3645098238638525,0.8,self,,0.0,1.6087558269500732,ok
C1,0.5,0.6,0.02,0.1,20,200,5,1.0,predictive,P1+P2,0.29355985352441416,10,100.0,False,False,False,0.028120937520771466,0.044874343278339474,85.65430358660083,9.5512565672166,0.2582431264368943,3.7436580003358717,6.446842306010635,47.75628283608302,1.79357141091985,0.47756282836082997,5.056878529515024,9.069872759032558,0.006935898725060562,0.02698557871118704,0.3743658000335872,2.869558179483288,0.3743658000335857,0.8,self,,0.0,1.7410731315612793,ok
C1,0.5,0.6,0.02,0.1,20,200,5,1.0,predictive,P1+P2,0.29355985352441416,10,300.0,False,False,False,0.02817706396802622,0.044963729097819545,85.81513204701865,9.550362709021798,0.2513651543983145,3.7741236623910273,6.424148474188861,47.75181354510916,1.7971072861128647,0.4775181354510899,5.0664453483742005,9.104945850255907,0.006897568446526748,0.02663493742635136,0.37741236623910274,2.90121327939903,0.3774123662391024,0.8,self,,0.0,1.8348629474639893,ok
C1,0.5,0.6,0.02,0.1,20,200,5,1.0,predictive,P1+P2,0.29355985352441416,10,1000.0,False,False,False,0.02819657392843115,0.04499480845046608,85.8718955819024,9.55005191549536,0.24892407752225407,3.7848682705088157,6.416155736473571,47.7502595774768,1.798354529205682,0.47750259577476795,5.06981757633394,9.117329400646714,0.006884277747568172,0.026508590918394824,0.3784868270508816,2.913573248212953,0.3784868270508819,0.8,self,,0.0,1.5649383068084717,ok
C1,0.5,0.6,0.02,0.1,20,200,5,1.0,predictive,P1+P2,0.29355985352441416,15,3.0,False,False,False,0.025502356190163444,0.040704773210786034,81.61016925790399,9.592952267892143,0.5094307292522313,3.0128951614279686,6.884721841427658,47.96476133946065,1.7014609679869965,0.47964761339460715,4.854467975826327,8.259687781211339,0.009446202106208544,0.07800580591868049,0.30128951614279686,2.4601589566357354,0.3012895161427981,0.8,self,,0.0,7.095223665237427,ok
C1,0.5,0.6,0.02,0.1,20,200,5,1.0,predictive,P1+P2,0.29355985352441416,15,10.0,False,False,False,0.026815141459182033,0.042795416918294055,83.8875410830894,9.572045830817073,0.341279103128493,3.434466217883662,6.652208848170772,47.86022915408533,1.7527609576004044,0.47860229154085365,4.9671768703870525,8.70627368791019,0.00934096326377373,0.07379012802136681,0.3434466217883662,2.668729828445927,0.3434466217883678,0.8,self,,0.0,7.28036904335022,ok
C1,0.5,0.6,0.02,0.1,20,200,5,1.0,predictive,P1+P2,0.29355985352441416,15,30.0,False,False,False,0.02733482419230289,0.04362269855907714,85.0265127908636,9.563773014409225,0.28175375970324235,3.647743354433177,6.506729871454355,47.8188650720462,1.778095583463944,0.47818865072046124,5.030826191501301,8.945289832283198,0.0092755788175702,0.0711132043786579,0.3647743354433177,2.794679826939602,0.36477433544331783,0.8,self,,0.0,7.1358418464660645,ok
C1,0.5,0.6,0.02,0.1,20,200,5,1.0,predictive,P1+P2,0.29355985352441416,15,100.0,False,False,False,0.027543913945728755,0.04395561365773639,85.55076173871903,9.56044386342263,0.2586722635095832,3.746223795635422,6.434660077432365,47.80221931711316,1.7896817963866358,0.47802219317113154,5.061394265033247,9.058285180465717,0.009250029027910875,0.06976561318164609,0.3746223795635422,2.874654622820862,0.3746223795635442,0.8,self,,0.0,7.004425287246704,ok
C1,0.5,0.6,0.02,0.1,20,200,5,1.0,predictive,P1+P2,0.29355985352441416,15,300.0,False,False,False,0.02760513455175239,0.044053131798492795,85.71288198672316,9.559468682015096,0.25178517316161403,3.776663831064573,6.4120823137587175,47.797343410075314,1.793256191068049,0.47797343410075477,5.0709188159108765,9.093456561035639,0.009244227968636231,0.06933771179512288,0.3776663831064573,2.9062168899360983,0.3776663831064572,0.8,self,,0.0,7.2285215854644775,ok
C1,0.5,0.6,0.02,0.1,20,200,5,1.0,predictive,P1+P2,0.29355985352441416,15,1000.0,False,False,False,0.02762645367272088,0.04408709875567878,85.77010703860302,9.559129012443218,0.24934086262255786,3.787399217677368,6.404130907256856,47.79564506221604,1.7945171976851713,0.4779564506221609,5.074275990478036,9.105875530713792,0.009242545756670412,0.06918611649556952,0.3787399217677368,2.918543204698804,0.3787399217677385,0.8,self,,0.0,7.142602920532227,ok
C1,0.5,0.6,0.02,0.1,20,200,5,1.0,predictive,P1+P2,0.29355985352441416,20,3.0,False,False,False,0.024292400361520704,0.038776406215533535,81.36101232880063,9.612235937844664,0.5108814148541969,3.019075500570955,6.857807146730185,48.0611796892232,1.6928634056613527,0.4806117968922332,4.864369191229633,8.234712595459156,0.009833084177100588,0.12666630121477712,0.3019075500570955,2.4728781611451294,0.3019075500570971,0.8,self,,0.0,36.424880504608154,ok
C1,0.5,0.6,0.02,0.1,20,200,5,1.0,predictive,P1+P2,0.29355985352441416,20,10.0,False,False,False,0.025654274829099617,0.04094594372908845,83.66157667256478,9.590540562709066,0.34236065035513824,3.4402611069941815,6.626837679941614,47.952702813545685,1.7446686373000866,0.4795270281354533,4.976553266167342,8.682436405335473,0.00980792797195021,0.12221787321152114,0.3440261106994182,2.679713089073354,0.34402611069941963,0.8,self,,0.0,36.66121029853821,ok
C1,0.5,0.6,0.02,0.1,20,200,5,1.0,predictive,P1+P2,0.29355985352441416,20,30.0,False,False,False,0.026205260662704316,0.04182339639149691,84.81173724665408,9.581766036085027,0.2827083510782956,3.6533431367698834,6.482182476066794,47.90883018042518,1.7702735994022845,0.4790883018042513,5.03991195831304,8.92202308311344,0.009792815028416042,0.11939512181438593,0.3653343136769884,2.80490183429322,0.3653343136769861,0.8,self,,0.0,36.41128134727478,ok
C1,0.5,0.6,0.02,0.1,20,200,5,1.0,predictive,P1+P2,0.29355985352441416,20,100.0,False,False,False,0.02642965500144873,0.04218080748399984,85.34110588288397,9.578191925159963,0.259576989868672,3.751731758121632,6.410499326849732,47.89095962579971,1.781987802075889,0.47890959625799817,5.070342160430707,9.03528788223863,0.009786895470399298,0.11799229346119205,0.37517317581216325,2.8845421574283048,0.37517317581216025,0.8,self,,0.0,36.314332008361816,ok
C1,0.5,0.6,0.02,0.1,20,200,5,1.0,predictive,P1+P2,0.29355985352441416,20,300.0,False,False,False,0.026495594338484613,0.042285872539398695,85.50481959900188,9.577141274605985,0.2526749673097203,3.7821426895024626,6.388041068581832,47.88570637302987,1.7856021363226626,0.47885706373029924,5.079824025350959,9.07054463180986,0.009785560730978003,0.11755290743488356,0.3782142689502463,2.9160010269580448,0.37821426895024696,0.8,self,,0.0,36.157068490982056,ok
C1,0.5,0.6,0.02,0.1,20,200,5,1.0,predictive,P1+P2,0.29355985352441416,20,1000.0,False,False,False,0.026518562471283872,0.04232247608389935,85.56260958460022,9.576775239160966,0.2502253738466465,3.792867674842327,6.38013171215006,47.883876195805016,1.786877261872466,0.4788387619580483,5.083166184442275,9.082994073298924,0.009785174772048395,0.11739825026452902,0.37928676748423273,2.928290568127452,0.37928676748423273,0.8,self,,0.0,36.36143779754639,ok
C1,0.5,0.6,0.02,0.1,20,200,5,1.0,predictive,P1+P2 (protect),0.29355985352441416,5,3.0,True,True,False,0.02637729212536078,0.042098739444374554,81.77989888440187,9.579012605556288,0.5084946863475424,3.008398768947518,6.904093939148652,47.8950630277813,1.7074807655429087,0.4789506302778144,4.847325227889709,8.276714590952576,0.002116741772563395,0.003079754139082042,0.3008398768947518,2.448116008008226,0.3008398768947529,0.8,self,,0.0,0.9720511436462402,ok
C1,0.5,0.6,0.02,0.1,20,200,5,1.0,predictive,P1+P2 (protect),0.29355985352441416,5,10.0,True,True,False,0.02761612981900803,0.0440709812457447,84.03470438197347,9.559290187542556,0.3406066779319588,3.4307295851913744,6.669373549334111,47.79645093771273,1.7581787503738642,0.4779645093771278,4.9608244134138175,8.722016068000064,0.0018734747719862147,0.0029598348251185787,0.34307295851913744,2.659345828437745,0.34307295851913705,0.8,self,,0.0,0.976381778717041,ok
C1,0.5,0.6,0.02,0.1,20,200,5,1.0,predictive,P1+P2 (protect),0.29355985352441416,5,30.0,True,True,False,0.028088932445913668,0.04482333355762183,85.16172197515193,9.55176666442377,0.28117932507595234,3.644364093518465,6.522689916981812,47.758833322118896,1.7831616907549197,0.4775883332211885,5.024911923956355,8.960230442216572,0.0016522080768768769,0.0026674721627799837,0.3644364093518465,2.786600881367045,0.3644364093518466,0.8,self,,0.0,1.031175136566162,ok
C1,0.5,0.6,0.02,0.1,20,200,5,1.0,predictive,P1+P2 (protect),0.29355985352441416,5,100.0,True,True,False,0.028273880644433546,0.045117701456327354,85.68014980428566,9.54882298543672,0.2581386113221101,3.743006289149472,6.450032114091698,47.74411492718361,1.7945698634263043,0.477441149271836,5.055694943709849,9.072797784658441,0.0015225776258022434,0.0024634643989996075,0.37430062891494725,2.8672069853541373,0.3743006289149486,0.8,self,,0.0,1.1543052196502686,ok
C1,0.5,0.6,0.02,0.1,20,200,5,1.0,predictive,P1+P2 (protect),0.29355985352441416,5,300.0,True,True,False,0.028327242596331965,0.04520267819414159,85.84039132386151,9.54797321805859,0.2512640519295012,3.7734972869106116,6.427265443101296,47.739866090292956,1.79808613542206,0.47739866090292954,5.065288635404993,9.107825267232645,0.0014776355462074926,0.002389310242110729,0.3773497286910612,2.8989772489991776,0.377349728691062,0.8,self,,0.0,0.9786865711212158,ok
C1,0.5,0.6,0.02,0.1,20,200,5,1.0,predictive,P1+P2 (protect),0.29355985352441416,5,1000.0,True,True,False,0.02834574270306235,0.045232147216356024,85.8969412898405,9.547678527836405,0.24882420208091485,3.7842508998534243,6.419246370229256,47.7383926391821,1.7993262139986488,0.47738392639182026,5.068670580321851,9.12019184529685,0.0014611765723972433,0.00236184298768222,0.37842508998534247,2.9113793674337356,0.3784250899853425,0.8,self,,0.0,1.1229617595672607,ok
C1,0.5,0.6,0.02,0.1,20,200,5,1.0,predictive,P1+P2 (protect),0.29355985352441416,10,3.0,True,True,False,0.02601540044146949,0.041522071252998526,81.70589797570412,9.58477928747002,0.5089245844017565,3.008738618829541,6.897557509298681,47.92389643735008,1.7049093260293755,0.479238964373501,4.849718141556532,8.268329688153582,0.007819510975879093,0.033145159600923964,0.3008738618829541,2.438852803110401,0.3008738618829533,0.8,self,,0.0,1.1705083847045898,ok
C1,0.5,0.6,0.02,0.1,20,200,5,1.0,predictive,P1+P2 (protect),0.29355985352441416,10,10.0,True,True,False,0.02733718246359872,0.043626736978872364,83.98196846672782,9.563732630211254,0.34085492980798004,3.4314623586547857,6.66395008132598,47.818663151056505,1.7562592287750378,0.4781866315105627,4.962826193819375,8.716009303701773,0.0073359742250123615,0.030062107243682416,0.3431462358654786,2.6510572251564173,0.34314623586547927,0.8,self,,0.0,1.287451982498169,ok
C1,0.5,0.6,0.02,0.1,20,200,5,1.0,predictive,P1+P2 (protect),0.29355985352441416,10,30.0,True,True,False,0.027848898012579105,0.044441181287736525,85.11800478089779,9.555588187122668,0.28136801775671305,3.6451370111776127,6.5179067839430065,47.777940935613145,1.7815335511340922,0.4777794093561334,5.026681908446641,8.95520247077644,0.007063125215546485,0.028048265383816915,0.36451370111776127,2.778811492677961,0.36451370111776205,0.8,self,,0.0,1.2999906539916992,ok
C1,0.5,0.6,0.02,0.1,20,200,5,1.0,predictive,P1+P2 (protect),0.29355985352441416,10,100.0,True,True,False,0.02805207075290266,0.04476461697757528,85.6404816184492,9.552353830224229,0.2583036984967026,3.743769981713565,6.445572489565503,47.76176915112119,1.7930759923795414,0.4776176915112115,5.057346845548846,9.068207213890041,0.006936011229276899,0.026986087096575,0.3743769981713565,2.8596441124698,0.3743769981713573,0.8,self,,0.0,1.3079402446746826,ok
C1,0.5,0.6,0.02,0.1,20,200,5,1.0,predictive,P1+P2 (protect),0.29355985352441416,10,300.0,True,True,False,0.028111288296042463,0.04485893117436871,85.8020115059683,9.551410688256315,0.25142195947460433,3.7742549170943174,6.422912435174763,47.75705344128168,1.7966353726463402,0.4775705344128157,5.066901531293688,9.103374520838146,0.006897673488240511,0.026635411813141375,0.37742549170943174,2.8914831199269386,0.3774254917094319,0.8,self,,0.0,1.164095163345337,ok
C1,0.5,0.6,0.02,0.1,20,200,5,1.0,predictive,P1+P2 (protect),0.29355985352441416,10,1000.0,True,True,False,0.028131895018635375,0.04489175920441116,85.85902477086576,9.551082407955873,0.24897955766574859,3.7850060542722668,6.414931980106112,47.755412039779436,1.797890984572527,0.47755412039779366,5.070269340483237,9.115791536609304,0.006884380181069896,0.026509053474414093,0.3785006054272267,2.903909223749164,0.3785006054272262,0.8,self,,0.0,1.15081787109375,ok
C1,0.5,0.6,0.02,0.1,20,200,5,1.0,predictive,P1+P2 (protect),0.29355985352441416,15,3.0,True,True,False,0.024111230539025405,0.03848365675743699,79.9708731030645,9.615163432425632,0.5475770048166331,2.9146381687412015,6.9226213940165335,48.07581716212808,1.6634324245259398,0.4807581716212816,4.8344816073692805,8.041833461472345,0.00945335884639416,0.07808424399677169,0.29146381687412015,2.471143435940592,0.2914638168741203,0.8,self,,0.0,2.5494494438171387,ok
C1,0.5,0.6,0.02,0.1,20,200,5,1.0,predictive,P1+P2 (protect),0.29355985352441416,15,10.0,True,True,False,0.025567678650120634,0.040803586442744635,82.3115657846839,9.591964135572564,0.37777576406966545,3.338921044127994,6.6913390562297765,47.9598206778627,1.7162609163523683,0.4795982067786282,4.946975888928764,8.490301372305952,0.00934983363120071,0.07387157207254771,0.33389210441279943,2.683614288368388,0.3338921044127996,0.8,self,,0.0,2.288647174835205,ok
C1,0.5,0.6,0.02,0.1,20,200,5,1.0,predictive,P1+P2 (protect),0.29355985352441416,15,30.0,True,True,False,0.026144657910694966,0.04172228906259893,83.47347166533841,9.582777109373989,0.31774027324495724,3.553048933019495,6.546433684361559,47.913885546870056,1.7421561769120864,0.47913885546869944,5.010486268179886,8.729049601442776,0.0092851706434799,0.07119378871678878,0.35530489330194953,2.811563495753013,0.35530489330195086,0.8,self,,0.0,2.325700283050537,ok
C1,0.5,0.6,0.02,0.1,20,200,5,1.0,predictive,P1+P2 (protect),0.29355985352441416,15,100.0,True,True,False,0.026377991909194504,0.042093884964502566,84.00720709773849,9.579061150354967,0.29446875520809684,3.651845337543753,6.474624756893183,47.89530575177482,1.7539757974010948,0.47895305751774836,5.040984838870045,8.841765402443917,0.009259987397265641,0.06984532746167801,0.3651845337543753,2.892535833583244,0.36518453375437565,0.8,self,,0.0,2.333069086074829,ok
C1,0.5,0.6,0.02,0.1,20,200,5,1.0,predictive,P1+P2 (protect),0.29355985352441416,15,300.0,True,True,False,0.026446672515816925,0.04220330561313661,84.17228198576389,9.577966943868605,0.2875251282776558,3.682378256910496,6.452129670943243,47.88983471934327,1.7576231465206062,0.4788983471934302,5.050486807226825,8.876852513578823,0.009254323978096455,0.06941710127547986,0.3682378256910496,2.9244337031519776,0.36823782569105135,0.8,self,,0.0,2.4513747692108154,ok
C1,0.5,0.6,0.02,0.1,20,200,5,1.0,predictive,P1+P2 (protect),0.29355985352441416,15,1000.0,True,True,False,0.02647064447292209,0.042241505306042565,84.23056868628238,9.577584946939567,0.2850607350076478,3.693146354917449,6.444207963135336,47.887924734697926,1.7589103965754407,0.47887924734697834,5.053835835961106,8.889244394457522,0.009252696510250059,0.06926538610646661,0.3693146354917449,2.936883260122586,0.36931463549174454,0.8,self,,0.0,2.497467279434204,ok
C1,0.5,0.6,0.02,0.1,20,200,5,1.0,predictive,P1+P2 (protect),0.29355985352441416,20,3.0,True,True,False,0.021323430617858578,0.034035440008498334,73.42730521503911,9.659645599915033,1.5099373321489609,2.486333801433741,6.344083266502266,48.298227999575175,1.520289837873244,0.4829822799957516,4.907269078203932,7.4604713113030385,0.009846694212712956,0.12688166533004508,0.2486333801433741,1.2619415638130338,0.2486333801433745,0.8,self,,0.0,7.482881546020508,ok
C1,0.5,0.6,0.02,0.1,20,200,5,1.0,predictive,P1+P2 (protect),0.29355985352441416,20,10.0,True,True,False,0.022952531723809802,0.03663162752727365,75.92622617266001,9.633683724727257,1.3154950746827032,2.917166690405764,6.133654510184275,48.16841862363641,1.5762657015151156,0.4816841862363629,5.0156286419892355,7.9059633999044685,0.009833795602265896,0.12267309020368637,0.2917166690405764,1.4876124354684612,0.29171666904057747,0.8,self,,0.0,7.231971740722656,ok
C1,0.5,0.6,0.02,0.1,20,200,5,1.0,predictive,P1+P2 (protect),0.29355985352441416,20,30.0,True,True,False,0.023607349364409114,0.037674825280254017,77.1467511206873,9.623251747197465,1.247652060934992,3.133246271417915,5.995849920449628,48.116258735987145,1.6033405993593524,0.4811625873598732,5.077643458161213,8.141191905541294,0.009823617923831324,0.1199169984089927,0.31332462714179155,1.620405328597615,0.3133246271417945,0.8,self,,0.0,7.403610467910767,ok
C1,0.5,0.6,0.02,0.1,20,200,5,1.0,predictive,P1+P2 (protect),0.29355985352441416,20,100.0,True,True,False,0.02387508086158873,0.03810141142591592,77.70522392025458,9.618985885740845,1.2214389375390449,3.2328195757809257,5.926755600939185,48.094929428703935,1.615663539655361,0.48094929428704225,5.107563784464514,8.252104583023467,0.009820030942434124,0.11853511201878342,0.3232819575780926,1.7039255426289446,0.32328195757809214,0.8,self,,0.0,7.332730770111084,ok
C1,0.5,0.6,0.02,0.1,20,200,5,1.0,predictive,P1+P2 (protect),0.29355985352441416,20,300.0,True,True,False,0.023954194790751476,0.03822750672353161,77.87804392581947,9.617724932764654,1.2136143693619807,3.263593651123661,5.905067046749704,48.08862466382334,1.619469146190959,0.4808862466382327,5.116894999525959,8.286653576031092,0.009819538640211628,0.11810134093499147,0.32635936511236613,1.7368086802657348,0.3263593651123697,0.8,self,,0.0,7.285637617111206,ok
C1,0.5,0.6,0.02,0.1,20,200,5,1.0,predictive,P1+P2 (protect),0.29355985352441416,20,1000.0,True,True,False,0.023981820301492127,0.038271544942856936,77.93911587613299,9.617284550571437,1.210835778736985,3.2744483188825684,5.89743135180901,48.08642275285712,1.6208133484311251,0.48086422752857183,5.120183745911036,8.298862161792687,0.009819487772636352,0.11794862703617877,0.32744483188825685,1.7496395967777645,0.3274448318882606,0.8,self,,0.0,7.364668607711792,ok
C1,0.5,0.6,0.02,0.1,20,200,5,1.0,predictive,NoCancel,0.7662373699114586,0,1.0,False,False,True,0.026358158957684157,0.04207323361305211,82.11555379899953,9.579267663869544,0.5620464405908974,4.306609864064705,5.552076031474853,47.89633831934754,1.714443247237321,0.4789633831934772,5.347603165392738,9.168162135812503,0.0,0.0,0.43066098640647055,0.0,0.4306609864064651,0.8,self,,0.0,12.425025224685669,ok
C1,0.5,0.6,0.02,0.1,20,200,5,1.0,predictive,P2 only,0.7662373699114586,0,3.0,False,False,False,0.02919794704916076,0.04659909968980414,86.79444751775178,9.534009003101971,0.24091118391335703,3.578280166580198,6.646799646404474,47.67004501550982,1.8207334918503335,0.47670045015509854,4.984305154173748,9.075091327806383,0.0,0.0,0.35782801665801983,2.641234898183428,0.3578280166580195,0.8,self,,0.0,0.9568004608154297,ok
C1,0.5,0.6,0.02,0.1,20,200,5,1.0,predictive,P2 only,0.7662373699114586,0,10.0,False,False,False,0.02976639497614662,0.04750355527306751,88.16850568758584,9.524964447269332,0.16482568907295722,3.8402596692535638,6.469950194404147,47.624822236346745,1.8513141161983506,0.4762482223634666,5.062239660876868,9.371795743760497,0.0,0.0,0.3840259669253564,2.7912314121895925,0.38402596692535645,0.8,self,,0.0,1.0915277004241943,ok
C1,0.5,0.6,0.02,0.1,20,200,5,1.0,predictive,P2 only,0.7662373699114586,0,30.0,False,False,False,0.029954880058224075,0.047803497866869354,88.71557886690961,9.521965021331319,0.1402418252518025,3.9449221451510006,6.392871008265878,47.60982510665659,1.8633880437108727,0.47609825106656595,5.094917109728926,9.493807625966838,0.0,0.0,0.3944922145151001,2.873032074870222,0.3944922145150998,0.8,self,,0.0,1.168053150177002,ok
C1,0.5,0.6,0.02,0.1,20,200,5,1.0,predictive,P2 only,0.7662373699114586,0,100.0,False,False,False,0.030022089227799153,0.04791050907874403,88.92677557853888,9.520894909212563,0.13120508706026696,3.9853359637356562,6.362564039991514,47.60447454606289,1.8680339700523705,0.47604474546062814,5.107670976790823,9.54130289249583,0.0,0.0,0.39853359637356567,2.9138429462830353,0.3985335963735657,0.8,self,,0.0,0.9404032230377197,ok
C1,0.5,0.6,0.02,0.1,20,200,5,1.0,predictive,P2 only,0.7662373699114586,0,300.0,False,False,False,0.03004108950187046,0.04794077254603561,88.9879452911947,9.520592274539638,0.12857703871140544,3.9970344123903354,6.353796274358621,47.60296137269821,1.8693783480082413,0.4760296137269819,5.11136271876076,9.555070795267902,0.0,0.0,0.39970344123903356,2.9272259858252228,0.39970344123903356,0.8,self,,0.0,0.9622762203216553,ok
C1,0.5,0.6,0.02,0.1,20,200,5,1.0,predictive,P2 only,0.7662373699114586,0,1000.0,False,False,False,0.030047700661477772,0.04795130413323907,89.00936413897564,9.520486958667599,0.12765229148573845,4.001129472904663,6.350731276942001,47.60243479333819,1.8698489798978144,0.47602434793337994,5.112654171074223,9.559891186353441,0.0,0.0,0.4001129472904663,2.9321100874255133,0.40011294729046604,0.8,self,,0.0,0.9426450729370117,ok
C1,0.5,0.6,0.02,0.1,20,200,5,1.0,predictive,P1 only,0.7662373699114586,5,1.0,False,False,False,0.02801102432202865,0.04470959001702512,84.62823584186883,9.552904099829753,0.4136584562348993,3.1696056754706334,6.863831768464714,47.7645204991488,1.7717802870726393,0.47764520499148766,4.876725609142557,8.640486299741092,0.0021227608628597468,0.0030445441614651058,0.31696056754706337,2.4348145376663903,0.31696056754706325,0.8,self,,0.0,0.967071533203125,ok
C1,0.5,0.6,0.02,0.1,20,200,5,1.0,predictive,P1 only,0.7662373699114586,10,1.0,False,False,False,0.02779463512065516,0.044364926073501926,84.58978274214962,9.556350739264976,0.4138109192901195,3.1707739043750296,6.859064437069875,47.781753696324884,1.770336502920273,0.4778175369632488,4.878495101176589,8.636577956930646,0.007864173301353973,0.03341418900844201,0.317077390437503,2.4384930134346954,0.3170773904375037,0.8,self,,0.0,1.8192598819732666,ok
C1,0.5,0.6,0.02,0.1,20,200,5,1.0,predictive,P1 only,0.7662373699114586,15,1.0,False,False,False,0.027120910553374886,0.043291455075967704,84.46401953507326,9.56708544924032,0.41430691191858104,3.1745743852463097,6.844033253594789,47.83542724620172,1.7657210230474103,0.478354272462016,4.884071932216171,8.62390848878988,0.009443704208949183,0.0783338128048664,0.317457438524631,2.4457725880683268,0.3174574385246314,0.8,self,,0.0,7.169916152954102,ok
C1,0.5,0.6,0.02,0.1,20,200,5,1.0,predictive,P1 only,0.7662373699114586,20,1.0,False,False,False,0.025925794706113697,0.041386722089619146,84.23039674596228,9.586132779103785,0.4152728810813278,3.18197600195311,6.816618337861777,47.93066389551918,1.7573384113679384,0.47930663895518927,4.8942341181991456,8.60082561013885,0.009819163195679824,0.12693740794235944,0.318197600195311,2.4583184989765337,0.3181976001953114,0.8,self,,0.0,36.770450830459595,ok
C1,0.5,0.6,0.02,0.1,20,200,5,1.0,predictive,P1 only (protect),0.7662373699114586,5,1.0,True,True,False,0.027948956418485525,0.04461076944812513,84.61790952073316,9.553892305518746,0.41370825048117305,3.1683318332579753,6.864067610742106,47.7694615275937,1.7713808532644693,0.47769461527593726,4.876629448506818,8.638368033550645,0.0021228130487780587,0.0030446186595765997,0.3168331833257976,2.4339564164290084,0.316833183325797,0.8,self,,0.0,1.0719263553619385,ok
C1,0.5,0.6,0.02,0.1,20,200,5,1.0,predictive,P1 only (protect),0.7662373699114586,10,1.0,True,True,False,0.027485569122899633,0.043872083337906195,84.51399287750664,9.561279166620935,0.4142203080008394,3.1663432550765997,6.858157270301627,47.80639583310472,1.7678386208521253,0.47806395833104676,4.878774608951132,8.624886176136537,0.00786494472429013,0.03341769212516331,0.31663432550766,2.4261003367179512,0.31663432550765974,0.8,self,,0.0,1.1184899806976318,ok
C1,0.5,0.6,0.02,0.1,20,200,5,1.0,predictive,P1 only (protect),0.7662373699114586,15,1.0,True,True,False,0.024138114803961618,0.038527774740636477,80.90799186414992,9.61472225259363,0.4868927415047035,2.9541248831712634,6.9442601227304035,48.07361126296812,1.6830021656075305,0.4807361126296815,4.835472305875447,8.138110362523616,0.00946045746154551,0.07850334998533859,0.29541248831712635,2.5401543852527726,0.29541248831712663,0.8,self,,0.0,2.317586898803711,ok
C1,0.5,0.6,0.02,0.1,20,200,5,1.0,predictive,P1 only (protect),0.7662373699114586,20,1.0,True,True,False,0.021047533141008,0.03359563167802268,73.05605250456007,9.66404368321978,1.5461572588925268,2.4240675698734404,6.365731488014252,48.320218416098754,1.5119147822440333,0.48320218416098903,4.893682592657036,7.39883105144848,0.009847366990198187,0.12731462976028493,0.24240675698734404,1.2284118794605823,0.24240675698734385,0.8,self,,0.0,7.575215578079224,ok
C1,0.5,0.6,0.02,0.1,20,200,5,1.0,predictive,P1+P2,0.7662373699114586,5,3.0,False,False,False,0.029189256934148235,0.04658528448591357,86.79312707963118,9.534147155140872,0.24091534398279835,3.5783207442872027,6.646616756589128,47.67073577570435,1.8206794098585273,0.4767073577570436,4.984373291445358,9.07494582278334,0.0019270271412846608,0.0030120248785029937,0.3578320744287203,2.641527275441785,0.3578320744287201,0.8,self,,0.0,0.9944117069244385,ok
C1,0.5,0.6,0.02,0.1,20,200,5,1.0,predictive,P1+P2,0.7662373699114586,5,10.0,False,False,False,0.0297590831983962,0.04749193905208037,88.16743062566763,9.525080609479206,0.16482849763287055,3.8402914083777455,6.469799484510178,47.625403047396006,1.851268965386495,0.4762540304739603,5.062295902397861,9.371671297712382,0.001671205411529058,0.00269521994916904,0.38402914083777456,2.791412835572606,0.38402914083777473,0.8,self,,0.0,0.9955711364746094,ok
C1,0.5,0.6,0.02,0.1,20,200,5,1.0,predictive,P1+P2,0.7662373699114586,5,30.0,False,False,False,0.029948430899254835,0.04779325546302574,88.71464544530475,9.522067445369746,0.14024406178528706,3.944949047522478,6.392739445322489,47.6103372268487,1.863348394753152,0.4761033722684873,5.094966238407638,9.493697161658377,0.0015367642509122978,0.0024865894532530293,0.39449490475224785,2.873163672253461,0.3944949047522481,0.8,self,,0.0,1.0592138767242432,ok
C1,0.5,0.6,0.02,0.1,20,200,5,1.0,predictive,P1+P2,0.7662373699114586,5,100.0,False,False,False,0.030016034997074077,0.047900895240831125,88.92590537634453,9.52099104759172,0.1312070929395882,3.9853607426188087,6.362441116849883,47.60495523795853,1.8679968278898438,0.47604955237958596,5.10771689176541,9.541198951577158,0.0014777868839029144,0.0023897142032723927,0.39853607426188087,2.9139537081035813,0.39853607426188253,0.8,self,,0.0,1.0470776557922363,ok
C1,0.5,0.6,0.02,0.1,20,200,5,1.0,predictive,P1+P2,0.7662373699114586,5,300.0,False,False,False,0.030035156936718717,0.04793135230623256,88.98709440431868,9.520686476937659,0.12857897629124354,3.9970585454291516,6.353676001341946,47.603432384688254,1.8693419769651227,0.47603432384688293,5.1114076476130625,9.554968877063649,0.0014598738352483173,0.002359848001454668,0.3997058545429152,2.9273304774546274,0.3997058545429136,0.8,self,,0.0,1.031944990158081,ok
C1,0.5,0.6,0.02,0.1,20,200,5,1.0,predictive,P1+P2,0.7662373699114586,5,1000.0,False,False,False,0.030041811500205576,0.04794195295426465,89.00852012599427,9.52058047045735,0.12765420497311622,4.001153376388509,6.350611948181024,47.602902352286655,1.8698128838297325,0.4760290235228675,5.112698748528581,9.55978999113889,0.0014535129422466933,0.002349199037272381,0.40011533763885093,2.932212356073029,0.40011533763885143,0.8,self,,0.0,1.0598583221435547,ok
C1,0.5,0.6,0.02,0.1,20,200,5,1.0,predictive,P1+P2,0.7662373699114586,10,3.0,False,False,False,0.02900067939511919,0.04628507471686562,86.76125384163596,9.537149252831334,0.2410090694056575,3.5792693680109497,6.642572309752059,47.685746264156734,1.8194378957816701,0.4768574626415667,4.985879827013365,9.071498701081474,0.007405703224785101,0.030581228024167885,0.357926936801095,2.644080134199194,0.35792693680109494,0.8,self,,0.0,1.6651597023010254,ok
C1,0.5,0.6,0.02,0.1,20,200,5,1.0,predictive,P1+P2,0.7662373699114586,10,10.0,False,False,False,0.02959277833094131,0.04722728410513202,88.14020443033095,9.527727158948716,0.16489585275201585,3.841091081190183,6.466285907109085,47.6386357947434,1.850183217044528,0.4763863579474358,5.0636068075580445,9.368600333056316,0.007071987177569893,0.028179053737393222,0.3841091081190183,2.7933108960985615,0.38410910811901805,0.8,self,,0.0,1.8125925064086914,ok
C1,0.5,0.6,0.02,0.1,20,200,5,1.0,predictive,P1+P2,0.7662373699114586,10,30.0,False,False,False,0.02979228177428912,0.04754479915738301,88.68943264200965,9.524552008426197,0.14030237495701572,3.945685115926956,6.3894605006898315,47.62276004213086,1.862332896361907,0.47622760042130985,5.0961902861761015,9.490802816065754,0.006936219385489379,0.027064809286207313,0.3945685115926956,2.8747899785359112,0.39456851159269657,0.8,self,,0.0,1.6776957511901855,ok
C1,0.5,0.6,0.02,0.1,20,200,5,1.0,predictive,P1+P2,0.7662373699114586,10,100.0,False,False,False,0.029864121954458974,0.04765919267783933,88.90152055439171,9.523408073221622,0.13126197138659862,3.9860705722163883,6.359259383175391,47.617040366108135,1.8670106304563225,0.4761704036610811,5.108904906712943,9.53837977082353,0.006884989336819105,0.026602002021523147,0.39860705722163886,2.9154658728467653,0.3986070572216377,0.8,self,,0.0,1.714003086090088,ok
C1,0.5,0.6,0.02,0.1,20,200,5,1.0,predictive,P1+P2,0.7662373699114586,10,300.0,False,False,False,0.029884512052513787,0.04769167126924554,88.96295679252917,9.523083287307557,0.1286328505958233,3.9977605047903806,6.350523357306239,47.615416436537764,1.8683645644704119,0.47615416436537783,5.112584876453193,9.552172416012484,0.006870454814385439,0.026464312717821563,0.3997760504790381,2.9288078000922018,0.3997760504790378,0.8,self,,0.0,1.6460905075073242,ok
C1,0.5,0.6,0.02,0.1,20,200,5,1.0,predictive,P1+P2,0.7662373699114586,10,1000.0,False,False,False,0.029891615333813713,0.0477029871641694,88.98446994602367,9.522970128358326,0.12770772595927954,4.001852547020683,6.347469598661712,47.61485064179156,1.868838581799981,0.4761485064179163,5.113872159972701,9.557001594949789,0.006865407133109508,0.02641572119230697,0.40018525470206834,2.9336772456126434,0.4001852547020683,0.8,self,,0.0,1.7190253734588623,ok
C1,0.5,0.6,0.02,0.1,20,200,5,1.0,predictive,P1+P2,0.7662373699114586,15,3.0,False,False,False,0.028374438364662552,0.04528765881067282,86.64993871140881,9.547123411893267,0.2413340331222492,3.58263525942538,6.628907295559103,47.735617059466364,1.8152051664790498,0.47735617059466334,4.990968727106367,9.059632219178845,0.009344889193916442,0.07443475191547501,0.358263525942538,2.6501704369960963,0.3582635259425379,0.8,self,,0.0,7.22231650352478,ok
C1,0.5,0.6,0.02,0.1,20,200,5,1.0,predictive,P1+P2,0.7662373699114586,15,10.0,False,False,False,0.029003693065186735,0.046289280549096146,88.03832467706482,9.53710719450901,0.16514910542478578,3.8441817507519094,6.453561949314294,47.685535972545125,1.8462270137375147,0.4768553597254505,5.0683526740337665,9.357329621949908,0.009262580890720367,0.07121198984256666,0.38441817507519094,2.7986986921078167,0.3844181750751904,0.8,self,,0.0,7.188741683959961,ok
C1,0.5,0.6,0.02,0.1,20,200,5,1.0,predictive,P1+P2,0.7662373699114586,15,30.0,False,False,False,0.0292193195876685,0.046632550201898604,88.59142662481526,9.533674497981004,0.14053224423504865,3.948662607354397,6.377130650429551,47.66837248990519,1.858494888693261,0.4766837248990502,5.1007914927765,9.479794917615195,0.009233447650448619,0.06978541775804786,0.39486626073543973,2.87989296020822,0.39486626073543896,0.8,self,,0.0,7.133791208267212,ok
C1,0.5,0.6,0.02,0.1,20,200,5,1.0,predictive,P1+P2,0.7662373699114586,15,100.0,False,False,False,0.029297569985479305,0.04675717741766471,88.80505252048505,9.532428225823349,0.13148316334399412,3.9890023985127336,6.347086212319924,47.662141129116826,1.8632199564831131,0.4766214112911674,5.1134485099903255,9.527479310262814,0.009225015187064424,0.06921677673351381,0.3989002398512734,2.9204531903432844,0.398900239851273,0.8,self,,0.0,7.614143371582031,ok
C1,0.5,0.6,0.02,0.1,20,200,5,1.0,predictive,P1+P2,0.7662373699114586,15,300.0,False,False,False,0.029319830190519487,0.046792640841386235,88.86694063620143,9.53207359158612,0.1288515220288807,4.00067875900343,6.3383961273815705,47.660367957930724,1.864587799965021,0.47660367957930594,5.117111585926109,9.541303834177484,0.009223057098207752,0.06905110977698649,0.400067875900343,2.933760478035718,0.4000678759003411,0.8,self,,0.0,7.123910665512085,ok
C1,0.5,0.6,0.02,0.1,20,200,5,1.0,predictive,P1+P2,0.7662373699114586,15,1000.0,False,False,False,0.029327589287300743,0.0468050033846618,88.88861277968876,9.531949966153372,0.12792551173928574,4.00476600549678,6.335358516610563,47.6597498307668,1.8650667092320032,0.47659749830766857,5.118392931363266,9.546144261054032,0.009222430830511287,0.0689930571610028,0.40047660054967804,2.938617644196168,0.4004766005496781,0.8,self,,0.0,7.396252870559692,ok
C1,0.5,0.6,0.02,0.1,20,200,5,1.0,predictive,P1+P2,0.7662373699114586,20,3.0,False,False,False,0.02721962760537713,0.043447787729122826,86.4355654282749,9.565522122708764,0.2419861648179294,3.5894732013010957,6.603018511172211,47.827610613544,1.8072315200249152,0.4782761061354382,5.000604316870174,9.037249740620437,0.009796213339518677,0.1228221322070816,0.3589473201301096,2.6612072445756225,0.35894732013010844,0.8,self,,0.0,36.47664284706116,ok
C1,0.5,0.6,0.02,0.1,20,200,5,1.0,predictive,P1+P2,0.7662373699114586,20,10.0,False,False,False,0.02788399447021687,0.044505714582063156,87.8360353440763,9.55494285417937,0.16567304743919478,3.850677979928448,6.428706118452988,47.77471427089681,1.8385465341774712,0.47774714270896845,5.07761917263357,9.335439131718529,0.009777824904107375,0.11941722521132356,0.3850677979928448,2.8088797425154457,0.38506779799284696,0.8,self,,0.0,36.467968225479126,ok
C1,0.5,0.6,0.02,0.1,20,200,5,1.0,predictive,P1+P2,0.7662373699114586,20,30.0,False,False,False,0.028114863866681453,0.04487338770310803,88.39394165584734,9.55126612296888,0.14101544402311722,3.9550219681357537,6.35269646487225,47.756330614844586,1.8509366301348738,0.477563306148444,5.1099055884798075,9.458111430248174,0.009771277367128033,0.11792740821564836,0.3955021968135754,2.8897487837308016,0.3955021968135757,0.8,self,,0.0,36.0919086933136,ok
C1,0.5,0.6,0.02,0.1,20,200,5,1.0,predictive,P1+P2,0.7662373699114586,20,100.0,False,False,False,0.02819898778312186,0.045007410211285265,88.60943140260798,9.54992589788712,0.13195141750539283,3.995307353356207,6.322815331251281,47.749629489435556,1.8557092976441318,0.47749629489435597,5.122503454174672,9.50587728712612,0.009769412946765097,0.11734178235147624,0.3995307353356207,2.9301837696598465,0.3995307353356226,0.8,self,,0.0,36.86835432052612,ok
C1,0.5,0.6,0.02,0.1,20,200,5,1.0,predictive,P1+P2,0.7662373699114586,20,300.0,False,False,False,0.02822292436810087,0.045045554163981996,88.67186102900209,9.549544458360154,0.1293154451352245,4.006967632753786,6.314172463750835,47.7477222918006,1.8570909097422879,0.4774772229180077,5.126149428654184,9.519725505934307,0.009768985736131027,0.11717249411065864,0.4006967632753786,2.9434545050068635,0.40069676327537945,0.8,self,,0.0,36.799012660980225,ok
C1,0.5,0.6,0.02,0.1,20,200,5,1.0,predictive,P1+P2,0.7662373699114586,20,1000.0,False,False,False,0.02823126654129609,0.04505884892951668,88.69372299058729,9.549411510704807,0.12838791346793782,4.011049205856311,6.311151369970943,47.747057553524016,1.857574634649736,0.47747057553524036,5.127424792836054,9.524574236246432,0.009768850033351775,0.11711333551042763,0.4011049205856312,2.9482988234012804,0.40110492058562996,0.8,self,,0.0,36.37185215950012,ok
C1,0.5,0.6,0.02,0.1,20,200,5,1.0,predictive,P1+P2 (protect),0.7662373699114586,5,3.0,True,True,False,0.02916134600601444,0.0465408576599776,86.78857661540695,9.534591423400224,0.24093287121963405,3.577795074410289,6.646680630969852,47.672957117001104,1.8204991228550507,0.4767295711700112,4.984346639999491,9.073998686124593,0.00192704644686568,0.003012055580571431,0.35777950744102893,2.6406320847058105,0.3577795074410282,0.8,self,,0.0,1.0165750980377197,ok
C1,0.5,0.6,0.02,0.1,20,200,5,1.0,predictive,P1+P2 (protect),0.7662373699114586,5,10.0,True,True,False,0.02974742643685857,0.04747338773942635,88.16555536071667,9.525266122605743,0.1648346640262308,3.8401040237636357,6.469795189604391,47.626330613028856,1.8511935357160967,0.4762633061302871,5.062296589820307,9.371290722952994,0.0016712106541497112,0.002695228918009732,0.3840104023763636,2.7906126112048306,0.3840104023763631,0.8,self,,0.0,1.1026484966278076,ok
C1,0.5,0.6,0.02,0.1,20,200,5,1.0,predictive,P1+P2 (protect),0.7662373699114586,5,30.0,True,True,False,0.029941812395552783,0.047782723323748125,88.71358857867365,9.522172766762516,0.14024727143087584,3.9448620914292105,6.392717870377398,47.61086383381258,1.8633055868999058,0.4761086383381258,5.094973867450474,9.493493272329488,0.001536765947714111,0.00248659262541895,0.3944862091429211,2.8724246215336877,0.39448620914292076,0.8,self,,0.0,0.9434201717376709,ok
C1,0.5,0.6,0.02,0.1,20,200,5,1.0,predictive,P1+P2 (protect),0.7662373699114586,5,100.0,True,True,False,0.03001117477711722,0.04789316155343494,88.92513298663047,9.521068384465668,0.13120934899897146,3.985308051908557,6.362414214626804,47.60534192232831,1.8679654298401744,0.47605341922328337,5.10772666716996,9.541056839346256,0.001477787497263735,0.002389715583536521,0.3985308051908557,2.9132416764884255,0.3985308051908558,0.8,self,,0.0,1.0285580158233643,ok
C1,0.5,0.6,0.02,0.1,20,200,5,1.0,predictive,P1+P2 (protect),0.7662373699114586,5,300.0,True,True,False,0.03003079249804351,0.047924407687549304,88.98640214245631,9.52075592312452,0.12858097204428054,3.9970154400789957,6.353647664752204,47.60377961562263,1.8693137994709295,0.476037796156226,5.111418001458783,9.554844204991022,0.0014598741609529442,0.0023598489050792658,0.3997015440078996,2.9266265582187323,0.3997015440078985,0.8,self,,0.0,0.9373347759246826,ok
C1,0.5,0.6,0.02,0.1,20,200,5,1.0,predictive,P1+P2 (protect),0.7662373699114586,5,1000.0,True,True,False,0.030037619549724188,0.04793528286143005,89.00785573388487,9.520647171385695,0.12765611112206518,4.001113598460094,6.350583119032145,47.60323585692854,1.8697858271945598,0.4760323585692848,5.1127093010424245,9.559671389654929,0.001453513169871958,0.002349199778295526,0.40011135984600943,2.9315113022133445,0.40011135984601054,0.8,self,,0.0,1.0065996646881104,ok
C1,0.5,0.6,0.02,0.1,20,200,5,1.0,predictive,P1+P2 (protect),0.7662373699114586,10,3.0,True,True,False,0.02881705595077109,0.04599229929636033,86.71580142985493,9.5400770070364,0.2412081369857541,3.5771507081160245,6.641564147861822,47.700385035182094,1.8179266554325813,0.47700385035182,4.986228937549351,9.064598495660244,0.007406131664709235,0.030583146349642387,0.3577150708116025,2.633229043029509,0.3577150708116027,0.8,self,,0.0,1.469655990600586,ok
C1,0.5,0.6,0.02,0.1,20,200,5,1.0,predictive,P1+P2 (protect),0.7662373699114586,10,10.0,True,True,False,0.02946375266830281,0.04702156072590123,88.10710538770114,9.52978439274097,0.16503007568823386,3.839818867211545,6.465366664359252,47.64892196370492,1.8490891662735618,0.4764892196370485,5.0639322383913035,9.363662240752786,0.007072268602289908,0.02818027246646309,0.3839818867211545,2.783664185084386,0.38398188672115396,0.8,self,,0.0,1.1596274375915527,ok
C1,0.5,0.6,0.02,0.1,20,200,5,1.0,predictive,P1+P2 (protect),0.7662373699114586,10,30.0,True,True,False,0.02968079505850976,0.047367036803693814,88.66019388369168,9.526329631963058,0.14041954163690962,3.9446444027842897,6.388606423615743,47.63164815981529,1.8613715315123265,0.47631648159815293,5.096493781143095,9.48646843474937,0.006936455921421375,0.027065811676649204,0.394464440278429,2.8656749973683335,0.39446444027842836,0.8,self,,0.0,1.1536169052124023,ok
C1,0.5,0.6,0.02,0.1,20,200,5,1.0,predictive,P1+P2 (protect),0.7662373699114586,10,100.0,True,True,False,0.02975905090784281,0.047491658285849156,88.8736911594849,9.525083417141502,0.1313733305519848,3.9851077497387624,6.35843550256775,47.62541708570751,1.866097907332681,0.4762541708570751,5.109197921816203,9.5342635500497,0.006885210062476981,0.02660292759097265,0.39851077497387627,2.9065692439442055,0.3985107749738771,0.8,self,,0.0,1.151893138885498,ok
C1,0.5,0.6,0.02,0.1,20,200,5,1.0,predictive,P1+P2 (protect),0.7662373699114586,10,300.0,True,True,False,0.02978129090034677,0.04752708604447618,88.93553479324457,9.524729139555275,0.12874257103570547,3.996819492893251,6.349708796515769,47.62364569777618,1.8674659087974332,0.47623645697776373,5.112874633942799,9.548119074843333,0.006870671071869986,0.026465216491310155,0.3996819492893251,2.919976269478556,0.3996819492893256,0.8,self,,0.0,1.2467467784881592,ok
C1,0.5,0.6,0.02,0.1,20,200,5,1.0,predictive,P1+P2 (protect),0.7662373699114586,10,1000.0,True,True,False,0.029789042458569216,0.04753943545119533,88.95719088913347,9.524605645488045,0.12781687553328397,4.000919115346044,6.346658363632627,47.62302822744025,1.8679448619749173,0.47623028227440223,5.114160752896202,9.552970301686235,0.0068656218361794735,0.026416617371117862,0.40009191153460444,2.9248687275343537,0.4000919115346043,0.8,self,,0.0,1.1678738594055176,ok
C1,0.5,0.6,0.02,0.1,20,200,5,1.0,predictive,P1+P2 (protect),0.7662373699114586,15,3.0,True,True,False,0.025627058171201318,0.04089967006008571,83.19955951367585,9.591003299399132,0.3108150985190255,3.3685222491164186,6.729659352965424,47.95501649699571,1.734950075950618,0.4795501649699566,4.9426385721755866,8.575231166192488,0.009364676274755018,0.07461344173757915,0.3368522249116419,2.7468580935871874,0.33685222491164213,0.8,self,,0.0,2.3036022186279297,ok
C1,0.5,0.6,0.02,0.1,20,200,5,1.0,predictive,P1+P2 (protect),0.7662373699114586,15,10.0,True,True,False,0.0263638238218394,0.04207282362437177,84.63342693385904,9.579271763756287,0.2334618273052016,3.632652430107732,6.55461397883078,47.896358818781444,1.7670117107246994,0.47896358818781437,5.020085445107119,8.870549770342894,0.009283942606195037,0.07138968112670023,0.36326524301077323,2.897390661057314,0.36326524301077556,0.8,self,,0.0,2.6351029872894287,ok
C1,0.5,0.6,0.02,0.1,20,200,5,1.0,predictive,P1+P2 (protect),0.7662373699114586,15,30.0,True,True,False,0.02661571626687847,0.04247395010902511,85.20175403159817,9.575260498909755,0.20849204395392376,3.737954594471557,6.478292862664765,47.87630249454877,1.7796226858015884,0.4787630249454877,5.052535914020983,8.991607533419005,0.009255496975117865,0.06996147772245,0.37379545944715575,2.979607816554771,0.37379545944715764,0.8,self,,0.0,2.2838521003723145,ok
C1,0.5,0.6,0.02,0.1,20,200,5,1.0,predictive,P1+P2 (protect),0.7662373699114586,15,100.0,True,True,False,0.026707538809366677,0.04262023021342378,85.42117757181636,9.573797697865736,0.19931476731928074,3.7785969620113176,6.448290572803667,47.868988489328736,1.7844784330644254,0.4786898848932868,5.065196363950597,9.038733670706186,0.009247393594539015,0.0693920337214269,0.3778596962011318,3.020639180092799,0.37785969620113385,0.8,self,,0.0,2.303832769393921,ok
C1,0.5,0.6,0.02,0.1,20,200,5,1.0,predictive,P1+P2 (protect),0.7662373699114586,15,300.0,True,True,False,0.026733743835205177,0.042661987357462884,85.48477388756638,9.573380126425356,0.19664586895883832,3.790361132617054,6.439612871998752,47.86690063212689,1.7858848757421208,0.4786690063212678,5.068860386861451,9.052401102144222,0.009245546694730142,0.06922612024799511,0.37903611326170544,3.0340948439935946,0.37903611326170666,0.8,self,,0.0,2.3166754245758057,ok
C1,0.5,0.6,0.02,0.1,20,200,5,1.0,predictive,P1+P2 (protect),0.7662373699114586,15,1000.0,True,True,False,0.02674288860191885,0.042676560677848994,85.5070491486695,9.573234393221487,0.19570674786201533,3.7944792296024006,6.436579629314098,47.86617196610754,1.7863774276583937,0.47866171966107435,5.070142061746021,9.057187334124482,0.009244961851719734,0.06916797998777238,0.3794479229602401,3.0390054487561495,0.37944792296024266,0.8,self,,0.0,2.464433193206787,ok
C1,0.5,0.6,0.02,0.1,20,200,5,1.0,predictive,P1+P2 (protect),0.7662373699114586,20,3.0,True,True,False,0.022716557457799963,0.036255657008827276,75.52439400198072,9.637443429911732,1.3414913028596496,2.8467225798640063,6.174342687364612,48.18721714955849,1.5673117990519339,0.4818721714955866,4.996421076384985,7.830949706049951,0.009836803428988962,0.12348685374729254,0.28467225798640067,1.4497223120577616,0.28467225798640183,0.8,self,,0.0,7.320499420166016,ok
C1,0.5,0.6,0.02,0.1,20,200,5,1.0,predictive,P1+P2 (protect),0.7662373699114586,20,10.0,True,True,False,0.023553015726830166,0.03758826550628519,77.03826949354459,9.624117344937122,1.2530427042196997,3.113932605747844,6.008907345095334,48.12058672468565,1.600942023718599,0.4812058672468561,5.071923418018048,8.119855340987566,0.009824493575197848,0.12017814690190566,0.31139326057478445,1.6066976554243289,0.3113932605747848,0.8,self,,0.0,7.319364309310913,ok
C1,0.5,0.6,0.02,0.1,20,200,5,1.0,predictive,P1+P2 (protect),0.7662373699114586,20,30.0,True,True,False,0.023842341300244353,0.03804923724580257,77.63470624603274,9.619507627541987,1.2246429648111334,3.220247259127287,5.9356021485195924,48.097538137709755,1.6141097705199396,0.48097538137709933,5.103755799435727,8.238022102217013,0.009820347673061404,0.11871204297039169,0.3220247259127287,1.6917362614943645,0.32202472591273146,0.8,self,,0.0,7.365525960922241,ok
C1,0.5,0.6,0.02,0.1,20,200,5,1.0,predictive,P1+P2 (protect),0.7662373699114586,20,100.0,True,True,False,0.02394828929204051,0.03821809323247226,77.86503411800464,9.617819067675278,1.2142044937451058,3.261279671854525,5.906696766725092,48.08909533837627,1.6191827600438649,0.48089095338376386,5.116193507423386,8.2840523242683,0.00981955893418676,0.11813393533450076,0.3261279671854525,1.7341640921709378,0.32612796718545695,0.8,self,,0.0,7.269874811172485,ok
C1,0.5,0.6,0.02,0.1,20,200,5,1.0,predictive,P1+P2 (protect),0.7662373699114586,20,300.0,True,True,False,0.023978545710453495,0.03826632464195222,77.93185882614603,9.617336753580465,1.211166821891936,3.2731592099676585,5.898337214559939,48.0866837679023,1.6206536346381466,0.4808668376790233,5.119793373391782,8.297411739183689,0.009819489730125485,0.11796674429119686,0.3273159209967659,1.748077712888441,0.32731592099676937,0.8,self,,0.0,7.3077123165130615,ok
C1,0.5,0.6,0.02,0.1,20,200,5,1.0,predictive,P1+P2 (protect),0.7662373699114586,20,1000.0,True,True,False,0.023989104392216985,0.0382831573539264,77.95527552681908,9.6171684264607,1.2100976269978219,3.277318082564732,5.895415863976747,48.08584213230346,1.621168977603279,0.48085842132303497,5.121052541142566,8.302091512376768,0.009819487703995966,0.11790831727953244,0.32773180825647324,1.7531550579944852,0.3277318082564784,0.8,self,,0.0,7.393320560455322,ok
C1,0.5,0.6,0.02,0.1,20,200,5,1.0,predictive,NoCancel,2.0,0,1.0,False,False,True,0.030073300421156506,0.048000319984720756,87.30870239159977,9.5199968001528,0.24624212017621705,4.924842403524341,5.308918676146642,47.59998400076404,1.8342170533124202,0.47599984000764,5.4865199112048435,10.06346838447007,0.0,0.0,0.4924842403524341,0.0,0.492484240352433,0.8,self,,0.0,12.715591192245483,ok
C1,0.5,0.6,0.02,0.1,20,200,5,1.0,predictive,P2 only,2.0,0,3.0,False,False,False,0.03166134400739645,0.050531205141386495,90.56900574732678,9.494687948586137,0.10544464791861266,3.977144689437679,6.422722714057572,47.4734397429307,1.907782672537721,0.47473439742930684,5.088926682478857,9.708566146648032,0.0,0.0,0.39771446894376794,2.7352931476619293,0.3977144689437691,0.8,self,,0.0,1.004464864730835,ok
C1,0.5,0.6,0.02,0.1,20,200,5,1.0,predictive,P2 only,2.0,0,10.0,False,False,False,0.031887696584346384,0.050891310436549445,91.2642937669863,9.491086895634515,0.07332992271631901,4.110898950532156,6.32468423111701,47.455434478172414,1.9231579011032802,0.47455434478172576,5.130616989047473,9.86698660002137,0.0,0.0,0.4110898950532156,2.8346075425108395,0.41108989505321514,0.8,self,,0.0,1.0002312660217285,ok
C1,0.5,0.6,0.02,0.1,20,200,5,1.0,predictive,P2 only,2.0,0,30.0,False,False,False,0.03195483185105664,0.05099818124064141,91.49139250799688,9.490018187593598,0.06358004090155198,4.1545966860751165,6.291805085429733,47.45009093796797,1.928160530347657,0.4745009093796799,5.144445194468863,9.91931617451154,0.0,0.0,0.41545966860751166,2.8776585954870937,0.4154596686075115,0.8,self,,0.0,0.9518914222717285,ok
C1,0.5,0.6,0.02,0.1,20,200,5,1.0,predictive,P2 only,2.0,0,100.0,False,False,False,0.03197807830358966,0.051035202562861266,91.57237985486485,9.489647974371374,0.060097573763553735,4.170172402752073,6.280082049112999,47.448239871856984,1.9299426090867335,0.47448239871856873,5.149376556861046,9.938001227318468,0.0,0.0,0.41701724027520726,2.895288766584477,0.41701724027520704,0.8,self,,0.0,0.8978226184844971,ok
C1,0.5,0.6,0.02,0.1,20,200,5,1.0,predictive,P2 only,2.0,0,300.0,False,False,False,0.031984668887148314,0.051045700335534946,91.59554200606281,9.489542996644653,0.0590957679961252,4.17462569301145,6.2767355423477715,47.447714983223236,1.9304521205805074,0.47447714983223266,5.150785440047612,9.943344675395114,0.0,0.0,0.417462569301145,2.9006010028114426,0.4174625693011454,0.8,self,,0.0,1.1170415878295898,ok
C1,0.5,0.6,0.02,0.1,20,200,5,1.0,predictive,P2 only,2.0,0,1000.0,False,False,False,0.03198696919832481,0.05104936458355259,91.60364676178301,9.489506354164481,0.058744419230286726,4.1761837995834625,6.275565427021769,47.44753177082242,1.930630389884983,0.47447531770822404,5.1512782200514735,9.945214278383999,0.0,0.0,0.4176183799583463,2.9024902170004694,0.4176183799583474,0.8,self,,0.0,0.9850504398345947,ok
C1,0.5,0.6,0.02,0.1,20,200,5,1.0,predictive,P1 only,2.0,5,1.0,False,False,False,0.03111528093934218,0.04966254739719491,89.19168064465745,9.503374526028049,0.1856511157969667,3.713022315939343,6.597952042235642,47.516872630140234,1.8770528384496972,0.47516872630140244,5.010981548553305,9.405877139131041,0.001955878164297254,0.003034624910393405,0.37130223159393433,2.5883676760912957,0.37130223159393366,0.8,self,,0.0,1.1133897304534912,ok
C1,0.5,0.6,0.02,0.1,20,200,5,1.0,predictive,P1 only,2.0,10,1.0,False,False,False,0.030930274538477943,0.0493680307166834,89.16169152656444,9.506319692833173,0.18570891419791508,3.7141782839582906,6.593793109010622,47.53159846416591,1.875840375824589,0.4753159846416587,5.012536531850134,9.402718411740237,0.007444248668577259,0.030872112012339574,0.3714178283958291,2.5908897231924883,0.3714178283958292,0.8,self,,0.0,1.5924463272094727,ok
C1,0.5,0.6,0.02,0.1,20,200,5,1.0,predictive,P1 only,2.0,15,1.0,False,False,False,0.030312915317718434,0.0483847805729679,89.05683829613271,9.51615219427035,0.1859046556045498,3.7180931120910072,6.579850038034092,47.580760971351694,1.871698486490237,0.47580760971351754,5.017749409734263,9.3917139757869,0.009341938656428198,0.07477725571950124,0.37180931120910077,2.5967862945826523,0.371809311209101,0.8,self,,0.0,7.239819526672363,ok
C1,0.5,0.6,0.02,0.1,20,200,5,1.0,predictive,P1 only,2.0,20,1.0,False,False,False,0.029174343797406695,0.04657081174619563,88.85548977656839,9.534291882538053,0.18629463439473773,3.7258926878947483,6.553520795172461,47.671459412690304,1.8639137729631738,0.47671459412690265,5.0275900287751645,9.370994299446348,0.009784038613856917,0.12311262681688222,0.37258926878947485,2.607424426431125,0.37258926878947446,0.8,self,,0.0,36.46428990364075,ok
C1,0.5,0.6,0.02,0.1,20,200,5,1.0,predictive,P1 only (protect),2.0,5,1.0,True,True,False,0.03104541812893127,0.04955134650946785,89.18069388899991,9.504486534905313,0.18568389129162793,3.7115918380029242,6.598237735800135,47.52243267452665,1.8766020355015045,0.47522432674526566,5.0108692043147345,9.403407348448836,0.001955934464320688,0.0030347127275767672,0.37115918380029245,2.587748579961781,0.37115918380029184,0.8,self,,0.0,1.00022292137146,ok
C1,0.5,0.6,0.02,0.1,20,200,5,1.0,predictive,P1 only (protect),2.0,10,1.0,True,True,False,0.030474299226227977,0.04864064370122535,89.03006013861295,9.513593562987744,0.18623903563920624,3.7050383328081393,6.595129068564911,47.56796781493877,1.8716389248533962,0.47567967814938716,5.011954511753113,9.380569153791726,0.007445440339502323,0.030877404204408567,0.37050383328081393,2.584429667135377,0.37050383328081543,0.8,self,,0.0,1.3447704315185547,ok
C1,0.5,0.6,0.02,0.1,20,200,5,1.0,predictive,P1 only (protect),2.0,15,1.0,True,True,False,0.02566804726386428,0.04096593077607017,83.78150168328166,9.590340692239332,0.2781679726545745,3.389012992890074,6.74247834221602,47.95170346119652,1.7472059517359864,0.4795170346119666,4.942728755150154,8.635965098814951,0.00937346423768903,0.07505692082299065,0.3389012992890074,2.7868947929991825,0.33890129928900686,0.8,self,,0.0,2.442551851272583,ok
C1,0.5,0.6,0.02,0.1,20,200,5,1.0,predictive,P1 only (protect),2.0,20,1.0,True,True,False,0.022563213581026312,0.03601132338959092,75.27188032216554,9.639886766104107,1.3588008159704343,2.8026568953431914,6.198655522582268,48.19943383052052,1.5616756119343127,0.4819943383052053,4.984676724304093,7.784448073722319,0.009838527999728104,0.12397311045164507,0.28026568953431913,1.4265681608389542,0.28026568953432224,0.8,self,,0.0,7.2704315185546875,ok
C1,0.5,0.6,0.02,0.1,20,200,5,1.0,predictive,P1+P2,2.0,5,3.0,False,False,False,0.03165406797666899,0.050519645503826024,90.56797339500659,9.49480354496174,0.10544632756530542,3.9771855299223535,6.4225645975506005,47.47401772480871,1.907737700230037,0.47474017724808704,5.0889858785177235,9.708450216386536,0.0017118011786561912,0.0027530281892497372,0.39771855299223535,2.7354867445627185,0.3977185529922354,0.8,self,,0.0,1.0079703330993652,ok
C1,0.5,0.6,0.02,0.1,20,200,5,1.0,predictive,P1+P2,2.0,5,10.0,False,False,False,0.031881352052057,0.05088123461647537,91.26341013294969,9.491187653835249,0.07333111910190401,4.110931534387425,6.324549692675422,47.455938269176364,1.923118864815011,0.47455938269176245,5.130667392883922,9.86688325234632,0.0015454534097083684,0.0025006212080082336,0.41109315343874253,2.834740824893936,0.41109315343874286,0.8,self,,0.0,1.2140834331512451,ok
C1,0.5,0.6,0.02,0.1,20,200,5,1.0,predictive,P1+P2,2.0,5,30.0,False,False,False,0.031948869999478595,0.05098871449234896,91.49056793655434,9.49011285507651,0.06358107757497568,4.154626186180227,6.291679881168286,47.45056427538257,1.9281239187290298,0.47450564275382556,5.144492112859692,9.919218292517614,0.001482183693304527,0.0023971371169671826,0.41546261861802275,2.8777702032786734,0.4154626186180232,0.8,self,,0.0,1.0599932670593262,ok
C1,0.5,0.6,0.02,0.1,20,200,5,1.0,predictive,P1+P2,2.0,5,100.0,False,False,False,0.0319722637840821,0.05102597024175435,91.57157779462801,9.48974029758246,0.0600985527094237,4.170200747097087,6.27996040261103,47.44870148791226,1.9299069294437114,0.474487014879123,5.149422146287229,9.937905482750633,0.0014583516394983675,0.0023574622516314516,0.4170200747097087,2.895392288188549,0.4170200747097083,0.8,self,,0.0,1.026914358139038,ok
C1,0.5,0.6,0.02,0.1,20,200,5,1.0,predictive,P1+P2,2.0,5,300.0,False,False,False,0.031978897598989774,0.051036536795452954,91.59474652963728,9.489634632045473,0.05909673033551504,4.1746537010699525,6.27661493654906,47.44817316022729,1.9304167142606699,0.47448173160227364,5.150830640687666,9.943249561109464,0.0014514115374309772,0.00234584763972688,0.41746537010699525,2.900702173229586,0.41746537010699397,0.8,self,,0.0,0.9837625026702881,ok
C1,0.5,0.6,0.02,0.1,20,200,5,1.0,predictive,P1+P2,2.0,5,1000.0,False,False,False,0.031981213154405365,0.051040225296348225,91.60285360466399,9.489597747036544,0.05874537574807636,4.176211689357679,6.2754451878577004,47.44798873518263,1.930595079928869,0.4744798873518272,5.151323283719757,9.945119386672387,0.0014489700264220867,0.002341755276598787,0.4176211689357679,2.902590560553775,0.4176211689357687,0.8,self,,0.0,1.023118495941162,ok
C1,0.5,0.6,0.02,0.1,20,200,5,1.0,predictive,P1+P2,2.0,10,3.0,False,False,False,0.03148844341246285,0.05025607462762596,90.54189010205799,9.497439253723739,0.10548396667548172,3.9781402709741758,6.4189365086266035,47.48719626861872,1.906658998983509,0.4748719626861869,5.0903443067703105,9.705550780428084,0.007108037515223382,0.02850634116787287,0.3978140270974176,2.7374087168510903,0.39781402709741737,0.8,self,,0.0,1.8369452953338623,ok
C1,0.5,0.6,0.02,0.1,20,200,5,1.0,predictive,P1+P2,2.0,10,10.0,False,False,False,0.03172727658437374,0.05063608621088229,91.23952381862979,9.49363913789118,0.07336063742561312,4.111779882621557,6.321220342061651,47.46819568945585,1.9221190629518052,0.47468195689455894,5.131914722807948,9.864151118152186,0.006933382640226099,0.027105263561859792,0.4111779882621557,2.836345625190701,0.4111779882621549,0.8,self,,0.0,1.6327052116394043,ok
C1,0.5,0.6,0.02,0.1,20,200,5,1.0,predictive,P1+P2,2.0,10,30.0,False,False,False,0.031798951492068094,0.05075019346471985,91.46745806615172,9.492498065352821,0.06360808774876187,4.155437353775328,6.288456493123089,47.46249032676391,1.927152524792269,0.47462490326764106,5.14569998018287,9.916548708632945,0.006877523099952208,0.026606174242594826,0.41554373537753286,2.8792607033836672,0.41554373537753314,0.8,self,,0.0,1.5766425132751465,ok
C1,0.5,0.6,0.02,0.1,20,200,5,1.0,predictive,P1+P2,2.0,10,100.0,False,False,False,0.031823885977155304,0.05078990501963733,91.54875478539788,9.49210094980364,0.060124665775522286,4.170998121847756,6.276776262573081,47.46050474901805,1.9289460841077972,0.47460504749018206,5.15061539206246,9.935259391264228,0.006858036796354315,0.026422594030697483,0.4170998121847756,2.8968394297655986,0.417099812184776,0.8,self,,0.0,1.9492504596710205,ok
C1,0.5,0.6,0.02,0.1,20,200,5,1.0,predictive,P1+P2,2.0,10,300.0,False,False,False,0.0318309663906105,0.05080118337906921,91.57200662503894,9.491988166209316,0.0591225856540605,4.175447069030545,6.273442179106079,47.45994083104653,1.929458929395376,0.47459940831046576,5.152019645598011,9.940610309619483,0.006852520156790325,0.02636955604175928,0.4175447069030545,2.9021365973481457,0.4175447069030546,0.8,self,,0.0,1.5968027114868164,ok
C1,0.5,0.6,0.02,0.1,20,200,5,1.0,predictive,P1+P2,2.0,10,1000.0,False,False,False,0.031833438854745225,0.050805121961492034,91.58014289453244,9.4919487803851,0.05877114072208983,4.177003648404,6.272276430488811,47.4597439019254,1.9296383706532625,0.474597439019255,5.15251079826934,9.94248254154579,0.006850596261292286,0.026350941495980443,0.4177003648404,2.904020498876001,0.41770036484040085,0.8,self,,0.0,1.6118555068969727,ok
C1,0.5,0.6,0.02,0.1,20,200,5,1.0,predictive,P1+P2,2.0,15,3.0,False,False,False,0.03090403077330594,0.0493255205667313,90.44500861544162,9.506744794332667,0.10562052832791344,3.981689749066157,6.4059449282732635,47.53372397166338,1.9027545300124025,0.47533723971663333,5.095208343371527,9.694930756707162,0.009257944429571062,0.07157959336781393,0.39816897490661574,2.742705342930092,0.39816897490661796,0.8,self,,0.0,7.287495374679565,ok
C1,0.5,0.6,0.02,0.1,20,200,5,1.0,predictive,P1+P2,2.0,15,10.0,False,False,False,0.03116141276261369,0.049735165869650336,91.14685587076016,9.50264834130349,0.07347426676840782,4.115140563560863,6.30873682836724,47.513241706517384,1.9183463934909237,0.47513241706517445,5.136591185342651,9.853761175239343,0.009218434704347597,0.06976766450089636,0.41151405635608634,2.841328123672049,0.41151405635608546,0.8,self,,0.0,7.075883626937866,ok
C1,0.5,0.6,0.02,0.1,20,200,5,1.0,predictive,P1+P2,2.0,15,30.0,False,False,False,0.031239367726598424,0.04985929910507787,91.37621011702683,9.50140700894921,0.06371478123590202,4.158733000628795,6.276145209186094,47.50703504474599,1.9234248155238751,0.4750703504474605,5.150312730870583,9.906239314265017,0.009208707163657074,0.06915093375055299,0.4158733000628795,2.8841341107544634,0.41587330006287865,0.8,self,,0.0,7.141159534454346,ok
C1,0.5,0.6,0.02,0.1,20,200,5,1.0,predictive,P1+P2,2.0,15,100.0,False,False,False,0.03126655325447428,0.0499026033319164,91.45801986924306,9.500973966680842,0.060228889707668855,4.174269770421791,6.264527373189698,47.504869833404136,1.9252346167872723,0.4750486983340421,5.1552050550472215,9.924979228613646,0.00920594809335996,0.06892932400291744,0.4174269770421791,2.901672403621593,0.4174269770421794,0.8,self,,0.0,7.166141748428345,ok
C1,0.5,0.6,0.02,0.1,20,200,5,1.0,predictive,P1+P2,2.0,15,300.0,False,False,False,0.03127427757467528,0.04991490925605038,91.4814191009196,9.500850907439501,0.059226100530233805,4.178711757330943,6.2612112346993225,47.50425453719738,1.925752124565741,0.47504254537197504,5.156602668266805,9.930338543956168,0.009205240410291504,0.06886587045709024,0.4178711757330943,2.906957821360923,0.4178711757330924,0.8,self,,0.0,7.3587706089019775,ok
C1,0.5,0.6,0.02,0.1,20,200,5,1.0,predictive,P1+P2,2.0,15,1000.0,False,False,False,0.03127697532507723,0.04991920734446543,91.4896070152475,9.500807926555336,0.05887440708650621,4.180265890354192,6.260051776003967,47.504039632776795,1.9259331989972823,0.4750403963277668,5.157091493427474,9.932213717458447,0.009205001749543872,0.06884366258013862,0.41802658903541917,2.9088375905093042,0.41802658903541984,0.8,self,,0.0,7.134373903274536,ok
C1,0.5,0.6,0.02,0.1,20,200,5,1.0,predictive,P1+P2,2.0,20,3.0,False,False,False,0.029796089745229563,0.04756070205722925,90.25373143769255,9.524392979427683,0.1058998093476497,3.9890413262897195,6.380665884934949,47.6219648971383,1.8952122541066356,0.47621964897138414,5.104670756454746,9.674434570812824,0.009765786869349568,0.11973101863721654,0.39890413262897195,2.752637164226549,0.3989041326289705,0.8,self,,0.0,36.309553384780884,ok
C1,0.5,0.6,0.02,0.1,20,200,5,1.0,predictive,P1+P2,2.0,20,10.0,False,False,False,0.030070831495930553,0.047998150546607506,90.96072325598988,9.520018494533899,0.07371135699720384,4.12226389758191,6.284006250886987,47.60009247266944,1.9109358518203894,0.4760009247266949,5.145853731389987,9.833396383536853,0.009757094376861133,0.11783328505500039,0.41222638975819104,2.8509134827708498,0.41222638975818787,0.8,self,,0.0,36.343488454818726,ok
C1,0.5,0.6,0.02,0.1,20,200,5,1.0,predictive,P1+P2,2.0,20,30.0,False,False,False,0.03015444093538482,0.048131330279025025,91.1917582013464,9.518686697209702,0.06393924664489224,4.165778513143724,6.251595543001681,47.59343348604862,1.9160575634468158,0.4759343348604851,5.1595091565608096,9.885916543101441,0.009755000433869645,0.11719686198643045,0.41657785131437247,2.893607127485447,0.41657785131437314,0.8,self,,0.0,36.55376386642456,ok
C1,0.5,0.6,0.02,0.1,20,200,5,1.0,predictive,P1+P2,2.0,20,100.0,False,False,False,0.03018359432877886,0.048177781422990784,91.27416544221673,9.518222185770044,0.06044887076713497,4.181286666181902,6.240042277280919,47.591110928850355,1.9178826394423403,0.4759111092885022,5.164377878015509,9.904670675766017,0.009754419422216873,0.11697012273628069,0.4181286666181902,2.911105219868437,0.41812866661818987,0.8,self,,0.0,36.08969855308533,ok
C1,0.5,0.6,0.02,0.1,20,200,5,1.0,predictive,P1+P2,2.0,20,300.0,False,False,False,0.030191874352593212,0.04819097584945062,91.29773525239733,9.518090241505476,0.059444794546624664,4.185720361752634,6.236744602195265,47.590451207527295,1.9184044894694534,0.4759045120752738,5.165768742925168,9.910033947988618,0.009754272291943693,0.11690542300654366,0.4185720361752634,2.9163791102277883,0.41857203617526395,0.8,self,,0.0,36.419466733932495,ok
C1,0.5,0.6,0.02,0.1,20,200,5,1.0,predictive,P1+P2,2.0,20,1000.0,False,False,False,0.030194765717469076,0.04819558348710923,91.30598281774343,9.51804416512888,0.05909265004720459,4.187271581411007,6.235591603412909,47.59022082564456,1.9185870801537048,0.47590220825644397,5.166255207122915,9.911910493162827,0.00975422292519568,0.11688280365264943,0.41872715814110073,2.9182548420462338,0.4187271581411015,0.8,self,,0.0,36.174861669540405,ok
C1,0.5,0.6,0.02,0.1,20,200,5,1.0,predictive,P1+P2 (protect),2.0,5,3.0,True,True,False,0.031624788453359844,0.050473047343312046,90.56341767734757,9.49526952656689,0.10545734528133811,3.976622723525489,6.422650404626283,47.47634763283426,1.907548120123601,0.4747634763283445,5.0889519597970585,9.707420744310195,0.001711819874113554,0.002753058888908787,0.3976622723525489,2.7347824143871633,0.39766227235254864,0.8,self,,0.0,1.1075570583343506,ok
C1,0.5,0.6,0.02,0.1,20,200,5,1.0,predictive,P1+P2 (protect),2.0,5,10.0,True,True,False,0.03186756065737392,0.05085928683032975,91.26127500845776,9.491407131696725,0.07333564527317642,4.110692088181789,6.324565134848309,47.45703565848349,1.9230294042216216,0.47457035658483626,5.130660906235809,9.866411785781812,0.0015454600119830329,0.0025006323725491743,0.41106920881817893,2.8340474405529896,0.4110692088181795,0.8,self,,0.0,1.005558967590332,ok
C1,0.5,0.6,0.02,0.1,20,200,5,1.0,predictive,P1+P2 (protect),2.0,5,30.0,True,True,False,0.03193949879535061,0.05097380133528122,91.48912033638211,9.490261986647182,0.06358398689939836,4.154477763203083,6.291676263250337,47.45130993323598,1.9280631128014665,0.4745130993323591,5.144493035585364,9.918907255976182,0.001482187261004908,0.0023971433064635716,0.4154477763203083,2.87708764694186,0.4154477763203084,0.8,self,,0.0,0.9921348094940186,ok
C1,0.5,0.6,0.02,0.1,20,200,5,1.0,predictive,P1+P2 (protect),2.0,5,100.0,True,True,False,0.031964417680213957,0.051013484225120656,91.57036714861636,9.489865157748792,0.060100934170680735,4.170083586925575,6.279950321154953,47.449325788744034,1.9298560227454011,0.47449325788743957,5.149425578560364,9.93764996646394,0.0014583542173781836,0.002357466815792038,0.4170083586925575,2.8947142482497967,0.4170083586925573,0.8,self,,0.0,1.0104854106903076,ok
C1,0.5,0.6,0.02,0.1,20,200,5,1.0,predictive,P1+P2 (protect),2.0,5,300.0,True,True,False,0.03197148404647361,0.05102473916741846,91.59360306899241,9.489752608325837,0.05909896517951189,4.1745453950802425,6.276603031414409,47.448763041629064,1.9303686165355454,0.47448763041629183,5.150834780677534,9.94300980957966,0.0014514138404425276,0.0023458517524558133,0.41745453950802425,2.9000254735482383,0.41745453950802275,0.8,self,,0.0,0.9809751510620117,ok
C1,0.5,0.6,0.02,0.1,20,200,5,1.0,predictive,P1+P2 (protect),2.0,5,1000.0,True,True,False,0.03197395062018962,0.05102866800800903,91.60173359882863,9.489713319919925,0.0587475597379799,4.176106473384484,6.2754326469576105,47.44856659959951,1.930547963056945,0.4744856659959963,5.151327670392763,9.944885141115627,0.0014489722340974326,0.0023417592327459424,0.41761064733844844,2.901914334394088,0.4176106473384481,0.8,self,,0.0,1.0147287845611572,ok
C1,0.5,0.6,0.02,0.1,20,200,5,1.0,predictive,P1+P2 (protect),2.0,10,3.0,True,True,False,0.03114399263012772,0.04970648549358331,90.43466182225059,9.50293514506417,0.10589082382000828,3.9711465008880853,6.4200275302277365,47.51467572532081,1.9032995688542078,0.4751467572532085,5.089872916409036,9.687552927324028,0.007108933068155069,0.02851012283494056,0.39711465008880853,2.731584180175264,0.39711465008880664,0.8,self,,0.0,1.243337869644165,ok
C1,0.5,0.6,0.02,0.1,20,200,5,1.0,predictive,P1+P2 (protect),2.0,10,10.0,True,True,False,0.03142541088758487,0.050154379071883755,91.141373849109,9.49845620928116,0.07372996049925254,4.105541224496251,6.322272605723336,47.49228104640583,1.9190776235837697,0.47492281046405804,5.131463549480737,9.847676874044227,0.006934168876567404,0.027108453650717172,0.4105541224496251,2.830997489831179,0.4105541224496255,0.8,self,,0.0,1.1233434677124023,ok
C1,0.5,0.6,0.02,0.1,20,200,5,1.0,predictive,P1+P2 (protect),2.0,10,30.0,True,True,False,0.0315096852221358,0.050288569917330585,91.37198534533184,9.4971143008267,0.06396738390441262,4.1494115533215865,6.2895067619473,47.48557150413345,1.9242052364764783,0.474855715041335,5.145251064842902,9.900519041956887,0.006878278219741593,0.026609187351948022,0.4149411553321587,2.874094055785934,0.4149411553321578,0.8,self,,0.0,1.228583574295044,ok
C1,0.5,0.6,0.02,0.1,20,200,5,1.0,predictive,P1+P2 (protect),2.0,10,100.0,True,True,False,0.03153905479490349,0.0503353511239907,91.45422656041268,9.496646488760081,0.06048054076861506,4.165046091930906,6.277826878540398,47.48323244380051,1.9260320296992142,0.47483232443800405,5.150166860719107,9.919386332040451,0.006858781260203304,0.026425544956727044,0.4165046091930906,2.891741087018107,0.41650460919309096,0.8,self,,0.0,1.2120270729064941,ok
C1,0.5,0.6,0.02,0.1,20,200,5,1.0,predictive,P1+P2 (protect),2.0,10,300.0,True,True,False,0.03154740275508686,0.05034865000111264,91.4777486794708,9.496513499988874,0.059477492675479436,4.169516023076849,6.274492984258798,47.482567499944395,1.9265543860823855,0.47482567499944367,5.1515711886999265,9.924782068805492,0.006853261614780724,0.026372489231202827,0.4169516023076849,2.8970581524841292,0.4169516023076845,0.8,self,,0.0,1.4535202980041504,ok
C1,0.5,0.6,0.02,0.1,20,200,5,1.0,predictive,P1+P2 (protect),2.0,10,1000.0,True,True,False,0.03155031882337717,0.05035329570702382,91.48597958033898,9.496467042929769,0.05912570999378248,4.171079936271481,6.273327310804967,47.482335214648806,1.9267371574453351,0.47482335214648846,5.152062363906164,9.926669994013656,0.006851336671995998,0.026353868482641665,0.4171079936271482,2.898949055177034,0.417107993627148,0.8,self,,0.0,1.1329538822174072,ok
C1,0.5,0.6,0.02,0.1,20,200,5,1.0,predictive,P1+P2 (protect),2.0,15,3.0,True,True,False,0.026440949719133744,0.04219666141456495,85.2404570350587,9.578033385854352,0.1961449617157867,3.657538232373492,6.568283420056369,47.89016692927185,1.7799156382342296,0.4789016692927176,5.020558166644846,8.936169993475735,0.009291296253838895,0.0718571810686253,0.36575382323734923,2.9339072092401333,0.3657538232373501,0.8,self,,0.0,2.407078266143799,ok
C1,0.5,0.6,0.02,0.1,20,200,5,1.0,predictive,P1+P2 (protect),2.0,15,10.0,True,True,False,0.026771370648683353,0.042722810376394214,85.97103969594113,9.572771896236048,0.1633587075675197,3.792936589471745,6.4709328067246865,47.86385948118032,1.796157698685879,0.47863859481180243,5.062090840579157,9.092313434753525,0.009252803584782225,0.07004181237394455,0.3792936589471745,3.033587074689401,0.3792936589471731,0.8,self,,0.0,2.3576266765594482,ok
C1,0.5,0.6,0.02,0.1,20,200,5,1.0,predictive,P1+P2 (protect),2.0,15,30.0,True,True,False,0.026871622413047167,0.04288250979692704,86.20938665903665,9.571174902030725,0.15340932318507416,3.8371236777043585,6.4382920970798425,47.85587451015367,1.8014379120946886,0.47855874510153623,5.07585940240747,9.143845563959108,0.009243506199990875,0.06942362620220972,0.3837123677704359,3.076878451838449,0.38371236777043843,0.8,self,,0.0,2.2600252628326416,ok
C1,0.5,0.6,0.02,0.1,20,200,5,1.0,predictive,P1+P2 (protect),2.0,15,100.0,True,True,False,0.026906744950454958,0.04293847492855354,86.29444822448565,9.570615250714484,0.14985579109407132,3.852872723646842,6.426656234544603,47.85307625357232,1.803320809872565,0.4785307625357242,5.0807686768017,9.162255885025202,0.009240932049547143,0.06920146720559706,0.38528727236468424,3.0946153509880783,0.38528727236468635,0.8,self,,0.0,2.4609038829803467,ok
C1,0.5,0.6,0.02,0.1,20,200,5,1.0,predictive,P1+P2 (protect),2.0,15,300.0,True,True,False,0.026916746142140475,0.04295441290602903,86.31878628404185,9.570455870939695,0.14883355229961387,3.8573756927236516,6.42333488403704,47.85227935469853,1.8038594492900861,0.47852279354698474,5.08217117470231,9.16752249639646,0.00924028197540989,0.06913785412065275,0.3857375692723652,3.099960461226031,0.385737569272366,0.8,self,,0.0,2.258937120437622,ok
C1,0.5,0.6,0.02,0.1,20,200,5,1.0,predictive,P1+P2 (protect),2.0,15,1000.0,True,True,False,0.026920241614760913,0.042959983522274515,86.32730379347569,9.570400164777245,0.1484750382219608,3.858951201756655,6.422173595244138,47.85200082388619,1.8040479458987189,0.47852000823886226,5.082661713711831,9.16936542431989,0.009240064060008891,0.06911559016180586,0.3858951201756655,3.1018614414499917,0.3858951201756662,0.8,self,,0.0,2.388211250305176,ok
C1,0.5,0.6,0.02,0.1,20,200,5,1.0,predictive,P1+P2 (protect),2.0,20,3.0,True,True,False,0.02344050968744391,0.03740903425579332,76.81833224571513,9.625909657442088,1.2643332899488178,3.074830142460753,6.034926910148341,48.12954828721024,1.5960742408656374,0.48129548287210444,5.060442568180444,8.07684203045276,0.009826337999704423,0.12069853820296653,0.3074830142460753,1.5804849090707995,0.3074830142460769,0.8,self,,0.0,7.379584074020386,ok
C1,0.5,0.6,0.02,0.1,20,200,5,1.0,predictive,P1+P2 (protect),2.0,20,10.0,True,True,False,0.023819907352414866,0.038013488277851414,77.58674397262462,9.619865117221464,1.2268331423019205,3.2116937232240836,5.941608017252532,48.09932558610733,1.6130526369590976,0.48099325586107317,5.101168327736323,8.228453022627306,0.009820593631970463,0.11883216034504844,0.3211693723224084,1.6837881048031076,0.3211693723224111,0.8,self,,0.0,7.294093608856201,ok
C1,0.5,0.6,0.02,0.1,20,200,5,1.0,predictive,P1+P2 (protect),2.0,20,30.0,True,True,False,0.023935690250004915,0.038198010700548006,77.83733437319397,9.618019892994534,1.2154595257319365,3.2563511463525456,5.910169434920984,48.09009946497261,1.6185729544994674,0.4809009946497267,5.114699106864531,8.278513644773511,0.00981961222843611,0.1182033886984196,0.3256351146352546,1.7286317726622797,0.32563511463525885,0.8,self,,0.0,7.667622327804565,ok
C1,0.5,0.6,0.02,0.1,20,200,5,1.0,predictive,P1+P2 (protect),2.0,20,100.0,True,True,False,0.02397629037053486,0.038262729251653936,77.92686336335854,9.617372707483444,1.2113945461050246,3.2722717190546007,5.898961027356931,48.0868635374173,1.6205436917864724,0.4808686353741722,5.119524584356514,8.29641327012471,0.009819491750188187,0.11797922054713729,0.3272271719054601,1.747008555627423,0.3272271719054622,0.8,self,,0.0,7.274986267089844,ok
C1,0.5,0.6,0.02,0.1,20,200,5,1.0,predictive,P1+P2 (protect),2.0,20,300.0,True,True,False,0.023987851710756326,0.0382811602868085,77.95249482074122,9.6171883971319,1.2102247484214115,3.276824338323371,5.895762516123319,48.08594198565943,1.6211077833099086,0.48085941985659497,5.120903088823361,8.301535854867303,0.00981948728412836,0.11791525032246365,0.32768243383233714,1.7525463973035764,0.32768243383233886,0.8,self,,0.0,7.332759380340576,ok
C1,0.5,0.6,0.02,0.1,20,200,5,1.0,predictive,P1+P2 (protect),2.0,20,1000.0,True,True,False,0.023991892392412537,0.03828760211242184,77.96146678978442,9.617123978875798,1.2098144309083763,3.27841729133908,5.894644298876746,48.08561989437874,1.6213052251593871,0.4808561989437899,5.121385224615149,8.303328624722623,0.009819489300329956,0.11789288597753317,0.327841729133908,1.7545158812898713,0.3278417291339107,0.8,self,,0.0,7.790369987487793,ok
