condition,rho,delta,sigma,alpha,c,K,b,mu,model,series,beta,n_target,gamma,protect_presetup,protect_delayoff,never_cancel_setup,P_block,P_block_arrival_stable,E_N,E_B,E_I,E_S,E_off,lambda_eff,E_W,rho_server,Cost,ERP,p1_fire_rate,p1_launch_rate,setup_completion_rate,setup_cancel_rate,delayoff_rate,rho_B,diag_source,consistency_max_relerr,min_pi,elapsed_s,check
C3,0.5,0.6,1.0,0.1,20,200,5,1.0,predictive,Check,0.001,0,1.0,False,False,False,3.0916143625455176e-06,4.680284128220539e-06,52.64527900969702,9.999953197158726,7.899735266048873,0.07899735266048873,2.0213141841319118,49.999765985793566,1.0529105081142804,0.4999976598579363,5.5715693069184615,5.866363869941447,0.0,0.0,0.007899735266048874,0.4264479076405526,0.007899735266048863,0.8,self,1.0540445222860408e-15,0.0,1.2550561428070068,ok
C3,0.5,0.6,1.0,0.1,20,200,5,1.0,base,Base,0.001,0,1.0,False,False,False,3.0916143625455167e-06,4.68028412822054e-06,52.645279009697035,9.999953197158717,7.899735266048881,0.07899735266048864,2.0213141841319127,49.999765985793566,1.0529105081142807,0.49999765985793587,5.57156930691846,5.866363869941446,0.0,0.0,0.007899735266048874,0.4264479076405526,0.007899735266048863,0.8,Check,1.0540445222860408e-15,1.49882734987767e-42,0.16210103034973145,ok
C3,0.5,0.6,1.0,0.1,20,200,5,1.0,predictive,Check,0.0026101572156825357,0,1.0,False,False,False,1.3229574276981864e-05,1.9959270965546326e-05,53.31615233329425,9.999800407290342,6.856393798100314,0.17896265745672496,2.9648431371526183,49.99900203645172,1.0663443301213125,0.4999900203645171,5.3737315012094555,5.7302481179089915,0.0,0.0,0.017896265745672497,0.7931940689478398,0.017896265745672497,0.8,self,1.5877216455139137e-14,0.0,1.035325050354004,ok
C3,0.5,0.6,1.0,0.1,20,200,5,1.0,base,Base,0.0026101572156825357,0,1.0,False,False,False,1.3229574276981866e-05,1.9959270965546326e-05,53.31615233329412,9.999800407290293,6.856393798100317,0.17896265745672504,2.9648431371526653,49.99900203645177,1.066344330121309,0.4999900203645146,5.373731501209438,5.730248117908953,0.0,0.0,0.017896265745672497,0.7931940689478398,0.017896265745672497,0.8,Check,1.5877216455139137e-14,1.4021488845039716e-35,0.17006134986877441,ok
C3,0.5,0.6,1.0,0.1,20,200,5,1.0,predictive,Check,0.006812920690579615,0,1.0,False,False,False,6.012443762221526e-05,9.033700214144647e-05,54.74096640982509,9.99909662997856,5.688529364149514,0.38755499403983934,3.9248190118320876,49.995483149892905,1.0949182398278783,0.499954831498928,5.188437239798198,5.680914570057258,0.0,0.0,0.038755499403983935,1.3395870954126903,0.038755499403983894,0.8,self,5.586135984088254e-15,0.0,1.1998229026794434,ok
C3,0.5,0.6,1.0,0.1,20,200,5,1.0,base,Base,0.006812920690579615,0,1.0,False,False,False,6.012443762221527e-05,9.033700214144648e-05,54.740966409825084,9.999096629978565,5.688529364149514,0.3875549940398372,3.9248190118320836,49.9954831498929,1.0949182398278783,0.4999548314989283,5.1884372397981995,5.68091457005726,0.0,0.0,0.038755499403983935,1.3395870954126903,0.038755499403983894,0.8,Check,5.586135984088254e-15,2.921266201277829e-29,0.1800978183746338,ok
C3,0.5,0.6,1.0,0.1,20,200,5,1.0,predictive,Check,0.01778279410038923,0,1.0,False,False,False,0.00026435284932789174,0.0003952157027396834,57.60986788673134,9.996047842972612,4.453031323739864,0.7918733915264944,4.75904744176103,49.98023921486303,1.1526529042621994,0.4998023921486306,5.060593056006803,5.83310728329536,0.0,0.0,0.07918733915264944,2.032344453259563,0.07918733915264936,0.8,self,4.852365771680137e-15,0.0,1.0530736446380615,ok
C3,0.5,0.6,1.0,0.1,20,200,5,1.0,base,Base,0.01778279410038923,0,1.0,False,False,False,0.0002643528493278917,0.0003952157027396834,57.609867886731365,9.996047842972589,4.453031323739863,0.7918733915264953,4.759047441761053,49.98023921486303,1.1526529042621998,0.4998023921486294,5.060593056006793,5.833107283295351,0.0,0.0,0.07918733915264944,2.032344453259563,0.07918733915264936,0.8,Check,4.852365771680137e-15,1.0175317750859163e-23,0.16417527198791504,ok
C3,0.5,0.6,1.0,0.1,20,200,5,1.0,predictive,Check,0.046415888336127795,0,1.0,False,False,False,0.0010302441044389525,0.0015308362607810598,62.88169056473794,9.984691637392213,3.221614239146154,1.4953408678628703,5.298353255598762,49.92345818696089,1.2595619944685943,0.49923458186961067,5.043020134306309,6.351996498512133,0.0,0.0,0.14953408678628705,2.734938752947769,0.14953408678628757,0.8,self,2.8497596152062832e-15,0.0,1.0358140468597412,ok
C3,0.5,0.6,1.0,0.1,20,200,5,1.0,base,Base,0.046415888336127795,0,1.0,False,False,False,0.0010302441044389525,0.0015308362607810598,62.88169056473788,9.984691637392192,3.2216142391461595,1.4953408678628708,5.298353255598777,49.92345818696091,1.2595619944685927,0.4992345818696096,5.0430201343063015,6.351996498512116,0.0,0.0,0.14953408678628705,2.734938752947769,0.14953408678628757,0.8,Check,2.8497596152062832e-15,4.621096371422945e-19,0.17507147789001465,ok
C3,0.5,0.6,1.0,0.1,20,200,5,1.0,predictive,Check,0.12115276586285889,0,1.0,False,False,False,0.003286713713101431,0.004847446236771197,71.24192755038256,9.951525537632294,2.099421043981449,2.5435066618904254,5.405546756495831,49.75762768816142,1.4317790228438239,0.4975762768816147,5.17148640084624,7.404425745653753,0.0,0.0,0.25435066618904256,3.2436608700575014,0.25435066618904395,0.8,self,4.078380593867108e-15,0.0,1.0166130065917969,ok
C3,0.5,0.6,1.0,0.1,20,200,5,1.0,base,Base,0.12115276586285889,0,1.0,False,False,False,0.0032867137131014305,0.004847446236771196,71.24192755038234,9.951525537632284,2.099421043981448,2.543506661890426,5.405546756495843,49.75762768816142,1.4317790228438196,0.4975762768816142,5.171486400846234,7.404425745653723,0.0,0.0,0.25435066618904256,3.2436608700575014,0.25435066618904395,0.8,Check,4.078380593867108e-15,2.362464672994101e-15,0.17048406600952148,ok
C3,0.5,0.6,1.0,0.1,20,200,5,1.0,predictive,Check,0.31622776601683794,0,1.0,False,False,False,0.008075237291356925,0.011809886921150274,81.97351750630577,9.881901130788513,1.2057778234666179,3.8130042742749377,5.099316771469931,49.40950565394253,1.6590637048756802,0.49409505653942565,5.421019541835944,8.993816765281805,0.0,0.0,0.3813004274274938,3.4373663908904053,0.3813004274274944,0.8,self,3.657695265776963e-15,0.0,0.9869985580444336,ok
C3,0.5,0.6,1.0,0.1,20,200,5,1.0,base,Base,0.31622776601683794,0,1.0,False,False,False,0.008075237291356925,0.011809886921150274,81.97351750630585,9.881901130788519,1.2057778234666192,3.813004274274951,5.099316771469912,49.409505653942496,1.659063704875683,0.4940950565394259,5.421019541835951,8.99381676528183,0.0,0.0,0.3813004274274938,3.4373663908904053,0.3813004274274944,0.8,Check,3.657695265776963e-15,5.875369170503614e-15,0.18171310424804688,ok
C3,0.5,0.6,1.0,0.1,20,200,5,1.0,predictive,Check,0.825404185268019,0,1.0,False,False,False,0.014864368471962854,0.0215656918907432,92.52740142113421,9.784343081092544,0.6069900668192504,5.010121415687247,4.598545436400959,48.921715405462876,1.8913359978133981,0.4892171540546272,5.699352436692887,10.779390427742763,0.0,0.0,0.5010121415687248,3.4045077543593654,0.5010121415687253,0.8,self,6.7600168617305134e-15,0.0,1.1172699928283691,ok
C3,0.5,0.6,1.0,0.1,20,200,5,1.0,base,Base,0.825404185268019,0,1.0,False,False,False,0.014864368471962854,0.021565691890743196,92.52740142113441,9.78434308109259,0.6069900668192505,5.010121415687232,4.5985454364009275,48.92171540546283,1.8913359978134041,0.4892171540546295,5.699352436692899,10.77939042774282,0.0,0.0,0.5010121415687248,3.4045077543593654,0.5010121415687253,0.8,Check,6.7600168617305134e-15,6.638079725932497e-18,0.17897629737854004,ok
C3,0.5,0.6,1.0,0.1,20,200,5,1.0,predictive,Check,2.1544346900318843,0,1.0,False,False,False,0.020984764893383374,0.030274252009848058,100.26077744117637,9.69725747990154,0.2725600247033329,5.872127723368104,4.158054772027024,48.48628739950767,2.067817166842814,0.484862873995077,5.915263719578095,12.231683865746064,0.0,0.0,0.5872127723368105,3.3451257718286986,0.587212772336808,0.8,self,1.5165905995982415e-14,0.0,1.0686800479888916,ok
C3,0.5,0.6,1.0,0.1,20,200,5,1.0,base,Base,2.1544346900318843,0,1.0,False,False,False,0.02098476489338337,0.030274252009848065,100.26077744117617,9.69725747990149,0.27256002470333335,5.872127723368091,4.158054772027087,48.4862873995076,2.0678171668428127,0.4848628739950745,5.915263719578071,12.231683865746005,0.0,0.0,0.5872127723368105,3.3451257718286986,0.587212772336808,0.8,Check,1.5165905995982415e-14,3.7996655224391953e-22,0.16906046867370605,ok
C3,0.5,0.6,1.0,0.1,20,200,5,1.0,predictive,Check,5.623413251903491,0,1.0,False,False,False,0.02460325781128698,0.03539568271774186,104.61838544685646,9.646043172822544,0.11313433483928104,6.3620111778050035,3.878811314533171,48.23021586411275,2.16914611665052,0.48230215864112724,6.044230023076669,13.11081808269924,0.0,0.0,0.6362011177805004,3.3640222441525895,0.636201117780499,0.8,self,1.007521307375296e-14,0.0,1.0590858459472656,ok
C3,0.5,0.6,1.0,0.1,20,200,5,1.0,base,Base,5.623413251903491,0,1.0,False,False,False,0.024603257811286975,0.03539568271774186,104.61838544685627,9.646043172822614,0.11313433483928084,6.362011177804974,3.8788113145331318,48.230215864112914,2.1691461166505084,0.4823021586411307,6.0442300230766834,13.1108180826992,0.0,0.0,0.6362011177805004,3.3640222441525895,0.636201117780499,0.8,Check,1.007521307375296e-14,1.1966675127419785e-27,0.16724610328674316,ok
C3,0.5,0.6,1.0,0.1,20,200,5,1.0,predictive,Check,14.677992676220706,0,1.0,False,False,False,0.026205646527346933,0.0376629354278264,106.70332667277175,9.623370645721762,0.0449854424539509,6.602959948756392,3.7286839630678954,48.116853228608726,2.2175873839008533,0.4811685322860881,6.110923952904197,13.55150786193788,0.0,0.0,0.6602959948756393,3.4345820328936925,0.6602959948756377,0.8,self,3.6702920449838595e-15,0.0,1.0689892768859863,ok
C3,0.5,0.6,1.0,0.1,20,200,5,1.0,base,Base,14.677992676220706,0,1.0,False,False,False,0.026205646527346922,0.037662935427826415,106.703326672772,9.623370645721751,0.04498544245395091,6.602959948756405,3.7286839630678923,48.116853228608676,2.217587383900861,0.4811685322860876,6.110923952904199,13.55150786193793,0.0,0.0,0.6602959948756393,3.4345820328936925,0.6602959948756377,0.8,Check,3.6702920449838595e-15,4.457024467317532e-34,0.19443225860595703,ok
C3,0.5,0.6,1.0,0.1,20,200,5,1.0,predictive,Check,38.31186849557293,0,1.0,False,False,False,0.026810942600825127,0.03852258996477269,107.61991002873464,9.61477410035226,0.017520255671209278,6.712337312841857,3.655368331134673,48.07387050176132,2.238636267591387,0.480738705017613,6.1426197085690815,13.751091257624381,0.0,0.0,0.6712337312841857,3.499284595014206,0.671233731284185,0.8,self,1.518619909201502e-14,0.0,1.0412933826446533,ok
C3,0.5,0.6,1.0,0.1,20,200,5,1.0,base,Base,38.31186849557293,0,1.0,False,False,False,0.026810942600825134,0.03852258996477269,107.61991002873457,9.614774100352303,0.017520255671209274,6.7123373128418695,3.6553683311346177,48.07387050176136,2.2386362675913833,0.4807387050176152,6.142619708569102,13.751091257624406,0.0,0.0,0.6712337312841857,3.499284595014206,0.671233731284185,0.8,Check,1.518619909201502e-14,4.007519734801119e-41,0.1663680076599121,ok
C3,0.5,0.6,1.0,0.1,20,200,5,1.0,predictive,Check,100.0,0,1.0,False,False,False,0.0270289951656537,0.03883375177485904,108.00210524185911,9.611662482251392,0.006758969885885107,6.758969885885116,3.6226086619776074,48.058312411256914,2.2473137283231215,0.4805831241125696,6.15655510027058,13.835710796015807,0.0,0.0,0.6758969885885117,3.5362080951625123,0.6758969885885103,0.8,self,7.845647179259047e-15,0.0,1.5943851470947266,ok
C3,0.5,0.6,1.0,0.1,20,200,5,1.0,base,Base,100.0,0,1.0,False,False,False,0.0270289951656537,0.03883375177485903,108.00210524185898,9.61166248225143,0.006758969885885096,6.758969885885105,3.622608661977579,48.05831241125704,2.2473137283231126,0.48058312411257154,6.156555100270592,13.835710796015778,0.0,0.0,0.6758969885885117,3.5362080951625123,0.6758969885885103,0.8,Check,7.845647179259047e-15,1.2063322225485698e-48,0.2268686294555664,ok
C3,0.5,0.6,1.0,0.1,20,200,5,1.0,predictive,NoCancel,0.001,0,1.0,False,False,True,1.7589598446428324e-07,2.679158961730904e-07,52.151896861154185,9.999997320841045,9.682058605999755,0.09682058605999748,0.22112348709920226,49.999986604205176,1.0430382166696026,0.49999986604205227,5.980357833446925,6.237741769644569,0.0,0.0,0.009682058605999749,0.0,0.009682058605999756,0.8,self,,0.0,13.10762906074524,ok
C3,0.5,0.6,1.0,0.1,20,200,5,1.0,predictive,P2 only,0.001,0,3.0,False,False,False,1.0851776395078367e-05,1.6378320549561678e-05,53.184064368111834,9.999836216794519,7.0203253799495275,0.1593159383590523,2.820522464896902,49.999181083972445,1.0636987089606618,0.49999181083972594,5.403339189106694,5.747524919529339,0.0,0.0,0.01593159383590523,0.7267898827447865,0.015931593835905235,0.8,self,,0.0,1.0209784507751465,ok
C3,0.5,0.6,1.0,0.1,20,200,5,1.0,predictive,P2 only,0.001,0,10.0,False,False,False,6.45810486271806e-05,9.698278228453191e-05,54.77315879389733,9.999030172177156,5.677960768260327,0.3917537626638204,3.931255296898698,49.99515086088575,1.0955694272491876,0.4999515086088578,5.18760675761182,5.683383364230797,0.0,0.0,0.03917537626638204,1.3375232262632488,0.03917537626638216,0.8,self,,0.0,1.0490601062774658,ok
C3,0.5,0.6,1.0,0.1,20,200,5,1.0,predictive,P2 only,0.001,0,30.0,False,False,False,0.0003603589213616524,0.0005377538982786992,58.2955949801273,9.99462246101724,4.2602464494246455,0.8833422249455777,4.861788864612537,49.97311230508603,1.1665392106105474,0.499731123050862,5.050957638661107,5.892140136631042,0.0,0.0,0.08833422249455777,2.1168762002198114,0.08833422249455766,0.8,self,,0.0,1.0018024444580078,ok
C3,0.5,0.6,1.0,0.1,20,200,5,1.0,predictive,P2 only,0.001,0,100.0,False,False,False,0.001977284452046111,0.0029236186122322282,66.35986300295713,9.970763813877674,2.7045666060584623,1.9296389966038812,5.395030583459983,49.853819069388415,1.331088856213703,0.4985381906938837,5.084431220212371,6.767829737409728,0.0,0.0,0.19296389966038813,2.920104362399333,0.19296389966038832,0.8,self,,0.0,1.0589094161987305,ok
C3,0.5,0.6,1.0,0.1,20,200,5,1.0,predictive,P2 only,0.001,0,300.0,False,False,False,0.006587622118141322,0.009642067763508892,78.03974387018884,9.903579322364923,1.5115052472312365,3.335413417243705,5.249502013160136,49.51789661182449,1.5759906863966746,0.49517896611824613,5.318573935950452,8.382022987970016,0.0,0.0,0.3335413417243705,3.2786689205248947,0.33354134172437067,0.8,self,,0.0,1.0099756717681885,ok
C3,0.5,0.6,1.0,0.1,20,200,5,1.0,predictive,P2 only,0.001,0,1000.0,False,False,False,0.015169818302989658,0.02197428942690521,91.71231765046988,9.780257105730914,0.6549053512913688,4.894906077746677,4.6699314652310395,48.90128552865464,1.8754582146256524,0.4890128552865457,5.665306642111021,10.625045880320386,0.0,0.0,0.48949060777466774,3.283011661637122,0.48949060777466824,0.8,self,,0.0,1.0965094566345215,ok
C3,0.5,0.6,1.0,0.1,20,200,5,1.0,predictive,P1 only,0.001,5,1.0,False,False,False,3.0916143625455176e-06,4.680284128220539e-06,52.64527900969702,9.999953197158726,7.899735266048873,0.07899735266048873,2.0213141841319118,49.999765985793566,1.0529105081142804,0.4999976598579363,5.5715693069184615,5.866363869941447,9.342709466812391e-24,9.349675622786713e-24,0.007899735266048874,0.4264479076405526,0.007899735266048863,0.8,self,,0.0,1.0781936645507812,ok
C3,0.5,0.6,1.0,0.1,20,200,5,1.0,predictive,P1 only,0.001,10,1.0,False,False,False,3.0916143585394473e-06,4.680284122314192e-06,52.64527900968447,9.999953197158774,7.899735266049457,0.07899735266049453,2.021314184131275,49.999765985793864,1.0529105081140233,0.4999976598579387,5.571569306918613,5.866363869940174,1.112122000025589e-11,1.1212193073743672e-11,0.007899735266049453,0.42644790764947815,0.007899735266049453,0.8,self,,0.0,1.9116103649139404,ok
C3,0.5,0.6,1.0,0.1,20,200,5,1.0,predictive,P1 only,0.001,15,1.0,False,False,False,3.068993453920723e-06,4.646303636131539e-06,52.644639462405166,9.999953536963638,7.900123964420974,0.07900123964420973,2.0209212589711782,49.999767684818195,1.0528976813304285,0.49999767684818186,5.571658581794817,5.866386401936547,0.0007165688210785494,0.0007540967372234223,0.007900123964420974,0.42694880169877186,0.007900123964420977,0.8,self,,0.0,7.4048171043396,ok
C3,0.5,0.6,1.0,0.1,20,200,5,1.0,predictive,P1 only,0.001,20,1.0,False,False,False,5.043371542629897e-07,7.664881540649144e-07,52.26009916373458,9.999992335118474,9.081052541924368,0.09081052541924362,0.8281445975379143,49.99996167559233,1.0452027844102436,0.4999996167559237,5.842516540332605,6.106614555918542,0.3250003818533408,0.44996932545359125,0.009081052541924362,0.5824136141866602,0.009081052541924378,0.8,self,,0.0,38.3102765083313,ok
C3,0.5,0.6,1.0,0.1,20,200,5,1.0,predictive,P1 only (protect),0.001,5,1.0,True,True,False,3.0916143625455163e-06,4.680284128220539e-06,52.64527900969701,9.999953197158726,7.8997352660488716,0.07899735266048871,2.0213141841319135,49.99976598579356,1.0529105081142804,0.4999976598579363,5.571569306918461,5.866363869941446,9.07997758295854e-24,9.086729513103821e-24,0.007899735266048872,0.4264479076405526,0.007899735266048862,0.8,self,,0.0,0.9850492477416992,ok
C3,0.5,0.6,1.0,0.1,20,200,5,1.0,predictive,P1 only (protect),0.001,10,1.0,True,True,False,3.0916143208727015e-06,4.680284066772361e-06,52.64527900956506,9.999953197159323,7.899735266054813,0.07899735264886013,2.0213141841370037,49.99976598579668,1.0529105081115757,0.4999976598579662,5.571569306915654,5.866363869923421,8.977923884636435e-12,9.042264453765218e-12,0.007899735264886012,0.4264479076364942,0.007899735264886002,0.8,self,,0.0,1.2148399353027344,ok
C3,0.5,0.6,1.0,0.1,20,200,5,1.0,predictive,P1 only (protect),0.001,15,1.0,True,True,False,2.970305423499537e-06,4.497955956469098e-06,52.64157435719781,9.999955020440433,7.902050322592878,0.07873283298224867,2.01926182398444,49.99977510220213,1.0528362227549166,0.49999775102202165,5.571992787302942,5.866395839401669,0.00032423304419561787,0.00033262996615943764,0.007873283298224868,0.4251524294357596,0.00787328329822486,0.8,self,,0.0,2.4524457454681396,ok
C3,0.5,0.6,1.0,0.1,20,200,5,1.0,predictive,P1 only (protect),0.001,20,1.0,True,True,False,1.0404784774433847e-07,1.5872067265474526e-07,52.12091149159666,9.999998412793273,9.885886911532767,0.059341818117460976,0.05477285755649852,49.999992063966324,1.042418395285283,0.49999992063966364,6.012248196616671,6.267278117173987,0.05184673698845684,0.05477285755649811,0.005934181811746098,0.04913896713005929,0.005934181811746098,0.8,self,,0.0,7.33130669593811,ok
C3,0.5,0.6,1.0,0.1,20,200,5,1.0,predictive,P1+P2,0.001,5,3.0,False,False,False,1.0851776395078368e-05,1.6378320549561685e-05,53.18406436811183,9.999836216794519,7.0203253799495275,0.1593159383590523,2.820522464896902,49.99918108397242,1.0636987089606622,0.49999181083972594,5.403339189106694,5.747524919529342,2.6550583532472113e-18,2.6609872091150607e-18,0.01593159383590523,0.7267898827447864,0.01593159383590523,0.8,self,,0.0,1.0107836723327637,ok
C3,0.5,0.6,1.0,0.1,20,200,5,1.0,predictive,P1+P2,0.001,5,10.0,False,False,False,6.45810486257769e-05,9.698278228254922e-05,54.77315879389614,9.999030172177164,5.67796076826033,0.3917537626638207,3.9312552968986845,49.99515086088585,1.0955694272491616,0.49995150860885823,5.1876067576118245,5.683383364230667,1.1418189862476628e-12,1.1502587917342355e-12,0.039175376266382074,1.3375232262636698,0.03917537626638213,0.8,self,,0.0,1.0424346923828125,ok
C3,0.5,0.6,1.0,0.1,20,200,5,1.0,predictive,P1+P2,0.001,5,30.0,False,False,False,0.00036035889914564815,0.000537753866928432,58.29559496264716,9.994622461330732,4.260246449473256,0.8833422249657383,4.861788864230275,49.97311230665351,1.1665392102241663,0.49973112306653655,5.050957638797519,5.892140134838578,1.778621171008991e-08,1.8172696359389335e-08,0.08833422249657384,2.1168762066808773,0.08833422249657383,0.8,self,,0.0,1.2292017936706543,ok
C3,0.5,0.6,1.0,0.1,20,200,5,1.0,predictive,P1+P2,0.001,5,100.0,False,False,False,0.0019772450846047237,0.002923563212614279,66.35983319468184,9.970764367873883,2.704566781209732,1.9296391534876822,5.395029697428702,49.853821839369324,1.331088184342124,0.49853821839369417,5.084431527001063,6.767826729687698,3.002243699270839e-05,3.2053674298945225e-05,0.19296391534876822,2.9201149782818847,0.19296391534876825,0.8,self,,0.0,1.0717270374298096,ok
C3,0.5,0.6,1.0,0.1,20,200,5,1.0,predictive,P1+P2,0.001,5,300.0,False,False,False,0.006585423252595073,0.009638991097879673,78.03820539627948,9.903610089021216,1.5115140657406114,3.33543482042015,5.249441024818023,49.51805044510606,1.5759547214563674,0.49518050445106077,5.318595540114057,8.381865752959527,0.0015183221818792143,0.0017771273519891812,0.333543482042015,3.2791755470014436,0.33354348204201345,0.8,self,,0.0,1.0111651420593262,ok
C3,0.5,0.6,1.0,0.1,20,200,5,1.0,predictive,P1+P2,0.001,5,1000.0,False,False,False,0.01515326891697354,0.02195136941452769,91.70216700602089,9.780486305854742,0.6549429544265594,4.895186743184348,4.669383996534351,48.90243152927368,1.8752066950112019,0.4890243152927371,5.665506824180896,10.623996327335668,0.009954402939668353,0.01348959570352171,0.48951867431843477,3.2858367197683895,0.4895186743184334,0.8,self,,0.0,1.0663158893585205,ok
C3,0.5,0.6,1.0,0.1,20,200,5,1.0,predictive,P1+P2,0.001,10,3.0,False,False,False,1.0851770493001844e-05,1.6378311851843426e-05,53.184064349955115,9.99983621688149,7.020325380855918,0.15931593838166097,2.8205224638809296,49.99918108440748,1.0636987085882663,0.4999918108440745,5.403339189352364,5.747524917778479,1.545290371195896e-08,1.581018481106419e-08,0.015931593838166096,0.7267898953394661,0.01593159383816608,0.8,self,,0.0,1.6425983905792236,ok
C3,0.5,0.6,1.0,0.1,20,200,5,1.0,predictive,P1+P2,0.001,10,10.0,False,False,False,6.45721294885611e-05,9.69696581297746e-05,54.77313330739409,9.999030303418708,5.677962072319218,0.3917538612978146,3.9312537629642588,49.995151517093426,1.0955689030898739,0.4999515151709354,5.187607138220466,5.683381062081396,2.0120483508083604e-05,2.160897177849325e-05,0.03917538612978146,1.3375401962985265,0.03917538612978147,0.8,self,,0.0,1.678391456604004,ok
C3,0.5,0.6,1.0,0.1,20,200,5,1.0,predictive,P1+P2,0.001,10,30.0,False,False,False,0.0003590670467095047,0.0005358597388479482,58.292452949625016,9.99464140261151,4.260389939976794,0.883373894592703,4.861594762818993,49.97320701305763,1.1664741255127697,0.4997320701305755,5.051009037222325,5.891871349651009,0.002104419421732253,0.002540861971550222,0.0883373894592703,2.1187886251377344,0.08833738945927037,0.8,self,,0.0,1.6793365478515625,ok
C3,0.5,0.6,1.0,0.1,20,200,5,1.0,predictive,P1+P2,0.001,10,100.0,False,False,False,0.0019377496454695679,0.002866130722211247,66.2892311638753,9.971338692777895,2.706858526146809,1.9313312859064875,5.390471495168808,49.8566934638895,1.329595417551861,0.49856693463889473,5.08580065978216,6.762057251828591,0.033705055352343166,0.05299142409343071,0.19313312859064877,2.955148246452273,0.19313312859064927,0.8,self,,0.0,1.8026909828186035,ok
C3,0.5,0.6,1.0,0.1,20,200,5,1.0,predictive,P1+P2,0.001,10,300.0,False,False,False,0.006378040510840792,0.009340965850184917,77.77290283301333,9.906590341498154,1.516633966949907,3.346862425661143,5.229913265890795,49.532951707490774,1.570124536334706,0.4953295170749077,5.325167594732847,8.361176300584514,0.08962662539999589,0.1947408052173818,0.33468624256611434,3.378826660835969,0.33468624256611523,0.8,self,,0.0,1.7007665634155273,ok
C3,0.5,0.6,1.0,0.1,20,200,5,1.0,predictive,P1+P2,0.001,10,1000.0,False,False,False,0.014706491419548624,0.021318818645431344,91.2859929901518,9.786811813545711,0.6586191435670946,4.922057666602595,4.632511376284599,48.93405906772843,1.8654899006805281,0.4893405906772855,5.678817322505173,10.593776362943037,0.11649248729456192,0.33569433056919784,0.4922057666602595,3.397620585083532,0.4922057666602581,0.8,self,,0.0,1.6701350212097168,ok
C3,0.5,0.6,1.0,0.1,20,200,5,1.0,predictive,P1+P2,0.001,15,3.0,False,False,False,1.0396815884948747e-05,1.5695969608356554e-05,53.17389433434729,9.999843040303908,7.025314149938959,0.159421676579763,2.81542113317737,49.999215201519604,1.0634945792655401,0.4999921520151954,5.4045069167103525,5.747663809524578,0.010120724687982524,0.011412107219798151,0.015942167657976302,0.7345638800628049,0.015942167657976302,0.8,self,,0.0,7.577699661254883,ok
C3,0.5,0.6,1.0,0.1,20,200,5,1.0,predictive,P1+P2,0.001,15,10.0,False,False,False,5.519885231388016e-05,8.296594163157475e-05,54.64751473137409,9.99917034058368,5.718287604880078,0.3942579144534408,3.888284140082802,49.995851702918344,1.0930409798016145,0.499958517029184,5.197698219538543,5.681297154597516,0.09077166216438047,0.1242154800546074,0.03942579144534408,1.4252303331236278,0.0394257914453442,0.8,self,,0.0,7.552695035934448,ok
C3,0.5,0.6,1.0,0.1,20,200,5,1.0,predictive,P1+P2,0.001,15,30.0,False,False,False,0.0002783880870079903,0.00041607273323617655,57.72964577443687,9.995839272667643,4.362678127480002,0.902448036708793,4.739034563143562,49.97919636333823,1.1550735100811647,0.4997919636333822,5.081705896001311,5.869743866494384,0.24087914019149786,0.4581789350005777,0.09024480367087931,2.4441195907812183,0.09024480367087932,0.8,self,,0.0,7.639430522918701,ok
C3,0.5,0.6,1.0,0.1,20,200,5,1.0,predictive,P1+P2,0.001,15,100.0,False,False,False,0.0015304601931839389,0.0022675420875375232,64.90812101177107,9.977324579124595,2.826508445497667,2.009507251700182,5.186659723677556,49.886622895623184,1.3011127481524873,0.49886622895622973,5.144435418956427,6.69349050565139,0.32453473570881525,0.9451862322553652,0.20095072517001822,3.548499896892662,0.200950725170018,0.8,self,,0.0,7.6351494789123535,ok
C3,0.5,0.6,1.0,0.1,20,200,5,1.0,predictive,P1+P2,0.001,15,300.0,False,False,False,0.005449629994955578,0.00799366552958684,75.96268062717513,9.920063344704129,1.5918447691733264,3.5007614547540387,4.987330431368505,49.60031672352051,1.531495878355018,0.49600316723520643,5.405062785888554,8.277831378838412,0.3116716261579051,1.23506752114729,0.3500761454754039,3.9521345385663045,0.3500761454754041,0.8,self,,0.0,7.5384604930877686,ok
C3,0.5,0.6,1.0,0.1,20,200,5,1.0,predictive,P1+P2,0.001,15,1000.0,False,False,False,0.013321342177712798,0.01933956238731082,89.56626117651815,9.806604376126884,0.6870954269442809,5.117885046131475,4.38841515079736,49.033021880634436,1.8266518713563582,0.4903302188063442,5.766310016154205,10.533040981828991,0.2674974541607614,1.306723040978001,0.5117885046131475,3.789967987684973,0.5117885046131473,0.8,self,,0.0,7.474219560623169,ok
C3,0.5,0.6,1.0,0.1,20,200,5,1.0,predictive,P1+P2,0.001,20,3.0,False,False,False,1.4513990566443055e-06,2.200442711250448e-06,52.43460301415549,9.999977995572882,8.429584441524035,0.18806511341668983,1.3823724494863932,49.99988997786452,1.0486943678749863,0.4999988997786441,5.732113543112423,6.01123518868193,0.4257816988934147,0.7646065635884558,0.018806511341668983,1.0205296024713788,0.018806511341669056,0.8,self,,0.0,38.688430309295654,ok
C3,0.5,0.6,1.0,0.1,20,200,5,1.0,predictive,P1+P2,0.001,20,10.0,False,False,False,9.466595100305221e-06,1.4286253410037744e-05,53.06752421010401,9.999857137465908,7.150882073824249,0.47760669673092215,2.3716540919789217,49.9992856873295,1.061365647140676,0.49999285687329537,5.552470037651188,5.893200954740868,0.48080196109878653,1.3603455427232567,0.04776066967309222,1.9435525935772173,0.047760669673092344,0.8,self,,0.0,39.16466450691223,ok
C3,0.5,0.6,1.0,0.1,20,200,5,1.0,predictive,P1+P2,0.001,20,30.0,False,False,False,8.03604864624369e-05,0.00012051715631256857,54.96112935559258,9.998794828436896,5.4935152205516395,1.0979363976393985,3.4097535533720666,49.99397414218443,1.0993550782596602,0.49993974142184483,5.411420117953968,5.949072187269184,0.4821569405956458,2.0626850184749954,0.10979363976393985,3.198934976442317,0.1097936397639399,0.8,self,,0.0,39.087318897247314,ok
C3,0.5,0.6,1.0,0.1,20,200,5,1.0,predictive,P1+P2,0.001,20,100.0,False,False,False,0.0007891155705259579,0.0011722266323725122,60.947740946103764,9.988277733676258,3.459080622798733,2.3943170294856926,4.158324614039316,49.94138866838139,1.2203853871746793,0.49941388668381287,5.435935058589551,6.633935711133222,0.4622484683811673,2.7203267675215628,0.23943170294856927,4.465146534623027,0.2394317029485695,0.8,self,,0.0,39.102137327194214,ok
C3,0.5,0.6,1.0,0.1,20,200,5,1.0,predictive,P1+P2,0.001,20,300.0,False,False,False,0.0038946963419411213,0.005724785617548236,71.85925693472491,9.942752143824515,1.868109230728511,4.034396460891915,4.154742164555058,49.7137607191226,1.445460087815967,0.4971376071912258,5.676551357542866,8.205228423765758,0.4224890537142859,2.9306892851928237,0.40343964608919153,4.765283924321654,0.40343964608918986,0.8,self,,0.0,39.16033887863159,ok
C3,0.5,0.6,1.0,0.1,20,200,5,1.0,predictive,P1+P2,0.001,20,1000.0,False,False,False,0.011066930724044981,0.016098384737152183,86.08044396435454,9.839016152628469,0.774688871409101,5.692740695858298,3.693554280104132,49.195080763142556,1.7497774702068762,0.49195080763142346,6.014390453017491,10.523844911717333,0.36830102539441,2.787414358002909,0.5692740695858298,4.361210154613604,0.5692740695858262,0.8,self,,0.0,39.6763379573822,ok
C3,0.5,0.6,1.0,0.1,20,200,5,1.0,predictive,P1+P2 (protect),0.001,5,3.0,True,True,False,1.085177639507835e-05,1.637832054956166e-05,53.18406436811183,9.999836216794519,7.020325379949528,0.1593159383590523,2.820522464896901,49.999181083972445,1.0636987089606618,0.49999181083972594,5.403339189106694,5.747524919529339,2.6152145059929154e-18,2.6210525371487954e-18,0.01593159383590523,0.7267898827447866,0.015931593835905238,0.8,self,,0.0,1.042630910873413,ok
C3,0.5,0.6,1.0,0.1,20,200,5,1.0,predictive,P1+P2 (protect),0.001,5,10.0,True,True,False,6.458104862308521e-05,9.698278227874654e-05,54.77315879389398,9.999030172177209,5.677960768260319,0.3917537626636748,3.931255296898798,49.99515086088604,1.095569427249114,0.49995150860886045,5.187606757611784,5.683383364230376,1.1296578199848007e-12,1.1380111663791091e-12,0.03917537626636748,1.3375232262631553,0.039175376266367565,0.8,self,,0.0,1.077928066253662,ok
C3,0.5,0.6,1.0,0.1,20,200,5,1.0,predictive,P1+P2 (protect),0.001,5,30.0,True,True,False,0.0003603588759941765,0.0005377538342396058,58.29559494431913,9.994622461657631,4.260246449519027,0.8833422242207916,4.86178886460255,49.97311230828795,1.1665392098192553,0.49973112308288153,5.050957638650667,5.892140132622081,1.7620303144075615e-08,1.8003424074629335e-08,0.08833422242207917,2.1168761977388515,0.08833422242207925,0.8,self,,0.0,1.069234848022461,ok
C3,0.5,0.6,1.0,0.1,20,200,5,1.0,predictive,P1+P2 (protect),0.001,5,100.0,True,True,False,0.001977217328559597,0.0029235240905240586,66.35981176719666,9.970764759094783,2.704566905189134,1.9296388555762671,5.395029480139817,49.85382379547379,1.331087702308232,0.4985382379547391,5.084431590051827,6.767824362745477,2.976567599290656e-05,3.178109657245182e-05,0.19296388555762672,2.9200993140837395,0.19296388555762709,0.8,self,,0.0,1.2396831512451172,ok
C3,0.5,0.6,1.0,0.1,20,200,5,1.0,predictive,P1+P2 (protect),0.001,5,300.0,True,True,False,0.006584219809550188,0.009637301006919376,78.03732513459403,9.903626989930817,1.5115192734127187,3.335439677174112,5.249414059482352,49.51813494965393,1.5759342554790507,0.49518134949654086,5.31860489534874,8.38177164593865,0.0015066447280667969,0.0017636993082846815,0.33354396771741124,3.278375772738277,0.33354396771741174,0.8,self,,0.0,1.0590760707855225,ok
C3,0.5,0.6,1.0,0.1,20,200,5,1.0,predictive,P1+P2 (protect),0.001,5,1000.0,True,True,False,0.015146453826250527,0.021941859424838422,91.69761303821171,9.78058140575162,0.6549618462253045,4.895307613386773,4.669149134636302,48.90290702875803,1.8750953391030039,0.489029070287581,5.665592286381927,10.623525689452682,0.00989165017291351,0.013408324412203652,0.48953076133867734,3.2806907539664234,0.48953076133867685,0.8,self,,0.0,1.1737468242645264,ok
C3,0.5,0.6,1.0,0.1,20,200,5,1.0,predictive,P1+P2 (protect),0.001,10,3.0,True,True,False,1.085174360889432e-05,1.6378272219774156e-05,53.18406426582177,9.999836217277805,7.020325384967303,0.1593159326687403,2.8205224650861522,49.99918108638903,1.0636987068634158,0.4999918108638902,5.403339188280905,5.747524907318818,1.3737011062938356e-08,1.403150831647103e-08,0.01593159326687403,0.7267898771352268,0.015931593266874,0.8,self,,0.0,1.2403881549835205,ok
C3,0.5,0.6,1.0,0.1,20,200,5,1.0,predictive,P1+P2 (protect),0.001,10,10.0,True,True,False,6.4548752748689e-05,9.693522794976234e-05,54.773063449943656,9.999030647720506,5.677965652824997,0.39175169505884755,3.93125200439565,49.99515323860252,1.0955674680811258,0.4999515323860253,5.187607260927667,5.683373752253789,1.8575605039428895e-05,1.9876893570716922e-05,0.03917516950588476,1.3375157836732323,0.0391751695058847,0.8,self,,0.0,1.3007469177246094,ok
C3,0.5,0.6,1.0,0.1,20,200,5,1.0,predictive,P1+P2 (protect),0.001,10,30.0,True,True,False,0.00035674053255297885,0.0005324411499754625,58.28622494307945,9.994675588500268,4.26068856003178,0.8833426493589478,4.861293202109004,49.97337794250125,1.1663455092057788,0.4997337794250134,5.051077507950756,5.891301568048681,0.001979574559019848,0.002372363650012812,0.08833426493589479,2.116051784018224,0.08833426493589482,0.8,self,,0.0,1.2854609489440918,ok
C3,0.5,0.6,1.0,0.1,20,200,5,1.0,predictive,P1+P2 (protect),0.001,10,100.0,True,True,False,0.0018921880403578626,0.0027995699853594312,66.192596862606,9.972004300146404,2.710440375155746,1.9333320173229829,5.384223307374867,49.86002150073211,1.3275685583415577,0.4986002150073202,5.087611171992774,6.7541526290048495,0.03236156916388668,0.050307876485539235,0.1933332017322983,2.904581894683126,0.1933332017322982,0.8,self,,0.0,1.2570030689239502,ok
C3,0.5,0.6,1.0,0.1,20,200,5,1.0,predictive,P1+P2 (protect),0.001,10,300.0,True,True,False,0.006226132957638394,0.00912096279229184,77.52876067462601,9.908790372077092,1.5225377833441138,3.3591045410631692,5.209567303515624,49.54395186038536,1.564848135108433,0.4954395186038546,5.3319293829115075,8.34365975137893,0.08726604606494574,0.18780187923656053,0.3359104541063169,3.225883812768528,0.3359104541063155,0.8,self,,0.0,1.2752153873443604,ok
C3,0.5,0.6,1.0,0.1,20,200,5,1.0,predictive,P1+P2 (protect),0.001,10,1000.0,True,True,False,0.014496001700686233,0.0210171934827141,91.02849877918592,9.789828065172868,0.6618203076096909,4.944540704715552,4.603810922501889,48.949140325864384,1.85965469818654,0.4894914032586434,5.689126689655703,10.579811176996666,0.11414093767770303,0.327540494134878,0.4944540704715552,3.1924633214232925,0.4944540704715543,0.8,self,,0.0,1.3785851001739502,ok
C3,0.5,0.6,1.0,0.1,20,200,5,1.0,predictive,P1+P2 (protect),0.001,15,3.0,True,True,False,9.074794250353615e-06,1.3710625716722728e-05,53.13868262227502,9.999862893742833,7.043951261011636,0.15800967794504567,2.7981761673004852,49.99931446871414,1.0627882239370554,0.4999931446871416,5.408187806572301,5.747758313665015,0.005872483071679019,0.006325326678047251,0.01580096779450457,0.71215003391671,0.015800967794504586,0.8,self,,0.0,2.499603748321533,ok
C3,0.5,0.6,1.0,0.1,20,200,5,1.0,predictive,P1+P2 (protect),0.001,15,10.0,True,True,False,3.7703870789887735e-05,5.676361525308908e-05,54.3273997500699,9.99943236384748,5.840642379557912,0.39497611529452725,3.7649491413000797,49.997161819237405,1.0866096748949128,0.499971618192374,5.225668533107522,5.678261985868541,0.06339967504964393,0.07920947399479106,0.03949761152945273,1.2198437870191219,0.03949761152945271,0.8,self,,0.0,2.4468886852264404,ok
C3,0.5,0.6,1.0,0.1,20,200,5,1.0,predictive,P1+P2 (protect),0.001,15,30.0,True,True,False,0.0001708080601392743,0.0002557467813113556,56.6138856753443,9.997442532186925,4.631929741625057,0.9414602481299251,4.429167478058093,49.98721266093428,1.1325673639648417,0.49987212660934627,5.157716433897242,5.841461305617144,0.2021051874586648,0.33918671528287264,0.09414602481299252,1.7879897527138402,0.09414602481299267,0.8,self,,0.0,2.425530433654785,ok
C3,0.5,0.6,1.0,0.1,20,200,5,1.0,predictive,P1+P2 (protect),0.001,15,100.0,True,True,False,0.0011130353544250575,0.001650893618547031,62.821956551768146,9.983491063814533,3.0821139277346914,2.1626355654960445,4.771759442954731,49.9174553190727,1.2585168084031886,0.4991745531907267,5.261988606818004,6.622301107306535,0.30826278722593264,0.8126856937767091,0.21626355654960447,2.4257705286601507,0.21626355654960505,0.8,self,,0.0,2.607788324356079,ok
C3,0.5,0.6,1.0,0.1,20,200,5,1.0,predictive,P1+P2 (protect),0.001,15,300.0,True,True,False,0.004721584509976627,0.006928981776500092,73.88782409538763,9.93071018223498,1.7192047065356844,3.7460607460768878,4.604024365152448,49.653550911174904,1.4880672729240523,0.49653550911174904,5.530024284964668,8.229048156931155,0.3042680007697447,1.1373828680933316,0.3746060746076888,2.755196216515189,0.3746060746076905,0.8,self,,0.0,2.4291937351226807,ok
C3,0.5,0.6,1.0,0.1,20,200,5,1.0,predictive,P1+P2 (protect),0.001,15,1000.0,True,True,False,0.012570534513315341,0.01825292191251323,88.14814982329318,9.81747078087489,0.7264511734846819,5.368858738083794,4.087219307556634,49.08735390437445,1.795740507728566,0.49087353904374453,5.873634839862148,10.547524009546247,0.2612038543028972,1.2382773625628822,0.5368858738083795,2.7677235914964737,0.5368858738083763,0.8,self,,0.0,2.4490442276000977,ok
C3,0.5,0.6,1.0,0.1,20,200,5,1.0,predictive,P1+P2 (protect),0.001,20,3.0,True,True,False,1.6381548711645428e-07,2.4956004433699097e-07,52.14700955181369,9.999997504399557,9.667013298179874,0.17454978803932392,0.1584394093812449,49.99998752199774,1.04294045131254,0.49999987521997785,6.006188486920972,6.26409693121754,0.13542527019323297,0.1584394093812457,0.017454978803932392,0.14190567471579227,0.0174549788039324,0.8,self,,0.0,7.885283470153809,ok
C3,0.5,0.6,1.0,0.1,20,200,5,1.0,predictive,P1+P2 (protect),0.001,20,10.0,True,True,False,6.655489284149928e-07,1.0095846098722229e-06,52.263040751640546,9.999989904153896,8.984119418467891,0.5455477252082147,0.47034295216999844,49.999949520769505,1.0452618703131085,0.4999994952076948,5.9916207692609005,6.262812731484514,0.3005605698988842,0.4703429521699911,0.05455477252082147,0.4191163894003443,0.0545547725208216,0.8,self,,0.0,7.951472759246826,ok
C3,0.5,0.6,1.0,0.1,20,200,5,1.0,predictive,P1+P2 (protect),0.001,20,30.0,True,True,False,9.12480454357543e-06,1.3731804312656377e-05,52.80557219478889,9.999862681956877,7.517665843796349,1.3997975521680441,1.0826739220787296,49.99931340978428,1.0561259464106052,0.49999313409784385,5.981939457196618,6.31768147060272,0.4227523326218847,1.0826739220787338,0.13997975521680442,0.9549497627674368,0.1399797552168046,0.8,self,,0.0,7.7611095905303955,ok
C3,0.5,0.6,1.0,0.1,20,200,5,1.0,predictive,P1+P2 (protect),0.001,20,100.0,True,True,False,0.0002766516356200838,0.00041148291155186493,56.27727380367603,9.995885170884435,4.850312349540494,3.1649073436906656,1.9888951358844054,49.97942585442232,1.126008809456871,0.49979425854422177,6.042367031938087,6.803758507934053,0.4449574077157138,1.9888951358843596,0.3164907343690666,1.7276326344741337,0.3164907343690665,0.8,self,,0.0,7.760646343231201,ok
C3,0.5,0.6,1.0,0.1,20,200,5,1.0,predictive,P1+P2 (protect),0.001,20,300.0,True,True,False,0.002633965958361306,0.003872405512321974,66.63650281172959,9.961275944876805,2.4604055794336626,5.088103902355305,2.490214573334227,49.80637972438376,1.3379109901277624,0.49806379724384026,6.21330380881561,8.31284745081709,0.4139209266015708,2.4902145733342245,0.5088103902355305,2.134848402572056,0.5088103902355325,0.8,self,,0.0,7.879932403564453,ok
C3,0.5,0.6,1.0,0.1,20,200,5,1.0,predictive,P1+P2 (protect),0.001,20,1000.0,True,True,False,0.009621208868879511,0.013994043683431654,82.42904198912882,9.860059563165619,0.9428931406299438,6.683821506399942,2.513225789804495,49.30029781582868,1.6719785810840195,0.4930029781582809,6.4328737823436875,10.755627178895589,0.35945971910880165,2.51322578980441,0.6683821506399943,2.1413082391317455,0.6683821506399945,0.8,self,,0.0,7.803145408630371,ok
C3,0.5,0.6,1.0,0.1,20,200,5,1.0,predictive,NoCancel,0.0026101572156825357,0,1.0,False,False,True,4.6221454696919186e-07,7.020766678532539e-07,52.22990340926357,9.999992979233333,9.257669556477397,0.2416397299324406,0.5006977343568284,49.99996489616666,1.0445988015737162,0.49999964896166665,5.939068225898771,6.2039435512383925,0.0,0.0,0.024163972993244062,0.0,0.024163972993244052,0.8,self,,0.0,13.04777479171753,ok
C3,0.5,0.6,1.0,0.1,20,200,5,1.0,predictive,P2 only,0.0026101572156825357,0,3.0,False,False,False,5.102124983157988e-05,7.668264344108548e-05,54.49661325993032,9.999233173565587,5.847426649433347,0.35195747157144386,3.8013827054296225,49.99616586782786,1.090015850495417,0.49996165867827935,5.21094994175099,5.680018032646749,0.0,0.0,0.03519574715714439,1.2533001964721076,0.03519574715714429,0.8,self,,0.0,1.0070815086364746,ok
C3,0.5,0.6,1.0,0.1,20,200,5,1.0,predictive,P2 only,0.0026101572156825357,0,10.0,False,False,False,0.0003020138826288642,0.00045105026533936413,57.803943265840594,9.995489497346634,4.404572909764019,0.81659090445403,4.7833466884353175,49.9774474867331,1.1566005503019157,0.49977447486733173,5.058744783036859,5.850946999897376,0.0,0.0,0.08165909044540301,2.0377152248911385,0.0816590904454032,0.8,self,,0.0,1.0465238094329834,ok
C3,0.5,0.6,1.0,0.1,20,200,5,1.0,predictive,P2 only,0.0026101572156825357,0,30.0,False,False,False,0.0014497879775338725,0.0021480524410582755,64.35486246732847,9.978519475589394,2.9967190805920616,1.6773869119102722,5.347374531908272,49.89259737794707,1.2898679533524113,0.4989259737794697,5.058411547524726,6.524682950019923,0.0,0.0,0.16773869119102724,2.7900661843721157,0.16773869119102758,0.8,self,,0.0,1.0007860660552979,ok
C3,0.5,0.6,1.0,0.1,20,200,5,1.0,predictive,P2 only,0.0026101572156825357,0,100.0,False,False,False,0.005793255064732891,0.008490592982619272,76.43196294688659,9.915094070173797,1.6406028070253553,3.147309885597847,5.296993237203,49.57547035086899,1.5417294562399817,0.4957547035086899,5.281302945322259,8.1423403181303,0.0,0.0,0.3147309885597847,3.25884803817287,0.3147309885597836,0.8,self,,0.0,1.0435657501220703,ok
C3,0.5,0.6,1.0,0.1,20,200,5,1.0,predictive,P2 only,0.0026101572156825357,0,300.0,False,False,False,0.013344052833450167,0.019365119538386974,89.18086414839846,9.806348804616144,0.787516651824081,4.6103845135567205,4.795750030003054,49.03174402308075,1.8188393238963372,0.4903174402308072,5.598057699418325,10.18196748114271,0.0,0.0,0.46103845135567206,3.2974205414572135,0.4610384513556738,0.8,self,,0.0,1.0106017589569092,ok
C3,0.5,0.6,1.0,0.1,20,200,5,1.0,predictive,P2 only,0.0026101572156825357,0,1000.0,False,False,False,0.021192857361298452,0.030540673728515707,99.43773365525246,9.694593262714871,0.30135004443909247,5.760487252362575,4.243569440483461,48.47296631357434,2.0514059942604748,0.48472966313574356,5.878782125883744,12.059768891989249,0.0,0.0,0.5760487252362575,3.2494187865315833,0.5760487252362574,0.8,self,,0.0,1.0322790145874023,ok
C3,0.5,0.6,1.0,0.1,20,200,5,1.0,predictive,P1 only,0.0026101572156825357,5,1.0,False,False,False,1.3229574276981861e-05,1.9959270965546323e-05,53.31615233329425,9.999800407290342,6.856393798100314,0.17896265745672496,2.9648431371526183,49.99900203645172,1.0663443301213125,0.4999900203645171,5.3737315012094555,5.7302481179089915,1.8912631536546842e-18,1.894937713330957e-18,0.017896265745672497,0.7931940689478397,0.017896265745672494,0.8,self,,0.0,1.2600138187408447,ok
C3,0.5,0.6,1.0,0.1,20,200,5,1.0,predictive,P1 only,0.0026101572156825357,10,1.0,False,False,False,1.3229566994362324e-05,1.995926023301877e-05,53.316152310848196,9.999800407397673,6.8563937992471615,0.1789626574866602,2.964843135868504,49.999002036988244,1.0663443296609398,0.49999002036988366,5.37373150151978,5.730248115765985,1.9447872138413686e-08,1.98605101373997e-08,0.017896265748666023,0.7931940846690105,0.017896265748665968,0.8,self,,0.0,1.8545801639556885,ok
C3,0.5,0.6,1.0,0.1,20,200,5,1.0,predictive,P1 only,0.0026101572156825357,15,1.0,False,False,False,1.261962744446625e-05,1.9044599683331614e-05,53.302855330922775,9.999809554003189,6.862720394326303,0.17912779156462483,2.9583422601058835,49.99904777001579,1.0660774096359544,0.4999904777001595,5.375224231501869,5.730405124931926,0.013366304397122294,0.015150341280613851,0.017912779156462482,0.8036172455946239,0.01791277915646251,0.8,self,,0.0,7.4908528327941895,ok
C3,0.5,0.6,1.0,0.1,20,200,5,1.0,predictive,P1 only,0.0026101572156825357,20,1.0,False,False,False,1.854978096599585e-06,2.810891951511739e-06,52.4928237785092,9.999971891080483,8.267614007181734,0.2157977235732341,1.5166163781645494,49.99985945540241,1.0498594266115968,0.4999985945540241,5.705999568369617,5.990497435094546,0.44085928674904734,0.8396057224975186,0.02157977235732341,1.1333517712049956,0.021579772357323453,0.8,self,,0.0,38.92586040496826,ok
C3,0.5,0.6,1.0,0.1,20,200,5,1.0,predictive,P1 only (protect),0.0026101572156825357,5,1.0,True,True,False,1.322957427698183e-05,1.995927096554628e-05,53.316152333294255,9.999800407290344,6.856393798100314,0.17896265745672507,2.9648431371526165,49.99900203645172,1.0663443301213127,0.49999002036451723,5.373731501209456,5.730248117908994,1.838231439306491e-18,1.841793336906265e-18,0.017896265745672508,0.79319406894784,0.017896265745672497,0.8,self,,0.0,1.059432029724121,ok
C3,0.5,0.6,1.0,0.1,20,200,5,1.0,predictive,P1 only (protect),0.0026101572156825357,10,1.0,True,True,False,1.322949989891055e-05,1.995916131751028e-05,53.31615210032805,9.999800408386815,6.856393809868345,0.17896263701336465,2.964843144731476,49.99900204193417,1.0663443253449696,0.4999900204193407,5.373731496590139,5.730248087316426,1.5750406197689475e-08,1.6043557037645204e-08,0.017896263701336467,0.7931940616050698,0.017896263701336484,0.8,self,,0.0,1.275207757949829,ok
C3,0.5,0.6,1.0,0.1,20,200,5,1.0,predictive,P1 only (protect),0.0026101572156825357,15,1.0,True,True,False,1.0395085438901559e-05,1.5703919036198498e-05,53.243959410627106,9.999842960809623,6.893441343240061,0.17410379888416563,2.932611897066149,49.99921480404811,1.0648959112517162,0.49999214804048114,5.380278148448509,5.729436201679771,0.006307622014745438,0.006731276649533954,0.017410379888416563,0.7704261009475591,0.017410379888416545,0.8,self,,0.0,2.519303321838379,ok
C3,0.5,0.6,1.0,0.1,20,200,5,1.0,predictive,P1 only (protect),0.0026101572156825357,20,1.0,True,True,False,1.5019393762722608e-07,2.2886794777266703e-07,52.14168143079748,9.999997711320523,9.708743092550653,0.15244439030989562,0.13881480581892802,49.99998855660255,1.042833867287198,0.49999988556602615,6.00729111813332,6.264606628643006,0.12094231073299369,0.13881480581893385,0.015244439030989564,0.12436837452307128,0.01524443903098959,0.8,self,,0.0,7.641589641571045,ok
C3,0.5,0.6,1.0,0.1,20,200,5,1.0,predictive,P1+P2,0.0026101572156825357,5,3.0,False,False,False,5.102124983141359e-05,7.668264344085059e-05,54.4966132599302,9.999233173565594,5.8474266494333484,0.35195747157144414,3.8013827054296137,49.99616586782788,1.0900158504954143,0.4999616586782797,5.210949941750993,5.680018032646738,1.3572714089398418e-13,1.3651428590763357e-13,0.035195747157144415,1.2533001964721573,0.03519574715714428,0.8,self,,0.0,1.2821719646453857,ok
C3,0.5,0.6,1.0,0.1,20,200,5,1.0,predictive,P1+P2,0.0026101572156825357,5,10.0,False,False,False,0.00030201387462722065,0.0004510502540458993,57.80394325952969,9.99548949745956,4.40457290977905,0.8165909044598891,4.783346688301499,49.97744748729761,1.1566005501625765,0.49977447487297805,5.058744783084911,5.850946999248071,6.429452171125016e-09,6.551474047650396e-09,0.08165909044598892,2.037715227230026,0.08165909044598883,0.8,self,,0.0,1.063612461090088,ok
C3,0.5,0.6,1.0,0.1,20,200,5,1.0,predictive,P1+P2,0.0026101572156825357,5,30.0,False,False,False,0.001449776558388784,0.002148036358760335,64.35485372363117,9.978519636412392,2.9967191293481084,1.6773869474417924,5.347374286797708,49.892598182061924,1.2898677573133266,0.4989259818206196,5.058411632348878,6.52468206778549,8.835406281462855e-06,9.313251316594416e-06,0.16773869474417924,2.790069330597638,0.1677386947441793,0.8,self,,0.0,1.1175849437713623,ok
C3,0.5,0.6,1.0,0.1,20,200,5,1.0,predictive,P1+P2,0.0026101572156825357,5,100.0,False,False,False,0.005791747887407101,0.008488482160164143,76.43089502937352,9.915115178398338,1.6406090900904169,3.1473232931697233,5.296952438341522,49.575575891991775,1.5417046328597432,0.4957557589199169,5.281317339955477,8.142231410611855,0.0010575031194416673,0.0012194434646485416,0.31473232931697237,3.259204620153527,0.3147323293169729,0.8,self,,0.0,1.1362273693084717,ok
C3,0.5,0.6,1.0,0.1,20,200,5,1.0,predictive,P1+P2,0.0026101572156825357,5,300.0,False,False,False,0.013331220626073406,0.01934730686144226,89.17276625523435,9.806526931385582,0.7875503979293039,4.610585443447718,4.795337227237396,49.032634656927925,1.8186411331791437,0.4903263465692791,5.598207829857899,10.181131031465124,0.007904834746703802,0.010403104596368845,0.46105854434477184,3.299766775713959,0.46105854434477306,0.8,self,,0.0,1.1029243469238281,ok
C3,0.5,0.6,1.0,0.1,20,200,5,1.0,predictive,P1+P2,0.0026101572156825357,5,1000.0,False,False,False,0.02116583683529086,0.030503576055238298,99.42280228260938,9.694964239447573,0.3013813972814165,5.761043839641692,4.242610523629318,48.47482119723805,2.0510194741734127,0.48474821197237866,5.879137944225902,12.058226414959169,0.015631489655310575,0.02306488172105054,0.5761043839641692,3.252935558059819,0.5761043839641679,0.8,self,,0.0,1.1263177394866943,ok
C3,0.5,0.6,1.0,0.1,20,200,5,1.0,predictive,P1+P2,0.0026101572156825357,10,3.0,False,False,False,5.101811105933107e-05,7.667802302305204e-05,54.49660411592739,9.99923321976975,5.847427123933928,0.35195750202355724,3.8013821542727655,49.9961660988488,1.0900156625646185,0.4999616609884875,5.2109500776138535,5.680017201441415,7.4120059069889774e-06,7.851819906919744e-06,0.03519575020235573,1.2533063743542614,0.035195750202355804,0.8,self,,0.0,1.8012478351593018,ok
C3,0.5,0.6,1.0,0.1,20,200,5,1.0,predictive,P1+P2,0.0026101572156825357,10,10.0,False,False,False,0.00030121059661495237,0.00044987177996543503,57.801939395490564,9.995501282200332,4.404666760195125,0.816609354212387,4.783222603392156,49.977506411001784,1.1565590912068064,0.4997750641100166,5.0587773221773515,5.85077490235504,0.0013834135339529238,0.001637095353870607,0.0816609354212387,2.0389560675364162,0.08166093542123873,0.8,self,,0.0,1.8696341514587402,ok
C3,0.5,0.6,1.0,0.1,20,200,5,1.0,predictive,P1+P2,0.0026101572156825357,10,30.0,False,False,False,0.0014266011635574512,0.002114265456212035,64.31040013323572,9.978857345437854,2.9982962297798808,1.6783034634406668,5.344542961341599,49.89428672718955,1.2889331494980607,0.4989428672718927,5.05923897080573,6.521020820703956,0.023006004880676296,0.033893974851174104,0.16783034634406668,2.8133109228749493,0.16783034634406657,0.8,self,,0.0,1.9490456581115723,ok
C3,0.5,0.6,1.0,0.1,20,200,5,1.0,predictive,P1+P2,0.0026101572156825357,10,100.0,False,False,False,0.0056131323586416796,0.00823137134230352,76.19274791523536,9.91768628657698,1.6455689423775466,3.15697341167647,5.279771359369003,49.588431432884775,1.536502480792482,0.49588431432884905,5.287031159922398,8.123536493247919,0.08361854416159858,0.17446345985793998,0.315697341167647,3.352178406948315,0.3156973411676474,0.8,self,,0.0,1.7478432655334473,ok
C3,0.5,0.6,1.0,0.1,20,200,5,1.0,predictive,P1+P2,0.0026101572156825357,10,300.0,False,False,False,0.012924082545313763,0.018769182595150487,88.77159898639047,9.81230817404851,0.7917706035213686,4.634930659173455,4.760990563256666,49.06154087024253,1.8093928036457865,0.49061540870242554,5.610486803421973,10.151574447061371,0.11419373693027474,0.3147548224537012,0.4634930659173455,3.4149505724086193,0.46349306591734524,0.8,self,,0.0,1.7301523685455322,ok
C3,0.5,0.6,1.0,0.1,20,200,5,1.0,predictive,P1+P2,0.0026101572156825357,10,1000.0,False,False,False,0.020636949754954736,0.029761910219341502,99.00739418187528,9.70238089780658,0.30313151963378654,5.792764198809156,4.201723383750477,48.51190448903287,2.0408886277441027,0.48511904489032903,5.894247486676732,12.029502664667802,0.1183509578186285,0.37956534683330734,0.5792764198809156,3.3406796920872814,0.5792764198809157,0.8,self,,0.0,1.7553749084472656,ok
C3,0.5,0.6,1.0,0.1,20,200,5,1.0,predictive,P1+P2,0.0026101572156825357,15,3.0,False,False,False,4.4574340103897685e-05,6.704365893371556e-05,54.40210421356996,9.999329563410647,5.879960775373796,0.35378453130308246,3.766925129912474,49.99664781705338,1.0881150354847176,0.49996647817053236,5.219012428725492,5.67888589407782,0.07369222792652297,0.0969055221736855,0.03537845313030825,1.3216668581361377,0.035378453130308365,0.8,self,,0.0,7.566166162490845,ok
C3,0.5,0.6,1.0,0.1,20,200,5,1.0,predictive,P1+P2,0.0026101572156825357,15,10.0,False,False,False,0.00023538276790466847,0.0003520529958324277,57.30708461364535,9.996479470041672,4.500846010978873,0.8327900946176511,4.669884424361803,49.98239735020837,1.1465453369936536,0.49982397350208363,5.086925620845314,5.8323908502137405,0.22703899308723763,0.4141889872943661,0.08327900946176511,2.334221193514456,0.08327900946176527,0.8,self,,0.0,7.500880718231201,ok
C3,0.5,0.6,1.0,0.1,20,200,5,1.0,predictive,P1+P2,0.0026101572156825357,15,30.0,False,False,False,0.0011123698500408296,0.0016513598203073817,63.09015244657304,9.98348640179692,3.1213041700380018,1.7412773208839385,5.15393210728114,49.91743200898464,1.2638901864025667,0.499174320089846,5.112405429564082,6.461519051337241,0.3184161848085432,0.8554835447059237,0.17412773208839386,3.373373861917475,0.1741277320883938,0.8,self,,0.0,7.457735300064087,ok
C3,0.5,0.6,1.0,0.1,20,200,5,1.0,predictive,P1+P2,0.0026101572156825357,15,100.0,False,False,False,0.004751532522003449,0.006978839504148729,74.4045392579779,9.930211604958503,1.7273576733571891,3.302446269599789,5.039984452084519,49.65105802479247,1.4985489175442177,0.49651058024792516,5.364885870493728,8.039543913976644,0.3158541271326246,1.2117988104008437,0.3302446269599789,3.9411920089289056,0.33024462695998014,0.8,self,,0.0,7.566164255142212,ok
C3,0.5,0.6,1.0,0.1,20,200,5,1.0,predictive,P1+P2,0.0026101572156825357,15,300.0,False,False,False,0.011609434497664183,0.01688503964260403,87.00990338485182,9.831149603573985,0.8273085800001361,4.827108559569192,4.5144332568566865,49.15574801786982,1.7700860406644754,0.49155748017869927,5.697842792123642,10.085671988238756,0.27634835604956476,1.3068165558295033,0.4827108559569192,3.843722289111749,0.4827108559569185,0.8,self,,0.0,7.570540904998779,ok
C3,0.5,0.6,1.0,0.1,20,200,5,1.0,predictive,P1+P2,0.0026101572156825357,15,1000.0,False,False,False,0.01909093485658189,0.027573274091172197,97.46665716655836,9.724267259088265,0.31452818405997,5.988587441878873,3.972617114972892,48.621336295441345,2.004606713692825,0.48621336295441325,5.978672894455344,11.984887823198498,0.2398344756835976,1.276744720736655,0.5988587441878873,3.6190038055303595,0.5988587441878866,0.8,self,,0.0,7.633426666259766,ok
C3,0.5,0.6,1.0,0.1,20,200,5,1.0,predictive,P1+P2,0.0026101572156825357,20,3.0,False,False,False,7.4627654592808915e-06,1.12700778092349e-05,52.96006221359712,9.999887299221928,7.31364001598308,0.4311167755327659,2.2553559092622253,49.99943649610949,1.0592131816869177,0.4999943649610964,5.571718335951861,5.901637506086909,0.4788869749767104,1.284793086023751,0.04311167755327659,1.823044367615288,0.043111677553276544,0.8,self,,0.0,39.00739407539368,ok
C3,0.5,0.6,1.0,0.1,20,200,5,1.0,predictive,P1+P2,0.0026101572156825357,20,10.0,False,False,False,6.448782250076153e-05,9.67893445697379e-05,54.6779687449241,9.999032106554312,5.666597974048988,1.0162221580333621,3.318147761363339,49.9951605327714,1.0936652300392786,0.4999516053277156,5.419831802169436,5.927481594693834,0.4829484014480313,1.9934576118043619,0.10162221580333622,3.072017886066267,0.101622215803336,0.8,self,,0.0,41.505669355392456,ok
C3,0.5,0.6,1.0,0.1,20,200,5,1.0,predictive,P1+P2,0.0026101572156825357,20,30.0,False,False,False,0.0005198681389929585,0.0007739121244331118,59.30840943851117,9.992260878755669,3.847874071035116,2.087819551026078,4.072045499183137,49.96130439377826,1.187086889706925,0.49961304393778344,5.409902855926011,6.422024754857819,0.4679609579934032,2.6198521607607463,0.20878195510260783,4.279499650649068,0.20878195510260825,0.8,self,,0.0,38.43203854560852,ok
C3,0.5,0.6,1.0,0.1,20,200,5,1.0,predictive,P1+P2,0.0026101572156825357,20,100.0,False,False,False,0.0032989607411544096,0.0048557143776176166,70.26565229328172,9.951442856223846,2.0377103686079163,3.8229895051820115,4.187857269986226,49.75721428111917,1.412170140721577,0.4975721428111923,5.638594085874896,7.9626542037218035,0.42843898378726764,2.927356787588115,0.3822989505182012,4.778907135877197,0.3822989505181997,0.8,self,,0.0,38.30860781669617,ok
C3,0.5,0.6,1.0,0.1,20,200,5,1.0,predictive,P1+P2,0.0026101572156825357,20,300.0,False,False,False,0.009465020725024607,0.013793255817381458,83.38873884985297,9.862067441826216,0.9389953132428066,5.402981692496059,3.795955552434918,49.31033720913064,1.6911005596289483,0.49310337209131083,5.951179248246307,10.064042557161514,0.37867330690492207,2.831061839743012,0.5402981692496059,4.46120451443425,0.5402981692496028,0.8,self,,0.0,39.362191677093506,ok
C3,0.5,0.6,1.0,0.1,20,200,5,1.0,predictive,P1+P2,0.0026101572156825357,20,1000.0,False,False,False,0.01655984170994985,0.023965982128547777,94.41866333510531,9.760340178714529,0.34832995399363925,6.5407242816906805,3.3506055856011514,48.801700893572836,1.93474124070008,0.4880170089357264,6.207453273484667,12.009815847929497,0.33606633400078845,2.6204211290863726,0.6540724281690681,4.048875149949502,0.6540724281690719,0.8,self,,0.0,38.76184582710266,ok
C3,0.5,0.6,1.0,0.1,20,200,5,1.0,predictive,P1+P2 (protect),0.0026101572156825357,5,3.0,True,True,False,5.10212498305797e-05,7.668264343967242e-05,54.496613259929504,9.999233173565608,5.847426649433344,0.3519574715713854,3.8013827054296625,49.99616586782794,1.090015850495399,0.4999616586782804,5.210949941750976,5.68001803264664,1.3370331763300913e-13,1.34478491240936e-13,0.035195747157138545,1.253300196472119,0.035195747157138406,0.8,self,,0.0,1.224003791809082,ok
C3,0.5,0.6,1.0,0.1,20,200,5,1.0,predictive,P1+P2 (protect),0.0026101572156825357,5,10.0,True,True,False,0.0003020138593795353,0.0004510502325140102,57.80394324744221,9.995489497674848,4.4045729098036634,0.8165909036391391,4.78334668888235,49.9774474883742,1.1566005498958027,0.4997744748837424,5.058744782862822,5.850946997641663,6.361984962082944e-09,6.482779395202861e-09,0.08165909036391392,2.0377152242977727,0.08165909036391386,0.8,self,,0.0,1.0489084720611572,ok
C3,0.5,0.6,1.0,0.1,20,200,5,1.0,predictive,P1+P2 (protect),0.0026101572156825357,5,30.0,True,True,False,0.0014497649835479881,0.0021480200346099994,64.35484471585085,9.978519799653895,2.9967191780047924,1.677386587129553,5.34737443521176,49.89259899826944,1.289867555668588,0.4989259899826948,5.058411569230586,6.524680966369162,8.755741963232771e-06,9.229605751857556e-06,0.16773865871295532,2.7900648644921966,0.1677386587129554,0.8,self,,0.0,1.0860908031463623,ok
C3,0.5,0.6,1.0,0.1,20,200,5,1.0,predictive,P1+P2 (protect),0.0026101572156825357,5,100.0,True,True,False,0.005790779093529885,0.008487120622390846,76.4301792733291,9.915128793776097,1.6406134044693554,3.1473164891480763,5.296941312606471,49.575643968880556,1.5416880781479223,0.49575643968880484,5.281320874161263,8.142149428568183,0.0010491649216204533,0.001209972916971398,0.31473164891480765,3.2586522314577664,0.31473164891480904,0.8,self,,0.0,1.1040194034576416,ok
C3,0.5,0.6,1.0,0.1,20,200,5,1.0,predictive,P1+P2 (protect),0.0026101572156825357,5,300.0,True,True,False,0.013325289497402675,0.01933901756001579,89.16871827867946,9.806609824399857,0.7875689605000432,4.610647011523799,4.795174203576301,49.03304912199927,1.8185432045398302,0.49033049121999284,5.5982663318318595,10.180689194956951,0.007852504357778487,0.010336865217403792,0.4610647011523799,3.295663741188571,0.46106470115238024,0.8,self,,0.0,1.086496114730835,ok
C3,0.5,0.6,1.0,0.1,20,200,5,1.0,predictive,P1+P2 (protect),0.0026101572156825357,5,1000.0,True,True,False,0.02115644651229045,0.030490536078588554,99.41693809756592,9.6950946392141,0.3013967294769577,5.761269143083191,4.242239488225752,48.475473196070695,2.0508709155958154,0.48475473196070495,5.879275140277382,12.057634389980391,0.01555177715766535,0.022954612803124438,0.5761269143083191,3.2451627562557097,0.5761269143083181,0.8,self,,0.0,1.1339328289031982,ok
C3,0.5,0.6,1.0,0.1,20,200,5,1.0,predictive,P1+P2 (protect),0.0026101572156825357,10,3.0,True,True,False,5.100457913767428e-05,7.665808638346356e-05,54.49656303492386,9.999233419136166,5.847429270702068,0.3519547394784934,3.8013825706832725,49.996167095680896,1.0900148191486412,0.4999616709568083,5.210949598195077,5.680012283869291,6.620776743494373e-06,6.985833757626004e-06,0.03519547394784934,1.2532974421179996,0.03519547394784943,0.8,self,,0.0,1.2456798553466797,ok
C3,0.5,0.6,1.0,0.1,20,200,5,1.0,predictive,P1+P2 (protect),0.0026101572156825357,10,10.0,True,True,False,0.00029939118882630884,0.00044719696299220786,57.79695387049818,9.995528030370082,4.404912833277016,0.8164709039851198,4.783088232367782,49.97764015185045,1.1564562411288284,0.4997764015185041,5.058790835572164,5.850270234362749,0.001289168360089296,0.0015140808459412891,0.08164709039851198,2.0371801973471992,0.08164709039851203,0.8,self,,0.0,1.3618433475494385,ok
C3,0.5,0.6,1.0,0.1,20,200,5,1.0,predictive,P1+P2 (protect),0.0026101572156825357,10,30.0,True,True,False,0.0013948161451324877,0.002067755230835929,64.23873563345875,9.979322447691661,3.0011727718834127,1.6786329054602194,5.340871874964707,49.896612238458154,1.287436816881654,0.49896612238458304,5.06018661694168,6.514670550942541,0.021965115504823614,0.031998982981459284,0.16786329054602195,2.7799644146591582,0.16786329054602162,0.8,self,,0.0,1.395132303237915,ok
C3,0.5,0.6,1.0,0.1,20,200,5,1.0,predictive,P1+P2 (protect),0.0026101572156825357,10,100.0,True,True,False,0.00547059027323645,0.00802465584788949,75.95436475277737,9.91975344152109,1.6517677394933823,3.1667180382845106,5.2617607807010165,49.59876720760562,1.5313760609181089,0.4959876720760545,5.292870527794142,8.105375219802946,0.08130699184808997,0.16791994109548838,0.31667180382845106,3.2113423654739197,0.3166718038284508,0.8,self,,0.0,1.2927536964416504,ok
C3,0.5,0.6,1.0,0.1,20,200,5,1.0,predictive,P1+P2 (protect),0.0026101572156825357,10,300.0,True,True,False,0.012714170317924905,0.01846774720845167,88.50117357516783,9.815322527915482,0.7957054683679872,4.655806020433782,4.733165983282749,49.07661263957727,1.8033268560144486,0.4907661263957741,5.620356516806553,10.135339847133078,0.11180234314536981,0.3065399005369331,0.4655806020433782,3.2132503548601528,0.465580602043379,0.8,self,,0.0,1.361266851425171,ok
C3,0.5,0.6,1.0,0.1,20,200,5,1.0,predictive,P1+P2 (protect),0.0026101572156825357,10,1000.0,True,True,False,0.02043977093123166,0.029481107646308333,98.79867530894612,9.705188923536902,0.3045155176589713,5.815916267040773,4.174379291763354,48.525944617684544,2.0359969514728506,0.4852594461768451,5.904320176151046,12.021177879163174,0.11624625512900306,0.3724073830878773,0.5815916267040774,3.1398671273153265,0.5815916267040742,0.8,self,,0.0,1.2461023330688477,ok
C3,0.5,0.6,1.0,0.1,20,200,5,1.0,predictive,P1+P2 (protect),0.0026101572156825357,15,3.0,True,True,False,3.0043491139605717e-05,4.526694017127207e-05,54.11385616582637,9.999547330598277,5.997396868953482,0.34428075757771887,3.6587750428705217,49.99773665299143,1.0823261169081075,0.49997736652991387,5.242013249465889,5.673567845075266,0.04678435275059029,0.05600767829507238,0.03442807575777189,1.1492612525198147,0.03442807575777186,0.8,self,,0.0,2.4389331340789795,ok
C3,0.5,0.6,1.0,0.1,20,200,5,1.0,predictive,P1+P2 (protect),0.0026101572156825357,15,10.0,True,True,False,0.0001399243096075812,0.00020968535339558472,56.23794669757213,9.997903146466037,4.776279654588561,0.8522416545925044,4.3735755443528985,49.989515732330204,1.124994828889707,0.4998951573233018,5.156908817021314,5.801495752204715,0.1847247597042067,0.2958864271396709,0.08522416545925045,1.721926758573277,0.08522416545925056,0.8,self,,0.0,2.4671449661254883,ok
C3,0.5,0.6,1.0,0.1,20,200,5,1.0,predictive,P1+P2 (protect),0.0026101572156825357,15,30.0,True,True,False,0.0007657270944264315,0.0011382269096777218,61.08713537379165,9.988617730903215,3.406442353577933,1.8599314288375968,4.745008486681256,49.94308865451621,1.2231349125474584,0.49943088654516077,5.223270030738289,6.388763932258837,0.2977154712076891,0.7158421171368475,0.18599314288375968,2.3100969826226145,0.18599314288376034,0.8,self,,0.0,2.587057590484619,ok
C3,0.5,0.6,1.0,0.1,20,200,5,1.0,predictive,P1+P2 (protect),0.0026101572156825357,15,100.0,True,True,False,0.004041912664196914,0.005939722315855869,72.25141591652941,9.94060277684142,1.8723365109165047,3.5373968996286083,4.6496638126134675,49.703013884207216,1.4536626709368783,0.497030138842071,5.489834967183833,7.98036816139912,0.30806330893924194,1.1095632621893579,0.35373968996286087,2.73432548936062,0.3537396899628598,0.8,self,,0.0,2.4543137550354004,ok
C3,0.5,0.6,1.0,0.1,20,200,5,1.0,predictive,P1+P2 (protect),0.0026101572156825357,15,300.0,True,True,False,0.010839199526506626,0.015768159161782015,85.45099145606018,9.842318408382182,0.8785922558938722,5.082450014455291,4.196639321268655,49.21159204191092,1.7363996552537069,0.4921159204191091,5.8096143014410195,10.08781227017919,0.27002884243310693,1.233664804834181,0.5082450014455291,2.780051258373085,0.5082450014455279,0.8,self,,0.0,2.442857265472412,ok
C3,0.5,0.6,1.0,0.1,20,200,5,1.0,predictive,P1+P2 (protect),0.0026101572156825357,15,1000.0,True,True,False,0.018424588165469827,0.02661429197328155,96.43442313146916,9.733857080267203,0.3292644027036101,6.208926933552679,3.727951583476508,48.66928540133591,1.9814226228360063,0.48669285401336015,6.0684460315931,12.024156252457955,0.23374726381160046,1.222515578562384,0.6208926933552679,2.732664354849754,0.6208926933552671,0.8,self,,0.0,2.4375813007354736,ok
C3,0.5,0.6,1.0,0.1,20,200,5,1.0,predictive,P1+P2 (protect),0.0026101572156825357,20,3.0,True,True,False,4.452979302039468e-07,6.763148411822828e-07,52.22291419657003,9.999993236851582,9.183393825890297,0.43549963198023084,0.381113305277891,49.99996618425787,1.0444589903145183,0.4999996618425791,5.995200055218325,6.2617405964068755,0.2639815620223616,0.38111330527789183,0.04354996319802309,0.3401051698370745,0.04354996319802316,0.8,self,,0.0,7.785473346710205,ok
C3,0.5,0.6,1.0,0.1,20,200,5,1.0,predictive,P1+P2 (protect),0.0026101572156825357,20,10.0,True,True,False,6.1704041528123114e-06,9.296860369325774e-06,52.67649413445657,9.999907031396296,7.761330016916079,1.2524640939189067,0.9862988577687188,49.99953515698148,1.053539677300406,0.4999953515698148,5.981529411552074,6.301778566009459,0.4132514098937475,0.9862988577687138,0.12524640939189066,0.8713474351428925,0.12524640939189083,0.8,self,,0.0,7.853259563446045,ok
C3,0.5,0.6,1.0,0.1,20,200,5,1.0,predictive,P1+P2 (protect),0.0026101572156825357,20,30.0,True,True,False,0.00014483383180326592,0.00021596808611220914,55.05390870654978,9.997840319138886,5.44205874210701,2.746821832804891,1.8132791059492135,49.98920159569439,1.1013160232447403,0.4998920159569443,6.019401223402257,6.6292630176718985,0.44670275004998694,1.813279105949229,0.2746821832804891,1.5799537450182453,0.27468218328048916,0.8,self,,0.0,7.759310245513916,ok
C3,0.5,0.6,1.0,0.1,20,200,5,1.0,predictive,P1+P2 (protect),0.0026101572156825357,20,100.0,True,True,False,0.002107695944917229,0.0031031677736842833,64.92140001116326,9.968968322263207,2.716325864964081,4.857496184269837,2.4572096285028753,49.84484161131582,1.3024697824784488,0.4984484161131603,6.187224644391811,8.058673136726298,0.41956174972039273,2.4572096285029277,0.4857496184269837,2.1099022722890437,0.4857496184269848,0.8,self,,0.0,7.7020227909088135,ok
C3,0.5,0.6,1.0,0.1,20,200,5,1.0,predictive,P1+P2 (protect),0.0026101572156825357,20,300.0,True,True,False,0.007999947575338829,0.011657282950902787,79.39142214525509,9.883427170491014,1.158708277727028,6.424163247871202,2.533701303910756,49.417135852454884,1.6065565269159803,0.49417135852455074,6.392718528451709,10.270263676620814,0.37016662918607623,2.533701303910792,0.6424163247871202,2.1574232400059343,0.6424163247871199,0.8,self,,0.0,7.947986125946045,ok
C3,0.5,0.6,1.0,0.1,20,200,5,1.0,predictive,P1+P2 (protect),0.0026101572156825357,20,1000.0,True,True,False,0.015233522751119909,0.02204461603559341,91.73462698267578,9.77955383964407,0.41153428953950205,7.400910195781507,2.408001675034921,48.89776919822005,1.8760493267250127,0.4889776919822035,6.552348065347945,12.292528176463952,0.32641280375630793,2.408001675034895,0.7400910195781507,2.088600994379931,0.7400910195781498,0.8,self,,0.0,7.8748087882995605,ok
C3,0.5,0.6,1.0,0.1,20,200,5,1.0,predictive,NoCancel,0.006812920690579615,0,1.0,False,False,True,2.4156792948758038e-06,3.652637870018619e-06,52.475140126739774,9.999963473621296,8.427796903810453,0.5741791190197311,0.998060503548519,49.99981736810651,1.0495066360024787,0.4999981736810648,5.8768759799179655,6.1678203398874745,0.0,0.0,0.05741791190197311,0.0,0.0574179119019731,0.8,self,,0.0,13.267838478088379,ok
C3,0.5,0.6,1.0,0.1,20,200,5,1.0,predictive,P2 only,0.006812920690579615,0,3.0,False,False,False,0.00023605654335710237,0.0003529521927429753,57.20921953158734,9.996470478072542,4.592202780717201,0.7354481396370136,4.6758786015732445,49.98235239036282,1.1445883756087067,0.4998235239036271,5.07093260278287,5.804130510640476,0.0,0.0,0.07354481396370137,1.9377767437497389,0.07354481396370124,0.8,self,,0.0,1.0323104858398438,ok
C3,0.5,0.6,1.0,0.1,20,200,5,1.0,predictive,P2 only,0.006812920690579615,0,10.0,False,False,False,0.001235201883148475,0.001832046965274228,63.47218075305717,9.98167953034726,3.1368232001524827,1.5655095744105796,5.315987695089678,49.90839765173625,1.2717735639595122,0.49908397651736297,5.04914183168285,6.421365102216358,0.0,0.0,0.15655095744105796,2.72791037100024,0.15655095744105804,0.8,self,,0.0,1.0379664897918701,ok
C3,0.5,0.6,1.0,0.1,20,200,5,1.0,predictive,P2 only,0.006812920690579615,0,30.0,False,False,False,0.004562481836436778,0.0067022304107948886,73.72617414328556,9.932977695892053,1.8769743469893692,2.8277315925129427,5.362316364605635,49.66488847946027,1.484472761350833,0.4966488847946026,5.221194367243148,7.750720819890851,0.0,0.0,0.28277315925129426,3.2114179312312987,0.2827731592512949,0.8,self,,0.0,1.1458549499511719,ok
C3,0.5,0.6,1.0,0.1,20,200,5,1.0,predictive,P2 only,0.006812920690579615,0,100.0,False,False,False,0.012301162229821767,0.01787180382597226,87.67998426612573,9.821281961740265,0.8704325281744405,4.441264111328115,4.8670213987571795,49.10640980870154,1.785509969221758,0.49106409808701323,5.558791205718065,9.925277114631841,0.0,0.0,0.44412641113281154,3.30548640100264,0.44412641113281165,0.8,self,,0.0,1.0595016479492188,ok
C3,0.5,0.6,1.0,0.1,20,200,5,1.0,predictive,P2 only,0.006812920690579615,0,300.0,False,False,False,0.01990327336798401,0.028711171187769717,97.83693745498279,9.712888288122295,0.3687209002931597,5.580964102943973,4.337426708640572,48.56444144061145,2.0145796914935334,0.4856444144061148,5.833361632448429,11.75177187786817,0.0,0.0,0.5580964102943974,3.2518175688908637,0.558096410294394,0.8,self,,0.0,1.0105860233306885,ok
C3,0.5,0.6,1.0,0.1,20,200,5,1.0,predictive,P2 only,0.006812920690579615,0,1000.0,False,False,False,0.024553717117771334,0.03530196220717041,103.6750055814269,9.646980377928324,0.1363056949147454,6.241005884557721,3.9757080425992095,48.23490188964157,2.1493773495928075,0.48234901889641624,6.0043140040739305,12.905536520199401,0.0,0.0,0.6241005884557721,3.2928319916142805,0.6241005884557703,0.8,self,,0.0,1.035451889038086,ok
C3,0.5,0.6,1.0,0.1,20,200,5,1.0,predictive,P1 only,0.006812920690579615,5,1.0,False,False,False,6.012443762211066e-05,9.033700214129871e-05,54.740966409825,9.999096629978563,5.688529364149512,0.38755499403983923,3.924819011832086,49.99548314989291,1.0949182398278763,0.49995483149892816,5.1884372397981995,5.68091457005725,8.586541223341947e-14,8.629895223627653e-14,0.03875549940398393,1.3395870954127216,0.03875549940398388,0.8,self,,0.0,1.0839331150054932,ok
C3,0.5,0.6,1.0,0.1,20,200,5,1.0,predictive,P1 only,0.006812920690579615,10,1.0,False,False,False,6.012106697801438e-05,9.033203999850497e-05,54.740956550356,9.999096679600024,5.688529886871464,0.3875550296524701,3.924818403876042,49.995483398000154,1.0949180371870486,0.4999548339800012,5.188437389764312,5.680913682868634,8.188661580313448e-06,8.634890330115416e-06,0.03875550296524701,1.3395938509836305,0.03875550296524699,0.8,self,,0.0,1.7607309818267822,ok
C3,0.5,0.6,1.0,0.1,20,200,5,1.0,predictive,P1 only,0.006812920690579615,15,1.0,False,False,False,5.246679761343029e-05,7.888975776494649e-05,54.632026566623104,9.999211102422363,5.724766926191518,0.390023830401959,3.8859981409841593,49.99605551211172,1.0927267362799913,0.49996055512111814,5.1975832713889805,5.6795382046883605,0.08582894474121762,0.11396752582037266,0.039002383040195904,1.420803619624011,0.03900238304019609,0.8,self,,0.0,7.580481052398682,ok
C3,0.5,0.6,1.0,0.1,20,200,5,1.0,predictive,P1 only,0.006812920690579615,20,1.0,False,False,False,9.704769618111664e-06,1.4648605276307053e-05,53.10546881626537,9.999853513947263,7.109413233506335,0.48435868516435693,2.406374567382044,49.99926756973613,1.062124934974235,0.49999267569736316,5.545652415142214,5.890175710822634,0.4819115145031759,1.3729536030434752,0.04843586851643569,1.979001787227712,0.048435868516435776,0.8,self,,0.0,39.31816864013672,ok
C3,0.5,0.6,1.0,0.1,20,200,5,1.0,predictive,P1 only (protect),0.006812920690579615,5,1.0,True,True,False,6.0124437620590226e-05,9.033700213915052e-05,54.7409664098238,9.999096629978583,5.688529364149512,0.3875549940397226,3.9248190118321817,49.99548314989301,1.09491823982785,0.49995483149892916,5.188437239798162,5.680914570057072,8.347575634271048e-14,8.38961075696659e-14,0.038755499403972264,1.3395870954127438,0.03875549940397218,0.8,self,,0.0,1.1297013759613037,ok
C3,0.5,0.6,1.0,0.1,20,200,5,1.0,predictive,P1 only (protect),0.006812920690579615,10,1.0,True,True,False,6.0091486979720164e-05,9.028845453267283e-05,54.74086621147126,9.999097115454665,5.688534750955586,0.38754628428934673,3.924821849300402,49.99548557727337,1.0949161825193876,0.49995485577273324,5.188435362834323,5.68090184072315,6.685673350427411e-06,7.006290976353018e-06,0.03875462842893468,1.3395839397417195,0.038754628428934734,0.8,self,,0.0,1.2482075691223145,ok
C3,0.5,0.6,1.0,0.1,20,200,5,1.0,predictive,P1 only (protect),0.006812920690579615,15,1.0,True,True,False,3.068433827434202e-05,4.624450393260636e-05,54.20056947555194,9.999537554960686,5.8994445112919,0.3553599292068683,3.7456580045405463,49.99768777480347,1.0840615213983262,0.4999768777480343,5.2240782445106335,5.663222209648095,0.04577456603973561,0.053657602112777376,0.035535992920686835,1.1965572890086533,0.03553599292068687,0.8,self,,0.0,2.470395565032959,ok
C3,0.5,0.6,1.0,0.1,20,200,5,1.0,predictive,P1 only (protect),0.006812920690579615,20,1.0,True,True,False,3.6509556553578366e-07,5.548420453159978e-07,52.20538946652663,9.999994451579555,9.280463478222966,0.3824242004985964,0.3371178696988828,49.99997225789769,1.0441083686457564,0.49999972257897773,5.997142959933706,6.261667152431765,0.24316578037619654,0.33711786969889385,0.03824242004985964,0.30106112637155863,0.03824242004985964,0.8,self,,0.0,7.88302206993103,ok
C3,0.5,0.6,1.0,0.1,20,200,5,1.0,predictive,P1+P2,0.006812920690579615,5,3.0,False,False,False,0.0002360565419806218,0.00035295219079975427,57.20921953049778,9.996470478091982,4.59220278071929,0.7354481396376673,4.675878601551061,49.98235239045999,1.1445883755846828,0.4998235239045991,5.070932602790897,5.804130510527841,1.113201478848094e-09,1.1298356580519185e-09,0.07354481396376673,1.9377767441551363,0.07354481396376687,0.8,self,,0.0,1.1107940673828125,ok
C3,0.5,0.6,1.0,0.1,20,200,5,1.0,predictive,P1+P2,0.006812920690579615,5,10.0,False,False,False,0.0012351964212855317,0.0018320392700840796,63.472176548086736,9.981679607299146,3.1368232230410835,1.5655095892322672,5.315987580427503,49.90839803649587,1.271773469901243,0.49908398036495727,5.049141871351272,6.421364677752063,4.259752873686251e-06,4.462152551914956e-06,0.15655095892322674,2.7279118921287124,0.15655095892322676,0.8,self,,0.0,1.0626564025878906,ok
C3,0.5,0.6,1.0,0.1,20,200,5,1.0,predictive,P1+P2,0.006812920690579615,5,30.0,False,False,False,0.004561768469182755,0.006701229846811053,73.72565832608963,9.932987701531877,1.8769774858994996,2.8277369484560024,5.362297864112621,49.664938507659514,1.4844608800777912,0.49664938507659384,5.221200850991538,7.750668410325811,0.0005139103068836869,0.0005785697178119136,0.2827736948456003,3.2115939164925975,0.28277369484560044,0.8,self,,0.0,1.1827566623687744,ok
C3,0.5,0.6,1.0,0.1,20,200,5,1.0,predictive,P1+P2,0.006812920690579615,5,100.0,False,False,False,0.012290402567901827,0.017856849121566026,87.6730848503034,9.821431508784336,0.8704630999350692,4.441424281767371,4.866681109513224,49.107157543921666,1.7853422848163873,0.4910715754392168,5.558914549919783,9.924565203652845,0.006733163168240434,0.008708553408290125,0.4441424281767371,3.3075300481580685,0.44414242817673766,0.8,self,,0.0,1.069251537322998,ok
C3,0.5,0.6,1.0,0.1,20,200,5,1.0,predictive,P1+P2,0.006812920690579615,5,300.0,False,False,False,0.019877975343062928,0.028676366099249763,97.82261153299736,9.713236339007512,0.36875613000131313,5.581468235963348,4.336539295027827,48.56618169503739,2.014212526470721,0.4856618169503756,5.83368998395228,11.750291441223462,0.01466229830185151,0.021282842751403876,0.5581468235963348,3.2553404656751805,0.5581468235963328,0.8,self,,0.0,1.1179282665252686,ok
C3,0.5,0.6,1.0,0.1,20,200,5,1.0,predictive,P1+P2,0.006812920690579615,5,1000.0,False,False,False,0.024525239745109957,0.03526312162321213,103.66043553444683,9.647368783767883,0.1363214783023829,6.241632656434662,3.9746770814950723,48.2368439188396,2.148988762798404,0.4823684391883941,6.004699251134631,12.904031214672314,0.01691655883720724,0.025852274574650575,0.6241632656434662,3.2957423554767122,0.6241632656434651,0.8,self,,0.0,1.1964802742004395,ok
C3,0.5,0.6,1.0,0.1,20,200,5,1.0,predictive,P1+P2,0.006812920690579615,10,3.0,False,False,False,0.0002356900301234071,0.000352414025345599,57.20827015773059,9.996475859746543,4.592249042827185,0.7354558547894866,4.675819242636785,49.98237929873272,1.144568765240455,0.49982379298732715,5.070947963104555,5.8040486487291805,0.000689205857552689,0.0007915199470565006,0.07354558547894867,1.9383817225480107,0.07354558547894853,0.8,self,,0.0,1.7843267917633057,ok
C3,0.5,0.6,1.0,0.1,20,200,5,1.0,predictive,P1+P2,0.006812920690579615,10,10.0,False,False,False,0.001218236461534693,0.0018072997753856713,63.43843582257107,9.98192700224614,3.138076417624437,1.5661571942438413,5.313839385885582,49.90963501123075,1.271065913591555,0.499096350112307,5.049761079095364,6.418579179419425,0.018293659652488643,0.02605410844871898,0.15661571942438413,2.746077707916347,0.15661571942438454,0.8,self,,0.0,1.804267168045044,ok
C3,0.5,0.6,1.0,0.1,20,200,5,1.0,predictive,P1+P2,0.006812920690579615,10,30.0,False,False,False,0.004429311617228665,0.006510028184314738,73.53561254165758,9.934899718156844,1.8814684342463721,2.8346238598666016,5.349007987730182,49.674498590784076,1.4803493669345336,0.4967449859078422,5.225522176010026,7.735598445158808,0.0718922167648212,0.1394770113991981,0.2834623859866602,3.290917952506031,0.28346238598666035,0.8,self,,0.0,1.7628610134124756,ok
C3,0.5,0.6,1.0,0.1,20,200,5,1.0,predictive,P1+P2,0.006812920690579615,10,100.0,False,False,False,0.011909049377362837,0.01731441218754161,87.28441782102824,9.826855878124599,0.8749622243267642,4.464130149408261,4.834051748140376,49.13427939062297,1.776446483057326,0.4913427939062299,5.57050590489323,9.895705623597648,0.1123160430300424,0.30086108540318746,0.4464130149408261,3.42355497229101,0.4464130149408259,0.8,self,,0.0,1.7874021530151367,ok
C3,0.5,0.6,1.0,0.1,20,200,5,1.0,predictive,P1+P2,0.006812920690579615,10,300.0,False,False,False,0.019359967352870905,0.027948452196451402,97.40100465841381,9.720515478035498,0.37091296615581093,5.6126480730752695,4.295923482733421,48.602577390177586,2.0040296191802005,0.4860257739017749,5.848636346155783,11.720840469510053,0.11849985584840164,0.37325618215486084,0.5612648073075269,3.3496983986832523,0.5612648073075274,0.8,self,,0.0,1.7741332054138184,ok
C3,0.5,0.6,1.0,0.1,20,200,5,1.0,predictive,P1+P2,0.006812920690579615,10,1000.0,False,False,False,0.023993172413912602,0.03452122695682881,103.28143960301037,9.654787730431716,0.13706207252439784,6.273026846006485,3.9351233510374013,48.273938652158584,2.1394864907794737,0.48273938652158577,6.019459283265868,12.878551818344418,0.1164617669183558,0.38502279345725826,0.6273026846006485,3.361138047792956,0.6273026846006511,0.8,self,,0.0,1.8973736763000488,ok
C3,0.5,0.6,1.0,0.1,20,200,5,1.0,predictive,P1+P2,0.006812920690579615,15,3.0,False,False,False,0.00018730854000616776,0.0002804342254800792,56.80259784208345,9.997195657745205,4.678797177515268,0.7484344919968877,4.57557267274264,49.985978288726,1.13637063406029,0.4998597828872603,5.095622521381346,5.790515795554013,0.2075197351576103,0.3566211611480542,0.07484344919968877,2.194137601983952,0.07484344919968897,0.8,self,,0.0,7.488645076751709,ok
C3,0.5,0.6,1.0,0.1,20,200,5,1.0,predictive,P1+P2,0.006812920690579615,15,10.0,False,False,False,0.0009466329548772145,0.001406725850336039,62.30658859210889,9.985932741496635,3.260994708037067,1.6226309846846558,5.130441565781641,49.92966370748309,1.2478872070346199,0.49929663707483174,5.100229063966307,6.364510601869708,0.3143485995138678,0.8096574795546082,0.1622630984684656,3.286201015178409,0.16226309846846568,0.8,self,,0.0,7.895578384399414,ok
C3,0.5,0.6,1.0,0.1,20,200,5,1.0,predictive,P1+P2,0.006812920690579615,15,30.0,False,False,False,0.003686693312567344,0.005427270378130945,71.80973811163574,9.945727296218708,1.9743683868566193,2.9644299271344474,5.115474389790226,49.72863648109333,1.4440319138639075,0.4972863648109354,5.29935472849053,7.652437350825928,0.32192570165575557,1.1625672333559676,0.29644299271344476,3.900391755200983,0.2964429927134447,0.8,self,,0.0,9.5935218334198,ok
C3,0.5,0.6,1.0,0.1,20,200,5,1.0,predictive,P1+P2,0.006812920690579615,15,100.0,False,False,False,0.010640270002186555,0.015492806680879602,85.50329667093585,9.845071933191194,0.9150120146738565,4.653310048358518,4.5866060037764305,49.2253596659561,1.7369765757154907,0.4922535966595597,5.657517387789306,9.826975179293116,0.2815224028568798,1.3042374054533068,0.4653310048358519,3.8736649613333807,0.4653310048358498,0.8,self,,0.0,18.641517162322998,ok
C3,0.5,0.6,1.0,0.1,20,200,5,1.0,predictive,P1+P2,0.006812920690579615,15,300.0,False,False,False,0.017839279486963445,0.02579149625121426,95.81745034815737,9.742085037487863,0.3853037476062493,5.809863817332697,4.062747397573191,48.710425187439206,1.967083021333706,0.48710425187439316,5.934141632250433,11.672949250989312,0.24561457710679932,1.2864627590311404,0.5809863817332697,3.652141718037183,0.580986381733268,0.8,self,,0.0,19.82767367362976,ok
C3,0.5,0.6,1.0,0.1,20,200,5,1.0,predictive,P1+P2,0.006812920690579615,15,1000.0,False,False,False,0.022416090674441145,0.032299716064135835,101.87785962916153,9.677002839358673,0.14179152017773125,6.4612866233680615,3.7199190170955343,48.385014196793186,2.105566389105528,0.48385014196793363,6.099660537649851,12.84324021302888,0.22451334390032043,1.2389216149011917,0.6461286623368062,3.5718281672265983,0.646128662336806,0.8,self,,0.0,16.655032873153687,ok
C3,0.5,0.6,1.0,0.1,20,200,5,1.0,predictive,P1+P2,0.006812920690579615,20,3.0,False,False,False,4.860111917207934e-05,7.302331990225095e-05,54.3701230995694,9.999269766800975,5.876200328149755,0.9206524237248271,3.2038774813244437,49.9963488340049,1.0874818735281262,0.4999634883400487,5.431272624820537,5.906410529681862,0.48376926797874553,1.9059399604887288,0.09206524237248272,2.919033141794362,0.09206524237248268,0.8,self,,0.0,42.45773005485535,ok
C3,0.5,0.6,1.0,0.1,20,200,5,1.0,predictive,P1+P2,0.006812920690579615,20,10.0,False,False,False,0.0004218465912963982,0.0006286733363117479,58.6411167350376,9.993713266636862,4.028351544743749,1.9535410475079962,4.024394141111395,49.96856633318431,1.1735601206571702,0.49968566333184306,5.400676445307836,6.3380185007858,0.4702709147423535,2.56720560191791,0.19535410475079962,4.187192328104516,0.19535410475080012,0.8,self,,0.0,40.67068648338318,ok
C3,0.5,0.6,1.0,0.1,20,200,5,1.0,predictive,P1+P2,0.006812920690579615,20,30.0,False,False,False,0.002417284022136201,0.0035664955933693864,67.64732643201853,9.964335044066319,2.349694102592967,3.4587410944249877,4.227229758915726,49.821675220331336,1.3577890774016539,0.49821675220331596,5.576870959765703,7.57221447524835,0.4381383726090654,2.9072333131693022,0.3458741094424988,4.77503865684488,0.3458741094425008,0.8,self,,0.0,40.948657512664795,ok
C3,0.5,0.6,1.0,0.1,20,200,5,1.0,predictive,P1+P2,0.006812920690579615,20,100.0,False,False,False,0.008566075060710655,0.012497254991663938,81.80655530274008,9.87502745008342,1.042671986277427,5.228216990182021,3.8540835734571317,49.37513725041681,1.656837020783157,0.493751372504171,5.913732132691353,9.798090328437967,0.3847583308853655,2.853769905791522,0.5228216990182021,4.5184576959895715,0.5228216990182052,0.8,self,,0.0,39.45184779167175,ok
C3,0.5,0.6,1.0,0.1,20,200,5,1.0,predictive,P1+P2,0.006812920690579615,20,300.0,False,False,False,0.015357341770574268,0.02224786631451143,92.67688242486011,9.777521336854905,0.428089959275415,6.3689859133637095,3.4254027905059705,48.88760668427439,1.8957132228498181,0.48887606684274526,6.167335753670217,11.69149993798708,0.34280081823779623,2.6588112909368493,0.636898591336371,4.111454367281975,0.6368985913363637,0.8,self,,0.0,38.97411584854126,ok
C3,0.5,0.6,1.0,0.1,20,200,5,1.0,predictive,P1+P2,0.006812920690579615,20,1000.0,False,False,False,0.01979229366598965,0.02857737625456187,99.09235038899448,9.71422623745436,0.15607482024568975,6.9894468693660725,3.1402520729338774,48.57113118727204,2.040149116703327,0.485711311872718,6.31545562125193,12.884471207276187,0.3181320079562121,2.5064974084400156,0.6989446869366073,3.9204970986103036,0.6989446869366005,0.8,self,,0.0,39.170615434646606,ok
C3,0.5,0.6,1.0,0.1,20,200,5,1.0,predictive,P1+P2 (protect),0.006812920690579615,5,3.0,True,True,False,0.00023605653509429898,0.0003529521810737787,57.20921952502705,9.996470478189293,4.59220278072755,0.7354481391544591,4.675878601928699,49.982352390946254,1.1445883754640942,0.49982352390946466,5.07093260264767,5.804130509752408,1.0968735215801858e-09,1.113259385418737e-09,0.07354481391544591,1.937776743833344,0.0735448139154461,0.8,self,,0.0,1.0881760120391846,ok
C3,0.5,0.6,1.0,0.1,20,200,5,1.0,predictive,P1+P2 (protect),0.006812920690579615,5,10.0,True,True,False,0.0012351861669521558,0.0018320248037825154,63.472168535631276,9.981679751962172,3.136823264687105,1.5655090450552325,5.31598793829549,49.90839875981074,1.2717732909263944,0.4990839875981086,5.049141730536839,6.421363594998625,4.216657679481683e-06,4.417111031408565e-06,0.15655090450552325,2.727909932870346,0.1565509045055232,0.8,self,,0.0,1.3013696670532227,ok
C3,0.5,0.6,1.0,0.1,20,200,5,1.0,predictive,P1+P2 (protect),0.006812920690579615,5,30.0,True,True,False,0.004561085539870189,0.006700268974980867,73.72514577472735,9.93299731025019,1.8769806354468697,2.8277171393619662,5.362304914940974,49.66498655125095,1.4844491239043813,0.4966498655125095,5.221197726354367,7.750602390618288,0.0005096122046939198,0.0005737829757275498,0.28277171393619666,3.211333645723646,0.28277171393619643,0.8,self,,0.0,1.079591989517212,ok
C3,0.5,0.6,1.0,0.1,20,200,5,1.0,predictive,P1+P2 (protect),0.006812920690579615,5,100.0,True,True,False,0.012284389917124064,0.017848436633035605,87.6689211055517,9.821515633669627,0.870483284131216,4.441408791219301,4.866592290979856,49.10757816834832,1.785242204472173,0.4910757816834813,5.558944908370331,9.924063062758412,0.006687254980904088,0.008651217392167614,0.4441408791219301,3.3040567029224155,0.4441408791219282,0.8,self,,0.0,1.2011830806732178,ok
C3,0.5,0.6,1.0,0.1,20,200,5,1.0,predictive,P1+P2 (protect),0.006812920690579615,5,300.0,True,True,False,0.019868053542850816,0.028662567836639896,97.81629144546987,9.713374321633639,0.36877508428083433,5.581622705729038,4.336227888356489,48.56687160816789,2.014053782064466,0.48566871608168194,5.833804216060564,11.749595445180407,0.014583377296204281,0.02117506093516827,0.5581622705729038,3.2480028496302844,0.5581622705729052,0.8,self,,0.0,1.032393217086792,ok
C3,0.5,0.6,1.0,0.1,20,200,5,1.0,predictive,P1+P2 (protect),0.006812920690579615,5,1000.0,True,True,False,0.02451630696554805,0.03525075688216296,103.65511126816264,9.647492431178339,0.13632986598441255,6.241877999821207,3.9742997030160416,48.23746215589183,2.1488508440426313,0.48237462155891697,6.004839876454901,12.903505236860964,0.01684590391944767,0.02575168019247886,0.6241877999821207,3.287602061235061,0.624187799982122,0.8,self,,0.0,1.0268242359161377,ok
C3,0.5,0.6,1.0,0.1,20,200,5,1.0,predictive,P1+P2 (protect),0.006812920690579615,10,3.0,True,True,False,0.0002342853340631838,0.00035034740362641163,57.20428973154203,9.996496525963712,4.592454373797043,0.7351943205459882,4.675854779693257,49.982482629818634,1.1444867625966022,0.4998248262981856,5.070903721746844,5.803582183941107,0.0006225620432342167,0.0007088745210330607,0.07351943205459882,1.9375143532702717,0.07351943205459892,0.8,self,,0.0,1.3758947849273682,ok
C3,0.5,0.6,1.0,0.1,20,200,5,1.0,predictive,P1+P2 (protect),0.006812920690579615,10,10.0,True,True,False,0.0011882092004085578,0.0017633179240249743,63.36799962937613,9.982366820759763,3.141063702955216,1.5646344531775933,5.311935023107427,49.911834103798725,1.2695986987293115,0.49911834103798813,5.050027817597229,6.411508745768267,0.017331808937729593,0.024390384744328437,0.15646344531775935,2.7201401138614125,0.1564634453177594,0.8,self,,0.0,1.2681171894073486,ok
C3,0.5,0.6,1.0,0.1,20,200,5,1.0,predictive,P1+P2 (protect),0.006812920690579615,10,30.0,True,True,False,0.00430105262112887,0.006323589656389825,73.3048162130469,9.93676410343608,1.8882714083825314,2.8391483023850235,5.335816185796366,49.683820517180486,1.4754263148442532,0.496838205171804,5.229458916814816,7.715681298265505,0.06968107718711765,0.13366680116977403,0.28391483023850234,3.1731800596821165,0.28391483023850206,0.8,self,,0.0,1.2472643852233887,ok
C3,0.5,0.6,1.0,0.1,20,200,5,1.0,predictive,P1+P2 (protect),0.006812920690579615,10,100.0,True,True,False,0.01169567915748014,0.0170075671311445,86.99886799301704,9.829924328688538,0.8795596877804095,4.4827962634277085,4.807719720103345,49.14962164344289,1.7700821508688798,0.49149621643442687,5.5797147990708735,9.876553572774291,0.10991947494927168,0.29268627643595657,0.44827962634277085,3.2254310253251477,0.44827962634277235,0.8,self,,0.0,1.2326359748840332,ok
C3,0.5,0.6,1.0,0.1,20,200,5,1.0,predictive,P1+P2 (protect),0.006812920690579615,10,300.0,True,True,False,0.019154425518137393,0.027655302902055354,97.17526583349459,9.72344697097943,0.37271067064292085,5.63555634168928,4.26828601668837,48.617234854897205,1.9987822450931956,0.48617234854897146,5.858757120266176,11.710379710301373,0.1163400184179613,0.3658304147823329,0.563555634168928,3.146461718337552,0.5635556341689267,0.8,self,,0.0,1.2457475662231445,ok
C3,0.5,0.6,1.0,0.1,20,200,5,1.0,predictive,P1+P2 (protect),0.006812920690579615,10,1000.0,True,True,False,0.02381822910382383,0.03427295456428803,103.11124729616107,9.657270454357098,0.1376617913635225,6.294347097790831,3.910720656488549,48.28635227178557,2.135411818142463,0.48286352271785493,6.028544015446693,12.873424136776887,0.11459027576370436,0.3789504441974987,0.6294347097790831,3.171367555097531,0.6294347097790846,0.8,self,,0.0,1.228853464126587,ok
C3,0.5,0.6,1.0,0.1,20,200,5,1.0,predictive,P1+P2 (protect),0.006812920690579615,15,3.0,True,True,False,0.00010189908842961665,0.0001529126959266197,55.72669229871146,9.99847087304073,4.984441547197019,0.7262167481811386,4.2908708315811115,49.99235436520367,1.1147042984136608,0.4999235436520365,5.156698251576079,5.748193706654064,0.15626585934398166,0.23199190890184623,0.07262167481811387,1.6268862151099208,0.07262167481811391,0.8,self,,0.0,2.370072841644287,ok
C3,0.5,0.6,1.0,0.1,20,200,5,1.0,predictive,P1+P2 (protect),0.006812920690579615,15,10.0,True,True,False,0.0006178222428847718,0.0009194613103706898,60.24271637487137,9.990805386896279,3.580922075386179,1.7039715151378958,4.724301022579647,49.954026934481455,1.205963163968429,0.49954026934481394,5.204815268769026,6.276815489395883,0.28994388772942825,0.6608112548790571,0.1703971515137896,2.2448410847211036,0.17039715151378965,0.8,self,,0.0,2.5210111141204834,ok
C3,0.5,0.6,1.0,0.1,20,200,5,1.0,predictive,P1+P2 (protect),0.006812920690579615,15,30.0,True,True,False,0.003012590966952765,0.004437853955703275,69.50868585674695,9.955621460442964,2.1567972025260844,3.172092692327337,4.715488644703614,49.77810730221479,1.396370605952193,0.49778107302214825,5.422305534482032,7.571548064842604,0.3131370334339599,1.0510616527828032,0.31720926923273374,2.683966925855265,0.31720926923273357,0.8,self,,0.0,2.3835599422454834,ok
C3,0.5,0.6,1.0,0.1,20,200,5,1.0,predictive,P1+P2 (protect),0.006812920690579615,15,100.0,True,True,False,0.009854675965156382,0.014352293303138147,83.83875906398535,9.856477066968669,0.9757450826408218,4.907567715324535,4.260210135065974,49.28238533484308,1.7011911760024045,0.4928238533484334,5.771101938949377,9.817747694351047,0.2752456523218714,1.2283173257103126,0.4907567715324535,2.785810309786057,0.4907567715324549,0.8,self,,0.0,2.41365122795105,ok
C3,0.5,0.6,1.0,0.1,20,200,5,1.0,predictive,P1+P2 (protect),0.006812920690579615,15,300.0,True,True,False,0.01714952518397326,0.024797613325001414,94.69986416067017,9.75202386675,0.40444849140552325,6.037371466807193,3.8061561750372843,48.76011933374999,1.9421581705425064,0.48760119333749996,6.027735583790022,11.706815913927597,0.2394967527399441,1.229417544587142,0.6037371466807193,2.7363760993250468,0.6037371466807199,0.8,self,,0.0,2.386551856994629,ok
C3,0.5,0.6,1.0,0.1,20,200,5,1.0,predictive,P1+P2 (protect),0.006812920690579615,15,1000.0,True,True,False,0.021810825845316222,0.031431270296545064,101.04074163266124,9.685687297034562,0.148192633281944,6.655910695886591,3.5102093737969033,48.42843648517264,2.0863928089769517,0.4842843648517281,6.177544493135302,12.888784407612661,0.2186880632733209,1.1929259545001005,0.6655910695886591,2.762893872090858,0.6655910695886593,0.8,self,,0.0,2.9594779014587402,ok
C3,0.5,0.6,1.0,0.1,20,200,5,1.0,predictive,P1+P2 (protect),0.006812920690579615,20,3.0,True,True,False,3.204519253494318e-06,4.83780452316191e-06,52.508407250099864,9.999951621954766,8.147446478492945,1.0233995432802965,0.8292023562719919,49.99975810977381,1.0501732255347787,0.4999975810977383,5.982525727295346,6.2826883398785505,0.39191733694114905,0.8292023562719923,0.10233995432802966,0.7344885016211026,0.10233995432802982,0.8,self,,0.0,8.289303064346313,ok
C3,0.5,0.6,1.0,0.1,20,200,5,1.0,predictive,P1+P2 (protect),0.006812920690579615,20,10.0,True,True,False,9.843514440877235e-05,0.00014698873713041925,54.50851803578554,9.99853011262869,5.774506238011261,2.519209532772119,1.7077541165879309,49.992650563143364,1.0903306270376363,0.4999265056314345,6.00907906509828,6.551882944967341,0.4466207993552843,1.7077541165879344,0.2519209532772119,1.4906722279534554,0.2519209532772113,0.8,self,,0.0,7.764782428741455,ok
C3,0.5,0.6,1.0,0.1,20,200,5,1.0,predictive,P1+P2 (protect),0.006812920690579615,20,30.0,True,True,False,0.001364266335940156,0.0020138028985715014,62.14617585653991,9.97986197101427,3.2056777420593727,4.436745946327877,2.377714340598481,49.89930985507157,1.245431570838121,0.4989930985507135,6.143518675237989,7.651332114174981,0.4284670431547167,2.377714340598473,0.4436745946327877,2.047535312298322,0.443674594632788,0.8,self,,0.0,7.871922254562378,ok
C3,0.5,0.6,1.0,0.1,20,200,5,1.0,predictive,P1+P2 (protect),0.006812920690579615,20,100.0,True,True,False,0.007090584837860829,0.010343924034863328,77.57737912546713,9.896560759651402,1.3003879742254276,6.261256383721481,2.5417948824016894,49.48280379825681,1.5677644185594843,0.49482803798257013,6.368368011894902,9.98410077334123,0.3765232448280817,2.541794882401744,0.6261256383721481,2.1647789177683263,0.6261256383721485,0.8,self,,0.0,7.751598358154297,ok
C3,0.5,0.6,1.0,0.1,20,200,5,1.0,predictive,P1+P2 (protect),0.006812920690579615,20,300.0,True,True,False,0.013998461406801622,0.020277347927573013,89.79301469927059,9.797226520724243,0.5087116724857458,7.2594656190576,2.4345961877324114,48.98613260362141,1.8330292661771066,0.48986132603621213,6.527734359487892,11.965528122771175,0.33331132762486587,2.4345961877323776,0.7259465619057601,2.0968671838158164,0.7259465619057603,0.8,self,,0.0,8.142256021499634,ok
C3,0.5,0.6,1.0,0.1,20,200,5,1.0,predictive,P1+P2 (protect),0.006812920690579615,20,1000.0,True,True,False,0.018546383932077252,0.026777108824653832,96.87200595790517,9.732228911753479,0.18484599817057037,7.757353213442342,2.3255718766336084,48.6611445587674,1.9907465563395077,0.48661144558767394,6.6174321264664275,13.173630217573466,0.30834136995714334,2.32557187663365,0.7757353213442343,2.098950030648898,0.7757353213442316,0.8,self,,0.0,8.272448301315308,ok
C3,0.5,0.6,1.0,0.1,20,200,5,1.0,predictive,NoCancel,0.01778279410038923,0,1.0,False,False,True,2.101965833081614e-05,3.159409400957813e-05,53.30433948586288,9.999684059059897,7.063124958203394,1.2560209683705157,1.6811700143661934,49.99842029529964,1.0661204728276992,0.49998420295299484,5.825276209284473,6.21044622659431,0.0,0.0,0.12560209683705156,0.0,0.12560209683705126,0.8,self,,0.0,15.480254411697388,ok
C3,0.5,0.6,1.0,0.1,20,200,5,1.0,predictive,P2 only,0.01778279410038923,0,3.0,False,False,False,0.0009733655290453425,0.0014460146999332527,62.33916062817339,9.985539853000683,3.3286087041595938,1.421340729472402,5.264510713367322,49.92769926500334,1.2485886901636147,0.4992769926500341,5.039653141752185,6.292453915139306,0.0,0.0,0.1421340729472402,2.64617666380024,0.14213407294724056,0.8,self,,0.0,1.0409619808197021,ok
C3,0.5,0.6,1.0,0.1,20,200,5,1.0,predictive,P2 only,0.01778279410038923,0,10.0,False,False,False,0.004005389495040581,0.0058913288558280555,72.44917822156084,9.94108671144173,1.9954863906182494,2.67654539035851,5.38688150758151,49.705433557208664,1.4575705921199777,0.49705433557208656,5.194135101521644,7.570818575476063,0.0,0.0,0.267654539035851,3.1899048663898926,0.2676545390358503,0.8,self,,0.0,1.0918843746185303,ok
C3,0.5,0.6,1.0,0.1,20,200,5,1.0,predictive,P2 only,0.01778279410038923,0,30.0,False,False,False,0.010509101133430737,0.015300283186378135,84.98194396854394,9.846997168136216,1.028479115108499,4.136095024887771,4.988428691867513,49.23498584068109,1.7260479010502006,0.4923498584068108,5.489375549352254,9.47492514503575,0.0,0.0,0.41360950248877715,3.317247018715838,0.41360950248877665,0.8,self,,0.0,1.2440059185028076,ok
C3,0.5,0.6,1.0,0.1,20,200,5,1.0,predictive,P2 only,0.01778279410038923,0,100.0,False,False,False,0.01909185125038469,0.027559121492602243,96.83281425692282,9.724408785073992,0.4121083739318964,5.468790218972843,4.394692622021269,48.62204392536988,1.9915414170073102,0.4862204392536996,5.805305665400077,11.561506671031436,0.0,0.0,0.5468790218972843,3.2570399548312556,0.5468790218972838,0.8,self,,0.0,1.0130937099456787,ok
C3,0.5,0.6,1.0,0.1,20,200,5,1.0,predictive,P2 only,0.01778279410038923,0,300.0,False,False,False,0.02392847987494247,0.034416616917568484,102.87140860694878,9.655833830824315,0.1658214437592876,6.149047667306451,4.029297058109946,48.27916915412155,2.1307617842086817,0.48279169154121576,5.9797266735219745,12.741373075953927,0.0,0.0,0.6149047667306452,3.2764526932061573,0.6149047667306426,0.8,self,,0.0,0.995525598526001,ok
C3,0.5,0.6,1.0,0.1,20,200,5,1.0,predictive,P2 only,0.01778279410038923,0,1000.0,False,False,False,0.025987980154747556,0.037335331747432324,105.65477426214522,9.626646682525676,0.06667530585686968,6.471743774292509,3.834934237324945,48.13323341262839,2.1950483433432773,0.4813323341262838,6.06771399285214,13.318925547890913,0.0,0.0,0.647174377429251,3.3736892250185697,0.647174377429252,0.8,self,,0.0,1.0743553638458252,ok
C3,0.5,0.6,1.0,0.1,20,200,5,1.0,predictive,P1 only,0.01778279410038923,5,1.0,False,False,False,0.00026435284851378466,0.0003952157015902937,57.60986788608545,9.996047842984119,4.453031323741615,0.7918733915268068,4.75904744174746,49.98023921492051,1.152652904247951,0.49980239214920597,5.0605930560116406,5.8331072832288315,6.637196223023183e-10,6.723676848677406e-10,0.07918733915268068,2.0323444535002073,0.0791873391526808,0.8,self,,0.0,1.275033950805664,ok
C3,0.5,0.6,1.0,0.1,20,200,5,1.0,predictive,P1 only,0.01778279410038923,10,1.0,False,False,False,0.0002639982785572081,0.000394694972689518,57.60894207650791,9.996053050273101,4.453077482763015,0.7918815998905425,4.758987867073341,49.980265251365466,1.1526337802885915,0.4998026525136551,5.060608512950069,5.833028320842266,0.0006979810175335826,0.0007933084205183818,0.07918815998905426,2.0329484418520174,0.0791881599890543,0.8,self,,0.0,1.901665210723877,ok
C3,0.5,0.6,1.0,0.1,20,200,5,1.0,predictive,P1 only,0.01778279410038923,15,1.0,False,False,False,0.00021186208342700565,0.0003171371901363905,57.182063292109376,9.996828628098648,4.541276190596203,0.8075657945037207,4.65432938680143,49.984143140493096,1.1440040720791131,0.49984143140493237,5.086693628294254,5.819198224187506,0.22182414218964194,0.3860142487863725,0.08075657945037207,2.31194524586123,0.08075657945037228,0.8,self,,0.0,7.948122262954712,ok
C3,0.5,0.6,1.0,0.1,20,200,5,1.0,predictive,P1 only,0.01778279410038923,20,1.0,False,False,False,6.0626373270176255e-05,9.106095852066217e-05,54.70248787663605,9.999089390414799,5.662395712863495,1.0069321707677799,3.3315827259539263,49.99544695207385,1.094149391825108,0.49995446952073996,5.415412510646876,5.92527030500636,0.48304290876538153,1.984722356372082,0.10069321707677799,3.093836665704838,0.10069321707677825,0.8,self,,0.0,39.48323345184326,ok
C3,0.5,0.6,1.0,0.1,20,200,5,1.0,predictive,P1 only (protect),0.01778279410038923,5,1.0,True,True,False,0.00026435283668649237,0.00039521568488502383,57.60986787667386,9.99604784315113,4.45303132376306,0.791873390617184,4.759047442468626,49.980239215755674,1.152652904040384,0.4998023921575565,5.060593055737272,5.8331072818621665,6.456038385545445e-10,6.539940862078779e-10,0.0791873390617184,2.0323444536407598,0.07918733906171861,0.8,self,,0.0,1.1414093971252441,ok
C3,0.5,0.6,1.0,0.1,20,200,5,1.0,predictive,P1 only (protect),0.01778279410038923,10,1.0,True,True,False,0.000261192077385201,0.00039056526282246176,57.60088656188968,9.996094347371784,4.4535069634960625,0.7911103635226678,4.759288325609486,49.980471736858874,1.152467845144627,0.4998047173685892,5.060430956083245,5.831983959460422,0.0005809892614719403,0.0006513570850879918,0.0791110363522668,2.0320787405829734,0.0791110363522667,0.8,self,,0.0,1.4775266647338867,ok
C3,0.5,0.6,1.0,0.1,20,200,5,1.0,predictive,P1 only (protect),0.01778279410038923,15,1.0,True,True,False,9.148317773552434e-05,0.00013737635287198113,55.64680973311261,9.998626236471264,4.98249491473089,0.699416629709107,4.319462219088739,49.99313118235648,1.113089106784162,0.4999313118235632,5.146241219650808,5.728225042476954,0.14918523621147187,0.21287893416092668,0.0699416629709107,1.6342997768032856,0.06994166297091096,0.8,self,,0.0,2.4170634746551514,ok
C3,0.5,0.6,1.0,0.1,20,200,5,1.0,predictive,P1 only (protect),0.01778279410038923,20,1.0,True,True,False,2.2587739114877917e-06,3.4136436068500105e-06,52.43787267861338,9.999965863563942,8.3434684795626,0.9091696658516641,0.7473959910217935,49.99982931781959,1.0487610336686668,0.4999982931781971,5.983803143717248,6.275579570274719,0.37717395801953635,0.7473959910217995,0.09091696658516642,0.6629323659948235,0.09091696658516668,0.8,self,,0.0,7.713306188583374,ok
C3,0.5,0.6,1.0,0.1,20,200,5,1.0,predictive,P1+P2,0.01778279410038923,5,3.0,False,False,False,0.0009733640744006582,0.0014460126493608526,62.339159499077724,9.985539873506438,3.328608710167619,1.421340732603483,5.2645106837224604,49.92769936753196,1.2485886649849713,0.4992769936753219,5.039653151994501,6.292453801036117,1.1499301429597883e-06,1.1933221631571563e-06,0.1421340732603483,2.646177075658162,0.14213407326034852,0.8,self,,0.0,1.081089973449707,ok
C3,0.5,0.6,1.0,0.1,20,200,5,1.0,predictive,P1+P2,0.01778279410038923,5,10.0,False,False,False,0.004004942461131403,0.005890701389945388,72.44885168553249,9.941092986100532,1.995488417575602,2.6765484588084445,5.386870137515421,49.70546493050268,1.4575631027056928,0.49705464930502663,5.194139071600922,7.570785461087507,0.0003269793754473385,0.0003636095850962172,0.2676548458808445,3.190017569600924,0.26765484588084465,0.8,self,,0.0,1.0942509174346924,ok
C3,0.5,0.6,1.0,0.1,20,200,5,1.0,predictive,P1+P2,0.01778279410038923,5,30.0,False,False,False,0.010501669285594841,0.015289931629032723,84.97704638077911,9.847100683709682,1.028503042311927,4.136195309939714,4.988200964038677,49.23550341854841,1.7259302836490518,0.4923550341854841,5.4894575720013625,9.474421064323746,0.00479341036796002,0.006010852515128258,0.4136195309939714,3.318752173355285,0.41361953099397125,0.8,self,,0.0,1.1160247325897217,ok
C3,0.5,0.6,1.0,0.1,20,200,5,1.0,predictive,P1+P2,0.01778279410038923,5,100.0,False,False,False,0.01906787339631795,0.027526092230575526,96.81903734132003,9.724739077694226,0.41214532172564067,5.469258067309507,4.3938575332706264,48.623695388471255,1.9911904384847712,0.4862369538847113,5.8056140854159475,11.560083256412744,0.013952301799144745,0.02003070897787409,0.5469258067309507,3.2605131703632115,0.5469258067309511,0.8,self,,0.0,1.1969311237335205,ok
C3,0.5,0.6,1.0,0.1,20,200,5,1.0,predictive,P1+P2,0.01778279410038923,5,300.0,False,False,False,0.02389983985687962,0.03437749950388366,102.85651275228075,9.656225004961147,0.16584059971150336,6.1496730953072385,4.028261300020111,48.28112502480591,2.1303669435920365,0.4828112502480574,5.980113216946625,12.739835516320923,0.0168560068089205,0.02562019492071596,0.6149673095307239,3.2795529759797324,0.6149673095307231,0.8,self,,0.0,1.0918469429016113,ok
C3,0.5,0.6,1.0,0.1,20,200,5,1.0,predictive,P1+P2,0.01778279410038923,5,1000.0,False,False,False,0.02596123891489583,0.03729899826080965,105.64170106076301,9.627010017391928,0.066682782462298,6.472339002431204,3.833968197714569,48.135050086959524,2.1946939053748458,0.4813505008695964,6.068076080003206,13.317569590133921,0.016506010546058526,0.02545762290001564,0.6472339002431204,3.3759592019150317,0.6472339002431208,0.8,self,,0.0,1.114499568939209,ok
C3,0.5,0.6,1.0,0.1,20,200,5,1.0,predictive,P1+P2,0.01778279410038923,10,3.0,False,False,False,0.0009634836507610255,0.0014315774823403919,62.3183492929545,9.985684225176612,3.3294395803192445,1.4217038097003785,5.263172384803765,49.92842112588311,1.248153814754787,0.4992842112588306,5.0400313693981085,6.290734380198042,0.012234249420290137,0.016520178301140952,0.14217038097003784,2.657959213432939,0.14217038097003776,0.8,self,,0.0,1.7426037788391113,ok
C3,0.5,0.6,1.0,0.1,20,200,5,1.0,predictive,P1+P2,0.01778279410038923,10,10.0,False,False,False,0.003894928791898913,0.005731665467899052,72.28463427379546,9.942683345321006,1.9996342036601724,2.6822001728976375,5.375482278121184,49.71341672660509,1.4540266799869934,0.4971341672660503,5.197797185915136,7.557735785481922,0.06523579517612041,0.12147753188926419,0.26822001728976375,3.261317557075257,0.2682200172897642,0.8,self,,0.0,1.8989861011505127,ok
C3,0.5,0.6,1.0,0.1,20,200,5,1.0,predictive,P1+P2,0.01778279410038923,10,30.0,False,False,False,0.010169916413795888,0.014816615134494443,84.61727493844225,9.851833848655017,1.0333952579550565,4.155764336184083,4.959006557205843,49.25916924327526,1.717797442351182,0.49259169243275086,5.49969833498737,9.447367733544358,0.10784029278409323,0.273262780831951,0.4155764336184083,3.4339203763785986,0.4155764336184073,0.8,self,,0.0,1.765392780303955,ok
C3,0.5,0.6,1.0,0.1,20,200,5,1.0,predictive,P1+P2,0.01778279410038923,10,100.0,False,False,False,0.01855921112734331,0.026810395188920165,96.3957665642624,9.731896048110778,0.4145584461929095,5.4999566398984685,4.353588865797843,48.659480240553854,1.981027460378093,0.48659480240553893,5.820391384397483,11.530355162639479,0.11842293150025002,0.3682342045386478,0.5499956639898469,3.3585440518768492,0.5499956639898462,0.8,self,,0.0,1.8019180297851562,ok
C3,0.5,0.6,1.0,0.1,20,200,5,1.0,predictive,P1+P2,0.01778279410038923,10,300.0,False,False,False,0.023365159618278376,0.03363114147546377,102.46832618847905,9.663688585245378,0.16676073157305482,6.181378698664847,3.98817198451672,48.318442926226815,2.1206876708533207,0.4831844292622689,5.995047617318669,12.713623568226277,0.11699893760175746,0.3854966759806744,0.6181378698664848,3.3498064065486512,0.6181378698664844,0.8,self,,0.0,1.7340888977050781,ok
C3,0.5,0.6,1.0,0.1,20,200,5,1.0,predictive,P1+P2,0.01778279410038923,10,1000.0,False,False,False,0.025445595405280307,0.03658194204122116,105.29204882470688,9.634180579587765,0.06701938937667708,6.502307703357053,3.796492327678505,48.17090289793891,2.185801853201552,0.4817090289793883,6.082115634632298,13.294299625565412,0.11443730119872597,0.3787292406236011,0.6502307703357053,3.4276741598114384,0.6502307703357064,0.8,self,,0.0,1.7625367641448975,ok
C3,0.5,0.6,1.0,0.1,20,200,5,1.0,predictive,P1+P2,0.01778279410038923,15,3.0,False,False,False,0.0007492451105783302,0.0011150642320456058,61.32359745342048,9.988849357679578,3.4497833023435946,1.4702128328378157,5.091154507139012,49.9442467883977,1.2278410707290166,0.49944246788397895,5.0866079179998165,6.245546112415589,0.3076621658843176,0.7430685453879469,0.14702128328378158,3.1666357628462576,0.14702128328378156,0.8,self,,0.0,7.660770893096924,ok
C3,0.5,0.6,1.0,0.1,20,200,5,1.0,predictive,P1+P2,0.01778279410038923,15,10.0,False,False,False,0.0032164435403595117,0.004740917721383256,70.61031573443626,9.952590822786126,2.0972764711370284,2.8043422545358365,5.145790451541009,49.76295411393093,1.4189333610053747,0.4976295411393063,5.2694721029823715,7.477029761808836,0.3245164761435493,1.1334449789794179,0.28043422545358365,3.877946399381883,0.2804342254535831,0.8,self,,0.0,7.622967004776001,ok
C3,0.5,0.6,1.0,0.1,20,200,5,1.0,predictive,P1+P2,0.01778279410038923,15,30.0,False,False,False,0.008991016392256121,0.013118733349496496,82.8129806359042,9.86881266650503,1.0821410712214024,4.337993186320119,4.711053075953448,49.34406333252517,1.6782764742707756,0.49344063332525157,5.585592904519894,9.374169166509509,0.29064539229687236,1.2942565033840732,0.43379931863201193,3.921691735012528,0.43379931863201077,0.8,self,,0.0,7.572669506072998,ok
C3,0.5,0.6,1.0,0.1,20,200,5,1.0,predictive,P1+P2,0.01778279410038923,15,100.0,False,False,False,0.017057969708892725,0.02467840813295413,94.78837063685178,9.75321591867049,0.4309454504542424,5.697696474485305,4.118142156389963,48.7660795933522,1.943735716040076,0.4876607959335245,5.906450163855787,11.480578138497252,0.24923244752194643,1.2913105006741321,0.5697696474485305,3.675861879019687,0.5697696474485291,0.8,self,,0.0,7.464205265045166,ok
C3,0.5,0.6,1.0,0.1,20,200,5,1.0,predictive,P1+P2,0.01778279410038923,15,300.0,False,False,False,0.021789397473076046,0.031409449219331885,101.03620059256872,9.685905507806675,0.17260631185594374,6.37158480547239,3.7699033748649917,48.42952753903325,2.08625203933975,0.48429527539033373,6.076233120665622,12.676553739492388,0.2274094210858531,1.2476058980026745,0.637158480547239,3.5739506428405607,0.6371584805472403,0.8,self,,0.0,7.522621154785156,ok
C3,0.5,0.6,1.0,0.1,20,200,5,1.0,predictive,P1+P2,0.01778279410038923,15,1000.0,False,False,False,0.02388063091255306,0.0343821705711652,103.96945160875889,9.656178294288358,0.06927049296725796,6.6844295339509525,3.5901216787934316,48.280891471441834,2.1534285809585114,0.4828089147144179,6.159368323228913,13.263759787891644,0.21738410856875762,1.211900682532211,0.6684429533950953,3.6025394430162527,0.6684429533950933,0.8,self,,0.0,7.522709608078003,ok
C3,0.5,0.6,1.0,0.1,20,200,5,1.0,predictive,P1+P2,0.01778279410038923,20,3.0,False,False,False,0.0003143868866599485,0.0004692809368718115,57.859770039499125,9.99530719063126,4.262790766916918,1.7849694012834503,3.956932641168372,49.976535953156365,1.1577387054943507,0.49976535953156304,5.390782836555347,6.241117942794752,0.4729738371427342,2.4920194765651114,0.17849694012834505,4.065577912738753,0.17849694012834535,0.8,self,,0.0,39.45569396018982,ok
C3,0.5,0.6,1.0,0.1,20,200,5,1.0,predictive,P1+P2,0.01778279410038923,20,10.0,False,False,False,0.0020447960219688362,0.0030209031401165006,66.47508981473679,9.969790968598817,2.5037466014935816,3.2864382646951613,4.24002416521244,49.84895484299406,1.3335302620508085,0.49848954842994087,5.548892255471603,7.399615743530749,0.4424784488085335,2.8901625057567597,0.3286438264695162,4.768925628240793,0.3286438264695192,0.8,self,,0.0,38.85331606864929,ok
C3,0.5,0.6,1.0,0.1,20,200,5,1.0,predictive,P1+P2,0.01778279410038923,20,30.0,False,False,False,0.007052871052131726,0.010311267283884646,78.99195733749661,9.896887327161183,1.2420083166233842,4.908143501932443,3.9529608542829897,49.48443663580596,1.5962990125331566,0.4948443663580592,5.846577663253058,9.332886150549266,0.3955534415527342,2.887973453161509,0.4908143501932443,4.615246035212527,0.49081435019324254,0.8,self,,0.0,38.585280656814575,ok
C3,0.5,0.6,1.0,0.1,20,200,5,1.0,predictive,P1+P2,0.01778279410038923,20,100.0,False,False,False,0.014610622867847917,0.02118014206419323,91.59261071731662,9.788198579358035,0.4797632883951086,6.260655130489708,3.4713830017571485,48.940992896790334,1.8714906522324248,0.48940992896790175,6.14227685853103,11.495213724164367,0.34700379232832507,2.6815350221627487,0.6260655130489708,4.153360108680567,0.6260655130489666,0.8,self,,0.0,38.36239671707153,ok
C3,0.5,0.6,1.0,0.1,20,200,5,1.0,predictive,P1+P2,0.01778279410038923,20,300.0,False,False,False,0.019178409717133745,0.02770219242765208,98.19947002085522,9.722978075723484,0.19008806095165218,6.904945958455891,3.181987904868973,48.614890378617226,2.019946342696008,0.4861489037861742,6.294648463864722,12.714852143140591,0.32153538664976794,2.5295353606188944,0.6904945958455891,3.9385414731800625,0.6904945958455928,0.8,self,,0.0,40.76328158378601,ok
C3,0.5,0.6,1.0,0.1,20,200,5,1.0,predictive,P1+P2,0.01778279410038923,20,1000.0,False,False,False,0.021242282228070935,0.030646213797830866,101.32148875284219,9.693537862021683,0.0764274136145424,7.19822422267872,3.0318105016850545,48.46768931010836,2.090495548582109,0.4846768931010842,6.3682058159881345,13.312705910777892,0.3097561252296657,2.444303910369777,0.719822422267872,3.9092781164079087,0.7198224222678687,0.8,self,,0.0,42.23341655731201,ok
C3,0.5,0.6,1.0,0.1,20,200,5,1.0,predictive,P1+P2 (protect),0.01778279410038923,5,3.0,True,True,False,0.0009733568374388638,0.0014460024361222649,62.33915381351381,9.985539975638774,3.3286087385956153,1.4213402298591864,5.264511055906423,49.927699878194,1.2485885383384252,0.4992769987819387,5.0396530077854305,6.292452982723659,1.133746631323565e-06,1.1765206015872591e-06,0.14213402298591865,2.646176732847238,0.142134022985919,0.8,self,,0.0,1.123755693435669,ok
C3,0.5,0.6,1.0,0.1,20,200,5,1.0,predictive,P1+P2 (protect),0.01778279410038923,5,10.0,True,True,False,0.004004128420445286,0.005889555313569884,72.44823548515238,9.941104446864307,1.9954922400737094,2.676506664950316,5.386896648111668,49.70552223432159,1.4575490253098473,0.4970552223432153,5.19412852927381,7.570696975177112,0.00032393635692783373,0.0003602490723778854,0.2676506664950316,3.189866970808083,0.2676506664950313,0.8,self,,0.0,1.1725294589996338,ok
C3,0.5,0.6,1.0,0.1,20,200,5,1.0,predictive,P1+P2 (protect),0.01778279410038923,5,30.0,True,True,False,0.010495159805697674,0.015280807772022682,84.97243053975023,9.847191922279768,1.0285273851224446,4.136022623492171,4.988258069105616,49.23595961139874,1.7258205427579003,0.4923595961139884,5.489432440674335,9.473775274197406,0.004758654117212255,0.005968451426106632,0.41360226234921715,3.3163494849061084,0.4136022623492174,0.8,self,,0.0,1.1386346817016602,ok
C3,0.5,0.6,1.0,0.1,20,200,5,1.0,predictive,P1+P2 (protect),0.01778279410038923,5,100.0,True,True,False,0.01905615501677954,0.02750977335592695,96.81144183039515,9.724902266440711,0.41217019350773204,5.4692614440443155,4.393666096007241,48.62451133220372,1.9910008178586573,0.48624511332203557,5.805682321481182,11.559118250296581,0.013875036813697757,0.019926087664778453,0.5469261444044315,3.25356696503623,0.546926144404429,0.8,self,,0.0,1.1911792755126953,ok
C3,0.5,0.6,1.0,0.1,20,200,5,1.0,predictive,P1+P2 (protect),0.01778279410038923,5,300.0,True,True,False,0.023889646232832525,0.03436337092974252,102.85032820957453,9.656366290702579,0.16585194184408508,6.149853683212376,4.02792808424096,48.281831453512844,2.1302076808872057,0.4828183145351289,5.980236793649269,12.739146351355947,0.016782600615513114,0.025516230831074235,0.6149853683212376,3.2714255377393564,0.6149853683212377,0.8,self,,0.0,1.1802058219909668,ok
C3,0.5,0.6,1.0,0.1,20,200,5,1.0,predictive,P1+P2 (protect),0.01778279410038923,5,1000.0,True,True,False,0.0259531137467595,0.03728777013935945,105.63698211655509,9.627122298606375,0.0666876324252083,6.472563236904068,3.8336268320643487,48.13561149303194,2.194570274272863,0.48135611493031877,6.068203697264753,13.317099452249911,0.01644590123664443,0.0253712727864356,0.6472563236904069,3.368140039964679,0.6472563236904044,0.8,self,,0.0,1.2915115356445312,ok
C3,0.5,0.6,1.0,0.1,20,200,5,1.0,predictive,P1+P2 (protect),0.01778279410038923,10,3.0,True,True,False,0.000932622219450588,0.0013863085646662649,62.24157981693975,9.986136914353299,3.332969561580779,1.41688435641705,5.264009167648872,49.93068457176659,1.2465597127449435,0.4993068457176649,5.03918587484212,6.281646096611571,0.01129803991695314,0.015032656962702546,0.141688435641705,2.641295825671782,0.14168843564170533,0.8,self,,0.0,1.3081202507019043,ok
C3,0.5,0.6,1.0,0.1,20,200,5,1.0,predictive,P1+P2 (protect),0.01778279410038923,10,10.0,True,True,False,0.003753398010915496,0.005525603639392691,72.01559506656737,9.944743963606099,2.00832114660222,2.6788344393071184,5.368100450484562,49.723719818030354,1.448314714388157,0.49723719818030493,5.199266158747013,7.5301736817336895,0.06298106026581206,0.11578532389168293,0.26788344393071184,3.157025551780171,0.26788344393071184,0.8,self,,0.0,1.4196734428405762,ok
C3,0.5,0.6,1.0,0.1,20,200,5,1.0,predictive,P1+P2 (protect),0.01778279410038923,10,30.0,True,True,False,0.00994403979096925,0.014490888876638327,84.29129488000241,9.855091111233587,1.0396790745055928,4.16810275164582,4.937127062615,49.27545555616825,1.7106142181459938,0.49275455556167935,5.506979551624967,9.420317520048918,0.10545124028135615,0.26524250106723535,0.41681027516458197,3.2452541720880306,0.4168102751645819,0.8,self,,0.0,1.2521414756774902,ok
C3,0.5,0.6,1.0,0.1,20,200,5,1.0,predictive,P1+P2 (protect),0.01778279410038923,10,100.0,True,True,False,0.018343012782323715,0.026501646490528774,96.14987931880445,9.734983535094733,0.41679699198485926,5.52151779816778,4.326701674752628,48.67491767547368,1.9753475488105954,0.4867491767547366,5.8301637711079195,11.516599714422366,0.11625595791920688,0.3607349725927649,0.552151779816778,3.1545018301845835,0.5521517798167781,0.8,self,,0.0,1.4038448333740234,ok
C3,0.5,0.6,1.0,0.1,20,200,5,1.0,predictive,P1+P2 (protect),0.01778279410038923,10,300.0,True,True,False,0.023182513487969878,0.03337168313181605,102.28575990164974,9.666283168681854,0.16754111937364946,6.202729965259504,3.963445746684992,48.33141584340917,2.116341061330571,0.4833141584340927,6.004226824136534,12.706991769462597,0.11508849816560218,0.37923035305932806,0.6202729965259505,3.157547183872921,0.6202729965259496,0.8,self,,0.0,1.3241331577301025,ok
C3,0.5,0.6,1.0,0.1,20,200,5,1.0,predictive,P1+P2 (protect),0.01778279410038923,10,1000.0,True,True,False,0.025284498287096377,0.03635371401473814,105.1421379791734,9.636462859852635,0.06733439068327525,6.521919696615487,3.774283052848603,48.18231429926317,2.1821728472013495,0.48182314299263174,6.090418504106343,13.290345887753523,0.11272173149538747,0.37335323858315783,0.6521919696615487,3.2457744228252645,0.6521919696615488,0.8,self,,0.0,1.3750028610229492,ok
C3,0.5,0.6,1.0,0.1,20,200,5,1.0,predictive,P1+P2 (protect),0.01778279410038923,15,3.0,True,True,False,0.00042547132267971115,0.0006344549969331969,58.99734019998414,9.993655450030698,3.8622944181046104,1.4609489585884496,4.683101173276242,49.96827725015329,1.1806959024148296,0.49968277250153487,5.17798943874401,6.113630913072316,0.27359591414689227,0.5673127681101378,0.14609489585884497,2.1358653025557404,0.1460948958588453,0.8,self,,0.0,2.686326742172241,ok
C3,0.5,0.6,1.0,0.1,20,200,5,1.0,predictive,P1+P2 (protect),0.01778279410038923,15,10.0,True,True,False,0.0025215735403824797,0.003719645223830975,68.05532251391294,9.962803547761691,2.3218639771744227,2.9697048685486145,4.745627606515272,49.814017738808396,1.3661881856378224,0.4981401773880846,5.386149165247172,7.358493355643706,0.31514315943168736,1.0131181175020991,0.29697048685486144,2.6500350478271653,0.29697048685486094,0.8,self,,0.0,2.570136785507202,ok
C3,0.5,0.6,1.0,0.1,20,200,5,1.0,predictive,P1+P2 (protect),0.01778279410038923,15,30.0,True,True,False,0.008170429264950242,0.01192476506318272,80.91201674427181,9.880752349368155,1.1655982929475583,4.582095028322785,4.371554329361501,49.403761746840964,1.6377703616758614,0.49403761746840774,5.700686344773693,9.336415136680657,0.2845386356080687,1.2130132626175143,0.4582095028322785,2.7913779261722267,0.4582095028322769,0.8,self,,0.0,2.63210391998291,ok
C3,0.5,0.6,1.0,0.1,20,200,5,1.0,predictive,P1+P2 (protect),0.01778279410038923,15,100.0,True,True,False,0.016348113552340258,0.023654645180508284,93.5972394935295,9.76345354819495,0.454057282182289,5.92729446543918,3.8551947041835817,48.81726774097462,1.9172977887692995,0.48817267740974746,6.001837312339098,11.507309407500827,0.24317023909734606,1.2328166725158898,0.592729446543918,2.7409419447211896,0.5927294465439222,0.8,self,,0.0,2.5128612518310547,ok
C3,0.5,0.6,1.0,0.1,20,200,5,1.0,predictive,P1+P2 (protect),0.01778279410038923,15,300.0,True,True,False,0.021170243213979312,0.030520475327350294,100.15508654080945,9.694795246726473,0.18066809037046128,6.570842028295459,3.5536946346076066,48.47397623363234,2.0661619764404553,0.48473976233632365,6.156310855833238,12.719935405470233,0.22155119074966986,1.2001858405999923,0.6570842028295459,2.7498440657249708,0.6570842028295447,0.8,self,,0.0,2.8484439849853516,ok
C3,0.5,0.6,1.0,0.1,20,200,5,1.0,predictive,P1+P2 (protect),0.01778279410038923,15,1000.0,True,True,False,0.023305534256264884,0.03355819153634901,103.21867593091093,9.664418084636463,0.07287438503125962,6.864108302228795,3.398599228103483,48.322090423182615,2.1360556844078826,0.4832209042318231,6.230834937704031,13.30941038728993,0.21177568132541189,1.1702261638002487,0.6864108302228795,2.8289636252047403,0.6864108302228816,0.8,self,,0.0,2.480891704559326,ok
C3,0.5,0.6,1.0,0.1,20,200,5,1.0,predictive,P1+P2 (protect),0.01778279410038923,20,3.0,True,True,False,4.883010610286075e-05,7.309282380459448e-05,53.770450650641095,9.999269071761987,6.340295552442387,2.1427796307340974,1.5176557450615293,49.996345358809705,1.0754876234401873,0.49996345358809935,5.99546206424885,6.448045246904795,0.4442109417596123,1.5176557450615609,0.21427796307340974,1.3289521025959647,0.21427796307341,0.8,self,,0.0,8.011504173278809,ok
C3,0.5,0.6,1.0,0.1,20,200,5,1.0,predictive,P1+P2 (protect),0.01778279410038923,20,10.0,True,True,False,0.0010383638710614364,0.0015350116988605122,60.727773923032494,9.984649883011391,3.50477376358836,4.1907776625879025,2.3197986908123465,49.92324941505693,1.2164227015382718,0.4992324941505696,6.120312152374792,7.4448866426492595,0.4328670841109198,2.3197986908123394,0.4190777662587903,2.000990567465308,0.41907776625878906,0.8,self,,0.0,7.855433702468872,ok
C3,0.5,0.6,1.0,0.1,20,200,5,1.0,predictive,P1+P2 (protect),0.01778279410038923,20,30.0,True,True,False,0.005563790054933854,0.008133984496253835,74.29595430844412,9.918660155037431,1.5857896595536705,5.948567100415103,2.546983084993796,49.59330077518737,1.4981046461343028,0.49593300775187155,6.323495221224436,9.473257570724389,0.3879318144376854,2.5469830849937938,0.5948567100415103,2.1717656578503344,0.5948567100415069,0.8,self,,0.0,8.077874660491943,ok
C3,0.5,0.6,1.0,0.1,20,200,5,1.0,predictive,P1+P2 (protect),0.01778279410038923,20,100.0,True,True,False,0.013225495927731264,0.019170182963810824,88.55574344136295,9.808298170361848,0.5741026260293167,7.167274840811409,2.4503243627974265,49.04149085180945,1.8057310637018607,0.4904149085180924,6.511986603941622,11.758896497147774,0.3377120628069559,2.450324362797365,0.716727484081141,2.1035669925055114,0.7167274840811413,0.8,self,,0.0,7.93630313873291,ok
C3,0.5,0.6,1.0,0.1,20,200,5,1.0,predictive,P1+P2 (protect),0.01778279410038923,20,300.0,True,True,False,0.017915621690197652,0.025876571304954868,95.88539891368771,9.741234286950439,0.22496477871066592,7.690862688423649,2.342938245915246,48.706171434752164,1.9686498874611373,0.48706171434752193,6.604869175300932,13.002674958651715,0.31177377673890544,2.3429382459152555,0.769086268842365,2.090758351452099,0.7690862688423632,0.8,self,,0.0,8.112339973449707,ok
C3,0.5,0.6,1.0,0.1,20,200,5,1.0,predictive,P1+P2 (protect),0.01778279410038923,20,1000.0,True,True,False,0.020030242990811707,0.0288969482878348,99.29689911212849,9.711030517121651,0.09349754117478583,7.91676911561688,2.2787028260866826,48.55515258560813,2.0450332008957655,0.4855515258560826,6.64879202923557,13.59700044563787,0.30007797670173003,2.2787028260867093,0.7916769115616881,2.146381045485249,0.7916769115616864,0.8,self,,0.0,7.798787593841553,ok
C3,0.5,0.6,1.0,0.1,20,200,5,1.0,predictive,NoCancel,0.046415888336127795,0,1.0,False,False,True,0.000197369031152232,0.0002945379115978397,56.00404823581433,9.997054620884036,5.229617813597778,2.4273735647658023,2.345954000752384,49.98527310442015,1.1204109682229972,0.4998527310442018,5.851075532574521,6.555609202597709,0.0,0.0,0.24273735647658023,0.0,0.2427373564765794,0.8,self,,0.0,13.134851932525635,ok
C3,0.5,0.6,1.0,0.1,20,200,5,1.0,predictive,P2 only,0.046415888336127795,0,3.0,False,False,False,0.003256915703083819,0.004800336271630217,70.69015216274764,9.951996637283719,2.1672029845809697,2.4683254699548596,5.412474908180453,49.759983186418324,1.420622509013268,0.49759983186418594,5.158687692765212,7.328547853311982,0.0,0.0,0.24683254699548596,3.1651173616889796,0.24683254699548543,0.8,self,,0.0,1.1449320316314697,ok
C3,0.5,0.6,1.0,0.1,20,200,5,1.0,predictive,P2 only,0.046415888336127795,0,10.0,False,False,False,0.009594659170123861,0.013986415129648749,83.61288060137987,9.860135848703493,1.110935242949764,3.982188857867266,5.046740050479477,49.3006792435178,1.695978268136611,0.49300679243517465,5.455050902763024,9.25164778266509,0.0,0.0,0.3982188857867266,3.3313049291932493,0.39821888578672815,0.8,self,,0.0,1.0440447330474854,ok
C3,0.5,0.6,1.0,0.1,20,200,5,1.0,predictive,P2 only,0.046415888336127795,0,30.0,False,False,False,0.01754728774779134,0.02536385991537396,94.91297621327236,9.74636140084627,0.497754038972093,5.254898970648733,4.500985589532904,48.731807004231364,1.9476596918524096,0.48731807004231353,5.752461212618328,11.20383683276115,0.0,0.0,0.5254898970648733,3.272440453626914,0.5254898970648724,0.8,self,,0.0,1.0951781272888184,ok
C3,0.5,0.6,1.0,0.1,20,200,5,1.0,predictive,P2 only,0.046415888336127795,0,100.0,False,False,False,0.023511296881904484,0.03382611289583301,102.35557695695988,9.66173887104172,0.1848259794076115,6.090580443477097,4.062854706073571,48.30869435520839,2.1187816877092733,0.48308694355208603,5.96425153891539,12.63694694154578,0.0,0.0,0.6090580443477097,3.2704641246660153,0.6090580443477068,0.8,self,,0.0,1.0101923942565918,ok
C3,0.5,0.6,1.0,0.1,20,200,5,1.0,predictive,P2 only,0.046415888336127795,0,300.0,False,False,False,0.02574132106626687,0.03698526699645396,105.30223678389785,9.630147330035447,0.0783722136883322,6.430264350027245,3.861216106248976,48.15073665017735,2.186928884368584,0.48150736650177234,6.056073414411494,13.24420187583317,0.0,0.0,0.6430264350027245,3.354610146693919,0.6430264350027248,0.8,self,,0.0,1.040816307067871,ok
C3,0.5,0.6,1.0,0.1,20,200,5,1.0,predictive,P2 only,0.046415888336127795,0,1000.0,False,False,False,0.026517524426994406,0.03808890687850233,106.49415522032776,9.619110931214946,0.03847651330387482,6.572419117117533,3.7699934383636466,48.09555465607494,2.2142203366164215,0.4809555465607473,6.0963713072552395,13.49870932808939,0.0,0.0,0.6572419117117533,3.4377391373421693,0.6572419117117526,0.8,self,,0.0,1.124230146408081,ok
C3,0.5,0.6,1.0,0.1,20,200,5,1.0,predictive,P1 only,0.046415888336127795,5,1.0,False,False,False,0.0010302432301462978,0.0015308350280892086,62.88168988373369,9.984691649719117,3.2216142431717882,1.4953408697314052,5.298353237377689,49.92345824859562,1.2595619792725916,0.49923458248595587,5.043020140551645,6.351996429744774,7.007270251969991e-07,7.238745925114862e-07,0.14953408697314052,2.7349390028898846,0.14953408697314038,0.8,self,,0.0,1.247605800628662,ok
C3,0.5,0.6,1.0,0.1,20,200,5,1.0,predictive,P1 only,0.046415888336127795,10,1.0,False,False,False,0.0010212661184941553,0.0015177145236522362,62.8625396345835,9.984822854763456,3.2224011505750583,1.4957061197930208,5.297069874868466,49.92411427381748,1.2591618409052383,0.49924114273817277,5.0433843146096695,6.350437077976515,0.011942224570044076,0.01580692457092474,0.14957061197930208,2.7462118501322905,0.1495706119793019,0.8,self,,0.0,1.8558704853057861,ok
C3,0.5,0.6,1.0,0.1,20,200,5,1.0,predictive,P1 only,0.046415888336127795,15,1.0,False,False,False,0.0008064862501637063,0.0012003776474613385,61.87716691363646,9.987996223525371,3.338855803053555,1.5497595812496572,5.123388392171417,49.93998111762695,1.239030642961059,0.4993998111762686,5.09117123037856,6.308117163000793,0.3142192323613812,0.7654605671451706,0.15497595812496573,3.272837609805919,0.1549759581249662,0.8,self,,0.0,7.773857593536377,ok
C3,0.5,0.6,1.0,0.1,20,200,5,1.0,predictive,P1 only,0.046415888336127795,20,1.0,False,False,False,0.0003602580521511422,0.0005377749971544562,58.470955542279825,9.99462225002844,4.08354475586804,1.895413574039502,4.026419420064018,49.9731112501424,1.1700483335848577,0.499731112501422,5.391614363519824,6.308449401368553,0.4710123939439777,2.5357393806012607,0.1895413574039502,4.207408301143732,0.1895413574039501,0.8,self,,0.0,39.729878664016724,ok
C3,0.5,0.6,1.0,0.1,20,200,5,1.0,predictive,P1 only (protect),0.046415888336127795,5,1.0,True,True,False,0.001030230540859059,0.0015308171179308303,62.88167988842995,9.984691828820692,3.221614298661397,1.4953399031637111,5.298353969354201,49.923459144103354,1.2595617564664916,0.4992345914410346,5.0430198569979225,6.351994948975698,6.825262325823482e-07,7.050184548868503e-07,0.14953399031637113,2.734939134032443,0.14953399031637146,0.8,self,,0.0,1.1465210914611816,ok
C3,0.5,0.6,1.0,0.1,20,200,5,1.0,predictive,P1 only (protect),0.046415888336127795,10,1.0,True,True,False,0.0009616903045369467,0.001430273885785483,62.71069292508401,9.985697261142171,3.229699400415394,1.4814864896367748,5.3031168488056615,49.92848630571078,1.2560102972300848,0.49928486305710856,5.0400131749587755,6.3303084459235155,0.0103497685714876,0.013368658973790025,0.1481486489636775,2.7305933542522074,0.14814864896367744,0.8,self,,0.0,1.3934855461120605,ok
C3,0.5,0.6,1.0,0.1,20,200,5,1.0,predictive,P1 only (protect),0.046415888336127795,15,1.0,True,True,False,0.0003517139084095916,0.000525030190283559,58.51006869863839,9.994749698097175,3.958576918661077,1.3612103478792192,4.685463035362529,49.973748490485875,1.1708160877661136,0.49973748490485875,5.16262130801312,6.044480082465896,0.2672497998232841,0.5253053455011079,0.13612103478792192,2.1051774937443355,0.13612103478792184,0.8,self,,0.0,2.531627893447876,ok
C3,0.5,0.6,1.0,0.1,20,200,5,1.0,predictive,P1 only (protect),0.046415888336127795,20,1.0,True,True,False,3.250744254587832e-05,4.872508796270969e-05,53.45388824091125,9.99951274912037,6.647562732428335,1.9437856069110977,1.4091389115401975,49.99756374560177,1.0691298582646145,0.49997563745601853,5.9900516975837546,6.404143122435433,0.4413027669026421,1.4091389115401978,0.1943785606911098,1.236156653740811,0.19437856069110968,0.8,self,,0.0,7.874478578567505,ok
C3,0.5,0.6,1.0,0.1,20,200,5,1.0,predictive,P1+P2,0.046415888336127795,5,3.0,False,False,False,0.003256730231395866,0.004800075651789002,70.69001455785613,9.951999243482103,2.167203872553469,2.468326575008038,5.41247030895639,49.75999621741055,1.4206193716132631,0.4975999621741051,5.158689288437515,7.328533935288173,0.00013930590059669132,0.00015195054015368465,0.2468326575008038,3.1651657637865624,0.24683265750080333,0.8,self,,0.0,1.088198184967041,ok
C3,0.5,0.6,1.0,0.1,20,200,5,1.0,predictive,P1+P2,0.046415888336127795,5,10.0,False,False,False,0.009588864723261887,0.013978335309426587,83.60900713333785,9.860216646905737,1.1109552052607095,3.982263417761061,5.046564730072492,49.30108323452868,1.695885803068545,0.49301083234528686,5.455113817557775,9.251250077319284,0.0038146565974626176,0.004700532695483263,0.3982263417761061,3.3325209448376327,0.3982263417761053,0.8,self,,0.0,1.1310138702392578,ok
C3,0.5,0.6,1.0,0.1,20,200,5,1.0,predictive,P1+P2,0.046415888336127795,5,30.0,False,False,False,0.017526190220778864,0.02533473410072375,94.90053068172845,9.746652658992767,0.4977926509005014,5.255293782161607,4.500260907945125,48.73326329496383,1.9473461095213713,0.48733263294963836,5.752727871476563,11.202552239655045,0.012430131243391642,0.01745240508192082,0.5255293782161606,3.2757193847553836,0.5255293782161584,0.8,self,,0.0,1.1412253379821777,ok
C3,0.5,0.6,1.0,0.1,20,200,5,1.0,predictive,P1+P2,0.046415888336127795,5,100.0,False,False,False,0.023482725615512304,0.03378705564040689,102.34056688849067,9.662129443595946,0.18484725951893843,6.091202024026168,4.061821272858948,48.31064721797966,2.118385341159388,0.4831064721797973,5.96463688877692,12.635399350523565,0.016749211316623904,0.025356335788826314,0.6091202024026168,3.2736650552794964,0.6091202024026163,0.8,self,,0.0,1.1081883907318115,ok
C3,0.5,0.6,1.0,0.1,20,200,5,1.0,predictive,P1+P2,0.046415888336127795,5,300.0,False,False,False,0.025714135096594305,0.03694830277297198,105.288830134461,9.6305169722703,0.078381155334898,6.43087033584383,3.8602315365509723,48.15258486135138,2.1865665246762025,0.481525848613515,6.056442248174439,13.24281387849291,0.016641542818452513,0.02563701679760705,0.643087033584383,3.357013420325416,0.6430870335843815,0.8,self,,0.0,1.13716721534729,ok
C3,0.5,0.6,1.0,0.1,20,200,5,1.0,predictive,P1+P2,0.046415888336127795,5,1000.0,False,False,False,0.026492188723637927,0.03805454312300489,106.48203561692901,9.619454568769951,0.038480732835251635,6.572983150911047,3.7690815474837502,48.097272843849574,2.213889256520401,0.4809727284384976,6.096713525404501,13.497448573975642,0.01604506237356485,0.02478638188778317,0.6572983150911047,3.4396647189129945,0.6572983150911068,0.8,self,,0.0,1.098172664642334,ok
C3,0.5,0.6,1.0,0.1,20,200,5,1.0,predictive,P1+P2,0.046415888336127795,10,3.0,False,False,False,0.003178528951645278,0.004686768318189161,70.56548097067486,9.953132316818113,2.1706981584597673,2.472344019527975,5.403825505194144,49.765661584090495,1.4179552471424155,0.49765661584090565,5.161414049110023,7.3186541336101385,0.0543641234472185,0.09444181467152946,0.2472344019527975,3.2232086788086303,0.24723440195279678,0.8,self,,0.0,1.865938425064087,ok
C3,0.5,0.6,1.0,0.1,20,200,5,1.0,predictive,P1+P2,0.046415888336127795,10,10.0,False,False,False,0.009287367812266582,0.01354748377829067,83.27073079087124,9.864525162217094,1.115960257797876,4.000112669820539,5.0194019101644916,49.322625811085416,1.6882866518464206,0.4932262581108547,5.464573774725616,9.225766961899266,0.10466761018483851,0.2562943630471087,0.4000112669820539,3.4455492932481158,0.40001126698205397,0.8,self,,0.0,1.9218738079071045,ok
C3,0.5,0.6,1.0,0.1,20,200,5,1.0,predictive,P1+P2,0.046415888336127795,10,30.0,False,False,False,0.01704009991894498,0.02464913879199877,94.47856143662815,9.753508612080019,0.5006898446347462,5.284796972418081,4.4610045708671535,48.76754306040009,1.9373246119783722,0.4876754306040009,5.767051754331058,11.17265130221861,0.11791111759797032,0.3565939693903692,0.5284796972418081,3.3797665866619013,0.5284796972418064,0.8,self,,0.0,1.7642083168029785,ok
C3,0.5,0.6,1.0,0.1,20,200,5,1.0,predictive,P1+P2,0.046415888336127795,10,100.0,False,False,False,0.022947811203916056,0.03303984751031266,101.94757194885864,9.669601524896915,0.18588653071907546,6.123050391794443,4.021461552589566,48.34800762448446,2.1086199195772077,0.4834800762448458,5.979655038329471,12.608819726021736,0.11724597028216513,0.38514320582637335,0.6123050391794443,3.34684854893736,0.6123050391794446,0.8,self,,0.0,1.8317914009094238,ok
C3,0.5,0.6,1.0,0.1,20,200,5,1.0,predictive,P1+P2,0.046415888336127795,10,300.0,False,False,False,0.025194684736266636,0.03622561470053027,104.93346460184317,9.637743852994683,0.07878567128981417,6.461190506479373,3.822279969236129,48.18871926497336,2.1775524687603705,0.4818871926497342,6.070650442489981,13.219159858025295,0.11485963821667913,0.3803784108606488,0.6461190506479374,3.4113823737656563,0.6461190506479388,0.8,self,,0.0,1.8003137111663818,ok
C3,0.5,0.6,1.0,0.1,20,200,5,1.0,predictive,P1+P2,0.046415888336127795,10,1000.0,False,False,False,0.025988718135513723,0.03735517450324411,106.14805239417203,9.626448254967569,0.03866608869401823,6.601991897603347,3.7328937587350657,48.13224127483778,2.205341982478246,0.48132241274837845,6.110291534179918,13.475282445508384,0.11315612903927279,0.37323531030000895,0.6601991897603348,3.4846289057066504,0.660199189760334,0.8,self,,0.0,1.788985013961792,ok
C3,0.5,0.6,1.0,0.1,20,200,5,1.0,predictive,P1+P2,0.046415888336127795,15,3.0,False,False,False,0.002600627151978081,0.0038409296098803596,68.99775953797916,9.96159070390119,2.2736085092293523,2.5839231953580923,5.180877591511364,49.80795351950594,1.3852759381281958,0.49807953519505954,5.229761112223536,7.244662230921816,0.3278239135472466,1.0849280243659285,0.25839231953580927,3.846487353403251,0.2583923195358092,0.8,self,,0.0,7.963250398635864,ok
C3,0.5,0.6,1.0,0.1,20,200,5,1.0,predictive,P1+P2,0.046415888336127795,15,10.0,False,False,False,0.008165014987244,0.01192831095735765,81.47168864111435,9.880716890426449,1.1691025288030448,4.178370293637562,4.771810287132944,49.403584452132115,1.649104807770649,0.49403584452132243,5.549671100732008,9.151989293762982,0.29527987962448055,1.2848934141144976,0.4178370293637563,3.952142895025253,0.41783702936375683,0.8,self,,0.0,7.6948418617248535,ok
C3,0.5,0.6,1.0,0.1,20,200,5,1.0,predictive,P1+P2,0.046415888336127795,15,30.0,False,False,False,0.015582629370843065,0.022574410595975602,92.83146026033002,9.774255894040234,0.5211498809690402,5.4828055586654685,4.221788666325257,48.87127947020121,1.899509512881346,0.4887127947020117,5.853915124336334,11.119567466276854,0.25613271360066875,1.2981185824068353,0.5482805558665469,3.7251576121257335,0.5482805558665476,0.8,self,,0.0,7.853710412979126,ok
C3,0.5,0.6,1.0,0.1,20,200,5,1.0,predictive,P1+P2,0.046415888336127795,15,100.0,False,False,False,0.021375195468399874,0.030821256555964332,100.49930488543933,9.691787434440359,0.19246913733765617,6.31439228227802,3.8013511459439644,48.45893717220196,2.073906502082548,0.48458937172201794,6.061422177645503,12.570822866086367,0.22925930484008855,1.2523805506771775,0.6314392282278021,3.57935025938905,0.6314392282278058,0.8,self,,0.0,7.55824089050293,ok
C3,0.5,0.6,1.0,0.1,20,200,5,1.0,predictive,P1+P2,0.046415888336127795,15,300.0,False,False,False,0.02362630076657145,0.03402026018908865,103.59618144029348,9.659797398109152,0.08144165751269639,6.6446080117191135,3.614152932659038,48.298986990545615,2.1448934624772176,0.4829898699054576,6.1485026066222055,13.1878830449681,0.2186350086247228,1.217172951232298,0.6644608011719114,3.5929911580373135,0.6644608011719118,0.8,self,,0.0,7.697325944900513,ok
C3,0.5,0.6,1.0,0.1,20,200,5,1.0,predictive,P1+P2,0.046415888336127795,15,1000.0,False,False,False,0.024437207957846773,0.03517601319340159,104.86518995487643,9.648239868066002,0.039985925521266175,6.7807399018347345,3.531034304577998,48.24119934033,2.173768301552328,0.4824119934033001,6.18598815885377,13.446904973494371,0.21436844259385052,1.1972565536312625,0.6780739901834735,3.6423610607606354,0.6780739901834713,0.8,self,,0.0,7.89945387840271,ok
C3,0.5,0.6,1.0,0.1,20,200,5,1.0,predictive,P1+P2,0.046415888336127795,20,3.0,False,False,False,0.0015800913826179777,0.002339361262976459,64.9652813672554,9.976606387370252,2.720019265545453,3.0516668292328784,4.2517075178514165,49.883031936851225,1.3023522998661619,0.4988303193685126,5.511973870054312,7.178531846467423,0.4480854809213582,2.856859634904795,0.30516668292328786,4.76048737939165,0.30516668292328797,0.8,self,,0.0,39.86347532272339,ok
C3,0.5,0.6,1.0,0.1,20,200,5,1.0,predictive,P1+P2,0.046415888336127795,20,10.0,False,False,False,0.006309883700642569,0.009236728539853557,77.61352252646603,9.90763271460142,1.345365416662524,4.745695009973208,4.001306858762849,49.53816357300735,1.5667420212717886,0.495381635730071,5.812856451499634,9.107246466185293,0.40087369360812286,2.900149687701754,0.47456950099732076,4.669623515347771,0.4745695009973186,0.8,self,,0.0,40.50698661804199,ok
C3,0.5,0.6,1.0,0.1,20,200,5,1.0,predictive,P1+P2,0.046415888336127795,20,30.0,False,False,False,0.013208414906413253,0.01917310482924554,89.53555227311122,9.808268951707548,0.5824193657512071,6.0519333866961125,3.5573782958451323,49.04134475853769,1.8257156836533082,0.4904134475853774,6.094505695074091,11.126834631611173,0.3549917360033715,2.722273359602268,0.6051933386696113,4.237017300334071,0.6051933386696092,0.8,self,,0.0,39.79698133468628,ok
C3,0.5,0.6,1.0,0.1,20,200,5,1.0,predictive,P1+P2,0.046415888336127795,20,100.0,False,False,False,0.01877500116053887,0.02712727942736134,97.63265458297727,9.728727205726369,0.21202354693247427,6.850934534660617,3.2083147126805405,48.64363602863202,2.0071002612861824,0.4864363602863184,6.281451189056102,12.607502322810904,0.3237110406232674,2.5434502509135952,0.6850934534660618,3.9538044143034226,0.68509345346606,0.8,self,,0.0,39.73795199394226,ok
C3,0.5,0.6,1.0,0.1,20,200,5,1.0,predictive,P1+P2,0.046415888336127795,20,300.0,False,False,False,0.02098915802719644,0.03028485659955711,100.92419186042747,9.697151434004375,0.08972715151310931,7.161166549619247,3.0519548648632684,48.48575717002191,2.0815224459942545,0.48485757170021876,6.358631764138349,13.235634742866019,0.31123583412396344,2.455696614571547,0.7161166549619247,3.9075226091662163,0.7161166549619256,0.8,self,,0.0,39.7219557762146,ok
C3,0.5,0.6,1.0,0.1,20,200,5,1.0,predictive,P1+P2,0.046415888336127795,20,1000.0,False,False,False,0.02180227386884443,0.0314473599484672,102.28148117808516,9.685526400515322,0.04444461887588355,7.287639075214621,2.9823899053941743,48.42763200257638,2.112047955858005,0.4842763200257661,6.391596928247917,13.499359226974317,0.3062297988889089,2.4149810313966737,0.7287639075214621,3.929301057943857,0.7287639075214628,0.8,self,,0.0,39.81298017501831,ok
C3,0.5,0.6,1.0,0.1,20,200,5,1.0,predictive,P1+P2 (protect),0.046415888336127795,5,3.0,True,True,False,0.0032558180645411846,0.004798790481295724,70.68931661190405,9.95201209518706,2.167208307471173,2.4682648790139248,5.412514718327843,49.76006047593522,1.4206035108436124,0.49760060475935297,5.158671924425893,7.328427447129798,0.00013753042888423858,0.00015001426449232614,0.2468264879013925,3.165124122740506,0.24682648790139208,0.8,self,,0.0,1.0894176959991455,ok
C3,0.5,0.6,1.0,0.1,20,200,5,1.0,predictive,P1+P2 (protect),0.046415888336127795,5,10.0,True,True,False,0.009578783760963262,0.013964190232281137,83.60175779356646,9.86035809767718,1.1109952518213897,3.981769351755107,5.046877298746324,49.301790488385855,1.6957144348187667,0.493017904883859,5.454990275305434,9.250105751631423,0.003784623927506309,0.0046642757797888046,0.3981769351755107,3.330790959860525,0.39817693517551106,0.8,self,,0.0,1.083512544631958,ok
C3,0.5,0.6,1.0,0.1,20,200,5,1.0,predictive,P1+P2 (protect),0.046415888336127795,5,30.0,True,True,False,0.017509144211980777,0.02531094418056068,94.88916776346916,9.746890558194355,0.49783538849550274,5.254860167708022,4.5004138856021205,48.73445279097212,1.9470654194161185,0.4873445279097178,5.752663927544698,11.200813002844793,0.012357666457210667,0.017355896393794507,0.5254860167708022,3.2697026024514977,0.5254860167708025,0.8,self,,0.0,1.3009817600250244,ok
C3,0.5,0.6,1.0,0.1,20,200,5,1.0,predictive,P1+P2 (protect),0.046415888336127795,5,100.0,True,True,False,0.023469592109322597,0.033768823284981236,102.33243633633612,9.662311767150188,0.1848639702838431,6.091200318603115,4.061623943962854,48.3115588357509,2.1181770740258,0.4831155883575094,5.964708567329918,12.634308940563507,0.01667501702573834,0.02525173149643402,0.6091200318603116,3.265658801366778,0.6091200318603119,0.8,self,,0.0,1.0653605461120605,ok
C3,0.5,0.6,1.0,0.1,20,200,5,1.0,predictive,P1+P2 (protect),0.046415888336127795,5,300.0,True,True,False,0.025704554904829646,0.03693504565955983,105.2831649277565,9.630649543404386,0.07838791531489958,6.431020141560747,3.8599423997199667,48.15324771702221,2.1864187758729057,0.4815324771702193,6.056549941193248,13.24215450843686,0.016579699774703756,0.02554836950733531,0.6431020141560748,3.349157720458069,0.6431020141560757,0.8,self,,0.0,1.0269920825958252,ok
C3,0.5,0.6,1.0,0.1,20,200,5,1.0,predictive,P1+P2 (protect),0.046415888336127795,5,1000.0,True,True,False,0.026484232014113488,0.03804355216286818,106.47745149872898,9.61956447837132,0.038484396482230086,6.57317236709778,3.76877875804867,48.09782239185673,2.2137686532094705,0.480978223918566,6.096826817193105,13.496964091948962,0.015990786361598307,0.024708261625163392,0.657317236709778,3.432112180663468,0.6573172367097787,0.8,self,,0.0,1.1151916980743408,ok
C3,0.5,0.6,1.0,0.1,20,200,5,1.0,predictive,P1+P2 (protect),0.046415888336127795,10,3.0,True,True,False,0.0029922394929186576,0.004414901225866065,70.18138336132247,9.955850987741341,2.1847910225028975,2.4498337850556955,5.409524204700066,49.77925493870674,1.4098520246584023,0.4977925493870671,5.157151998060613,7.27082118593688,0.05174480875794665,0.08832855134953567,0.24498337850556956,3.140891209253892,0.2449833785055684,0.8,self,,0.0,1.297476053237915,ok
C3,0.5,0.6,1.0,0.1,20,200,5,1.0,predictive,P1+P2 (protect),0.046415888336127795,10,10.0,True,True,False,0.009008011978595446,0.013143716858899188,82.83877424187406,9.868562831411042,1.1255523739292042,3.999064650857874,5.00682014380188,49.34281415705513,1.6788417048570305,0.4934281415705521,5.467861689713407,9.179674241080901,0.1023278140484447,0.24835695807732927,0.3999064650857874,3.265507987075589,0.3999064650857868,0.8,self,,0.0,1.3538846969604492,ok
C3,0.5,0.6,1.0,0.1,20,200,5,1.0,predictive,P1+P2 (protect),0.046415888336127795,10,30.0,True,True,False,0.01679266299739915,0.024294795960438077,94.17501185443096,9.757052040395632,0.5042205817328179,5.301319342875606,4.437408034995945,48.785260201978076,1.930398884100089,0.4878526020197816,5.775392585274262,11.148811401853363,0.11577500882101932,0.34909177222118,0.5301319342875606,3.1756882728764593,0.5301319342875596,0.8,self,,0.0,1.2371854782104492,ok
C3,0.5,0.6,1.0,0.1,20,200,5,1.0,predictive,P1+P2 (protect),0.046415888336127795,10,100.0,True,True,False,0.02275456748674375,0.03276500856167736,101.7474554043214,9.672349914383236,0.18690100206856117,6.143343230194667,3.997405853353536,48.36174957191612,2.1038828476008358,0.4836174957191618,5.988546931753042,12.599201171767838,0.11534145463855967,0.3788619087632404,0.6143343230194667,3.153433578638712,0.6143343230194666,0.8,self,,0.0,1.3544635772705078,ok
C3,0.5,0.6,1.0,0.1,20,200,5,1.0,predictive,P1+P2 (protect),0.046415888336127795,10,300.0,True,True,False,0.025027968664416984,0.03598923758047552,104.77447366085121,9.640107624195252,0.0791922156540772,6.480594858377409,3.8001053017732613,48.20053812097617,2.173719998683062,0.4820053812097626,6.078926532942641,13.21388417518251,0.11313127761641617,0.3749327790994266,0.648059485837741,3.2280876503002442,0.6480594858377361,0.8,self,,0.0,1.3098914623260498,ok
C3,0.5,0.6,1.0,0.1,20,200,5,1.0,predictive,P1+P2 (protect),0.046415888336127795,10,1000.0,True,True,False,0.025833321634375874,0.03713516295673845,106.00571524400269,9.62864837043264,0.038889115511109566,6.62048928676475,3.711973227291501,48.143241852163214,2.20188153447418,0.481432418521632,6.1181236941429935,13.471383587762412,0.11152723147830351,0.36822493298038383,0.662048928676475,3.306822539835127,0.6620489286764771,0.8,self,,0.0,1.4798202514648438,ok
C3,0.5,0.6,1.0,0.1,20,200,5,1.0,predictive,P1+P2 (protect),0.046415888336127795,15,3.0,True,True,False,0.0018148826920349544,0.00268356905096496,65.72052641052184,9.973164309490365,2.613369314165787,2.628641916352885,4.784824459990963,49.86582154745168,1.3179473308783858,0.4986582154745182,5.327571861636576,7.021459115106718,0.31675972211642295,0.9392286020281642,0.2628641916352885,2.5815263760644265,0.2628641916352883,0.8,self,,0.0,2.494229555130005,ok
C3,0.5,0.6,1.0,0.1,20,200,5,1.0,predictive,P1+P2 (protect),0.046415888336127795,15,10.0,True,True,False,0.007258753190507846,0.01060770386691526,79.22445818133968,9.893922961330832,1.282074155035293,4.389598289301848,4.434404594332028,49.469614806654214,1.6014771590799433,0.4946961480665416,5.659538864298976,9.063622222100053,0.28989067322764545,1.2007482232931865,0.4389598289301848,2.79297208812275,0.4389598289301857,0.8,self,,0.0,2.7128119468688965,ok
C3,0.5,0.6,1.0,0.1,20,200,5,1.0,predictive,P1+P2 (protect),0.046415888336127795,15,30.0,True,True,False,0.01482131783536718,0.021474408131206824,91.45611646348314,9.785255918687954,0.5547528702112011,5.711046248953512,3.948944962147334,48.92627959343955,1.8692636600095451,0.4892627959343977,5.951445279475043,11.12482038545805,0.25032980357776907,1.2373002200722332,0.5711046248953512,2.752563806238505,0.571104624895349,0.8,self,,0.0,2.450145721435547,ok
C3,0.5,0.6,1.0,0.1,20,200,5,1.0,predictive,P1+P2 (protect),0.046415888336127795,15,100.0,True,True,False,0.02074295200274394,0.02991291645008236,99.57246768131422,9.700870835499138,0.2023652719685888,6.514733953611466,3.582029938920807,48.504354177495856,2.0528562717677,0.4850435417749569,6.142394265582655,12.60945259177131,0.22345257321818604,1.2044888949216952,0.6514733953611467,2.7444278894993883,0.6514733953611461,0.8,self,,0.0,2.6806328296661377,ok
C3,0.5,0.6,1.0,0.1,20,200,5,1.0,predictive,P1+P2 (protect),0.046415888336127795,15,300.0,True,True,False,0.02304451911476178,0.03318635145456089,102.82041476739114,9.668136485454395,0.08588525201384462,6.826128488650361,3.419849773881399,48.34068242727203,2.1269955160869567,0.48340682427271975,6.220888427195205,13.231801790721441,0.2130244545605001,1.1749974865497468,0.6826128488650361,2.8124131784399435,0.6826128488650358,0.8,self,,0.0,2.4621009826660156,ok
C3,0.5,0.6,1.0,0.1,20,200,5,1.0,predictive,P1+P2 (protect),0.046415888336127795,15,1000.0,True,True,False,0.02387443960171613,0.034370167288072004,104.14710005929292,9.65629832711925,0.04273115748340747,6.952905615338073,3.348064900059269,48.28149163559661,2.15708124441019,0.4828149163559625,6.254368134639471,13.491180198867548,0.20890755403611075,1.1577222071565807,0.6952905615338074,2.882684088191684,0.695290561533809,0.8,self,,0.0,2.538949489593506,ok
C3,0.5,0.6,1.0,0.1,20,200,5,1.0,predictive,P1+P2 (protect),0.046415888336127795,20,3.0,True,True,False,0.000614522498968406,0.0009108236659364473,58.554246931389535,9.990891763340631,4.059816935139433,3.7531544134933945,2.1961368880265413,49.95445881670311,1.1721525629221898,0.49954458816703157,6.083332464330291,7.130593739172512,0.43926673023340285,2.1961368880265333,0.3753154413493395,1.8999162608165565,0.37531544134933925,0.8,self,,0.0,8.094066381454468,ok
C3,0.5,0.6,1.0,0.1,20,200,5,1.0,predictive,P1+P2 (protect),0.046415888336127795,20,10.0,True,True,False,0.0047561564228990735,0.006962252298884218,72.405830994323,9.9303774770112,1.7704119782254257,5.755854175850879,2.543356368912495,49.65188738505576,1.4582694597852432,0.49651887385056004,6.297093074187001,9.182858515512075,0.39444016573356955,2.5433563689125527,0.575585417585088,2.170931528811673,0.5755854175850823,0.8,self,,0.0,7.94688868522644,ok
C3,0.5,0.6,1.0,0.1,20,200,5,1.0,predictive,P1+P2 (protect),0.046415888336127795,20,30.0,True,True,False,0.011760180743821805,0.01706867971774492,86.14686947053337,9.829313202822583,0.7096867886877258,6.9828504900884765,2.478149518401215,49.14656601411275,1.7528563327455218,0.49146566014112913,6.481134128547186,11.360497000597064,0.3462777177308301,2.478149518401278,0.6982850490088477,2.1182254977866037,0.698285049008845,0.8,self,,0.0,7.9786694049835205,ok
C3,0.5,0.6,1.0,0.1,20,200,5,1.0,predictive,P1+P2 (protect),0.046415888336127795,20,100.0,True,True,False,0.017496472881265688,0.025278101822804835,95.23541548891164,9.747218981771944,0.2522965914301596,7.646548261288393,2.353936165509504,48.73609490885992,1.9541043587306055,0.4873609490885972,6.596623691513372,12.890491108491858,0.31404871269748624,2.3539361655094924,0.7646548261288393,2.087537420585637,0.764654826128839,0.8,self,,0.0,8.040677547454834,ok
C3,0.5,0.6,1.0,0.1,20,200,5,1.0,predictive,P1+P2 (protect),0.046415888336127795,20,300.0,True,True,False,0.01976999342434161,0.02852479837776998,98.8528915611425,9.714752016222292,0.10944501695992401,7.888003001244813,2.2877999655729715,48.57376008111123,2.0351089023388824,0.4857376008111146,6.642973313953237,13.519174129225862,0.30156499362536765,2.287799965572924,0.7888003001244813,2.1336109109995554,0.7888003001244864,0.8,self,,0.0,8.02045464515686,ok
C3,0.5,0.6,1.0,0.1,20,200,5,1.0,predictive,P1+P2 (protect),0.046415888336127795,20,1000.0,True,True,False,0.02060184516947167,0.029715673645570706,100.33128628565008,9.702843263544253,0.0575503776817159,7.983114692556846,2.256491666217185,48.514216317721505,2.0680801196205367,0.48514216317721265,6.662549146935354,13.778685436771772,0.2966872884640261,2.2564916662171157,0.7983114692556846,2.1871880024928054,0.7983114692556879,0.8,self,,0.0,8.096184492111206,ok
C3,0.5,0.6,1.0,0.1,20,200,5,1.0,predictive,NoCancel,0.12115276586285889,0,1.0,False,False,True,0.001334697149600311,0.0019749426717820965,62.945347599931075,9.980250573282191,3.297214712270109,3.994666820352358,2.7278678940953416,49.9012528664111,1.2613981410134103,0.49901252866410956,5.9981015141703065,7.565994099584146,0.0,0.0,0.39946668203523583,0.0,0.39946668203523483,0.8,self,,0.0,13.1148042678833,ok
C3,0.5,0.6,1.0,0.1,20,200,5,1.0,predictive,P2 only,0.12115276586285889,0,3.0,False,False,False,0.008219566311066495,0.012008415847697608,81.57731661479697,9.879915841523019,1.2377982954188116,3.755021288436254,5.127264574621916,49.399579207615034,1.6513767510436947,0.49399579207615096,5.405696103989026,8.926840869334956,0.0,0.0,0.37550212884362544,3.365166449329694,0.37550212884362527,0.8,self,,0.0,1.1005947589874268,ok
C3,0.5,0.6,1.0,0.1,20,200,5,1.0,predictive,P2 only,0.12115276586285889,0,10.0,False,False,False,0.016662989195885956,0.024107244907235828,93.88802800517304,9.758927550927622,0.5429578545492236,5.142760750586118,4.555353843937037,48.794637754638224,1.9241464293122745,0.4879463775463811,5.725221544095185,11.016164591092458,0.0,0.0,0.5142760750586118,3.2935889153046785,0.5142760750586112,0.8,self,,0.0,1.0146911144256592,ok
C3,0.5,0.6,1.0,0.1,20,200,5,1.0,predictive,P2 only,0.12115276586285889,0,30.0,False,False,False,0.022661187905659064,0.03262301131031283,101.3356876440002,9.673769886896892,0.22296680855222734,5.975926815238883,4.127336489311998,48.36884943448445,2.0950609499458794,0.4836884943448446,5.934271602476688,12.432660700721666,0.0,0.0,0.5975926815238883,3.2660534219489046,0.5975926815238886,0.8,self,,0.0,1.1074042320251465,ok
C3,0.5,0.6,1.0,0.1,20,200,5,1.0,predictive,P2 only,0.12115276586285889,0,100.0,False,False,False,0.02557093136681886,0.03674387062499142,105.08128305976538,9.63256129375007,0.08527367421401344,6.404729640998035,3.8774353910378814,48.16280646875048,2.181793187819015,0.4816280646875035,6.048937363265183,13.197530332715889,0.0,0.0,0.6404729640998035,3.3461037757561933,0.6404729640998034,0.8,self,,0.0,1.0104892253875732,ok
C3,0.5,0.6,1.0,0.1,20,200,5,1.0,predictive,P2 only,0.12115276586285889,0,300.0,False,False,False,0.026427962752685694,0.03796143150824602,106.36007293313469,9.620385684917544,0.04234271814410995,6.556444730654205,3.7808268662841416,48.101928424587555,2.211139478532178,0.4810192842458772,6.091716708747359,13.469635306745392,0.0,0.0,0.6556444730654205,3.427237323582812,0.6556444730654207,0.8,self,,0.0,1.2759380340576172,ok
C3,0.5,0.6,1.0,0.1,20,200,5,1.0,predictive,P2 only,0.12115276586285889,0,1000.0,False,False,False,0.026704697694636473,0.0383563475332939,106.83407395215693,9.616436524667058,0.026798436304052656,6.6140975152920465,3.7426675237368423,48.08218262333524,2.2219056649127285,0.4808218262333529,6.108401593992783,13.572292105254505,0.0,0.0,0.6614097515292047,3.4729025438137784,0.6614097515292052,0.8,self,,0.0,1.0431499481201172,ok
C3,0.5,0.6,1.0,0.1,20,200,5,1.0,predictive,P1 only,0.12115276586285889,5,1.0,False,False,False,0.0032865924413868373,0.004847275766349868,71.24183709144043,9.951527242336512,2.099421667817762,2.543507417685379,5.405543672160347,49.75763621168243,1.431776959587839,0.4975763621168256,5.171487466674704,7.404416601582123,9.342762602994162e-05,0.00010092106833800365,0.25435074176853795,3.24369321781092,0.25435074176853767,0.8,self,,0.0,1.1481330394744873,ok
C3,0.5,0.6,1.0,0.1,20,200,5,1.0,predictive,P1 only,0.12115276586285889,10,1.0,False,False,False,0.0032173765275838985,0.004746925420569589,71.13001444583304,9.952530745794316,2.102676784964554,2.547451082140799,5.3973413871003295,49.762653728971614,1.4293854751645094,0.49762653728971584,5.174081818233629,7.395757398295924,0.05284010146796115,0.08911879703032595,0.2547451082140799,3.298806517979299,0.25474510821407986,0.8,self,,0.0,1.7303431034088135,ok
C3,0.5,0.6,1.0,0.1,20,200,5,1.0,predictive,P1 only,0.12115276586285889,15,1.0,False,False,False,0.0026626188839064912,0.003934687290240472,69.63129108772509,9.960653127097583,2.1997282784851975,2.66503165085227,5.17458694356495,49.803265635487996,1.3981270143479982,0.49803265635487914,5.243237265700504,7.330711663812008,0.32847814026617583,1.0868720547263921,0.266503165085227,3.925640516682472,0.26650316508522687,0.8,self,,0.0,7.815305948257446,ok
C3,0.5,0.6,1.0,0.1,20,200,5,1.0,predictive,P1 only,0.12115276586285889,20,1.0,False,False,False,0.0016625721408950532,0.0024629354227515875,65.7663882195985,9.975370645772474,2.604554211133379,3.1554894651856444,4.264585677908503,49.87685322886218,1.3185753302804903,0.49876853228862367,5.5244969598991895,7.284465403532638,0.44542749938623327,2.857912310996796,0.31554894651856447,4.842789845288452,0.31554894651856696,0.8,self,,0.0,39.864853382110596,ok
C3,0.5,0.6,1.0,0.1,20,200,5,1.0,predictive,P1 only (protect),0.12115276586285889,5,1.0,True,True,False,0.003284835668436735,0.0048447999471090165,71.24048741626608,9.95155200052889,2.099430782251047,2.5433771145155397,5.405640102704523,49.757760002644595,1.4317462725910428,0.4975776000264445,5.171449839980854,7.404204032284132,9.128211105251762e-05,9.858897738418093e-05,0.254337711451554,3.2437105454797597,0.25433771145155454,0.8,self,,0.0,1.1111125946044922,ok
C3,0.5,0.6,1.0,0.1,20,200,5,1.0,predictive,P1 only (protect),0.12115276586285889,10,1.0,True,True,False,0.0028509345079960765,0.004211590850229281,70.3466835158611,9.957884091497698,2.1332860228058053,2.476600987008538,5.432228898687958,49.789420457488454,1.4128841603192588,0.4978942045748849,5.15636142712949,7.285341385272465,0.048648820014296185,0.07958301439122809,0.24766009870085381,3.225184271263999,0.24766009870085276,0.8,self,,0.0,1.235429048538208,ok
C3,0.5,0.6,1.0,0.1,20,200,5,1.0,predictive,P1 only (protect),0.12115276586285889,15,1.0,True,True,False,0.0015000252446507093,0.0022209587618102866,64.58739932508703,9.977790412381887,2.756351014922485,2.4567673987507717,4.809091173944855,49.88895206190958,1.2946232914441147,0.49888952061909436,5.29694475858399,6.857548057955657,0.31795538720890476,0.8977537285964774,0.24567673987507718,2.5514474136955387,0.24567673987507682,0.8,self,,0.0,2.5543651580810547,ok
C3,0.5,0.6,1.0,0.1,20,200,5,1.0,predictive,P1 only (protect),0.12115276586285889,20,1.0,True,True,False,0.0004445953433336662,0.000659940155028924,57.50477029478013,9.993400598449728,4.388469364775189,3.5040491167569527,2.1140809200181296,49.9670029922486,1.150854901257553,0.49967002992248644,6.064757170984313,6.979655515164189,0.4420954946006957,2.1140809200181523,0.3504049116756953,1.8320305788477451,0.35040491167569765,0.8,self,,0.0,8.05398416519165,ok
C3,0.5,0.6,1.0,0.1,20,200,5,1.0,predictive,P1+P2,0.12115276586285889,5,3.0,False,False,False,0.008216054973176809,0.012003511036529689,81.57491520968148,9.87996488963471,1.237811829601696,3.755063549155686,5.127159731607907,49.39982444817362,1.6513199413342736,0.4939982444817355,5.4057334874326,8.92659550533592,0.0024057963029973446,0.00287752185387515,0.3755063549155686,3.365948877909304,0.3755063549155687,0.8,self,,0.0,1.043100118637085,ok
C3,0.5,0.6,1.0,0.1,20,200,5,1.0,predictive,P1+P2,0.12115276586285889,5,10.0,False,False,False,0.016643925351108174,0.024080895476767967,93.87662194242482,9.759191045232317,0.5429961919380613,5.143113418343969,4.554699344485653,48.795955226161766,1.9238607279501154,0.48795955226161586,5.725461857162335,11.01499121637095,0.01139130504927631,0.01576618146934337,0.5143113418343969,3.2966781441964774,0.5143113418343966,0.8,self,,0.0,1.1984782218933105,ok
C3,0.5,0.6,1.0,0.1,20,200,5,1.0,predictive,P1+P2,0.12115276586285889,5,30.0,False,False,False,0.022633102551525605,0.03258455567181224,101.32065149931564,9.674154443281884,0.2229920653493207,5.976533933300035,4.12631955806876,48.370772216409364,2.094666817515547,0.4837077221640942,5.934650149865293,12.431114742486496,0.016397441202738002,0.02460255434800054,0.5976533933300036,3.269404232582544,0.5976533933300017,0.8,self,,0.0,1.090308427810669,ok
C3,0.5,0.6,1.0,0.1,20,200,5,1.0,predictive,P1+P2,0.12115276586285889,5,100.0,False,False,False,0.025543540811024605,0.03670661170179782,105.06770341813944,9.632933882982037,0.08528359352483562,6.405342985047072,3.8764395384460557,48.16466941491018,2.181426856956979,0.4816466941491019,6.0493102921376645,13.196127937335369,0.016702799212234283,0.025707525283296458,0.6405342985047072,3.3485879853879776,0.6405342985047066,0.8,self,,0.0,1.0941290855407715,ok
C3,0.5,0.6,1.0,0.1,20,200,5,1.0,predictive,P1+P2,0.12115276586285889,5,300.0,False,False,False,0.02640239530004848,0.03792674365922976,106.34779839376309,9.6207325634077,0.04234748394212558,6.557016313910311,3.779903638739864,48.10366281703857,2.2108045867162978,0.48103662817038495,6.092063107101562,13.468361059745273,0.016129528534050815,0.024912616778192842,0.6557016313910311,3.4292233202857543,0.6557016313910289,0.8,self,,0.0,1.0406169891357422,ok
C3,0.5,0.6,1.0,0.1,20,200,5,1.0,predictive,P1+P2,0.12115276586285889,5,1000.0,False,False,False,0.02668006539456718,0.03832296169118009,106.82239888249916,9.616770383088182,0.02680144632394725,6.614646973035349,3.7417811975525215,48.083851915441,2.221585722174551,0.4808385191544091,6.1087343822286515,13.571077084115949,0.015805313358312294,0.024420762476485686,0.661464697303535,3.474680270621044,0.6614646973035366,0.8,self,,0.0,1.2290210723876953,ok
C3,0.5,0.6,1.0,0.1,20,200,5,1.0,predictive,P1+P2,0.12115276586285889,10,3.0,False,False,False,0.00796741630644532,0.011647246819777232,81.27961551537693,9.883527531802184,1.2428153214930229,3.7701529052701925,5.103504241434601,49.4176376590112,1.6447491091382789,0.49417637659010916,5.4138749934754395,8.904466072504734,0.09833036955179059,0.22605071913179903,0.37701529052701926,3.472877482554653,0.37701529052701954,0.8,self,,0.0,1.9393210411071777,ok
C3,0.5,0.6,1.0,0.1,20,200,5,1.0,predictive,P1+P2,0.12115276586285889,10,10.0,False,False,False,0.016176675556050416,0.023420986128994337,93.46163758713764,9.76579013871007,0.5461354725892433,5.171830187836618,4.516244200864069,48.8289506935504,1.9140619706063555,0.4882895069355035,5.739448099365486,10.985659339264403,0.1171576106164716,0.34758165626217735,0.5171830187836618,3.4030814397384455,0.5171830187836612,0.8,self,,0.0,1.749213695526123,ok
C3,0.5,0.6,1.0,0.1,20,200,5,1.0,predictive,P1+P2,0.12115276586285889,10,30.0,False,False,False,0.022100620891900343,0.03183972015924044,100.92035919319832,9.68160279840759,0.22427329478162994,6.008530539577269,4.0855933672335105,48.40801399203803,2.0847861928357014,0.4840801399203795,5.949769696438745,12.403997713687758,0.11755792927657908,0.3831599440678669,0.6008530539577269,3.347970539348509,0.6008530539577286,0.8,self,,0.0,1.7247445583343506,ok
C3,0.5,0.6,1.0,0.1,20,200,5,1.0,predictive,P1+P2,0.12115276586285889,10,100.0,False,False,False,0.025022516844127672,0.03598152515295405,104.70940634041315,9.640184748470448,0.08573260708095003,6.435892611048063,3.838190033400539,48.20092374235234,2.172352689755797,0.4820092374235224,6.063623812997946,13.17232949983339,0.11505002757733408,0.38106678825222917,0.6435892611048063,3.404578627050107,0.6435892611048056,0.8,self,,0.0,1.872645616531372,ok
C3,0.5,0.6,1.0,0.1,20,200,5,1.0,predictive,P1+P2,0.12115276586285889,10,300.0,False,False,False,0.025897150269523675,0.037224799570715256,106.01153956759055,9.62775200429285,0.04255730273994773,6.586230200947076,3.743460492020126,48.1387600214641,2.2022075250862745,0.4813876002146425,6.105733446336607,13.446092141693429,0.11334111703000584,0.3741224824970495,0.6586230200947076,3.475347742204396,0.6586230200947064,0.8,self,,0.0,1.7509067058563232,ok
C3,0.5,0.6,1.0,0.1,20,200,5,1.0,predictive,P1+P2,0.12115276586285889,10,1000.0,False,False,False,0.026182811308950386,0.03763252021823637,106.4955711458076,9.623674797817646,0.026929927472011096,6.643217921714183,3.7061773529961597,48.11837398908815,2.21319970558352,0.4811837398908823,6.1221013931681325,13.549433000912169,0.11251961571733453,0.3703777542774831,0.6643217921714184,3.516729657642919,0.6643217921714167,0.8,self,,0.0,1.9736099243164062,ok
C3,0.5,0.6,1.0,0.1,20,200,5,1.0,predictive,P1+P2,0.12115276586285889,15,3.0,False,False,False,0.006948368466188206,0.010173091997882792,79.52022776072732,9.89826908002116,1.3021626899610637,3.942106051898893,4.857462178118883,49.49134540010593,1.6067501725373812,0.494913454001058,5.497456519002238,8.833039210423598,0.30211682685912766,1.2636240793725364,0.3942106051898893,4.006949133960523,0.39421060518988865,0.8,self,,0.0,7.6936070919036865,ok
C3,0.5,0.6,1.0,0.1,20,200,5,1.0,predictive,P1+P2,0.12115276586285889,15,10.0,False,False,False,0.014753732085558413,0.021392665683704945,91.80688729937108,9.786073343162991,0.5687213305389496,5.369780376334325,4.275424949963734,48.93036671581491,1.876276297551188,0.48930366715814955,5.826594588970221,10.932301322724832,0.25979720074680207,1.2983539664335488,0.5369780376334325,3.7627969389116176,0.5369780376334303,0.8,self,,0.0,7.687613010406494,ok
C3,0.5,0.6,1.0,0.1,20,200,5,1.0,predictive,P1+P2,0.12115276586285889,15,30.0,False,False,False,0.020538731652849834,0.029633578341809238,99.44414535470808,9.7036642165819,0.23236498997276303,6.201856660213882,3.8621141332314544,48.51832108290975,2.0496204966526883,0.48518321082909505,6.032576492615653,12.364492426890227,0.23290816774846584,1.2603600708061213,0.6201856660213882,3.596460508916213,0.6201856660213879,0.8,self,,0.0,7.924360990524292,ok
C3,0.5,0.6,1.0,0.1,20,200,5,1.0,predictive,P1+P2,0.12115276586285889,15,100.0,False,False,False,0.023453477195771906,0.033774756627708465,103.36488075834471,9.66225243372295,0.08863622014927766,6.620132806765889,3.628978539361884,48.311262168614554,2.1395607590955423,0.4831126216861475,6.141846470350028,13.140853696350383,0.21939087646063177,1.2198773232097042,0.6620132806765889,3.5902665481065728,0.66201328067659,0.8,self,,0.0,7.736149549484253,ok
C3,0.5,0.6,1.0,0.1,20,200,5,1.0,predictive,P1+P2,0.12115276586285889,15,300.0,False,False,False,0.024343962392487487,0.035043047353128014,104.72359412210051,9.64956952646874,0.044013010754955825,6.7656310951892795,3.5407863675870246,48.24784763234369,2.170534008482845,0.482478476323437,6.1817159368011705,13.41762467160733,0.21481314694239942,1.1993724225821518,0.676563109518928,3.635961369341284,0.6765631095189286,0.8,self,,0.0,7.587392568588257,ok
C3,0.5,0.6,1.0,0.1,20,200,5,1.0,predictive,P1+P2,0.12115276586285889,15,1000.0,False,False,False,0.024639048953860095,0.035464862936816395,105.23078932001923,9.645351370631854,0.02788655011177455,6.820481255725303,3.5062808235310685,48.2267568531592,2.1820001216425533,0.4822675685315927,6.197114621924379,13.52210485887184,0.21312676179517698,1.19045110993379,0.6820481255725304,3.666990581498291,0.6820481255725277,0.8,self,,0.0,8.04974102973938,ok
C3,0.5,0.6,1.0,0.1,20,200,5,1.0,predictive,P1+P2,0.12115276586285889,20,3.0,False,False,False,0.005241503162121299,0.0076901193892003564,75.65895278050141,9.923098806107989,1.5016471351071563,4.505685080169016,4.069568978615839,49.61549403054,1.5249057629846594,0.4961549403053994,5.763687739476981,8.789080649972473,0.4084828270222956,2.9093499927665105,0.4505685080169016,4.7586081475949475,0.45056850801689985,0.8,self,,0.0,39.58438014984131,ok
C3,0.5,0.6,1.0,0.1,20,200,5,1.0,predictive,P1+P2,0.12115276586285889,20,10.0,False,False,False,0.012431344486564721,0.018061287945240027,88.47756488192904,9.819387120547631,0.6361753549175091,5.941904575916984,3.602532948617875,49.09693560273823,1.8020995362691126,0.49096935602738156,6.069443978001898,10.937742178168579,0.35916093086533357,2.739990272839872,0.5941904575916984,4.291396393142209,0.5941904575916988,0.8,self,,0.0,39.380152463912964,ok
C3,0.5,0.6,1.0,0.1,20,200,5,1.0,predictive,P1+P2,0.12115276586285889,20,30.0,False,False,False,0.01796485205419146,0.025972841472078317,96.52328260340583,9.740271585279183,0.25612919751587715,6.744329376923311,3.259269840281629,48.70135792639589,1.9819423259056745,0.48701357926395916,6.255659943178105,12.398357217857374,0.32799566975627553,2.569396240652909,0.6744329376923311,3.9897193308994474,0.6744329376923295,0.8,self,,0.0,40.430569887161255,ok
C3,0.5,0.6,1.0,0.1,20,200,5,1.0,predictive,P1+P2,0.12115276586285889,20,100.0,False,False,False,0.020818864413560362,0.03004217958610493,100.68120873805506,9.699578204138943,0.09754994052294545,7.138407690007564,3.0644641653305476,48.497891020694624,2.0759914837346884,0.48497891020694717,6.352752032463894,13.188259117673278,0.31215123916060056,2.4620798420426118,0.7138407690007564,3.9094352463574222,0.7138407690007511,0.8,self,,0.0,39.619808197021484,ok
C3,0.5,0.6,1.0,0.1,20,200,5,1.0,predictive,P1+P2,0.12115276586285889,20,300.0,False,False,False,0.021709034644708202,0.031314053426231954,102.13231357958482,9.686859465737633,0.04880522177064855,7.273728592557113,2.990606719934605,48.43429732868804,2.1086775118566856,0.4843429732868817,6.387851770526456,13.469919377583052,0.3067771084950152,2.4192287264153403,0.7273728592557114,3.9261723599068117,0.7273728592557086,0.8,self,,0.0,40.23541021347046,ok
C3,0.5,0.6,1.0,0.1,20,200,5,1.0,predictive,P1+P2,0.12115276586285889,20,1000.0,False,False,False,0.022008280746877704,0.031742974166857535,102.67618489737748,9.682570258331374,0.03124939718676967,7.324476497931173,2.961703846550683,48.41285129165712,2.1208456465168255,0.4841285129165687,6.4013589284321615,13.576294215156961,0.30480064146739533,2.4021839841667796,0.7324476497931174,3.9452923831158038,0.7324476497931153,0.8,self,,0.0,39.85059070587158,ok
C3,0.5,0.6,1.0,0.1,20,200,5,1.0,predictive,P1+P2 (protect),0.12115276586285889,5,3.0,True,True,False,0.008199069225964722,0.011979649321143607,81.56249973153147,9.880203506788549,1.2378854249113473,3.7539664055412536,5.12794466275885,49.401017533942785,1.6510287399544141,0.4940101753394274,5.40542730087266,8.924515825474977,0.002381165333219325,0.0028482342227643285,0.37539664055412536,3.3652620217681593,0.37539664055412425,0.8,self,,0.0,1.215334177017212,ok
C3,0.5,0.6,1.0,0.1,20,200,5,1.0,predictive,P1+P2 (protect),0.12115276586285889,5,10.0,True,True,False,0.01661175491035615,0.02403593334865133,93.85479114890701,9.759640666513478,0.5430851202582485,5.141592265659491,4.555681947568782,48.79820333256738,1.9233247279468866,0.4879820333256739,5.72507904394721,11.01118609467419,0.011322914678290448,0.01567589035590257,0.5141592265659491,3.291743866069271,0.5141592265659495,0.8,self,,0.0,1.1158061027526855,ok
C3,0.5,0.6,1.0,0.1,20,200,5,1.0,predictive,P1+P2 (protect),0.12115276586285889,5,30.0,True,True,False,0.02261061585728501,0.03255326606554183,101.30631439657465,9.674467339344593,0.22302709512968252,5.975930227686542,4.126575337839182,48.37233669672299,2.0943026803052436,0.4837233669672297,5.93454871358848,12.42874127727039,0.016323253224150368,0.024499024389416108,0.5975930227686542,3.2618418742458837,0.5975930227686529,0.8,self,,0.0,1.0845880508422852,ok
C3,0.5,0.6,1.0,0.1,20,200,5,1.0,predictive,P1+P2 (protect),0.12115276586285889,5,100.0,True,True,False,0.025530368616019823,0.036688348239948015,105.05972308289117,9.633116517600474,0.08529448397999208,6.405277395472098,3.8763116029474363,48.16558258800258,2.181219813773418,0.4816558258800237,6.049356755489104,13.194976815656911,0.01664086838569967,0.02561905439706284,0.6405277395472098,3.340819024910264,0.6405277395472069,0.8,self,,0.0,1.1258246898651123,ok
C3,0.5,0.6,1.0,0.1,20,200,5,1.0,predictive,P1+P2 (protect),0.12115276586285889,5,300.0,True,True,False,0.0263925089034058,0.03791306334404801,106.34197740158105,9.620869366559523,0.04235288240121389,6.557093719903528,3.779684031135735,48.10434683279763,2.210652142751409,0.4810434683279762,6.092144863283503,13.467613095969664,0.01607497789351815,0.024834249545251062,0.6557093719903528,3.421695402060612,0.6557093719903553,0.8,self,,0.0,1.0663299560546875,ok
C3,0.5,0.6,1.0,0.1,20,200,5,1.0,predictive,P1+P2 (protect),0.12115276586285889,5,1000.0,True,True,False,0.026671356977969483,0.03831092318058809,106.81734245518811,9.616890768194132,0.02680524336744173,6.614768773542362,3.741535214896064,48.084453840970525,2.2214527549478795,0.4808445384097066,6.108826295742861,13.570469004176028,0.01575392551520311,0.02434680519955818,0.6614768773542363,3.4672873150462173,0.6614768773542338,0.8,self,,0.0,1.0326898097991943,ok
C3,0.5,0.6,1.0,0.1,20,200,5,1.0,predictive,P1+P2 (protect),0.12115276586285889,10,3.0,True,True,False,0.007521928160654593,0.011001307844284318,80.52253648636146,9.889986921557162,1.2629680896124764,3.728985214320095,5.118059774510266,49.44993460778571,1.628364872977678,0.49449934607785806,5.40537158904663,8.801917220995065,0.09595369694516628,0.21765748299821103,0.3728985214320095,3.3123789404848667,0.37289852143201,0.8,self,,0.0,1.3729884624481201,ok
C3,0.5,0.6,1.0,0.1,20,200,5,1.0,predictive,P1+P2 (protect),0.12115276586285889,10,10.0,True,True,False,0.015850601880766948,0.022952615040646603,93.02524075596305,9.770473849593538,0.5523754886793768,5.1743377921276,4.502812869599485,48.852369247967545,1.904211447428075,0.48852369247967686,5.743559562794516,10.936951868458307,0.11524053613584925,0.3406160710250943,0.51743377921276,3.202404540691482,0.5174337792127588,0.8,self,,0.0,1.24369215965271,ok
C3,0.5,0.6,1.0,0.1,20,200,5,1.0,predictive,P1+P2 (protect),0.12115276586285889,10,30.0,True,True,False,0.021875354975614495,0.03151844194956542,100.66727686304394,9.684815580504369,0.2260255962893846,6.024653784692996,4.064505038513251,48.42407790252175,2.078868224722593,0.48424077902521845,5.957434954142634,12.38472222701882,0.11571797630411627,0.377027294422207,0.6024653784692996,3.153120349521402,0.602465378469296,0.8,self,,0.0,1.3644039630889893,ok
C3,0.5,0.6,1.0,0.1,20,200,5,1.0,predictive,P1+P2 (protect),0.12115276586285889,10,100.0,True,True,False,0.0248459518216292,0.035730843394048147,104.53359348957179,9.642691566059531,0.08629543838022123,6.4539783590417725,3.8170346365184753,48.21345783029767,2.168141390263076,0.48213457830297657,6.071493173792905,13.163855650800125,0.11335154980149016,0.37571441570327546,0.6453978359041773,3.2208022550404123,0.6453978359041779,0.8,self,,0.0,1.4107964038848877,ok
C3,0.5,0.6,1.0,0.1,20,200,5,1.0,predictive,P1+P2 (protect),0.12115276586285889,10,300.0,True,True,False,0.0257363779309497,0.03699696023505887,105.85960139013888,9.630030397649433,0.04285715972861904,6.604034093005219,3.723078349616729,48.15015198824709,2.198530991469726,0.48150151988247164,6.113351628145196,13.440393016229123,0.1117277580714314,0.3691597222940715,0.660403409300522,3.297126235124457,0.660403409300522,0.8,self,,0.0,1.3140771389007568,ok
C3,0.5,0.6,1.0,0.1,20,200,5,1.0,predictive,P1+P2 (protect),0.12115276586285889,10,1000.0,True,True,False,0.026027719283583734,0.03741289444542852,106.35216401592912,9.62587105554573,0.027148493602374604,6.660771956630697,3.686208494221199,48.12935527772848,2.2097151188132127,0.48129355277728647,6.129576414092865,13.54461767414188,0.11094548340199656,0.3655823478167408,0.6660771956630698,3.340840924204046,0.666077195663069,0.8,self,,0.0,1.3450665473937988,ok
C3,0.5,0.6,1.0,0.1,20,200,5,1.0,predictive,P1+P2 (protect),0.12115276586285889,15,3.0,True,True,False,0.00577513514354257,0.008459248460860512,76.2688482151834,9.915407515391397,1.5021753491428045,4.042170769810097,4.540246365655701,49.57703757695697,1.5383905925559493,0.49577037576956984,5.586643016332484,8.594439060294286,0.29908834293052866,1.1719292923636035,0.4042170769810097,2.7891852027203288,0.40421707698101017,0.8,self,,0.0,2.4353792667388916,ok
C3,0.5,0.6,1.0,0.1,20,200,5,1.0,predictive,P1+P2 (protect),0.12115276586285889,15,10.0,True,True,False,0.013895412986619086,0.02015034781453614,90.13007004936674,9.798496521854652,0.6187611093500293,5.575656597092428,4.00708577170289,48.9924826092731,1.839671419964076,0.4899248260927326,5.919959170797778,10.890779693870902,0.2548499718232682,1.2388046638056827,0.5575656597092429,2.762968034194145,0.5575656597092455,0.8,self,,0.0,2.532195568084717,ok
C3,0.5,0.6,1.0,0.1,20,200,5,1.0,predictive,P1+P2 (protect),0.12115276586285889,15,30.0,True,True,False,0.01987043628570813,0.02867201211075066,98.3935423247902,9.71327987889249,0.2474104490477338,6.400726623255161,3.638583048804616,48.56639939446243,2.0259591724234163,0.48566399394462445,6.114356993057253,12.387437633555601,0.22733498325803903,1.2122227435716006,0.6400726623255162,2.738697468714985,0.640072662325513,0.8,self,,0.0,2.606637954711914,ok
C3,0.5,0.6,1.0,0.1,20,200,5,1.0,predictive,P1+P2 (protect),0.12115276586285889,15,100.0,True,True,False,0.02286423485092688,0.03292966993503035,102.5532777057804,9.670703300649693,0.09439403208651145,6.800715876524344,3.434186790739451,48.353516503248514,2.1209062984879417,0.48353516503248467,6.214218343144227,13.179774824153892,0.21386951041934432,1.1780098044624423,0.6800715876524345,2.8036880226863596,0.6800715876524371,0.8,self,,0.0,2.662386655807495,ok
C3,0.5,0.6,1.0,0.1,20,200,5,1.0,predictive,P1+P2 (protect),0.12115276586285889,15,300.0,True,True,False,0.02377807467494712,0.03423241901172453,103.98418809145461,9.657675809882718,0.04754268751833842,6.937360860557665,3.357420642041278,48.28837904941375,2.1533998477158875,0.48288379049413593,6.250126947144062,13.459022416184988,0.20940428303548225,1.1600410694645484,0.6937360860557665,2.8725722598402323,0.6937360860557649,0.8,self,,0.0,2.4470221996307373,ok
C3,0.5,0.6,1.0,0.1,20,200,5,1.0,predictive,P1+P2 (protect),0.12115276586285889,15,1000.0,True,True,False,0.024081009059418,0.03466584468332372,104.51705369974002,9.653341553166781,0.030687424732027974,6.988486537626908,3.3274844844742826,48.26670776583378,2.1654067272788757,0.48266707765833905,6.263917240347059,13.56392853136565,0.20778485621500564,1.1521582631467444,0.6988486537626909,2.9116763973733244,0.6988486537626906,0.8,self,,0.0,2.5519986152648926,ok
C3,0.5,0.6,1.0,0.1,20,200,5,1.0,predictive,P1+P2 (protect),0.12115276586285889,20,3.0,True,True,False,0.0034824571545329897,0.005109897395980362,69.1198687129339,9.948901026040176,2.135968302667518,5.392837173700801,2.5222934975915052,49.74450513020104,1.3894975642439273,0.4974450513020088,6.250035545800772,8.684409167328138,0.4056178359850276,2.5222934975914506,0.5392837173700802,2.1578827208890576,0.5392837173700811,0.8,self,,0.0,8.102463960647583,ok
C3,0.5,0.6,1.0,0.1,20,200,5,1.0,predictive,P1+P2 (protect),0.12115276586285889,20,10.0,True,True,False,0.010876848419285398,0.015800012802562675,84.6448812112772,9.841999871974371,0.8001797934759296,6.86428873975553,2.4935315947941694,49.209999359871624,1.7200748285378156,0.4920999935987186,6.461741351488856,11.114678647217906,0.3516109518848443,2.493531594794181,0.6864288739755531,2.127726868522537,0.6864288739755526,0.8,self,,0.0,8.059035539627075,ok
C3,0.5,0.6,1.0,0.1,20,200,5,1.0,predictive,P1+P2 (protect),0.12115276586285889,20,30.0,True,True,False,0.016643491057496133,0.024059861952593006,93.91827564137633,9.75940138047409,0.309834537030779,7.555512363600433,2.3752517188946984,48.79700690237037,1.9246728765410024,0.4879700690237045,6.579956223036838,12.664263271306181,0.3186830234681661,2.375251718894749,0.7555512363600433,2.0849529391062513,0.7555512363600401,0.8,self,,0.0,8.020090818405151,ok
C3,0.5,0.6,1.0,0.1,20,200,5,1.0,predictive,P1+P2 (protect),0.12115276586285889,20,100.0,True,True,False,0.019591270165710134,0.028269364061301348,98.55432559547552,9.71730635938698,0.12036235492862694,7.868554691954941,2.2937765937294525,48.586531796934864,2.028428907158443,0.48586531796934895,6.639084341007174,13.466910594361913,0.3025729647160506,2.2937765937294134,0.7868554691954941,2.1262778884847466,0.7868554691955014,0.8,self,,0.0,8.041866779327393,ok
C3,0.5,0.6,1.0,0.1,20,200,5,1.0,predictive,P1+P2 (protect),0.12115276586285889,20,300.0,True,True,False,0.0205053418149219,0.029577267291251663,100.14886202515972,9.704227327087455,0.0637845894325816,7.971475416289822,2.260512667190141,48.52113663543728,2.0640254736327894,0.4852113663543728,6.6600997554159065,13.74661555211394,0.29727602164138006,2.2605126671901092,0.7971475416289823,2.1786585808864403,0.7971475416289905,0.8,self,,0.0,8.051427125930786,ok
C3,0.5,0.6,1.0,0.1,20,200,5,1.0,predictive,P1+P2 (protect),0.12115276586285889,20,1000.0,True,True,False,0.02081148778808204,0.030016710260485094,100.74329791823195,9.69983289739511,0.043586068296039567,8.00932453518809,2.24725649912076,48.499164486975566,2.077217184747307,0.4849916448697555,6.668121505477399,13.851136581160736,0.29537688277343,2.247256499120698,0.8009324535188092,2.2089746239051973,0.8009324535188117,0.8,self,,0.0,8.030724287033081,ok
C3,0.5,0.6,1.0,0.1,20,200,5,1.0,predictive,NoCancel,0.31622776601683794,0,1.0,False,False,True,0.005280416915418539,0.00773973501339631,74.81269169131372,9.922602649866029,1.7583829602286363,5.560495153151756,2.758519236753579,49.613013249330244,1.5079247719815458,0.49613013249330146,6.218005207210684,9.376284084263235,0.0,0.0,0.5560495153151755,0.0,0.5560495153151743,0.8,self,,0.0,13.388202428817749,ok
C3,0.5,0.6,1.0,0.1,20,200,5,1.0,predictive,P2 only,0.31622776601683794,0,3.0,False,False,False,0.015171447373040705,0.02198781655832825,92.26148672225612,9.780121834416711,0.6168286640862307,4.967735138777286,4.635314362719773,48.900609172083726,1.8867144660219521,0.48900609172083553,5.684048409455363,10.724176359688501,0.0,0.0,0.4967735138777286,3.3434370507314863,0.49677351387772806,0.8,self,,0.0,1.092900037765503,ok
C3,0.5,0.6,1.0,0.1,20,200,5,1.0,predictive,P2 only,0.31622776601683794,0,10.0,False,False,False,0.022137100012292448,0.03188312476389687,100.80827268005241,9.68116875236104,0.24157528466742167,5.918897919567825,4.158358043403713,48.40584376180509,2.0825641047826493,0.484058437618052,5.91980955262937,12.32838288145536,0.0,0.0,0.5918897919567825,3.2774120559605504,0.5918897919567853,0.8,self,,0.0,1.204164743423462,ok
C3,0.5,0.6,1.0,0.1,20,200,5,1.0,predictive,P2 only,0.31622776601683794,0,30.0,False,False,False,0.02521205482222438,0.03623612122553586,104.64520527148527,9.637638787744631,0.09903774665335334,6.354969494703448,3.9083539708985677,48.18819393872324,2.1715942582233634,0.48188193938723156,6.035242589226864,13.106098153750162,0.0,0.0,0.6354969494703449,3.334005378450362,0.635496949470344,0.8,self,,0.0,1.0725114345550537,ok
C3,0.5,0.6,1.0,0.1,20,200,5,1.0,predictive,P2 only,0.31622776601683794,0,100.0,False,False,False,0.026363743207335796,0.03787048612545941,106.29337638146173,9.62129513874539,0.04344370734817126,6.5490242216087555,3.786236932297683,48.106475693727,2.209544034324722,0.4810647569372695,6.08951705215921,13.45505607451705,0.0,0.0,0.6549024221608756,3.424814358673565,0.6549024221608746,0.8,self,,0.0,1.1767315864562988,ok
C3,0.5,0.6,1.0,0.1,20,200,5,1.0,predictive,P2 only,0.31622776601683794,0,300.0,False,False,False,0.026669053462381315,0.03830583329740853,106.80261850402886,9.616941667025904,0.026827848798597776,6.610737314428236,3.745493169747263,48.08470833512956,2.221134789040643,0.48084708335129517,6.107334784201905,13.56521375750888,0.0,0.0,0.6610737314428237,3.4718736852224636,0.6610737314428213,0.8,self,,0.0,1.0381364822387695,ok
C3,0.5,0.6,1.0,0.1,20,200,5,1.0,predictive,P2 only,0.31622776601683794,0,1000.0,False,False,False,0.026769467366223463,0.03844942040291776,106.98403504975568,9.615505795970833,0.020919655837791127,6.633006557113656,3.73056799107772,48.077528979854115,2.2252398848240538,0.48077528979854167,6.113834897833842,13.604749263889058,0.0,0.0,0.6633006557113656,3.4918831817070846,0.6633006557113641,0.8,self,,0.0,1.0021605491638184,ok
C3,0.5,0.6,1.0,0.1,20,200,5,1.0,predictive,P1 only,0.31622776601683794,5,1.0,False,False,False,0.008072661465686462,0.01180628692013428,81.97174418126018,9.881937130798686,1.2057884482823449,3.8130378728923446,5.099236548026624,49.40968565399327,1.6590217706563217,0.4940968565399343,5.421048106358872,8.993636828224595,0.0018413540669178394,0.0021668095799773452,0.3813037872892345,3.437963930066987,0.38130378728923364,0.8,self,,0.0,1.1324989795684814,ok
C3,0.5,0.6,1.0,0.1,20,200,5,1.0,predictive,P1 only,0.31622776601683794,10,1.0,False,False,False,0.007852037171642052,0.011489943796172299,81.70722646648393,9.885100562038275,1.2104623852797591,3.8278181594443033,5.076618893237662,49.42550281019132,1.6531390035679367,0.49425502810191374,5.42884896947351,8.974641975916258,0.09592248013239364,0.21357648006526417,0.38278181594443034,3.540161158028495,0.3827818159444315,0.8,self,,0.0,1.821164608001709,ok
C3,0.5,0.6,1.0,0.1,20,200,5,1.0,predictive,P1 only,0.31622776601683794,15,1.0,False,False,False,0.006889907557421598,0.010097359333087799,80.05203703020818,9.899026406669112,1.2658602396642098,4.0030015567855255,4.832111796881152,49.495132033345456,1.6173719261174246,0.49495132033345557,5.512447353445044,8.915677593662311,0.30069267400326394,1.247424045813709,0.4003001556785526,4.0672561854064435,0.400300155678553,0.8,self,,0.0,7.874511003494263,ok
C3,0.5,0.6,1.0,0.1,20,200,5,1.0,predictive,P1 only,0.31622776601683794,20,1.0,False,False,False,0.005247381137962037,0.007706763263218349,76.38615672653695,9.922932367367839,1.4468527807708655,4.575350226184207,4.054864625677089,49.614661836839055,1.5395883776803245,0.4961466183683919,5.777456914632236,8.894905518316618,0.406114770347135,2.8835671269812817,0.4575350226184207,4.803276116546646,0.457535022618421,0.8,self,,0.0,40.51721692085266,ok
C3,0.5,0.6,1.0,0.1,20,200,5,1.0,predictive,P1 only (protect),0.31622776601683794,5,1.0,True,True,False,0.008035412100670858,0.011753935404182365,81.9443634501227,9.882460645958169,1.2059596045929726,3.810404845567336,5.101174903881523,49.41230322979069,1.6583797575482866,0.49412303229790844,5.420293582784679,8.98890515765899,0.0018098886013069718,0.0021293928763021592,0.3810404845567336,3.4383643429241686,0.3810404845567328,0.8,self,,0.0,1.0520925521850586,ok
C3,0.5,0.6,1.0,0.1,20,200,5,1.0,predictive,P1 only (protect),0.31622776601683794,10,1.0,True,True,False,0.0069317327183844495,0.010153644001947992,80.07669354520135,9.898463559980527,1.257609532266973,3.686273552617276,5.157653355135223,49.492317799902686,1.6179620818922082,0.49492317799902635,5.391291078759563,8.722904537876712,0.09336472203053625,0.20290216253689752,0.36862735526172763,3.402071078153386,0.3686273552617287,0.8,self,,0.0,1.5123796463012695,ok
C3,0.5,0.6,1.0,0.1,20,200,5,1.0,predictive,P1 only (protect),0.31622776601683794,15,1.0,True,True,False,0.005015945524009285,0.007357215865982234,74.65118424455859,9.926427841340185,1.626367208583668,3.847146336378768,4.600058613697379,49.63213920670081,1.50408959673614,0.49632139206700926,5.545477345188744,8.340894783834338,0.30453637875215966,1.1524668502217332,0.38471463363787683,2.7896544997978654,0.38471463363787634,0.8,self,,0.0,2.521707773208618,ok
C3,0.5,0.6,1.0,0.1,20,200,5,1.0,predictive,P1 only (protect),0.31622776601683794,20,1.0,True,True,False,0.0028528785279845013,0.0041919845038467275,67.30629786410923,9.958080154961545,2.3680339248807356,5.1733709603986995,2.50051495975902,49.79040077480781,1.3517926511281235,0.49790400774807725,6.22332302739914,8.412642334034583,0.4116958508784408,2.500514959759019,0.51733709603987,2.14242595737205,0.5173370960398697,0.8,self,,0.0,8.092768669128418,ok
C3,0.5,0.6,1.0,0.1,20,200,5,1.0,predictive,P1+P2,0.31622776601683794,5,3.0,False,False,False,0.01515630302279103,0.021966843512531642,92.25221090691959,9.780331564874706,0.6168642607503977,4.968015175011251,4.6347889993636455,48.90165782437343,1.8864843240741727,0.4890165782437353,5.684240582116482,10.723230752428993,0.009380191896604436,0.012628108031594098,0.4968015175011251,3.346084138449991,0.49680151750112395,0.8,self,,0.0,1.0671460628509521,ok
C3,0.5,0.6,1.0,0.1,20,200,5,1.0,predictive,P1+P2,0.31622776601683794,5,10.0,False,False,False,0.022109806951739596,0.031845722406027656,100.79351951216798,9.681542775939716,0.2416024916670743,5.919496891875888,4.157357840517321,48.40771387969851,2.0821788808836788,0.48407713879698583,5.920181517195503,12.326876926102372,0.016020096549875622,0.02388256010818927,0.5919496891875888,3.2807965530137135,0.5919496891875896,0.8,self,,0.0,1.1185243129730225,ok
C3,0.5,0.6,1.0,0.1,20,200,5,1.0,predictive,P1+P2,0.31622776601683794,5,30.0,False,False,False,0.025184406941572264,0.036198479855365534,104.63135730409319,9.638015201446333,0.09904964982959029,6.355596645415274,3.907338503308803,48.19007600723181,2.1712220849867787,0.48190076007231664,6.035622594588785,13.104677074016374,0.016771059662512803,0.025753841724987243,0.6355596645415275,3.336639244190038,0.635559664541528,0.8,self,,0.0,1.2165789604187012,ok
C3,0.5,0.6,1.0,0.1,20,200,5,1.0,predictive,P1+P2,0.31622776601683794,5,100.0,False,False,False,0.026338112076708664,0.03783570703941146,106.2810490415561,9.621642929605887,0.0434488252734307,6.5496030920927915,3.785305153027891,48.10821464802943,2.2092079246576133,0.48108214648029435,6.089866612834052,13.453781581180804,0.016165324074115868,0.0249641702946575,0.6549603092092792,3.4268353524786357,0.6549603092092808,0.8,self,,0.0,1.2077183723449707,ok
C3,0.5,0.6,1.0,0.1,20,200,5,1.0,predictive,P1+P2,0.31622776601683794,5,300.0,False,False,False,0.026644391653947663,0.03827240524243667,106.79091852482749,9.617275947575664,0.02683105384916296,6.6112921712454895,3.744600827329684,48.08637973787809,2.2208142743735664,0.48086379737878315,6.107669805090102,13.564000286304516,0.015828341667004524,0.02445588968966337,0.661129217124549,3.4736719187047,0.6611292171245482,0.8,self,,0.0,1.1642062664031982,ok
C3,0.5,0.6,1.0,0.1,20,200,5,1.0,predictive,P1+P2,0.31622776601683794,5,1000.0,False,False,False,0.02674519195958048,0.0384165286308034,106.97257591785099,9.615834713691967,0.02092220875266202,6.633551937031509,3.7296911405238617,48.07917356845993,2.2249254298336214,0.4807917356845984,6.114164192167109,13.603559393330741,0.015690932018922923,0.024244106710514253,0.663355193703151,3.4935991680131906,0.6633551937031494,0.8,self,,0.0,1.180816411972046,ok
C3,0.5,0.6,1.0,0.1,20,200,5,1.0,predictive,P1+P2,0.31622776601683794,10,3.0,False,False,False,0.014730770012957207,0.021364471868600788,91.85955652609766,9.786355281313998,0.6203350102949334,4.99519626035011,4.598113448040958,48.93177640656987,1.8772986241669343,0.48931776406569993,5.697507882937285,10.695923709818427,0.11507935102150155,0.3282930966623296,0.49951962603501104,3.4546006660541737,0.4995196260350114,0.8,self,,0.0,1.8314571380615234,ok
C3,0.5,0.6,1.0,0.1,20,200,5,1.0,predictive,P1+P2,0.31622776601683794,10,10.0,False,False,False,0.021584254854326357,0.03111005279811555,100.39423267374549,9.688899472018894,0.24300963867864253,5.951567061013301,4.1165238282891625,48.44449736009409,2.072355750282688,0.48444497360094474,5.935322665459682,12.300100055548542,0.11730997531297255,0.3798456118777863,0.5951567061013301,3.361744791129594,0.5951567061013308,0.8,self,,0.0,1.8030474185943604,ok
C3,0.5,0.6,1.0,0.1,20,200,5,1.0,predictive,P1+P2,0.31622776601683794,10,30.0,False,False,False,0.024661673640746465,0.035470600409614104,104.26834933127518,9.645293995903845,0.09958893626007523,6.386580574453248,3.8685364933828317,48.22646997951943,2.1620564261816244,0.48226469979519226,6.050130269915898,13.080723029307633,0.11530859993637864,0.3817901084794385,0.6386580574453249,3.395699739871391,0.6386580574453246,0.8,self,,0.0,1.847926139831543,ok
C3,0.5,0.6,1.0,0.1,20,200,5,1.0,predictive,P1+P2,0.31622776601683794,10,100.0,False,False,False,0.025832867512110613,0.037133722785711136,105.94443023775955,9.628662772142892,0.043672834664170865,6.57898450202167,3.748679891171267,48.14331386071443,2.2006052708434676,0.4814331386071446,6.103603289566612,13.431621570157814,0.11334659230304073,0.37428896276092466,0.657898450202167,3.473591746317019,0.6578984502021652,0.8,self,,0.0,1.9334933757781982,ok
C3,0.5,0.6,1.0,0.1,20,200,5,1.0,predictive,P1+P2,0.31622776601683794,10,300.0,False,False,False,0.026147362884486415,0.03758226724252457,106.46413911461163,9.624177327574724,0.026967123547605075,6.639984634307914,3.708870914569757,48.120886637873944,2.212430953647852,0.4812088663787362,6.12108307389549,13.542473662536326,0.1125005062179792,0.37043495572776153,0.6639984634307914,3.5160876424974226,0.6639984634307902,0.8,self,,0.0,1.871399164199829,ok
C3,0.5,0.6,1.0,0.1,20,200,5,1.0,predictive,P1+P2,0.31622776601683794,10,1000.0,False,False,False,0.026251454533781905,0.03773110647990716,106.6495105338627,9.622688935200932,0.021028012418686758,6.661974691985025,3.6943083603953566,48.11344467600472,2.216625960831511,0.4811344467600466,6.1274514978148815,13.582268063792393,0.11216538384796182,0.36886824792253076,0.6661974691985025,3.5343944884826977,0.6661974691985025,0.8,self,,0.0,1.8051366806030273,ok
C3,0.5,0.6,1.0,0.1,20,200,5,1.0,predictive,P1+P2,0.31622776601683794,15,3.0,False,False,False,0.013383020950692565,0.01943884303250017,90.21767311249079,9.805611569674959,0.6461604602614435,5.1926843802681955,4.355543589795403,49.02805784837504,1.8401233308384233,0.49028057848374795,5.784825357169085,10.644792104552549,0.26544417126105196,1.292358508199323,0.5192684380268195,3.8355665544603923,0.5192684380268188,0.8,self,,0.0,7.793554782867432,ok
C3,0.5,0.6,1.0,0.1,20,200,5,1.0,predictive,P1+P2,0.31622776601683794,15,10.0,False,False,False,0.02003786593889232,0.028924328068275707,98.9160245822254,9.710756719317247,0.25179928543845853,6.145911418468426,3.8915325767758677,48.55378359658596,2.03724647710422,0.48553783596586236,6.018592983648148,12.261357353061364,0.23468377546449798,1.2611382888257487,0.6145911418468426,3.6175041060098994,0.6145911418468458,0.8,self,,0.0,8.042881727218628,ok
C3,0.5,0.6,1.0,0.1,20,200,5,1.0,predictive,P1+P2,0.31622776601683794,15,30.0,False,False,False,0.023093798235477206,0.03326447020025494,102.91225666638843,9.66735529799744,0.10298114684260501,6.57238162731323,3.6572819278467246,48.336776489987145,2.129067433524585,0.48336776489987204,6.1290476001322345,13.049155643963555,0.22085403831012365,1.2242885666504046,0.6572381627313231,3.589082541064093,0.657238162731323,0.8,self,,0.0,7.745301008224487,ok
C3,0.5,0.6,1.0,0.1,20,200,5,1.0,predictive,P1+P2,0.31622776601683794,15,100.0,False,False,False,0.024280711271955073,0.03495333870487577,104.65698131421571,9.650466612951256,0.04518174784496619,6.7588411762438145,3.5455104629599634,48.252333064756115,2.1689517307642476,0.4825233306475628,6.179764002714412,13.403609829402019,0.21496469179935976,1.1996554697530064,0.6758841176243815,3.63563338389314,0.6758841176243824,0.8,self,,0.0,7.819799184799194,ok
C3,0.5,0.6,1.0,0.1,20,200,5,1.0,predictive,P1+P2,0.31622776601683794,15,300.0,False,False,False,0.024604677227659348,0.03541611753604773,105.20078686397557,9.645838824639517,0.02794370759619254,6.817565780729465,3.5086516870348254,48.22919412319756,2.1812677731095547,0.48229194123197583,6.196214628635839,13.515603284713343,0.2131586011703978,1.1903298053405944,0.6817565780729465,3.6671544358181043,0.6817565780729453,0.8,self,,0.0,7.826306343078613,ok
C3,0.5,0.6,1.0,0.1,20,200,5,1.0,predictive,P1+P2,0.31622776601683794,15,1000.0,False,False,False,0.024712775469494026,0.035570883484150995,105.3951331154685,9.644291165158506,0.021819394874555857,6.83868432945452,3.4952051105124173,48.22145582579235,2.185648096072112,0.4822145582579253,6.202191320115567,13.555807650285569,0.21251774542534885,1.1867882322710344,0.6838684329454521,3.68132403424137,0.6838684329454505,0.8,self,,0.0,7.703814268112183,ok
C3,0.5,0.6,1.0,0.1,20,200,5,1.0,predictive,P1+P2,0.31622776601683794,20,3.0,False,False,False,0.011166645495859067,0.016252347958428656,86.87284055179553,9.837476520415695,0.7227887167650213,5.7690512874527435,3.6706834753665403,49.18738260207882,1.7661610753836696,0.4918738260207848,6.030794786239962,10.651355005083799,0.36558345392185604,2.7603802336653414,0.5769051287452743,4.387467863772487,0.576905128745269,0.8,self,,0.0,39.21778440475464,ok
C3,0.5,0.6,1.0,0.1,20,200,5,1.0,predictive,P1+P2,0.31622776601683794,20,10.0,False,False,False,0.017489324009773898,0.025297219080702524,95.986920557317,9.747027809192941,0.277222899438477,6.691237787976787,3.2845115033917947,48.73513904596465,1.9695628746803562,0.48735139045964704,6.242997258662402,12.295975627392703,0.33013049709805015,2.5786558399307893,0.6691237787976787,4.01850710913785,0.6691237787976763,0.8,self,,0.0,39.6296648979187,ok
C3,0.5,0.6,1.0,0.1,20,200,5,1.0,predictive,P1+P2,0.31622776601683794,20,30.0,False,False,False,0.02046714790809377,0.029541604536080002,100.20975012226748,9.704583954639125,0.11310075103159664,7.093921043559673,3.0883942507696056,48.522919773195696,2.0652044557636833,0.4852291977319562,6.341416081446499,13.096320747254786,0.3139444675085898,2.473597502667048,0.7093921043559673,3.9168280637600765,0.7093921043559646,0.8,self,,0.0,39.16687870025635,ok
C3,0.5,0.6,1.0,0.1,20,200,5,1.0,predictive,P1+P2,0.31622776601683794,20,100.0,False,False,False,0.021648063932734662,0.031227418521176463,102.06776351866752,9.687725814788166,0.050002182027876346,7.267623985337344,2.9946480178466137,48.43862907394113,2.1071563227535197,0.4843862907394083,6.386152310090494,13.45662121827418,0.3070213533357242,2.4201980364258007,0.7267623985337344,3.927308799581305,0.7267623985337361,0.8,self,,0.0,40.167438983917236,ok
C3,0.5,0.6,1.0,0.1,20,200,5,1.0,predictive,P1+P2,0.31622776601683794,20,300.0,False,False,False,0.02197566744484746,0.03169668636090702,102.64974774640231,9.683033136390947,0.03125726383300804,7.32197998513547,2.9637296146405756,48.41516568195464,2.12019821269892,0.4841516568195473,6.400596097065063,13.57053240520503,0.3049011924376472,2.402176392085521,0.732197998513547,3.9462645074217115,0.7321979985135454,0.8,self,,0.0,39.696465492248535,ok
C3,0.5,0.6,1.0,0.1,20,200,5,1.0,predictive,P1+P2,0.31622776601683794,20,1000.0,False,False,False,0.022085857725142734,0.03185483496943047,102.85815500299633,9.68145165030571,0.02460628547587584,7.34148865003114,2.9524534141872736,48.407258251528205,2.12484984108244,0.4840725825152855,6.40583597684858,13.611439557406882,0.3041483358036931,2.395572098258462,0.734148865003114,3.9556867218281164,0.7341488650031134,0.8,self,,0.0,39.398080587387085,ok
C3,0.5,0.6,1.0,0.1,20,200,5,1.0,predictive,P1+P2 (protect),0.31622776601683794,5,3.0,True,True,False,0.015083347796371896,0.021864741320786307,92.20181267653442,9.781352586792144,0.6170932330778554,4.963549501693902,4.638004678436099,48.90676293396062,1.8852569081506296,0.4890676293396072,5.68299711549255,10.713909570982432,0.009316811332749857,0.012545187873621669,0.49635495016939024,3.3437068836275365,0.4963549501693885,0.8,self,,0.0,1.1155905723571777,ok
C3,0.5,0.6,1.0,0.1,20,200,5,1.0,predictive,P1+P2 (protect),0.31622776601683794,5,10.0,True,True,False,0.02206206974527829,0.0317791963920685,100.76251001911119,9.682208036079341,0.24168629234718103,5.917248629471851,4.158857042101626,48.41104018039657,2.0813952694186,0.4841104018039671,5.919605244431954,12.321038352586204,0.015951298137022406,0.023787769288806677,0.5917248629471852,3.2743103229575263,0.5917248629471862,0.8,self,,0.0,1.1201999187469482,ok
C3,0.5,0.6,1.0,0.1,20,200,5,1.0,predictive,P1+P2 (protect),0.31622776601683794,5,30.0,True,True,False,0.025159827356729853,0.03616431767182885,104.61601626006883,9.63835682328169,0.0990746454472452,6.3548306550522184,3.9077378762188464,48.19178411640852,2.170826795027262,0.4819178411640845,6.035468679221136,13.101957129401042,0.016710493823142967,0.025668180066325434,0.6354830655052219,3.329223468195665,0.6354830655052236,0.8,self,,0.0,1.1340653896331787,ok
C3,0.5,0.6,1.0,0.1,20,200,5,1.0,predictive,P1+P2 (protect),0.31622776601683794,5,100.0,True,True,False,0.02632321666747405,0.03781504685791975,106.2720263328965,9.621849531420766,0.04345850792991461,6.549373650708831,3.785318309940488,48.10924765710401,2.208972941966261,0.4810924765710383,6.089860209903979,13.452336424034867,0.016112139077107755,0.024888116235712392,0.6549373650708832,3.419473891002027,0.6549373650708837,0.8,self,,0.0,1.0478291511535645,ok
C3,0.5,0.6,1.0,0.1,20,200,5,1.0,predictive,P1+P2 (protect),0.31622776601683794,5,300.0,True,True,False,0.02663226192218595,0.03825559814528579,106.78367563952277,9.617444018547175,0.026837422291344122,6.611204158190512,3.7445144009709685,48.087220092735706,2.220624844472015,0.4808722009273588,6.107701341909696,13.562913342459735,0.01577800342375074,0.024383678127438354,0.6611204158190512,3.4663956434544945,0.6611204158190521,0.8,self,,0.0,1.0918691158294678,ok
C3,0.5,0.6,1.0,0.1,20,200,5,1.0,predictive,P1+P2 (protect),0.31622776601683794,5,1000.0,True,True,False,0.026734014818048737,0.03840104837298731,106.96594330302715,9.61598951627014,0.02092755623731731,6.6335112229648825,3.7295717045276597,48.07994758135074,2.2247516622609034,0.480799475813507,6.114208293494047,13.602595064360283,0.01564168135618461,0.02417336524546885,0.6633511222964883,3.4863607321907875,0.6633511222964869,0.8,self,,0.0,1.053433895111084,ok
C3,0.5,0.6,1.0,0.1,20,200,5,1.0,predictive,P1+P2 (protect),0.31622776601683794,10,3.0,True,True,False,0.014146581126773016,0.020522116067463944,90.99218535917676,9.794778839325362,0.6359984077599387,4.9508257886152105,4.618396964299489,48.97389419662691,1.8579732498675565,0.4897389419662681,5.687526036822845,10.567271234342085,0.11383306239787623,0.32275042638336254,0.49508257886152107,3.266298405141036,0.4950825788615204,0.8,self,,0.0,1.364419937133789,ok
C3,0.5,0.6,1.0,0.1,20,200,5,1.0,predictive,P1+P2 (protect),0.31622776601683794,10,10.0,True,True,False,0.021281568452990635,0.030676688118447232,100.01485637442083,9.693233118815508,0.2464549138363852,5.954942076967497,4.10536989038061,48.466165594077545,2.0636015898613285,0.48466165594077537,5.938998181213016,12.255726088934718,0.1157746637027529,0.3747013360864479,0.5954942076967498,3.169267137335922,0.5954942076967493,0.8,self,,0.0,1.286945104598999,ok
C3,0.5,0.6,1.0,0.1,20,200,5,1.0,predictive,P1+P2 (protect),0.31622776601683794,10,30.0,True,True,False,0.024455095974289194,0.03517636322488031,104.04174087897522,9.648236367751187,0.10063967148441573,6.400174414289793,3.850949546474604,48.241181838756034,2.1566996684851136,0.4824118183875593,6.056584588042594,13.062233973183512,0.11372505676474355,0.3768228803985961,0.6400174414289794,3.211605880112712,0.6400174414289779,0.8,self,,0.0,1.3030343055725098,ok
C3,0.5,0.6,1.0,0.1,20,200,5,1.0,predictive,P1+P2 (protect),0.31622776601683794,10,100.0,True,True,False,0.02565998893101638,0.03688823670330284,105.7702041159882,9.631117632967028,0.04414289322066298,6.594597065230119,3.7301424085821897,48.15558816483489,2.1964263784701474,0.4815558816483514,6.110502319224026,13.421268479646665,0.1118035888047102,0.36957523304045165,0.659459706523012,3.295728878772028,0.6594597065230134,0.8,self,,0.0,1.2534923553466797,ok
C3,0.5,0.6,1.0,0.1,20,200,5,1.0,predictive,P1+P2 (protect),0.31622776601683794,10,300.0,True,True,False,0.025983905188191513,0.037350412148268355,106.30453721660807,9.62649587851733,0.027302546151119652,6.655907785909196,3.6902937894223538,48.13247939258652,2.208582199756395,0.4813247939258665,6.128017256532224,13.534229832577086,0.11098170852270671,0.3658351207925545,0.6655907785909196,3.3405394476207038,0.6655907785909209,0.8,self,,0.0,1.3527617454528809,ok
C3,0.5,0.6,1.0,0.1,20,200,5,1.0,predictive,P1+P2 (protect),0.31622776601683794,10,1000.0,True,True,False,0.026091240559539798,0.03750394519470462,106.4949507497257,9.624960548052961,0.021319963745149405,6.6779725954225055,3.675746892779384,48.12480274026475,2.212891163928329,0.48124802740264805,6.1343863312652465,13.574729308579583,0.11065699018732465,0.36431372580474186,0.6677972595422506,3.359712556661238,0.6677972595422517,0.8,self,,0.0,1.2557592391967773,ok
C3,0.5,0.6,1.0,0.1,20,200,5,1.0,predictive,P1+P2 (protect),0.31622776601683794,15,3.0,True,True,False,0.012201543788347848,0.017724011114183747,87.62221563916735,9.822759888858155,0.746313869584598,5.315645565880306,4.115280675676941,49.11379944429071,1.7840651024882803,0.49113799444290773,5.860097136084416,10.454794797679723,0.2634568464898925,1.2387158883888936,0.5315645565880306,2.7834924570673674,0.5315645565880286,0.8,self,,0.0,2.4238691329956055,ok
C3,0.5,0.6,1.0,0.1,20,200,5,1.0,predictive,P1+P2 (protect),0.31622776601683794,15,10.0,True,True,False,0.019298348102601566,0.027858054399853532,97.62939589918558,9.721419456001493,0.27634728537396164,6.326694915747289,3.6755383428772554,48.60709728000731,2.0085419900056807,0.48607097280007466,6.096110672903048,12.244294262247557,0.22990858217120044,1.2166462572091494,0.632669491574729,2.7402814111355527,0.6326694915747256,0.8,self,,0.0,2.664839506149292,ok
C3,0.5,0.6,1.0,0.1,20,200,5,1.0,predictive,P1+P2 (protect),0.31622776601683794,15,30.0,True,True,False,0.02248196170023621,0.03238569245638735,102.00006437198593,9.676143075436094,0.11234246781562626,6.748080913979088,3.4634335427691916,48.38071537718032,2.1082793748869655,0.4838071537718047,6.2005228481699115,13.072434434312008,0.21563548904095675,1.183842130853895,0.6748080913979089,2.7890951081131545,0.6748080913979085,0.8,self,,0.0,2.426633358001709,ok
C3,0.5,0.6,1.0,0.1,20,200,5,1.0,predictive,P1+P2 (protect),0.31622776601683794,15,100.0,True,True,False,0.023710034955332495,0.03413521303409166,103.8739565549554,9.658647869659127,0.05034150212513549,6.926945192696886,3.3640654355188513,48.293239348295295,2.1509005806342136,0.48293239348295636,6.247207718366019,13.43712270877601,0.20974031726841058,1.1615462732643653,0.6926945192696886,2.867475999575142,0.692694519269686,0.8,self,,0.0,2.4891295433044434,ok
C3,0.5,0.6,1.0,0.1,20,200,5,1.0,predictive,P1+P2 (protect),0.31622776601683794,15,300.0,True,True,False,0.024044770074844263,0.03461392246993236,104.45433975354553,9.653860775300652,0.03202365799830552,6.982571018361529,3.3315445483395134,48.269303876503194,2.163991012192583,0.4826930387650326,6.262189778741628,13.551322397841144,0.2079685235110307,1.1530816270135602,0.698257101836153,2.908241922701741,0.6982571018361546,0.8,self,,0.0,2.5063788890838623,ok
C3,0.5,0.6,1.0,0.1,20,200,5,1.0,predictive,P1+P2 (protect),0.31622776601683794,15,1000.0,True,True,False,0.024156454671842475,0.03477400364167211,104.66136871620851,9.65225996358331,0.025534839791004738,7.002492412888427,3.3197127837372586,48.26129981791641,2.1686396576777294,0.4826129981791655,6.267614151944616,13.592196608929264,0.2073468662066136,1.1498676276251723,0.7002492412888427,2.9255671655212874,0.7002492412888455,0.8,self,,0.0,2.540281057357788,ok
C3,0.5,0.6,1.0,0.1,20,200,5,1.0,predictive,P1+P2 (protect),0.31622776601683794,20,3.0,True,True,False,0.009272102451294685,0.0134913560844644,81.79341857081096,9.865086439155327,0.9860178174219744,6.630728435836577,2.5181673075861215,49.32543219577709,1.6582402815279043,0.49325432195776636,6.424530264096044,10.653414873819166,0.361705784944916,2.518167307586114,0.6630728435836577,2.1449829786938936,0.663072843583654,0.8,self,,0.0,7.878952741622925,ok
C3,0.5,0.6,1.0,0.1,20,200,5,1.0,predictive,P1+P2 (protect),0.31622776601683794,20,10.0,True,True,False,0.016087417785624003,0.023265332382487673,93.05951611437847,9.767346676175096,0.3488883274009799,7.495264050821318,2.3885009456026056,48.83673338087572,1.9055229470122632,0.4883673338087548,6.569101401137844,12.517573461118571,0.32171754819060927,2.388500945602545,0.7495264050821319,2.0854366646801137,0.7495264050821333,0.8,self,,0.0,7.935576915740967,ok
C3,0.5,0.6,1.0,0.1,20,200,5,1.0,predictive,P1+P2 (protect),0.31622776601683794,20,30.0,True,True,False,0.01921340589185659,0.027729559253399056,97.93575361346029,9.722704407466017,0.1434870016486238,7.8279872379491815,2.305821352936178,48.61352203732991,2.01457844461992,0.4861352203733008,6.631077990571116,13.358826784398145,0.30467840280073466,2.3058213529361495,0.7827987237949182,2.1137747101895537,0.7827987237949181,0.8,self,,0.0,8.095873594284058,ok
C3,0.5,0.6,1.0,0.1,20,200,5,1.0,predictive,P1+P2 (protect),0.31622776601683794,20,100.0,True,True,False,0.020438275940466585,0.029481132465816344,100.0243080953704,9.705188675341807,0.06806376369904998,7.963514603294306,2.2632329576648367,48.525943376709016,2.061254272150411,0.48525943376709035,6.658433427026947,13.724724347288396,0.2976805717379732,2.2632329576647607,0.7963514603294306,2.1731946048764663,0.7963514603294297,0.8,self,,0.0,7.959314584732056,ok
C3,0.5,0.6,1.0,0.1,20,200,5,1.0,predictive,P1+P2 (protect),0.31622776601683794,20,300.0,True,True,False,0.02077602814372576,0.029965752028692158,100.67187538688292,9.700342479713076,0.04599760668126413,8.00478790069662,2.2488720129090405,48.50171239856514,2.0756354860135033,0.4850171239856538,6.667151428522451,13.83857609566682,0.2956018895390433,2.2488720129090094,0.800478790069662,2.2049310220138802,0.8004787900696656,0.8,self,,0.0,7.936879873275757,ok
C3,0.5,0.6,1.0,0.1,20,200,5,1.0,predictive,P1+P2 (protect),0.31622776601683794,20,1000.0,True,True,False,0.020889353850153947,0.03012867543323569,100.90301939861307,9.698713245667616,0.038203015637765375,8.019460926337896,2.243622812356723,48.49356622833789,2.0807506489314243,0.4849356622833808,6.670297267082325,13.879225367047054,0.2948774828931922,2.2436228123566546,0.8019460926337896,2.2184509522639746,0.8019460926337943,0.8,self,,0.0,7.9949750900268555,ok
C3,0.5,0.6,1.0,0.1,20,200,5,1.0,predictive,NoCancel,0.825404185268019,0,1.0,False,False,True,0.012303408451941574,0.017873151493635935,87.71878575453916,9.821268485063632,0.8187602602187587,6.758081455156975,2.6018897995606345,49.106342425318196,1.7863025715658511,0.4910634242531816,6.418206480106373,11.464858740254623,0.0,0.0,0.6758081455156976,0.0,0.6758081455156975,0.8,self,,0.0,13.37916088104248,ok
C3,0.5,0.6,1.0,0.1,20,200,5,1.0,predictive,P2 only,0.825404185268019,0,3.0,False,False,False,0.02118499706206195,0.030541701632972852,99.96096424552096,9.694582983670275,0.2744245421838558,5.829741203404199,4.201251270741671,48.47291491835135,2.0622024570607524,0.48472914918351373,5.898742291478431,12.164400847054994,0.0,0.0,0.5829741203404198,3.307151274907771,0.5829741203404168,0.8,self,,0.0,1.1735634803771973,ok
C3,0.5,0.6,1.0,0.1,20,200,5,1.0,predictive,P2 only,0.825404185268019,0,10.0,False,False,False,0.02498820295961993,0.03592166508728076,104.48175130738396,9.640783349127199,0.10336063080519167,6.338407724275652,3.9174482957919574,48.20391674563581,2.1674950576883014,0.48203916745635994,6.031173177760086,13.072538054857233,0.0,0.0,0.6338407724275652,3.3399741911917893,0.6338407724275648,0.8,self,,0.0,1.0384502410888672,ok
C3,0.5,0.6,1.0,0.1,20,200,5,1.0,predictive,P2 only,0.825404185268019,0,30.0,False,False,False,0.0262307044853708,0.03768260644824806,106.1725689165186,9.623173935517514,0.04599488076391981,6.535885434449653,3.794945749268914,48.11586967758755,2.2066018888976657,0.4811586967758757,6.085859035082026,13.429068042376924,0.0,0.0,0.6535885434449653,3.4209299879045107,0.6535885434449634,0.8,self,,0.0,1.0047752857208252,ok
C3,0.5,0.6,1.0,0.1,20,200,5,1.0,predictive,P2 only,0.825404185268019,0,100.0,False,False,False,0.026641069387858415,0.038266947850617544,106.82624615104471,9.617330521493846,0.02470696626274142,6.614643977773866,3.743318534469546,48.0866526074691,2.2215363382239635,0.4808665260746923,6.108471367339953,13.570191113546326,0.0,0.0,0.6614643977773866,3.4778732805645323,0.6614643977773869,0.8,self,,0.0,1.0886728763580322,ok
C3,0.5,0.6,1.0,0.1,20,200,5,1.0,predictive,P2 only,0.825404185268019,0,300.0,False,False,False,0.02675038231529547,0.038423129031085475,107.0180694882683,9.61576870968913,0.018487346115939465,6.638129699795333,3.727614244399598,48.07884354844573,2.225886930504757,0.4807884354844565,6.115311247433571,13.611991381631126,0.0,0.0,0.6638129699795333,3.4988094061478425,0.6638129699795332,0.8,self,,0.0,1.0810985565185547,ok
C3,0.5,0.6,1.0,0.1,20,200,5,1.0,predictive,P2 only,0.825404185268019,0,1000.0,False,False,False,0.026787507357693915,0.038476241415456885,107.08561885863746,9.615237585845442,0.01629494651241669,6.646446376532444,3.722021091109697,48.076187929227245,2.2274149318219187,0.4807618792922721,6.117743880568681,13.62675406864085,0.0,0.0,0.6646446376532444,3.506721093897617,0.6646446376532439,0.8,self,,0.0,1.0294017791748047,ok
C3,0.5,0.6,1.0,0.1,20,200,5,1.0,predictive,P1 only,0.825404185268019,5,1.0,False,False,False,0.014851987699463843,0.021548538695070674,92.51978685054638,9.784514613049316,0.6070212169493472,5.010378530164778,4.598085639836559,48.922573065246524,1.8911471955319195,0.4892257306524658,5.699520626274804,10.778632448255925,0.008098026716181952,0.010715195015839209,0.5010378530164779,3.406792538823712,0.5010378530164785,0.8,self,,0.0,1.07356858253479,ok
C3,0.5,0.6,1.0,0.1,20,200,5,1.0,predictive,P1 only,0.825404185268019,10,1.0,False,False,False,0.014466351172220466,0.021002434901524848,92.16435711224285,9.789975650984754,0.6102828634897838,5.037300297218185,4.562441188307277,48.94987825492395,1.8828311815662562,0.48949878254923773,5.712431701614275,10.755544530366944,0.11231453704657937,0.31266263795287413,0.5037300297218186,3.5108290316175466,0.5037300297218174,0.8,self,,0.0,1.8080637454986572,ok
C3,0.5,0.6,1.0,0.1,20,200,5,1.0,predictive,P1 only,0.825404185268019,15,1.0,False,False,False,0.013191458716428121,0.019180092185073966,90.62542873097819,9.80819907814925,0.6342326088646149,5.234982497903057,4.322585815083078,49.04099539074634,1.8479524734132642,0.49040995390746256,5.799010674732697,10.71629611972221,0.2634948568578129,1.267423519470397,0.5234982497903057,3.8797112810161836,0.5234982497903078,0.8,self,,0.0,7.950604677200317,ok
C3,0.5,0.6,1.0,0.1,20,200,5,1.0,predictive,P1 only,0.825404185268019,20,1.0,False,False,False,0.011057788641771663,0.016110930662277957,87.44824541685423,9.8388906933772,0.70393957058589,5.81034667737366,3.6468230586632497,49.19445346688602,1.777603759247326,0.49194453466886,6.042600586504238,10.74134951820003,0.3637702716617673,2.7252052893933434,0.581034667737366,4.410941370814523,0.5810346677373656,0.8,self,,0.0,39.64225459098816,ok
C3,0.5,0.6,1.0,0.1,20,200,5,1.0,predictive,P1 only (protect),0.825404185268019,5,1.0,True,True,False,0.014672226453347923,0.021296840649331093,92.39492813023664,9.787031593506711,0.6076218485137038,4.998433474453096,4.606913083526489,48.935157967533534,1.888109326050135,0.48935157967533555,5.696111353814037,10.754880969356343,0.008028011509108882,0.010621966665362165,0.4998433474453096,3.4090574996951712,0.4998433474453099,0.8,self,,0.0,1.0513789653778076,ok
C3,0.5,0.6,1.0,0.1,20,200,5,1.0,predictive,P1 only (protect),0.825404185268019,10,1.0,True,True,False,0.013213394720513631,0.01919303957230144,90.23070006522556,9.80806960427698,0.6486209002767075,4.876048416043891,4.667261079402421,49.04034802138496,1.8399278085440745,0.490403480213849,5.6672557849318626,10.42734151682841,0.11287625072226996,0.31073126004013624,0.4876048416043891,3.353036721634002,0.48760484160438966,0.8,self,,0.0,1.2832129001617432,ok
C3,0.5,0.6,1.0,0.1,20,200,5,1.0,predictive,P1 only (protect),0.825404185268019,15,1.0,True,True,False,0.011218159110121622,0.016312819564904314,86.11998239808486,9.83687180435097,0.8242527129294215,5.157927069323547,4.180948413396061,49.18435902175503,1.750962787986982,0.49184359021754853,5.823686001528467,10.197057477597044,0.2688306380501759,1.2370247275803659,0.5157927069323547,2.8006148929184818,0.5157927069323536,0.8,self,,0.0,2.56835675239563,ok
C3,0.5,0.6,1.0,0.1,20,200,5,1.0,predictive,P1 only (protect),0.825404185268019,20,1.0,True,True,False,0.008348192833120043,0.012159714817026893,80.0634259415029,9.878402851829746,1.1087714988662423,6.482946165156984,2.5298794841470276,49.39201425914858,1.6209791631786556,0.4939201425914873,6.401665548292908,10.376966463421468,0.3678042104705644,2.5298794841470245,0.6482946165156984,2.1542120249292287,0.6482946165156981,0.8,self,,0.0,7.983053922653198,ok
C3,0.5,0.6,1.0,0.1,20,200,5,1.0,predictive,P1+P2,0.825404185268019,5,3.0,False,False,False,0.021159901617200334,0.030507263113997943,99.94718592538918,9.694927368860018,0.27445416818864166,5.830320847235821,4.20029761571552,48.47463684430003,2.061844965366494,0.4847463684430009,5.899096391181052,12.163022194368306,0.015055322520311474,0.022133487253927327,0.583032084723582,3.3104972425926626,0.5830320847235829,0.8,self,,0.0,1.0996742248535156,ok
C3,0.5,0.6,1.0,0.1,20,200,5,1.0,predictive,P1+P2,0.825404185268019,5,10.0,False,False,False,0.024960853678709257,0.03588441819267209,104.46800185870595,9.641155818073248,0.10337350660372208,6.339051213278893,3.9164194620441375,48.205779090366505,2.167126096289624,0.4820577909036624,6.031558062255498,13.071146877999967,0.016698149415858524,0.02559561780688711,0.6339051213278893,3.3426646246595753,0.633905121327888,0.8,self,,0.0,1.2410359382629395,ok
C3,0.5,0.6,1.0,0.1,20,200,5,1.0,predictive,P1+P2,0.825404185268019,5,30.0,False,False,False,0.026205032730692246,0.03764776369527078,106.16018264193545,9.623522363047321,0.04600067552906144,6.536481010167036,3.793995951256581,48.11761181523649,2.2062645804112773,0.48117611815236605,6.086215268652384,13.427801175986062,0.016217754584464797,0.02503519076968737,0.6536481010167037,3.4230172444606666,0.653648101016704,0.8,self,,0.0,1.2868154048919678,ok
C3,0.5,0.6,1.0,0.1,20,200,5,1.0,predictive,P1+P2,0.825404185268019,5,100.0,False,False,False,0.026616554926049696,0.038233721345193275,106.8146223471344,9.617662786548019,0.024710254291004537,6.615207336265578,3.7424196228953988,48.0883139327403,2.2212178721119824,0.48088313932740095,6.108808845620455,13.568995385207923,0.01580995435615424,0.024426896173660107,0.6615207336265578,3.47967615116498,0.6615207336265588,0.8,self,,0.0,1.0815024375915527,ok
C3,0.5,0.6,1.0,0.1,20,200,5,1.0,predictive,P1+P2,0.825404185268019,5,300.0,False,False,False,0.02672626414640267,0.03839045274609835,107.00669368148257,9.616095472539012,0.018489936047511854,6.638682309230646,3.7267322821828306,48.08047736269512,2.225574693742691,0.4808047736269506,6.115642458082842,13.610819090687517,0.01566618581183766,0.024205761240424586,0.6638682309230646,3.500524657362706,0.6638682309230644,0.8,self,,0.0,1.15639328956604,ok
C3,0.5,0.6,1.0,0.1,20,200,5,1.0,predictive,P1+P2,0.825404185268019,5,1000.0,False,False,False,0.02676353488298107,0.03844376709288953,107.07433293519843,9.615562329071125,0.016297294981480696,6.64699507706111,3.7211452988862845,48.07781164535564,2.2271049632006683,0.4807781164535562,6.118072807737879,13.625590315336078,0.015612995815796013,0.02412334570732849,0.6646995077061111,3.508405125474943,0.6646995077061085,0.8,self,,0.0,1.1500179767608643,ok
C3,0.5,0.6,1.0,0.1,20,200,5,1.0,predictive,P1+P2,0.825404185268019,10,3.0,False,False,False,0.02065535594326253,0.029800149062391684,99.55764962779084,9.70199850937603,0.27605341603108596,5.8624066448773515,4.1595414297155315,48.50999254688047,2.0523122021009894,0.48509992546880154,5.914179387911807,12.137742523225564,0.11625950632583089,0.3706290515027819,0.5862406644877352,3.3944088458963906,0.5862406644877352,0.8,self,,0.0,1.9133875370025635,ok
C3,0.5,0.6,1.0,0.1,20,200,5,1.0,predictive,P1+P2,0.825404185268019,10,10.0,False,False,False,0.024442427827144047,0.03516242132156473,104.1074856040025,9.64837578678436,0.10395061896683541,6.370377101421186,3.877296492827619,48.241878933921946,2.1580313185272284,0.482418789339218,6.0461807231390114,13.047847358009593,0.11496115306585047,0.38023085530767986,0.6370377101421186,3.4028071153650568,0.6370377101421197,0.8,self,,0.0,1.801856517791748,ok
C3,0.5,0.6,1.0,0.1,20,200,5,1.0,predictive,P1+P2,0.825404185268019,10,30.0,False,False,False,0.02570081890445331,0.03694715084211364,105.82378246234715,9.630528491578854,0.046251079924224045,6.5662192441058,3.757001184391122,48.152642457894466,2.1976734206202986,0.4815264245789427,6.100086902280662,13.405998848616223,0.1132647512366282,0.374259789054418,0.65662192441058,3.4709297712001934,0.6566219244105783,0.8,self,,0.0,1.8730242252349854,ok
C3,0.5,0.6,1.0,0.1,20,200,5,1.0,predictive,P1+P2,0.825404185268019,10,100.0,False,False,False,0.026121946259308478,0.03754700450453155,106.49005841137762,9.62452995495469,0.024847018035886216,6.644052315803134,3.706570711206289,48.122649774773336,2.2128885028106122,0.4812264977477345,6.122266751264206,13.54789370501224,0.11227049863674723,0.36971915808897815,0.6644052315803135,3.5220898956318583,0.6644052315803142,0.8,self,,0.0,1.9278185367584229,ok
C3,0.5,0.6,1.0,0.1,20,200,5,1.0,predictive,P1+P2,0.825404185268019,10,300.0,False,False,False,0.026234974216493716,0.03770849428587003,106.68589379255673,9.622915057141283,0.018594690753617162,6.667232170843416,3.691258081261684,48.114575285706366,2.2173300535035674,0.4811457528570641,6.128964293875414,13.589936725660225,0.11193343488419424,0.36812085168752046,0.6667232170843417,3.5412242851340494,0.6667232170843413,0.8,self,,0.0,1.759007453918457,ok
C3,0.5,0.6,1.0,0.1,20,200,5,1.0,predictive,P1+P2,0.825404185268019,10,1000.0,False,False,False,0.026273469725624166,0.037763560477841095,106.75489064408977,9.622364395221567,0.01639091558361625,6.675437375113464,3.6858073140813525,48.11182197610789,2.218891038820017,0.4811182197610783,6.131345103475241,13.604786706014204,0.11180946554781591,0.36752878084757895,0.6675437375113464,3.5484895958564544,0.6675437375113474,0.8,self,,0.0,1.8246839046478271,ok
C3,0.5,0.6,1.0,0.1,20,200,5,1.0,predictive,P1+P2,0.825404185268019,15,3.0,False,False,False,0.019151425941980528,0.027671905122915317,98.09567093017289,9.723280948770807,0.2858963206925346,6.058056920587315,3.9327658099493434,48.61640474385418,2.0177483597771304,0.48616404743854036,5.997962191313654,12.102378373528369,0.2372745753407367,1.2566852855088433,0.6058056920587316,3.6596248193151633,0.6058056920587339,0.8,self,,0.0,7.810225248336792,ok
C3,0.5,0.6,1.0,0.1,20,200,5,1.0,predictive,P1+P2,0.825404185268019,15,10.0,False,False,False,0.02288465656161442,0.03297017824851331,102.76059829163576,9.670298217514887,0.10746059380369014,6.556987235436849,3.665253953244574,48.3514910875744,2.1252829226200154,0.48351491087574433,6.12537660503578,13.01815829329871,0.22116308948790206,1.22224100843627,0.655698723543685,3.5982395347530645,0.655698723543689,0.8,self,,0.0,7.586191177368164,ok
C3,0.5,0.6,1.0,0.1,20,200,5,1.0,predictive,P1+P2,0.825404185268019,15,30.0,False,False,False,0.02415270180957793,0.034772320222956954,104.54011132347301,9.652276797770451,0.0478527162763757,6.746963746861685,3.5529067390914877,48.261383988852224,2.166123361642933,0.4826138398885226,6.176581458530145,13.37923739241273,0.2151814026658167,1.1994007678735255,0.6746963746861686,3.6353799918323437,0.6746963746861678,0.8,self,,0.0,7.98711371421814,ok
C3,0.5,0.6,1.0,0.1,20,200,5,1.0,predictive,P1+P2,0.825404185268019,15,100.0,False,False,False,0.024584281590176293,0.03538806790675109,105.23512756302384,9.646119320932495,0.02577671147566176,6.821913122999451,3.5061908445923917,48.23059660466249,2.1819163554126693,0.4823059660466248,6.197465755057904,13.52235189307077,0.21288767263780703,1.1881083188954527,0.6821913122999451,3.6727906085651325,0.6821913122999448,0.8,self,,0.0,7.723999500274658,ok
C3,0.5,0.6,1.0,0.1,20,200,5,1.0,predictive,P1+P2,0.825404185268019,15,300.0,False,False,False,0.02470124183692862,0.03555539263411088,105.43993681996609,9.644446073658854,0.019332630938149544,6.844165334973495,3.4920559604295014,48.22223036829446,2.1865420992491376,0.48222230368294267,6.203749326965665,13.56475907659893,0.21221821825775142,1.1844965781735772,0.6844165334973495,3.6875896018571317,0.6844165334973499,0.8,self,,0.0,7.773461103439331,ok
C3,0.5,0.6,1.0,0.1,20,200,5,1.0,predictive,P1+P2,0.825404185268019,15,1000.0,False,False,False,0.024741221793746025,0.035612648299286516,105.51215598692075,9.643873517007144,0.01706180653915624,6.852034398929109,3.4870302775245907,48.21936758503554,2.188169635382475,0.4821936758503572,6.205980397047267,13.579737862597705,0.21198293202295299,1.1831919940165758,0.685203439892911,3.693289465700411,0.6852034398929094,0.8,self,,0.0,7.764415264129639,ok
C3,0.5,0.6,1.0,0.1,20,200,5,1.0,predictive,P1+P2,0.825404185268019,20,3.0,False,False,False,0.016664406792086525,0.024128088268675674,95.18219181552703,9.75871911731327,0.31378311248319446,6.607058797069086,3.3204389731344506,48.79359558656637,1.9507107576579612,0.48793595586566346,6.2239908850283365,12.141205974989871,0.33342246789514207,2.586591216855672,0.6607058797069086,4.06917716267315,0.6607058797069018,0.8,self,,0.0,39.832316160202026,ok
C3,0.5,0.6,1.0,0.1,20,200,5,1.0,predictive,P1+P2,0.825404185268019,20,10.0,False,False,False,0.02027308028159218,0.02926799729658628,100.07453737656023,9.707320027034136,0.11760744251078287,7.079622063002781,3.0954504674523,48.536600135170545,2.0618365748293175,0.4853660013517068,6.338085314753203,13.068096116346739,0.3145071651909124,2.4729257380365928,0.7079622063002782,3.9271938591573914,0.707962206300274,0.8,self,,0.0,39.79292178153992,ok
C3,0.5,0.6,1.0,0.1,20,200,5,1.0,predictive,P1+P2,0.825404185268019,20,30.0,False,False,False,0.021527085463643972,0.031056082686207864,101.95966332382656,9.689439173137886,0.05271798922408422,7.256945704304487,3.0008971333335426,48.44719586568947,2.104552420463923,0.4844719586568943,6.383394331973865,13.434187992131287,0.30743574348225294,2.4208869265533695,0.7256945704304487,3.9291496589446573,0.725694570430444,0.8,self,,0.0,39.583962202072144,ok
C3,0.5,0.6,1.0,0.1,20,200,5,1.0,predictive,P1+P2,0.825404185268019,20,100.0,False,False,False,0.02196115249399262,0.03167713193591607,102.70025779690117,9.683228680640802,0.02877356268548067,7.326399400064058,2.9615983566096595,48.416143403204224,2.121198645287067,0.4841614340320401,6.401770936242505,13.57942783739572,0.3047266035821949,2.3985603807789646,0.7326399400064059,3.9510107828252674,0.7326399400064033,0.8,self,,0.0,40.1649534702301,ok
C3,0.5,0.6,1.0,0.1,20,200,5,1.0,predictive,P1+P2,0.825404185268019,20,300.0,False,False,False,0.022079923792706332,0.03184746764398934,102.91907537519626,9.681525323560066,0.021793648230982246,7.346966915079202,2.9497141131297493,48.407626617800474,2.126092158737458,0.4840762661780033,6.407288897400723,13.622486683529251,0.3039350317412033,2.3917564277424015,0.7346966915079203,3.960890748716494,0.7346966915079137,0.8,self,,0.0,41.48551106452942,ok
C3,0.5,0.6,1.0,0.1,20,200,5,1.0,predictive,P1+P2,0.825404185268019,20,1000.0,False,False,False,0.022120669389783854,0.03190595553874531,102.99630294310617,9.680940444612519,0.01933507472411561,7.354234803139512,2.9454896775238533,48.40470222306241,2.127816063581393,0.48404702223062596,6.409246950486673,13.6376986167056,0.30365653959106625,2.3893339442478703,0.7354234803139512,3.964810331869978,0.7354234803139472,0.8,self,,0.0,39.00191593170166,ok
C3,0.5,0.6,1.0,0.1,20,200,5,1.0,predictive,P1+P2 (protect),0.825404185268019,5,3.0,True,True,False,0.021033703520640552,0.03033120643133599,99.86405328213783,9.696687935686636,0.2747092203968758,5.822909354809375,4.205693489107113,48.48343967843322,2.059755948515347,0.4848343967843318,5.897029292891581,12.146441164602685,0.015001716241860317,0.022061797800492347,0.5822909354809375,3.3073054741880576,0.5822909354809369,0.8,self,,0.0,1.0922534465789795,ok
C3,0.5,0.6,1.0,0.1,20,200,5,1.0,predictive,P1+P2 (protect),0.825404185268019,5,10.0,True,True,False,0.024905758259325724,0.03580773417627372,104.43301946848408,9.641922658237277,0.1034364335493867,6.336371621226521,3.918269286986815,48.20961329118634,2.1662281096865064,0.4820961329118639,6.030853101364338,13.064203513565474,0.01664682412113078,0.02552501537997331,0.6336371621226521,3.336391075294035,0.6336371621226478,0.8,self,,0.0,1.0779149532318115,ok
C3,0.5,0.6,1.0,0.1,20,200,5,1.0,predictive,P1+P2 (protect),0.825404185268019,5,30.0,True,True,False,0.026175281676116775,0.03760640622201362,106.1416736678064,9.623935937779885,0.046023655075057186,6.53533677808578,3.7947036290592777,48.11967968889927,2.2057851247977496,0.48119679688899425,6.085945740012244,13.42428858364524,0.01616913682077708,0.024966722935429078,0.6535336778085781,3.4161768197350826,0.65353367780858,0.8,self,,0.0,1.1319012641906738,ok
C3,0.5,0.6,1.0,0.1,20,200,5,1.0,predictive,P1+P2 (protect),0.825404185268019,5,100.0,True,True,False,0.026595580422792482,0.038204588077746,106.8017365144382,9.617954119222565,0.024723170601421464,6.614570824109836,3.7427518860661775,48.08977059611261,2.220882636588656,0.48089770596112824,6.10868197880375,13.56666573916728,0.01576315730669187,0.0243603746930429,0.6614570824109837,3.472742876550945,0.6614570824109807,0.8,self,,0.0,1.125105857849121,ok
C3,0.5,0.6,1.0,0.1,20,200,5,1.0,predictive,P1+P2 (protect),0.825404185268019,5,300.0,True,True,False,0.026707733364248257,0.0383647223940975,106.9953652176186,9.616352776059003,0.018500448501511058,6.638184491153046,3.72696228428644,48.081763880294986,2.2252795360002957,0.48081763880295014,6.115554400902945,13.608818059625872,0.015620027608659916,0.024139957240489434,0.6638184491153046,3.493577500775008,0.6638184491153047,0.8,self,,0.0,1.0546767711639404,ok
C3,0.5,0.6,1.0,0.1,20,200,5,1.0,predictive,P1+P2 (protect),0.825404185268019,5,1000.0,True,True,False,0.026745850079164413,0.03841921470086333,107.06354269227916,9.61580785299133,0.01630701899805681,6.646544977411216,3.7213401505993975,48.07903926495679,2.2268236705452265,0.48079039264956647,6.117998084976482,13.623702951975996,0.015567075933546608,0.02405781119854926,0.6646544977411217,3.5014544723800713,0.6646544977411203,0.8,self,,0.0,1.1230206489562988,ok
C3,0.5,0.6,1.0,0.1,20,200,5,1.0,predictive,P1+P2 (protect),0.825404185268019,10,3.0,True,True,False,0.020096022273966424,0.028995804607687855,98.77224539733368,9.710041953923092,0.28531936935818125,5.823520313069056,4.18111836364967,48.55020976961575,2.034434987326223,0.4855020976961546,5.904673367038481,12.01267408663642,0.11570978242158163,0.3685800623973195,0.5823520313069056,3.2120297208708495,0.582352031306904,0.8,self,,0.0,1.3652136325836182,ok
C3,0.5,0.6,1.0,0.1,20,200,5,1.0,predictive,P1+P2 (protect),0.825404185268019,10,10.0,True,True,False,0.02416157800950735,0.03476049003912547,103.75619083320953,9.652395099608759,0.10616126381313738,6.371151716691863,3.8702919198862404,48.26197549804378,2.149853787842048,0.48261975498043796,6.048481839173786,13.0033515926416,0.11375807266087909,0.37662248007106036,0.6371151716691864,3.221953397500731,0.6371151716691875,0.8,self,,0.0,1.233114242553711,ok
C3,0.5,0.6,1.0,0.1,20,200,5,1.0,predictive,P1+P2 (protect),0.825404185268019,10,30.0,True,True,False,0.02549289756918289,0.0366506568228904,105.58654918176154,9.63349343177111,0.04720127708604762,6.5754828120212965,3.7438224791215466,48.16746715885538,2.192071856997154,0.4816746715885555,6.104898929836356,13.382377133906319,0.11192630477562177,0.3702775651118358,0.6575482812021297,3.2944439786624007,0.657548281202127,0.8,self,,0.0,1.3609626293182373,ok
C3,0.5,0.6,1.0,0.1,20,200,5,1.0,predictive,P1+P2 (protect),0.825404185268019,10,100.0,True,True,False,0.025937717606217516,0.03728479250540631,106.29028484320025,9.627152074945908,0.0254622381554631,6.6556797220944155,3.6917059648042136,48.13576037472965,2.2081355735475325,0.4813576037472954,6.127763074432235,13.530931630924815,0.11090386058795533,0.36566410018334145,0.6655679722094416,3.347953698723455,0.6655679722094416,0.8,self,,0.0,1.3280985355377197,ok
C3,0.5,0.6,1.0,0.1,20,200,5,1.0,predictive,P1+P2 (protect),0.825404185268019,10,300.0,True,True,False,0.02605725190493269,0.03745570020945952,106.49646628785793,9.625442997905399,0.019125380245005194,6.6794602703724175,3.6759713514771786,48.127214989527054,2.2128117388681763,0.48127214989526995,6.134631987085803,13.57478567465967,0.11056164007636687,0.36405343037880344,0.6679460270372418,3.3678422668148063,0.6679460270372413,0.8,self,,0.0,1.2103900909423828,ok
C3,0.5,0.6,1.0,0.1,20,200,5,1.0,predictive,P1+P2 (protect),0.825404185268019,10,1000.0,True,True,False,0.026097992847386713,0.03751401703075432,106.56904000477796,9.624859829692474,0.016893237619215924,6.687867261022617,3.670379671665694,48.12429914846237,2.2144538599100403,0.4812429914846237,6.137070043255103,13.59025844582454,0.11043624245538157,0.3634580244336134,0.6687867261022618,3.3753794791166993,0.6687867261022599,0.8,self,,0.0,1.2874739170074463,ok
C3,0.5,0.6,1.0,0.1,20,200,5,1.0,predictive,P1+P2 (protect),0.825404185268019,15,3.0,True,True,False,0.018157661112546505,0.026234128444706076,96.10292713003791,9.737658715552945,0.3368604518536203,6.177745752074834,3.7477350805186007,48.68829357776485,1.9738405285562637,0.48688293577764724,6.059865447351446,11.961208017580017,0.23508791462465511,1.2242309623250225,0.6177745752074835,2.7469318799892886,0.617774575207485,0.8,self,,0.0,2.681753396987915,ok
C3,0.5,0.6,1.0,0.1,20,200,5,1.0,predictive,P1+P2 (protect),0.825404185268019,15,10.0,True,True,False,0.022219824821181303,0.03201280038102718,101.63339911861468,9.67987199618975,0.12368984621600043,6.7133622511009685,3.4830759064932812,48.39935998094866,2.099891386138586,0.4839935998094875,6.191431157324539,13.001332955135855,0.21682569446654246,1.1873964530238696,0.6713362251100969,2.784112854865717,0.6713362251100949,0.8,self,,0.0,2.4031214714050293,ok
C3,0.5,0.6,1.0,0.1,20,200,5,1.0,predictive,P1+P2 (protect),0.825404185268019,15,30.0,True,True,False,0.023563918451515502,0.03392660641219185,103.6410180979681,9.660733935878069,0.056748598410814484,6.904913697949187,3.3776037677619297,48.303669679390396,2.1456137553496966,0.48303669679390343,6.24115400018467,13.39110587205201,0.21045691106667389,1.1646478964436764,0.6904913697949188,2.8571391061109046,0.6904913697949177,0.8,self,,0.0,2.561408281326294,ok
C3,0.5,0.6,1.0,0.1,20,200,5,1.0,predictive,P1+P2 (protect),0.825404185268019,15,100.0,True,True,False,0.024018340958878785,0.0345760635396083,104.41259005979683,9.654239364603944,0.03243643128571928,6.978756610789025,3.3345675933213115,48.27119682301962,2.1630412529984016,0.4827119682301972,6.26099109648913,13.542782026361683,0.2080858601879457,1.153648955387565,0.6978756610789025,2.9077549480768856,0.6978756610789036,0.8,self,,0.0,2.400517702102661,ok
C3,0.5,0.6,1.0,0.1,20,200,5,1.0,predictive,P1+P2 (protect),0.825404185268019,15,300.0,True,True,False,0.024141306027271197,0.03475227427812727,104.63877851196192,9.652477257218727,0.025386549417918243,7.000502791884316,3.321633401479038,48.26238628609356,2.1681227673177195,0.4826238628609364,6.266914339771852,13.587439660889247,0.20740456823925962,1.1501568194682799,0.7000502791884317,2.926267044311299,0.7000502791884297,0.8,self,,0.0,2.6173479557037354,ok
C3,0.5,0.6,1.0,0.1,20,200,5,1.0,predictive,P1+P2 (protect),0.825404185268019,15,1000.0,True,True,False,0.024183326273893805,0.03481255208681206,104.71841630494946,9.651874479131907,0.022907281370905284,7.0081741760424965,3.3170440634546914,48.259372395659376,2.1699083744066305,0.48259372395659533,6.269012701162372,13.603183159513762,0.20716666414972698,1.1488982428908188,0.7008174176042496,2.9332499515102812,0.7008174176042496,0.8,self,,0.0,2.5323128700256348,ok
C3,0.5,0.6,1.0,0.1,20,200,5,1.0,predictive,P1+P2 (protect),0.825404185268019,20,3.0,True,True,False,0.014981240503669184,0.021683787974411332,91.34089825068003,9.783162120255948,0.4307178002167202,7.372536610325537,2.413583469201795,48.91581060127925,1.8673082818807725,0.4891581060127974,6.547364375839317,12.22594772349589,0.3278104386728746,2.4135834692018596,0.7372536610325537,2.089984879949043,0.7372536610325514,0.8,self,,0.0,8.596296548843384,ok
C3,0.5,0.6,1.0,0.1,20,200,5,1.0,predictive,P1+P2 (protect),0.825404185268019,20,10.0,True,True,False,0.018956772953952046,0.027363066682377566,97.52307235377307,9.726369333176262,0.1592948061795057,7.800715436692545,2.3136204239516878,48.631846665881085,2.0053335219571844,0.48631846665881306,6.625768328511696,13.286875337886727,0.3060938772403192,2.313620423951718,0.7800715436692545,2.107141691522104,0.7800715436692581,0.8,self,,0.0,7.741278886795044,ok
C3,0.5,0.6,1.0,0.1,20,200,5,1.0,predictive,P1+P2 (protect),0.825404185268019,20,30.0,True,True,False,0.020293981222024,0.02927441956860334,99.76166940608213,9.707255804313995,0.07715492534354434,7.946688392008149,2.2689008783343123,48.536279021569634,2.0554041516398036,0.4853627902156997,6.654935164231599,13.678581365455347,0.2985397854554395,2.2689008783343376,0.7946688392008149,2.1625612199073183,0.7946688392008172,0.8,self,,0.0,8.052146434783936,ok
C3,0.5,0.6,1.0,0.1,20,200,5,1.0,predictive,P1+P2 (protect),0.825404185268019,20,100.0,True,True,False,0.020751454610829362,0.02993044821038046,100.62282645567888,9.700695517896204,0.047655614538201274,8.001670856918661,2.2499780106469336,48.50347758948091,2.074548701586322,0.4850347758948102,6.666486244375336,13.82995038241193,0.29575697195213185,2.249978010646958,0.8001670856918661,2.2022212055869765,0.8001670856918626,0.8,self,,0.0,8.147069215774536,ok
C3,0.5,0.6,1.0,0.1,20,200,5,1.0,predictive,P1+P2 (protect),0.825404185268019,20,300.0,True,True,False,0.020876067920432274,0.03010956460950425,100.8754703713738,9.698904353904952,0.039130667300534994,8.0177133987925,2.244251580002013,48.4945217695246,2.080141564253283,0.4849452176952476,6.66992135163418,13.874380633834695,0.29496322528516156,2.244251580001945,0.8017713398792501,2.2167726160952617,0.8017713398792525,0.8,self,,0.0,8.113223552703857,ok
C3,0.5,0.6,1.0,0.1,20,200,5,1.0,predictive,P1+P2 (protect),0.825404185268019,20,1000.0,True,True,False,0.020918757334602082,0.03017098056114714,100.96445020998756,9.698290194388477,0.03613547747415969,8.023356562895698,2.2422177652416657,48.49145097194232,2.082108251790747,0.48491450971942385,6.671136477896144,13.890028309449823,0.2946869219502822,2.242217765241611,0.8023356562895698,2.222261079500303,0.8023356562895704,0.8,self,,0.0,7.92683744430542,ok
C3,0.5,0.6,1.0,0.1,20,200,5,1.0,predictive,NoCancel,2.1544346900318843,0,1.0,False,False,True,0.01913974744007829,0.027629837942088536,97.20757143733695,9.723701620579105,0.34773716916689396,7.491770202666412,2.436791007587589,48.61850810289551,1.9993943712054727,0.48618508102895525,6.55111842862187,13.098269311287009,0.0,0.0,0.7491770202666412,0.0,0.7491770202666421,0.8,self,,0.0,13.206751346588135,ok
C3,0.5,0.6,1.0,0.1,20,200,5,1.0,predictive,P2 only,2.1544346900318843,0,3.0,False,False,False,0.024594622635287392,0.035371543907315825,104.25124653309997,9.646284560926821,0.11384610600369834,6.316061225875123,3.923808107194357,48.231422804634214,2.161479808617282,0.48231422804634105,6.027205084282958,13.027682092073036,0.0,0.0,0.6316061225875124,3.3491902331999324,0.6316061225875119,0.8,self,,0.0,1.13824462890625,ok
C3,0.5,0.6,1.0,0.1,20,200,5,1.0,predictive,P2 only,2.1544346900318843,0,10.0,False,False,False,0.02616173317844113,0.03758783679878856,106.22986571666304,9.624121632012118,0.04419802379522815,6.544794838624167,3.786885505568487,48.12060816006065,2.2075752942131803,0.4812060816006059,6.089159758421748,13.44227864520895,0.0,0.0,0.6544794838624167,3.4295563969654808,0.6544794838624137,0.8,self,,0.0,1.1783485412597656,ok
C3,0.5,0.6,1.0,0.1,20,200,5,1.0,predictive,P2 only,2.1544346900318843,0,30.0,False,False,False,0.026597459959915797,0.03820712726567868,106.88465430369446,9.617928727343182,0.022438970077414678,6.62328729658786,3.736345005991543,48.08964363671607,2.2226127336508035,0.4808964363671591,6.111434363059416,13.583351836206946,0.0,0.0,0.6623287296587861,3.4852186460319086,0.6623287296587834,0.8,self,,0.0,1.0547120571136475,ok
C3,0.5,0.6,1.0,0.1,20,200,5,1.0,predictive,P2 only,2.1544346900318843,0,100.0,False,False,False,0.026739726138387564,0.038410070933898297,107.12275593425915,9.615899290661025,0.014588151620696254,6.652363037355951,3.7171495203623284,48.07949645330494,2.2280340651715713,0.48079496453305126,6.119832182035632,13.635194574708656,0.0,0.0,0.6652363037355951,3.5114511418394763,0.6652363037355944,0.8,self,,0.0,1.0087735652923584,ok
C3,0.5,0.6,1.0,0.1,20,200,5,1.0,predictive,P2 only,2.1544346900318843,0,300.0,False,False,False,0.0267789331961566,0.03846609260447345,107.19146605072119,9.615339073955258,0.012321008986754192,6.660814996721143,3.7115249203368443,48.07669536977636,2.2295930538958717,0.4807669536977629,6.1222878792682165,13.650210529567303,0.0,0.0,0.6660814996721144,3.5197354300415045,0.666081499672113,0.8,self,,0.0,1.0609686374664307,ok
C3,0.5,0.6,1.0,0.1,20,200,5,1.0,predictive,P2 only,2.1544346900318843,0,1000.0,False,False,False,0.026792486875028276,0.03848546965730353,107.2155785696837,9.615145303426996,0.011524916958242091,6.663787925856629,3.7095418537581337,48.07572651713473,2.230139538951551,0.48075726517134976,6.123153198512833,13.655486051061123,0.0,0.0,0.6663787925856629,3.5227236298657076,0.6663787925856632,0.8,self,,0.0,1.0972480773925781,ok
C3,0.5,0.6,1.0,0.1,20,200,5,1.0,predictive,P1 only,2.1544346900318843,5,1.0,False,False,False,0.020962679926439097,0.030243949747357033,100.24868900350602,9.697560502526454,0.27258748407917766,5.8727193176869426,4.157132695707427,48.48780251263212,2.0675032442930172,0.48487802512632266,5.915606272162286,12.230535159655648,0.014036678698469418,0.02043188642588831,0.5872719317686943,3.34823244320803,0.5872719317686947,0.8,self,,0.0,1.4234066009521484,ok
C3,0.5,0.6,1.0,0.1,20,200,5,1.0,predictive,P1 only,2.1544346900318843,10,1.0,False,False,False,0.020493752474682686,0.02958694812508742,99.89119782531905,9.704130518749121,0.2740803030675942,5.90488112783279,4.116908050350495,48.52065259374562,2.0587356617333534,0.48520652593745606,5.930505426290279,12.20934301320696,0.1134243716419734,0.3570562307061667,0.5904881127832791,3.4281460431259028,0.5904881127832748,0.8,self,,0.0,1.7892022132873535,ok
C3,0.5,0.6,1.0,0.1,20,200,5,1.0,predictive,P1 only,2.1544346900318843,15,1.0,False,False,False,0.01905443242452887,0.0275502931394596,98.51621735467295,9.724497068605432,0.28309273254984474,6.099048035013045,3.8933621638316787,48.622485343027066,2.0261452424665314,0.4862248534302716,6.0131988114089285,12.183614163741602,0.2349698352407017,1.230816073347878,0.6099048035013045,3.680092864124009,0.6099048035013055,0.8,self,,0.0,7.703023195266724,ok
C3,0.5,0.6,1.0,0.1,20,200,5,1.0,predictive,P1 only,2.1544346900318843,20,1.0,False,False,False,0.016641306983554545,0.024111388333112323,95.73974818912336,9.758886116668858,0.3083245053929615,6.642650102055177,3.290139275883003,48.79443058334465,1.9621040156538458,0.4879443058334429,6.236203896038449,12.2360807068532,0.3315755655662025,2.549960072669958,0.6642650102055178,4.068990800465701,0.6642650102055174,0.8,self,,0.0,40.370835065841675,ok
C3,0.5,0.6,1.0,0.1,20,200,5,1.0,predictive,P1 only (protect),2.1544346900318843,5,1.0,True,True,False,0.02063618943789169,0.02978839378046784,100.03323530014039,9.70211606219535,0.27328618183234626,5.852218745301812,4.172379010670492,48.51058031097676,2.0620910873231773,0.4851058031097675,5.909768884109977,12.186481744063022,0.01402026554112753,0.020413097450522402,0.5852218745301813,3.3528240245987577,0.5852218745301804,0.8,self,,0.0,1.0635135173797607,ok
C3,0.5,0.6,1.0,0.1,20,200,5,1.0,predictive,P1 only (protect),2.1544346900318843,10,1.0,True,True,False,0.019310703731642783,0.027883738480503982,98.18343607208222,9.721162615195,0.2959280067067413,5.767923896488596,4.214985481609663,48.60581307597485,2.0199936974331343,0.48605813075975,5.890344553839759,11.8984588744659,0.11527140008585285,0.36245980849977577,0.5767923896488596,3.2755937365475343,0.576792389648858,0.8,self,,0.0,1.5816943645477295,ok
C3,0.5,0.6,1.0,0.1,20,200,5,1.0,predictive,P1 only (protect),2.1544346900318843,15,1.0,True,True,False,0.01742877622903507,0.02519564653920602,95.12963650956665,9.74804353460797,0.37581775789009575,6.082395872713164,3.793742834788771,48.7402176730398,1.951768807183369,0.4874021767303985,6.03670858473151,11.782259513735024,0.23847047049795378,1.2282941300566927,0.6082395872713164,2.7570680077007053,0.6082395872713148,0.8,self,,0.0,2.5798635482788086,ok
C3,0.5,0.6,1.0,0.1,20,200,5,1.0,predictive,P1 only (protect),2.1544346900318843,20,1.0,True,True,False,0.014278091930040085,0.020677660246782553,90.23600483584526,9.793223397532145,0.48596520946725863,7.292077589760245,2.428733803240351,48.96611698766095,1.8428254145327467,0.48966116987660724,6.533359384875493,12.039840716724592,0.33173625078209273,2.4287338032403443,0.7292077589760245,2.0946959277739636,0.7292077589760187,0.8,self,,0.0,8.400468587875366,ok
C3,0.5,0.6,1.0,0.1,20,200,5,1.0,predictive,P1+P2,2.1544346900318843,5,3.0,False,False,False,0.024568342844914253,0.0353357382264517,104.23797188056346,9.646642617735493,0.11386034676301958,6.316739045861291,3.9227579896401967,48.23321308867741,2.161124362354226,0.4823321308867746,6.027597765784694,13.026388378109203,0.01642358655092643,0.025066296432631464,0.6316739045861292,3.3519403792805234,0.6316739045861275,0.8,self,,0.0,1.1910676956176758,ok
C3,0.5,0.6,1.0,0.1,20,200,5,1.0,predictive,P1+P2,2.1544346900318843,5,10.0,False,False,False,0.026136576515251295,0.03755369907205558,106.2177503426012,9.624463009279452,0.04420394528625255,6.545415624044921,3.7859174213893745,48.12231504639723,2.207245229997583,0.4812231504639726,6.089522848166533,13.441070259576877,0.016145881231005518,0.02491513845055432,0.6545415624044921,3.4316505470841348,0.6545415624044906,0.8,self,,0.0,1.1362431049346924,ok
C3,0.5,0.6,1.0,0.1,20,200,5,1.0,predictive,P1+P2,2.1544346900318843,5,30.0,False,False,False,0.02657332405267478,0.03817441930943737,106.87322950167476,9.618255806905625,0.022442339903375675,6.623870851785503,3.735431001405497,48.09127903452816,2.222299586270992,0.4809127903452812,6.1117775037088125,13.582200617872449,0.01576471449498048,0.024355310327122175,0.6623870851785503,3.4870269230916184,0.6623870851785489,0.8,self,,0.0,1.2084920406341553,ok
C3,0.5,0.6,1.0,0.1,20,200,5,1.0,predictive,P1+P2,2.1544346900318843,5,100.0,False,False,False,0.02671604714746402,0.038377997833797625,107.11161945138365,9.616220021662045,0.014590641846150495,6.652931069546458,3.7162582669453466,48.08110010830998,2.227728134549718,0.48081100108310226,6.120166900985363,13.63406799346505,0.015589353369367112,0.024086664282484963,0.6652931069546458,3.5131489652344685,0.6652931069546477,0.8,self,,0.0,1.1087281703948975,ok
C3,0.5,0.6,1.0,0.1,20,200,5,1.0,predictive,P1+P2,2.1544346900318843,5,300.0,False,False,False,0.02675539456129484,0.03843421407344364,107.1804163501275,9.615657859265575,0.012323250593209236,6.661378380278537,3.7106405098626793,48.078289296327746,2.2292893095577346,0.48078289296327875,6.122620062798615,13.649091452480658,0.015535201393207616,0.02400284578920331,0.6661378380278538,3.521400864086828,0.666137838027853,0.8,self,,0.0,1.113403558731079,ok
C3,0.5,0.6,1.0,0.1,20,200,5,1.0,predictive,P1+P2,2.1544346900318843,5,1000.0,False,False,False,0.026768998402817032,0.03845366061871762,107.20455970268223,9.615463393812798,0.011527071881043665,6.664349661186415,3.708659873119744,48.07731696906428,2.2298365728616645,0.4807731696906399,6.123484481510104,13.654369650222078,0.015515821972607471,0.023972763600644098,0.6664349661186415,3.5243776476973063,0.666434966118639,0.8,self,,0.0,1.1879124641418457,ok
C3,0.5,0.6,1.0,0.1,20,200,5,1.0,predictive,P1+P2,2.1544346900318843,10,3.0,False,False,False,0.02406319199336296,0.034632109930613116,103.88681669627958,9.653678900693832,0.11449158874050439,6.348654198053547,3.883175312512117,48.268394503469196,2.1522741281318756,0.4826839450346916,6.042385126987832,13.004869181024748,0.11390012343075732,0.37541375376269903,0.6348654198053547,3.4132057781192473,0.6348654198053552,0.8,self,,0.0,2.139690637588501,ok
C3,0.5,0.6,1.0,0.1,20,200,5,1.0,predictive,P1+P2,2.1544346900318843,10,10.0,False,False,False,0.025639669161008384,0.036863400559351375,105.88798431283487,9.631365994406503,0.044452940407852,6.575537040903455,3.7486440242821906,48.156829972032455,2.198815502896066,0.4815682997203251,6.103499453136563,13.420469219474334,0.11260502698932072,0.3720521913473364,0.6575537040903455,3.479390177531627,0.6575537040903451,0.8,self,,0.0,1.790942668914795,ok
C3,0.5,0.6,1.0,0.1,20,200,5,1.0,predictive,P1+P2,2.1544346900318843,10,30.0,False,False,False,0.02608443724410809,0.03749579276713614,106.55385635801848,9.625042072328627,0.0225777284078622,6.653047086851977,3.6993331124115336,48.1252103616432,2.2140964279907673,0.48125210361643134,6.125329226664796,13.562069561025973,0.1117634536912153,0.368109388430915,0.6653047086851978,3.529331164335874,0.665304708685196,0.8,self,,0.0,1.885946273803711,ok
C3,0.5,0.6,1.0,0.1,20,200,5,1.0,predictive,P1+P2,2.1544346900318843,10,100.0,False,False,False,0.02623083501040432,0.03770464819285642,106.79647363014239,9.622953518071437,0.014686353927679304,6.681714277998214,3.6806458500026693,48.11476759035702,2.219619442816266,0.4811476759035719,6.133542063176104,13.614129216757075,0.11139069236262203,0.366274933331577,0.6681714277998214,3.553325951437544,0.6681714277998239,0.8,self,,0.0,1.8922860622406006,ok
C3,0.5,0.6,1.0,0.1,20,200,5,1.0,predictive,P1+P2,2.1544346900318843,10,300.0,False,False,False,0.0262713206702732,0.037762493004823344,106.86653567915863,9.622375069951723,0.012407662881518507,6.690043191607454,3.675174075559305,48.1118753497587,2.2212091069464956,0.48111875349758615,6.135942037835135,13.62921033413524,0.11127599926757784,0.36570535537931387,0.6690043191607454,3.5609479799815333,0.669004319160746,0.8,self,,0.0,1.8425769805908203,ok
C3,0.5,0.6,1.0,0.1,20,200,5,1.0,predictive,P1+P2,2.1544346900318843,10,1000.0,False,False,False,0.026285332340446138,0.0377825224556803,106.89112786541538,9.622174775443183,0.011607534151372272,6.692972390445949,3.6732452999594964,48.110873877216065,2.221766499985276,0.48110873877215915,6.136787551845134,13.634509000216173,0.11123496838589605,0.3655011709105634,0.6692972390445949,3.5637019880544063,0.6692972390445937,0.8,self,,0.0,1.8347725868225098,ok
C3,0.5,0.6,1.0,0.1,20,200,5,1.0,predictive,P1+P2,2.1544346900318843,15,3.0,False,False,False,0.022533569085876295,0.03247902885914842,102.5683436522958,9.6752097114085,0.11818116145789319,6.536158940483414,3.670450186650192,48.3760485570425,2.12022988052347,0.48376048557042506,6.1218106375892845,12.979645836723236,0.22131461568810737,1.214549876696193,0.6536158940483414,3.6096188547856323,0.6536158940483374,0.8,self,,0.0,8.159356594085693,ok
C3,0.5,0.6,1.0,0.1,20,200,5,1.0,predictive,P1+P2,2.1544346900318843,15,10.0,False,False,False,0.024106386527760263,0.03470979054151449,104.62686210813172,9.652902094584837,0.045956931270935086,6.756732625021914,3.5444083491223144,48.264510472924144,2.167780447433031,0.4826451047292418,6.180061794089293,13.397017121154668,0.21452839198643436,1.1933711092089423,0.6756732625021914,3.6421356180022384,0.6756732625021881,0.8,self,,0.0,7.808573007583618,ok
C3,0.5,0.6,1.0,0.1,20,200,5,1.0,predictive,P1+P2,2.1544346900318843,15,30.0,False,False,False,0.024558611344152808,0.035353856003145674,105.31741824240747,9.64646143996853,0.02342722204006247,6.831402820322424,3.498708517668984,48.23230719984275,2.1835451040324863,0.4823230719984265,6.200632304749766,13.539360310942023,0.21229983149349455,1.1832633599564912,0.6831402820322424,3.6788299701538723,0.6831402820322424,0.8,self,,0.0,8.008347272872925,ok
C3,0.5,0.6,1.0,0.1,20,200,5,1.0,predictive,P1+P2,2.1544346900318843,15,100.0,False,False,False,0.02470903307204144,0.03556873426360608,105.56983809745284,9.644312657363942,0.015304179047289156,6.858916782442459,3.48146638114631,48.22156328681954,2.189266189267414,0.48221563286819713,6.2083366439213306,13.591701506126899,0.21149489622174594,1.179143217963565,0.6858916782442459,3.697566568630908,0.6858916782442454,0.8,self,,0.0,7.646906852722168,ok
C3,0.5,0.6,1.0,0.1,20,200,5,1.0,predictive,P1+P2,2.1544346900318843,15,300.0,False,False,False,0.02475081859770639,0.03562850455943196,105.64281576913774,9.643714954405686,0.01295909238620319,6.8668999753723865,3.4764259778357243,48.21857477202825,2.190915353027429,0.48218574772028433,6.2105844170311775,13.606864750546512,0.21126331736557946,1.1779099621327114,0.6866899975372387,3.7036180323448833,0.6866899975372379,0.8,self,,0.0,7.837894916534424,ok
C3,0.5,0.6,1.0,0.1,20,200,5,1.0,predictive,P1+P2,2.1544346900318843,15,1000.0,False,False,False,0.02476530151033237,0.03564923009928275,105.66844059310141,9.643507699007145,0.012135705481048073,6.869706436747842,3.4746501587639647,48.21753849503588,2.191493881504968,0.4821753849503573,6.2113759202892185,13.612192325041113,0.21118212442942483,1.1774724432213988,0.6869706436747842,3.70581485354301,0.686970643674784,0.8,self,,0.0,7.665309906005859,ok
C3,0.5,0.6,1.0,0.1,20,200,5,1.0,predictive,P1+P2,2.1544346900318843,20,3.0,False,False,False,0.019960951914898394,0.02883097340782383,99.92884388061526,9.711690265921725,0.12851348468406615,7.059261087823976,3.1005351615702335,48.55845132960872,2.057908379373772,0.4855845132960862,6.334533389964218,13.035889342630309,0.31517035447060743,2.465985993918825,0.7059261087823976,3.9366283489373415,0.7059261087823948,0.8,self,,0.0,40.01630759239197,ok
C3,0.5,0.6,1.0,0.1,20,200,5,1.0,predictive,P1+P2,2.1544346900318843,20,10.0,False,False,False,0.021499073024756038,0.03101982554271703,102.0868786041549,9.689801744572826,0.050300583323337304,7.266290373048566,2.993607299055271,48.449008722863844,2.107099428764546,0.4844900872286413,6.386498722374036,13.456987809719832,0.30699071383593646,2.4115290703838164,0.7266290373048566,3.9320635903038297,0.7266290373048507,0.8,self,,0.0,40.37967038154602,ok
C3,0.5,0.6,1.0,0.1,20,200,5,1.0,predictive,P1+P2,2.1544346900318843,20,30.0,False,False,False,0.021949858650565427,0.03166368280251615,102.81670514534386,9.683363171974815,0.02597783934258081,7.33572926686293,2.9549297218196746,48.4168158598741,2.1235742854902235,0.48416815859874074,6.404698663975829,13.60085338913266,0.3043091366215575,2.390688522897367,0.733572926686293,3.954193071874738,0.733572926686295,0.8,self,,0.0,39.77428936958313,ok
C3,0.5,0.6,1.0,0.1,20,200,5,1.0,predictive,P1+P2,2.1544346900318843,20,100.0,False,False,False,0.022101382936771104,0.031880675266675845,103.0843678409037,9.681193247333226,0.017217867670709968,7.361234122736417,2.9403547622596466,48.40596623666622,2.1295797988393437,0.4840596623666613,6.411495986930885,13.653792334107534,0.3033392078875049,2.3827318236047685,0.7361234122736418,3.9671169542420475,0.7361234122736375,0.8,self,,0.0,39.65013551712036,ok
C3,0.5,0.6,1.0,0.1,20,200,5,1.0,predictive,P1+P2,2.1544346900318843,20,300.0,False,False,False,0.022143663551629313,0.03194129358823202,103.16184852481734,9.680587064117573,0.014689886745582715,7.368626838155597,2.936096210981247,48.40293532058833,2.1313138932906237,0.48402935320587864,6.413477305147828,13.669133284765675,0.3030596927738773,2.3803999224700756,0.7368626838155597,3.97142567532311,0.7368626838155585,0.8,self,,0.0,39.17209768295288,ok
C3,0.5,0.6,1.0,0.1,20,200,5,1.0,predictive,P1+P2,2.1544346900318843,20,1000.0,False,False,False,0.02215833962093965,0.03196234283162424,103.18906509828753,9.680376571683706,0.01380238972865002,7.3712249409908335,2.934596097596811,48.40188285841884,2.131922541115345,0.48401882858418527,6.41417479022948,13.674523817944017,0.30296162785678926,2.379577852124104,0.7371224940990834,3.973003356144493,0.7371224940990785,0.8,self,,0.0,39.52406716346741,ok
C3,0.5,0.6,1.0,0.1,20,200,5,1.0,predictive,P1+P2 (protect),2.1544346900318843,5,3.0,True,True,False,0.024419589373939385,0.035128572700727584,104.14274945433807,9.648714272992702,0.11405103729094694,6.308169438716646,3.929065250999705,48.243571364963586,2.158686567097118,0.4824357136496351,6.02519768332887,13.006513303106708,0.01640053175006693,0.025040859768005217,0.6308169438716646,3.349193453204628,0.6308169438716641,0.8,self,,0.0,1.1010289192199707,ok
C3,0.5,0.6,1.0,0.1,20,200,5,1.0,predictive,P1+P2 (protect),2.1544346900318843,5,10.0,True,True,False,0.02606886681524679,0.03745947377510562,106.17509340934805,9.625405262248908,0.04426059118261843,6.541920348861824,3.78841379770665,48.12702631124472,2.2061428171916906,0.48127026311244536,6.088575741509117,13.43226763905791,0.016111530638504425,0.024869709682276055,0.6541920348861825,3.4262560333576104,0.6541920348861818,0.8,self,,0.0,1.135098934173584,ok
C3,0.5,0.6,1.0,0.1,20,200,5,1.0,predictive,P1+P2 (protect),2.1544346900318843,5,30.0,True,True,False,0.026528719137026948,0.03811236493268375,106.84531576098755,9.618876350673133,0.02247279711868763,6.621773029517832,3.736877822690347,48.09438175336582,2.221575823739747,0.48094381753365667,6.11122894732061,13.576558482705972,0.015727357174945805,0.02430396524295013,0.6621773029517832,3.4810043491387783,0.6621773029517812,0.8,self,,0.0,1.3071949481964111,ok
C3,0.5,0.6,1.0,0.1,20,200,5,1.0,predictive,P1+P2 (protect),2.1544346900318843,5,100.0,True,True,False,0.026679298303279583,0.038326879946211576,107.08869130760097,9.616731200537869,0.014613641794036345,6.651302224846935,3.71735293282116,48.0836560026893,2.2271328806946697,0.48083656002689346,6.119751869501211,13.629500610258823,0.015551087929751262,0.02403342162914182,0.6651302224846936,3.506929866009765,0.6651302224846926,0.8,self,,0.0,1.0377881526947021,ok
C3,0.5,0.6,1.0,0.1,20,200,5,1.0,predictive,P1+P2 (protect),2.1544346900318843,5,300.0,True,True,False,0.026720858601028068,0.03838617656477481,107.15888980193121,9.61613823435222,0.012344295624380806,6.659881010281226,3.7116364597421727,48.08069117176117,2.2287302280893155,0.48080691171761103,6.122242440558596,13.644826790964247,0.01549669578328117,0.023949084532035,0.6659881010281227,3.515128086756544,0.6659881010281187,0.8,self,,0.0,1.0836718082427979,ok
C3,0.5,0.6,1.0,0.1,20,200,5,1.0,predictive,P1+P2 (protect),2.1544346900318843,5,1000.0,True,True,False,0.02673523327702423,0.03840669610781297,107.1835210917047,9.615933038921863,0.011547451550569446,6.662898021702595,3.7096214878249727,48.07966519460942,2.229290088811223,0.48079665194609317,6.123119868673974,13.650210435837966,0.01547723459401811,0.02391882357300041,0.6662898021702595,3.5180863507197824,0.6662898021702606,0.8,self,,0.0,1.0657334327697754,ok
C3,0.5,0.6,1.0,0.1,20,200,5,1.0,predictive,P1+P2 (protect),2.1544346900318843,10,3.0,True,True,False,0.02355527314643451,0.03390195895257815,103.17750133490044,9.660980410474226,0.12006981563102978,6.312303323654365,3.90664645024038,48.30490205237097,2.1359633691636093,0.4830490205237113,6.03272152792624,12.885672200015168,0.11377385178332176,0.37562639660461666,0.6312303323654365,3.2429393469992154,0.6312303323654369,0.8,self,,0.0,1.396775484085083,ok
C3,0.5,0.6,1.0,0.1,20,200,5,1.0,predictive,P1+P2 (protect),2.1544346900318843,10,10.0,True,True,False,0.02534627686511793,0.036442768474187155,105.50309704041348,9.635572315258148,0.046444070314583856,6.569198419888123,3.7487851945391455,48.177861576290574,2.189866747683421,0.4817786157629074,6.103146925934421,13.365078509330079,0.11178596009603742,0.3699547241778669,0.6569198419888123,3.3080064511977487,0.656919841988811,0.8,self,,0.0,1.2898435592651367,ok
C3,0.5,0.6,1.0,0.1,20,200,5,1.0,predictive,P1+P2 (protect),2.1544346900318843,10,30.0,True,True,False,0.02584600441200028,0.03715457499801456,106.25428523939537,9.62845425001983,0.02383975207008137,6.654041789410135,3.6936642084999534,48.142271250099235,2.207089164684484,0.4814227125009915,6.127270822894864,13.523433042298636,0.11076940007329016,0.3653947458470843,0.6654041789410136,3.3587464155865527,0.6654041789410141,0.8,self,,0.0,1.2634618282318115,ok
C3,0.5,0.6,1.0,0.1,20,200,5,1.0,predictive,P1+P2 (protect),2.1544346900318843,10,100.0,True,True,False,0.02601062611811798,0.03738978138244716,106.52552650271366,9.626102186175514,0.015728838537574872,6.685086981760956,3.6730819935259555,48.13051093087751,2.2132639866570285,0.4813051093087757,6.136229140588768,13.58109497074053,0.11034026041689587,0.3633578729140445,0.6685086981760957,3.383157355298315,0.6685086981760959,0.8,self,,0.0,1.3105220794677734,ok
C3,0.5,0.6,1.0,0.1,20,200,5,1.0,predictive,P1+P2 (protect),2.1544346900318843,10,300.0,True,True,False,0.026056208890034304,0.03745499815058076,106.60362731525133,9.625450018494217,0.013390977483022388,6.694075167058654,3.6670838369641072,48.127250092470995,2.215036743433807,0.48127250092471086,6.138835923092608,13.597747131561519,0.11021006196150014,0.3627321099940172,0.6694075167058654,3.390910186690979,0.6694075167058658,0.8,self,,0.0,1.4619064331054688,ok
C3,0.5,0.6,1.0,0.1,20,200,5,1.0,predictive,P1+P2 (protect),2.1544346900318843,10,1000.0,True,True,False,0.026071992629514498,0.037477590730620486,106.63101767393721,9.62522409269378,0.012570517958194036,6.697232922863662,3.6649724664843637,48.12612046346909,2.2156578724203877,0.481261204634689,6.13975314671444,13.603592394235697,0.11016367433675428,0.3625084462550933,0.6697232922863662,3.3937111629879593,0.6697232922863645,0.8,self,,0.0,1.3401331901550293,ok
C3,0.5,0.6,1.0,0.1,20,200,5,1.0,predictive,P1+P2 (protect),2.1544346900318843,15,3.0,True,True,False,0.021673466801884044,0.03123583731240339,100.87809902376938,9.687641626875942,0.14893184195552156,6.641508593381197,3.5219179377873395,48.43820813437997,2.0826141781278893,0.4843820813437971,6.17303113617534,12.856042166223677,0.21929297782729168,1.1941610894465278,0.6641508593381197,2.775195025321241,0.664150859338116,0.8,self,,0.0,2.571214199066162,ok
C3,0.5,0.6,1.0,0.1,20,200,5,1.0,predictive,P1+P2 (protect),2.1544346900318843,15,10.0,True,True,False,0.023460793913448946,0.03377946370006351,103.48449157073607,9.662205362999396,0.06071358155136972,6.890279663995764,3.3868013914534707,48.311026814996715,2.1420470313541835,0.4831102681499698,6.23709957588465,13.36016063078415,0.2109386548214769,1.1666101998592742,0.6890279663995764,2.853175651985477,0.6890279663995742,0.8,self,,0.0,2.5704572200775146,ok
C3,0.5,0.6,1.0,0.1,20,200,5,1.0,predictive,P1+P2 (protect),2.1544346900318843,15,30.0,True,True,False,0.02396320225366653,0.03449711461735505,104.32219914521652,9.655028853826485,0.034355356231800895,6.970346960564321,3.3402688293773934,48.2751442691322,2.1609919706013514,0.48275144269132425,6.258558954796274,13.524695648849933,0.2083483256526378,1.1549169387573035,0.6970346960564321,2.9046440438629197,0.6970346960564332,0.8,self,,0.0,2.5394678115844727,ok
C3,0.5,0.6,1.0,0.1,20,200,5,1.0,predictive,P1+P2 (protect),2.1544346900318843,15,100.0,True,True,False,0.02412949589966157,0.03473533403426545,104.62459360642563,9.652646659657375,0.02497722224522423,6.999386397367771,3.32298972072963,48.26323329828665,2.1677908100313665,0.48263233298286873,6.26646595039217,13.584387298634619,0.20743381232971395,1.1502898885812873,0.6999386397367772,2.9285890875924405,0.6999386397367783,0.8,self,,0.0,2.7243337631225586,ok
C3,0.5,0.6,1.0,0.1,20,200,5,1.0,predictive,P1+P2 (protect),2.1544346900318843,15,300.0,True,True,False,0.024175636328991595,0.034801516037845384,104.71167309259741,9.651984839621536,0.022281930085166008,7.00776868907356,3.317964541219738,48.25992419810766,2.169743836785871,0.4825992419810768,6.268760667762835,13.60160482316409,0.2071732304794272,1.1489172478523377,0.7007768689073561,2.9361171718305594,0.700776868907356,0.8,self,,0.0,2.468935012817383,ok
C3,0.5,0.6,1.0,0.1,20,200,5,1.0,predictive,P1+P2 (protect),2.1544346900318843,15,1000.0,True,True,False,0.024191624047604932,0.03482445790682955,104.74221390269095,9.651755420931678,0.021336866143416955,7.010710916341332,3.3161967965835726,48.258777104658506,2.1704282658372627,0.4825877710465839,6.269567434447468,13.607646374297593,0.20708216907285212,1.1484315467724797,0.7010710916341333,2.938828901334995,0.7010710916341341,0.8,self,,0.0,2.6033775806427,ok
C3,0.5,0.6,1.0,0.1,20,200,5,1.0,predictive,P1+P2 (protect),2.1544346900318843,20,3.0,True,True,False,0.018421220664227782,0.026598413012304062,96.67511325102492,9.73401586987693,0.19271883366088646,7.744158892247968,2.3291064042142153,48.67007934938493,1.9863356407748833,0.48670079349384654,6.6149192033116115,13.139449774384051,0.30902403792904104,2.3291064042141647,0.7744158892247968,2.096946475881993,0.7744158892248028,0.8,self,,0.0,8.135276794433594,ok
C3,0.5,0.6,1.0,0.1,20,200,5,1.0,predictive,P1+P2 (protect),2.1544346900318843,20,10.0,True,True,False,0.020193901313717604,0.029131134022063746,99.58322458903801,9.708688659779405,0.08338917101446167,7.93522351647962,2.272698652726514,48.54344329889679,2.0514248232428365,0.48543443298897027,6.652569696340677,13.647246613426324,0.2991278793496159,2.272698652726492,0.793522351647962,2.15597400952905,0.7935223516479639,0.8,self,,0.0,7.9254374504089355,ok
C3,0.5,0.6,1.0,0.1,20,200,5,1.0,predictive,P1+P2 (protect),2.1544346900318843,20,30.0,True,True,False,0.020698648763936386,0.029854610966331293,100.51859148124232,9.701453890336692,0.0511849214310965,7.995042323541381,2.2523188646908303,48.50726945168321,2.072237679372289,0.4850726945168346,6.665075350549676,13.811620277264506,0.29608797353629507,2.2523188646908032,0.7995042323541381,2.1966391466082813,0.7995042323541418,0.8,self,,0.0,8.091715097427368,ok
C3,0.5,0.6,1.0,0.1,20,200,5,1.0,predictive,P1+P2 (protect),2.1544346900318843,20,100.0,True,True,False,0.020866893535656614,0.030096369598338887,100.85652029177194,9.699036304016591,0.03976894925848594,8.016511142270618,2.244683604454305,48.49518152008291,2.079722502946093,0.48495181520082953,6.669662926580388,13.87104807547453,0.29502230346542385,2.2446836044542415,0.8016511142270618,2.215628901698626,0.8016511142270654,0.8,self,,0.0,7.754091501235962,ok
C3,0.5,0.6,1.0,0.1,20,200,5,1.0,predictive,P1+P2 (protect),2.1544346900318843,20,300.0,True,True,False,0.020913715639343872,0.030163725635605494,100.95387077699974,9.698362743643933,0.03649145180527802,8.022685775381289,2.2424600291694996,48.491813718219646,2.081874506976189,0.4849181371821967,6.670991855812952,13.888167880862762,0.2947196758696287,2.2424600291694694,0.802268577538129,2.2215981856899303,0.8022685775381287,0.8,self,,0.0,8.083931922912598,ok
C3,0.5,0.6,1.0,0.1,20,200,5,1.0,predictive,P1+P2 (protect),2.1544346900318843,20,1000.0,True,True,False,0.020929955576734365,0.03018709623890099,100.98801846067182,9.698129037610936,0.03534258147743902,8.024850749299198,2.241677631612427,48.490645188054614,2.0826288878818553,0.4849064518805468,6.671458802552804,13.894172826510161,0.294614052951169,2.241677631612327,0.8024850749299198,2.223748006781661,0.8024850749299224,0.8,self,,0.0,8.153469562530518,ok
C3,0.5,0.6,1.0,0.1,20,200,5,1.0,predictive,NoCancel,5.623413251903491,0,1.0,False,False,True,0.023264476560948093,0.033479090223537206,102.4468517175785,9.665209097764556,0.1398387838159354,7.863712700405996,2.3312394180135123,48.326045488823205,2.1199096818561802,0.48326045488822783,6.622069969239633,14.038190241720155,0.0,0.0,0.7863712700405996,0.0,0.7863712700405977,0.8,self,,0.0,13.413700103759766,ok
C3,0.5,0.6,1.0,0.1,20,200,5,1.0,predictive,P2 only,5.623413251903491,0,3.0,False,False,False,0.026082197557654733,0.037481002189258886,106.33872612415436,9.625189978107388,0.04573985592783231,6.55963999291123,3.7694301730535495,48.12594989053709,2.2095922546157065,0.4812594989053694,6.0954907351226275,13.468549116408758,0.0,0.0,0.655963999291123,3.431841358264845,0.6559639992911219,0.8,self,,0.0,1.1229474544525146,ok
C3,0.5,0.6,1.0,0.1,20,200,5,1.0,predictive,P2 only,5.623413251903491,0,10.0,False,False,False,0.02661106828781098,0.038230491610472164,107.0778494803349,9.617695083895262,0.019019905410822182,6.648015476050991,3.7152695346429256,48.08847541947644,2.2266842220780205,0.48088475419476306,6.119872518750408,13.627023578630409,0.0,0.0,0.6648015476050991,3.4967157404909206,0.6648015476051005,0.8,self,,0.0,1.037330150604248,ok
C3,0.5,0.6,1.0,0.1,20,200,5,1.0,predictive,P2 only,5.623413251903491,0,30.0,False,False,False,0.026751999574882005,0.038431104502159134,107.30286553171152,9.615688954978403,0.011019496039679453,6.6755661168542435,3.6977254321276742,48.07844477489182,2.231828962731937,0.48078444774892015,6.127671947980238,13.675915727622321,0.0,0.0,0.6675566116854244,3.5237471571372403,0.6675566116854242,0.8,self,,0.0,1.250516653060913,ok
C3,0.5,0.6,1.0,0.1,20,200,5,1.0,predictive,P2 only,5.623413251903491,0,100.0,False,False,False,0.026799415793548526,0.03849873155546558,107.38281542725863,9.61501268444532,0.008177425498050308,6.685441906110523,3.691367983946107,48.075063422226634,2.2336489602551857,0.480750634222266,6.13048964602044,13.693361823688736,0.0,0.0,0.6685441906110523,3.5343751020752223,0.6685441906110515,0.8,self,,0.0,1.0576159954071045,ok
C3,0.5,0.6,1.0,0.1,20,200,5,1.0,predictive,P2 only,5.623413251903491,0,300.0,False,False,False,0.026812754310624416,0.03851776936108811,107.4057607732564,9.61482230638909,0.007361298678592782,6.688285125842528,3.689531269089789,48.074111531945455,2.2341704786761336,0.4807411153194545,6.131302953016749,13.698376053449822,0.0,0.0,0.6688285125842528,3.5375318927561636,0.668828512584252,0.8,self,,0.0,1.105454683303833,ok
C3,0.5,0.6,1.0,0.1,20,200,5,1.0,predictive,P2 only,5.623413251903491,0,1000.0,False,False,False,0.026817399881366243,0.03852440139977471,107.41380200577842,9.61475598600223,0.007075218869758503,6.68928249521463,3.688886299913382,48.07377993001109,2.234353158044954,0.4807377993001115,6.1315884726423056,13.700134067680372,0.0,0.0,0.668928249521463,3.538649739098465,0.6689282495214617,0.8,self,,0.0,1.0571765899658203,ok
C3,0.5,0.6,1.0,0.1,20,200,5,1.0,predictive,P1 only,5.623413251903491,5,1.0,False,False,False,0.024579448102594728,0.035363271565662255,104.6064854529698,9.646367284343334,0.11314732534998599,6.362741687905449,3.8777437024012307,48.231836421716956,2.16882650990808,0.48231836421716673,6.044629470217149,13.109752637578586,0.015883846548441653,0.024158559114830534,0.6362741687905449,3.3666299974068647,0.6362741687905473,0.8,self,,0.0,1.1636359691619873,ok
C3,0.5,0.6,1.0,0.1,20,200,5,1.0,predictive,P1 only,5.623413251903491,10,1.0,False,False,False,0.024102409993174496,0.03469935226177543,104.28100245707395,9.653006477382224,0.11372040541643058,6.394968348305941,3.8383047688954046,48.265032386911045,2.160591163000107,0.4826503238691112,6.059371533779317,13.091824589217996,0.11143411920119571,0.36565433202328484,0.6394968348305942,3.424339481057443,0.6394968348305952,0.8,self,,0.0,1.7723031044006348,ok
C3,0.5,0.6,1.0,0.1,20,200,5,1.0,predictive,P1 only,5.623413251903491,15,1.0,False,False,False,0.02262359752912332,0.03261889216002453,103.03342732558805,9.673811078399766,0.11702182891267927,6.580621034695433,3.6285460579921223,48.36905539199883,2.1301517362820315,0.4836905539199883,6.137740106222286,13.074317744117263,0.21886993033975774,1.1921357633281244,0.6580621034695433,3.6083357593767267,0.6580621034695406,0.8,self,,0.0,7.751654863357544,ok
C3,0.5,0.6,1.0,0.1,20,200,5,1.0,predictive,P1 only,5.623413251903491,20,1.0,False,False,False,0.020108843517286694,0.029053937904863835,100.50643341234074,9.709460620951376,0.12620897762592156,7.097252372907953,3.06707802851475,48.54730310475649,2.0702784085753567,0.4854730310475688,6.347459182275906,13.141007694379198,0.3131223269749406,2.4322939479394794,0.7097252372907953,3.916510540924788,0.7097252372907994,0.8,self,,0.0,39.29771637916565,ok
C3,0.5,0.6,1.0,0.1,20,200,5,1.0,predictive,P1 only (protect),5.623413251903491,5,1.0,True,True,False,0.024214475877951603,0.034855148001260196,104.37368242813658,9.651448519987403,0.11362826964941178,6.340693743100023,3.894229467263162,48.257242599936845,2.1628604703633267,0.4825724259993701,6.038358822169282,13.060127602339596,0.015928955433451242,0.024239786640241196,0.6340693743100023,3.3719631124888543,0.6340693743100041,0.8,self,,0.0,1.0929691791534424,ok
C3,0.5,0.6,1.0,0.1,20,200,5,1.0,predictive,P1 only (protect),5.623413251903491,10,1.0,True,True,False,0.023109070633390218,0.03327111128841797,102.88422511009688,9.667288887115829,0.12503961409215045,6.286713595388659,3.9209579034033615,48.33644443557913,2.128502133565427,0.48336444435579146,6.026593289835857,12.827616675546706,0.11342289216890057,0.3733655324855188,0.628671359538866,3.279607383500876,0.6286713595388627,0.8,self,,0.0,1.2964413166046143,ok
C3,0.5,0.6,1.0,0.1,20,200,5,1.0,predictive,P1 only (protect),5.623413251903491,15,1.0,True,True,False,0.02130508920586556,0.030712022446622453,100.38086154677795,9.69287977553375,0.16573095072753247,6.594263741816064,3.5471255319226525,48.464398877668884,2.071228858118176,0.4846439887766875,6.161027133365906,12.760897194276565,0.22093869355437185,1.198181126274738,0.6594263741816064,2.774114012696333,0.6594263741816062,0.8,self,,0.0,2.6015841960906982,ok
C3,0.5,0.6,1.0,0.1,20,200,5,1.0,predictive,P1 only (protect),5.623413251903491,20,1.0,True,True,False,0.018062484679856605,0.02608625045403236,96.11400691440001,9.739137495459662,0.21552085393863904,7.706352591641141,2.3389890589605575,48.6956874772984,1.973768353906241,0.4869568747729831,6.607774281346469,13.042215766277215,0.31097601536791747,2.3389890589605375,0.7706352591641141,2.092269369164652,0.7706352591641132,0.8,self,,0.0,7.991103172302246,ok
C3,0.5,0.6,1.0,0.1,20,200,5,1.0,predictive,P1+P2,5.623413251903491,5,3.0,False,False,False,0.02605821823778358,0.037448477135459374,106.32723428041372,9.625515228645375,0.04574582308235977,6.560312925532585,3.76842602273968,48.12757614322697,2.2092788127119767,0.48127576143226874,6.095867378145332,13.46747064363859,0.015994137941190072,0.02465757265843428,0.6560312925532585,3.433932529545736,0.6560312925532605,0.8,self,,0.0,1.1414799690246582,ok
C3,0.5,0.6,1.0,0.1,20,200,5,1.0,predictive,P1+P2,5.623413251903491,5,10.0,False,False,False,0.02658790953390046,0.03819912659268553,107.06695984062716,9.618008734073145,0.019022971354594062,6.648635432985924,3.7143328615863367,48.090043670365695,2.226385165597272,0.48090043670365723,6.120224227992808,13.625976431332203,0.015622939889058345,0.024133884890746762,0.6648635432985924,3.49848602053812,0.6648635432985898,0.8,self,,0.0,1.1529300212860107,ok
C3,0.5,0.6,1.0,0.1,20,200,5,1.0,predictive,P1+P2,5.623413251903491,5,30.0,False,False,False,0.026729205378930043,0.03840024662505061,107.29220984290583,9.615997533749496,0.011021723283775181,6.676167125275642,3.696813617691087,48.07998766874732,2.231535718813158,0.4807998766874748,6.128014437012411,13.674883101595901,0.015459707506705172,0.023885369973280425,0.6676167125275643,3.5254105715080395,0.6676167125275625,0.8,self,,0.0,1.1277823448181152,ok
C3,0.5,0.6,1.0,0.1,20,200,5,1.0,predictive,P1+P2,5.623413251903491,5,100.0,False,False,False,0.026776764011261684,0.038468071105322445,107.37224837427549,9.615319288946772,0.008179360336631162,6.6860359251668084,3.6904654255497884,48.07659644473387,2.2333579395060656,0.4807659644473386,6.130828698942044,13.692334950533857,0.015396332791036913,0.02378751318995544,0.6686035925166809,3.535999743620351,0.66860359251668,0.8,self,,0.0,1.2580533027648926,ok
C3,0.5,0.6,1.0,0.1,20,200,5,1.0,predictive,P1+P2,5.623413251903491,5,300.0,False,False,False,0.026790144654107565,0.03848716724772327,107.3952196908959,9.615128327522768,0.0073631501470362275,6.6888771160372675,3.6886314062929277,48.07564163761381,2.2338801112717994,0.4807564163761384,6.131641004985072,13.69735089049478,0.015377628150371457,0.02375850952908993,0.6688877116037268,3.5391453362184833,0.6688877116037283,0.8,self,,0.0,1.2182927131652832,ok
C3,0.5,0.6,1.0,0.1,20,200,5,1.0,predictive,P1+P2,5.623413251903491,5,1000.0,False,False,False,0.0267948051206574,0.03849381990809603,107.40327008114868,9.615061800919023,0.007077041179218409,6.689873772034653,3.6879873858671064,48.07530900459504,2.2340630212253667,0.4807530900459511,6.13192617228466,13.699109510385167,0.015371018579880704,0.023748248088053866,0.6689873772034653,3.540259250989842,0.6689873772034652,0.8,self,,0.0,1.2154223918914795,ok
C3,0.5,0.6,1.0,0.1,20,200,5,1.0,predictive,P1+P2,5.623413251903491,10,3.0,False,False,False,0.025576222349286994,0.03677921434700306,106.0105968756731,9.632207856529988,0.04599203460886766,6.591077402049368,3.7307227068117763,48.1610392826499,2.201169211767064,0.48161039282649937,6.11000604262401,13.449157184734691,0.11136274199806534,0.3677715520208722,0.6591077402049369,3.4809981783165123,0.6591077402049361,0.8,self,,0.0,1.7660670280456543,ok
C3,0.5,0.6,1.0,0.1,20,200,5,1.0,predictive,P1+P2,5.623413251903491,10,10.0,False,False,False,0.026111373200019973,0.0375379911155542,106.75890711579095,9.624620088844457,0.019140440967026995,6.6782676504060365,3.677971819782479,48.123100444222146,2.2184544663644767,0.4812310044422229,6.1338775860002706,13.607728126795255,0.11075537344111046,0.3646552938451759,0.6678267650406037,3.539653116434618,0.667826765040603,0.8,self,,0.0,1.839564561843872,ok
C3,0.5,0.6,1.0,0.1,20,200,5,1.0,predictive,P1+P2,5.623413251903491,10,30.0,False,False,False,0.02625535338610431,0.037742978966853725,106.98737942575339,9.62257021033147,0.01110146835886547,6.705387419552443,3.660940901757222,48.11285105165738,2.223675735010676,0.48112851051657346,6.141489867727893,13.656681995680442,0.11048322426192866,0.36316842266341554,0.6705387419552444,3.5645810354046152,0.6705387419552441,0.8,self,,0.0,1.8940751552581787,ok
C3,0.5,0.6,1.0,0.1,20,200,5,1.0,predictive,P1+P2,5.623413251903491,10,100.0,False,False,False,0.026303984143281584,0.03781233867600287,107.06863205049277,9.621876613239959,0.008245839343564631,6.715102240839515,3.6547753065769615,48.109383066199904,2.2255249439212976,0.48109383066199796,6.1442374719626365,13.674153755228781,0.11037606530217883,0.3625798166665015,0.6715102240839516,3.574436316603334,0.6715102240839506,0.8,self,,0.0,1.8015737533569336,ok
C3,0.5,0.6,1.0,0.1,20,200,5,1.0,predictive,P1+P2,5.623413251903491,10,300.0,False,False,False,0.026317684073614997,0.03783189117973147,107.09195855702777,9.621681088202674,0.0074258341629724585,6.717898500108618,3.652994577525735,48.10840544101333,2.2260550432987296,0.4810840544101337,6.1450303126904355,13.679175718788114,0.1103442694799434,0.36240503812425534,0.6717898500108619,3.5773688628314386,0.6717898500108617,0.8,self,,0.0,1.8940351009368896,ok
C3,0.5,0.6,1.0,0.1,20,200,5,1.0,predictive,P1+P2,5.623413251903491,10,1000.0,False,False,False,0.026322457664731805,0.037838705444027156,107.10013413948167,9.621612945559708,0.007138396501915517,6.718879331428242,3.652369326510135,48.108064727798684,2.226240750806904,0.4810806472779854,6.145308622892003,13.680936482567233,0.11033301528925167,0.36234316745918743,0.6718879331428242,3.578407857560032,0.6718879331428227,0.8,self,,0.0,1.8481340408325195,ok
C3,0.5,0.6,1.0,0.1,20,200,5,1.0,predictive,P1+P2,5.623413251903491,15,3.0,False,False,False,0.02407237869949403,0.034667655386585325,104.78982490955343,9.653323446134126,0.04741209708544078,6.7725054637747615,3.5267589930056724,48.266617230670434,2.171062132006343,0.4826661723067063,6.186478753704853,13.4312297526304,0.21337122332113115,1.1822329405925005,0.6772505463774762,3.6395349882822843,0.6772505463774761,0.8,self,,0.0,7.609296798706055,ok
C3,0.5,0.6,1.0,0.1,20,200,5,1.0,predictive,P1+P2,5.623413251903491,15,10.0,False,False,False,0.02460928625245961,0.035430209808289786,105.55796297501038,9.645697901917073,0.019824331866924404,6.856816340830966,3.4776614253850364,48.22848950958553,2.1887055565783475,0.48228489509585365,6.2090874363656035,13.589864173254202,0.211015126146944,1.1735226221651756,0.6856816340830967,3.6845000792221576,0.6856816340830949,0.8,self,,0.0,7.779682159423828,ok
C3,0.5,0.6,1.0,0.1,20,200,5,1.0,predictive,P1+P2,5.623413251903491,15,30.0,False,False,False,0.024755563528196533,0.035638738242058786,105.79356975476202,9.643612617579377,0.011567236199866548,6.882897650496462,3.4619224957242944,48.218063087896944,2.1940651071344446,0.48218063087896884,6.21624676027101,13.638850114048157,0.21030447979334504,1.1702766138062006,0.6882897650496462,3.7047030129505854,0.6882897650496445,0.8,self,,0.0,7.931701898574829,ok
C3,0.5,0.6,1.0,0.1,20,200,5,1.0,predictive,P1+P2,5.623413251903491,15,100.0,False,False,False,0.02480522090476565,0.03570964060281394,105.8774863912169,9.64290359397182,0.008634461359997285,6.892223884336182,3.4562380603320015,48.21451796985925,2.195966917213711,0.482145179698591,6.218825060163521,13.656334096058659,0.21005319633506206,1.1690581170657963,0.6892223884336182,3.712800454243324,0.6892223884336163,0.8,self,,0.0,7.776605606079102,ok
C3,0.5,0.6,1.0,0.1,20,200,5,1.0,predictive,P1+P2,5.623413251903491,15,300.0,False,False,False,0.02481923628619661,0.035729663982572005,105.90159022089054,9.642703360174272,0.007792338901080592,6.8949066725489,3.4545976283757476,48.2135168008713,2.1965124564192076,0.4821351680087136,6.219568478251275,13.66135963603118,0.2099812049472305,1.1687021410281149,0.68949066725489,3.7152202905443,0.6894906672548881,0.8,self,,0.0,7.960559844970703,ok
C3,0.5,0.6,1.0,0.1,20,200,5,1.0,predictive,P1+P2,5.623413251903491,15,1000.0,False,False,False,0.02482412264298317,0.035736646260737887,105.9100395762038,9.642633537392634,0.007497152283015981,6.895847530171056,3.4540217801532944,48.21316768696299,2.1967036114252716,0.48213167686963165,6.2198293793718165,13.663121660115074,0.20995598876801352,1.1685767261348328,0.6895847530171056,3.7160787172063343,0.6895847530171054,0.8,self,,0.0,7.616383790969849,ok
C3,0.5,0.6,1.0,0.1,20,200,5,1.0,predictive,P1+P2,5.623413251903491,20,3.0,False,False,False,0.02150140123739083,0.03102978855260463,102.31758854987835,9.689702114473961,0.05136992151502762,7.280095195746119,2.978832768264892,48.44851057236977,2.1118830556626063,0.4844851057236981,6.391892830551277,13.498930162452536,0.30616121745543584,2.3947277385411962,0.7280095195746119,3.9209569393706367,0.7280095195746128,0.8,self,,0.0,40.37764835357666,ok
C3,0.5,0.6,1.0,0.1,20,200,5,1.0,predictive,P1+P2,5.623413251903491,20,10.0,False,False,False,0.022028237921229182,0.03178021969678845,103.11842742425766,9.682197803032095,0.021758683026781665,7.359434311080617,2.9366092028605073,48.410989015160496,2.130062399509435,0.4841098901516047,6.412221340050743,13.65843157377409,0.30319791933652884,2.3744953408408564,0.7359434311080617,3.9515442153038927,0.7359434311080588,0.8,self,,0.0,40.165703535079956,ok
C3,0.5,0.6,1.0,0.1,20,200,5,1.0,predictive,P1+P2,5.623413251903491,20,30.0,False,False,False,0.022173579514736516,0.031987928663448496,103.36523609733659,9.680120713365502,0.01290224871759465,7.383857882589169,2.9231191553277345,48.40060356682747,2.1356187419154513,0.4840060356682751,6.418625264990741,13.707736413246256,0.3023028097065541,2.367828476850222,0.7383857882589169,3.9667442566421887,0.738385788258917,0.8,self,,0.0,40.4239022731781,ok
C3,0.5,0.6,1.0,0.1,20,200,5,1.0,predictive,P1+P2,5.623413251903491,20,100.0,False,False,False,0.022223168415946536,0.03205889482182972,103.45328354569689,9.679411051781685,0.009757341627911571,7.392579350196232,2.918252256394172,48.397055258908296,2.1375945910811294,0.4839705525890842,6.420928090518814,13.7253411560139,0.3019854290009851,2.3654077762371513,0.7392579350196232,3.9729702184148916,0.7392579350196165,0.8,self,,0.0,40.188924074172974,ok
C3,0.5,0.6,1.0,0.1,20,200,5,1.0,predictive,P1+P2,5.623413251903491,20,300.0,False,False,False,0.02223719053339858,0.03207897198712281,103.4785879865123,9.679210280128705,0.008854380119643648,7.395087064696223,2.916848275055428,48.396051400643564,2.1381617919584293,0.48396051400643525,6.421591757609707,13.73040213967625,0.3018943858239884,2.3647082066609326,0.7395087064696223,3.9748429471579834,0.7395087064696226,0.8,self,,0.0,39.6088342666626,ok
C3,0.5,0.6,1.0,0.1,20,200,5,1.0,predictive,P1+P2,5.623413251903491,20,1000.0,False,False,False,0.022242082068214965,0.032085976902125155,103.4874597109166,9.679140230978726,0.008537875516440472,7.3959664086929156,2.916355484811918,48.39570115489345,2.138360582476087,0.48395701154893633,6.421824636645747,13.732176670577084,0.3018624831948724,2.3644625365676055,0.7395966408692916,3.9755085490153848,0.7395966408692914,0.8,self,,0.0,40.27345061302185,ok
C3,0.5,0.6,1.0,0.1,20,200,5,1.0,predictive,P1+P2 (protect),5.623413251903491,5,3.0,True,True,False,0.025889772728026554,0.037214052674828496,106.22095868284241,9.627859473251712,0.04589389119544921,6.5506213473251975,3.7756252882276407,48.139297366258575,2.2065332170239356,0.4813929736625856,6.0931383300475055,13.444712121171573,0.01599667119353736,0.02467167717898596,0.6550621347325198,3.43231424558563,0.65506213473252,0.8,self,,0.0,1.0981643199920654,ok
C3,0.5,0.6,1.0,0.1,20,200,5,1.0,predictive,P1+P2 (protect),5.623413251903491,5,10.0,True,True,False,0.026489549135665827,0.03806223047125266,107.00511305915772,9.619377695287477,0.019091153418600085,6.64323294658601,3.7182982047079127,48.0968884764374,2.2247824432879764,0.4809688847643739,6.118723084248988,13.612827693178007,0.015607631883876148,0.024117891300583904,0.6643232946586011,3.4945427425165976,0.6643232946586016,0.8,self,,0.0,1.069270133972168,ok
C3,0.5,0.6,1.0,0.1,20,200,5,1.0,predictive,P1+P2 (protect),5.623413251903491,5,30.0,True,True,False,0.026650329389175404,0.03829045983874937,107.24264598753498,9.617095401612504,0.011072043341436006,6.671943863164739,3.6998886918813203,48.08547700806244,2.230250226478022,0.4808547700806252,6.126850702884255,13.664410167704638,0.015439328761071541,0.02386066943982596,0.667194386316474,3.5208391055937254,0.6671943863164753,0.8,self,,0.0,1.0342352390289307,ok
C3,0.5,0.6,1.0,0.1,20,200,5,1.0,predictive,P1+P2 (protect),5.623413251903491,5,100.0,True,True,False,0.02670461054645398,0.03836763727733645,107.32691485121536,9.616323627226596,0.008224008599271812,6.682218028792326,3.693234335381807,48.08161813613316,2.2321818402064046,0.48081618136132975,6.129780929481886,13.682785675233003,0.015374200383510277,0.023759785094486865,0.6682218028792326,3.531213411850553,0.6682218028792324,0.8,self,,0.0,1.131429672241211,ok
C3,0.5,0.6,1.0,0.1,20,200,5,1.0,predictive,P1+P2 (protect),5.623413251903491,5,300.0,True,True,False,0.026719901444584162,0.03838939110607447,107.35108751659354,9.616106088939247,0.007406234660668901,6.685174261529612,3.691313414870472,48.08053044469616,2.232735090975595,0.48080530444696234,6.130626143833913,13.688064120990372,0.015354997301608334,0.023729919254831696,0.6685174261529613,3.5342981247100043,0.66851742615296,0.8,self,,0.0,1.1325774192810059,ok
C3,0.5,0.6,1.0,0.1,20,200,5,1.0,predictive,P1+P2 (protect),5.623413251903491,5,1000.0,True,True,False,0.026725229358901124,0.03839697236584999,107.35955758362708,9.616030276341494,0.007119584391750626,6.686211097975043,3.6906390412917123,48.080151381707545,2.2329288593811047,0.4808015138170747,6.130922804719298,13.689914465295466,0.015348213572171225,0.023719356382972023,0.6686211097975043,3.5353907863906895,0.6686211097975033,0.8,self,,0.0,1.123992919921875,ok
C3,0.5,0.6,1.0,0.1,20,200,5,1.0,predictive,P1+P2 (protect),5.623413251903491,10,3.0,True,True,False,0.025066930320391312,0.0360467791034843,105.2926754041031,9.639532208965193,0.05008691892379169,6.549982499615866,3.7603983724951497,48.19766104482566,2.1846013503887023,0.4819766104482596,6.098232747998486,13.322207496262099,0.11166893551624131,0.3697749687321865,0.6549982499615866,3.3217563862583916,0.654998249961588,0.8,self,,0.0,1.2814090251922607,ok
C3,0.5,0.6,1.0,0.1,20,200,5,1.0,predictive,P1+P2 (protect),5.623413251903491,10,10.0,True,True,False,0.025755837640541592,0.03702698380174693,106.26469735360493,9.6297301619825,0.02144372601494563,6.65853496824218,3.6902911437603736,48.148650809912546,2.207012980968676,0.481486508099125,6.128899370926135,13.52656047068473,0.11048440003372353,0.3645606733196046,0.665853496824218,3.376877541518479,0.66585349682422,0.8,self,,0.0,1.429520845413208,ok
C3,0.5,0.6,1.0,0.1,20,200,5,1.0,predictive,P1+P2 (protect),5.623413251903491,10,30.0,True,True,False,0.025941186313613595,0.03729160988685585,106.55454026938169,9.627083901131419,0.012978706290866098,6.691409363016181,3.668528029561534,48.135419505657225,2.2136410436156813,0.48135419505657095,6.138354937848958,13.588114430703438,0.11005271422899009,0.362483740434405,0.6691409363016181,3.4009847223146332,0.669140936301617,0.8,self,,0.0,1.3368778228759766,ok
C3,0.5,0.6,1.0,0.1,20,200,5,1.0,predictive,P1+P2 (protect),5.623413251903491,10,100.0,True,True,False,0.026003972396673236,0.03738138372050141,106.65692840806513,9.626186162794978,0.009983685895539494,6.703093657872533,3.660736493436949,48.13093081397472,2.2159747714061973,0.4813093081397489,6.141734826708374,13.60992942865257,0.1098906040201265,0.36169076967825176,0.6703093657872534,3.4105706846216086,0.6703093657872545,0.8,self,,0.0,1.287933588027954,ok
C3,0.5,0.6,1.0,0.1,20,200,5,1.0,predictive,P1+P2 (protect),5.623413251903491,10,300.0,True,True,False,0.02602168449158228,0.03740672308274593,106.68625859756854,9.625932769172522,0.00912480144030602,6.706448143653403,3.6584942857337692,48.129663845862616,2.216642504282515,0.4812966384586261,6.142707021311606,13.616185474793948,0.109843204828073,0.36145784171788903,0.6706448143653403,3.413427870812208,0.6706448143653376,0.8,self,,0.0,1.2789433002471924,ok
C3,0.5,0.6,1.0,0.1,20,200,5,1.0,predictive,P1+P2 (protect),5.623413251903491,10,1000.0,True,True,False,0.026027858914452428,0.03741555788116446,106.6965317164176,9.625844421188342,0.008823856149531612,6.707623876300122,3.6577078463620043,48.1292221059418,2.216876297762672,0.4812922210594171,6.143047966550773,13.618377433065588,0.10982650013213016,0.36137564520375004,0.6707623876300123,3.4144406516025954,0.6707623876300121,0.8,self,,0.0,1.326563835144043,ok
C3,0.5,0.6,1.0,0.1,20,200,5,1.0,predictive,P1+P2 (protect),5.623413251903491,15,3.0,True,True,False,0.023242635121378093,0.03346843190672665,103.15317702197514,9.665315680932737,0.07055557221080773,6.859028275785524,3.405100471070931,48.32657840466367,2.1345019744253304,0.4832657840466369,6.228739331270823,13.295256400778284,0.21197287247426008,1.1706815685090481,0.6859028275785524,2.8423895086640254,0.6859028275785541,0.8,self,,0.0,2.528156042098999,ok
C3,0.5,0.6,1.0,0.1,20,200,5,1.0,predictive,P1+P2 (protect),5.623413251903491,15,10.0,True,True,False,0.023923709513990272,0.03444058649876927,104.26145115747983,9.655594135012318,0.03556324224001859,6.9648135785833185,3.3440290441643445,48.27797067506142,2.159607160359318,0.48277970675061593,6.256963532848129,13.512583247645955,0.20852006316687408,1.155716167249014,0.6964813578583319,2.90433309799534,0.6964813578583342,0.8,self,,0.0,2.6028103828430176,ok
C3,0.5,0.6,1.0,0.1,20,200,5,1.0,predictive,P1+P2 (protect),5.623413251903491,15,30.0,True,True,False,0.02410709262291258,0.034703207777031994,104.59152993397993,9.652967922229676,0.025362153805613945,6.99647906759374,3.32519085637097,48.26483961114833,2.1670336165339936,0.4826483961114838,6.265580476786508,13.57772352029545,0.2075184623772765,1.1507075394362003,0.699647906759374,2.9296750008429835,0.699647906759375,0.8,self,,0.0,2.522305965423584,ok
C3,0.5,0.6,1.0,0.1,20,200,5,1.0,predictive,P1+P2 (protect),5.623413251903491,15,100.0,True,True,False,0.024169232397377848,0.03479232539112993,104.70813508351577,9.652076746088701,0.021768219355348593,7.007694758111392,3.318460276444558,48.26038373044355,2.1696498657855456,0.48260383730443507,6.268651539217085,13.600778970718704,0.20716893209483425,1.1488767715392896,0.7007694758111392,2.9395774106211245,0.700769475811141,0.8,self,,0.0,2.4619271755218506,ok
C3,0.5,0.6,1.0,0.1,20,200,5,1.0,predictive,P1+P2 (protect),5.623413251903491,15,300.0,True,True,False,0.024186764247077084,0.03481748210860606,104.74153980432763,9.651825178913908,0.02073907048827933,7.010911022700566,3.3165247278972463,48.259125894569614,2.1703986108897535,0.48259125894569543,6.2695340425163195,13.607387976803441,0.20706927575657808,1.148346363253059,0.7010911022700567,2.9425124872361983,0.7010911022700563,0.8,self,,0.0,2.5275142192840576,ok
C3,0.5,0.6,1.0,0.1,20,200,5,1.0,predictive,P1+P2 (protect),5.623413251903491,15,1000.0,True,True,False,0.02419287606684179,0.03482625351329497,104.75324031865401,9.65173746486706,0.020378623271287942,7.0120379226216585,3.3158459892399943,48.25868732433524,2.1706607893130663,0.482586873243353,6.269843443054532,13.609703316970103,0.20703442225503127,1.1481599518082881,0.7012037922621659,2.943551158096211,0.7012037922621662,0.8,self,,0.0,2.7956743240356445,ok
C3,0.5,0.6,1.0,0.1,20,200,5,1.0,predictive,P1+P2 (protect),5.623413251903491,20,3.0,True,True,False,0.019979438548619513,0.028824277383081433,99.20922564685873,9.711757226169166,0.09661977737688424,7.911103516304425,2.2805194801495254,48.558786130846,2.043074663759728,0.48558786130845827,6.647639444294117,13.581623722447107,0.3003703573013658,2.2805194801494686,0.7911103516304425,2.1436668174765465,0.7911103516304467,0.8,self,,0.0,7.835086822509766,ok
C3,0.5,0.6,1.0,0.1,20,200,5,1.0,predictive,P1+P2 (protect),5.623413251903491,20,10.0,True,True,False,0.02066199238470408,0.02980198717913136,100.44711606270884,9.7019801282087,0.05361014559414974,7.990493353884973,2.2539163723121782,48.50990064104324,2.0706518614825318,0.48509900641043496,6.664109985321871,13.79905174623106,0.2963160130935608,2.2539163723121804,0.7990493353884973,2.1929466005605582,0.7990493353884981,0.8,self,,0.0,8.11018681526184,ok
C3,0.5,0.6,1.0,0.1,20,200,5,1.0,predictive,P1+P2 (protect),5.623413251903491,20,30.0,True,True,False,0.020847258180731958,0.03006813360990292,100.81615948945337,9.699318663900867,0.041128924062893486,8.01394998746696,2.24560242456928,48.49659331950488,2.0788297195486933,0.48496593319504333,6.669112939262775,13.863950181166198,0.29514839250945163,2.245602424569157,0.8013949987466961,2.213221876894393,0.8013949987466965,0.8,self,,0.0,8.219355583190918,ok
C3,0.5,0.6,1.0,0.1,20,200,5,1.0,predictive,P1+P2 (protect),5.623413251903491,20,100.0,True,True,False,0.02091024045620308,0.030158725151051762,100.94658975172258,9.698412748489487,0.03673646298425184,8.022224097426502,2.2426266910997597,48.49206374244744,2.0817136240658525,0.48492063742447433,6.670892346539185,13.886887482467246,0.2947422335887486,2.242626691099703,0.8022224097426502,2.221143600558294,0.8022224097426554,0.8,self,,0.0,8.235198020935059,ok
C3,0.5,0.6,1.0,0.1,20,200,5,1.0,predictive,P1+P2 (protect),5.623413251903491,20,300.0,True,True,False,0.02092803136374135,0.03018432689915375,100.98396176041322,9.698156731008432,0.035479047555170305,8.024593576591545,2.2417706448448524,48.490783655042186,2.082539281666418,0.4849078365504216,6.671403308031315,13.893459452814499,0.2946265858108015,2.241770644844839,0.8024593576591545,2.2234910642770567,0.8024593576591541,0.8,self,,0.0,7.942855596542358,ok
C3,0.5,0.6,1.0,0.1,20,200,5,1.0,predictive,P1+P2 (protect),5.623413251903491,20,1000.0,True,True,False,0.02093423581077016,0.03019325661260914,100.99705262206808,9.698067433873888,0.03503869190804129,8.02542344371429,2.2414704305037807,48.49033716936955,2.0828284255747773,0.4849033716936944,6.6715824085857545,13.895761484167048,0.2945861573601623,2.2414704305037354,0.802542344371429,2.224321717543234,0.8025423443714307,0.8,self,,0.0,7.970987558364868,ok
C3,0.5,0.6,1.0,0.1,20,200,5,1.0,predictive,NoCancel,14.677992676220706,0,1.0,False,False,True,0.025104323776888805,0.03608520774900245,104.91419466160562,9.639147922509922,0.05471117049203888,8.030501597896105,2.275639309101934,48.195739612549744,2.176835452781119,0.4819573961254961,6.6557770102112155,14.488531361633292,0.0,0.0,0.8030501597896106,0.0,0.8030501597896083,0.8,self,,0.0,13.630456447601318,ok
C3,0.5,0.6,1.0,0.1,20,200,5,1.0,predictive,P2 only,14.677992676220706,0,3.0,False,False,False,0.026673040851469085,0.03832323224491215,107.3253275076751,9.616767677550872,0.01813293070016155,6.677969792456121,3.6871295992928457,48.08383838775448,2.2320457581233293,0.4808383838775436,6.130585965544017,13.683748399202939,0.0,0.0,0.6677969792456122,3.499241726443084,0.6677969792456123,0.8,self,,0.0,1.0521008968353271,ok
C3,0.5,0.6,1.0,0.1,20,200,5,1.0,predictive,P2 only,14.677992676220706,0,10.0,False,False,False,0.02682604617981591,0.03854051400961253,107.56378027021206,9.614594859903828,0.008122898108930666,6.707561014908166,3.6697212270790747,48.072974299519245,2.2375104065755247,0.48072974299519144,6.1386365941504115,13.73526326159688,0.0,0.0,0.6707561014908167,3.533698510813072,0.6707561014908133,0.8,self,,0.0,1.093623161315918,ok
C3,0.5,0.6,1.0,0.1,20,200,5,1.0,predictive,P2 only,14.677992676220706,0,30.0,False,False,False,0.026867564162673357,0.03859963131051293,107.63356679398753,9.61400368689484,0.005198069346218018,6.716328216849343,3.664470026909599,48.07001843447428,2.239099761126702,0.480700184344742,6.141050811237411,13.750425404508627,0.0,0.0,0.6716328216849343,3.5450853209557254,0.6716328216849329,0.8,self,,0.0,1.0779855251312256,ok
C3,0.5,0.6,1.0,0.1,20,200,5,1.0,predictive,P2 only,14.677992676220706,0,100.0,False,False,False,0.026881815072716343,0.038619942118158106,107.65814562845044,9.61380057881842,0.004167304460540615,6.71942841942005,3.662603697300989,48.06900289409221,2.2396583899534535,0.480690028940921,6.141907532636345,13.755774735787304,0.0,0.0,0.671942841942005,3.5492499021148625,0.6719428419420037,0.8,self,,0.0,1.0241765975952148,ok
C3,0.5,0.6,1.0,0.1,20,200,5,1.0,predictive,P2 only,14.677992676220706,0,300.0,False,False,False,0.026885858610903153,0.03862570697293896,107.66518216289069,9.613742930270606,0.003872118287524897,6.720317175065686,3.6620677763761833,48.068714651352984,2.2398182049134583,0.4806871465135303,6.142153421824585,13.757307051574196,0.0,0.0,0.6720317175065686,3.550457387653016,0.6720317175065681,0.8,self,,0.0,1.059391975402832,ok
C3,0.5,0.6,1.0,0.1,20,200,5,1.0,predictive,P2 only,14.677992676220706,0,1000.0,False,False,False,0.026887270842265595,0.038627720586161846,107.66764639940442,9.613722794138393,0.0037687312339376973,6.7206285516438165,3.6618799229838523,48.06861397069182,2.239874161236499,0.48068613970691965,6.142239599528797,13.757843771108176,0.0,0.0,0.6720628551643817,3.5508818757234444,0.6720628551643795,0.8,self,,0.0,1.016465425491333,ok
C3,0.5,0.6,1.0,0.1,20,200,5,1.0,predictive,P1 only,14.677992676220706,5,1.0,False,False,False,0.026183844114858027,0.03763340351469814,106.69303464132459,9.623665964853027,0.044990469585446224,6.603697830749095,3.727645734812432,48.11832982426517,2.2173054432891246,0.4811832982426513,6.111313549923326,13.550648799891576,0.01568339328679325,0.024156386370728047,0.6603697830749096,3.436552513480018,0.6603697830749086,0.8,self,,0.0,1.202002763748169,ok
C3,0.5,0.6,1.0,0.1,20,200,5,1.0,predictive,P1 only,14.677992676220706,10,1.0,False,False,False,0.025725145886676973,0.03699712344137862,106.39738159330118,9.630028765586191,0.045202632757958584,6.634839125672107,3.6899294759837433,48.15014382793087,2.2097001822782163,0.4815014382793096,6.125462201273897,13.535434942693254,0.10945563877625242,0.3609204465006019,0.6634839125672107,3.480488654279263,0.6634839125672086,0.8,self,,0.0,1.9077820777893066,ok
C3,0.5,0.6,1.0,0.1,20,200,5,1.0,predictive,P1 only,14.677992676220706,15,1.0,False,False,False,0.024262249319229053,0.03494443055327865,105.23365500614183,9.650555694467231,0.04642766074416653,6.81464864376935,3.4883680010192526,48.25277847233595,2.180882807950093,0.48252778472336155,6.201061050222144,13.523787435478422,0.21116270065446077,1.1645320535283628,0.681464864376935,3.6282874316114424,0.6814648643769344,0.8,self,,0.0,7.665474891662598,ok
C3,0.5,0.6,1.0,0.1,20,200,5,1.0,predictive,P1 only,14.677992676220706,20,1.0,False,False,False,0.021736287119708347,0.031371855650637444,102.85107705170059,9.686281443493641,0.04984542767566057,7.316308223664365,2.9475649051663337,48.43140721746818,2.123644200340402,0.48431407217468203,6.403878193396564,13.599558785092986,0.3042001744734452,2.366706768753248,0.7316308223664365,3.893729376209708,0.7316308223664345,0.8,self,,0.0,39.95120310783386,ok
C3,0.5,0.6,1.0,0.1,20,200,5,1.0,predictive,P1 only (protect),14.677992676220706,5,1.0,True,True,False,0.02582946714484467,0.03714057010697461,106.47116412454561,9.628594298930237,0.04529522016920909,6.582743498236881,3.7433669826636735,48.14297149465117,2.2115619543005334,0.4814297149465118,6.105356843106424,13.502374911642578,0.015754162109009547,0.024280312036621128,0.6582743498236882,3.4418257812011515,0.6582743498236872,0.8,self,,0.0,1.1442086696624756,ok
C3,0.5,0.6,1.0,0.1,20,200,5,1.0,predictive,P1 only (protect),14.677992676220706,10,1.0,True,True,False,0.024851971147637947,0.03574261631279481,105.18802008075757,9.64257383687204,0.051813730186236286,6.54281857326308,3.7627938596786428,48.21286918436031,2.1817415528316935,0.482128691843602,6.0970723941278555,13.302236192891758,0.11139302167694681,0.3689018606026413,0.6542818573263081,3.342012770534808,0.6542818573263083,0.8,self,,0.0,1.2820510864257812,ok
C3,0.5,0.6,1.0,0.1,20,200,5,1.0,predictive,P1 only (protect),14.677992676220706,15,1.0,True,True,False,0.023091027302005847,0.033252415007228316,102.93058757987791,9.667475849927722,0.0772656474344213,6.838130083665365,3.4171284189724913,48.33737924963853,2.1294201129170163,0.4833737924963861,6.2232079217857645,13.251824115515113,0.21267047489068774,1.173253953652739,0.6838130083665366,2.8376551585741,0.6838130083665375,0.8,self,,0.0,2.643690347671509,ok
C3,0.5,0.6,1.0,0.1,20,200,5,1.0,predictive,P1 only (protect),14.677992676220706,20,1.0,True,True,False,0.019831526302155986,0.028612765258914884,98.95679082199445,9.713872347410867,0.10568271532652014,7.894750943814533,2.28569399344808,48.569361737054244,2.0374323911796215,0.48569361737054334,6.644330937420005,13.537375069616376,0.3012156697390628,2.285693993448094,0.7894750943814534,2.1363885348715517,0.7894750943814537,0.8,self,,0.0,7.938351392745972,ok
C3,0.5,0.6,1.0,0.1,20,200,5,1.0,predictive,P1+P2,14.677992676220706,5,3.0,False,False,False,0.02665146721783936,0.0382940442331892,107.31529649524845,9.617059557668094,0.01813553765454614,6.678650628543768,3.6861542761335913,48.085297788340334,2.2317694062668387,0.4808529778834047,6.130952275480349,13.682871719699103,0.0154417949794813,0.023848329774091414,0.6678650628543769,3.5009512495385926,0.6678650628543726,0.8,self,,0.0,1.3293213844299316,ok
C3,0.5,0.6,1.0,0.1,20,200,5,1.0,predictive,P1+P2,14.677992676220706,5,10.0,False,False,False,0.02680472513905379,0.03851167906392785,107.55392223799377,9.614883209360686,0.008124607450854965,6.708215351406032,3.6687768317824268,48.07441604680352,2.2372382460825557,0.4807441604680343,6.138991410822693,13.734386376664837,0.015273911446965355,0.02359643337479948,0.6708215351406033,3.5352940987127104,0.670821535140601,0.8,self,,0.0,1.0795950889587402,ok
C3,0.5,0.6,1.0,0.1,20,200,5,1.0,predictive,P1+P2,14.677992676220706,5,30.0,False,False,False,0.026846334423954846,0.0385709229497975,107.6237668864435,9.614290770502025,0.005199519510391354,6.7169744194537815,3.663535290533802,48.071453852510125,2.2388290401336337,0.48071453852510126,6.1414020353268945,13.749549223825655,0.015217434904165971,0.023509631084416262,0.6716974419453782,3.5466464137385936,0.6716974419453775,0.8,self,,0.0,1.2265870571136475,ok
C3,0.5,0.6,1.0,0.1,20,200,5,1.0,predictive,P1+P2,14.677992676220706,5,100.0,False,False,False,0.026860619378981265,0.03859128086657455,107.64836700336163,9.614087191334269,0.0041686637120266655,6.720071720577868,3.661672424375836,48.07043595667125,2.239388199025104,0.4807043595667134,6.142257468210194,13.754898889683721,0.01519676612568617,0.023477670977882035,0.6720071720577869,3.550798733828353,0.6720071720577852,0.8,self,,0.0,1.2583153247833252,ok
C3,0.5,0.6,1.0,0.1,20,200,5,1.0,predictive,P1+P2,14.677992676220706,5,300.0,False,False,False,0.02686467284574276,0.0385970594514218,107.65540970873714,9.61402940548579,0.003873451547246038,6.7209596421699045,3.6611375007970604,48.07014702742876,2.239548167957737,0.48070147027428944,6.142502986325228,13.756431309699593,0.015190774463298392,0.02346838819538839,0.6720959642169905,3.5520026988019406,0.6720959642169893,0.8,self,,0.0,1.1036345958709717,ok
C3,0.5,0.6,1.0,0.1,20,200,5,1.0,predictive,P1+P2,14.677992676220706,5,1000.0,False,False,False,0.026866088573346693,0.03859907789866878,107.65787611458353,9.614009221013339,0.0037700553948693694,6.7212707263014755,3.6609499972903166,48.07004610506638,2.2396041784373666,0.48070046105066694,6.142589033847841,13.756968066629172,0.015188668303726574,0.023465123295701294,0.6721270726301476,3.5524259528644095,0.6721270726301485,0.8,self,,0.0,1.118027925491333,ok
C3,0.5,0.6,1.0,0.1,20,200,5,1.0,predictive,P1+P2,14.677992676220706,10,3.0,False,False,False,0.026192755505970333,0.03765812536498106,107.02302499425369,9.623418746350191,0.018235003090520556,6.708870877665825,3.6494753728934635,48.11709373175093,2.224220473308275,0.4811709373175096,6.144727850714726,13.667229488467248,0.10943042448631426,0.36011335247032816,0.6708870877665825,3.540364467839275,0.6708870877665815,0.8,self,,0.0,1.756572961807251,ok
C3,0.5,0.6,1.0,0.1,20,200,5,1.0,predictive,P1+P2,14.677992676220706,10,10.0,False,False,False,0.026347504336003986,0.03787793864567245,107.26382274574651,9.621220613543263,0.008181993669402372,6.737978914525835,3.6326184782614996,48.10610306771628,2.2297341897504603,0.48106103067716316,6.152577598151312,13.71861262569075,0.10929408071835908,0.3590093767164251,0.6737978914525835,3.5726862069624876,0.6737978914525813,0.8,self,,0.0,2.071178674697876,ok
C3,0.5,0.6,1.0,0.1,20,200,5,1.0,predictive,P1+P2,14.677992676220706,10,30.0,False,False,False,0.026389709474700696,0.03793803705619012,107.33439469964983,9.62061962943809,0.005244654300493772,6.746593647841531,3.6275420684198845,48.103098147190465,2.231340575428588,0.48103098147190454,6.154927979065931,13.733740538530492,0.10924058819722637,0.35860561635026217,0.6746593647841532,3.5834142604084103,0.6746593647841511,0.8,self,,0.0,1.8200411796569824,ok
C3,0.5,0.6,1.0,0.1,20,200,5,1.0,predictive,P1+P2,14.677992676220706,10,100.0,False,False,False,0.02640422164439429,0.03795871952936876,107.35926091011561,9.62041280470631,0.004209487644733542,6.749638969799809,3.625738737849147,48.10206402353155,2.2319054928203377,0.48102064023531554,6.155761676077611,13.739078297330547,0.10922026003553004,0.3584547961451449,0.6749638969799809,3.5873430884765964,0.6749638969799765,0.8,self,,0.0,1.8636143207550049,ok
C3,0.5,0.6,1.0,0.1,20,200,5,1.0,predictive,P1+P2,14.677992676220706,10,300.0,False,False,False,0.026408341831747773,0.03796459330314984,107.36638075105283,9.620354066968503,0.003913041665088012,6.750511900753793,3.6252209906126165,48.10177033484234,2.232067136067181,0.48101770334842514,6.156000921787372,13.740607347120866,0.10921429636858299,0.35841079190914327,0.6750511900753793,3.58848272026119,0.6750511900753794,0.8,self,,0.0,1.863370656967163,ok
C3,0.5,0.6,1.0,0.1,20,200,5,1.0,predictive,P1+P2,14.677992676220706,10,1000.0,False,False,False,0.026409781101660992,0.03796664532584461,107.36887427114581,9.620333546741564,0.0038092134539399725,6.750817723511019,3.625039516293477,48.10166773370779,2.2321237356164647,0.4810166773370782,6.156084767434213,13.74114292785687,0.10921219264311943,0.3583952942976057,0.6750817723511019,3.5888834074092166,0.6750817723510998,0.8,self,,0.0,1.7769083976745605,ok
C3,0.5,0.6,1.0,0.1,20,200,5,1.0,predictive,P1+P2,14.677992676220706,15,3.0,False,False,False,0.02472328409774183,0.03559721197667417,105.86709961085194,9.644027880233258,0.01879595718132263,6.887117450828172,3.450058711757247,48.22013940116613,2.1954955113276116,0.4822013940116629,6.219620163961097,13.655148152139292,0.20939757553545077,1.1609697986229175,0.6887117450828173,3.678337937472664,0.6887117450828188,0.8,self,,0.0,7.902915000915527,ok
C3,0.5,0.6,1.0,0.1,20,200,5,1.0,predictive,P1+P2,14.677992676220706,15,10.0,False,False,False,0.02487804576420245,0.035817313795795246,106.11241665816819,9.641826862042047,0.00849437743176962,6.915385594006226,3.4342931665199576,48.209134310210025,2.2010852958978573,0.48209134310210233,6.227096968841107,13.70637157424628,0.20872982933316145,1.1587288978660584,0.6915385594006227,3.7061635707968072,0.6915385594006194,0.8,self,,0.0,7.732602834701538,ok
C3,0.5,0.6,1.0,0.1,20,200,5,1.0,predictive,P1+P2,14.677992676220706,15,30.0,False,False,False,0.024920532182506033,0.03587787214075293,106.1844737115241,9.641221278592491,0.0054843928020955925,6.923728479112993,3.4295658494924197,48.20610639296237,2.2027183204953062,0.48206106392962456,6.229327023105547,13.721452758151077,0.20853637891630536,1.1579883992610043,0.6923728479112994,3.7154775768784636,0.6923728479113005,0.8,self,,0.0,7.698426246643066,ok
C3,0.5,0.6,1.0,0.1,20,200,5,1.0,predictive,P1+P2,14.677992676220706,15,100.0,False,False,False,0.024935173923272772,0.035898757844658215,106.2098807643043,9.641012421553425,0.0044236267181262685,6.926675216952712,3.4278887347757365,48.205062107767006,2.2032931007714915,0.48205062107767127,6.230117115429625,13.726774057424478,0.20846849702880008,1.157718763041557,0.6926675216952712,3.718896814298535,0.6926675216952675,0.8,self,,0.0,7.942068576812744,ok
C3,0.5,0.6,1.0,0.1,20,200,5,1.0,predictive,P1+P2,14.677992676220706,15,300.0,False,False,False,0.02493933415340643,0.0359046937861266,106.21715715938417,9.64095306213874,0.004119849997573879,6.9275196510207175,3.4274074368429686,48.20476531069367,2.2034576140923794,0.482047653106937,6.230343759414946,13.728298395095802,0.20844908834856407,1.1576407282115917,0.6927519651020718,3.7198894191899425,0.6927519651020687,0.8,self,,0.0,7.7907874584198,ok
C3,0.5,0.6,1.0,0.1,20,200,5,1.0,predictive,P1+P2,14.677992676220706,15,1000.0,False,False,False,0.024940787757744762,0.03590676800098328,106.21970568716938,9.640932319990133,0.004013454279070833,6.927815465120971,3.427238760609825,48.20466159995086,2.2035152236662037,0.48204661599950666,6.230423179369979,13.72883232562454,0.20844229394474129,1.157613311430354,0.6927815465120971,3.7202384956745287,0.6927815465120973,0.8,self,,0.0,7.83061671257019,ok
C3,0.5,0.6,1.0,0.1,20,200,5,1.0,predictive,P1+P2,14.677992676220706,20,3.0,False,False,False,0.02217924352157889,0.03200085784883129,103.50022184559494,9.679991421511692,0.020343849132142097,7.386374112469629,2.9132906168865365,48.399957107558336,2.138436230750955,0.4839995710755846,6.421201441704318,13.731329807890779,0.3017718301335753,2.354061170271641,0.7386374112469629,3.933810301284975,0.7386374112469567,0.8,self,,0.0,39.76409888267517,ok
C3,0.5,0.6,1.0,0.1,20,200,5,1.0,predictive,P1+P2,14.677992676220706,20,10.0,False,False,False,0.022330009568297726,0.03221579980651298,103.75321942624669,9.677842001934833,0.009347002421517342,7.41350923213065,2.899301763513,48.38921000967419,2.1441395593253927,0.48389210009674166,6.428114808566205,13.782775252932174,0.3008512857030756,2.34847174841954,0.7413509232130651,3.9570379022391466,0.7413509232130648,0.8,self,,0.0,40.01625204086304,ok
C3,0.5,0.6,1.0,0.1,20,200,5,1.0,predictive,P1+P2,14.677992676220706,20,30.0,False,False,False,0.02237166181631412,0.032275298332066986,103.8277044094871,9.67724701667932,0.006134098316781765,7.421501237057477,2.895117647946421,48.38623508339653,2.1458107709875325,0.483862350833966,6.4301711474110474,13.797930507407886,0.30058293553496684,2.346770496816027,0.7421501237057477,3.9648949253830343,0.742150123705744,0.8,self,,0.0,39.814927101135254,ok
C3,0.5,0.6,1.0,0.1,20,200,5,1.0,predictive,P1+P2,14.677992676220706,20,100.0,False,False,False,0.022386047119011376,0.03229586092813653,103.85398654856212,9.677041390718681,0.005001845367552022,7.424322459914424,2.8936343039993426,48.38520695359308,2.146399552412164,0.48385206953593407,6.430899136853809,13.80327902895079,0.30048850989525067,2.346164852650183,0.7424322459914424,3.9677874924371537,0.7424322459914389,0.8,self,,0.0,39.37362861633301,ok
C3,0.5,0.6,1.0,0.1,20,200,5,1.0,predictive,P1+P2,14.677992676220706,20,300.0,False,False,False,0.022390137559189973,0.0323017092351742,103.8615154056035,9.676982907648235,0.004677599024333453,7.425130779199729,2.893208714127703,48.38491453824127,2.146568127624076,0.48384914538241175,6.431107914189798,13.804811273910772,0.30046148438420833,2.3459908615949803,0.7425130779199729,3.968627974190319,0.7425130779199718,0.8,self,,0.0,39.58808898925781,ok
C3,0.5,0.6,1.0,0.1,20,200,5,1.0,predictive,P1+P2,14.677992676220706,20,1000.0,False,False,False,0.02239156710562205,0.03230375327412023,103.86415255199914,9.676962467258772,0.00456403421489563,7.4254139266774555,2.893059571848877,48.38481233629385,2.146627165361346,0.4838481233629386,6.431181067942612,13.805347985803204,0.30045202057803255,2.345929865757936,0.7425413926677455,3.968923632836336,0.7425413926677458,0.8,self,,0.0,39.772582054138184,ok
C3,0.5,0.6,1.0,0.1,20,200,5,1.0,predictive,P1+P2 (protect),14.677992676220706,5,3.0,True,True,False,0.026445476947778705,0.03800748391174213,107.18640011819794,9.619925160882554,0.01827440042140911,6.666726702057715,3.695073736638322,48.099625804412945,2.2284248229715753,0.4809962580441277,6.127577852870546,13.654846592027592,0.015468990432012143,0.023900811905507,0.6666726702057715,3.50106008669419,0.6666726702057729,0.8,self,,0.0,1.1040520668029785,ok
C3,0.5,0.6,1.0,0.1,20,200,5,1.0,predictive,P1+P2 (protect),14.677992676220706,5,10.0,True,True,False,0.02664993182056754,0.03829628507660679,107.45696796491116,9.617037149233921,0.008218413236431877,6.699380194885802,3.6753642426438446,48.08518574616947,2.2347208666750613,0.48085185746169606,6.136500568447313,13.713365868672586,0.015285265804822338,0.023622479875293072,0.6699380194885802,3.5336329152189867,0.669938019488576,0.8,self,,0.0,1.157400131225586,ok
C3,0.5,0.6,1.0,0.1,20,200,5,1.0,predictive,P1+P2 (protect),14.677992676220706,5,30.0,True,True,False,0.026705984810177507,0.038375606918920925,107.53581145304696,9.616243930810784,0.005281877819564486,6.709007939480258,3.6694662518893937,48.08121965405401,2.2365450008708336,0.4808121965405392,6.139159726445585,13.730506995729428,0.01522425020161293,0.023528072262977887,0.6709007939480258,3.5444864440126906,0.6709007939480287,0.8,self,,0.0,1.0761210918426514,ok
C3,0.5,0.6,1.0,0.1,20,200,5,1.0,predictive,P1+P2 (protect),14.677992676220706,5,100.0,True,True,False,0.026725301050577983,0.03840295882296987,107.56354486871577,9.61597041177032,0.004247171520419752,6.712407538641878,3.667374878067383,48.07985205885141,2.2371854376143725,0.480798520588516,6.140101652724926,13.736546002948145,0.015201992972431307,0.023493448169741128,0.6712407538641878,3.548465050463407,0.6712407538641898,0.8,self,,0.0,1.0837774276733398,ok
C3,0.5,0.6,1.0,0.1,20,200,5,1.0,predictive,P1+P2 (protect),14.677992676220706,5,300.0,True,True,False,0.02673078960507859,0.038410732331073616,107.57148116630216,9.61589267668925,0.0039508742541929966,6.713381657229445,3.6667747918271125,48.079463383446225,2.2373685893370236,0.48079463383446247,6.140371833888006,13.7382750679908,0.015195547530382783,0.023483404142139192,0.6713381657229446,3.549619468925442,0.6713381657229441,0.8,self,,0.0,1.2970757484436035,ok
C3,0.5,0.6,1.0,0.1,20,200,5,1.0,predictive,P1+P2 (protect),14.677992676220706,5,1000.0,True,True,False,0.02673270735426069,0.03841344864216626,107.57426015467641,9.615865513578346,0.0038470999016736685,6.713722891761006,3.666564494758975,48.079327567891625,2.237432709573017,0.4807932756789173,6.140466508212108,13.738880617511379,0.015193282556036912,0.023479872798916182,0.6713722891761007,3.5500253908730985,0.6713722891760983,0.8,self,,0.0,1.1048455238342285,ok
C3,0.5,0.6,1.0,0.1,20,200,5,1.0,predictive,P1+P2 (protect),14.677992676220706,10,3.0,True,True,False,0.025621231829491248,0.03683618718951209,106.21725580816053,9.631638128104887,0.021866165490645552,6.656625770423228,3.689869935981239,48.15819064052429,2.2055906668300063,0.48158190640524434,6.128994205109304,13.518052415844275,0.11026010354653888,0.3640399052771808,0.6656625770423229,3.3908123643297494,0.6656625770423201,0.8,self,,0.0,1.3060882091522217,ok
C3,0.5,0.6,1.0,0.1,20,200,5,1.0,predictive,P1+P2 (protect),14.677992676220706,10,10.0,True,True,False,0.02587680227462497,0.037200762559786736,106.59623791343003,9.62799237440213,0.01095429617135834,6.699206967766393,3.6618463616601193,48.139961872010645,2.2142983452466507,0.4813996187201065,6.141171566433225,13.598386037428872,0.10973492664501663,0.36148388375891904,0.6699206967766393,3.419443129539528,0.6699206967766361,0.8,self,,0.0,1.275775671005249,ok
C3,0.5,0.6,1.0,0.1,20,200,5,1.0,predictive,P1+P2 (protect),14.677992676220706,10,30.0,True,True,False,0.025947207728635492,0.037301372782316426,106.70582933045723,9.626986272176817,0.007791207175734533,6.711610778694646,3.653611741952803,48.13493136088424,2.2168065127266248,0.4813493136088408,6.144743322031013,13.621707015311785,0.10957071321259133,0.3606643643981963,0.6711610778694647,3.429130372907099,0.6711610778694636,0.8,self,,0.0,1.3756613731384277,ok
C3,0.5,0.6,1.0,0.1,20,200,5,1.0,predictive,P1+P2 (protect),14.677992676220706,10,100.0,True,True,False,0.025971520977383342,0.037336137556424245,106.74429706443232,9.62663862443577,0.006679170638086438,6.715975240119149,3.6507069648069943,48.13319312217873,2.2176857619538826,0.4813319312217885,6.1460027015412635,13.629902684138157,0.10951169560803307,0.3603680276026051,0.671597524011915,3.432696034507704,0.6715975240119145,0.8,self,,0.0,1.3643083572387695,ok
C3,0.5,0.6,1.0,0.1,20,200,5,1.0,predictive,P1+P2 (protect),14.677992676220706,10,300.0,True,True,False,0.025978434757223803,0.03734602542110371,106.75529760571406,9.626539745788966,0.0063609681431733255,6.717224378922,3.6498749071458607,48.13269872894477,2.217937086945769,0.4813269872894483,6.1463633936903115,13.632247320711599,0.1094946845199188,0.36028244965004447,0.6717224378922001,3.4337319999555103,0.6717224378921971,0.8,self,,0.0,1.2574520111083984,ok
C3,0.5,0.6,1.0,0.1,20,200,5,1.0,predictive,P1+P2 (protect),14.677992676220706,10,1000.0,True,True,False,0.025980851074529836,0.037349481379266976,106.75914879245157,9.62650518620731,0.0062495468929315064,6.7176618014159155,3.6495834654838424,48.132525931036554,2.2180250615854695,0.4813252593103655,6.146489726791064,13.633068254800206,0.10948871492685588,0.36025240158319627,0.6717661801415916,3.434096413518852,0.6717661801415906,0.8,self,,0.0,1.2981958389282227,ok
C3,0.5,0.6,1.0,0.1,20,200,5,1.0,predictive,P1+P2 (protect),14.677992676220706,15,3.0,True,True,False,0.02384243250987403,0.03432432534231125,104.12885395021864,9.656756746576885,0.03925682667567982,6.952392287126129,3.351594139621306,48.28378373288451,2.156600951704203,0.4828378373288443,6.253563722707772,13.486441475934459,0.20891377742786896,1.157556733391616,0.6952392287126129,2.8990375508581328,0.695239228712613,0.8,self,,0.0,2.7293436527252197,ok
C3,0.5,0.6,1.0,0.1,20,200,5,1.0,predictive,P1+P2 (protect),14.677992676220706,15,10.0,True,True,False,0.02409086797544575,0.034679944441319215,104.56954503374183,9.653200555586789,0.025652174940762502,6.994619716958311,3.326527552514138,48.266002777933934,2.166525898464261,0.4826600277793395,6.265034288912044,13.573359041694566,0.207570838291873,1.1509567395811555,0.6994619716958311,2.9314555530527153,0.6994619716958341,0.8,self,,0.0,2.426940441131592,ok
C3,0.5,0.6,1.0,0.1,20,200,5,1.0,predictive,P1+P2 (protect),14.677992676220706,15,30.0,True,True,False,0.02415914649142493,0.034777852917210667,104.69702768672836,9.652221470827882,0.021733161772226596,7.006873646497951,3.3191717209019402,48.26110735413943,2.1693871820731925,0.4826110735413941,6.26838932271004,13.598563448931621,0.20718825591218668,1.1489625134269579,0.7006873646497951,2.9421122762885394,0.7006873646497942,0.8,self,,0.0,2.6524910926818848,ok
C3,0.5,0.6,1.0,0.1,20,200,5,1.0,predictive,P1+P2 (protect),14.677992676220706,15,100.0,True,True,False,0.02418270590722571,0.034811656672990667,104.74178482635966,9.651883433270092,0.020358033408488668,7.011180657321869,3.3165778759995503,48.25941716635038,2.1703905885418044,0.4825941716635046,6.269571364821319,13.607418684399386,0.20705468950007533,1.1482532984530645,0.7011180657321869,2.9460027468080203,0.7011180657321876,0.8,self,,0.0,2.4952330589294434,ok
C3,0.5,0.6,1.0,0.1,20,200,5,1.0,predictive,P1+P2 (protect),14.677992676220706,15,300.0,True,True,False,0.02418940341222473,0.03482126848943691,104.75458496973467,9.65178731510564,0.019964805256476943,7.012412910231621,3.315834969406262,48.25893657552808,2.170677441385132,0.482589365755282,6.269909821210501,13.60995180842072,0.20701656682250416,1.148049598214238,0.7012412910231621,2.947130048445793,0.7012412910231592,0.8,self,,0.0,2.7328476905822754,ok
C3,0.5,0.6,1.0,0.1,20,200,5,1.0,predictive,P1+P2 (protect),14.677992676220706,15,1000.0,True,True,False,0.024191743939607765,0.03482462767617238,104.75906629383233,9.651753723238281,0.019827140172432024,7.012844373298501,3.315574763290786,48.258768616191375,2.1707778564968288,0.48258768616191405,6.270028357233117,13.610838717488837,0.20700322825054102,1.147978191108007,0.7012844373298501,2.947526272644196,0.7012844373298498,0.8,self,,0.0,2.470543384552002,ok
C3,0.5,0.6,1.0,0.1,20,200,5,1.0,predictive,P1+P2 (protect),14.677992676220706,20,3.0,True,True,False,0.02058309997938604,0.029688781665344624,100.29553468599696,9.7031121833465,0.05876927303981003,7.980835440923128,2.257283102690562,48.515560916732696,2.06728589324432,0.485155609167325,6.6620682705393985,13.772399755516682,0.2968022953991451,2.257283102690496,0.7980835440923129,2.1854653454538915,0.7980835440923123,0.8,self,,0.0,8.11142349243164,ok
C3,0.5,0.6,1.0,0.1,20,200,5,1.0,predictive,P1+P2 (protect),14.677992676220706,20,10.0,True,True,False,0.020833682994041605,0.03004861572690739,100.78840862872705,9.699513842730902,0.0420644525598255,8.012188583650783,2.24623312105849,48.49756921365475,2.0782156768457076,0.48497569213654507,6.6687351139950515,13.859069858635964,0.2952352887608547,2.2462331210584408,0.8012188583650783,2.211589466815565,0.801218858365079,0.8,self,,0.0,7.9213902950286865,ok
C3,0.5,0.6,1.0,0.1,20,200,5,1.0,predictive,P1+P2 (protect),14.677992676220706,20,30.0,True,True,False,0.020902819248344404,0.030148047367427426,100.93107168406112,9.698519526325741,0.03725871507853779,8.021240051611548,2.2429817069841733,48.492597631628534,2.0813706960138267,0.4849259763162871,6.670680325129998,13.884158551201566,0.29479035308371476,2.2429817069841396,0.8021240051611548,2.2201791703927376,0.8021240051611597,0.8,self,,0.0,8.096224546432495,ok
C3,0.5,0.6,1.0,0.1,20,200,5,1.0,predictive,P1+P2 (protect),14.677992676220706,20,100.0,True,True,False,0.020926706033314455,0.030182419512732192,100.98116932748458,9.698175804872692,0.03557298684639228,8.024416547929468,2.241834660351448,48.490879024363196,2.0824775990707196,0.4849087902436346,6.67136511176326,13.892968400468916,0.2946352151872294,2.2418346603514303,0.8024416547929468,2.2233144408660617,0.8024416547929479,0.8,self,,0.0,8.039353132247925,ok
C3,0.5,0.6,1.0,0.1,20,200,5,1.0,predictive,P1+P2 (protect),14.677992676220706,20,300.0,True,True,False,0.020933499702507245,0.030192197137743824,100.99549791475904,9.698078028622536,0.03509098727051462,8.025324889735803,2.2415060943711467,48.490390143112585,2.0827940879973332,0.4849039014311268,6.671561134880749,13.895488089442402,0.29459095651381634,2.2415060943710916,0.8025324889735803,2.2242228381088642,0.8025324889735886,0.8,self,,0.0,7.990306377410889,ok
C3,0.5,0.6,1.0,0.1,20,200,5,1.0,predictive,P1+P2 (protect),14.677992676220706,20,1000.0,True,True,False,0.02093587416505461,0.03019561471750612,101.00051446517644,9.698043852824897,0.0349222489910055,8.025642889128664,2.241391009055434,48.490219264124406,2.082904882632731,0.48490219264124484,6.671629781545083,13.896370247098194,0.29457547334085277,2.241391009055352,0.8025642889128664,2.2245421128312137,0.8025642889128697,0.8,self,,0.0,8.334214210510254,ok
C3,0.5,0.6,1.0,0.1,20,200,5,1.0,predictive,NoCancel,38.31186849557293,0,1.0,False,False,True,0.025803633690803778,0.03707888134360052,105.99090592776977,9.629211186563976,0.021145019666829166,8.101052128118614,2.2485916656505807,48.146055932819785,2.2014452456014952,0.4814605593281988,6.670994463750961,14.685829045658448,0.0,0.0,0.8101052128118614,0.0,0.8101052128118581,0.8,self,,0.0,12.893826723098755,ok
C3,0.5,0.6,1.0,0.1,20,200,5,1.0,predictive,P2 only,38.31186849557293,0,3.0,False,False,False,0.02693162234460134,0.03869370402314638,107.81468470691385,9.613062959768511,0.007128652634969994,6.737230553289334,3.6425778343071853,48.065314798842486,2.24308704016873,0.48065314798842557,6.148991493530105,13.792723129245143,0.0,0.0,0.6737230553289334,3.536121400917227,0.6737230553289324,0.8,self,,0.0,1.0501976013183594,ok
C3,0.5,0.6,1.0,0.1,20,200,5,1.0,predictive,P2 only,38.31186849557293,0,10.0,False,False,False,0.026970869730336158,0.038749557180614395,107.8849517432576,9.612504428193867,0.0033853181512911073,6.746357984109148,3.6377522695456936,48.06252214096918,2.2446793663226203,0.4806252214096934,6.151368776928802,13.807850568213295,0.0,0.0,0.6746357984109148,3.5512821761891598,0.6746357984109124,0.8,self,,0.0,1.1642143726348877,ok
C3,0.5,0.6,1.0,0.1,20,200,5,1.0,predictive,P2 only,38.31186849557293,0,30.0,False,False,False,0.02698172714093889,0.03876503146204525,107.90519704140647,9.61234968537954,0.0023051605173842952,6.749003582130869,3.6363415719722068,48.061748426897736,2.2451367370775337,0.480617484268977,6.152061618069358,13.812219547492171,0.0,0.0,0.6749003582130869,3.5558564187751425,0.6749003582130868,0.8,self,,0.0,1.0246365070343018,ok
C3,0.5,0.6,1.0,0.1,20,200,5,1.0,predictive,P2 only,38.31186849557293,0,100.0,False,False,False,0.026985487275670475,0.03877039308630403,107.91229949817287,9.61229606913694,0.0019259695787194827,6.749933441178226,3.6358445201061143,48.06148034568466,2.2452970387513687,0.48061480345684704,6.15230552691362,13.81375338107283,0.0,0.0,0.6749933441178226,3.5574839050215004,0.6749933441178195,0.8,self,,0.0,0.9966607093811035,ok
C3,0.5,0.6,1.0,0.1,20,200,5,1.0,predictive,P2 only,38.31186849557293,0,300.0,False,False,False,0.026986557720604036,0.03877191969765151,107.91433032018304,9.612280803023516,0.001817520580289086,6.7501994848045666,3.635702191591628,48.061404015117425,2.2453428594437073,0.4806140401511758,6.152375349450268,13.814192059505642,0.0,0.0,0.6750199484804567,3.557951455637296,0.6750199484804575,0.8,self,,0.0,1.0344548225402832,ok
C3,0.5,0.6,1.0,0.1,20,200,5,1.0,predictive,P2 only,38.31186849557293,0,1000.0,False,False,False,0.026986931966413063,0.03877245345346652,107.91504126935297,9.61227546546533,0.0017795519942718887,6.75029263882106,3.6356523437193373,48.06137732732662,2.2453588987761885,0.48061377327326654,6.15239980142488,13.81434564295821,0.0,0.0,0.675029263882106,3.558115367669751,0.675029263882107,0.8,self,,0.0,1.0107159614562988,ok
C3,0.5,0.6,1.0,0.1,20,200,5,1.0,predictive,P1 only,38.31186849557293,5,1.0,False,False,False,0.02679130117307944,0.038496054541751014,107.61092019340231,9.615039454582469,0.017522198859331463,6.713081784519862,3.6543565620383376,48.075197272912405,2.2383874907994366,0.48075197272912346,6.142999821273973,13.750413955922836,0.015230548266421453,0.023515584277153726,0.6713081784519863,3.5008898689427275,0.6713081784519839,0.8,self,,0.0,1.4050040245056152,ok
C3,0.5,0.6,1.0,0.1,20,200,5,1.0,predictive,P1 only,38.31186849557293,10,1.0,False,False,False,0.026351338835078647,0.03788665997086869,107.3350064314992,9.621133400291303,0.01760197731369616,6.743646401043859,3.6176182213511425,48.10566700145651,2.231234137721225,0.48105667001456515,6.156800704564236,13.737263911169812,0.1080744257830543,0.3553421054344214,0.6743646401043859,3.5377637770368655,0.6743646401043861,0.8,self,,0.0,1.692655324935913,ok
C3,0.5,0.6,1.0,0.1,20,200,5,1.0,predictive,P1 only,38.31186849557293,15,1.0,False,False,False,0.02491312133630391,0.035870737851656724,106.22144395529712,9.641292621483442,0.018063925955648024,6.92062755726555,3.42001589529536,48.20646310741688,2.2034689356613315,0.48206463107417213,6.231025753734529,13.729871685659768,0.20770074280341766,1.148179032277691,0.6920627557265551,3.6673132337168015,0.6920627557265545,0.8,self,,0.0,7.80793309211731,ok
C3,0.5,0.6,1.0,0.1,20,200,5,1.0,predictive,P1 only,38.31186849557293,20,1.0,False,False,False,0.022401625687180474,0.032321803470412,103.91921403386148,9.67678196529588,0.019354792084749137,7.415182491100617,2.8886807515187534,48.38390982647936,2.1478052188537475,0.48383909826479404,6.430603005152769,13.81168269484371,0.3002085410375961,2.3333182888715585,0.7415182491100617,3.910628370607943,0.7415182491100607,0.8,self,,0.0,39.38285779953003,ok
C3,0.5,0.6,1.0,0.1,20,200,5,1.0,predictive,P1 only (protect),38.31186849557293,5,1.0,True,True,False,0.026445303273955483,0.03801509048668868,107.39619439896087,9.619849095133093,0.01774320495211137,6.692817055149718,3.6695906447650772,48.0992454756656,2.2328041393766735,0.48099245475665464,6.137238873302068,13.70325236065229,0.01531188704690512,0.023655550324650394,0.6692817055149719,3.5061789842823843,0.6692817055149707,0.8,self,,0.0,1.198106050491333,ok
C3,0.5,0.6,1.0,0.1,20,200,5,1.0,predictive,P1 only (protect),38.31186849557293,10,1.0,True,True,False,0.02552077077691611,0.036693957248378935,106.19600784959985,9.633060427516245,0.022343253625418686,6.657074196137191,3.6875221227211457,48.16530213758093,2.2048238698110545,0.48165302137581223,6.12980518570007,13.515140790723096,0.11004448510795971,0.36346220507859506,0.6657074196137192,3.403651668100613,0.6657074196137182,0.8,self,,0.0,1.406397819519043,ok
C3,0.5,0.6,1.0,0.1,20,200,5,1.0,predictive,P1 only (protect),38.31186849557293,15,1.0,True,True,False,0.023785575881489236,0.03424303793567356,104.03851497224281,9.657569620643276,0.04183919852722898,6.943970074676052,3.356621106153443,48.287848103216525,2.154548588494931,0.4828784810321638,6.251285315763521,13.468697953357385,0.2091818236601764,1.1587739791328573,0.6943970074676052,2.896218261377842,0.6943970074676024,0.8,self,,0.0,2.468167304992676,ok
C3,0.5,0.6,1.0,0.1,20,200,5,1.0,predictive,P1 only (protect),38.31186849557293,20,1.0,True,True,False,0.020528273465728296,0.029610147831280003,100.19185372360347,9.703898521687174,0.06231198045948995,7.974220546734605,2.259568951118731,48.519492608436074,2.0649814814053338,0.4851949260843587,6.660676042393116,13.754172681181952,0.29713685773477905,2.2595689511186725,0.7974220546734605,2.1806110960513894,0.7974220546734654,0.8,self,,0.0,8.080064296722412,ok
C3,0.5,0.6,1.0,0.1,20,200,5,1.0,predictive,P1+P2,38.31186849557293,5,3.0,False,False,False,0.026912042491586848,0.03866725782811012,107.80575767823102,9.613327421718916,0.007129836856288835,6.73794951933349,3.641593222091305,48.066637108594406,2.2428396110730855,0.4806663710859458,6.1493615099336205,13.792031577287323,0.01509845377746492,0.023322496345364856,0.673794951933349,3.537637999963982,0.6737949519333483,0.8,self,,0.0,1.156785249710083,ok
C3,0.5,0.6,1.0,0.1,20,200,5,1.0,predictive,P1+P2,38.31186849557293,5,10.0,False,False,False,0.0269513373700715,0.03872317698887224,107.87605824269875,9.612768230111259,0.0033862284889337757,6.747067115135416,3.636778426264391,48.06384115055637,2.2444327307254763,0.48063841150556297,6.151734785618206,13.807154903583973,0.015039746637799006,0.023233118865600803,0.6747067115135417,3.5527650388296887,0.6747067115135424,0.8,self,,0.0,1.1619453430175781,ok
C3,0.5,0.6,1.0,0.1,20,200,5,1.0,predictive,P1+P2,38.31186849557293,5,30.0,False,False,False,0.0269622109896625,0.03873867366441808,107.89631428530944,9.61261326335579,0.002305991883500237,6.749709823420961,3.6353709213397485,48.063066316779064,2.244890360805846,0.4806306631677895,6.152426438263337,13.811522806824408,0.015021768438911488,0.023205464787123164,0.6749709823420962,3.557329404306568,0.6749709823420932,0.8,self,,0.0,1.2672686576843262,ok
C3,0.5,0.6,1.0,0.1,20,200,5,1.0,predictive,P1+P2,38.31186849557293,5,100.0,False,False,False,0.02696597708089727,0.0387440435061528,107.90342062744855,9.612559564938463,0.001926773231639391,6.750638662920745,3.634874998909152,48.06279782469214,2.2450507567417026,0.48062797824692316,6.152669926630285,13.813056274763237,0.015015348709567803,0.02319556148079903,0.6750638662920746,3.5589534092641117,0.6750638662920733,0.8,self,,0.0,1.1842381954193115,ok
C3,0.5,0.6,1.0,0.1,20,200,5,1.0,predictive,P1+P2,38.31186849557293,5,300.0,False,False,False,0.02696704925485694,0.03874557250173909,107.90545257152604,9.612544274982598,0.001818316308251592,6.750904414478831,3.634732994230319,48.06272137491294,2.245096604701392,0.4806272137491299,6.152739628603054,13.813494849788418,0.015013502341632205,0.023192710527750723,0.6750904414478831,3.5594199629312113,0.6750904414478808,0.8,self,,0.0,1.087092638015747,ok
C3,0.5,0.6,1.0,0.1,20,200,5,1.0,predictive,P1+P2,38.31186849557293,5,1000.0,False,False,False,0.026967424108684194,0.03874610709586707,107.90616391467827,9.612538929041325,0.0017803449477769861,6.7509974661908965,3.634683259820002,48.062694645206754,2.2451126536127255,0.4806269464520662,6.15276403833549,13.81364839716034,0.015012854834986416,0.023191710440825214,0.6750997466190897,3.5595835257913486,0.6750997466190858,0.8,self,,0.0,1.1451365947723389,ok
C3,0.5,0.6,1.0,0.1,20,200,5,1.0,predictive,P1+P2,38.31186849557293,10,3.0,False,False,False,0.02647201529286872,0.038057817845470264,107.53048053280277,9.6194218215453,0.0071707338829489,6.768194834800946,3.605212609770805,48.09710910772651,2.235695294949206,0.480971091077265,6.163033741968247,13.77866553953161,0.10814902435014084,0.35501337906181585,0.6768194834800947,3.5730428578488924,0.6768194834800945,0.8,self,,0.0,2.1368181705474854,ok
C3,0.5,0.6,1.0,0.1,20,200,5,1.0,predictive,P1+P2,38.31186849557293,10,10.0,False,False,False,0.026511518534624683,0.038114035814695614,107.60114023620005,9.618859641853016,0.003413040163391431,6.777181379460649,3.6005459385229437,48.09429820926513,2.2372951522862894,0.4809429820926508,6.1653534440978905,13.79371537261179,0.10815685761939696,0.35477737526604947,0.677718137946065,3.587594950482002,0.6777181379460651,0.8,self,,0.0,1.793058156967163,ok
C3,0.5,0.6,1.0,0.1,20,200,5,1.0,predictive,P1+P2,38.31186849557293,10,30.0,False,False,False,0.02652247517650232,0.03812964982906651,107.62151255986511,9.618703501709334,0.0023287337809045484,6.779784796938854,3.599182967570908,48.09351750854663,2.2377550683569742,0.4809351750854667,6.166028964921911,13.798062567889914,0.10815725129430143,0.35469807161979944,0.6779784796938855,3.5919890961999683,0.6779784796938837,0.8,self,,0.0,1.806626796722412,ok
C3,0.5,0.6,1.0,0.1,20,200,5,1.0,predictive,P1+P2,38.31186849557293,10,100.0,False,False,False,0.026526272845265497,0.038135064167503174,107.62866106129941,9.618649358324992,0.0019480859453569748,6.780699690272575,3.598702865457075,48.093246791624786,2.237916303044078,0.4809324679162496,6.1662667201039545,13.799588821838775,0.10815719106221193,0.35466905413260813,0.6780699690272576,3.593552894463737,0.6780699690272572,0.8,self,,0.0,1.8621914386749268,ok
C3,0.5,0.6,1.0,0.1,20,200,5,1.0,predictive,P1+P2,38.31186849557293,10,300.0,False,False,False,0.026527354282908044,0.03813660620502138,107.6307051907888,9.618633937949802,0.0018392202304302345,6.7809614386828985,3.598565403136869,48.093169689748734,2.2379623943507876,0.4809316968974901,6.166334775719705,13.800025339038198,0.10815715485708446,0.3546606428465238,0.6780961438682899,3.5940021860881926,0.6780961438682869,0.8,self,,0.0,1.8194847106933594,ok
C3,0.5,0.6,1.0,0.1,20,200,5,1.0,predictive,P1+P2,38.31186849557293,10,1000.0,False,False,False,0.02652773240444029,0.038137145398401746,107.63142081355075,9.618628546015955,0.0018011057453217918,6.781053087347056,3.598517260891667,48.09314273007992,2.2379785288232483,0.48093142730079774,6.1663586083547,13.800178166522224,0.10815714018575029,0.3546576862192628,0.6781053087347056,3.594159700914346,0.6781053087347062,0.8,self,,0.0,1.817892074584961,ok
C3,0.5,0.6,1.0,0.1,20,200,5,1.0,predictive,P1+P2,38.31186849557293,15,3.0,False,False,False,0.02503171935017208,0.036039117944942405,106.41804658289753,9.63960882055055,0.007393748047829363,6.944977426963773,3.408020004437848,48.1980441027528,2.207932885326762,0.48198044102752746,6.23714067817505,13.771188013751955,0.20724807361775355,1.147783204104626,0.6944977426963774,3.699503374452916,0.694497742696377,0.8,self,,0.0,7.957594156265259,ok
C3,0.5,0.6,1.0,0.1,20,200,5,1.0,predictive,P1+P2,38.31186849557293,15,10.0,False,False,False,0.025070860572157058,0.036094858576353944,106.4893307173875,9.639051414236475,0.0035494914398729676,6.9538575841792385,3.403541510144414,48.19525707118234,2.2095396349916196,0.48195257071182374,6.239402647899278,13.786207449205117,0.2070882956756877,1.1475229699220058,0.6953857584179239,3.712817128885081,0.6953857584179236,0.8,self,,0.0,7.85785436630249,ok
C3,0.5,0.6,1.0,0.1,20,200,5,1.0,predictive,P1+P2,38.31186849557293,15,30.0,False,False,False,0.025081751706204764,0.03611038750104896,106.50990447092285,9.638896124989522,0.0024401625746971697,6.956427006572783,3.402236705862998,48.19448062494749,2.2100021224378303,0.4819448062494761,6.240060062399696,13.790545982042868,0.20704270804443956,1.1474372314228383,0.6956427006572783,3.7168409844378774,0.6956427006572802,0.8,self,,0.0,7.774483680725098,ok
C3,0.5,0.6,1.0,0.1,20,200,5,1.0,predictive,P1+P2,38.31186849557293,15,100.0,False,False,False,0.02508553054311889,0.03611577759569135,106.51712593590224,9.638842224043069,0.0020507260051069167,6.957329620603082,3.401777429348742,48.19421112021528,2.2101643218146414,0.48194211120215347,6.240291309328099,13.79206920960694,0.20702676565871095,1.1474060326126214,0.6957329620603083,3.7182733950613485,0.6957329620603103,0.8,self,,0.0,7.750329971313477,ok
C3,0.5,0.6,1.0,0.1,20,200,5,1.0,predictive,P1+P2,38.31186849557293,15,300.0,False,False,False,0.025086606993635137,0.036117313238241196,106.51919114808975,9.638826867617574,0.001939346272443141,6.957587824250838,3.401645961859144,48.19413433808772,2.2102106949539677,0.4819413433808787,6.240357489095594,13.79250486273517,0.20702221213761052,1.1473970053782634,0.6957587824250839,3.7186849756209135,0.6957587824250838,0.8,self,,0.0,7.756577014923096,ok
C3,0.5,0.6,1.0,0.1,20,200,5,1.0,predictive,P1+P2,38.31186849557293,15,1000.0,False,False,False,0.02508698341109779,0.03611785024938201,106.51991417462375,9.638821497506193,0.0019003515708854043,6.957678228423394,3.4015999224995284,48.194107487530665,2.210226928721189,0.4819410748753096,6.240380663465178,13.792657387861736,0.20702061856332155,1.1473938339527998,0.6957678228423394,3.7188292734837267,0.6957678228423403,0.8,self,,0.0,7.932309865951538,ok
C3,0.5,0.6,1.0,0.1,20,200,5,1.0,predictive,P1+P2,38.31186849557293,20,3.0,False,False,False,0.022514517829335754,0.032482441356177415,104.11878902164418,9.67517558643822,0.008001056789535499,7.439505226518297,2.8773181302539474,48.375877932190924,2.1522873273243492,0.483758779321911,6.436582634454429,13.853375235412242,0.29947418497500433,2.330423426594146,0.7439505226518297,3.939569604829238,0.743950522651826,0.8,self,,0.0,40.16865634918213,ok
C3,0.5,0.6,1.0,0.1,20,200,5,1.0,predictive,P1+P2,38.31186849557293,20,10.0,False,False,False,0.022552047176663554,0.032535987967586284,104.19137251573939,9.674640120324135,0.003910092579501266,7.448353899815921,2.8730958872804426,48.37320060162046,2.1539069406180467,0.48373200601620675,6.438785361657083,13.868544479623072,0.29921083216879596,2.3292928190112887,0.7448353899815922,3.9515710036963383,0.7448353899815919,0.8,self,,0.0,39.620694160461426,ok
C3,0.5,0.6,1.0,0.1,20,200,5,1.0,predictive,P1+P2,38.31186849557293,20,30.0,False,False,False,0.02256251930099827,0.032550945599963355,104.21234333227264,9.674490544000367,0.002729528705469203,7.4509125664198335,2.8718673608743304,48.37245272000186,2.1543737700358774,0.48372452720001835,6.439424810377396,13.872927905595315,0.29913508733324373,2.328959863169172,0.7450912566419834,3.955200896086021,0.7450912566419844,0.8,self,,0.0,39.86122798919678,ok
C3,0.5,0.6,1.0,0.1,20,200,5,1.0,predictive,P1+P2,38.31186849557293,20,100.0,False,False,False,0.022566156020644754,0.03255614181248274,104.21970652886277,9.674438581875165,0.0023150800401021865,7.451811243771552,2.871435094313181,48.37219290937568,2.1545375609519355,0.4837219290937583,6.439649663722738,13.874467079862141,0.29910852698440626,2.3288423338096553,0.7451811243771552,3.9564933329194845,0.7451811243771514,0.8,self,,0.0,40.13537073135376,ok
C3,0.5,0.6,1.0,0.1,20,200,5,1.0,predictive,P1+P2,38.31186849557293,20,300.0,False,False,False,0.022567192303333466,0.03255762264507503,104.2218125001294,9.674423773549236,0.0021965463493370404,7.452068306615808,2.871311373485619,48.3721188677463,2.1545843957152497,0.48372118867746183,6.439714006798307,13.87490731191656,0.2991009336574988,2.328808660576797,0.7452068306615809,3.956864719519628,0.7452068306615813,0.8,self,,0.0,39.26974368095398,ok
C3,0.5,0.6,1.0,0.1,20,200,5,1.0,predictive,P1+P2,38.31186849557293,20,1000.0,False,False,False,0.022567554708132438,0.032558140534389754,104.2225498201509,9.674418594656082,0.0021550469582644395,7.452158309835643,2.8712680485500104,48.37209297328042,2.154600791777212,0.4837209297328041,6.439736537284019,13.87506144206879,0.29909827550666224,2.3287968651830218,0.7452158309835644,3.9569949282478665,0.7452158309835623,0.8,self,,0.0,39.487478256225586,ok
C3,0.5,0.6,1.0,0.1,20,200,5,1.0,predictive,P1+P2 (protect),38.31186849557293,5,3.0,True,True,False,0.0266547405179676,0.03830946049957198,107.64575479649658,9.616905395004267,0.007275985660626968,6.722987939811454,3.6528306795236523,48.08452697502136,2.238677628094703,0.48084526975021336,6.145114471077224,13.756930288481595,0.015151191581181347,0.023415032260808998,0.6722987939811454,3.5398117573373713,0.6722987939811451,0.8,self,,0.0,1.0664596557617188,ok
C3,0.5,0.6,1.0,0.1,20,200,5,1.0,predictive,P1+P2 (protect),38.31186849557293,5,10.0,True,True,False,0.026724840702299062,0.03840816178031363,107.73504928912791,9.61591838219685,0.0035092705299451855,6.733943163886971,3.646629183386233,48.07959191098429,2.240764636450974,0.48079591910984254,6.1480125934169045,13.776249203783841,0.015082335719955965,0.02330875062261809,0.6733943163886971,3.5538533806804145,0.6733943163886957,0.8,self,,0.0,1.034327507019043,ok
C3,0.5,0.6,1.0,0.1,20,200,5,1.0,predictive,P1+P2 (protect),38.31186849557293,5,30.0,True,True,False,0.02674448080974437,0.03843583381391497,107.7607095386519,9.615641661860849,0.0024227438705100783,6.737108409923894,3.644827184344747,48.07820830930434,2.2413628404242654,0.48078208309304243,6.148853513933888,13.781811777343584,0.015061447819642066,0.02327624586015352,0.6737108409923894,3.558108444581808,0.6737108409923881,0.8,self,,0.0,1.2501678466796875,ok
C3,0.5,0.6,1.0,0.1,20,200,5,1.0,predictive,P1+P2 (protect),38.31186849557293,5,100.0,True,True,False,0.02675131103677618,0.038445459348583275,107.76970469923688,9.61554540651414,0.0020413570357782694,6.738219847826244,3.644193388623837,48.07772703257085,2.2415723735489195,0.48077727032570705,6.149149165977884,13.783762891287404,0.015054008729698346,0.023264642904376104,0.6738219847826245,3.55962429282023,0.6738219847826225,0.8,self,,0.0,1.131706953048706,ok
C3,0.5,0.6,1.0,0.1,20,200,5,1.0,predictive,P1+P2 (protect),38.31186849557293,5,300.0,True,True,False,0.026753258271098892,0.03844820369701318,107.77227604493214,9.615517963029845,0.001932283822974651,6.738537741962682,3.6440120111844982,48.07758981514926,2.2416322544307965,0.48077589815149224,6.149233764006148,13.784320745431074,0.01505187102633108,0.023261306163491324,0.6738537741962682,3.5600599543604483,0.6738537741962689,0.8,self,,0.0,1.1276929378509521,ok
C3,0.5,0.6,1.0,0.1,20,200,5,1.0,predictive,P1+P2 (protect),38.31186849557293,5,1000.0,True,True,False,0.026753939352851586,0.03844916360525327,107.77317615098318,9.615508363947443,0.0018940970968807389,6.738649040567856,3.64394849838782,48.077541819737256,2.241653214198632,0.48077541819737213,6.149263386525553,13.78451603535897,0.015051121542962238,0.023260136032872372,0.6738649040567857,3.5602127060178943,0.6738649040567847,0.8,self,,0.0,1.027649164199829,ok
C3,0.5,0.6,1.0,0.1,20,200,5,1.0,predictive,P1+P2 (protect),38.31186849557293,10,3.0,True,True,False,0.025806171192387345,0.037100818629526494,106.60274829919923,9.628991813704722,0.010709559784378528,6.702442489280633,3.6578561372302656,48.14495906852371,2.2142037372484578,0.48144959068523613,6.142708617409072,13.601208377495475,0.10951431653858311,0.3608621160023166,0.6702442489280633,3.4318980332650897,0.6702442489280622,0.8,self,,0.0,1.3209497928619385,ok
C3,0.5,0.6,1.0,0.1,20,200,5,1.0,predictive,P1+P2 (protect),38.31186849557293,10,10.0,True,True,False,0.02590244726624657,0.0372383255865619,106.74707485644471,9.627616744134414,0.006567947889920167,6.71866679658783,3.6471485113878352,48.13808372067177,2.217518160379215,0.4813808372067207,6.147357335869341,13.631876530630652,0.10930868978782227,0.35981932057601645,0.6718666796587831,3.443971472099995,0.6718666796587828,0.8,self,,0.0,1.2734460830688477,ok
C3,0.5,0.6,1.0,0.1,20,200,5,1.0,predictive,P1+P2 (protect),38.31186849557293,10,30.0,True,True,False,0.02592952654156289,0.03727702990085571,106.78845438458228,9.627229700991423,0.005377664752026473,6.723332017103312,3.644060617153239,48.136148504957134,2.2184669463861457,0.48136148504957116,6.148697331405338,13.640681793055444,0.10924795364440955,0.35950854202290905,0.6723332017103312,3.447655085993748,0.6723332017103312,0.8,self,,0.0,1.4025275707244873,ok
C3,0.5,0.6,1.0,0.1,20,200,5,1.0,predictive,P1+P2 (protect),38.31186849557293,10,100.0,True,True,False,0.02593895633068955,0.03729051096167,106.80295065409575,9.62709489038329,0.004960321991546048,6.724967846262572,3.6429769413625914,48.13547445191646,2.218799167769365,0.4813547445191645,6.1491675368415395,13.643767813218403,0.1092264841890764,0.3593984130183379,0.6724967846262573,3.448969923381398,0.672496784626257,0.8,self,,0.0,1.2932910919189453,ok
C3,0.5,0.6,1.0,0.1,20,200,5,1.0,predictive,P1+P2 (protect),38.31186849557293,10,300.0,True,True,False,0.025941645903029754,0.03729435634010412,106.80709367889291,9.627056436598957,0.004841010013820514,6.725435508656323,3.642667044730899,48.13528218299461,2.2188941008561507,0.4813528218299479,6.149301995344079,13.644649921851933,0.1092203297791115,0.35936681810192606,0.6725435508656323,3.4493480563223997,0.672543550865632,0.8,self,,0.0,1.2684431076049805,ok
C3,0.5,0.6,1.0,0.1,20,200,5,1.0,predictive,P1+P2 (protect),38.31186849557293,10,1000.0,True,True,False,0.02594258676175383,0.03729570155124687,106.80854386547726,9.627042984487538,0.004799243333827787,6.725599220056623,3.6425585521220114,48.135214922437605,2.218927328725603,0.4813521492243769,6.1493490677697045,13.644958700347507,0.10921817360228996,0.359355746274186,0.6725599220056623,3.449480662744125,0.672559922005662,0.8,self,,0.0,1.458489179611206,ok
C3,0.5,0.6,1.0,0.1,20,200,5,1.0,predictive,P1+P2 (protect),38.31186849557293,15,3.0,True,True,False,0.02405986250503051,0.03463550510205294,104.51899786062886,9.653644948979446,0.02700478104342359,6.9899676343712205,3.32938263560591,48.26822474489724,2.165378950914872,0.4826822474489723,6.263757413634208,13.563408457120493,0.20771232953890076,1.1516630999905895,0.6989967634371221,2.9302534562919877,0.6989967634371198,0.8,self,,0.0,2.5983872413635254,ok
C3,0.5,0.6,1.0,0.1,20,200,5,1.0,predictive,P1+P2 (protect),38.31186849557293,15,10.0,True,True,False,0.024151905932282905,0.034767463717291974,104.68967380980673,9.652325362827078,0.021764441946358477,7.006362440857667,3.3195477543688967,48.26162681413534,2.169211456816126,0.4826162681413539,6.268243237359186,13.59714504458975,0.20719923435991983,1.149007225052121,0.7006362440857667,2.9442501734555204,0.7006362440857667,0.8,self,,0.0,2.4535765647888184,ok
C3,0.5,0.6,1.0,0.1,20,200,5,1.0,predictive,P1+P2 (protect),38.31186849557293,15,30.0,True,True,False,0.024177741030073287,0.0348045307008328,104.73863488035713,9.651954692991664,0.02026242940138237,7.011072120916393,3.316710756690561,48.2597734649582,2.170309294062656,0.4825977346495832,6.269535782416951,13.606831778037895,0.20705310298287596,1.1482327550625657,0.7011072120916393,2.9484697883661948,0.7011072120916405,0.8,self,,0.0,2.6526875495910645,ok
C3,0.5,0.6,1.0,0.1,20,200,5,1.0,predictive,P1+P2 (protect),38.31186849557293,15,100.0,True,True,False,0.024186731629131607,0.034817433116266464,104.75579034800565,9.651825668837322,0.01973621758693243,7.012723082476933,3.3157150310988124,48.25912834418661,2.1706937929106784,0.4825912834418661,6.2699892933721335,13.610226840739301,0.20700202022881573,1.147960054156634,0.7012723082476934,2.949970658624563,0.7012723082476933,0.8,self,,0.0,2.6076505184173584,ok
C3,0.5,0.6,1.0,0.1,20,200,5,1.0,predictive,P1+P2 (protect),38.31186849557293,15,300.0,True,True,False,0.024189295361752374,0.03482111263314,104.76069368509266,9.651788873668602,0.01958582284516014,7.0131950281258515,3.315430275360386,48.258944368343045,2.170803672900348,0.4825894436834301,6.270118974000672,13.611197298282821,0.2069874315981411,1.147881983874028,0.7013195028125851,2.9504017900791855,0.7013195028125864,0.8,self,,0.0,2.5629215240478516,ok
C3,0.5,0.6,1.0,0.1,20,200,5,1.0,predictive,P1+P2 (protect),38.31186849557293,15,1000.0,True,True,False,0.024190192139044754,0.0348223997365343,104.76241003791529,9.65177600263465,0.019533179585617778,7.013360234453256,3.315330583326476,48.258880013173204,2.1708421332885957,0.4825888001317325,6.270164373336671,13.61153700428433,0.20698232626875007,1.1478546429255865,0.7013360234453256,2.950552929679865,0.7013360234453261,0.8,self,,0.0,2.491671562194824,ok
C3,0.5,0.6,1.0,0.1,20,200,5,1.0,predictive,P1+P2 (protect),38.31186849557293,20,3.0,True,True,False,0.020804587396996123,0.03000679246478153,100.72933777980107,9.69993207535216,0.04405718263876765,8.008438014348918,2.2475727276601534,48.49966037676078,2.076908106104322,0.484996603767608,6.667931758042926,13.848681519229796,0.2954207840107532,2.247572727660102,0.8008438014348919,2.2081750419618498,0.8008438014348939,0.8,self,,0.0,8.130117893218994,ok
C3,0.5,0.6,1.0,0.1,20,200,5,1.0,predictive,P1+P2 (protect),38.31186849557293,20,10.0,True,True,False,0.020897701076146497,0.030140683777209496,100.92039331505495,9.698593162227906,0.037618138310257954,8.02056284874057,2.243225850721266,48.492965811139285,2.0811346888556894,0.4849296581113953,6.6705344775890625,13.882280694518462,0.29482349829500426,2.2432258507212524,0.802056284874057,2.2195190083085223,0.8020562848740592,0.8,self,,0.0,7.984229564666748,ok
C3,0.5,0.6,1.0,0.1,20,200,5,1.0,predictive,P1+P2 (protect),38.31186849557293,20,30.0,True,True,False,0.02092387851745667,0.030178350316430638,100.97521639677343,9.698216496835702,0.03577325500044529,8.024039146915527,2.2419711012483257,48.49108248417833,2.0823460979597566,0.4849108248417851,6.671283693986627,13.891921568555604,0.2946536177904298,2.2419711012483132,0.8024039146915527,2.222938574490745,0.8024039146915537,0.8,self,,0.0,7.9197633266448975,ok
C3,0.5,0.6,1.0,0.1,20,200,5,1.0,predictive,P1+P2 (protect),38.31186849557293,20,100.0,True,True,False,0.020932992849789573,0.03019146763415196,100.99442765784406,9.698085323658399,0.035126987663844395,8.025257044881046,2.2415306437967106,48.490426618292126,2.0827704497808184,0.48490426618291993,6.671546490616572,13.895299884995117,0.29459426059253074,2.2415306437965596,0.8025257044881047,2.224154805612318,0.8025257044881122,0.8,self,,0.0,8.196354866027832,ok
C3,0.5,0.6,1.0,0.1,20,200,5,1.0,predictive,P1+P2 (protect),38.31186849557293,20,300.0,True,True,False,0.020935592309553913,0.030195209035788408,100.99991875336057,9.698047909642138,0.03494228618432643,8.025605127414728,2.241404676758807,48.49023954821034,2.0828917261368374,0.4849023954821069,6.67162162932839,13.89626549164367,0.2945773116253202,2.2414046767588096,0.8025605127414729,2.224504165512449,0.8025605127414712,0.8,self,,0.0,7.97219705581665,ok
C3,0.5,0.6,1.0,0.1,20,200,5,1.0,predictive,P1+P2 (protect),38.31186849557293,20,1000.0,True,True,False,0.020936501630772226,0.0301965178497657,101.00184086244887,9.698034821502349,0.034877635013005,8.025726967959546,2.2413605755251003,48.49017410751168,2.0829341762829956,0.4849017410751174,6.671647933529197,13.896603492875789,0.29457138058338217,2.2413605755250936,0.8025726967959547,2.2246266380208324,0.8025726967959583,0.8,self,,0.0,8.129605531692505,ok
C3,0.5,0.6,1.0,0.1,20,200,5,1.0,predictive,NoCancel,100.0,0,1.0,False,False,True,0.026056881763856194,0.03744030630606271,106.4389988852288,9.62559693693932,0.008130006462075599,8.130006462075627,2.2362665945229763,48.12798468469672,2.2115822962990856,0.481279846846966,6.677585797859407,14.768030532564069,0.0,0.0,0.8130006462075627,0.0,0.8130006462075593,0.8,self,,0.0,13.289399147033691,ok
C3,0.5,0.6,1.0,0.1,20,200,5,1.0,predictive,P2 only,100.0,0,3.0,False,False,False,0.027058271857806685,0.03887545873784383,108.0614909468394,9.611245412621546,0.0027770475899948723,6.767007071714162,3.6189704680742967,48.05622706310777,2.2486470027064818,0.4805622706310773,6.158521837672271,13.848341671384166,0.0,0.0,0.6767007071714163,3.5527805854921772,0.6767007071714178,0.8,self,,0.0,1.0988643169403076,ok
C3,0.5,0.6,1.0,0.1,20,200,5,1.0,predictive,P2 only,100.0,0,10.0,False,False,False,0.027067992665431403,0.03888933915841028,108.0824671845312,9.611106608415893,0.0013663889943283099,6.769869140581439,3.6176578620083397,48.05553304207945,2.249115977756185,0.4805553304207947,6.159227503068469,13.852816987786627,0.0,0.0,0.6769869140581439,3.5589467406648887,0.6769869140581432,0.8,self,,0.0,1.0297856330871582,ok
C3,0.5,0.6,1.0,0.1,20,200,5,1.0,predictive,P2 only,100.0,0,30.0,False,False,False,0.027070716271387917,0.03889323158859213,108.08847697897835,9.611067684114063,0.0009616916498869903,6.7706914574285415,3.617279166807508,48.055338420570386,2.2492501464251555,0.48055338420570315,6.1594307481331025,13.854100512133986,0.0,0.0,0.6770691457428542,3.5607449392676918,0.6770691457428538,0.8,self,,0.0,1.0786032676696777,ok
C3,0.5,0.6,1.0,0.1,20,200,5,1.0,predictive,P2 only,100.0,0,100.0,False,False,False,0.027071663757912756,0.03889458605040294,108.0905820916342,9.61105413949599,0.0008198728758554618,6.770979746605747,3.6171462410224087,48.05527069747998,2.2492971223092595,0.48055270697479946,6.159502053978849,13.854550244872598,0.0,0.0,0.6770979746605748,3.561378194169957,0.6770979746605701,0.8,self,,0.0,1.1488654613494873,ok
C3,0.5,0.6,1.0,0.1,20,200,5,1.0,predictive,P2 only,100.0,0,300.0,False,False,False,0.027071933914582468,0.038894972283001844,108.09118371122406,9.611050277169964,0.0007793365520501156,6.771062160411612,3.617108225866374,48.055251385849886,2.2493105455494935,0.4805525138584982,6.159522443256025,13.854678787164557,0.0,0.0,0.6771062160411612,3.561559495894514,0.677106216041163,0.8,self,,0.0,1.0871880054473877,ok
C3,0.5,0.6,1.0,0.1,20,200,5,1.0,predictive,P2 only,100.0,0,1000.0,False,False,False,0.02707202841114093,0.038895107384797914,108.09139429470098,9.611048926152018,0.0007651470866836881,6.771091010015175,3.617094916746124,48.05524463075998,2.249315243845665,0.48055244630760086,6.159529581201131,13.854723781914009,0.0,0.0,0.6771091010015176,3.561622990592676,0.677109101001517,0.8,self,,0.0,1.0392370223999023,ok
C3,0.5,0.6,1.0,0.1,20,200,5,1.0,predictive,P1 only,100.0,5,1.0,False,False,False,0.027010852476835174,0.038809275971572306,107.9939408678767,9.611907240284292,0.0067597399966578845,6.759739996657883,3.6215930230611666,48.05953620142137,2.2470866222109476,0.4805953620142146,6.156936844371884,13.835170416785749,0.014968126050947099,0.023118576456480966,0.6759739996657883,3.537653090411022,0.6759739996657879,0.8,self,,0.0,1.2176661491394043,ok
C3,0.5,0.6,1.0,0.1,20,200,5,1.0,predictive,P1 only,100.0,10,1.0,False,False,False,0.026583382416906644,0.038217579963653915,107.72937006630173,9.617824200363467,0.006790239231773633,6.79023923177363,3.5851463286311294,48.08912100181723,2.2402025202796025,0.48089121001817337,6.170635485702722,13.823473166797989,0.10732814457080432,0.3521279175041892,0.679023923177363,3.5713774125159814,0.6790239231773619,0.8,self,,0.0,1.7561397552490234,ok
C3,0.5,0.6,1.0,0.1,20,200,5,1.0,predictive,P1 only,100.0,15,1.0,False,False,False,0.025162851599095818,0.03622733004485486,106.64318461418546,9.637726699551436,0.006966192647733437,6.966192647733448,3.3891144600673826,48.18863349775723,2.2130360807834233,0.48188633497757183,6.244313085659186,13.81889015827185,0.2061893203864918,1.1400077636849089,0.6966192647733448,3.692381246868917,0.6966192647733436,0.8,self,,0.0,7.734142541885376,ok
C3,0.5,0.6,1.0,0.1,20,200,5,1.0,predictive,P1 only,100.0,20,1.0,False,False,False,0.022665227576889733,0.03269923486429469,104.38276311516702,9.673007651357006,0.007457678951174138,7.45767895117411,2.8618557185177105,48.36503825678519,2.158227655294432,0.4836503825678503,6.442477911698886,13.904333997652058,0.29848179361781996,2.3177179509009296,0.745767895117411,3.9248184202348755,0.7457678951174098,0.8,self,,0.0,39.723912715911865,ok
C3,0.5,0.6,1.0,0.1,20,200,5,1.0,predictive,P1 only (protect),100.0,5,1.0,True,True,False,0.026665995070055855,0.03832997448669785,107.7807011241981,9.616700255133066,0.0069471388766239725,6.739610389631247,3.6367422163590626,48.08350127566511,2.2415318823453805,0.4808350127566533,6.151212867383386,13.788139757333006,0.015055483750871798,0.02326687139714844,0.6739610389631248,3.5430578673048148,0.6739610389631236,0.8,self,,0.0,1.063629388809204,ok
C3,0.5,0.6,1.0,0.1,20,200,5,1.0,predictive,P1 only (protect),100.0,10,1.0,True,True,False,0.025759331526416216,0.03703453698457047,106.60521817375431,9.629654630154265,0.010812216900885676,6.704333024772895,3.655200128171954,48.148273150771146,2.2141026291832215,0.48148273150771326,6.14369178488575,13.602764133806897,0.10937372318208449,0.3604690797053317,0.6704333024772895,3.4398108746822937,0.6704333024772897,0.8,self,,0.0,1.273087739944458,ok
C3,0.5,0.6,1.0,0.1,20,200,5,1.0,predictive,P1 only (protect),100.0,15,1.0,True,True,False,0.02403847231034145,0.03460485539385534,104.48419208024544,9.653951446061459,0.02798080445937575,6.986758970736954,3.331308778742211,48.26975723030736,2.164589135630507,0.482697572303073,6.262886436224249,13.556575937538673,0.20781043384841943,1.1521483049995602,0.6986758970736955,2.9293859828775184,0.6986758970736957,0.8,self,,0.0,2.5028631687164307,ok
C3,0.5,0.6,1.0,0.1,20,200,5,1.0,predictive,P1 only (protect),100.0,20,1.0,True,True,False,0.020784441238181222,0.029977840686754367,100.68875081994152,9.700221593132435,0.04542753376490508,8.005860034270965,2.248490838831695,48.501107965662186,2.0760092922253888,0.4850110796566217,6.667380476758087,13.84154382455193,0.2955486370094305,2.248490838831635,0.8005860034270965,2.205875893083074,0.8005860034271004,0.8,self,,0.0,8.051656246185303,ok
C3,0.5,0.6,1.0,0.1,20,200,5,1.0,predictive,P1+P2,100.0,5,3.0,False,False,False,0.02704013444639802,0.038850990621986374,108.05333610713298,9.611490093780114,0.002777567906837919,6.767768644095405,3.617963694217643,48.057450468900534,2.2484200691640446,0.4805745046890057,6.158900286255406,13.847795007596835,0.014916705931287015,0.02304125370719448,0.6767768644095405,3.5541995924939003,0.6767768644095405,0.8,self,,0.0,1.077439546585083,ok
C3,0.5,0.6,1.0,0.1,20,200,5,1.0,predictive,P1+P2,100.0,5,10.0,False,False,False,0.0270498607993268,0.03886487867753889,108.07431728350518,9.611351213224598,0.001366820470178583,6.7706276051980145,3.616654361107209,48.05675606612279,2.248889149629708,0.4805675606612299,6.159604734446761,13.852268253305098,0.014896928451062977,0.023011049908125098,0.6770627605198015,3.560356340134221,0.6770627605198,0.8,self,,0.0,1.142387866973877,ok
C3,0.5,0.6,1.0,0.1,20,200,5,1.0,predictive,P1+P2,100.0,5,30.0,False,False,False,0.027052586352736142,0.038868773774589915,108.08032864617108,9.611312262254101,0.0009620976095588764,6.771449023026916,3.616276617109424,48.05656131127042,2.2490233528386816,0.48056561311270507,6.1598076257155014,13.853551199227956,0.01489110667438244,0.02300211757394569,0.6771449023026916,3.5621518219936243,0.6771449023026906,0.8,self,,0.0,1.1943120956420898,ok
C3,0.5,0.6,1.0,0.1,20,200,5,1.0,predictive,P1+P2,100.0,5,100.0,False,False,False,0.02705353455938401,0.03887012922130083,108.08243432437426,9.611298707786998,0.0008202698909521123,6.771736996392339,3.61614402592971,48.056493538935015,2.249070341280865,0.4805649353893499,6.159878807101507,13.854000730936555,0.01488905102530655,0.022998959328400917,0.6771736996392339,3.5627841230302577,0.6771736996392328,0.8,self,,0.0,1.1377089023590088,ok
C3,0.5,0.6,1.0,0.1,20,200,5,1.0,predictive,P1+P2,100.0,5,300.0,False,False,False,0.027053804925482434,0.03887051574021919,108.08303610714137,9.611294842597816,0.0007797310102304328,6.771819319856508,3.616106106535445,48.05647421298905,2.2490837681539255,0.4805647421298908,6.159899160758712,13.854129215927408,0.014888461978142118,0.02299805392729015,0.6771819319856509,3.562965151936282,0.677181931985649,0.8,self,,0.0,1.068847417831421,ok
C3,0.5,0.6,1.0,0.1,20,200,5,1.0,predictive,P1+P2,100.0,5,1000.0,False,False,False,0.027053899495727663,0.03887065094274414,108.08324674789809,9.61129349057257,0.0007655406498043879,6.771848137828904,3.6160928309487206,48.056467452862805,2.2490884677263017,0.48056467452862855,6.159906286230494,13.854174190635755,0.014888255631083846,0.022997736716993372,0.6771848137828904,3.563028551118003,0.6771848137828911,0.8,self,,0.0,1.3358628749847412,ok
C3,0.5,0.6,1.0,0.1,20,200,5,1.0,predictive,P1+P2,100.0,10,3.0,False,False,False,0.02661256890277737,0.038259154239577244,107.78880594645543,9.617408457604226,0.0027941185311998185,6.798190554353935,3.5816068695106393,48.08704228802114,2.241535366239534,0.4808704228802113,6.172567236127246,13.836027760270634,0.10739378703082053,0.35209288297094876,0.6798190554353936,3.5875065610346586,0.6798190554353936,0.8,self,,0.0,1.831397533416748,ok
C3,0.5,0.6,1.0,0.1,20,200,5,1.0,predictive,P1+P2,100.0,10,10.0,False,False,False,0.0266222949960382,0.03827303818428338,107.80981969840987,9.61726961815715,0.0013784092495512954,6.801020024116445,3.5803319484768528,48.08634809078576,2.242004726473879,0.4808634809078575,6.173259492287815,13.84047695945902,0.1074143834913745,0.3520640446617527,0.6801020024116445,3.5935098074100122,0.6801020024116424,0.8,self,,0.0,1.8054847717285156,ok
C3,0.5,0.6,1.0,0.1,20,200,5,1.0,predictive,P1+P2,100.0,10,30.0,False,False,False,0.026625023720398804,0.03827693651237749,107.81584216061124,9.6172306348762,0.0009722610609298978,6.801832783343384,3.5799643207194856,48.08615317438105,2.242139057570787,0.48086153174381,6.173458794410412,13.841753083251449,0.10742003562529771,0.3520542029467662,0.6801832783343384,3.595260714812159,0.6801832783343383,0.8,self,,0.0,1.766021728515625,ok
C3,0.5,0.6,1.0,0.1,20,200,5,1.0,predictive,P1+P2,100.0,10,100.0,False,False,False,0.026625973380763952,0.038278293556801894,107.817951913471,9.61721706443196,0.0008299336715623639,6.802117701722654,3.5798353001738232,48.08608532215979,2.242186095855564,0.480860853221598,6.173528708455912,13.842200232465004,0.10742198921383886,0.3520505891741262,0.6802117701722654,3.5958773391448657,0.6802117701722661,0.8,self,,0.0,1.8511674404144287,ok
C3,0.5,0.6,1.0,0.1,20,200,5,1.0,predictive,P1+P2,100.0,10,300.0,False,False,False,0.02662624419505153,0.038278680576794274,107.81855487855125,9.617213194232034,0.0007892519509555194,6.802199150000664,3.579798403816346,48.08606597116023,2.2421995374546917,0.48086065971160175,6.173548698953722,13.842328037248048,0.10742254502651709,0.3520495405279948,0.6802199150000665,3.5960538817777556,0.6802199150000643,0.8,self,,0.0,1.832463026046753,ok
C3,0.5,0.6,1.0,0.1,20,200,5,1.0,predictive,P1+P2,100.0,10,1000.0,False,False,False,0.026626338925614477,0.03827881595938082,107.81876593502257,9.617211840406194,0.0007750115885027099,6.802227661412887,3.5797854865924164,48.08605920203096,2.2422042422322006,0.4808605920203097,6.173555697208164,13.842372773936917,0.10742273931337847,0.35204917180618767,0.6802227661412887,3.5961157100059515,0.6802227661412871,0.8,self,,0.0,2.0259249210357666,ok
C3,0.5,0.6,1.0,0.1,20,200,5,1.0,predictive,P1+P2,100.0,15,3.0,False,False,False,0.025191327088514907,0.03626789807676029,106.70255167037611,9.637321019232418,0.002881850246551832,6.974248179774058,3.385548950746972,48.18660509616199,2.2143612619614665,0.48186605096162094,6.246267898275874,13.831493665775561,0.20608451776273629,1.1402473078848514,0.6974248179774059,3.707631027460479,0.6974248179774049,0.8,self,,0.0,7.71331787109375,ok
C3,0.5,0.6,1.0,0.1,20,200,5,1.0,predictive,P1+P2,100.0,15,10.0,False,False,False,0.025200856553034973,0.036281500244477426,106.72357026695893,9.637184997555233,0.001434779835645655,6.977110356770374,3.384269865838748,48.185924987776005,2.214828713862668,0.48185924987776163,6.2469664364329045,13.835960637947943,0.20604829052357682,1.1403174559834326,0.6977110356770374,3.713306431594684,0.697711035677037,0.8,self,,0.0,7.751917123794556,ok
C3,0.5,0.6,1.0,0.1,20,200,5,1.0,predictive,P1+P2,100.0,15,30.0,False,False,False,0.025203534243660664,0.03628532500168774,106.72959694054657,9.637146749983096,0.0010196244416646807,6.977932097872639,3.383901527702601,48.18573374991552,2.2149625757381703,0.48185733749915477,6.247167360255346,13.837241907338607,0.206037994893172,1.1403362040414193,0.6977932097872639,3.7149616784901807,0.6977932097872639,0.8,self,,0.0,7.802178621292114,ok
C3,0.5,0.6,1.0,0.1,20,200,5,1.0,predictive,P1+P2,100.0,15,100.0,False,False,False,0.025204466588787913,0.03628665703305758,106.73170846695533,9.63713342966941,0.0008741395779715281,6.97822012159625,3.383772309156369,48.18566714834707,2.215009457861508,0.4818566714834705,6.247237823603978,13.837690864792956,0.20603439760629,1.1403426301408695,0.697822012159625,3.7155446095995734,0.697822012159623,0.8,self,,0.0,7.89856743812561,ok
C3,0.5,0.6,1.0,0.1,20,200,5,1.0,predictive,P1+P2,100.0,15,300.0,False,False,False,0.025204732508098744,0.036287036976871606,106.73231196737325,9.637129630231268,0.0008325552493284125,6.978302453460865,3.3837353610585392,48.185648151156364,2.215022855613739,0.4818564815115634,6.247257969300154,13.837819186914915,0.206033370410469,1.1403444532467064,0.6978302453460865,3.7157115053166905,0.6978302453460833,0.8,self,,0.0,7.632009029388428,ok
C3,0.5,0.6,1.0,0.1,20,200,5,1.0,predictive,P1+P2,100.0,15,1000.0,False,False,False,0.02520482553091075,0.03628716989019713,106.73252321421928,9.637128301098032,0.0008179989244188606,6.978331273744444,3.383722426233105,48.18564150549004,2.215027545125838,0.4818564150549016,6.2472650216906365,13.837864104745925,0.20603301095537882,1.140345089976963,0.6978331273744445,3.7157699549918637,0.6978331273744421,0.8,self,,0.0,7.904771327972412,ok
C3,0.5,0.6,1.0,0.1,20,200,5,1.0,predictive,P1+P2,100.0,20,3.0,False,False,False,0.02269186906605081,0.03273724302598251,104.4424648009061,9.672627569740145,0.0031183665046089727,7.466037321215671,2.858216742539575,48.36313784870094,2.1595469079703538,0.48363137848700727,6.444498691764609,13.917197223219253,0.2982613785384028,2.3172951548490905,0.7466037321215672,3.939035726931678,0.7466037321215635,0.8,self,,0.0,41.38105487823486,ok
C3,0.5,0.6,1.0,0.1,20,200,5,1.0,predictive,P1+P2,100.0,20,10.0,False,False,False,0.022700812224401266,0.03275002326434523,104.46363075781501,9.672499767356502,0.001580828298532506,7.469005353060106,2.8569140512848596,48.362498836782535,2.1600130942440936,0.4836249883678251,6.445219711068446,13.921758971187977,0.2981837030568548,2.317137102552312,0.7469005353060106,3.944325103294642,0.7469005353060062,0.8,self,,0.0,40.983635902404785,ok
C3,0.5,0.6,1.0,0.1,20,200,5,1.0,predictive,P1+P2,100.0,20,30.0,False,False,False,0.022703327953132804,0.032753620581876565,104.4697024858471,9.672463794181208,0.0011397053792836867,7.469857347256863,2.8565391531826454,48.362318970906074,2.16014667428777,0.48362318970906043,6.445427006614988,13.923067712703943,0.2981614649964415,2.317091059901867,0.7469857347256863,3.945867575163471,0.7469857347256841,0.8,self,,0.0,40.44679141044617,ok
C3,0.5,0.6,1.0,0.1,20,200,5,1.0,predictive,P1+P2,100.0,20,100.0,False,False,False,0.022704204204099646,0.03275487379856012,104.47183009402379,9.672451262014356,0.0009851192309994897,7.470155961248507,2.8564076575061383,48.36225631007179,2.1601934662479088,0.4836225631007178,6.445499694879453,13.923526327581484,0.29815367712188884,2.3170748546252056,0.7470155961248507,3.9464107695460644,0.7470155961248462,0.8,self,,0.0,40.57625770568848,ok
C3,0.5,0.6,1.0,0.1,20,200,5,1.0,predictive,P1+P2,100.0,20,300.0,False,False,False,0.022704454153203605,0.03275523129941283,104.47243821909647,9.67244768700585,0.0009409333277788592,7.470241319085712,2.8563700605806592,48.36223843502914,2.1602068390495814,0.4836223843502925,6.445520475777852,13.923657413009428,0.2981514515861652,2.3170702160137364,0.7470241319085713,3.946566286487169,0.7470241319085692,0.8,self,,0.0,40.73335552215576,ok
C3,0.5,0.6,1.0,0.1,20,200,5,1.0,predictive,P1+P2,100.0,20,1000.0,False,False,False,0.02270454159240571,0.032755356365644174,104.47265108771037,9.672446436343519,0.0009254663248784867,7.4702711984795185,2.8563568988520847,48.36223218171755,2.1602115199141765,0.4836223218171759,6.445527750438061,13.923703298422808,0.29815067260382033,2.3170685916063243,0.7470271198479519,3.946620750916049,0.7470271198479541,0.8,self,,0.0,39.70047855377197,ok
C3,0.5,0.6,1.0,0.1,20,200,5,1.0,predictive,P1+P2 (protect),100.0,5,3.0,True,True,False,0.026738743825039317,0.0384320164084184,107.86670657332263,9.615679835915813,0.002933239844196957,6.750214962274813,3.6311719619651766,48.07839917957899,2.2435586128903053,0.4807839917957907,6.153910829933684,13.806659645456644,0.014989635194002055,0.023165518520172103,0.6750214962274814,3.5580668768726413,0.6750214962274785,0.8,self,,0.0,1.0642595291137695,ok
C3,0.5,0.6,1.0,0.1,20,200,5,1.0,predictive,P1+P2 (protect),100.0,5,10.0,True,True,False,0.026763635350447113,0.03846695365545739,107.89697224606411,9.615330463445419,0.0015119628014715093,6.753972114951763,3.6291854588013464,48.07665231722698,2.2442696619997835,0.480766523172271,6.15487146409023,13.813191300365894,0.014964777513268017,0.023126846067899276,0.6753972114951763,3.5636859703902335,0.6753972114951772,0.8,self,,0.0,1.1114287376403809,ok
C3,0.5,0.6,1.0,0.1,20,200,5,1.0,predictive,P1+P2 (protect),100.0,5,30.0,True,True,False,0.026770688199478556,0.03847685517453377,107.90563293897182,9.615231448254686,0.0011042874986855332,6.755049776257906,3.6286144879887225,48.076157241273435,2.2444729181960223,0.4807615724127343,6.1551474488004985,13.815061756336057,0.014957501526678189,0.023115489178076033,0.6755049776257906,3.5653279106476026,0.67550497762579,0.8,self,,0.0,1.0789930820465088,ok
C3,0.5,0.6,1.0,0.1,20,200,5,1.0,predictive,P1+P2 (protect),100.0,5,100.0,True,True,False,0.02677315033398051,0.03848031201713514,107.90866550554503,9.61519687982865,0.0009614323512629056,6.755427392488828,3.628414295331259,48.07598439914332,2.2445440661110596,0.4807598439914325,6.155244201507181,13.815716847957452,0.014954936622696502,0.023111481840227523,0.6755427392488829,3.5659064809377603,0.6755427392488828,0.8,self,,0.0,1.130460262298584,ok
C3,0.5,0.6,1.0,0.1,20,200,5,1.0,predictive,P1+P2 (protect),100.0,5,300.0,True,True,False,0.026773853190267552,0.038481298852310816,107.90953207700545,9.615187011476936,0.000920600485080122,6.755535324104649,3.6283570639333353,48.075935057384406,2.244564394810053,0.4807593505738468,6.155271860154192,13.815904057678344,0.014954202047447754,0.023110333794499584,0.6755535324104649,3.5660721590718216,0.6755535324104628,0.8,self,,0.0,1.1835289001464844,ok
C3,0.5,0.6,1.0,0.1,20,200,5,1.0,predictive,P1+P2 (protect),100.0,5,1000.0,True,True,False,0.026774099125676187,0.038481644156805335,107.90983538994422,9.615183558431953,0.0009063076391777339,6.7555731044979215,3.6283370294309476,48.07591779215966,2.2445715099284578,0.48075917792159767,6.155281542256081,13.815969585336498,0.014953944762762413,0.023109931653692076,0.6755573104497922,3.566130185575767,0.6755573104497893,0.8,self,,0.0,1.2566819190979004,ok
C3,0.5,0.6,1.0,0.1,20,200,5,1.0,predictive,P1+P2 (protect),100.0,10,3.0,True,True,False,0.02586601705256978,0.03718685618667262,106.76145012996484,9.62813143813329,0.006339400605651302,6.721820051384596,3.643709109876463,48.14065719066631,2.217698227656604,0.48140657190666447,6.148684853732762,13.635927502542152,0.10915862098982713,0.35936797520471325,0.6721820051384597,3.4523681999703677,0.6721820051384578,0.8,self,,0.0,1.4335694313049316,ok
C3,0.5,0.6,1.0,0.1,20,200,5,1.0,predictive,P1+P2 (protect),100.0,10,10.0,True,True,False,0.025902731435338614,0.03723931707811455,106.81634104398556,9.627606829218854,0.004763183363036569,6.727983603830475,3.6396463835876354,48.13803414609418,2.218959351763483,0.48138034146094266,6.150449408026388,13.647597231488332,0.10908045104772969,0.3589632790745996,0.6727983603830475,3.4571121911710962,0.6727983603830475,0.8,self,,0.0,1.3704352378845215,ok
C3,0.5,0.6,1.0,0.1,20,200,5,1.0,predictive,P1+P2 (protect),100.0,10,30.0,True,True,False,0.0259131569667827,0.037254218280700684,106.83204148633516,9.627457817193001,0.004311793048336564,6.729748523895032,3.63848186586363,48.13728908596481,2.2193198560798,0.48137289085965007,6.150955128892466,13.650936851406936,0.10905783742210697,0.35884580027050944,0.6729748523895033,3.458502395523666,0.6729748523895022,0.8,self,,0.0,1.3047494888305664,ok
C3,0.5,0.6,1.0,0.1,20,200,5,1.0,predictive,P1+P2 (protect),100.0,10,100.0,True,True,False,0.025916798985630363,0.037259424268334305,106.83753836732551,9.627405757316634,0.004153696219781524,6.73036664909181,3.638073897371775,48.13702878658315,2.2194460493395365,0.4813702878658317,6.151132293384275,13.65210626751657,0.10904989312615809,0.3588044877548656,0.673036664909181,3.4589926759092884,0.6730366649091776,0.8,self,,0.0,1.3621668815612793,ok
C3,0.5,0.6,1.0,0.1,20,200,5,1.0,predictive,P1+P2 (protect),100.0,10,300.0,True,True,False,0.02591783889891734,0.03726091078832294,106.8391090665076,9.62739089211674,0.0041085151785796555,6.730543294494654,3.637957298210026,48.13695446058376,2.219482106081124,0.481369544605837,6.151182927204257,13.652440438161557,0.1090476205093593,0.35879266559718165,0.6730543294494655,3.459133110900478,0.6730543294494644,0.8,self,,0.0,1.248100757598877,ok
C3,0.5,0.6,1.0,0.1,20,200,5,1.0,predictive,P1+P2 (protect),100.0,10,1000.0,True,True,False,0.025918202798730562,0.03726143097505532,106.83965882811358,9.627385690249458,0.004092700708921425,6.730605124390289,3.6379164846513317,48.13692845124712,2.2194947260982874,0.4813692845124729,6.151200650655777,13.65255740330285,0.10904682479738481,0.3587885258903081,0.673060512439029,3.459182300468364,0.6730605124390274,0.8,self,,0.0,1.3783388137817383,ok
C3,0.5,0.6,1.0,0.1,20,200,5,1.0,predictive,P1+P2 (protect),100.0,15,3.0,True,True,False,0.024139685286911506,0.034749932775557026,104.67077058419238,9.652500672244418,0.022254974343418787,7.004672313839857,3.3205720395723066,48.262503361222194,2.168780384241173,0.4826250336122209,6.267784354460148,13.593447760606892,0.20724863390275683,1.1492583195016686,0.7004672313839857,2.9444464730560487,0.7004672313839853,0.8,self,,0.0,2.713778495788574,ok
C3,0.5,0.6,1.0,0.1,20,200,5,1.0,predictive,P1+P2 (protect),100.0,15,10.0,True,True,False,0.024174408844808492,0.034799748209222076,104.73638082433249,9.652002517907734,0.020243653440770528,7.010981410220561,3.3167724184309346,48.260012589538825,2.170251833855424,0.4826001258953867,6.269515422590072,13.60642734326097,0.20705270344166385,1.1482227504984206,0.7010981410220561,2.9500528344360744,0.7010981410220551,0.8,self,,0.0,2.512981414794922,ok
C3,0.5,0.6,1.0,0.1,20,200,5,1.0,predictive,P1+P2 (protect),100.0,15,30.0,True,True,False,0.024184258203597094,0.034813882734866006,104.75515343751633,9.651861172651335,0.019668287439122217,7.01278760366846,3.3156829362410822,48.25930586325643,2.170672610466919,0.48259305863256674,6.270011576547533,13.610142396522235,0.20699681282711782,1.1479245932293403,0.7012787603668461,2.9516879013351733,0.7012787603668448,0.8,self,,0.0,2.642876148223877,ok
C3,0.5,0.6,1.0,0.1,20,200,5,1.0,predictive,P1+P2 (protect),100.0,15,100.0,True,True,False,0.024187697782651583,0.03481881923903432,104.76172658297747,9.651811807609644,0.019466835193591527,7.013420143275075,3.3153012139216895,48.25905903804802,2.1708199179843533,0.4825905903804822,6.270185393311288,13.6114433412547,0.20697726135581718,1.1478199990031634,0.7013420143275075,2.9522637148397517,0.7013420143275101,0.8,self,,0.0,2.53312349319458,ok
C3,0.5,0.6,1.0,0.1,20,200,5,1.0,predictive,P1+P2 (protect),100.0,15,300.0,True,True,False,0.024188679781606548,0.034820228654297736,104.76360488216935,9.651797713456995,0.019409270337927154,7.013600904140049,3.3151921120650285,48.25898856728497,2.1708620091799675,0.48258988567284977,6.270235070721128,13.611815103656363,0.20697167622120669,1.1477900921649054,0.7013600904140049,2.9524285715518577,0.7013600904140043,0.8,self,,0.0,2.727911949157715,ok
C3,0.5,0.6,1.0,0.1,20,200,5,1.0,predictive,P1+P2 (protect),100.0,15,1000.0,True,True,False,0.024189023403586717,0.03482072184287518,104.7642623138518,9.65179278157123,0.01938912189562086,7.013664174139989,3.3151539223931605,48.2589639078562,2.1708767414461,0.48258963907856145,6.270252459438493,13.611945227190228,0.20696972152996143,1.1477796223804564,0.701366417413999,2.952486307000726,0.701366417413998,0.8,self,,0.0,2.5023000240325928,ok
C3,0.5,0.6,1.0,0.1,20,200,5,1.0,predictive,P1+P2 (protect),100.0,20,3.0,True,True,False,0.020886763781301457,0.030124949585869514,100.89763877399722,9.698750504141307,0.03838417260105175,8.019119640423492,2.2437456828341493,48.49375252070621,2.0806317005662787,0.48493752520706535,6.670223825682198,13.87827914158686,0.29489421577508834,2.243745682834111,0.8019119640423492,2.2181216911191557,0.8019119640423534,0.8,self,,0.0,8.150373458862305,ok
C3,0.5,0.6,1.0,0.1,20,200,5,1.0,predictive,P1+P2 (protect),100.0,20,10.0,True,True,False,0.02092193058583467,0.030175547047412835,100.97111890696928,9.698244529525859,0.035911108650745927,8.023779368366153,2.2420649934572427,48.49122264762948,2.0822555793384456,0.48491222647629295,6.671227660307743,13.891201016712762,0.29466628963767555,2.242064993457228,0.8023779368366153,2.22268038198949,0.8023779368366138,0.8,self,,0.0,7.958802938461304,ok
C3,0.5,0.6,1.0,0.1,20,200,5,1.0,predictive,P1+P2 (protect),100.0,20,30.0,True,True,False,0.020931911923039514,0.03018991189172142,100.99214587631617,9.69810088108274,0.03520374135340009,8.025112398615452,2.2415829789484087,48.49050440541377,2.082720052403513,0.484905044054137,6.671515270505355,13.894898633797752,0.2946013058271003,2.241582978948295,0.8025112398615453,2.224009858339168,0.802511239861553,0.8,self,,0.0,8.031840562820435,ok
C3,0.5,0.6,1.0,0.1,20,200,5,1.0,predictive,P1+P2 (protect),100.0,20,100.0,True,True,False,0.02093539825860439,0.03019492973418949,100.99950865615733,9.698050702658076,0.03495608015304623,8.025579131591861,2.2414140855970164,48.49025351329035,2.082882668956868,0.4849025351329038,6.671616017290856,13.896193376350167,0.29457857718067426,2.241414085596907,0.8025579131591862,2.224478047269423,0.8025579131591938,0.8,self,,0.0,7.965310096740723,ok
C3,0.5,0.6,1.0,0.1,20,200,5,1.0,predictive,P1+P2 (protect),100.0,20,300.0,True,True,False,0.020936393670388187,0.030196362458299916,101.00161262322464,9.698036375416976,0.034885311909858996,8.025712500178235,2.24136581249493,48.49018187708457,2.082929135618604,0.4849018187708488,6.671644809989409,13.896563357225585,0.2945720848111913,2.241365812494856,0.8025712500178236,2.22461209017822,0.8025712500178256,0.8,self,,0.0,8.266862392425537,ok
C3,0.5,0.6,1.0,0.1,20,200,5,1.0,predictive,P1+P2 (protect),100.0,20,1000.0,True,True,False,0.020936741992513844,0.03019686381225785,101.0023490447585,9.698031361877353,0.03486054219418775,8.025759180891837,2.2413489150366215,48.490156809387,2.082945399450758,0.48490156809386764,6.671654888262863,13.89669285623029,0.294569812643729,2.24134891503648,0.8025759180891838,2.2246590340726304,0.8025759180891917,0.8,self,,0.0,8.097216367721558,ok
