row,rho_B,rho,alpha,r1,sigma,delta,c,K,b,mu,model,series,stage,beta,n_target,gamma,protect_presetup,protect_delayoff,P_block,P_block_arrival_stable,E_N,E_B,E_I,E_S,E_off,lambda_eff,E_W,rho_server,Cost,ERP,p1_fire_rate,p1_launch_rate,setup_completion_rate,setup_cancel_rate,delayoff_rate,consistency_max_relerr,min_pi,elapsed_s,check
A_rhoB0.6,0.6,0.37499999999999994,0.1,0.1,1.0,0.6,20,200,5,1.0,base,Base,coarse,0.001,0,1.0,False,False,3.0286042335088184e-08,4.5297745964482835e-08,39.86345352768629,7.499999660266895,6.944841544756422,0.06944841544756417,5.48571037952912,37.499998301334514,1.063025475557626,0.37499998301334475,4.412634001905634,4.690742358337487,0.0,0.0,,,,,2.8558307302897577e-35,0.6248233318328857,ok
A_rhoB0.6,0.6,0.37499999999999994,0.1,0.1,1.0,0.6,20,200,5,1.0,base,Base,coarse,0.004216965034285823,0,1.0,False,False,6.456250493024959e-07,9.5928485475642e-07,40.706913013046226,7.499992805363576,5.428351611431732,0.22891168939216766,6.842743893812525,37.49996402681792,1.0855187216695694,0.3749996402681788,4.130484495257925,4.48371824916836,0.0,0.0,,,,,3.8222201361808725e-27,0.3750143051147461,ok
A_rhoB0.6,0.6,0.37499999999999994,0.1,0.1,1.0,0.6,20,200,5,1.0,base,Base,coarse,0.01778279410038923,0,1.0,False,False,1.2302716710898863e-05,1.8130610968423675e-05,43.20914445926357,7.499864020417743,3.858276429730544,0.6861093533228328,7.95575019652888,37.49932010208869,1.1522647435108255,0.3749932010208871,3.9481431322890352,4.5493061336710525,0.0,0.0,,,,,2.3969110758251185e-20,0.3767819404602051,ok
A_rhoB0.6,0.6,0.37499999999999994,0.1,0.1,1.0,0.6,20,200,5,1.0,base,Base,coarse,0.07498942093324558,0,1.0,False,False,0.00016293178500135822,0.00023764489165079315,49.46686257770369,7.49821766331263,2.343294499387183,1.7572229758510456,8.401264861449143,37.491088316563044,1.3194298911789635,0.3749108831656315,4.008479691040514,5.288907922542671,0.0,0.0,,,,,4.2187843210801915e-15,0.4134047031402588,ok
A_rhoB0.6,0.6,0.37499999999999994,0.1,0.1,1.0,0.6,20,200,5,1.0,base,Base,coarse,0.31622776601683794,0,1.0,False,False,0.0011356552592156704,0.0016367721078025105,60.8482162158609,7.487724209191486,1.1158667682084418,3.528680552829826,7.867728469770245,37.43862104595742,1.6252793109331474,0.3743862104595743,4.393674014931379,7.140947475452546,0.0,0.0,,,,,2.0885850922151168e-16,0.37069082260131836,ok
A_rhoB0.6,0.6,0.37499999999999994,0.1,0.1,1.0,0.6,20,200,5,1.0,base,Base,coarse,1.333521432163324,0,1.0,False,False,0.003468344423497819,0.004948522769668496,73.11454237700653,7.462886079227481,0.3953737174983494,5.272393259981375,6.869346943292794,37.31443039613746,1.9594173514323525,0.37314430396137405,4.877401892138763,9.556865897365679,0.0,0.0,,,,,2.686168062387693e-21,0.4367365837097168,ok
A_rhoB0.6,0.6,0.37499999999999994,0.1,0.1,1.0,0.6,20,200,5,1.0,base,Base,coarse,5.623413251903491,0,1.0,False,False,0.005265915989992713,0.007478078110355125,79.99734505789985,7.443914414172323,0.11059730345026368,6.219343418470058,6.226144863907355,37.21957207086171,2.14933543313164,0.3721957207086161,5.16206110440762,11.095000839693943,0.0,0.0,,,,,4.2942439965570837e-29,0.4019601345062256,ok
A_rhoB0.6,0.6,0.37499999999999994,0.1,0.1,1.0,0.6,20,200,5,1.0,base,Base,coarse,23.71373705661655,0,1.0,False,False,0.005816997348032005,0.008252375150774276,82.3380367641279,7.438107186369185,0.02763595285967586,6.553517194234041,5.980739666537098,37.19053593184596,2.213951337378349,0.37190535931845925,5.26680527395291,11.660450579979386,0.0,0.0,,,,,5.9223329584816e-39,0.4472787380218506,ok
A_rhoB0.6,0.6,0.37499999999999994,0.1,0.1,1.0,0.6,20,200,5,1.0,base,Base,coarse,100.0,0,1.0,False,False,0.005926591939091986,0.008407000878497262,82.97226149426469,7.4369474934112825,0.00664886798366073,6.648867983660729,5.907535654944329,37.18473746705635,2.231352623311475,0.3718473746705641,5.297484807900233,11.82055662306087,0.0,0.0,,,,,3.7948479239079833e-50,0.4209866523742676,ok
A_rhoB0.6,0.6,0.37499999999999994,0.1,0.1,1.0,0.6,20,200,5,1.0,predictive,Check,check,0.31622776601683794,0,1.0,False,False,0.0011356552592156704,0.0016367721078025103,60.84821621586095,7.487724209191488,1.1158667682084373,3.528680552829828,7.867728469770247,37.438621045957326,1.6252793109331527,0.37438621045957443,4.3936740149313795,7.140947475452571,0.0,0.0,0.3528680552829828,3.6316430792701886,0.35286805528298454,3.979769113144765e-15,0.0,1.0334343910217285,ok
A_rhoB0.6,0.6,0.37499999999999994,0.1,0.1,1.0,0.6,20,200,5,1.0,predictive,P2 only,coarse,0.001,0,3.0,False,False,1.7598287216098616e-07,2.6220778188190885e-07,40.216473478760044,7.49999803344164,6.112266799000003,0.13656369500838136,6.2511714725499745,37.49999016720814,1.0724395739689376,0.374999901672082,4.250048521315452,4.557920225546856,0.0,0.0,0.013656369500838136,0.6207991184289724,0.013656369500838145,,0.0,0.9277238845825195,ok
A_rhoB0.6,0.6,0.37499999999999994,0.1,0.1,1.0,0.6,20,200,5,1.0,predictive,P2 only,coarse,0.004216965034285823,0,3.0,False,False,3.9365584054516984e-06,5.819371544494572e-06,41.83591215291106,7.499956354713433,4.532918441609877,0.4374536687979239,7.529671534878767,37.499781773567136,1.1156308163478534,0.37499781773567165,4.006879426045689,4.470198165086771,0.0,0.0,0.04374536687979239,1.364514829264309,0.04374536687979245,,0.0,1.2963464260101318,ok
A_rhoB0.6,0.6,0.37499999999999994,0.1,0.1,1.0,0.6,20,200,5,1.0,predictive,P2 only,coarse,0.01778279410038923,0,3.0,False,False,6.83592937437479e-05,0.00010003837582802887,46.35709857006407,7.499249712181302,2.9447313820611334,1.2328851715647557,8.323133734192806,37.49624856090654,1.236312973943634,0.3749624856090651,3.94740413660725,4.880226947486312,0.0,0.0,0.12328851715647558,2.4280883950652044,0.12328851715647543,,0.0,1.7969698905944824,ok
A_rhoB0.6,0.6,0.37499999999999994,0.1,0.1,1.0,0.6,20,200,5,1.0,predictive,P2 only,coarse,0.07498942093324558,0,3.0,False,False,0.0006629988335379312,0.0009584739231744366,56.088951895259356,7.492811445576201,1.5419049593225749,2.7974505329637456,8.167833062137479,37.464057227881035,1.4971403538620887,0.3746405722788101,4.21676795465511,6.313093467786667,0.0,0.0,0.27974505329637456,3.3471717810307675,0.2797450532963747,,0.0,1.0065793991088867,ok
A_rhoB0.6,0.6,0.37499999999999994,0.1,0.1,1.0,0.6,20,200,5,1.0,predictive,P2 only,coarse,0.31622776601683794,0,3.0,False,False,0.0027233594942096626,0.0038927873113339725,69.0921707563329,7.470804095165004,0.602129274111148,4.691837679720193,7.235228951003656,37.35402047582505,1.8496582128568542,0.3735402047582502,4.708743193209521,8.7095655195538,0.0,0.0,0.46918376797201927,3.723815033928174,0.46918376797201755,,0.0,1.0593137741088867,ok
A_rhoB0.6,0.6,0.37499999999999994,0.1,0.1,1.0,0.6,20,200,5,1.0,predictive,P2 only,coarse,1.333521432163324,0,3.0,False,False,0.004885078635382415,0.006940802552550759,77.99676562406309,7.44794398085588,0.18049815848943426,5.927030703641692,6.444527157012995,37.23971990427928,2.0944509202686117,0.372397199042794,5.069441200454711,10.617695787539985,0.0,0.0,0.5927030703641692,3.889907591129516,0.5927030703641692,,0.0,0.9718124866485596,ok
A_rhoB0.6,0.6,0.37499999999999994,0.1,0.1,1.0,0.6,20,200,5,1.0,predictive,P2 only,coarse,5.623413251903491,0,3.0,False,False,0.005687865026966376,0.00806949055188137,81.46712205082528,7.439478820860881,0.04752779413643045,6.4219428927654585,6.091050492237231,37.19739410430433,2.1901298199111814,0.37197394104304404,5.2223390359128805,11.43760045223901,0.0,0.0,0.6421942892765459,4.076148162141133,0.6421942892765455,,0.0,1.0166404247283936,ok
A_rhoB0.6,0.6,0.37499999999999994,0.1,0.1,1.0,0.6,20,200,5,1.0,predictive,P2 only,coarse,23.71373705661655,0,3.0,False,False,0.005876399201302098,0.008335814299851843,82.61313563340539,7.437481392751113,0.011969643932448268,6.594319230770794,5.956229732545644,37.18740696375566,2.221535255575186,0.37187406963755565,5.2783766064672,11.726099723470194,0.0,0.0,0.6594319230770794,4.190043484490591,0.6594319230770791,,0.0,0.9962975978851318,ok
A_rhoB0.6,0.6,0.37499999999999994,0.1,0.1,1.0,0.6,20,200,5,1.0,predictive,P2 only,coarse,100.0,0,3.0,False,False,0.005932996978066208,0.008416036547892214,83.01761099844694,7.436879725890814,0.0029286486462154655,6.656119976766734,5.9040716486962355,37.184398629454115,2.232592540374928,0.37184398629454074,5.299346696195986,11.831281902787678,0.0,0.0,0.6656119976766735,4.233200841819198,0.6656119976766678,,0.0,1.0751819610595703,ok
A_rhoB0.6,0.6,0.37499999999999994,0.1,0.1,1.0,0.6,20,200,5,1.0,predictive,P2 only,coarse,0.001,0,10.0,False,False,1.933405919598051e-06,2.86337958156584e-06,41.26112480514446,7.499978524653144,4.93059602582881,0.3317406373488629,7.237684812169182,37.499892623265666,1.100299812046535,0.3749989262326572,4.056853066804184,4.463754666905053,0.0,0.0,0.03317406373488629,1.1408365488213181,0.03317406373488642,,0.0,0.9209651947021484,ok
A_rhoB0.6,0.6,0.37499999999999994,0.1,0.1,1.0,0.6,20,200,5,1.0,predictive,P2 only,coarse,0.004216965034285823,0,10.0,False,False,3.835282185639554e-05,5.624440390622516e-05,44.8975061910625,7.499578166970713,3.3197155889643364,0.9810696196739149,8.199636624391033,37.49789083485356,1.1973341751086208,0.37497890834853564,3.9374419551059336,4.714433815354838,0.0,0.0,0.09810696196739149,2.1531996828704667,0.09810696196739191,,0.0,0.9857573509216309,ok
A_rhoB0.6,0.6,0.37499999999999994,0.1,0.1,1.0,0.6,20,200,5,1.0,predictive,P2 only,coarse,0.01778279410038923,0,10.0,False,False,0.0004491132560502348,0.0006506562788711075,53.430769190597346,7.495120077908456,1.8393832121803877,2.3804583591631086,8.285038350748046,37.47560038954235,1.4257481837571127,0.3747560038954228,4.127962760839516,5.885435408883937,0.0,0.0,0.23804583591631087,3.14804133290795,0.23804583591631054,,0.0,0.893319845199585,ok
A_rhoB0.6,0.6,0.37499999999999994,0.1,0.1,1.0,0.6,20,200,5,1.0,predictive,P2 only,coarse,0.07498942093324558,0,10.0,False,False,0.0022462808155156127,0.00321564732212582,66.35992495311514,7.47588264508406,0.7737744014981001,4.294938839808824,7.455404113609015,37.37941322542018,1.7753067591758376,0.373794132254203,4.60014768157518,8.166673272307476,0.0,0.0,0.42949388398088245,3.622410233464908,0.42949388398088356,,0.0,1.0343999862670898,ok
A_rhoB0.6,0.6,0.37499999999999994,0.1,0.1,1.0,0.6,20,200,5,1.0,predictive,P2 only,coarse,0.31622776601683794,0,10.0,False,False,0.00460011977024917,0.006538904808994731,76.46389555408294,7.450958213932535,0.2524963930804172,5.701386603568746,6.595158789418303,37.25479106966269,2.0524580425401715,0.37254791069662674,5.001978760806357,10.266351536232127,0.0,0.0,0.5701386603568747,3.7944326901789287,0.5701386603568729,,0.0,0.987703800201416,ok
A_rhoB0.6,0.6,0.37499999999999994,0.1,0.1,1.0,0.6,20,200,5,1.0,predictive,P2 only,coarse,1.333521432163324,0,10.0,False,False,0.005603490747023619,0.00794946892937675,80.66587229691855,7.440378983029658,0.07510354481033653,6.296218955076706,6.1882985170833,37.20189491514831,2.1683269758410093,0.37201894915148287,5.181628551235905,11.23546496643278,0.0,0.0,0.6296218955076707,3.9896057913749714,0.6296218955076704,,0.0,0.9443678855895996,ok
A_rhoB0.6,0.6,0.37499999999999994,0.1,0.1,1.0,0.6,20,200,5,1.0,predictive,P2 only,coarse,5.623413251903491,0,10.0,False,False,0.0058248117155619466,0.008262033025390742,82.0690674413402,7.438034752309562,0.022189281334940105,6.50895638525585,6.030819581099648,37.19017376154755,2.206740629058173,0.3719017376154781,5.24879536349963,11.582729982246795,0.0,0.0,0.6508956385255851,4.1359768128551275,0.6508956385255844,,0.0,0.9725291728973389,ok
A_rhoB0.6,0.6,0.37499999999999994,0.1,0.1,1.0,0.6,20,200,5,1.0,predictive,P2 only,coarse,23.71373705661655,0,10.0,False,False,0.005894559285887946,0.008361392101199646,82.71214963148478,7.437289559241019,0.006234520499810003,6.6093717439964905,5.9471041762626795,37.18644779620495,2.2242551933106642,0.3718644779620509,5.28267014980175,11.750006515243767,0.0,0.0,0.660937174399649,4.208319364573021,0.6609371743996484,,0.0,0.9613094329833984,ok
A_rhoB0.6,0.6,0.37499999999999994,0.1,0.1,1.0,0.6,20,200,5,1.0,predictive,P2 only,coarse,100.0,0,10.0,False,False,0.0059350694771005625,0.008418964870736312,83.0335339962756,7.436857763469498,0.0016106999976701962,6.658687716537938,5.902843819994895,37.18428881734745,2.2330273520664528,0.3718428881734749,5.300006544164271,11.835059579250013,0.0,0.0,0.6658687716537939,4.237771268534291,0.6658687716537911,,0.0,0.9717724323272705,ok
A_rhoB0.6,0.6,0.37499999999999994,0.1,0.1,1.0,0.6,20,200,5,1.0,predictive,P2 only,coarse,0.001,0,30.0,False,False,1.8617528024802672e-05,2.7375199251410867e-05,43.58641651006778,7.4997946860056235,3.7374761725524404,0.7514101457657814,8.011318995676154,37.49897343002811,1.1623362594551727,0.37498973430028115,3.945417767463173,4.585902129821123,0.0,0.0,0.07514101457657814,1.8644743683317964,0.07514101457657803,,0.0,1.0224552154541016,ok
A_rhoB0.6,0.6,0.37499999999999994,0.1,0.1,1.0,0.6,20,200,5,1.0,predictive,P2 only,coarse,0.004216965034285823,0,30.0,False,False,0.0002612920932047432,0.00037970527071633177,50.68249729561643,7.497152210469644,2.1959930430407413,1.9436649415544809,8.363189804935136,37.48576105234811,1.352046640452073,0.3748576105234822,4.044948111411506,5.468958504836884,0.0,0.0,0.1943664941554481,2.9201222952943633,0.19436649415544868,,0.0,1.0783929824829102,ok
A_rhoB0.6,0.6,0.37499999999999994,0.1,0.1,1.0,0.6,20,200,5,1.0,predictive,P2 only,coarse,0.01778279410038923,0,30.0,False,False,0.0016566035588897936,0.002377501349495936,63.003637933045134,7.482168739878771,0.9982558641262456,3.8115162677649965,7.708059128229986,37.410843699393894,1.6841009638621403,0.3741084369939386,4.471394233050415,7.530279337687818,0.0,0.0,0.38115162677649966,3.533582775960983,0.3811516267764981,,0.0,0.9080510139465332,ok
A_rhoB0.6,0.6,0.37499999999999994,0.1,0.1,1.0,0.6,20,200,5,1.0,predictive,P2 only,coarse,0.07498942093324558,0,30.0,False,False,0.004134650935373858,0.0058834770836143965,74.47976971297227,7.455873921872868,0.3494711068306913,5.421721865692153,6.772933105604287,37.27936960936441,1.997881683446259,0.37279369609364343,4.920554952256419,9.83068661150388,0.0,0.0,0.5421721865692154,3.726747280051187,0.5421721865692145,,0.0,0.9886207580566406,ok
A_rhoB0.6,0.6,0.37499999999999994,0.1,0.1,1.0,0.6,20,200,5,1.0,predictive,P2 only,coarse,0.31622776601683794,0,30.0,False,False,0.00547708892505353,0.007771201047185003,79.8589859465294,7.4417159921461185,0.11313210132211399,6.173283644354017,6.271868262177751,37.20857996073048,2.1462519136933382,0.3720857996073059,5.144488807804374,11.041368948724097,0.0,0.0,0.6173283644354017,3.906465296586437,0.6173283644354031,,0.0,0.9681909084320068,ok
A_rhoB0.6,0.6,0.37499999999999994,0.1,0.1,1.0,0.6,20,200,5,1.0,predictive,P2 only,coarse,1.333521432163324,0,30.0,False,False,0.005799386754432498,0.00822516896298114,81.5670497944343,7.438311232777623,0.040439565595260116,6.426590929220834,6.094658272406284,37.191556163888144,2.193160443058669,0.3719155616388811,5.2220485955916836,11.452790411581757,0.0,0.0,0.6426590929220835,4.064060640754741,0.6426590929220838,,0.0,1.0484123229980469,ok
A_rhoB0.6,0.6,0.37499999999999994,0.1,0.1,1.0,0.6,20,200,5,1.0,predictive,P2 only,coarse,5.623413251903491,0,30.0,False,False,0.005859233885532348,0.008310560700839924,82.2473615651949,7.437670794743688,0.014567857391455432,6.535429013245042,6.012332334619814,37.18835397371865,2.211642968207731,0.3718835397371844,5.256892399620826,11.626369110246067,0.0,0.0,0.6535429013245042,4.15914795324956,0.6535429013245017,,0.0,0.9494609832763672,ok
A_rhoB0.6,0.6,0.37499999999999994,0.1,0.1,1.0,0.6,20,200,5,1.0,predictive,P2 only,coarse,23.71373705661655,0,30.0,False,False,0.005899433321378991,0.008368265431746824,82.74061834617206,7.437238009261904,0.0045702533709808014,6.613740273265029,5.9444514641020865,37.186190046309484,2.225036182602514,0.3718619004630952,5.283917808981928,11.756908310882588,0.0,0.0,0.661374027326503,4.213941206418351,0.661374027326501,,0.0,0.945237398147583,ok
A_rhoB0.6,0.6,0.37499999999999994,0.1,0.1,1.0,0.6,20,200,5,1.0,predictive,P2 only,coarse,100.0,0,30.0,False,False,0.005935644786905202,0.008419778238772489,83.03808732784529,7.436851663209202,0.0012326035047636678,6.659424107927706,5.902491625358328,37.18425831604607,2.233151636966011,0.3718425831604601,5.300195824991487,11.836140982820156,0.0,0.0,0.6659424107927707,4.23909968511386,0.6659424107927675,,0.0,0.9660346508026123,ok
A_rhoB0.6,0.6,0.37499999999999994,0.1,0.1,1.0,0.6,20,200,5,1.0,predictive,P2 only,coarse,0.001,0,100.0,False,False,0.00017577566548377196,0.0002559654982183946,49.06128893271467,7.498080258763377,2.445144576510969,1.6804754699864692,8.376299694739185,37.49040129381675,1.3086360038724443,0.37490401293816883,4.002548657621324,5.237879280614585,0.0,0.0,0.16804754699864694,2.7541693010353328,0.16804754699864677,,0.0,0.9826874732971191,ok
A_rhoB0.6,0.6,0.37499999999999994,0.1,0.1,1.0,0.6,20,200,5,1.0,predictive,P2 only,coarse,0.004216965034285823,0,100.0,False,False,0.0013014191835233936,0.0018713072318525617,60.71990852476276,7.485965195761111,1.1673394326892066,3.478254702152543,7.868440669397139,37.429825978805525,1.6222332574868272,0.37429825978805553,4.385665165159067,7.114571887122498,0.0,0.0,0.34782547021525434,3.4651852038872977,0.34782547021525323,,0.0,0.9006752967834473,ok
A_rhoB0.6,0.6,0.37499999999999994,0.1,0.1,1.0,0.6,20,200,5,1.0,predictive,P2 only,coarse,0.01778279410038923,0,100.0,False,False,0.003762494776920692,0.0053589803061617446,72.93454281741687,7.459807647703793,0.42651255898611956,5.206375836879859,6.907303956430227,37.29903823851879,1.955400092383541,0.37299038238518967,4.858447781690322,9.500209241157867,0.0,0.0,0.520637583687986,3.691449168944459,0.5206375836879895,,0.0,1.1184699535369873,ok
A_rhoB0.6,0.6,0.37499999999999994,0.1,0.1,1.0,0.6,20,200,5,1.0,predictive,P2 only,coarse,0.07498942093324558,0,100.0,False,False,0.005356554582383618,0.007601623075419681,79.2585873950831,7.442987826934359,0.14231006621951736,6.085058830018761,6.329643276827362,37.21493913467171,2.129751901736713,0.37214939134671793,5.1183784252995626,10.900876185089906,0.0,0.0,0.6085058830018761,3.8590086198305773,0.6085058830018739,,0.0,0.9209229946136475,ok
A_rhoB0.6,0.6,0.37499999999999994,0.1,0.1,1.0,0.6,20,200,5,1.0,predictive,P2 only,coarse,0.31622776601683794,0,100.0,False,False,0.005784524299446323,0.008203816153798874,81.27772062448535,7.438471378846498,0.057455014209630166,6.378376926197992,6.125696680745881,37.19235689423235,2.185333961373381,0.3719235689423249,5.207819787476149,11.38082544628393,0.0,0.0,0.6378376926197993,4.0119471651856085,0.6378376926197995,,0.0,0.9523818492889404,ok
A_rhoB0.6,0.6,0.37499999999999994,0.1,0.1,1.0,0.6,20,200,5,1.0,predictive,P2 only,coarse,1.333521432163324,0,100.0,False,False,0.005859043824154673,0.008309367020702816,81.8935520354611,7.437679747344721,0.027693710988669965,6.475158952953034,6.059467588713575,37.1883987367237,2.2021263301823986,0.37188398736723605,5.237196463412462,11.532968228418722,0.0,0.0,0.6475158952953035,4.101215915020736,0.6475158952953038,,0.0,0.9667272567749023,ok
A_rhoB0.6,0.6,0.37499999999999994,0.1,0.1,1.0,0.6,20,200,5,1.0,predictive,P2 only,coarse,5.623413251903491,0,100.0,False,False,0.00587059382089901,0.008326594445410134,82.31019994585589,7.437550541659418,0.011856921240643654,6.544849131314215,6.005743405785724,37.18775270829686,2.2133684869721066,0.3718775270829709,5.25977740819346,11.641825563783227,0.0,0.0,0.6544849131314215,4.168055825293887,0.6544849131314204,,0.0,0.898719072341919,ok
A_rhoB0.6,0.6,0.37499999999999994,0.1,0.1,1.0,0.6,20,200,5,1.0,predictive,P2 only,coarse,23.71373705661655,0,100.0,False,False,0.005901103959007347,0.00837062232642017,82.75059816598248,7.437220332551865,0.00398500163226706,6.6152761590905875,5.9435185067252805,37.18610166275929,2.225309846039995,0.37186101662759324,5.284356599475949,11.759330770800256,0.0,0.0,0.6615276159090588,4.215953222176323,0.6615276159090571,,0.0,0.9621319770812988,ok
A_rhoB0.6,0.6,0.37499999999999994,0.1,0.1,1.0,0.6,20,200,5,1.0,predictive,P2 only,coarse,100.0,0,100.0,False,False,0.0059358443527896656,0.008420060436484897,83.03968137170531,7.436849546726358,0.0011001070484639715,6.6596821317343915,5.902368214490788,37.184247733631786,2.2331951413017017,0.3718424773363179,5.300262151416522,11.836519684168682,0.0,0.0,0.6659682131734392,4.239567033449194,0.6659682131734368,,0.0,0.9769611358642578,ok
A_rhoB0.6,0.6,0.37499999999999994,0.1,0.1,1.0,0.6,20,200,5,1.0,predictive,P2 only,coarse,0.001,0,1000.0,False,False,0.0027419962832579427,0.003917557114790382,68.5355634005993,7.470618321639076,0.6579424072427192,4.594638744838082,7.276800526280123,37.353091608195186,1.8348029694431705,0.3735309160819538,4.684719263619153,8.595536815896043,0.0,0.0,0.4594638744838082,3.6251562055568876,0.4594638744838086,,0.0,1.0814189910888672,ok
A_rhoB0.6,0.6,0.37499999999999994,0.1,0.1,1.0,0.6,20,200,5,1.0,predictive,P2 only,coarse,0.004216965034285823,0,1000.0,False,False,0.004909417568324074,0.006973187444948702,77.42953600139477,7.447701094162875,0.22154871091179865,5.827442865031095,6.5033073298942305,37.23850547081462,2.0792868838970873,0.37238505470814376,5.0411673563749195,10.482033163640523,0.0,0.0,0.5827442865031095,3.781566723724034,0.5827442865031097,,0.0,1.035139560699463,ok
A_rhoB0.6,0.6,0.37499999999999994,0.1,0.1,1.0,0.6,20,200,5,1.0,predictive,P2 only,coarse,0.01778279410038923,0,1000.0,False,False,0.005691660019411122,0.008072840173345081,80.71996529390488,7.439453698699916,0.08480815508859692,6.293935434804824,6.181802711406663,37.19726849349961,2.170050881774049,0.3719726849349958,5.1826113485052385,11.246530326715988,0.0,0.0,0.6293935434804825,3.9477546048146834,0.6293935434804825,,0.0,0.9810178279876709,ok
A_rhoB0.6,0.6,0.37499999999999994,0.1,0.1,1.0,0.6,20,200,5,1.0,predictive,P2 only,coarse,0.07498942093324558,0,1000.0,False,False,0.005854181576543521,0.00830204198134794,81.60707059908364,7.437734685139904,0.047870881582361045,6.42586945336216,6.088524979915574,37.18867342569946,2.194406605068321,0.3718867342569952,5.223236980428408,11.46190572968921,0.0,0.0,0.6425869453362161,4.039083998062474,0.6425869453362173,,0.0,0.9755382537841797,ok
A_rhoB0.6,0.6,0.37499999999999994,0.1,0.1,1.0,0.6,20,200,5,1.0,predictive,P2 only,coarse,0.31622776601683794,0,1000.0,False,False,0.0058837611952485816,0.008343959408897853,81.85089264325894,7.437420304433258,0.034675242043811776,6.464242450130822,6.06366200339211,37.18710152216635,2.2010559923437314,0.3718710152216629,5.234569480963182,11.521580523413627,0.0,0.0,0.6464242450130823,4.077730237817219,0.6464242450130844,,0.0,1.0682363510131836,ok
A_rhoB0.6,0.6,0.37499999999999994,0.1,0.1,1.0,0.6,20,200,5,1.0,predictive,P2 only,coarse,1.333521432163324,0,1000.0,False,False,0.0058801904576430974,0.008339261708173385,82.02028970953374,7.437455537188718,0.022683340521564142,6.494252670728031,6.045608451561686,37.187277685943585,2.205600807948805,0.3718727768594359,5.243160741434118,11.564319567512548,0.0,0.0,0.6494252670728031,4.117585829924055,0.6494252670728029,,0.0,0.9127600193023682,ok
A_rhoB0.6,0.6,0.37499999999999994,0.1,0.1,1.0,0.6,20,200,5,1.0,predictive,P2 only,coarse,5.623413251903491,0,1000.0,False,False,0.0058748718262076035,0.008332635421624705,82.33448674221032,7.437505234337838,0.01080509633919695,6.548503235097731,6.003186434225235,37.18752617168915,2.214035060092046,0.3718752617168919,5.2608969644113515,11.647810326738549,0.0,0.0,0.6548503235097731,4.171610236802807,0.6548503235097718,,0.0,1.029757022857666,ok
A_rhoB0.6,0.6,0.37499999999999994,0.1,0.1,1.0,0.6,20,200,5,1.0,predictive,P2 only,coarse,23.71373705661655,0,1000.0,False,False,0.005901743364316459,0.008371524522796771,82.75444958219035,7.4372135660790235,0.003758876660769109,6.615869519341729,5.9431580379184785,37.18606783039514,2.225415442139019,0.3718606783039512,5.284526135924644,11.760266067273943,0.0,0.0,0.6615869519341729,4.216735539560932,0.6615869519341732,,0.0,0.9195172786712646,ok
A_rhoB0.6,0.6,0.37499999999999994,0.1,0.1,1.0,0.6,20,200,5,1.0,predictive,P2 only,coarse,100.0,0,1000.0,False,False,0.005935921078739513,0.008420168938874378,83.04029626819194,7.4368487329584445,0.0010489786858719704,6.659781694860879,5.902320593494804,37.18424366479225,2.233211922145893,0.3718424366479222,5.3002877452552974,11.836665783507904,0.0,0.0,0.6659781694860879,4.239747630660867,0.6659781694860869,,0.0,0.9354763031005859,ok
A_rhoB0.6,0.6,0.37499999999999994,0.1,0.1,1.0,0.6,20,200,5,1.0,predictive,P1 only (protect),coarse,0.001,5,1.0,True,True,3.028604233481697e-08,4.5297745964094655e-08,39.86345352768633,7.4999996602668855,6.944841544756412,0.0694484154475639,5.485710379529139,37.49999830133456,1.0630254755576258,0.37499998301334425,4.412634001905627,4.690742358337479,7.244821191744976e-17,7.254188369303809e-17,0.00694484154475639,0.37554828570544674,0.0069448415447563965,,0.0,0.9449586868286133,ok
A_rhoB0.6,0.6,0.37499999999999994,0.1,0.1,1.0,0.6,20,200,5,1.0,predictive,P1 only (protect),coarse,0.004216965034285823,5,1.0,True,True,6.456249322109235e-07,9.592846871907297e-07,40.7069130125777,7.499992805364841,5.42835161139541,0.22891168934175607,6.842743893897994,37.4999640268242,1.0855187216568936,0.37499964026824206,4.130484495231254,4.48371824908705,3.109123025942593e-11,3.1259937250597837e-11,0.02289116893417561,0.8969957795052699,0.02289116893417557,,0.0,1.0539090633392334,ok
A_rhoB0.6,0.6,0.37499999999999994,0.1,0.1,1.0,0.6,20,200,5,1.0,predictive,P1 only (protect),coarse,0.01778279410038923,5,1.0,True,True,1.2300195698909918e-05,1.8127005197490253e-05,43.20913437695897,7.4998640474610045,3.8582761581741742,0.686108255088492,7.95575153927633,37.49932023730527,1.1522644704896126,0.3749932023730502,3.948142668282755,4.549304521086275,6.532243807274005e-07,6.678759132378738e-07,0.06861082550884921,1.7999078827939474,0.06861082550884917,,0.0,0.9736487865447998,ok
A_rhoB0.6,0.6,0.37499999999999994,0.1,0.1,1.0,0.6,20,200,5,1.0,predictive,P1 only (protect),coarse,0.07498942093324558,5,1.0,True,True,0.00016100095712644557,0.00023488842051277525,49.45948174852088,7.498238336846153,2.34328512222554,1.756415948241586,8.402060592686722,37.491191684230905,1.3192293850004222,0.3749119168423077,4.008181922259903,5.287711372272741,0.0004583181588884176,0.0004983466362395663,0.17564159482415861,2.8900683528808875,0.1756415948241587,,0.0,0.9700596332550049,ok
A_rhoB0.6,0.6,0.37499999999999994,0.1,0.1,1.0,0.6,20,200,5,1.0,predictive,P1 only (protect),coarse,0.31622776601683794,5,1.0,True,True,0.0010710804812074685,0.0015450026176010725,60.634012541235585,7.488412480367991,1.1172040315092242,3.505773449152588,7.888610038970196,37.44206240184001,1.6194089922315777,0.37442062401839954,4.38562184884125,7.102115458540798,0.012360793818926382,0.01580468759676217,0.3505773449152588,3.6365499049593524,0.35057734491525877,,0.0,0.9713196754455566,ok
A_rhoB0.6,0.6,0.37499999999999994,0.1,0.1,1.0,0.6,20,200,5,1.0,predictive,P1 only (protect),coarse,1.333521432163324,5,1.0,True,True,0.0032360194615451833,0.004620325098659998,72.47232861323734,7.465347561760034,0.3987555915630569,5.20624150228574,6.92965534439117,37.32673780880022,1.941566096251549,0.3732673780880017,4.854218532689456,9.424786126865788,0.035984993629145104,0.05628055891032112,0.520624150228574,3.8765298204353855,0.5206241502285737,,0.0,1.0692412853240967,ok
A_rhoB0.6,0.6,0.37499999999999994,0.1,0.1,1.0,0.6,20,200,5,1.0,predictive,P1 only (protect),coarse,5.623413251903491,5,1.0,True,True,0.004991876511221049,0.007092364071049276,79.31420376671265,7.446807269467143,0.11270919133319611,6.150546095671313,6.2899374435283475,37.234036347335646,2.1301532561990997,0.3723403634733572,5.13775875927923,10.944213550644099,0.042376306476665765,0.07187267147382113,0.6150546095671313,4.012795943419322,0.6150546095671308,,0.0,1.0020992755889893,ok
A_rhoB0.6,0.6,0.37499999999999994,0.1,0.1,1.0,0.6,20,200,5,1.0,predictive,P1 only (protect),coarse,23.71373705661655,5,1.0,True,True,0.005556606489739471,0.007886283719706512,81.71014344272308,7.440852872102186,0.02886547240046945,6.490416306325799,6.039865349171546,37.20426436051094,2.1962574679866864,0.3720426436051093,5.24439028989323,11.51803133921487,0.04134315639703983,0.07079114648975313,0.6490416306325799,4.157902528966496,0.6490416306325782,,0.0,1.0289123058319092,ok
A_rhoB0.6,0.6,0.37499999999999994,0.1,0.1,1.0,0.6,20,200,5,1.0,predictive,P1 only (protect),coarse,100.0,5,1.0,True,True,0.005669542896716712,0.008045655129904091,82.35603276683278,7.439657586525716,0.007626928655645022,6.586693430677344,5.966022054141296,37.19828793262841,2.213973742984938,0.3719828793262858,5.275347999029576,11.679481954959616,0.040572516268579877,0.06946913826511596,0.6586693430677344,4.230236091008992,0.6586693430677315,,0.0,1.054995059967041,ok
A_rhoB0.6,0.6,0.37499999999999994,0.1,0.1,1.0,0.6,20,200,5,1.0,predictive,P1 only (protect),coarse,0.001,10,1.0,True,True,3.0118393672957944e-08,4.505013105230078e-08,39.863428597382516,7.499999662124013,6.944845976453496,0.0694457402038967,5.485708621218595,37.49999831062012,1.0630248104862732,0.37499998310620064,4.4126339965034385,4.690739417878354,2.3804474696116576e-06,2.4078630956892e-06,0.00694457402038967,0.3755426224055759,0.006944574020389643,,0.0,1.1531634330749512,ok
A_rhoB0.6,0.6,0.37499999999999994,0.1,0.1,1.0,0.6,20,200,5,1.0,predictive,P1 only (protect),coarse,0.004216965034285823,10,1.0,True,True,5.634134991085257e-07,8.380453092029591e-07,40.69694872197031,7.499993714660174,5.4302013095838975,0.22787104666096686,6.841933929094961,37.49996857330076,1.085252875410294,0.3749996857330087,4.130510845987934,4.482648772521811,0.0009407866098559026,0.000985816373765361,0.022787104666096687,0.8948460243977318,0.02278710466609671,,0.0,1.187222957611084,ok
A_rhoB0.6,0.6,0.37499999999999994,0.1,0.1,1.0,0.6,20,200,5,1.0,predictive,P1 only (protect),coarse,0.01778279410038923,10,1.0,True,True,6.992133379590255e-06,1.0335112301200598e-05,42.84811933141125,7.499922486657736,3.913433724467778,0.6516158512651458,7.935027937609341,37.499612433288775,1.142628324696352,0.3749961243328868,3.9476390713274823,4.510684218576784,0.03217071635051194,0.038286429960716545,0.06516158512651458,1.7343270402771547,0.06516158512651447,,0.0,1.2656519412994385,ok
A_rhoB0.6,0.6,0.37499999999999994,0.1,0.1,1.0,0.6,20,200,5,1.0,predictive,P1 only (protect),coarse,0.07498942093324558,10,1.0,True,True,8.169034811256617e-05,0.00011948507829149441,47.38885883803024,7.499103861912807,2.5411828032868273,1.5953614648661654,8.3643518699342,37.49551930956416,1.263853914031337,0.37495519309564035,3.9925974197902265,5.046059876153294,0.15181026244761123,0.24933795333472894,0.15953614648661654,2.6205990537419077,0.15953614648661688,,0.0,1.206035852432251,ok
A_rhoB0.6,0.6,0.37499999999999994,0.1,0.1,1.0,0.6,20,200,5,1.0,predictive,P1 only (protect),coarse,0.31622776601683794,10,1.0,True,True,0.0007533400862019211,0.0010874569491966593,57.00575949563563,7.4918440728810225,1.305225478909036,3.3103973544228973,7.892533093787045,37.459220364405105,1.5218084877656515,0.3745922036440511,4.355869937173859,6.628799841994414,0.2185628795546153,0.5482286891933978,0.33103973544228976,3.2732043263648842,0.3310397354422903,,0.0,1.1586980819702148,ok
A_rhoB0.6,0.6,0.37499999999999994,0.1,0.1,1.0,0.6,20,200,5,1.0,predictive,P1 only (protect),coarse,1.333521432163324,10,1.0,True,True,0.0028291105937088674,0.004040326680255141,69.45805126020113,7.469697549898099,0.48599599112960307,5.137118100497696,6.9071883584746026,37.34848774949056,1.859728611398692,0.37348487749490494,4.8495454118827555,9.018838354755614,0.2043907185692912,0.6811648301085653,0.5137118100497696,3.5214810309652034,0.5137118100497694,,0.0,1.22477126121521,ok
A_rhoB0.6,0.6,0.37499999999999994,0.1,0.1,1.0,0.6,20,200,5,1.0,predictive,P1 only (protect),coarse,5.623413251903491,10,1.0,True,True,0.004628407618529394,0.00657858366716036,77.14386109359857,7.450660622496301,0.14814449390413803,6.156586129423116,6.244608754176445,37.2533031124814,2.0707925109532686,0.37253303112481506,5.149472253877509,10.663488578691194,0.18692474538835252,0.688427545421141,0.6156586129423116,3.6637226894980452,0.6156586129423126,,0.0,1.1642303466796875,ok
A_rhoB0.6,0.6,0.37499999999999994,0.1,0.1,1.0,0.6,20,200,5,1.0,predictive,P1 only (protect),coarse,23.71373705661655,10,1.0,True,True,0.00521290697515112,0.007402075979956924,79.83397036389734,7.44448443015033,0.04916316528677839,6.509874747491703,5.99647765707119,37.22242215075167,2.144781713574896,0.3722242215075165,5.257650583740565,11.276512828373143,0.18046315003675745,0.6739779055617701,0.6509874747491704,3.8069662303586447,0.6509874747491688,,0.0,1.3235290050506592,ok
A_rhoB0.6,0.6,0.37499999999999994,0.1,0.1,1.0,0.6,20,200,5,1.0,predictive,P1 only (protect),coarse,100.0,10,1.0,True,True,0.005333871428887084,0.007573058947706177,80.54027999312032,7.443202057892189,0.024111184575231377,6.6049553348226855,5.927731422709893,37.21601028946107,2.1641298829909217,0.37216010289460943,5.287265410418895,11.442329073991791,0.17869868055577445,0.6675427810908304,0.6604955334822686,3.8761277434334698,0.6604955334822682,,0.0,1.1133060455322266,ok
A_rhoB0.6,0.6,0.37499999999999994,0.1,0.1,1.0,0.6,20,200,5,1.0,predictive,P1 only (protect),coarse,0.001,15,1.0,True,True,1.1515600857448325e-09,1.736619673336254e-09,39.63515773851962,7.49999998697537,7.7613070359905,0.055680405858363605,4.683012571175766,37.49999993487666,1.0569375415293578,0.3749999993487685,4.591642445732651,4.853079278174516,0.026605705449672123,0.02761617018087335,0.005568040585836361,0.19767593947359824,0.005568040585836374,,0.0,2.2157559394836426,ok
A_rhoB0.6,0.6,0.37499999999999994,0.1,0.1,1.0,0.6,20,200,5,1.0,predictive,P1 only (protect),coarse,0.004216965034285823,15,1.0,True,True,4.346525821216927e-09,6.52889358690368e-09,39.703402296169195,7.499999951033309,7.272546116541733,0.19381532916862157,5.033638603256335,37.499999755166435,1.0587574014770278,0.37499999755166546,4.533319802388738,4.7996858940414535,0.12096258245849484,0.14022981808366197,0.01938153291686216,0.3303987550201313,0.01938153291686216,,0.0,2.334228038787842,ok
A_rhoB0.6,0.6,0.37499999999999994,0.1,0.1,1.0,0.6,20,200,5,1.0,predictive,P1 only (protect),coarse,0.01778279410038923,15,1.0,True,True,1.0840553481186974e-07,1.6122541060833138e-07,39.98866931566614,7.499998790809416,6.34955551113645,0.6955147915222974,5.454930906531836,37.49999395404708,1.0663646870095156,0.3749999395404708,4.513732725331327,4.813285184892548,0.31387178049286035,0.5150745336691984,0.06955147915222974,0.7062742239355294,0.06955147915222966,,0.0,2.331355094909668,ok
A_rhoB0.6,0.6,0.37499999999999994,0.1,0.1,1.0,0.6,20,200,5,1.0,predictive,P1 only (protect),coarse,0.07498942093324558,15,1.0,True,True,1.1287690023829428e-05,1.6554253210534647e-05,41.984039384104435,7.499875843100911,4.318508545103283,2.0625213682363386,6.119094243559468,37.49937921550451,1.1195929176007717,0.3749937921550456,4.569473809191338,5.115950513932843,0.42138739431337513,1.2576653781550076,0.20625213682363386,1.52181907062519,0.2062521368236344,,0.0,2.340467929840088,ok
A_rhoB0.6,0.6,0.37499999999999994,0.1,0.1,1.0,0.6,20,200,5,1.0,predictive,P1 only (protect),coarse,0.31622776601683794,15,1.0,True,True,0.0003835166707635801,0.0005543545899469873,50.828146641967564,7.495842340575407,1.990213756568464,4.2261503540075545,6.287793548848574,37.479211702877045,1.3561690423191533,0.37479211702877036,4.856203154226068,6.5858323809740185,0.3997112422591121,1.8165969808336442,0.42261503540075546,2.3878711069957435,0.42261503540075634,,0.0,2.3624067306518555,ok
A_rhoB0.6,0.6,0.37499999999999994,0.1,0.1,1.0,0.6,20,200,5,1.0,predictive,P1 only (protect),coarse,1.333521432163324,15,1.0,True,True,0.0021047913589066275,0.003009729247664941,64.65904673720567,7.477427030642493,0.6849723654150379,6.102350846894185,5.735249757048285,37.38713515321272,1.7294464117732606,0.37387135153212464,5.260246432365488,9.097314317497588,0.3437358177304608,1.8732521454976667,0.6102350846894186,2.760381568727679,0.6102350846894187,,0.0,2.2754263877868652,ok
A_rhoB0.6,0.6,0.37499999999999994,0.1,0.1,1.0,0.6,20,200,5,1.0,predictive,P1 only (protect),coarse,5.623413251903491,15,1.0,True,True,0.0037409025751073545,0.005324639559845514,73.25092084693016,7.460065203301161,0.2211222081560161,7.029805528671918,5.2890070598709045,37.30032601650584,1.9638144935922475,0.373003260165058,5.497784114500738,10.796628126697769,0.30903351973441257,1.7970039656813812,0.7029805528671919,2.9143746219357505,0.7029805528671923,,0.0,2.3428449630737305,ok
A_rhoB0.6,0.6,0.37499999999999994,0.1,0.1,1.0,0.6,20,200,5,1.0,predictive,P1 only (protect),coarse,23.71373705661655,15,1.0,True,True,0.004290292814521801,0.00610094413129555,76.24175552250708,7.454242919015287,0.09235649632078728,7.331737679414704,5.121662905249223,37.27121459507643,2.045593532457048,0.37271214595076435,5.5800675026897215,11.414549994175845,0.2975819255018423,1.7552285848952274,0.7331737679414704,3.0331497550717006,0.73317376794147,,0.0,2.3597095012664795,ok
A_rhoB0.6,0.6,0.37499999999999994,0.1,0.1,1.0,0.6,20,200,5,1.0,predictive,P1 only (protect),coarse,100.0,15,1.0,True,True,0.004407603191157801,0.006267209889971186,77.0260600770498,7.45299592582524,0.060079617544911236,7.4103437390806235,5.076580717549225,37.2649796291261,2.0669824817734948,0.372649796291262,5.601871687974028,11.578970644185233,0.29476962622453595,1.7425027348330595,0.7410343739080624,3.0858451578212778,0.741034373908064,,0.0,2.309490919113159,ok
A_rhoB0.6,0.6,0.37499999999999994,0.1,0.1,1.0,0.6,20,200,5,1.0,predictive,P1 only (protect),coarse,0.001,20,1.0,True,True,2.3195624122664586e-13,3.5395240234871876e-13,39.50102869278151,7.499999999997339,12.369582756834783,0.06931629914295137,0.06110094402492727,37.49999999998671,1.0533607651412136,0.37499999999986694,5.636340977099611,5.937100444234421,0.05750383895233289,0.06110094402492116,0.006931629914295138,0.05417363544443043,0.006931629914295141,,0.0,7.380072116851807,ok
A_rhoB0.6,0.6,0.37499999999999994,0.1,0.1,1.0,0.6,20,200,5,1.0,predictive,P1 only (protect),coarse,0.004216965034285823,20,1.0,True,True,9.392174951420465e-13,1.4271501788436823e-12,39.50192652264827,7.499999999989296,11.975363097910002,0.2835945482885942,0.2410423538121087,37.49999999994648,1.0533847072721239,0.37499999999946476,5.6279740887928424,5.928421838058147,0.19046694103093223,0.24104235381210914,0.02835945482885942,0.21270247392945704,0.028359454828859463,,0.0,7.216346263885498,ok
A_rhoB0.6,0.6,0.37499999999999994,0.1,0.1,1.0,0.6,20,200,5,1.0,predictive,P1 only (protect),coarse,0.01778279410038923,20,1.0,True,True,1.8112419074905815e-10,2.709370269032253e-10,39.512400489389144,7.49999999796797,10.622908997613312,1.0698375601773231,0.807253444241395,37.499999989839836,1.0536640133358546,0.3749999998983985,5.618488320065059,5.919998952200373,0.38663685782748813,0.8072534442413937,0.10698375601773231,0.7003886126757111,0.10698375601773245,,0.0,7.589979410171509,ok
A_rhoB0.6,0.6,0.37499999999999994,0.1,0.1,1.0,0.6,20,200,5,1.0,predictive,P1 only (protect),coarse,0.07498942093324558,20,1.0,True,True,5.51840582902927e-07,8.108677626257578e-07,39.824877945632544,7.4999939184917865,7.377595577956611,3.2274526883779395,1.8949578151736644,37.499969592458974,1.0619976063564887,0.3749996959245893,5.697602406490955,6.0508401176643645,0.44731231704792457,1.8949578151736688,0.322745268837794,1.5743280877415293,0.3227452688377939,,0.0,7.2609336376190186,ok
A_rhoB0.6,0.6,0.37499999999999994,0.1,0.1,1.0,0.6,20,200,5,1.0,predictive,P1 only (protect),coarse,0.31622776601683794,20,1.0,True,True,0.0001300647962727501,0.00018820068741566215,44.76928911693558,7.498588494844395,3.262382387605872,6.393239511007976,2.8457896065417576,37.49294247422184,1.1940724350380494,0.37492942474221974,5.959003811695608,7.115482191832392,0.44321289779578027,2.8457896065417803,0.6393239511007976,2.246363323609684,0.639323951100798,,0.0,7.249501466751099,ok
A_rhoB0.6,0.6,0.37499999999999994,0.1,0.1,1.0,0.6,20,200,5,1.0,predictive,P1 only (protect),coarse,1.333521432163324,20,1.0,True,True,0.0012791264416971838,0.001831519609939471,57.92139442109137,7.486263602925504,1.0180722348473499,8.43123341816978,3.0644307440573657,37.43131801462743,1.5474046198014406,0.37431318014627524,6.2143254093061495,9.616075847309814,0.4127234542033929,3.0644307440574123,0.8431233418169781,2.3962621619798625,0.843123341816978,,0.0,7.23508095741272,ok
A_rhoB0.6,0.6,0.37499999999999994,0.1,0.1,1.0,0.6,20,200,5,1.0,predictive,P1 only (protect),coarse,5.623413251903491,20,1.0,True,True,0.002589109589646756,0.0036910997953304102,67.11297998032124,7.472316751534999,0.3226360870303029,9.202922277368918,3.00212488406578,37.361583757675184,1.79630982496919,0.37361583757674993,6.342339199688285,11.392806217687296,0.38830155184520404,3.0021248840657155,0.9202922277368919,2.4146636664121544,0.9202922277368988,,0.0,7.36725115776062,ok
A_rhoB0.6,0.6,0.37499999999999994,0.1,0.1,1.0,0.6,20,200,5,1.0,predictive,P1 only (protect),coarse,23.71373705661655,20,1.0,True,True,0.003054004103370782,0.00435017108628843,70.38693514970049,7.467373716852849,0.14324555739013906,9.428174254332491,2.96120647142452,37.33686858426427,1.885185818163799,0.3733686858426425,6.384702605006791,12.036350804152267,0.3801423652786798,2.9612064714244486,0.9428174254332492,2.46069918834011,0.9428174254332535,,0.0,7.255121946334839,ok
A_rhoB0.6,0.6,0.37499999999999994,0.1,0.1,1.0,0.6,20,200,5,1.0,predictive,P1 only (protect),coarse,100.0,20,1.0,True,True,0.0031558639696562148,0.004494956782085024,71.25436286540707,7.466287824134368,0.09923695621472982,9.4852001122152,2.9492751074357013,37.33143912067163,1.9086958484263528,0.3733143912067184,6.3958071007872785,12.207650460608466,0.37826675906901663,2.9492751074357324,0.94852001122152,2.4859686267928534,0.9485200112215237,,0.0,7.152680397033691,ok
A_rhoB0.6,0.6,0.37499999999999994,0.1,0.1,1.0,0.6,20,200,5,1.0,predictive,P1+P2 (protect),coarse,0.001,5,3.0,True,True,1.759828712773447e-07,2.622077806173074e-07,40.21647347875661,7.499998033441649,6.112266798999621,0.13656369500809437,6.251171472550635,37.499990167208246,1.072439573968843,0.37499990167208247,4.250048521315261,4.557920225546249,5.691760931800149e-13,5.713864766521431e-13,0.013656369500809437,0.6207991184291362,0.013656369500809394,,0.0,1.0113191604614258,ok
A_rhoB0.6,0.6,0.37499999999999994,0.1,0.1,1.0,0.6,20,200,5,1.0,predictive,P1+P2 (protect),coarse,0.004216965034285823,5,3.0,True,True,3.936493004785168e-06,5.8192779881765425e-06,41.83591189273536,7.49995635541509,4.5329184294933595,0.4374536471999058,7.529671567891644,37.49978177707546,1.1156308093054206,0.3749978177707545,4.0068794154557335,4.47019812505411,4.131014069081775e-08,4.197711711832455e-08,0.04374536471999058,1.3645148363653632,0.04374536471999047,,0.0,1.074993371963501,ok
A_rhoB0.6,0.6,0.37499999999999994,0.1,0.1,1.0,0.6,20,200,5,1.0,predictive,P1+P2 (protect),coarse,0.01778279410038923,5,3.0,True,True,6.81929754094049e-05,9.980082921846386e-05,46.35645965297268,7.4992514937808625,2.9447247376243433,1.2328315870557678,8.323192181539026,37.49625746890429,1.2362956407427108,0.37496257468904315,3.9473831608441565,4.880132594092814,9.768498096939497e-05,0.00010396402348925944,0.12328315870557678,2.428094190004464,0.12328315870557661,,0.0,1.0400450229644775,ok
A_rhoB0.6,0.6,0.37499999999999994,0.1,0.1,1.0,0.6,20,200,5,1.0,predictive,P1+P2 (protect),coarse,0.07498942093324558,5,3.0,True,True,0.0006488285621597658,0.0009383218549871684,56.041120311756,7.492962586087597,1.5420742382970203,2.793538432161551,8.171424743453832,37.4648129304379,1.4958334481960265,0.37464812930437985,4.215392096110262,6.305524494622889,0.006796476205301813,0.008288939023897171,0.2793538432161551,3.347109140885856,0.27935384321615525,,0.0,0.9349982738494873,ok
A_rhoB0.6,0.6,0.37499999999999994,0.1,0.1,1.0,0.6,20,200,5,1.0,predictive,P1+P2 (protect),coarse,0.31622776601683794,5,3.0,True,True,0.002634399422276201,0.003767133896687698,68.84773956439784,7.471746495774842,0.6033375958871343,4.672841058328792,7.252074850009233,37.358732478874245,1.8428821053639899,0.3735873247887421,4.702227750172871,8.665651376139557,0.032138449958649895,0.04838866419162766,0.46728410583287916,3.7223328598069885,0.4672841058328767,,0.0,0.9941608905792236,ok
A_rhoB0.6,0.6,0.37499999999999994,0.1,0.1,1.0,0.6,20,200,5,1.0,predictive,P1+P2 (protect),coarse,1.333521432163324,5,3.0,True,True,0.0047485321365315514,0.006748866154136269,77.66765923192771,7.449383503843986,0.18156899592881542,5.90125753456012,6.4677899656670785,37.24691751921986,2.0852103853117576,0.3724691751921993,5.060533804272765,10.552277643890788,0.04315787950001707,0.07261916570410432,0.590125753456012,3.8859479054827295,0.5901257534560144,,0.0,1.0378906726837158,ok
A_rhoB0.6,0.6,0.37499999999999994,0.1,0.1,1.0,0.6,20,200,5,1.0,predictive,P1+P2 (protect),coarse,5.623413251903491,5,3.0,True,True,0.005532508003357339,0.007851269320365296,81.09936363530844,7.441115480097245,0.048326161620621706,6.390149785620337,6.120408572661796,37.20557740048623,2.179763608083356,0.3720557740048623,5.21118091675217,11.35914251747484,0.042343937718956066,0.07247992212783795,0.6390149785620337,4.0730372085596445,0.6390149785620342,,0.0,1.0008580684661865,ok
A_rhoB0.6,0.6,0.37499999999999994,0.1,0.1,1.0,0.6,20,200,5,1.0,predictive,P1+P2 (protect),coarse,23.71373705661655,5,3.0,True,True,0.005678959172896178,0.00805831236025878,82.14033457526402,7.439562657298073,0.012778264904295313,6.549219372478289,5.998439705319344,37.197813286490245,2.208203314066752,0.37197813286490367,5.262384890778546,11.620415755711987,0.041022177729219754,0.0702445572378689,0.654921937247829,4.192214823480124,0.6549219372478268,,0.0,1.008997917175293,ok
A_rhoB0.6,0.6,0.37499999999999994,0.1,0.1,1.0,0.6,20,200,5,1.0,predictive,P1+P2 (protect),coarse,100.0,5,3.0,True,True,0.005697040288709218,0.008084342763986434,82.45183485550551,7.439367429270104,0.0037933521878390367,6.599795727876932,5.957043490665126,37.19683714635056,2.216635638430753,0.3719683714635052,5.279300298557493,11.702285187760651,0.04048458880800551,0.06930787482564485,0.6599795727876933,4.24013023747048,0.6599795727876915,,0.0,0.9876506328582764,ok
A_rhoB0.6,0.6,0.37499999999999994,0.1,0.1,1.0,0.6,20,200,5,1.0,predictive,P1+P2 (protect),coarse,0.001,5,10.0,True,True,1.933400800992914e-06,2.8633722589838253e-06,41.26112478484732,7.499978524708073,4.930596024606648,0.33174063641184726,7.237684814273432,37.499892623540134,1.1002998114972231,0.37499892623540365,4.056853066196831,4.463754664008305,5.988957790789576e-09,6.065806070120638e-09,0.03317406364118473,1.1408365487192946,0.03317406364118491,,0.0,0.9444563388824463,ok
A_rhoB0.6,0.6,0.37499999999999994,0.1,0.1,1.0,0.6,20,200,5,1.0,predictive,P1+P2 (protect),coarse,0.004216965034285823,5,10.0,True,True,3.832530912059951e-05,5.62051030119677e-05,44.897400677775686,7.4995784617274275,3.319713748641489,0.9810646603714306,8.199643129259654,37.49789230863706,1.1973313142038722,0.3749789230863714,3.937439786175265,4.714419953779843,3.022448202776192e-05,3.178663941407119e-05,0.09810646603714307,2.153197102860072,0.09810646603714279,,0.0,1.03446364402771,ok
A_rhoB0.6,0.6,0.37499999999999994,0.1,0.1,1.0,0.6,20,200,5,1.0,predictive,P1+P2 (protect),coarse,0.01778279410038923,5,10.0,True,True,0.0004446693329501607,0.0006443359162337805,53.415818324361126,7.495167480628242,1.8393973548323286,2.3798034783357473,8.285631686203683,37.475837403141234,1.4253402198794842,0.3747583740314121,4.127737551633196,5.883430349449664,0.004050590538218072,0.0047938878739253,0.23798034783357475,3.147461407527674,0.23798034783357527,,0.0,1.060560703277588,ok
A_rhoB0.6,0.6,0.37499999999999994,0.1,0.1,1.0,0.6,20,200,5,1.0,predictive,P1+P2 (protect),coarse,0.07498942093324558,5,10.0,True,True,0.002204308757721629,0.0031564229023884026,66.24900238480998,7.476326828232083,0.7742280647713489,4.290928320097067,7.458516786899502,37.3816341411604,1.7722339835289365,0.37381634141160414,4.598909151344433,8.150343085174825,0.028282588602251295,0.041281850959399236,0.4290928320097067,3.6168704756727386,0.42909283200970577,,0.0,1.0361711978912354,ok
A_rhoB0.6,0.6,0.37499999999999994,0.1,0.1,1.0,0.6,20,200,5,1.0,predictive,P1+P2 (protect),coarse,0.31622776601683794,5,10.0,True,True,0.004524274285266425,0.0064326410528008394,76.29879274929293,7.451755192103993,0.25295206959835637,5.695761112406925,6.5995316258907275,37.258775960519884,2.0478072825081695,0.37258775960519963,5.000266131646568,10.239581398864795,0.0432983486223817,0.07226165337742098,0.5695761112406925,3.783256766507734,0.5695761112406924,,0.0,0.9417729377746582,ok
A_rhoB0.6,0.6,0.37499999999999994,0.1,0.1,1.0,0.6,20,200,5,1.0,predictive,P1+P2 (protect),coarse,1.333521432163324,5,10.0,True,True,0.005518837345447477,0.007831071394799724,80.48803591746392,7.441266964538993,0.07543995053770561,6.287703297176479,6.1955897877468225,37.20633482269499,2.163288491086956,0.37206334822694964,5.178836586561683,11.203317584928946,0.04334152341209958,0.07415299056090482,0.6287703297176479,3.9771327788293545,0.6287703297176489,,0.0,0.9771392345428467,ok
A_rhoB0.6,0.6,0.37499999999999994,0.1,0.1,1.0,0.6,20,200,5,1.0,predictive,P1+P2 (protect),coarse,5.623413251903491,5,10.0,True,True,0.005711269062580076,0.008102800441486827,81.81108547594167,7.4392289966888425,0.02264020187832972,6.489691381029105,6.048439420403722,37.19614498344416,2.1994506557697155,0.3719614498344421,5.242102841475722,11.529746532296066,0.04176934922756865,0.07152907171489914,0.6489691381029106,4.127308592014505,0.6489691381029118,,0.0,0.9506993293762207,ok
A_rhoB0.6,0.6,0.37499999999999994,0.1,0.1,1.0,0.6,20,200,5,1.0,predictive,P1+P2 (protect),coarse,23.71373705661655,5,10.0,True,True,0.005718893904567204,0.008114539138896475,82.29318996023234,7.439140956458271,0.006912493168751756,6.570498961529673,5.983447588843304,37.195704782291436,2.212437980188816,0.37195704782291356,5.2689037918740596,11.657122863103037,0.04086973302249088,0.06996940716809322,0.6570498961529674,4.207797880228031,0.6570498961529653,,0.0,1.049252986907959,ok
A_rhoB0.6,0.6,0.37499999999999994,0.1,0.1,1.0,0.6,20,200,5,1.0,predictive,P1+P2 (protect),coarse,100.0,5,10.0,True,True,0.005706468144492605,0.008097612284595334,82.48538389458467,7.43926790786554,0.0024370228026138322,6.604406321071596,5.95388874826025,37.19633953932747,2.2175672368882795,0.371963395393277,5.28069039969578,11.710286018515836,0.04045162249079265,0.06924678531594669,0.6604406321071596,4.243820309896674,0.6604406321071581,,0.0,1.004384994506836,ok
A_rhoB0.6,0.6,0.37499999999999994,0.1,0.1,1.0,0.6,20,200,5,1.0,predictive,P1+P2 (protect),coarse,0.001,5,30.0,True,True,1.8613924453294917e-05,2.737004962836476e-05,43.58640257477559,7.499794724627792,3.7374758074805166,0.7514098345678601,8.011319633323831,37.49897362313896,1.1623358818514529,0.3749897362313896,3.945417582624296,4.585900425171839,5.278995831283699e-06,5.476536044014945e-06,0.07514098345678602,1.8644737414845445,0.07514098345678599,,0.0,0.9821224212646484,ok
A_rhoB0.6,0.6,0.37499999999999994,0.1,0.1,1.0,0.6,20,200,5,1.0,predictive,P1+P2 (protect),coarse,0.004216965034285823,5,30.0,True,True,0.00025993778506804737,0.000377777289477354,50.67781949542813,7.4971666703289435,2.195982703316556,1.9435759168167086,8.36327470953779,37.48583335164446,1.3519192442657795,0.37485833351644715,4.044917743990798,5.468402139573281,0.0017006939072017448,0.0019369438076228482,0.19435759168167088,2.9198304138845317,0.1943575916816712,,0.0,0.9419262409210205,ok
A_rhoB0.6,0.6,0.37499999999999994,0.1,0.1,1.0,0.6,20,200,5,1.0,predictive,P1+P2 (protect),coarse,0.01778279410038923,5,30.0,True,True,0.0016333793254136488,0.0023447027449301143,62.941142318039276,7.4824147294129855,0.998475545933596,3.8110167764244216,7.708092948228996,37.412073647065135,1.6823751314029827,0.37412073647064925,4.471348479020817,7.522485484941173,0.021645913069488334,0.030044376262230835,0.3811016776424422,3.5286878092394582,0.3811016776424422,,0.0,1.000504732131958,ok
A_rhoB0.6,0.6,0.37499999999999994,0.1,0.1,1.0,0.6,20,200,5,1.0,predictive,P1+P2 (protect),coarse,0.07498942093324558,5,30.0,True,True,0.004078988396950883,0.005805574801621721,74.36425552600109,7.456458188987835,0.3497586781810867,5.421964638089252,6.771818494741827,37.282290944939184,1.9946267689350654,0.3728229094493917,4.920930775217958,9.815420252326122,0.04198055550724582,0.06881550038884177,0.5421964638089252,3.714430138070884,0.5421964638089264,,0.0,1.1455883979797363,ok
A_rhoB0.6,0.6,0.37499999999999994,0.1,0.1,1.0,0.6,20,200,5,1.0,predictive,P1+P2 (protect),coarse,0.31622776601683794,5,30.0,True,True,0.005415734148798133,0.007685717745584755,79.7454821923981,7.44235711690811,0.11329373507563169,6.173045663831093,6.271303484185165,37.21178558454056,2.1430168141549206,0.3721178558454055,5.144676844610567,11.025128981393927,0.04406037407769495,0.07526553308802245,0.6173045663831094,3.890970407340444,0.6173045663831116,,0.0,1.042196273803711,ok
A_rhoB0.6,0.6,0.37499999999999994,0.1,0.1,1.0,0.6,20,200,5,1.0,predictive,P1+P2 (protect),coarse,1.333521432163324,5,30.0,True,True,0.005730888570055664,0.00812961877529016,81.43392251907177,7.439027859185319,0.04061817648480281,6.422684144333554,6.097669819996323,37.19513929592646,2.189370010720467,0.37195139295926594,5.22088945227988,11.430458796108374,0.042547700352631126,0.0728684640736116,0.6422684144333555,4.049083434879293,0.6422684144333544,,0.0,0.9250950813293457,ok
A_rhoB0.6,0.6,0.37499999999999994,0.1,0.1,1.0,0.6,20,200,5,1.0,predictive,P1+P2 (protect),coarse,5.623413251903491,5,30.0,True,True,0.005757398863193554,0.008167842518809965,82.02000186441569,7.438741181108904,0.014934477814159162,6.519615627602523,6.026708713474414,37.193705905544675,2.205211873017163,0.3719370590554452,5.251432031920463,11.58052026713365,0.04153261744035126,0.0711083477877978,0.6519615627602523,4.148910326870862,0.6519615627602539,,0.0,0.9280009269714355,ok
A_rhoB0.6,0.6,0.37499999999999994,0.1,0.1,1.0,0.6,20,200,5,1.0,predictive,P1+P2 (protect),coarse,23.71373705661655,5,30.0,True,True,0.005729951022846155,0.008130116159145863,82.33696907302497,7.439024128806407,0.005212637252513481,6.5766360329803915,5.979127200960688,37.19512064403189,2.213649738120591,0.37195120644032037,5.270783816041121,11.667669214069676,0.040822216390376156,0.06988252373984581,0.6576636032980392,4.212650930667783,0.6576636032980384,,0.0,0.9909133911132812,ok
A_rhoB0.6,0.6,0.37499999999999994,0.1,0.1,1.0,0.6,20,200,5,1.0,predictive,P1+P2 (protect),coarse,100.0,5,30.0,True,True,0.005709142108490458,0.0081013763267262,82.49496947792635,7.439239677549558,0.0020480865861961894,6.6057258522281375,5.952986383636108,37.196198387747835,2.217833355386652,0.3719619838774779,5.281088163642625,11.712573482064254,0.04044199206395357,0.06922888308518525,0.6605725852228138,4.244897136301441,0.6605725852228114,,0.0,0.9245913028717041,ok
A_rhoB0.6,0.6,0.37499999999999994,0.1,0.1,1.0,0.6,20,200,5,1.0,predictive,P1+P2 (protect),coarse,0.001,5,100.0,True,True,0.00017519826802890622,0.0002551429356128708,49.059252626214324,7.498086427982893,2.4451347160790746,1.6804614282391106,8.37631742769892,37.490432139914454,1.3085806117978311,0.37490432139914465,4.002543473313195,5.237650787055597,0.0008391142456170299,0.0009343956004354646,0.16804614282391106,2.7540200837867364,0.16804614282391078,,0.0,1.103163480758667,ok
A_rhoB0.6,0.6,0.37499999999999994,0.1,0.1,1.0,0.6,20,200,5,1.0,predictive,P1+P2 (protect),coarse,0.004216965034285823,5,100.0,True,True,0.0012859361050655486,0.0018494187835095047,60.67706156768228,7.486129359123674,1.1674711599969179,3.478482532542585,7.867916948336823,37.43064679561824,1.6210529809702714,0.3743064679561837,4.385842263070065,7.109682674615129,0.01692241131679227,0.02265295822490688,0.34784825325425855,3.4612694882571504,0.34784825325425894,,0.0,0.9467504024505615,ok
A_rhoB0.6,0.6,0.37499999999999994,0.1,0.1,1.0,0.6,20,200,5,1.0,predictive,P1+P2 (protect),coarse,0.01778279410038923,5,100.0,True,True,0.003715344132065017,0.005292978859406823,72.83718325507256,7.460302658554443,0.4267473684397201,5.208388875563997,6.90456109744184,37.301513292772235,1.9526602763643353,0.37301513292772215,4.85944372834943,9.488842733575733,0.04031261935389707,0.06496054775543893,0.5208388875563997,3.6793946151054806,0.5208388875563991,,0.0,0.9731607437133789,ok
A_rhoB0.6,0.6,0.37499999999999994,0.1,0.1,1.0,0.6,20,200,5,1.0,predictive,P1+P2 (protect),coarse,0.07498942093324558,5,100.0,True,True,0.00530256849476202,0.007526526383841198,79.16474158172832,7.443551052121184,0.14241696091830644,6.087524914042145,6.326507072918365,37.2177552606061,2.127069218103056,0.3721775526060592,5.1195414991377275,10.889619133617034,0.044371156137140925,0.07564494135346832,0.6087524914042146,3.8427446226940405,0.6087524914042154,,0.0,0.9595019817352295,ok
A_rhoB0.6,0.6,0.37499999999999994,0.1,0.1,1.0,0.6,20,200,5,1.0,predictive,P1+P2 (protect),coarse,0.31622776601683794,5,100.0,True,True,0.0057307345082395185,0.00812908388565302,81.18673790912936,7.43903187085762,0.05752728784318063,6.379784350856519,6.123656490442682,37.19515935428793,2.182723217712737,0.371951593542881,5.208575988850049,11.36887974208408,0.04299814039967051,0.0736422948765405,0.6379784350856519,3.9948304918489868,0.6379784350856533,,0.0,0.9854822158813477,ok
A_rhoB0.6,0.6,0.37499999999999994,0.1,0.1,1.0,0.6,20,200,5,1.0,predictive,P1+P2 (protect),coarse,1.333521432163324,5,100.0,True,True,0.005796222682215581,0.008221837340203134,81.775784503791,7.4383362199484875,0.0278259825666419,6.472761753676636,6.061076043808234,37.191681099742276,2.1987654788844075,0.37191681099742435,5.236571823878818,11.513993354043505,0.042132742273962145,0.07213956094196729,0.6472761753676637,4.085377993352707,0.6472761753676625,,0.0,1.154313564300537,ok
A_rhoB0.6,0.6,0.37499999999999994,0.1,0.1,1.0,0.6,20,200,5,1.0,predictive,P1+P2 (protect),coarse,5.623413251903491,5,100.0,True,True,0.005772817657964111,0.008189601352125863,82.09344335467036,7.4385779898590485,0.012195786121863044,6.530226012189987,6.019000211829102,37.19288994929526,2.2072348630769922,0.37192889949295244,5.254742151690055,11.598450073690499,0.04144176393035294,0.07094470670650149,0.6530226012189987,4.157272456825259,0.6530226012189998,,0.0,1.0246086120605469,ok
A_rhoB0.6,0.6,0.37499999999999994,0.1,0.1,1.0,0.6,20,200,5,1.0,predictive,P1+P2 (protect),coarse,23.71373705661655,5,100.0,True,True,0.005733781227405137,0.008135513067765655,82.35229872981587,7.438983651991763,0.004615117413057863,6.578789656567483,5.977611574027697,37.19491825995876,2.2140739268264538,0.37194918259958815,5.271443523659082,11.671365662471741,0.040805163163212504,0.06985123334512716,0.6578789656567483,4.2143939776265835,0.6578789656567461,,0.0,0.9424176216125488,ok
A_rhoB0.6,0.6,0.37499999999999994,0.1,0.1,1.0,0.6,20,200,5,1.0,predictive,P1+P2 (protect),coarse,100.0,5,100.0,True,True,0.005710075890496188,0.008102690830055305,82.49832439103392,7.439229818774573,0.0019118095810769739,6.606187916178993,5.952670455465357,37.19614909387287,2.2179264897242668,0.37196149093872866,5.281227441287618,11.713374240290518,0.04043859910020473,0.06922257004005711,0.6606187916178994,4.245276422693996,0.6606187916178955,,0.0,0.9917027950286865,ok
A_rhoB0.6,0.6,0.37499999999999994,0.1,0.1,1.0,0.6,20,200,5,1.0,predictive,P1+P2 (protect),coarse,0.001,10,3.0,True,True,1.693182340400769e-07,2.5237313295406245e-07,40.215595143063176,7.4999981072015,6.112426601480885,0.13651376053685266,6.251061530780764,37.4999905360076,1.0724161411307036,0.374999905360075,4.250065824207136,4.5578391907477,0.0001399176792912525,0.00014471430116726053,0.013651376053685266,0.6205912898853579,0.013651376053685282,,0.0,1.119600772857666,ok
A_rhoB0.6,0.6,0.37499999999999994,0.1,0.1,1.0,0.6,20,200,5,1.0,predictive,P1+P2 (protect),coarse,0.004216965034285823,10,3.0,True,True,2.9359677306151488e-06,4.3481552481581085e-06,41.75269198537945,7.499967388835636,4.546393649799804,0.43337170654925333,7.520267254815306,37.499836944178185,1.1134099608894836,0.37499836944178183,4.008388683753848,4.462979887608221,0.012545378038585766,0.014282747498368092,0.04333717065492534,1.3469714925345024,0.043337170654925365,,0.0,1.2659454345703125,ok
A_rhoB0.6,0.6,0.37499999999999994,0.1,0.1,1.0,0.6,20,200,5,1.0,predictive,P1+P2 (protect),coarse,0.01778279410038923,10,3.0,True,True,4.137313812767363e-05,6.068738404472226e-05,45.47446402259116,7.499544844619692,3.0384068492366647,1.205383211822547,8.256665094321097,37.49772422309837,1.2127259711025118,0.3749772422309846,3.958306974966754,4.800341670138402,0.11053895396555427,0.1652522888801744,0.1205383211822547,2.2847805455680534,0.12053832118225438,,0.0,1.1569228172302246,ok
A_rhoB0.6,0.6,0.37499999999999994,0.1,0.1,1.0,0.6,20,200,5,1.0,predictive,P1+P2 (protect),coarse,0.07498942093324558,10,3.0,True,True,0.0004677096455536526,0.0006772307220820622,53.86030167507299,7.4949207695844,1.6607415354269965,2.782687057931819,8.061650637056784,37.474603847922005,1.437248059876678,0.37474603847922,4.238818352483453,6.092233453276499,0.2090922659851242,0.4780667349125756,0.2782687057931819,3.0766273971088194,0.2782687057931826,,0.0,1.1682724952697754,ok
A_rhoB0.6,0.6,0.37499999999999994,0.1,0.1,1.0,0.6,20,200,5,1.0,predictive,P1+P2 (protect),coarse,0.31622776601683794,10,3.0,True,True,0.002263383095280663,0.0032389224940362494,66.57290445128424,7.475708081294711,0.6647684470177475,4.731160791813927,7.128362679873613,37.378540406473526,1.7810461223829541,0.3737854040647356,4.739502343337225,8.441272270625689,0.2090297364673567,0.6648145595466419,0.47311607918139276,3.4317814765228283,0.4731160791813917,,0.0,1.1763498783111572,ok
A_rhoB0.6,0.6,0.37499999999999994,0.1,0.1,1.0,0.6,20,200,5,1.0,predictive,P1+P2 (protect),coarse,1.333521432163324,10,3.0,True,True,0.004340082963777355,0.006172687163138892,75.848126519491,7.453704846276457,0.2086099410296673,5.983024854663758,6.3546603580301175,37.26852423138232,2.0351792319058974,0.37268524231382283,5.099001532336501,10.377382022067595,0.18995735779343828,0.6921953361190738,0.5983024854663758,3.585234878175181,0.598302485466375,,0.0,1.3077974319458008,ok
A_rhoB0.6,0.6,0.37499999999999994,0.1,0.1,1.0,0.6,20,200,5,1.0,predictive,P1+P2 (protect),coarse,5.623413251903491,10,3.0,True,True,0.0051495284105978825,0.007312700847779187,79.44398168479412,7.445154743641652,0.06587345675417462,6.45545356755091,6.033518232053264,37.225773718208075,2.1341123031093923,0.3722577371820826,5.2412109742044395,11.185332823241659,0.18157605322021617,0.6776976886302379,0.6455453567550911,3.75080409495352,0.6455453567550897,,0.0,1.2661185264587402,ok
A_rhoB0.6,0.6,0.37499999999999994,0.1,0.1,1.0,0.6,20,200,5,1.0,predictive,P1+P2 (protect),coarse,23.71373705661655,10,3.0,True,True,0.0053234702017943576,0.007558347985315357,80.43845839716133,7.443312390110148,0.02842477849059609,6.58980501800017,5.938457813399086,37.216561950550556,2.16136188248768,0.3721656195055074,5.282583772031455,11.417575205916775,0.17904621772936327,0.6689063089769659,0.6589805018000171,3.851385734787923,0.6589805018000161,,0.0,1.2051334381103516,ok
A_rhoB0.6,0.6,0.37499999999999994,0.1,0.1,1.0,0.6,20,200,5,1.0,predictive,P1+P2 (protect),coarse,100.0,10,3.0,True,True,0.005357521247579908,0.007606559790406851,80.68492877616163,7.442950801571962,0.019130889592125656,6.624262873512496,5.913655435323416,37.21475400785964,2.168089805433652,0.3721475400785981,5.293306696679563,11.47636428610464,0.17836226712644698,0.6661687118274293,0.6624262873512496,3.8889875831619247,0.6624262873512479,,0.0,1.1649539470672607,ok
A_rhoB0.6,0.6,0.37499999999999994,0.1,0.1,1.0,0.6,20,200,5,1.0,predictive,P1+P2 (protect),coarse,0.001,10,10.0,True,True,1.6060765535328224e-06,2.3816833213958964e-06,41.23087474252132,7.499982137375083,4.935609221372041,0.331329136342002,7.233079504910873,37.49991068687544,1.0994926117771178,0.37499910686875415,4.057830625723025,4.461554792825385,0.006020467809831307,0.006687670250565061,0.0331329136342002,1.1338956304460877,0.03313291363420022,,0.0,1.132382869720459,ok
A_rhoB0.6,0.6,0.37499999999999994,0.1,0.1,1.0,0.6,20,200,5,1.0,predictive,P1+P2 (protect),coarse,0.004216965034285823,10,10.0,True,True,2.5415838639770028e-05,3.735004969328522e-05,44.402947717342364,7.49971987462729,3.3755414842843074,0.9833138982043208,8.141424742884082,37.49859937313645,1.1841228328424476,0.37498599373136454,3.950932690265957,4.6783896095675575,0.08349473927884656,0.11761980228589429,0.09833138982043209,2.061936451914634,0.09833138982043202,,0.0,1.2835357189178467,ok
A_rhoB0.6,0.6,0.37499999999999994,0.1,0.1,1.0,0.6,20,200,5,1.0,predictive,P1+P2 (protect),coarse,0.01778279410038923,10,10.0,True,True,0.0003245378678261487,0.0004709435496734497,51.86423812668451,7.496467923377459,1.926167309057083,2.4320838325655783,8.14528093499988,37.48233961688708,1.3836979936897507,0.37482339616887295,4.167457120115032,5.7665020558912365,0.19806768661653598,0.42287496358145854,0.24320838325655783,2.9261495859316997,0.24320838325655741,,0.0,1.2032365798950195,ok
A_rhoB0.6,0.6,0.37499999999999994,0.1,0.1,1.0,0.6,20,200,5,1.0,predictive,P1+P2 (protect),coarse,0.07498942093324558,10,10.0,True,True,0.0018761459094222745,0.0026890781297862864,64.38898372394523,7.479831914026587,0.8186189633094919,4.415365406687793,7.286183715976128,37.399159570133044,1.7216692691502686,0.37399159570132934,4.657026903337254,8.01786010508179,0.2114299152853661,0.6467438525797574,0.44153654066877934,3.3616279064145766,0.44153654066877746,,0.0,1.1358451843261719,ok
A_rhoB0.6,0.6,0.37499999999999994,0.1,0.1,1.0,0.6,20,200,5,1.0,predictive,P1+P2 (protect),coarse,0.31622776601683794,10,10.0,True,True,0.0040935154183441074,0.005825408763315277,74.73344287134157,7.4563094342751555,0.2697272830472742,5.83235302863838,6.44161025403919,37.28154717137568,2.00456924514981,0.3728154717137578,5.057118551134299,10.137344316680382,0.19228473887462136,0.6935842597033854,0.5832353028638381,3.5206867148119714,0.5832353028638398,,0.0,1.2603025436401367,ok
A_rhoB0.6,0.6,0.37499999999999994,0.1,0.1,1.0,0.6,20,200,5,1.0,predictive,P1+P2 (protect),coarse,1.333521432163324,10,10.0,True,True,0.005092102463289532,0.007231813672678589,79.0809742055108,7.44576139745494,0.08623703147040744,6.403915330559031,6.06408624051562,37.22880698727433,2.124187708527499,0.372288069872747,5.226655495654039,11.102397360576012,0.18262012742958483,0.6811158212036016,0.6403915330559031,3.6910725100585777,0.6403915330559045,,0.0,1.2005107402801514,ok
A_rhoB0.6,0.6,0.37499999999999994,0.1,0.1,1.0,0.6,20,200,5,1.0,predictive,P1+P2 (protect),coarse,5.623413251903491,10,10.0,True,True,0.00531769688114606,0.007550207820528677,80.33215783212854,7.443373441346035,0.03485522993297974,6.572747606976128,5.949023721744858,37.21686720673028,2.1584879078054513,0.37216867206730175,5.277644113358287,11.391731000384484,0.1794934249726239,0.6706487121906122,0.6572747606976128,3.8132811935922883,0.6572747606976119,,0.0,1.237462043762207,ok
A_rhoB0.6,0.6,0.37499999999999994,0.1,0.1,1.0,0.6,20,200,5,1.0,predictive,P1+P2 (protect),coarse,23.71373705661655,10,10.0,True,True,0.005358783398181368,0.007608354920495814,80.65234738166113,7.442937338096289,0.02102141040819836,6.618361764448712,5.917679487046801,37.214686690481486,2.1672182289872626,0.37214686690481447,5.2915094145060335,11.467855661975193,0.17854542996370462,0.6668908298203672,0.6618361764448712,3.870418936437716,0.6618361764448717,,0.0,1.1849548816680908,ok
A_rhoB0.6,0.6,0.37499999999999994,0.1,0.1,1.0,0.6,20,200,5,1.0,predictive,P1+P2 (protect),coarse,100.0,10,10.0,True,True,0.005365561605752908,0.007617956045333707,80.73560332047998,7.4428653296600045,0.017379466691382975,6.631045050621871,5.90871015302674,37.21432664829995,2.169476397718678,0.3721432664830002,5.295429423910355,11.488309150958532,0.17824461909086586,0.6656743642305996,0.6631045050621872,3.8937125669730013,0.6631045050621861,,0.0,1.124587059020996,ok
A_rhoB0.6,0.6,0.37499999999999994,0.1,0.1,1.0,0.6,20,200,5,1.0,predictive,P1+P2 (protect),coarse,0.001,10,30.0,True,True,1.3011562367057632e-05,1.9169483220620197e-05,43.31355431080447,7.499856228875859,3.771939814838867,0.7554627756112471,7.972741180674025,37.49928114437925,1.1550502566712992,0.37499281144379293,3.954739198256932,4.567922526014717,0.05314778771530415,0.06937749579519158,0.07554627756112471,1.809408473826188,0.07554627756112488,,0.0,1.2199056148529053,ok
A_rhoB0.6,0.6,0.37499999999999994,0.1,0.1,1.0,0.6,20,200,5,1.0,predictive,P1+P2 (protect),coarse,0.004216965034285823,10,30.0,True,True,0.00018526625671092672,0.00026969365898939614,49.477234647294715,7.497977297557575,2.2743694709764086,1.9959523164405568,8.23170091502546,37.48988648778781,1.3197488518246578,0.3748988648778787,4.082598116489643,5.388004176698717,0.17828733928516266,0.3432450067913249,0.19959523164405568,2.7327985465600055,0.19959523164405651,,0.0,1.128627061843872,ok
A_rhoB0.6,0.6,0.37499999999999994,0.1,0.1,1.0,0.6,20,200,5,1.0,predictive,P1+P2 (protect),coarse,0.01778279410038923,10,30.0,True,True,0.0013598272739126335,0.0019541063410978368,61.214871439664925,7.485344202441787,1.0443467123474424,3.9470224276043817,7.5232866576063895,37.42672101220886,1.6355926937787633,0.37426721012208936,4.533933291709793,7.415668166000836,0.21415890844043584,0.6119750526211032,0.3947022427604382,3.286246610502336,0.39470224276043814,,0.0,1.2413043975830078,ok
A_rhoB0.6,0.6,0.37499999999999994,0.1,0.1,1.0,0.6,20,200,5,1.0,predictive,P1+P2 (protect),coarse,0.07498942093324558,10,30.0,True,True,0.003654565369601291,0.005206519979299846,72.84048534014369,7.460951100155272,0.36482195799100653,5.57961613820675,6.5946108036469715,37.304755500776515,1.9525790844180035,0.3730475550077636,4.985291926138628,9.734176744696228,0.19611593780724704,0.6920133150428626,0.557961613820675,3.4676363386269218,0.5579616138206744,,0.0,1.1373109817504883,ok
A_rhoB0.6,0.6,0.37499999999999994,0.1,0.1,1.0,0.6,20,200,5,1.0,predictive,P1+P2 (protect),coarse,0.31622776601683794,10,30.0,True,True,0.00496635885415735,0.007054701976914369,78.43350016267789,7.447089735173129,0.1198142705272564,6.316029925596261,6.117066068703353,37.23544867586586,2.1064201708818007,0.37235448675865646,5.201686391715778,10.956937138111485,0.18418596566874343,0.6854509891486829,0.6316029925596262,3.6277542628726325,0.631602992559626,,0.0,1.3523097038269043,ok
A_rhoB0.6,0.6,0.37499999999999994,0.1,0.1,1.0,0.6,20,200,5,1.0,predictive,P1+P2 (protect),coarse,1.333521432163324,10,30.0,True,True,0.005299634666300133,0.00752470540271496,80.14562503686588,7.4435647094796416,0.04763564205601736,6.544535322180803,5.964264326283538,37.21782354739824,2.1534205226911656,0.3721782354739821,5.269991879123827,11.34850866692103,0.18014994918698612,0.6731957369143746,0.6544535322180803,3.763887123361069,0.6544535322180806,,0.0,1.1695530414581299,ok
A_rhoB0.6,0.6,0.37499999999999994,0.1,0.1,1.0,0.6,20,200,5,1.0,predictive,P1+P2 (protect),coarse,5.623413251903491,10,30.0,True,True,0.005360632019370032,0.00761098785599655,80.5909279932509,7.4429175910800405,0.025740386411652976,6.607360144441339,5.923981878066969,37.214587955400035,2.1655735672751613,0.372145879554002,5.2884301452911595,11.452484535023675,0.17888223047797752,0.6682199110140397,0.6607360144441339,3.836871349979811,0.6607360144441332,,0.0,1.2034039497375488,ok
A_rhoB0.6,0.6,0.37499999999999994,0.1,0.1,1.0,0.6,20,200,5,1.0,predictive,P1+P2 (protect),coarse,23.71373705661655,10,30.0,True,True,0.005368477073101834,0.007622093281491379,80.71356237680062,7.442834300388803,0.01889177355929385,6.6265659429876,5.911707983064303,37.21417150194411,2.1688931694363816,0.37214171501944016,5.294074860918354,11.482282804330678,0.1784022244980866,0.6662917582731915,0.6626565942987601,3.8762431160944772,0.6626565942987604,,0.0,1.2151374816894531,ok
A_rhoB0.6,0.6,0.37499999999999994,0.1,0.1,1.0,0.6,20,200,5,1.0,predictive,P1+P2 (protect),coarse,100.0,10,30.0,True,True,0.0053678353173406594,0.007621179444124033,80.75008462668472,7.442841154169065,0.016878259754474125,6.632984999249549,5.907295586826912,37.21420577084523,2.16987257833531,0.3721420577084532,5.296036650023822,11.49172470074549,0.17821101985928603,0.6655318365092528,0.6632984999249549,3.8950846866331172,0.6632984999249549,,0.0,1.1439886093139648,ok
A_rhoB0.6,0.6,0.37499999999999994,0.1,0.1,1.0,0.6,20,200,5,1.0,predictive,P1+P2 (protect),coarse,0.001,10,100.0,True,True,0.00012291456560918062,0.00017931247398145304,48.06093826951191,7.498655156445143,2.5184564279965533,1.725451476346664,8.25743693921164,37.49327578222582,1.281854873088892,0.37493275782225716,4.03621316047595,5.173839508581614,0.16065703228779832,0.2878783761988446,0.1725451476346664,2.5901304177835605,0.17254514763466625,,0.0,1.238560438156128,ok
A_rhoB0.6,0.6,0.37499999999999994,0.1,0.1,1.0,0.6,20,200,5,1.0,predictive,P1+P2 (protect),coarse,0.004216965034285823,10,100.0,True,True,0.001051180128593679,0.0015135201370415515,59.02324884538234,7.488648598972179,1.217091719442298,3.612282236589931,7.681977444995592,37.44324299486106,1.5763391235498232,0.3744324299486089,4.448289262360191,7.012012397124954,0.21454478428573195,0.5808979058979323,0.36122822365899315,3.2254627318311857,0.36122822365899404,,0.0,1.1249632835388184,ok
A_rhoB0.6,0.6,0.37499999999999994,0.1,0.1,1.0,0.6,20,200,5,1.0,predictive,P1+P2 (protect),coarse,0.01778279410038923,10,100.0,True,True,0.0033045225019520067,0.004712382988989471,71.30975361821753,7.464657127582566,0.442659688626076,5.37390801167768,6.718775172113678,37.323285637912875,1.9105968941218108,0.3732328563791283,4.926902434896846,9.4133244897551,0.19911656117900273,0.6882433080969713,0.537390801167768,3.4382994570547325,0.5373908011677662,,0.0,1.2540791034698486,ok
A_rhoB0.6,0.6,0.37499999999999994,0.1,0.1,1.0,0.6,20,200,5,1.0,predictive,P1+P2 (protect),coarse,0.07498942093324558,10,100.0,True,True,0.0048466174998601065,0.00688609326222885,77.87037969302747,7.448354300533282,0.14759449037820307,6.240921692275292,6.163129516813223,37.24177150266652,2.090941879267261,0.3724177150266641,5.180189533671605,10.831475238495903,0.18544394252070828,0.6882394970762625,0.6240921692275293,3.5889410954799055,0.6240921692275271,,0.0,1.2914454936981201,ok
A_rhoB0.6,0.6,0.37499999999999994,0.1,0.1,1.0,0.6,20,200,5,1.0,predictive,P1+P2 (protect),coarse,0.31622776601683794,10,100.0,True,True,0.005280393804976506,0.0074975471039504275,79.98029594059113,7.44376839672036,0.06103827747141582,6.520121499789719,5.975071826018505,37.21884198360181,2.1489195170507864,0.372188419836018,5.263912826228081,11.311725008335488,0.18067477327877987,0.675220739321294,0.6520121499789719,3.7258448211812665,0.6520121499789703,,0.0,1.205319881439209,ok
A_rhoB0.6,0.6,0.37499999999999994,0.1,0.1,1.0,0.6,20,200,5,1.0,predictive,P1+P2 (protect),coarse,1.333521432163324,10,100.0,True,True,0.005363945221523202,0.007615699317666665,80.52926787588079,7.442882255117507,0.033636859547551204,6.595958435176341,5.927522450158602,37.214411275587494,2.1639269604328706,0.37214411275587533,5.285911394608293,11.4383261772522,0.1792419660135649,0.6696422716632325,0.6595958435176341,3.799642535878247,0.6595958435176363,,0.0,1.1603848934173584,ok
A_rhoB0.6,0.6,0.37499999999999994,0.1,0.1,1.0,0.6,20,200,5,1.0,predictive,P1+P2 (protect),coarse,5.623413251903491,10,100.0,True,True,0.005374928256694806,0.007631246154166205,80.68174315526005,7.442765653843743,0.022521890657123955,6.619567428785981,5.915145026713152,37.21382826921878,2.16805813612021,0.3721382826921872,5.292236660676683,11.473876750453734,0.17866721367387997,0.6673248361350054,0.6619567428785982,3.8458764076041745,0.6619567428785967,,0.0,1.1728286743164062,ok
A_rhoB0.6,0.6,0.37499999999999994,0.1,0.1,1.0,0.6,20,200,5,1.0,predictive,P1+P2 (protect),coarse,23.71373705661655,10,100.0,True,True,0.005371825751035131,0.007626840459261587,80.73499422490627,7.442798696555549,0.01814486737654773,6.629441754931009,5.909614681136894,37.213993482777695,2.1694794529984995,0.37213993482777746,5.294974229291656,11.487337794604812,0.1783521013256986,0.6660796258571217,0.6629441754931009,3.8783242644043576,0.6629441754930985,,0.0,1.2091376781463623,ok
A_rhoB0.6,0.6,0.37499999999999994,0.1,0.1,1.0,0.6,20,200,5,1.0,predictive,P1+P2 (protect),coarse,100.0,10,100.0,True,True,0.005368628611958992,0.007622304156133081,80.75515332679525,7.442832718828988,0.01670275299146998,6.63366420521348,5.9068003229660615,37.21416359414493,2.1700112410829737,0.3721416359414494,5.296249254143326,11.492920417068333,0.1781992618300701,0.6654818164993636,0.6633664205213481,3.8955672803535055,0.6633664205213485,,0.0,1.2869846820831299,ok
A_rhoB0.6,0.6,0.37499999999999994,0.1,0.1,1.0,0.6,20,200,5,1.0,predictive,P1+P2 (protect),coarse,0.001,20,3.0,True,True,5.474333068730485e-13,8.332617335712048e-13,39.50153779468155,7.499999999993759,12.120233706261084,0.20402974608587648,0.17573654765928204,37.49999999996878,1.053374341192385,0.3749999999996879,5.630740385259045,5.931277443747604,0.14785294674441257,0.17573654765928803,0.02040297460858765,0.1553471141909063,0.020402974608587674,,0.0,7.2757346630096436,ok
A_rhoB0.6,0.6,0.37499999999999994,0.1,0.1,1.0,0.6,20,200,5,1.0,predictive,P1+P2 (protect),coarse,0.004216965034285823,20,3.0,True,True,3.263237462547169e-11,4.9034121411993206e-11,39.50684672702051,7.4999999996322435,11.086415040581539,0.7918445600499259,0.6217403997362911,37.49999999816114,1.0535159127722076,0.37499999998161215,5.61852991372401,5.919210670494903,0.347588547563073,0.6217403997362848,0.07918445600499259,0.5426290014373475,0.07918445600499276,,0.0,7.547207593917847,ok
A_rhoB0.6,0.6,0.37499999999999994,0.1,0.1,1.0,0.6,20,200,5,1.0,predictive,P1+P2 (protect),coarse,0.01778279410038923,20,3.0,True,True,9.097126614195187e-08,1.3421208099388722e-07,39.64301448353554,7.4999989934094025,8.323772354070595,2.5640799420962104,1.6121487104237922,37.49999496704695,1.0571471947762063,0.3749999496704701,5.661635555981478,5.985182145851047,0.4435273332725288,1.612148710423789,0.25640799420962107,1.3566986397152982,0.2564079942096215,,0.0,7.152628421783447,ok
A_rhoB0.6,0.6,0.37499999999999994,0.1,0.1,1.0,0.6,20,200,5,1.0,predictive,P1+P2 (protect),coarse,0.07498942093324558,20,3.0,True,True,5.008513488471828e-05,7.27121028592128e-05,42.653360418435526,7.4994546592285465,4.133934040219743,5.681804317881471,2.6848069826702385,37.497273296142815,1.1375056549197964,0.3749727329614273,5.888455662478916,6.698151614814263,0.44678301758624417,2.684806982670278,0.5681804317881471,2.1392967745713327,0.5681804317881434,,0.0,7.309890508651733,ok
A_rhoB0.6,0.6,0.37499999999999994,0.1,0.1,1.0,0.6,20,200,5,1.0,predictive,P1+P2 (protect),coarse,0.31622776601683794,20,3.0,True,True,0.0009082938855929061,0.001303030672341564,54.74425288049238,7.490227269957444,1.3569603795604868,8.091741448115386,3.0610709023666836,37.45113634978742,1.4617514504550708,0.3745113634978722,6.164622576725312,9.011145993036301,0.42084928849052133,3.061070902366656,0.8091741448115386,2.389061598959792,0.8091741448115398,,0.0,7.363398790359497,ok
A_rhoB0.6,0.6,0.37499999999999994,0.1,0.1,1.0,0.6,20,200,5,1.0,predictive,P1+P2 (protect),coarse,1.333521432163324,20,3.0,True,True,0.002361000192799831,0.0033678387693013485,65.60600991747607,7.474741209230224,0.4151830688243837,9.092056869825285,3.018018852120107,37.373706046151035,1.755405520567382,0.37373706046151123,6.322445059893245,11.098454961620574,0.3922833199429972,3.018018852120062,0.9092056869825286,2.406548868230284,0.9092056869825327,,0.0,7.633846282958984,ok
A_rhoB0.6,0.6,0.37499999999999994,0.1,0.1,1.0,0.6,20,200,5,1.0,predictive,P1+P2 (protect),coarse,5.623413251903491,20,3.0,True,True,0.0029961927807494867,0.004268112818304438,69.93855478031819,7.467989153862707,0.16635977054299872,9.398388628878193,2.9672624467161017,37.33994576931348,1.873022398382665,0.3733994576931353,6.378949486672178,11.947915266688593,0.3811845156591624,2.9672624467160302,0.9398388628878194,2.4505871217502126,0.9398388628878227,,0.0,7.478240251541138,ok
A_rhoB0.6,0.6,0.37499999999999994,0.1,0.1,1.0,0.6,20,200,5,1.0,predictive,P1+P2 (protect),coarse,23.71373705661655,20,3.0,True,True,0.0031437074454571763,0.004477658315126027,71.14354477772817,7.466417562636566,0.10482995615794373,9.477945633000902,2.95080684820459,37.33208781318271,1.9056942417403708,0.3733208781318283,6.394390054445533,12.185752306198749,0.37849273219809004,2.9508068482046226,0.9477945633000902,2.482253311579206,0.9477945633000846,,0.0,7.350016832351685,ok
A_rhoB0.6,0.6,0.37499999999999994,0.1,0.1,1.0,0.6,20,200,5,1.0,predictive,P1+P2 (protect),coarse,100.0,20,3.0,True,True,0.00317530085094183,0.004522629301073509,71.43717416405237,7.466080280241935,0.0900149481830857,9.497155838275766,2.9467489332992116,37.33040140120961,1.9136460226151653,0.3733040140120968,6.398143807971011,12.243782450243573,0.37790560491535946,2.946748933299236,0.9497155838275767,2.492451782511883,0.9497155838275718,,0.0,7.650496006011963,ok
A_rhoB0.6,0.6,0.37499999999999994,0.1,0.1,1.0,0.6,20,200,5,1.0,predictive,P1+P2 (protect),coarse,0.001,20,10.0,True,True,1.1649539827311593e-11,1.755771623224573e-11,39.50481296762113,7.499999999868322,11.34668317749005,0.6395630312049406,0.5137537914366881,37.49999999934162,1.0534616791550588,0.3749999999934161,5.619988473066551,5.920442493668763,0.3156631866038709,0.513753791436697,0.06395630312049407,0.4498512011925918,0.06395630312049408,,0.0,7.1108503341674805,ok
A_rhoB0.6,0.6,0.37499999999999994,0.1,0.1,1.0,0.6,20,200,5,1.0,predictive,P1+P2 (protect),coarse,0.004216965034285823,20,10.0,True,True,2.4343708518657304e-08,3.6017234594855006e-08,39.581172857340626,7.499999729870741,8.920082766128186,2.159571208788093,1.4203462952129797,37.499998649353614,1.0554979808785376,0.37499998649353705,5.644069112562272,5.957303552248399,0.43852088774184284,1.420346295212968,0.21595712087880933,1.2049595630480168,0.21595712087880878,,0.0,7.473728179931641,ok
A_rhoB0.6,0.6,0.37499999999999994,0.1,0.1,1.0,0.6,20,200,5,1.0,predictive,P1+P2 (protect),coarse,0.01778279410038923,20,10.0,True,True,2.2994244827710626e-05,3.34633745684924e-05,41.58801113381647,7.499749024690732,4.797547328413434,5.156876816524753,2.5458268303710803,37.49874512345383,1.1090507428155238,0.3749874512345366,5.840907290502328,6.477862569248215,0.4481891011061659,2.5458268303710443,0.5156876816524754,2.0446615210917862,0.5156876816524751,,0.0,7.506248474121094,ok
A_rhoB0.6,0.6,0.37499999999999994,0.1,0.1,1.0,0.6,20,200,5,1.0,predictive,P1+P2 (protect),coarse,0.07498942093324558,20,10.0,True,True,0.0006752218145276792,0.0009701584393377135,52.449925698785094,7.492723811704948,1.651862808837926,7.809063222336517,3.0463501571206084,37.46361905852486,1.4000229293611208,0.37463619058524744,6.12580631637904,8.57626930375584,0.4264939699395045,3.0463501571206333,0.7809063222336518,2.377753287528584,0.7809063222336493,,0.0,7.140679121017456,ok
A_rhoB0.6,0.6,0.37499999999999994,0.1,0.1,1.0,0.6,20,200,5,1.0,predictive,P1+P2 (protect),coarse,0.31622776601683794,20,10.0,True,True,0.0021696511111190782,0.0030965564632788206,64.33599023412474,7.476775826525394,0.4987987229048422,8.99456403700339,3.029861413566375,37.383879132627214,1.7209554419400728,0.3738387913262697,6.305417368192209,10.851342333493834,0.3956759784522774,3.0298614135663557,0.899456403700339,2.402690681623946,0.8994564037003422,,0.0,7.497354984283447,ok
A_rhoB0.6,0.6,0.37499999999999994,0.1,0.1,1.0,0.6,20,200,5,1.0,predictive,P1+P2 (protect),coarse,1.333521432163324,20,10.0,True,True,0.0029419513699515776,0.004191169007426611,69.53576690198638,7.468566232444313,0.18744179831530144,9.371390788360172,2.972601180880213,37.34283116222132,1.8620914573915255,0.3734283116222156,6.373771661080422,11.868545761462046,0.38214983208995695,2.9726011808801727,0.9371390788360172,2.4428672765596415,0.9371390788360252,,0.0,7.279585838317871,ok
A_rhoB0.6,0.6,0.37499999999999994,0.1,0.1,1.0,0.6,20,200,5,1.0,predictive,P1+P2 (protect),coarse,5.623413251903491,20,10.0,True,True,0.003132337775435099,0.004461485068315606,71.04206322100838,7.466538861987629,0.10995574655284333,9.471296426962397,2.9522089644971303,37.3326943099381,1.9029449798402769,0.3733269430993814,6.3930920088927925,12.16570234397953,0.3787037978827893,2.952208964497123,0.9471296426962397,2.478986377471272,0.947129642696233,,0.0,7.339500665664673,ok
A_rhoB0.6,0.6,0.37499999999999994,0.1,0.1,1.0,0.6,20,200,5,1.0,predictive,P1+P2 (protect),coarse,23.71373705661655,20,10.0,True,True,0.003172765298973163,0.004519018328074623,71.41289820803341,7.466107362539453,0.09123950510678218,9.495568891039193,2.9470842413145713,37.33053681269726,1.9129887835886596,0.3733053681269726,6.397833575298527,12.238983868813015,0.377952655016538,2.9470842413146174,0.9495568891039193,2.4915646062181542,0.9495568891039154,,0.0,7.275047540664673,ok
A_rhoB0.6,0.6,0.37499999999999994,0.1,0.1,1.0,0.6,20,200,5,1.0,predictive,P1+P2 (protect),coarse,100.0,20,10.0,True,True,0.003181933812417646,0.004532077193805456,71.50133893145357,7.466009421046447,0.08677799783421115,9.501349560873162,2.945863020246179,37.33004710523207,1.9153830352770211,0.37330047105232234,6.398963704997559,12.256466523905718,0.37778270213256065,2.945863020246098,0.9501349560873162,2.4948366794114105,0.9501349560873266,,0.0,7.373619079589844,ok
A_rhoB0.6,0.6,0.37499999999999994,0.1,0.1,1.0,0.6,20,200,5,1.0,predictive,P1+P2 (protect),coarse,0.001,20,30.0,True,True,3.426485651806884e-09,5.0910352751074904e-09,39.53677500444909,7.499999961817251,9.685401276073915,1.6571822980178632,1.1574164640909714,37.49999980908609,1.0543140054861946,0.37499999809086254,5.627827689119767,5.933497553101976,0.42557453652433064,1.157416464090975,0.16571822980178633,0.9919861137657952,0.1657182298017867,,0.0,7.291083812713623,ok
A_rhoB0.6,0.6,0.37499999999999994,0.1,0.1,1.0,0.6,20,200,5,1.0,predictive,P1+P2 (protect),coarse,0.004216965034285823,20,30.0,True,True,6.207774171989324e-06,9.067441138553746e-06,40.561482868852686,7.499931994191455,5.812476087834658,4.377496055171889,2.3100958628019983,37.49965997095729,1.0816493509612277,0.3749965997095727,5.776900253702074,6.2485804099846,0.44892651152104834,2.3100958628019526,0.43774960551718894,1.8794369681691816,0.43774960551719133,,0.0,7.4136927127838135,ok
A_rhoB0.6,0.6,0.37499999999999994,0.1,0.1,1.0,0.6,20,200,5,1.0,predictive,P1+P2 (protect),coarse,0.01778279410038923,20,30.0,True,True,0.0003959478156877629,0.000570339574186683,49.1645207656943,7.495722453193592,2.1823483731910986,7.3229058494577375,2.999023324157572,37.47861226596795,1.311802059713337,0.3747861226596796,6.06381947404228,7.954530875778507,0.4341425303562064,2.9990233241575535,0.7322905849457738,2.346194336097517,0.7322905849457745,,0.0,7.205449342727661,ok
A_rhoB0.6,0.6,0.37499999999999994,0.1,0.1,1.0,0.6,20,200,5,1.0,predictive,P1+P2 (protect),coarse,0.07498942093324558,20,30.0,True,True,0.0018465201903679275,0.0026380761596042097,62.13424119196028,7.48021442880302,0.6572353275382716,8.81574448584354,3.0468057578151684,37.401072144014925,1.6612957230934156,0.374010721440151,6.275219035797517,10.424994545644802,0.4015760725376987,3.0468057578151937,0.8815744485843541,2.3995153396036377,0.8815744485843557,,0.0,7.306204795837402,ok
A_rhoB0.6,0.6,0.37499999999999994,0.1,0.1,1.0,0.6,20,200,5,1.0,predictive,P1+P2 (protect),coarse,0.31622776601683794,20,30.0,True,True,0.0028358904925377564,0.004040800857698088,68.78139920525828,7.469693993567283,0.2278972145436989,9.320115854689119,2.982292937199899,37.34846996783623,1.8416122337673129,0.3734846996783642,6.364043583581926,11.720100519752844,0.3840134519999348,2.9822929371999294,0.9320115854689119,2.4312215481662984,0.9320115854689118,,0.0,7.65149188041687,ok
A_rhoB0.6,0.6,0.37499999999999994,0.1,0.1,1.0,0.6,20,200,5,1.0,predictive,P1+P2 (protect),coarse,1.333521432163324,20,30.0,True,True,0.0031098220616029965,0.004429470790688826,70.84654876803197,7.466778969069841,0.11984798352831989,9.458466642769613,2.954906404632226,37.333894845349256,1.897646871870842,0.373338948453492,6.390590112047585,12.127083335535833,0.3791203736779919,2.954906404632238,0.9458466642769614,2.47303939478646,0.9458466642769672,,0.0,7.154019355773926,ok
A_rhoB0.6,0.6,0.37499999999999994,0.1,0.1,1.0,0.6,20,200,5,1.0,predictive,P1+P2 (protect),coarse,5.623413251903491,20,30.0,True,True,0.0031678206291929573,0.004511977403120494,71.36594000127639,7.4661601694766055,0.09360818058576885,9.49249864014066,2.947733009796966,37.33080084738283,1.911717358891851,0.3733080084738303,6.397233421481881,12.229702180730023,0.3780444855276857,2.9477330097969214,0.9492498640140661,2.489871645667798,0.9492498640140732,,0.0,7.2769904136657715,ok
A_rhoB0.6,0.6,0.37499999999999994,0.1,0.1,1.0,0.6,20,200,5,1.0,predictive,P1+P2 (protect),coarse,23.71373705661655,20,30.0,True,True,0.0031807872515534907,0.004530443874804264,71.49017753581573,7.466021670938967,0.08734110215312958,9.500620144112789,2.9460170827951138,37.330108354694765,1.915080900825322,0.37330108354694835,6.39882109417568,12.254260065254034,0.37780392477787517,2.94601708279509,0.9500620144112789,2.4944176206188624,0.9500620144112799,,0.0,7.295040607452393,ok
A_rhoB0.6,0.6,0.37499999999999994,0.1,0.1,1.0,0.6,20,200,5,1.0,predictive,P1+P2 (protect),coarse,100.0,20,30.0,True,True,0.0031838119953112986,0.00453475289763954,71.519687450114,7.465989353267704,0.08585224752675698,9.502548604721383,2.9456097944841546,37.329946766338324,1.9158797063864481,0.37329946766338523,6.399198138259803,12.260093850237897,0.37774796094863733,2.945609794484038,0.9502548604721384,2.495529475122232,0.9502548604721532,,0.0,7.168700695037842,ok
A_rhoB0.6,0.6,0.37499999999999994,0.1,0.1,1.0,0.6,20,200,5,1.0,predictive,P1+P2 (protect),coarse,0.001,20,100.0,True,True,2.217020572729396e-06,3.246869013803534e-06,40.1343309132472,7.499975648482385,6.524495691408024,3.846491057493378,2.129037602616213,37.49987824241197,1.0702522993222867,0.37499878242411927,5.73789248614612,6.140992626561958,0.4486446455178355,2.129037602616219,0.3846491057493378,1.7485461870638734,0.38464910574933564,,0.0,7.323716640472412,ok
A_rhoB0.6,0.6,0.37499999999999994,0.1,0.1,1.0,0.6,20,200,5,1.0,predictive,P1+P2 (protect),coarse,0.004216965034285823,20,100.0,True,True,0.00025189683613840823,0.0003635491342678114,47.04831062637596,7.497273381492988,2.627271275440345,6.93190221086247,2.943553132204197,37.48636690746501,1.2550778991870453,0.3748636690746494,6.017762311697842,7.552760479972704,0.4387161187552696,2.9435531322041855,0.6931902210862471,2.3101653459891835,0.6931902210862492,,0.0,7.356594085693359,ok
A_rhoB0.6,0.6,0.37499999999999994,0.1,0.1,1.0,0.6,20,200,5,1.0,predictive,P1+P2 (protect),coarse,0.01778279410038923,20,100.0,True,True,0.0015979847918992133,0.002285045175795969,60.35863620778331,7.482862161181543,0.7990746636259353,8.661235838031438,3.0568273371610837,37.41431080590802,1.6132499812946492,0.37414310805907713,6.250119620962144,10.0830053616065,0.4063108314637493,3.0568273371611228,0.8661235838031438,2.3983149387329674,0.8661235838031411,,0.0,7.192256689071655,ok
A_rhoB0.6,0.6,0.37499999999999994,0.1,0.1,1.0,0.6,20,200,5,1.0,predictive,P1+P2 (protect),coarse,0.07498942093324558,20,100.0,True,True,0.002739085959201128,0.0039036102923608153,68.11725782138994,7.4707229228073055,0.2646939611341966,9.274122151323915,2.9904609647345834,37.3536146140366,1.8235787493452666,0.3735361461403653,6.355438632276198,11.58964283258682,0.38569874243267693,2.9904609647345484,0.9274122151323916,2.4233702357786417,0.9274122151323945,,0.0,7.146526575088501,ok
A_rhoB0.6,0.6,0.37499999999999994,0.1,0.1,1.0,0.6,20,200,5,1.0,predictive,P1+P2 (protect),coarse,0.31622776601683794,20,100.0,True,True,0.0030886169453556308,0.004399335048528357,70.66817054226752,7.467004987136023,0.12890050282270643,9.446734551067694,2.9573599589735777,37.335024935680124,1.8928116604719811,0.37335024935680117,6.388306198204601,12.0918604626271,0.37951052626713566,2.9573599589735617,0.9446734551067695,2.4679896397067558,0.9446734551067675,,0.0,7.301242828369141,ok
A_rhoB0.6,0.6,0.37499999999999994,0.1,0.1,1.0,0.6,20,200,5,1.0,predictive,P1+P2 (protect),coarse,1.333521432163324,20,100.0,True,True,0.003163237520043267,0.004505452416365206,71.32285110894688,7.466209106877285,0.09578173815290833,9.489680685486155,2.948328469483652,37.33104553438629,1.9105505910154628,0.37331045534386426,6.396682654879244,12.2211858268179,0.3781296633017264,2.948328469483709,0.9489680685486155,2.488344647022524,0.9489680685486122,,0.0,7.292086839675903,ok
A_rhoB0.6,0.6,0.37499999999999994,0.1,0.1,1.0,0.6,20,200,5,1.0,predictive,P1+P2 (protect),coarse,5.623413251903491,20,100.0,True,True,0.0031797315866689212,0.004528940105922129,71.47992723092338,7.466032949205593,0.08785822372414961,9.49995024152536,2.946158585544898,37.330164746027755,1.914803422841295,0.3733016474602796,6.398690121024506,12.252233745438504,0.37782347388135157,2.9461585855449015,0.949995024152536,2.494034339098994,0.9499950241525381,,0.0,7.121591806411743,ok
A_rhoB0.6,0.6,0.37499999999999994,0.1,0.1,1.0,0.6,20,200,5,1.0,predictive,P1+P2 (protect),coarse,23.71373705661655,20,100.0,True,True,0.0031835634909396326,0.004534398860794254,71.51725505960623,7.465992008544062,0.08597497427416533,9.502389656647264,2.945643360534508,37.32996004272,1.915813865800088,0.3732996004272031,6.399167060975194,12.259612984987474,0.37775255581243566,2.9456433605345205,0.9502389656647264,2.4954373545452464,0.9502389656647299,,0.0,7.2752039432525635,ok
A_rhoB0.6,0.6,0.37499999999999994,0.1,0.1,1.0,0.6,20,200,5,1.0,predictive,P1+P2 (protect),coarse,100.0,20,100.0,True,True,0.0031844675529049135,0.004535686868354649,71.52611103172667,7.465982348487338,0.08552813865775867,9.502968356652262,2.9455211562026418,37.32991174243631,1.916053579907515,0.3732991174243669,6.3992802078619135,12.261363751105126,0.37773584237243574,2.9455211562026506,0.9502968356652263,2.495773163753281,0.9502968356652232,,0.0,7.24077033996582,ok
A_rhoB0.6,0.6,0.37499999999999994,0.1,0.1,1.0,0.6,20,200,5,1.0,base,Base,fine,0.0011547819846894581,0,1.0,False,False,4.1083852721318704e-08,6.141050403586971e-08,39.910805061123334,7.49999953942121,6.796989788329531,0.07849041357681151,5.6245202586724465,37.499997697106124,1.064288200321763,0.37499997697106047,4.382679984897878,4.664434593713175,0.0,0.0,,,,,2.098492387604779e-34,0.398270845413208,ok
A_rhoB0.6,0.6,0.37499999999999994,0.1,0.1,1.0,0.6,20,200,5,1.0,base,Base,fine,0.001333521432163324,0,1.0,False,False,5.5772134004358747e-08,8.331464145331162e-08,39.96410862940278,7.499999375140204,6.64821672757699,0.0886553949189061,5.7631285023639,37.49999687570092,1.065709652239959,0.3749999687570102,4.352940335587462,4.638970531260204,0.0,0.0,,,,,1.5021850032626623e-33,0.404552698135376,ok
A_rhoB0.6,0.6,0.37499999999999994,0.1,0.1,1.0,0.6,20,200,5,1.0,base,Base,fine,0.001539926526059492,0,1.0,False,False,7.575354291259423e-08,1.1309269682273957e-07,40.02406925820431,7.499999151804726,6.49854670235192,0.10007284447788169,5.901381301365473,37.49999575902385,1.0673086342569273,0.3749999575902363,4.3234692226525,4.614476031281099,0.0,0.0,,,,,1.0471051781463334e-32,0.3967280387878418,ok
A_rhoB0.6,0.6,0.37499999999999994,0.1,0.1,1.0,0.6,20,200,5,1.0,base,Base,fine,0.0017782794100389228,0,1.0,False,False,1.0293143293739219e-07,1.535684399168862e-07,40.09146735653134,7.499998848236671,6.348006297931707,0.11288528894409333,6.039109564887529,37.49999424118346,1.0691059603551047,0.37499994241183354,4.294326222635041,4.5910897603283445,0.0,0.0,,,,,7.104149450349366e-32,0.3961317539215088,ok
A_rhoB0.6,0.6,0.37499999999999994,0.1,0.1,1.0,0.6,20,200,5,1.0,base,Base,fine,0.002053525026457146,0,1.0,False,False,1.398846098448436e-07,2.08564717170974e-07,40.167165195352545,7.499998435764584,6.1966246919681165,0.12724923884518805,6.1761276334221105,37.49999217882311,1.0711246286082061,0.3749999217882292,4.265576751711485,4.568964313976763,0.0,0.0,,,,,4.689073896264277e-31,0.4385106563568115,ok
A_rhoB0.6,0.6,0.37499999999999994,0.1,0.1,1.0,0.6,20,200,5,1.0,base,Base,fine,0.0023713737056616554,0,1.0,False,False,1.9010075342163428e-07,2.832475098423111e-07,40.25211360970759,7.499997875643658,6.044434029731836,0.14333611923712616,6.3122319753873795,37.49998937821837,1.073390000293914,0.3749998937821829,4.237292499294423,4.54826739706304,0.0,0.0,,,,,3.0095941105706996e-30,0.36763477325439453,ok
A_rhoB0.6,0.6,0.37499999999999994,0.1,0.1,1.0,0.6,20,200,5,1.0,base,Base,fine,0.0027384196342643613,0,1.0,False,False,2.5828699160178547e-07,3.845832303455598e-07,40.34735884675758,7.499997115625717,5.891469832591422,0.1613331666424445,6.4471998851404155,37.49998557812886,1.0759299830314974,0.3749998557812858,4.209551856121816,4.529183057127354,0.0,0.0,,,,,1.8774215288733234e-29,0.3765561580657959,ok
A_rhoB0.6,0.6,0.37499999999999994,0.1,0.1,1.0,0.6,20,200,5,1.0,base,Base,fine,0.0031622776601683794,0,1.0,False,False,3.5078135102503644e-07,5.219438820485795e-07,40.45404945589322,7.499996085420862,5.737771445630807,0.18144426461670285,6.580788204331629,37.499980427104425,1.078775215217276,0.37499980427104307,4.182440327684086,4.511912964630814,0.0,0.0,,,,,1.1377072874224694e-28,0.42070817947387695,ok
A_rhoB0.6,0.6,0.37499999999999994,0.1,0.1,1.0,0.6,20,200,5,1.0,base,Base,fine,0.003651741272548377,0,1.0,False,False,4.760952552603059e-07,7.07904037608404e-07,40.57344308543665,7.499994690719695,5.583382530764919,0.20389068428019777,6.712732094235187,37.4999734535986,1.0819592482016307,0.37499973453598473,4.156050921642656,4.496677730668183,0.0,0.0,,,,,6.694082530894218e-28,0.4216446876525879,ok
A_rhoB0.6,0.6,0.37499999999999994,0.1,0.1,1.0,0.6,20,200,5,1.0,base,Base,fine,0.004869675251658631,0,1.0,False,False,8.745798005982317e-07,1.298513676678228e-06,40.855954193129335,7.499990261147394,5.272732674197493,0.2567649581215133,6.9705121065336,37.49995130573706,1.0894935265390289,0.37499951305736967,4.105850045847587,4.473297045890921,0.0,0.0,,,,,2.1167654243617528e-26,0.40264081954956055,ok
A_rhoB0.6,0.6,0.37499999999999994,0.1,0.1,1.0,0.6,20,200,5,1.0,base,Base,fine,0.005623413251903491,0,1.0,False,False,1.1831833765660952e-06,1.7553831492564883e-06,41.022188554056186,7.4999868346263705,5.116585831687393,0.28772676570412353,7.095700567982114,37.49993417313189,1.093926948369097,0.37499934173131855,4.082264924050954,4.465699610801264,0.0,0.0,,,,,1.136389095377019e-25,0.38249802589416504,ok
A_rhoB0.6,0.6,0.37499999999999994,0.1,0.1,1.0,0.6,20,200,5,1.0,base,Base,fine,0.006493816315762113,0,1.0,False,False,1.5982208888811294e-06,2.3693109946064732e-06,41.207369220686545,7.499982230167547,4.959978050105797,0.32209186387598904,7.217947855850667,37.4999111508377,1.0988657827730888,0.3749991115083774,4.059854946245755,4.461235683451538,0.0,0.0,,,,,5.910727071646172e-25,0.4046468734741211,ok
A_rhoB0.6,0.6,0.37499999999999994,0.1,0.1,1.0,0.6,20,200,5,1.0,base,Base,fine,0.007498942093324558,0,1.0,False,False,2.1550126553944056e-06,3.192220028624238e-06,41.4133832739744,7.49997605834975,4.802983942947735,0.36017298463332564,7.336867014069189,37.49988029174894,1.1043604126674118,0.3749988029174875,4.03875437890247,4.4602404525470485,0.0,0.0,,,,,2.9769720607932415e-24,0.4587273597717285,ok
A_rhoB0.6,0.6,0.37499999999999994,0.1,0.1,1.0,0.6,20,200,5,1.0,base,Base,fine,0.008659643233600654,0,1.0,False,False,2.8999121543793808e-06,4.292176622655595e-06,41.64225259003763,7.499967808675296,4.645686630049413,0.40229988791336446,7.452045673361925,37.49983904337663,1.1104648353788773,0.3749983904337648,4.019105764062991,4.463075620660507,0.0,0.0,,,,,1.451070013693537e-23,0.3714580535888672,ok
A_rhoB0.6,0.6,0.37499999999999994,0.1,0.1,1.0,0.6,20,200,5,1.0,base,Base,fine,0.01,0,1.0,False,False,3.893436863631574e-06,5.757942833547766e-06,41.896132227667515,7.499956815428712,4.488178657764567,0.44881786577645355,7.563046661030269,37.49978407714376,1.1172366257224224,0.3749978407714356,4.001059551687311,4.470130272841599,0.0,0.0,,,,,6.84135183116328e-23,0.3655123710632324,ok
A_rhoB0.6,0.6,0.37499999999999994,0.1,0.1,1.0,0.6,20,200,5,1.0,base,Base,fine,0.011547819846894581,0,1.0,False,False,5.214150616454798e-06,7.704610235674632e-06,42.17730575842126,7.499942215423257,4.330562971768067,0.5000856103360998,7.6694092024725755,37.49971107711617,1.12473681921671,0.3749971107711628,3.9847735016042174,4.481821473493359,0.0,0.0,,,,,3.1181526662835064e-22,0.385211706161499,ok
A_rhoB0.6,0.6,0.37499999999999994,0.1,0.1,1.0,0.6,20,200,5,1.0,base,Base,fine,0.01333521432163324,0,1.0,False,False,6.963420648656508e-06,1.0280488383601545e-05,42.488176861077015,7.499922896337112,4.172953928763157,0.5564723499435831,7.7706508249561494,37.4996144816856,1.1330296977273666,0.3749961448168556,3.970411815578439,4.498594499258004,0.0,0.0,,,,,1.373155906990139e-21,0.3734414577484131,ok
A_rhoB0.6,0.6,0.37499999999999994,0.1,0.1,1.0,0.6,20,200,5,1.0,base,Base,fine,0.01539926526059492,0,1.0,False,False,9.271168466531068e-06,1.3675412879382166e-05,42.83125643772652,7.4998974344033735,4.015478327171823,0.6183541590828895,7.8662700793419145,37.49948717201701,1.142182458156073,0.37499487172016865,3.9581439589890017,4.520922596813669,0.0,0.0,,,,,5.839548218439454e-21,0.5468499660491943,ok
A_rhoB0.6,0.6,0.37499999999999994,0.1,0.1,1.0,0.6,20,200,5,1.0,predictive,P2 only,fine,0.0012710617996147444,0,10.0,False,False,3.248449651612961e-06,4.803912880029271e-06,41.639209965716454,7.499963970653403,4.6619317040505415,0.40128437003321654,7.436819955262838,37.49981985326695,1.110384266608387,0.37499819853267014,4.022387200384709,4.466395461514138,0.0,0.0,0.04012843700332166,1.288253197774129,0.04012843700332173,,0.0,0.9052722454071045,ok
A_rhoB0.6,0.6,0.37499999999999994,0.1,0.1,1.0,0.6,20,200,5,1.0,predictive,P2 only,fine,0.0016155980984398745,0,10.0,False,False,5.423872360344238e-06,8.008715653873583e-06,42.09152028409444,7.499939934632589,4.392471791489083,0.48378969517165443,7.623798578706673,37.49969967316289,1.1224495302883117,0.37499699673162945,3.9926115927122385,4.481505006863521,0.0,0.0,0.04837896951716544,1.4461897642458994,0.04837896951716555,,0.0,0.9416742324829102,ok
A_rhoB0.6,0.6,0.37499999999999994,0.1,0.1,1.0,0.6,20,200,5,1.0,predictive,P2 only,fine,0.002053525026457146,0,10.0,False,False,8.985777407074363e-06,1.3246874939837622e-05,42.63011165168571,7.499900648437961,4.122782677431925,0.5811109443705305,7.796205729759583,37.49950324218968,1.1368180366646488,0.3749950324218981,3.9683490373006496,4.511290761384173,0.0,0.0,0.05811109443705305,1.613497472288943,0.05811109443705318,,0.0,1.25056791305542,ok
A_rhoB0.6,0.6,0.37499999999999994,0.1,0.1,1.0,0.6,20,200,5,1.0,predictive,P2 only,fine,0.0026101572156825357,0,10.0,False,False,1.4747287212277995e-05,2.1704167201614114e-05,43.26806134033361,7.499837218745975,3.8535397661526014,0.6951708796751888,7.951452135426234,37.499186093729726,1.1538400122121184,0.37499186093729875,3.9504714736112216,4.558212053355198,0.0,0.0,0.06951708796751888,1.7885655104021634,0.0695170879675189,,0.0,0.9155449867248535,ok
A_rhoB0.6,0.6,0.37499999999999994,0.1,0.1,1.0,0.6,20,200,5,1.0,predictive,P2 only,fine,0.003317671127842858,0,10.0,False,False,2.3935657556763228e-05,3.5165577921684554e-05,44.01917419489507,7.499736258165574,3.585540547419113,0.8278869009998424,8.086836293415471,37.498681290828,1.1738859255741867,0.3749868129082787,3.9398746763941963,4.6249634311453,0.0,0.0,0.08278869009998424,1.9693109581743071,0.08278869009998407,,0.0,0.9220178127288818,ok
A_rhoB0.6,0.6,0.37499999999999994,0.1,0.1,1.0,0.6,20,200,5,1.0,predictive,P1 only (protect),fine,0.0016155980984398745,10,1.0,True,True,8.220398008564971e-08,1.227238578314167e-07,40.04542604758614,7.499999079571064,6.448506570967096,0.10415539553908726,5.947338953922751,37.49999539785517,1.0678781589897623,0.37499995397855324,4.3137156998832396,4.606522779996548,2.3061660747847632e-05,2.3489566173765204e-05,0.010415539553908726,0.5102594949451966,0.010415539553908703,,0.0,1.1298670768737793,ok
A_rhoB0.6,0.6,0.37499999999999994,0.1,0.1,1.0,0.6,20,200,5,1.0,predictive,P1 only (protect),fine,0.0026101572156825357,10,1.0,True,True,2.198543914663435e-07,3.276128414143126e-07,40.312613647350126,7.499997542903679,5.942875770409886,0.15492088381529534,6.402205802871141,37.49998771451838,1.075003382780918,0.37499987714518396,4.218737689373025,4.535157287141356,0.00016941486379632982,0.00017447057324161534,0.015492088381529535,0.6821315555993157,0.015492088381529528,,0.0,1.2084453105926514,ok
A_rhoB0.6,0.6,0.37499999999999994,0.1,0.1,1.0,0.6,20,200,5,1.0,predictive,P1 only (protect),fine,0.006812920690579615,10,1.0,True,True,1.3638866762145318e-06,2.024988096866363e-06,41.231253911449535,7.4999848125892905,4.915277088118447,0.3300182632303559,7.254719836061907,37.49992406294628,1.0995023307844558,0.37499924062946455,4.052752084201135,4.456010362670709,0.0039603146286002954,0.004263008894751644,0.03300182632303559,1.1475324661857702,0.03300182632303552,,0.0,1.2680468559265137,ok
A_rhoB0.6,0.6,0.37499999999999994,0.1,0.1,1.0,0.6,20,200,5,1.0,predictive,P1 only (protect),fine,0.011006941712522098,10,1.0,True,True,3.1326763696732923e-06,4.641704023589916e-06,41.94127371045585,7.499965187219805,4.406482369590539,0.4686066565308242,7.624945786658832,37.499825936099164,1.1184391570756902,0.3749982593609903,3.990073186604552,4.462654091496308,0.012773739578486999,0.014321927814960797,0.04686066565308242,1.4321277010418554,0.04686066565308232,,0.0,1.1104164123535156,ok
A_rhoB0.6,0.6,0.37499999999999994,0.1,0.1,1.0,0.6,20,200,5,1.0,predictive,P1+P2 (protect),fine,0.0012710617996147444,10,10.0,True,True,2.5715519946727002e-06,3.8086840153565282e-06,41.58327210579576,7.4999714348698845,4.670840530674696,0.4006428714894307,7.428545162965988,37.49985717434945,1.1088914795718057,0.3749985717434942,4.024158540538819,4.462355118049609,0.010951838434417273,0.01247626556577409,0.04006428714894307,1.2757542307584024,0.04006428714894295,,0.0,1.3061234951019287,ok
A_rhoB0.6,0.6,0.37499999999999994,0.1,0.1,1.0,0.6,20,200,5,1.0,predictive,P1+P2 (protect),fine,0.0016155980984398745,10,10.0,True,True,4.091135985749453e-06,6.051249513728325e-06,41.99453153985256,7.49995461562864,4.407178225647616,0.4829180396169573,7.609949119106787,37.49977307814324,1.1198609509541029,0.374997730781432,3.995606982486634,4.474524235046335,0.018608975993707463,0.021852373145079776,0.04829180396169573,1.4251719452731375,0.04829180396169573,,0.0,1.1257312297821045,ok
A_rhoB0.6,0.6,0.37499999999999994,0.1,0.1,1.0,0.6,20,200,5,1.0,predictive,P1+P2 (protect),fine,0.002053525026457146,10,10.0,True,True,6.480110734403626e-06,9.57101566862537e-06,42.471910608373406,7.49992821738248,4.145400735304837,0.5801387829900464,7.774532264322638,37.49964108691255,1.1325951229756221,0.374996410869124,3.97309625187601,4.499909437987493,0.029616387010000324,0.036055373552038604,0.058013878299004645,1.5803854026733848,0.05801387829900469,,0.0,1.3077473640441895,ok
A_rhoB0.6,0.6,0.37499999999999994,0.1,0.1,1.0,0.6,20,200,5,1.0,predictive,P1+P2 (protect),fine,0.0026101572156825357,10,10.0,True,True,1.0236866234539016e-05,1.5096132173208641e-05,43.02439733844508,7.499886779008718,3.886061752735905,0.6944552793369737,7.919596188918401,37.499433895043545,1.147334582673041,0.3749943389504359,3.9575576257730005,4.540642726970777,0.0442937815518619,0.056250536069480064,0.06944552793369738,1.7395008439345627,0.06944552793369763,,0.0,1.1764535903930664,ok
A_rhoB0.6,0.6,0.37499999999999994,0.1,0.1,1.0,0.6,20,200,5,1.0,predictive,P1+P2 (protect),fine,0.003317671127842858,10,10.0,True,True,1.614452609096348e-05,2.3768074806152934e-05,43.66337700157592,7.499821739438942,3.629430542644224,0.8281112608351543,8.042636457081679,37.499108697194856,1.1643843952174304,0.3749910869719471,3.9498922266970795,4.599192871556708,0.062486190143754936,0.08331139401628208,0.08281112608351543,1.900627913536759,0.08281112608351551,,0.0,1.1340281963348389,ok
A_rhoB0.6,0.6,0.37499999999999994,0.1,0.1,1.0,0.6,20,200,5,1.0,predictive,P2 only,extend,0.00046415888336127795,0,10.0,False,False,3.581001893876818e-07,5.326285017427007e-07,40.43109734474999,7.499996005286213,5.779994016534039,0.17704541709049118,6.5429645610892555,37.49998002643128,1.078163170120431,0.3749998002643106,4.190311324187074,4.517839341077077,0.0,0.0,0.01770454170904912,0.7458284567146365,0.017704541709049067,,0.0,0.962435245513916,ok
A_rhoB0.6,0.6,0.37499999999999994,0.1,0.1,1.0,0.6,20,200,5,1.0,predictive,P2 only,extend,0.0002154434690031884,0,10.0,False,False,6.576773576123498e-08,9.819092695779704e-08,39.983605670027416,7.4999992635680375,6.606380307207252,0.09235212332393349,5.801268305900776,37.49999631784025,1.066229589228136,0.3749999631784019,4.344892395185912,4.6326528337595265,0.0,0.0,0.009235212332393349,0.4646666773369383,0.009235212332393378,,0.0,0.9093611240386963,ok
A_rhoB0.6,0.6,0.37499999999999994,0.1,0.1,1.0,0.6,20,200,5,1.0,predictive,P2 only,extend,0.0001,0,10.0,False,False,1.2380141043828331e-08,1.8545621978759102e-08,39.74802076439005,7.499999860907841,7.404131564515101,0.04735488293493692,5.048513691642121,37.499999304539145,1.0599472400411163,0.37499999304539205,4.50793766796584,4.778176089437778,0.0,0.0,0.004735488293493692,0.2781044010309602,0.004735488293493711,,0.0,1.034346580505371,ok
A_rhoB0.6,0.6,0.37499999999999994,0.1,0.1,1.0,0.6,20,200,5,1.0,predictive,P1+P2 (protect),extend,0.00046415888336127795,10,10.0,True,True,3.358581128497516e-07,4.998305639237536e-07,40.42842841212757,7.499996251270768,5.780468231749766,0.1769962435482888,6.542539273431177,37.49998125635383,1.0780919631867165,0.3749998125635384,4.190399905666035,4.517636460836927,0.0005492384430508975,0.0005781729394408221,0.017699624354828882,0.7451782305710154,0.017699624354828858,,0.0,1.1420814990997314,ok
A_rhoB0.6,0.6,0.37499999999999994,0.1,0.1,1.0,0.6,20,200,5,1.0,predictive,P1+P2 (protect),extend,0.0002154434690031884,10,10.0,True,True,6.494928991941067e-08,9.698272823043495e-08,39.983492135285104,7.499999272629546,6.606400331063257,0.09234974029589711,5.801250656011299,37.499996363147666,1.0662265603464975,0.3749999636314773,4.344896019763606,4.632643538215738,2.373763475721611e-05,2.432461538584919e-05,0.00923497402958971,0.46463815449990714,0.009234974029589687,,0.0,1.301192045211792,ok
A_rhoB0.6,0.6,0.37499999999999994,0.1,0.1,1.0,0.6,20,200,5,1.0,predictive,P1+P2 (protect),extend,0.0001,10,10.0,True,True,1.2364446694634509e-08,1.8522441008552466e-08,39.74801842064071,7.499999861081683,7.4041319481564765,0.047354830811846986,5.048513359949994,37.49999930540851,1.05994717751656,0.37499999305408416,4.507937734978852,4.778175878611229,4.937362604183395e-07,4.99432877347732e-07,0.004735483081184699,0.27810380448782823,0.004735483081184718,,0.0,1.1114418506622314,ok
A_rhoB0.6,0.6,0.37499999999999994,0.1,0.5623413251903491,0.1778279410038923,0.6,20,200,5,1.0,base,Base,coarse,0.00017782794100389227,0,1.0,False,False,4.29298346660242e-09,6.792195018560065e-09,39.60195823123478,7.499999949058484,9.884908466616773,0.01757812919630401,2.5975134551284387,37.49999974529266,1.0560522266725076,0.3749999974529242,5.056375737029379,5.339796855982717,0.0,0.0,,,,,4.7181864008184304e-45,0.3664581775665283,ok
A_rhoB0.6,0.6,0.37499999999999994,0.1,0.5623413251903491,0.1778279410038923,0.6,20,200,5,1.0,base,Base,coarse,0.0007498942093324559,0,1.0,False,False,1.0235935463361161e-07,1.6176826212783762e-07,39.85697419893914,7.499998786738032,8.52034781745167,0.06389359489805405,3.915759800912243,37.49999393369014,1.0628528172408978,0.37499993933690157,4.765960481090823,5.065514524186166,0.0,0.0,,,,,6.335328410089484e-35,0.43502163887023926,ok
A_rhoB0.6,0.6,0.37499999999999994,0.1,0.5623413251903491,0.1778279410038923,0.6,20,200,5,1.0,base,Base,coarse,0.0031622776601683794,0,1.0,False,False,3.36676924675122e-06,5.312633817963178e-06,40.75593657725742,7.499960155246328,7.005899800111814,0.22154600427271728,5.272594040369142,37.4998007762318,1.0868307493273253,0.3749980077623164,4.4835788099635945,4.872891317700851,0.0,0.0,,,,,4.073571309633419e-26,0.41225433349609375,ok
A_rhoB0.6,0.6,0.37499999999999994,0.1,0.5623413251903491,0.1778279410038923,0.6,20,200,5,1.0,base,Base,coarse,0.01333521432163324,0,1.0,False,False,0.00011259682407225707,0.00017725737427910955,43.83613345809084,7.498670569692912,5.3082636974566935,0.7078683408133016,6.485197392037093,37.493352848464546,1.1691708030290509,0.3749335284846456,4.282975090553986,5.007529425976426,0.0,0.0,,,,,4.2980994958790505e-19,0.429429292678833,ok
A_rhoB0.6,0.6,0.37499999999999994,0.1,0.5623413251903491,0.1778279410038923,0.6,20,200,5,1.0,base,Base,coarse,0.05623413251903491,0,1.0,False,False,0.0018507556840610029,0.0029041994840732833,52.73973528680184,7.4782185038694795,3.354408656491435,1.8863226091213703,7.281050230517716,37.39109251934727,1.4104892832300293,0.37391092519347396,4.277594507662889,6.033501211062139,0.0,0.0,,,,,3.5545459640237965e-14,0.3890507221221924,ok
A_rhoB0.6,0.6,0.37499999999999994,0.1,0.5623413251903491,0.1778279410038923,0.6,20,200,5,1.0,base,Base,coarse,0.23713737056616552,0,1.0,False,False,0.009054267163207105,0.014161033202784425,67.55795572149177,7.3937922509791045,1.5348662489423226,3.639741464449374,7.4316000356292005,36.96896125489562,1.827423693505735,0.3696896125489552,4.4946354136932,8.213603248652905,0.0,0.0,,,,,7.081603944455349e-15,0.3898012638092041,ok
A_rhoB0.6,0.6,0.37499999999999994,0.1,0.5623413251903491,0.1778279410038923,0.6,20,200,5,1.0,base,Base,coarse,1.0,0,1.0,False,False,0.01780244520385785,0.027770982541668106,79.83658323518996,7.291717630937497,0.5120773737767887,5.12077373776791,7.0754312575178036,36.45858815468743,2.1897881206056926,0.3645858815468749,4.782367015401418,10.472370478702526,0.0,0.0,,,,,1.857838132005363e-19,0.4249613285064697,ok
A_rhoB0.6,0.6,0.37499999999999994,0.1,0.5623413251903491,0.1778279410038923,0.6,20,200,5,1.0,base,Base,coarse,4.216965034285822,0,1.0,False,False,0.0222211131749531,0.03461886035517613,85.85614605851535,7.240358547336183,0.1398997856467324,5.89952504376352,6.720216623253565,36.201792736680865,2.3715992929687992,0.36201792736680916,4.97189314542614,11.791338268409053,0.0,0.0,,,,,2.5432151354824927e-26,0.40166473388671875,ok
A_rhoB0.6,0.6,0.37499999999999994,0.1,0.5623413251903491,0.1778279410038923,0.6,20,200,5,1.0,base,Base,coarse,17.78279410038923,0,1.0,False,False,0.023490222365542417,0.03658385921355816,87.9806749420698,7.225621055898326,0.034817041955492276,6.191442882791307,6.548119019354875,36.128105279491564,2.4352418777968077,0.3612810527949163,5.052402006529184,12.30382094976449,0.0,0.0,,,,,1.9888392601497456e-35,0.37352848052978516,ok
A_rhoB0.6,0.6,0.37499999999999994,0.1,0.5623413251903491,0.1778279410038923,0.6,20,200,5,1.0,predictive,Check,check,0.05623413251903491,0,1.0,False,False,0.0018507556840610029,0.0029041994840732833,52.73973528680199,7.47821850386945,3.354408656491427,1.8863226091213694,7.281050230517754,37.391092519347154,1.4104892832300375,0.3739109251934725,4.277594507662876,6.033501211062155,0.0,0.0,0.18863226091213695,2.2934054673174704,0.18863226091213664,5.824681179719579e-15,0.0,0.9139180183410645,ok
A_rhoB0.6,0.6,0.37499999999999994,0.1,0.5623413251903491,0.1778279410038923,0.6,20,200,5,1.0,predictive,P2 only,coarse,0.00017782794100389227,0,3.0,False,False,2.9034822870827192e-08,4.5905955683918016e-08,39.71516229733002,7.499999655705325,9.094788006915623,0.038198534398320466,3.3670138029807326,37.4999982785267,1.0590710432131345,0.37499998278526625,4.8858867924192495,5.17450122226873,0.0,0.0,0.003819853439832047,0.252825278411634,0.003819853439832047,,0.0,1.0557074546813965,ok
A_rhoB0.6,0.6,0.37499999999999994,0.1,0.5623413251903491,0.1778279410038923,0.6,20,200,5,1.0,predictive,P2 only,coarse,0.0007498942093324559,0,3.0,False,False,9.80964134565436e-07,1.548718060362653e-06,40.27627939132825,7.499988384614546,7.616204281778678,0.13835412206114683,4.7454532115456285,37.49994192307271,1.0740357804806981,0.37499941923072727,4.589988307177815,4.929811673897003,0.0,0.0,0.013835412206114684,0.6607524361099267,0.013835412206114745,,0.0,1.0030741691589355,ok
A_rhoB0.6,0.6,0.37499999999999994,0.1,0.5623413251903491,0.1778279410038923,0.6,20,200,5,1.0,predictive,P2 only,coarse,0.0031622776601683794,0,3.0,False,False,3.990185697925885e-05,6.285892927523067e-05,42.299516277286514,7.499528558030453,5.966144567015694,0.4713387849551444,6.0629880899987105,37.49764279015217,1.1280580092462622,0.37497642790152264,4.342777324199661,4.8989047429364785,0.0,0.0,0.047133878495514446,1.387943139868542,0.047133878495514384,,0.0,1.0682730674743652,ok
A_rhoB0.6,0.6,0.37499999999999994,0.1,0.5623413251903491,0.1778279410038923,0.6,20,200,5,1.0,predictive,P2 only,coarse,0.01333521432163324,0,3.0,False,False,0.000948569204382887,0.0014896767191125444,48.918677978244276,7.488827424606667,4.060309877018373,1.3904251021009884,7.060437596273973,37.4441371230333,1.3064442590173229,0.37444137123033333,4.254378549528365,5.558108431717778,0.0,0.0,0.13904251021009884,2.0703282761469426,0.13904251021009859,,0.0,0.9908993244171143,ok
A_rhoB0.6,0.6,0.37499999999999994,0.1,0.5623413251903491,0.1778279410038923,0.6,20,200,5,1.0,predictive,P2 only,coarse,0.05623413251903491,0,3.0,False,False,0.006576132626783689,0.010292524801122048,62.55865713408367,7.422806063991588,2.0836748889147647,3.0296921887496033,7.463826858344046,37.114030319957884,1.6855797280642697,0.37114030319957936,4.399982343906137,7.416521042728895,0.0,0.0,0.30296921887496037,2.2538777073807403,0.30296921887496125,,0.0,0.9340767860412598,ok
A_rhoB0.6,0.6,0.37499999999999994,0.1,0.5623413251903491,0.1778279410038923,0.6,20,200,5,1.0,predictive,P2 only,coarse,0.23713737056616552,0,3.0,False,False,0.01571539479059704,0.02452676653569355,76.1773613177629,7.316049250982299,0.7772155924747634,4.6539944372827176,7.25274071926022,36.580246254911515,2.0824726216143175,0.36580246254911497,4.675827536989078,9.737282829170063,0.0,0.0,0.4653994437282718,2.3491398941793613,0.4653994437282706,,0.0,1.0566201210021973,ok
A_rhoB0.6,0.6,0.37499999999999994,0.1,0.5623413251903491,0.1778279410038923,0.6,20,200,5,1.0,predictive,P2 only,coarse,1.0,0,3.0,False,False,0.021288357015054736,0.03317088105028849,83.88286862957072,7.251218392122841,0.2328409675047652,5.640330548927,6.8756100914453935,36.25609196061429,2.3136213555695506,0.362560919606142,4.899490699033384,11.335566312698024,0.0,0.0,0.5640330548927001,2.5507046182555735,0.5640330548926991,,0.0,0.9274044036865234,ok
A_rhoB0.6,0.6,0.37499999999999994,0.1,0.5623413251903491,0.1778279410038923,0.6,20,200,5,1.0,predictive,P2 only,coarse,4.216965034285822,0,3.0,False,False,0.02312327186270826,0.036013198876728325,87.0854866000299,7.229901008424539,0.06164765991806106,6.073926085270026,6.634525246387374,36.14950504212264,2.4090367627040785,0.361495050421227,5.015879882992878,12.083439035437674,0.0,0.0,0.6073926085270026,2.759774656479596,0.6073926085270023,,0.0,1.0227925777435303,ok
A_rhoB0.6,0.6,0.37499999999999994,0.1,0.5623413251903491,0.1778279410038923,0.6,20,200,5,1.0,predictive,P2 only,coarse,17.78279410038923,0,3.0,False,False,0.023616181164530396,0.03677874875201232,88.24859768751173,7.2241593843599095,0.015330332802890458,6.233692799994596,6.5268174828426035,36.12079692179951,2.4431520123591794,0.3612079692179955,5.063341603389945,12.3705132275841,0.0,0.0,0.6233692799994597,2.8846166253996337,0.623369279999459,,0.0,0.9725377559661865,ok
A_rhoB0.6,0.6,0.37499999999999994,0.1,0.5623413251903491,0.1778279410038923,0.6,20,200,5,1.0,predictive,P2 only,coarse,0.00017782794100389227,0,10.0,False,False,4.556056809288029e-07,7.195232683855292e-07,40.08085737946372,7.499994603575483,7.9695795418664535,0.10385772544294344,4.42656812911512,37.4999730178773,1.0688236324958431,0.37499973017877414,4.656737908354917,4.977231526788997,0.0,0.0,0.010385772544294345,0.5381177593567313,0.01038577254429433,,0.0,0.9403541088104248,ok
A_rhoB0.6,0.6,0.37499999999999994,0.1,0.5623413251903491,0.1778279410038923,0.6,20,200,5,1.0,predictive,P2 only,coarse,0.0007498942093324559,0,10.0,False,False,1.9811369369400362e-05,3.122322286463518e-05,41.628939091307835,7.49976582582852,6.351325616158975,0.3644356098898046,5.7844729481227,37.49882912914261,1.1101397045742816,0.374988291291426,4.389565298899447,4.87303072412975,0.0,0.0,0.03644356098898046,1.2005728079479199,0.03644356098898051,,0.0,1.0090970993041992,ok
A_rhoB0.6,0.6,0.37499999999999994,0.1,0.5623413251903491,0.1778279410038923,0.6,20,200,5,1.0,predictive,P2 only,coarse,0.0031622776601683794,0,10.0,False,False,0.0005785405962567404,0.0009090674573266682,46.9741209861213,7.493181994070065,4.4976479488530074,1.131649462633092,6.877520594443835,37.46590997035036,1.2537829996200682,0.37465909970350325,4.257379536577106,5.337830085890739,0.0,0.0,0.1131649462633092,1.9272302015787999,0.11316494626330922,,0.0,0.9673998355865479,ok
A_rhoB0.6,0.6,0.37499999999999994,0.1,0.5623413251903491,0.1778279410038923,0.6,20,200,5,1.0,predictive,P2 only,coarse,0.01333521432163324,0,10.0,False,False,0.0051062766325319095,0.007996186570963274,59.4623030243245,7.4400286007177945,2.489886769505004,2.654664655721475,7.415419974055725,37.20014300358886,1.5984428613241595,0.3720014300358897,4.357091347115131,6.964561559933446,0.0,0.0,0.2654664655721475,2.1675563950014216,0.26546646557214837,,0.0,1.0168955326080322,ok
A_rhoB0.6,0.6,0.37499999999999994,0.1,0.5623413251903491,0.1778279410038923,0.6,20,200,5,1.0,predictive,P2 only,coarse,0.05623413251903491,0,10.0,False,False,0.014211674954685121,0.022188330365216166,73.60573993899041,7.333587522260869,1.0323990219120094,4.324169414823154,7.3098440410039665,36.66793761130436,2.007359691707845,0.36667937611304346,4.615980283759937,9.265932759337836,0.0,0.0,0.4324169414823154,2.212128695181318,0.4324169414823162,,0.0,1.1008524894714355,ok
A_rhoB0.6,0.6,0.37499999999999994,0.1,0.5623413251903491,0.1778279410038923,0.6,20,200,5,1.0,predictive,P2 only,coarse,0.23713737056616552,0,10.0,False,False,0.020627890781435662,0.032146114865336466,82.16587920664624,7.25890413850998,0.3613143738720957,5.403307655465225,6.976473832152699,36.29452069254981,2.2638645624410314,0.362945206925499,4.842246577271856,10.962190428887133,0.0,0.0,0.5403307655465225,2.3943951491953315,0.5403307655465241,,0.0,0.9541854858398438,ok
A_rhoB0.6,0.6,0.37499999999999994,0.1,0.5623413251903491,0.1778279410038923,0.6,20,200,5,1.0,predictive,P2 only,coarse,1.0,0,10.0,False,False,0.02284817296184953,0.03558424359226004,85.924793628072,7.233118173058056,0.1141951454886662,5.916152408214892,6.7365342732383855,36.16559086529016,2.375871417340456,0.3616559086529028,4.9696238076275,11.807187159476824,0.0,0.0,0.5916152408214893,2.653817357382109,0.591615240821491,,0.0,0.965965986251831,ok
A_rhoB0.6,0.6,0.37499999999999994,0.1,0.5623413251903491,0.1778279410038923,0.6,20,200,5,1.0,predictive,P2 only,coarse,4.216965034285822,0,10.0,False,False,0.02342220391839257,0.03647597474329506,87.57917558966182,7.226430189425288,0.03233303838460868,6.145974882009379,6.595261890180725,36.13215094712637,2.4238572377775114,0.3613215094712644,5.035050804221112,12.204244334388822,0.0,0.0,0.614597488200938,2.827925749628713,0.6145974882009368,,0.0,1.009448766708374,ok
A_rhoB0.6,0.6,0.37499999999999994,0.1,0.5623413251903491,0.1778279410038923,0.6,20,200,5,1.0,predictive,P2 only,coarse,17.78279410038923,0,10.0,False,False,0.023654277937657554,0.03683781059232084,88.34363620702256,7.223716420557577,0.008377864130717692,6.248884417386935,6.5190212979247715,36.118582102788054,2.4459331198442356,0.36118582102787883,5.067318408663898,12.394321924547414,0.0,0.0,0.6248884417386935,2.9074727748423657,0.6248884417386915,,0.0,0.9526169300079346,ok
A_rhoB0.6,0.6,0.37499999999999994,0.1,0.5623413251903491,0.1778279410038923,0.6,20,200,5,1.0,predictive,P2 only,coarse,0.00017782794100389227,0,30.0,False,False,7.830695839434282e-06,1.2348450637942765e-05,41.03326618465574,7.499907386620216,6.782470309376247,0.26709335194744693,5.450528952056091,37.49953693310113,1.094233943684658,0.3749953693310108,4.450280849838238,4.869648364822806,0.0,0.0,0.026709335194744693,1.0025756678940712,0.026709335194744645,,0.0,1.067171573638916,ok
A_rhoB0.6,0.6,0.37499999999999994,0.1,0.5623413251903491,0.1778279410038923,0.6,20,200,5,1.0,predictive,P2 only,coarse,0.0007498942093324559,0,30.0,False,False,0.00027894385487882287,0.00043865095404625363,45.03485067603966,7.496710117844633,4.995927632600526,0.8681693632165711,6.639192886338271,37.483550589223185,1.2014563713445954,0.37483550589223164,4.272048710072479,5.13268014141104,0.0,0.0,0.08681693632165711,1.7666968438438453,0.08681693632165707,,0.0,0.9350001811981201,ok
A_rhoB0.6,0.6,0.37499999999999994,0.1,0.5623413251903491,0.1778279410038923,0.6,20,200,5,1.0,predictive,P2 only,coarse,0.0031622776601683794,0,30.0,False,False,0.0034120981166234424,0.0053474191686174,55.801259951554826,7.459894356235363,2.985034394774834,2.2200501962988013,7.335021052691001,37.29947178117678,1.4960335170139059,0.3729947178117682,4.312853491910261,6.452173377868212,0.0,0.0,0.22200501962988015,2.127975949905981,0.2220050196298803,,0.0,0.991504430770874,ok
A_rhoB0.6,0.6,0.37499999999999994,0.1,0.5623413251903491,0.1778279410038923,0.6,20,200,5,1.0,predictive,P2 only,coarse,0.01333521432163324,0,30.0,False,False,0.011999813681174967,0.018746773893107353,70.4060201006225,7.359399195801695,1.3473162350281267,3.9340845496917463,7.359200019478432,36.796995979008464,1.9133632577177477,0.36796995979008473,4.550062393458149,8.705922203966097,0.0,0.0,0.39340845496917465,2.1493309190743837,0.3934084549691743,,0.0,0.9735579490661621,ok
A_rhoB0.6,0.6,0.37499999999999994,0.1,0.5623413251903491,0.1778279410038923,0.6,20,200,5,1.0,predictive,P2 only,coarse,0.05623413251903491,0,30.0,False,False,0.01955483361295405,0.03048305823342109,80.36374912126011,7.271377063249347,0.532862581697419,5.158976844412937,7.036783510640298,36.356885316246746,2.2104134725024998,0.36356885316246734,4.793771866282823,10.596217917335004,0.0,0.0,0.5158976844412937,2.2503057702438785,0.5158976844412909,,0.0,0.972766637802124,ok
A_rhoB0.6,0.6,0.37499999999999994,0.1,0.5623413251903491,0.1778279410038923,0.6,20,200,5,1.0,predictive,P2 only,coarse,0.23713737056616552,0,30.0,False,False,0.02256772359049312,0.03514907388426701,84.7251214319195,7.236381945867992,0.2117362548794945,5.74178707342057,6.810094725831944,36.181909729339964,2.3416431599578003,0.36181909729339956,4.927297146137868,11.53797165933333,0.0,0.0,0.574178707342057,2.488313359029567,0.5741787073420564,,0.0,1.098778486251831,ok
A_rhoB0.6,0.6,0.37499999999999994,0.1,0.5623413251903491,0.1778279410038923,0.6,20,200,5,1.0,predictive,P2 only,coarse,1.0,0,30.0,False,False,0.02329008132949176,0.036268687018730275,86.61615719891519,7.227984847359524,0.07724757643334884,6.012932634800585,6.681834941406542,36.139924236797626,2.3966889535070672,0.3613992423679762,4.995746281215004,11.97324992671201,0.0,0.0,0.6012932634800585,2.7257871705683625,0.601293263480059,,0.0,0.9829995632171631,ok
A_rhoB0.6,0.6,0.37499999999999994,0.1,0.5623413251903491,0.1778279410038923,0.6,20,200,5,1.0,predictive,P2 only,coarse,4.216965034285822,0,30.0,False,False,0.023499215106248507,0.03659539672486962,87.72447751309733,7.22553452456347,0.023738520115084306,6.16748686590381,6.583240089417636,36.12767262281742,2.42817959598351,0.3612767262281735,5.04086330766361,12.240121429810726,0.0,0.0,0.6167486865903811,2.853844451490751,0.6167486865903792,,0.0,0.9539313316345215,ok
A_rhoB0.6,0.6,0.37499999999999994,0.1,0.5623413251903491,0.1778279410038923,0.6,20,200,5,1.0,predictive,P2 only,coarse,17.78279410038923,0,30.0,False,False,0.02366444285579665,0.0368535841338015,88.37080639312464,7.2235981189965,0.00637835847569176,6.253250914645941,6.516772607881869,36.1179905949824,2.4467254389672863,0.36117990594982496,5.068464580800699,12.401141226349733,0.0,0.0,0.6253250914645941,2.9144658304976665,0.6253250914645951,,0.0,0.9648745059967041,ok
A_rhoB0.6,0.6,0.37499999999999994,0.1,0.5623413251903491,0.1778279410038923,0.6,20,200,5,1.0,predictive,P2 only,coarse,0.00017782794100389227,0,100.0,False,False,0.0001627863109997383,0.0002561214116416382,43.98685145132915,7.498079089412695,5.31858221129945,0.7200791646962232,6.463259534591632,37.49039544706355,1.1732832083203444,0.37490395447063474,4.289671464262492,5.032999498230126,0.0,0.0,0.07200791646962233,1.6466276622611091,0.0720079164696219,,0.0,1.047999382019043,ok
A_rhoB0.6,0.6,0.37499999999999994,0.1,0.5623413251903491,0.1778279410038923,0.6,20,200,5,1.0,predictive,P2 only,coarse,0.0007498942093324559,0,100.0,False,False,0.002479508536425294,0.003888041591744887,53.48546196431364,7.470839688061915,3.3264275700278616,1.9425528843789714,7.260179857531252,37.3541984403095,1.43184606276002,0.3735419844030957,4.28964948205377,6.1421177214992495,0.0,0.0,0.19425528843789716,2.0994613744648456,0.19425528843789686,,0.0,0.9232273101806641,ok
A_rhoB0.6,0.6,0.37499999999999994,0.1,0.5623413251903491,0.1778279410038923,0.6,20,200,5,1.0,predictive,P2 only,coarse,0.0031622776601683794,0,100.0,False,False,0.010425058067946524,0.01629423160611185,68.09759565348321,7.377793262954167,1.5770446041067325,3.6588148323407474,7.386347300598353,36.88896631477079,1.8460152846900486,0.3688896631477084,4.505306249820211,8.316864199377711,0.0,0.0,0.36588148323407477,2.1306664784347937,0.3658814832340753,,0.0,1.05511474609375,ok
A_rhoB0.6,0.6,0.37499999999999994,0.1,0.5623413251903491,0.1778279410038923,0.6,20,200,5,1.0,predictive,P2 only,coarse,0.01333521432163324,0,100.0,False,False,0.018644258437640854,0.029071114192578525,79.07562205902458,7.2819666435556725,0.6564010064287407,4.991126166292405,7.070506183723181,36.4098332177782,2.1718204965688646,0.36409833217778365,4.762513624884927,10.343324705713565,0.0,0.0,0.49911261662924056,2.1859550931861755,0.49911261662924183,,0.0,0.957390308380127,ok
A_rhoB0.6,0.6,0.37499999999999994,0.1,0.5623413251903491,0.1778279410038923,0.6,20,200,5,1.0,predictive,P2 only,coarse,0.05623413251903491,0,100.0,False,False,0.022320428749634226,0.03476626079668007,83.99758507921182,7.2392530440249026,0.3077835288683595,5.633164831510846,6.819798595595892,36.19626522012439,2.3206146979084146,0.3619626522012451,4.909203943554286,11.392370826442027,0.0,0.0,0.5633164831510846,2.3536546785953827,0.5633164831510821,,0.0,1.0199384689331055,ok
A_rhoB0.6,0.6,0.37499999999999994,0.1,0.5623413251903491,0.1778279410038923,0.6,20,200,5,1.0,predictive,P2 only,coarse,0.23713737056616552,0,100.0,False,False,0.023268742952689474,0.03623477586362114,85.80866872882854,7.228239181022851,0.15393014653099318,5.89091625590041,6.726914416545746,36.14119590511409,2.3742620181720757,0.36141195905114254,4.967264855070041,11.793588279593818,0.0,0.0,0.589091625590041,2.5804599456483874,0.589091625590038,,0.0,0.9239842891693115,ok
A_rhoB0.6,0.6,0.37499999999999994,0.1,0.5623413251903491,0.1778279410038923,0.6,20,200,5,1.0,predictive,P2 only,coarse,1.0,0,100.0,False,False,0.02343113728785902,0.03648750427739941,86.86811750528507,7.226343717919487,0.06389842153328133,6.0488023405966365,6.660955519950595,36.13171858959735,2.404206633290208,0.3613171858959744,5.0056041321977425,12.034506658254688,0.0,0.0,0.6048802340596637,2.762120670794897,0.6048802340596666,,0.0,1.1001794338226318,ok
A_rhoB0.6,0.6,0.37499999999999994,0.1,0.5623413251903491,0.1778279410038923,0.6,20,200,5,1.0,predictive,P2 only,coarse,4.216965034285822,0,100.0,False,False,0.023524885853533562,0.03663523412945711,87.77554062926559,7.2252357440290655,0.02070597169707602,6.1750854790329,6.578972805240959,36.126178720145404,2.429693472681583,0.3612617872014533,5.042923792190037,12.25275902111479,0.0,0.0,0.61750854790329,2.86377039801416,0.6175085479032917,,0.0,0.9625141620635986,ok
A_rhoB0.6,0.6,0.37499999999999994,0.1,0.5623413251903491,0.1778279410038923,0.6,20,200,5,1.0,predictive,P2 only,coarse,17.78279410038923,0,100.0,False,False,0.023667919783356885,0.036858981220497404,88.3803139570334,7.223557640846283,0.0056771405361919075,6.254781496497836,6.515983722119688,36.117788204231246,2.447002387224795,0.36117788204231416,5.06886664363792,12.403528777506123,0.0,0.0,0.6254781496497837,2.9169647318870164,0.625478149649784,,0.0,1.0492331981658936,ok
A_rhoB0.6,0.6,0.37499999999999994,0.1,0.5623413251903491,0.1778279410038923,0.6,20,200,5,1.0,predictive,P2 only,coarse,0.00017782794100389227,0,1000.0,False,False,0.006701819113941153,0.01048781687842838,62.19518469397225,7.421341373411786,2.196960482962589,2.96741610903046,7.414282034595167,37.106706867058996,1.6761170673753651,0.3710670686705893,4.4015729596792,7.377551561016207,0.0,0.0,0.296741610903046,2.1278825028390074,0.29674161090304596,,0.0,0.946253776550293,ok
A_rhoB0.6,0.6,0.37499999999999994,0.1,0.5623413251903491,0.1778279410038923,0.6,20,200,5,1.0,predictive,P2 only,coarse,0.0007498942093324559,0,1000.0,False,False,0.015833558635432798,0.0247083559165676,75.44461166425221,7.314687330625733,0.9418813911702937,4.538779773548292,7.20465150465568,36.57343665312875,2.0628253335825946,0.36573436653128666,4.669143701098673,9.63162791276394,0.0,0.0,0.4538779773548292,2.1403940319002874,0.4538779773548283,,0.0,0.9661691188812256,ok
A_rhoB0.6,0.6,0.37499999999999994,0.1,0.5623413251903491,0.1778279410038923,0.6,20,200,5,1.0,predictive,P2 only,coarse,0.0031622776601683794,0,1000.0,False,False,0.021336829064317265,0.033243537585382454,82.52241024797625,7.250673468109633,0.43972032944417705,5.4327817181040965,6.8768244843420945,36.25336734054807,2.2762688351897715,0.36253367340548165,4.867921110591291,11.080697116201335,0.0,0.0,0.5432781718104097,2.2421168423351743,0.5432781718104122,,0.0,0.9292681217193604,ok
A_rhoB0.6,0.6,0.37499999999999994,0.1,0.5623413251903491,0.1778279410038923,0.6,20,200,5,1.0,predictive,P2 only,coarse,0.01333521432163324,0,1000.0,False,False,0.023082223292597393,0.035945786738423205,85.04879768513369,7.230406599461826,0.28070907063413314,5.7731380109335895,6.715746318970451,36.152032997309135,2.352531535127334,0.3615203299730913,4.952397300442682,11.650670823770886,0.0,0.0,0.577313801093359,2.390987287900984,0.5773138010933586,,0.0,0.9758100509643555,ok
A_rhoB0.6,0.6,0.37499999999999994,0.1,0.5623413251903491,0.1778279410038923,0.6,20,200,5,1.0,predictive,P2 only,coarse,0.05623413251903491,0,1000.0,False,False,0.023464559922164712,0.036538530675946757,85.80701179706536,7.225961019930396,0.20807682759105425,5.882017327304494,6.6839448251740565,36.1298050996519,2.374964701868599,0.3612980509965198,4.975277334375985,11.81610805114986,0.0,0.0,0.5882017327304494,2.510663511728833,0.5882017327304505,,0.0,1.0038819313049316,ok
A_rhoB0.6,0.6,0.37499999999999994,0.1,0.5623413251903491,0.1778279410038923,0.6,20,200,5,1.0,predictive,P2 only,coarse,0.23713737056616552,0,1000.0,False,False,0.02351148949370374,0.0366114334972825,86.25384548673836,7.225414248770376,0.1305346097646592,5.953685412675831,6.690365728789134,36.12707124385189,2.387512812885906,0.36127071243851877,4.984524932258134,11.90061714191555,0.0,0.0,0.5953685412675832,2.6409912111999527,0.5953685412675822,,0.0,1.0307092666625977,ok
A_rhoB0.6,0.6,0.37499999999999994,0.1,0.5623413251903491,0.1778279410038923,0.6,20,200,5,1.0,predictive,P2 only,coarse,1.0,0,1000.0,False,False,0.023482385965239598,0.03656707887045237,86.96602526846917,7.22574690847162,0.05868495396678314,6.0628411013118315,6.652727036249765,36.12873454235795,2.407115177712873,0.361287345423581,5.00948194131384,12.058400013415092,0.0,0.0,0.6062841101311832,2.7782365674606546,0.606284110131185,,0.0,0.925560474395752,ok
A_rhoB0.6,0.6,0.37499999999999994,0.1,0.5623413251903491,0.1778279410038923,0.6,20,200,5,1.0,predictive,P2 only,coarse,4.216965034285822,0,1000.0,False,False,0.023534592238484406,0.03665030160330657,87.79525371020951,7.225122737975205,0.019532821863095056,6.178024682584177,6.577319757577523,36.12561368987603,2.430277156366026,0.36125613689876024,5.043721737400369,12.25764172147088,0.0,0.0,0.6178024682584178,2.86772609422688,0.6178024682584176,,0.0,0.9410474300384521,ok
A_rhoB0.6,0.6,0.37499999999999994,0.1,0.5623413251903491,0.1778279410038923,0.6,20,200,5,1.0,predictive,P2 only,coarse,17.78279410038923,0,1000.0,False,False,0.023669249466076743,0.03686104547681514,88.38398073177076,7.223542158923894,0.005406477297755829,6.255372167070686,6.515679196707664,36.117710794619434,2.447109154684787,0.3611771079461947,5.069021844688088,12.404449761433385,0.0,0.0,0.6255372167070686,2.9179358335411028,0.6255372167070664,,0.0,1.1074905395507812,ok
A_rhoB0.6,0.6,0.37499999999999994,0.1,0.5623413251903491,0.1778279410038923,0.6,20,200,5,1.0,predictive,P1 only (protect),coarse,0.00017782794100389227,5,1.0,True,True,4.2929834666024195e-09,6.792195018560063e-09,39.601958231234846,7.499999949058542,9.884908466616826,0.017578129196304044,2.597513455128329,37.499999745292676,1.056052226672509,0.3749999974529271,5.056375737029413,5.33979685598276,1.2751927774458047e-24,1.2760324690873678e-24,0.0017578129196304045,0.1344732256488963,0.001757812919630407,,0.0,1.0159330368041992,ok
A_rhoB0.6,0.6,0.37499999999999994,0.1,0.5623413251903491,0.1778279410038923,0.6,20,200,5,1.0,predictive,P1 only (protect),coarse,0.0007498942093324559,5,1.0,True,True,1.0235935463320754e-07,1.6176826212720682e-07,39.856974198939085,7.499998786738009,8.52034781745169,0.06389359489805443,3.915759800912248,37.49999393369017,1.0628528172408953,0.37499993933690046,4.7659604810908185,5.065514524186149,5.4418869260745644e-17,5.4569577115941195e-17,0.0063893594898054434,0.37877889141209725,0.006389359489805447,,0.0,1.1011250019073486,ok
A_rhoB0.6,0.6,0.37499999999999994,0.1,0.5623413251903491,0.1778279410038923,0.6,20,200,5,1.0,predictive,P1 only (protect),coarse,0.0031622776601683794,5,1.0,True,True,3.3667683974955123e-06,5.312632492309833e-06,40.755936576426365,7.499960155256298,7.00589980010955,0.2215460042198788,5.272594040414273,37.49980077628164,1.0868307493037193,0.3749980077628149,4.483578809946966,4.872891317576939,1.130026027243023e-10,1.1430767740763114e-10,0.022154600421987882,0.9130578022560556,0.022154600421987827,,0.0,0.9754698276519775,ok
A_rhoB0.6,0.6,0.37499999999999994,0.1,0.5623413251903491,0.1778279410038923,0.6,20,200,5,1.0,predictive,P1 only (protect),coarse,0.01333521432163324,5,1.0,True,True,0.00011256449665649028,0.00017720692851348345,43.83610248580404,7.498670948036154,5.3082639909068305,0.7078663516756611,6.485198709381354,37.49335474018069,1.169169917964849,0.37493354740180773,4.282974551126339,5.007525004585917,4.110607691037905e-06,4.301926236164985e-06,0.07078663516756611,1.7217034077005287,0.07078663516756574,,0.0,1.030752182006836,ok
A_rhoB0.6,0.6,0.37499999999999994,0.1,0.5623413251903491,0.1778279410038923,0.6,20,200,5,1.0,predictive,P1 only (protect),coarse,0.05623413251903491,5,1.0,True,True,0.0018371410827339204,0.002882975397148898,52.7274935058696,7.478377684521363,3.354554167309174,1.8855189984411609,7.281549149728304,37.39188842260697,1.410131868974844,0.37391888422606817,4.277385040355192,6.031676961281105,0.001495386748711048,0.0017436713451771952,0.1885518998441161,2.2931221643011876,0.1885518998441164,,0.0,0.9858057498931885,ok
A_rhoB0.6,0.6,0.37499999999999994,0.1,0.5623413251903491,0.1778279410038923,0.6,20,200,5,1.0,predictive,P1 only (protect),coarse,0.23713737056616552,5,1.0,True,True,0.008874593037691315,0.013881492779523504,67.41391126957954,7.395888804153581,1.5360607770402785,3.6298099714418712,7.438240447364269,36.979444020767794,1.823010406314374,0.36979444020767904,4.49195910421934,8.18888819173045,0.014440972542868255,0.020730041219221142,0.36298099714418713,2.3951779482343043,0.36298099714418747,,0.0,1.0119526386260986,ok
A_rhoB0.6,0.6,0.37499999999999994,0.1,0.5623413251903491,0.1778279410038923,0.6,20,200,5,1.0,predictive,P1 only (protect),coarse,1.0,5,1.0,True,True,0.017402803266706658,0.027150750602343076,79.55332862028558,7.296369370482438,0.5133243063765869,5.1000021667732405,7.0903041563677345,36.48184685241217,2.1806277774839553,0.3648184685241219,4.776587574204271,10.415959545894538,0.02314484117835775,0.03991939917501262,0.5100002166773241,2.4889691543811487,0.5100002166773245,,0.0,1.083472728729248,ok
A_rhoB0.6,0.6,0.37499999999999994,0.1,0.5623413251903491,0.1778279410038923,0.6,20,200,5,1.0,predictive,P1 only (protect),coarse,4.216965034285822,5,1.0,True,True,0.02179245366085173,0.03395480485342329,85.57534761981964,7.2453389635993055,0.14052966939179842,5.878172776506333,6.7359585905025625,36.226694817996496,2.3622179182989664,0.3622669481799653,4.9658797511036745,11.730490128175111,0.02215217782065735,0.04029887602405506,0.5878172776506333,2.6617315852528383,0.587817277650633,,0.0,0.9891524314880371,ok
A_rhoB0.6,0.6,0.37499999999999994,0.1,0.5623413251903491,0.1778279410038923,0.6,20,200,5,1.0,predictive,P1 only (protect),coarse,17.78279410038923,5,1.0,True,True,0.023083038137994963,0.03595346997669502,87.72108969765519,7.23034897517478,0.035175944116532874,6.171264469583584,6.563210611125101,36.151744875873895,2.4264690403974507,0.36151744875873904,5.04667389384161,12.245597960388716,0.020480572578022372,0.037158143487174916,0.6171264469583585,2.831897317833632,0.6171264469583534,,0.0,0.9574131965637207,ok
A_rhoB0.6,0.6,0.37499999999999994,0.1,0.5623413251903491,0.1778279410038923,0.6,20,200,5,1.0,predictive,P1 only (protect),coarse,0.00017782794100389227,10,1.0,True,True,4.292982375201637e-09,6.7921932994752566e-09,39.601958231222376,7.499999949058551,9.884908466615476,0.017578129195616334,2.597513455130356,37.49999974529274,1.0560522266721746,0.37499999745292756,5.056375737028853,5.339796855980478,8.009954605716599e-13,8.071349779458603e-13,0.0017578129195616335,0.13447322564804878,0.001757812919561638,,0.0,1.3002185821533203,ok
A_rhoB0.6,0.6,0.37499999999999994,0.1,0.5623413251903491,0.1778279410038923,0.6,20,200,5,1.0,predictive,P1 only (protect),coarse,0.0007498942093324559,10,1.0,True,True,1.0231875077950437e-07,1.617043126733404e-07,39.85697375531122,7.499998787217651,8.520347805540945,0.0638935704522578,3.915759836789146,37.49999393608819,1.0628528053428508,0.37499993936088255,4.765960469393103,5.065514455047589,2.7870841557157227e-08,2.8767525488410378e-08,0.00638935704522578,0.378778858659328,0.006389357045225774,,0.0,1.157099962234497,ok
A_rhoB0.6,0.6,0.37499999999999994,0.1,0.5623413251903491,0.1778279410038923,0.6,20,200,5,1.0,predictive,P1 only (protect),coarse,0.0031622776601683794,10,1.0,True,True,3.252811638334813e-06,5.133227946482029e-06,40.75488695259306,7.499961500790403,7.005930197517753,0.2214893225851859,5.27261897910666,37.49980750395202,1.086802564207776,0.37499807503952015,4.483564861970389,4.872749788781302,6.076262664045248e-05,6.884581390621307e-05,0.02214893225851859,0.9129762574817907,0.022148932258518623,,0.0,1.287247657775879,ok
A_rhoB0.6,0.6,0.37499999999999994,0.1,0.5623413251903491,0.1778279410038923,0.6,20,200,5,1.0,predictive,P1 only (protect),coarse,0.01333521432163324,10,1.0,True,True,9.16198307253066e-05,0.0001442784703882015,43.716738262998945,7.498917911472088,5.3139723066289015,0.7019235738572734,6.485186208041737,37.49458955736047,1.165947908194051,0.37494589557360436,4.282120766361934,4.992729750174003,0.0054713535465166375,0.008296424680010074,0.07019235738572735,1.7134342628854116,0.07019235738572734,,0.0,1.17509126663208,ok
A_rhoB0.6,0.6,0.37499999999999994,0.1,0.5623413251903491,0.1778279410038923,0.6,20,200,5,1.0,predictive,P1 only (protect),coarse,0.05623413251903491,10,1.0,True,True,0.0014750307856636583,0.0023152210087980705,51.682180038541695,7.482635842434025,3.3942149068966114,1.8409437607019175,7.282205489967447,37.413179212170036,1.3813896901263643,0.3741317921217012,4.271173611604044,5.900155191809614,0.03385874302937558,0.08794666847809626,0.18409437607019175,2.2388655028311635,0.18409437607019147,,0.0,1.1236920356750488,ok
A_rhoB0.6,0.6,0.37499999999999994,0.1,0.5623413251903491,0.1778279410038923,0.6,20,200,5,1.0,predictive,P1 only (protect),coarse,0.23713737056616552,10,1.0,True,True,0.007809171286359112,0.01221653261512783,65.48665305639348,7.408376005386544,1.5794064662711564,3.5563177846146528,7.455899743727648,37.04188002693253,1.7679084595268715,0.3704188002693272,4.478800717077828,7.91810967625691,0.05429469974443891,0.22123889106712943,0.3556317784614653,2.3213938686298863,0.3556317784614656,,0.0,1.2057840824127197,ok
A_rhoB0.6,0.6,0.37499999999999994,0.1,0.5623413251903491,0.1778279410038923,0.6,20,200,5,1.0,predictive,P1 only (protect),coarse,1.0,10,1.0,True,True,0.016118290818624877,0.02515009806943004,77.61725643440384,7.311374264479276,0.5394646972130992,5.017617366524606,7.131543671783018,36.55687132239633,2.1231919917296675,0.3655687132239638,4.757151035539748,10.100344982106488,0.05764721332666351,0.2738490551826682,0.5017617366524606,2.431180365985036,0.5017617366524609,,0.0,1.191551923751831,ok
A_rhoB0.6,0.6,0.37499999999999994,0.1,0.5623413251903491,0.1778279410038923,0.6,20,200,5,1.0,predictive,P1 only (protect),coarse,4.216965034285822,10,1.0,True,True,0.020581919106968948,0.03207302225030959,83.71807695697726,7.259452333122675,0.15864583127770396,5.781154988206905,6.800746847392717,36.29726166561322,2.3064571021424705,0.36297261665613373,4.93879613645977,11.391121424971429,0.05713048608195175,0.27108188316225623,0.5781154988206905,2.614138220208937,0.57811549882069,,0.0,1.225203514099121,ok
A_rhoB0.6,0.6,0.37499999999999994,0.1,0.5623413251903491,0.1778279410038923,0.6,20,200,5,1.0,predictive,P1 only (protect),coarse,17.78279410038923,10,1.0,True,True,0.021924157601888556,0.03415282777254605,85.86716674190214,7.2438537917058925,0.05011103621250744,6.063446328667969,6.642588843413632,36.21926895852948,2.3707592453127297,0.3621926895852946,5.014583147695271,11.888369358787974,0.05677476467565052,0.2634120754294247,0.606344632866797,2.7896875824578684,0.6063446328667953,,0.0,1.3012206554412842,ok
A_rhoB0.6,0.6,0.37499999999999994,0.1,0.5623413251903491,0.1778279410038923,0.6,20,200,5,1.0,predictive,P1 only (protect),coarse,0.00017782794100389227,15,1.0,True,True,3.3602318762893743e-09,5.317747883179892e-09,39.60022098762538,7.4999999601168925,9.888736987926066,0.017478214381305746,2.593784837575736,37.49999980058444,1.056005898618917,0.3749999980058446,5.057201843680097,5.340434977432644,6.71891494097136e-05,6.839654009693427e-05,0.0017478214381305747,0.13306941403995387,0.0017478214381305799,,0.0,2.263532876968384,ok
A_rhoB0.6,0.6,0.37499999999999994,0.1,0.5623413251903491,0.1778279410038923,0.6,20,200,5,1.0,predictive,P1 only (protect),coarse,0.0007498942093324559,15,1.0,True,True,2.7521490935464837e-08,4.353191366838006e-08,39.78515495667463,7.499999673510634,8.632598771318344,0.06016842446668059,3.8072331307043417,37.499998367553246,1.0609375116959634,0.37499998367553167,4.7898826931016725,5.081766225734849,0.002725223407150894,0.002931432007759802,0.006016842446668059,0.326703377539717,0.0060168424466680755,,0.0,2.288982629776001,ok
A_rhoB0.6,0.6,0.37499999999999994,0.1,0.5623413251903491,0.1778279410038923,0.6,20,200,5,1.0,predictive,P1 only (protect),coarse,0.0031622776601683794,15,1.0,True,True,2.5904314093541155e-07,4.091989771417278e-07,40.08911967876175,7.499996931007668,7.6053002937513146,0.19531381097140957,4.699388964269607,37.49998465503838,1.0690436288852054,0.3749998465503834,4.608947415436065,4.927165870338859,0.022171418870070247,0.029173288042959863,0.01953138109714096,0.5397124461598011,0.01953138109714101,,0.0,2.249931812286377,ok
A_rhoB0.6,0.6,0.37499999999999994,0.1,0.5623413251903491,0.1778279410038923,0.6,20,200,5,1.0,predictive,P1 only (protect),coarse,0.01333521432163324,15,1.0,True,True,1.5217834037304042e-05,2.3970808390252002e-05,41.07869290683137,7.499820218937074,6.375191765724038,0.6472040182412703,5.477783997097617,37.49910109468534,1.0954580698643297,0.3749910109468537,4.501284932740468,4.930968904329262,0.05956609613359274,0.13272350648047093,0.06472040182412703,0.7792904728665089,0.06472040182412701,,0.0,2.347153425216675,ok
A_rhoB0.6,0.6,0.37499999999999994,0.1,0.5623413251903491,0.1778279410038923,0.6,20,200,5,1.0,predictive,P1 only (protect),coarse,0.05623413251903491,15,1.0,True,True,0.0007524718686160506,0.0011812973410769262,46.68216215514937,7.491140269941921,4.234056529280173,1.8240790488293988,6.450724151948507,37.455701349709656,1.2463299437192688,0.374557013497096,4.4574885037988965,5.5555013960689665,0.07760260542808614,0.35180398595217544,0.1824079048829399,1.1696690541391401,0.18240790488293968,,0.0,2.361480951309204,ok
A_rhoB0.6,0.6,0.37499999999999994,0.1,0.5623413251903491,0.1778279410038923,0.6,20,200,5,1.0,predictive,P1 only (protect),coarse,0.23713737056616552,15,1.0,True,True,0.005963028895596615,0.00933155791479324,60.527646387644445,7.430013315639043,2.019532913096238,3.5789541852176416,6.971499586047077,37.15006657819532,1.629274237241078,0.3715006657819521,4.594733991771649,7.486081719769408,0.07690136728168806,0.5539602324606443,0.3578954185217642,1.4986738734988125,0.3578954185217651,,0.0,2.261564016342163,ok
A_rhoB0.6,0.6,0.37499999999999994,0.1,0.5623413251903491,0.1778279410038923,0.6,20,200,5,1.0,predictive,P1 only (protect),coarse,1.0,15,1.0,True,True,0.013795107286113035,0.021535018498829033,73.55028284222502,7.338487361258764,0.8084542770076889,5.018185864032315,6.834872497701232,36.69243680629383,2.004507992492038,0.3669243680629382,4.82823958268655,9.678244833161612,0.07316200628242966,0.6145461330590385,0.5018185864032315,1.7395292576596577,0.501818586403233,,0.0,2.308711290359497,ok
A_rhoB0.6,0.6,0.37499999999999994,0.1,0.5623413251903491,0.1778279410038923,0.6,20,200,5,1.0,predictive,P1 only (protect),coarse,4.216965034285822,15,1.0,True,True,0.018221891307834442,0.028410055292267457,80.06761541740012,7.286924585307978,0.3765211732041712,5.745716300217912,6.590837941269938,36.43462292653988,2.197569481611868,0.3643462292653989,4.984950978560806,10.954776137816443,0.07118886482716338,0.6086584761520026,0.5745716300217912,1.936043262372548,0.5745716300217937,,0.0,2.2931907176971436,ok
A_rhoB0.6,0.6,0.37499999999999994,0.1,0.5623413251903491,0.1778279410038923,0.6,20,200,5,1.0,predictive,P1 only (protect),coarse,17.78279410038923,15,1.0,True,True,0.019591581778650675,0.030535455338513113,82.28834244431962,7.2709840849611425,0.25394799191358014,6.001905074479732,6.473162848645545,36.3549204248057,2.263471945001773,0.36354920424805715,5.0476284857663805,11.425165466323982,0.07060949645480727,0.5998484462730114,0.6001905074479733,2.0926090477140837,0.6001905074479709,,0.0,2.4454944133758545,ok
A_rhoB0.6,0.6,0.37499999999999994,0.1,0.5623413251903491,0.1778279410038923,0.6,20,200,5,1.0,predictive,P1 only (protect),coarse,0.00017782794100389227,20,1.0,True,True,5.3536071814134134e-12,8.489624525959316e-12,39.504577906259016,7.499999999936323,12.464730817674361,0.014027233278382572,0.02124194911093369,37.499999999681634,1.0534554108425174,0.37499999999681616,5.637017654841588,5.938346749507669,0.003675078177511505,0.0037774120733066515,0.0014027233278382572,0.0023755901221991227,0.0014027233278382596,,0.0,7.559671878814697,ok
A_rhoB0.6,0.6,0.37499999999999994,0.1,0.5623413251903491,0.1778279410038923,0.6,20,200,5,1.0,predictive,P1 only (protect),coarse,0.0007498942093324559,20,1.0,True,True,7.8265760297295e-12,1.240815221896215e-11,39.50525128876455,7.4999999999069304,12.352749591724137,0.058640209014776984,0.08861019935415548,37.4999999995347,1.0534733677134593,0.3749999999953465,5.628529620648248,5.929506054739269,0.014095842555790522,0.015757369303093367,0.005864020901477699,0.009897289177661334,0.0058640209014777095,,0.0,7.223012685775757,ok
A_rhoB0.6,0.6,0.37499999999999994,0.1,0.5623413251903491,0.1778279410038923,0.6,20,200,5,1.0,predictive,P1 only (protect),coarse,0.0031622776601683794,20,1.0,True,True,1.4618032950400152e-10,2.311306616845579e-10,39.50957537684035,7.4999999982665155,11.903848191098609,0.238624851753865,0.35752695888101016,37.499999991332594,1.0535886769592595,0.3749999999133258,5.594933476844215,5.894758559543366,0.04236481098644721,0.06357828295119264,0.0238624851753865,0.03973570188022294,0.023862485175386534,,0.0,7.392473459243774,ok
A_rhoB0.6,0.6,0.37499999999999994,0.1,0.5623413251903491,0.1778279410038923,0.6,20,200,5,1.0,predictive,P1 only (protect),coarse,0.01333521432163324,20,1.0,True,True,4.503295262782384e-07,7.093817403649198e-07,39.58938417386897,7.499994679636952,10.341004659885574,0.8789464849519409,1.2800541755255335,37.49997339818474,1.0557176602100036,0.3749997339818476,5.483120858276399,5.788627523148226,0.07547204540918896,0.22762939840714114,0.0878946484951941,0.1399918983558045,0.08789464849519416,,0.0,7.11574649810791,ok
A_rhoB0.6,0.6,0.37499999999999994,0.1,0.5623413251903491,0.1778279410038923,0.6,20,200,5,1.0,predictive,P1 only (protect),coarse,0.05623413251903491,20,1.0,True,True,0.00022859903103006576,0.0003589294500694155,41.95976672996498,7.497308029124487,6.739560946790268,2.443701689301944,3.319429334783301,37.48654014562238,1.1193288728958621,0.3748654014562244,5.257984908798492,5.885414321668868,0.08568523197713804,0.5902872839124392,0.2443701689301944,0.36099871932794214,0.24437016893019398,,0.0,7.259696006774902,ok
A_rhoB0.6,0.6,0.37499999999999994,0.1,0.5623413251903491,0.1778279410038923,0.6,20,200,5,1.0,predictive,P1 only (protect),coarse,0.23713737056616552,20,1.0,True,True,0.00376914382273494,0.005900754213945794,54.395338072403845,7.45574434339541,3.0121688916177143,4.388081433048964,5.1440053319379135,37.27872171697697,1.4591524485570508,0.3727872171697705,5.132550771349813,7.489174025358459,0.08398392763969315,0.9147478766915612,0.4388081433048965,0.6956305303014502,0.4388081433048966,,0.0,7.363497734069824,ok
A_rhoB0.6,0.6,0.37499999999999994,0.1,0.5623413251903491,0.1778279410038923,0.6,20,200,5,1.0,predictive,P1 only (protect),coarse,1.0,20,1.0,True,True,0.01044654622288848,0.016317721276787052,68.42505074677953,7.3776170904241,1.2448319066344233,5.7615956985156425,5.615955304425835,36.888085452120116,1.8549363543302801,0.368880854521205,5.22090036453941,9.684437888520364,0.0803600154080302,0.9986737685559418,0.5761595698515642,1.0378850697276827,0.5761595698515625,,0.0,7.252946376800537,ok
A_rhoB0.6,0.6,0.37499999999999994,0.1,0.5623413251903491,0.1778279410038923,0.6,20,200,5,1.0,predictive,P1 only (protect),coarse,4.216965034285822,20,1.0,True,True,0.014467443870714629,0.022572416166937375,75.54237357827476,7.330706878747965,0.6717362395395885,6.422522962779771,5.575033918932676,36.65353439373987,2.0609846997777326,0.3665353439373983,5.322474990622855,10.969539520623334,0.07851116449530739,0.9913968028306549,0.6422522962779772,1.2690188721894637,0.6422522962779752,,0.0,7.190758943557739,ok
A_rhoB0.6,0.6,0.37499999999999994,0.1,0.5623413251903491,0.1778279410038923,0.6,20,200,5,1.0,predictive,P1 only (protect),coarse,17.78279410038923,20,1.0,True,True,0.015737256177842517,0.02454613230678613,77.94446189777427,7.31590400769912,0.5142085877859123,6.65102098451086,5.518866420004106,36.57952003849558,2.130822433310963,0.365795200384956,5.367283745472557,11.436728610798212,0.07796105747493771,0.9814086521448586,0.665102098451086,1.4223768559770962,0.6651020984510846,,0.0,7.422837257385254,ok
A_rhoB0.6,0.6,0.37499999999999994,0.1,0.5623413251903491,0.1778279410038923,0.6,20,200,5,1.0,predictive,P1+P2 (protect),coarse,0.00017782794100389227,5,3.0,True,True,2.903482287082515e-08,4.5905955683914826e-08,39.71516229733001,7.499999655705325,9.094788006915621,0.03819853439832045,3.3670138029807344,37.49999827852668,1.0590710432131347,0.37499998278526625,4.8858867924192495,5.174501222268731,4.802311779035844e-19,4.811783234713504e-19,0.0038198534398320456,0.252825278411634,0.003819853439832046,,0.0,0.980048418045044,ok
A_rhoB0.6,0.6,0.37499999999999994,0.1,0.5623413251903491,0.1778279410038923,0.6,20,200,5,1.0,predictive,P1+P2 (protect),coarse,0.0007498942093324559,5,3.0,True,True,9.809641213590331e-07,1.54871803974749e-06,40.27627939131535,7.499988384614712,7.616204281778531,0.13835412206067715,4.74545321154608,37.49994192307348,1.074035780480332,0.3749994192307356,4.589988307177668,4.9298116738951645,3.093860832908265e-12,3.1193886384125447e-12,0.013835412206067717,0.6607524361091109,0.01383541220606774,,0.0,1.0218126773834229,ok
A_rhoB0.6,0.6,0.37499999999999994,0.1,0.5623413251903491,0.1778279410038923,0.6,20,200,5,1.0,predictive,P1+P2 (protect),coarse,0.0031622776601683794,5,3.0,True,True,3.990003683515311e-05,6.285608874939502e-05,42.29951452275493,7.499528579334372,5.966144576918509,0.47133872086475825,6.062988122882361,37.49764289667184,1.1280579592513345,0.3749764289667186,4.3427773103467615,4.898904510192767,4.1458437430004976e-07,4.2854577352165893e-07,0.04713387208647583,1.3879430195257587,0.04713387208647585,,0.0,0.9671168327331543,ok
A_rhoB0.6,0.6,0.37499999999999994,0.1,0.5623413251903491,0.1778279410038923,0.6,20,200,5,1.0,predictive,P1+P2 (protect),coarse,0.01333521432163324,5,3.0,True,True,0.0009461193053018882,0.0014858566462533594,48.916441400404494,7.488856075153096,4.060335169787177,1.390342841285398,7.06046591377433,37.44428037576537,1.3063795300513803,0.3744428037576548,4.254364098884495,5.55781417216819,0.0005070470473763895,0.0005706019529000884,0.1390342841285398,2.070165267143188,0.13903428412854002,,0.0,0.9936971664428711,ok
A_rhoB0.6,0.6,0.37499999999999994,0.1,0.5623413251903491,0.1778279410038923,0.6,20,200,5,1.0,predictive,P1+P2 (protect),coarse,0.05623413251903491,5,3.0,True,True,0.006512545422412777,0.010193569319702254,62.50684846483616,7.423548230102236,2.084144808098794,3.0277080391174955,7.464598922681475,37.11774115051125,1.684015420318087,0.3711774115051118,4.399621391070625,7.409030266124246,0.010460569068562568,0.014228732840262607,0.3027708039117496,2.2502797904296763,0.30277080391175004,,0.0,1.0354819297790527,ok
A_rhoB0.6,0.6,0.37499999999999994,0.1,0.5623413251903491,0.1778279410038923,0.6,20,200,5,1.0,predictive,P1+P2 (protect),coarse,0.23713737056616552,5,3.0,True,True,0.015530997736877604,0.024240615337361916,76.04671666857584,7.318195384969796,0.7778729625235096,4.648286337968018,7.255645314538676,36.59097692484901,2.0782915095369416,0.3659097692484898,4.674636604059913,9.715257564388319,0.022550235468763842,0.03767740911416193,0.4648286337968018,2.3418817318633325,0.4648286337968019,,0.0,1.1438088417053223,ok
A_rhoB0.6,0.6,0.37499999999999994,0.1,0.5623413251903491,0.1778279410038923,0.6,20,200,5,1.0,predictive,P1+P2 (protect),coarse,1.0,5,3.0,True,True,0.021066140805641845,0.032826826793092324,83.73954900835567,7.253798799051829,0.2332074629221084,5.632906951314635,6.880086786711427,36.26899399525887,2.308846752664334,0.36268993995259147,4.897752433168456,11.308159800674831,0.02281594261578859,0.04135439754501299,0.5632906951314636,2.5443698596657947,0.5632906951314633,,0.0,1.0028069019317627,ok
A_rhoB0.6,0.6,0.37499999999999994,0.1,0.5623413251903491,0.1778279410038923,0.6,20,200,5,1.0,predictive,P1+P2 (protect),coarse,4.216965034285822,5,3.0,True,True,0.022881716039130997,0.03563939436680484,86.93302230428469,7.23270454224895,0.06188549297672512,6.064432127170816,6.640977837603509,36.163522711244646,2.4038870051023493,0.3616352271124475,5.013418069558077,12.051690548555968,0.02086072607898588,0.03790294292295754,0.6064432127170817,2.75522719269848,0.6064432127170836,,0.0,1.0668768882751465,ok
A_rhoB0.6,0.6,0.37499999999999994,0.1,0.5623413251903491,0.1778279410038923,0.6,20,200,5,1.0,predictive,P1+P2 (protect),coarse,17.78279410038923,5,3.0,True,True,0.023312854596948637,0.036309216336613805,88.0560329060088,7.227680877475405,0.01556323830265379,6.2198322362437555,6.536923647978187,36.13840438737694,2.436633116451776,0.3613840438737702,5.059506860298349,12.328161968717906,0.0199843567242544,0.03613746312311088,0.6219832236243756,2.8825331680452604,0.6219832236243757,,0.0,0.968280553817749,ok
A_rhoB0.6,0.6,0.37499999999999994,0.1,0.5623413251903491,0.1778279410038923,0.6,20,200,5,1.0,predictive,P1+P2 (protect),coarse,0.00017782794100389227,5,10.0,True,True,4.5560568015566675e-07,7.195232671786497e-07,40.08085737946297,7.499994603575499,7.969579541866438,0.1038577254429325,4.4265681291151315,37.49997301787735,1.0688236324958216,0.37499973017877497,4.656737908354916,4.977231526788896,2.4389058968245154e-13,2.454847761285655e-13,0.01038577254429325,0.5381177593566555,0.010385772544293239,,0.0,1.042222261428833,ok
A_rhoB0.6,0.6,0.37499999999999994,0.1,0.5623413251903491,0.1778279410038923,0.6,20,200,5,1.0,predictive,P1+P2 (protect),coarse,0.0007498942093324559,5,10.0,True,True,1.9811129920790804e-05,3.122284916120994e-05,41.62893885966797,7.499765828631294,6.35132561679943,0.36443560656767093,5.784472948001605,37.49882914315641,1.1101396979821518,0.3749882914315647,4.389565298848656,4.873030695136781,7.410556284377683e-08,7.609575706526401e-08,0.03644356065676709,1.200572783304165,0.03644356065676715,,0.0,1.063617467880249,ok
A_rhoB0.6,0.6,0.37499999999999994,0.1,0.5623413251903491,0.1778279410038923,0.6,20,200,5,1.0,predictive,P1+P2 (protect),coarse,0.0031622776601683794,5,10.0,True,True,0.0005778166370026255,0.0009079384465327177,46.973453956840835,7.493190461651006,4.497655018603321,1.1316407376781445,6.8775137820675285,37.46595230825508,1.253763779187081,0.3746595230825503,4.25738103466046,5.337750135455304,0.0002095720706033066,0.00023102060603739677,0.11316407376781445,1.9271543003388396,0.11316407376781439,,0.0,1.0117509365081787,ok
A_rhoB0.6,0.6,0.37499999999999994,0.1,0.5623413251903491,0.1778279410038923,0.6,20,200,5,1.0,predictive,P1+P2 (protect),coarse,0.01333521432163324,5,10.0,True,True,0.005074583195306119,0.007946856473796284,59.436222227285676,7.440398576446536,2.490133145404427,2.6543928272184987,7.415075450930539,37.2019928822326,1.5976623192052697,0.3720199288223268,4.357183827955473,6.961308419775036,0.007747026619342091,0.010158817623877539,0.26543928272184986,2.1644710076338916,0.26543928272184936,,0.0,0.9741814136505127,ok
A_rhoB0.6,0.6,0.37499999999999994,0.1,0.5623413251903491,0.1778279410038923,0.6,20,200,5,1.0,predictive,P1+P2 (protect),coarse,0.05623413251903491,5,10.0,True,True,0.014100362953526855,0.02201563011437384,73.52762966690528,7.334882774142212,1.032817609258893,4.3234007374624275,7.308898879136467,36.674413870711064,2.0048753860419826,0.3667441387071106,4.616272693530607,9.255051498517238,0.021594440593829353,0.03512163695966032,0.4323400737462428,2.2032047518818283,0.43234007374624167,,0.0,0.9834699630737305,ok
A_rhoB0.6,0.6,0.37499999999999994,0.1,0.5623413251903491,0.1778279410038923,0.6,20,200,5,1.0,predictive,P1+P2 (protect),coarse,0.23713737056616552,5,10.0,True,True,0.020492531788375814,0.03193677243677388,82.08212985097313,7.260474206724191,0.3615362459425488,5.402044966006575,6.975944581326686,36.30237103362098,2.261068010542722,0.36302371033620956,4.842412197213001,10.949023312980211,0.023277538871114084,0.04198763533363896,0.5402044966006575,2.385052099996433,0.5402044966006565,,0.0,0.9553709030151367,ok
A_rhoB0.6,0.6,0.37499999999999994,0.1,0.5623413251903491,0.1778279410038923,0.6,20,200,5,1.0,predictive,P1+P2 (protect),coarse,1.0,5,10.0,True,True,0.02271286442692287,0.03537522897837065,85.84435003933449,7.234685782662205,0.11431785124625271,5.913877618363235,6.737118747728308,36.173428913311014,2.373132783321674,0.36173428913311023,4.969385602944484,11.793011887314298,0.021258831936806367,0.038664593162131285,0.5913877618363235,2.64562936255783,0.591387761836325,,0.0,1.2401063442230225,ok
A_rhoB0.6,0.6,0.37499999999999994,0.1,0.5623413251903491,0.1778279410038923,0.6,20,200,5,1.0,predictive,P1+P2 (protect),coarse,4.216965034285822,5,10.0,True,True,0.023247938972254335,0.03620650887731709,87.47189521502298,7.228451183420141,0.032467855826786546,6.140497375404512,6.59858358534856,36.1422559171006,2.420211273354299,0.3614225591710071,5.033781637807146,12.182815067424722,0.02015352514129967,0.036461984759801704,0.6140497375404512,2.8216429725141765,0.6140497375404497,,0.0,1.035006046295166,ok
A_rhoB0.6,0.6,0.37499999999999994,0.1,0.5623413251903491,0.1778279410038923,0.6,20,200,5,1.0,predictive,P1+P2 (protect),coarse,17.78279410038923,5,10.0,True,True,0.023387344545646657,0.03642464621193522,88.1745254683685,7.226815153410473,0.00857166543370574,6.237220847586381,6.5273923335694395,36.134075767052465,2.4402042558610897,0.36134075767052365,5.064141920516656,12.357540666729296,0.01979503858137367,0.03574345870043385,0.6237220847586382,2.904381369867942,0.6237220847586376,,0.0,0.9826068878173828,ok
A_rhoB0.6,0.6,0.37499999999999994,0.1,0.5623413251903491,0.1778279410038923,0.6,20,200,5,1.0,predictive,P1+P2 (protect),coarse,0.00017782794100389227,5,30.0,True,True,7.830680334470842e-06,1.2348426437806178e-05,41.03326616958079,7.499907386801714,6.78247030936035,0.2670933518699105,5.450528951968027,37.49953693400869,1.094233943256172,0.3749953693400857,4.45028084987374,4.869648362954771,5.3585646965635844e-09,5.461947397707413e-09,0.026709335186991052,1.0025756660688057,0.02670933518699099,,0.0,0.9723458290100098,ok
A_rhoB0.6,0.6,0.37499999999999994,0.1,0.5623413251903491,0.1778279410038923,0.6,20,200,5,1.0,predictive,P1+P2 (protect),coarse,0.0007498942093324559,5,30.0,True,True,0.0002787963696088978,0.0004384208955859177,45.0347126772207,7.496711843283086,4.995928948551491,0.8681688683022711,6.63919033986315,37.48355921641537,1.2014524132355717,0.3748355921641543,4.272049469587697,5.132664144697882,4.865354270545975e-05,5.2328861081919856e-05,0.08681688683022712,1.7666789757341352,0.08681688683022698,,0.0,0.9671382904052734,ok
A_rhoB0.6,0.6,0.37499999999999994,0.1,0.5623413251903491,0.1778279410038923,0.6,20,200,5,1.0,predictive,P1+P2 (protect),coarse,0.0031622776601683794,5,30.0,True,True,0.0033967061665260293,0.005323449816069453,55.78822654504146,7.460074126379492,2.9851663995437754,2.220061742293918,7.334697731782814,37.30037063189737,1.495648048529958,0.3730037063189746,4.31295520164411,6.450663030736144,0.004464623165158426,0.0055673192541229365,0.22200617422939184,2.126168543643885,0.22200617422939287,,0.0,1.1054399013519287,ok
A_rhoB0.6,0.6,0.37499999999999994,0.1,0.5623413251903491,0.1778279410038923,0.6,20,200,5,1.0,predictive,P1+P2 (protect),coarse,0.01333521432163324,5,30.0,True,True,0.011918296235375676,0.01862022874892537,70.34738261077818,7.360348284383052,1.3476756100811162,3.934478762895776,7.357497342640056,36.801741421915345,1.9115232022386444,0.3680174142191526,4.5506485187628725,8.69867022884815,0.01934612014367379,0.030068647611707276,0.3934478762895776,2.140911163010327,0.39344787628957645,,0.0,1.0453052520751953,ok
A_rhoB0.6,0.6,0.37499999999999994,0.1,0.5623413251903491,0.1778279410038923,0.6,20,200,5,1.0,predictive,P1+P2 (protect),coarse,0.05623413251903491,5,30.0,True,True,0.019443818860209464,0.03031138140430029,80.29556286726303,7.272664639467753,0.5330659649624587,5.159569861243491,7.034699534326298,36.3633231973387,2.208146995573264,0.36363323197338765,4.794524812481365,10.587015559882193,0.023632611296057822,0.04212958789227234,0.5159569861243491,2.2399876952881286,0.5159569861243481,,0.0,0.9730360507965088,ok
A_rhoB0.6,0.6,0.37499999999999994,0.1,0.5623413251903491,0.1778279410038923,0.6,20,200,5,1.0,predictive,P1+P2 (protect),coarse,0.23713737056616552,5,30.0,True,True,0.022465080120994633,0.03499072361016603,84.66698841157867,7.237569572923745,0.21182730534214325,5.741982797431053,6.808620324303059,36.18784786461879,2.3396524913093386,0.3618784786461872,4.9278377983635195,11.529427981709535,0.021800289433056456,0.039692470480861185,0.5741982797431053,2.4787614454006635,0.5741982797431058,,0.0,0.9562742710113525,ok
A_rhoB0.6,0.6,0.37499999999999994,0.1,0.5623413251903491,0.1778279410038923,0.6,20,200,5,1.0,predictive,P1+P2 (protect),coarse,1.0,5,30.0,True,True,0.02318250883258018,0.03610272341290935,86.55493626455629,7.229229574403195,0.07731667577418772,6.012043227420419,6.6814105224021985,36.14614787201588,2.3945825865324526,0.36146147872015977,4.99589546228419,11.963084278122217,0.020438144735093963,0.0370113311804565,0.6012043227420419,2.7171228099291853,0.6012043227420407,,0.0,1.0519824028015137,ok
A_rhoB0.6,0.6,0.37499999999999994,0.1,0.5623413251903491,0.1778279410038923,0.6,20,200,5,1.0,predictive,P1+P2 (protect),coarse,4.216965034285822,5,30.0,True,True,0.023344107474852566,0.036355631246637,87.62997705899132,7.227332765650224,0.023848042604481427,6.163127030019375,6.585692161725919,36.13666382825097,2.424960352606868,0.3613666382825112,5.039924906210916,12.22161807767736,0.019923839108164296,0.035985465770339245,0.6163127030019375,2.8470668759425997,0.6163127030019354,,0.0,1.2429134845733643,ok
A_rhoB0.6,0.6,0.37499999999999994,0.1,0.5623413251903491,0.1778279410038923,0.6,20,200,5,1.0,predictive,P1+P2 (protect),coarse,17.78279410038923,5,30.0,True,True,0.023407897363011132,0.03645650951878977,88.20838938446224,7.226576178609068,0.006561496795540899,6.2422130273771845,6.524649297218206,36.13288089304533,2.4412221556748364,0.3613288089304534,5.065475560605824,12.36595116758035,0.01973961804596179,0.03562773878172878,0.6242213027377185,2.9110853545459694,0.6242213027377146,,0.0,1.0326886177062988,ok
A_rhoB0.6,0.6,0.37499999999999994,0.1,0.5623413251903491,0.1778279410038923,0.6,20,200,5,1.0,predictive,P1+P2 (protect),coarse,0.00017782794100389227,5,100.0,True,True,0.00016274246425848683,0.00025605300635413435,43.986810043421244,7.498079602452331,5.318582563169098,0.7200791625942163,6.463258671784354,37.49039801226152,1.1732820235473365,0.37490398012261655,4.289671735742391,5.032994734465648,1.5233121661494499e-05,1.6160817952345546e-05,0.07200791625942164,1.6466220764374593,0.0720079162594218,,0.0,0.9976494312286377,ok
A_rhoB0.6,0.6,0.37499999999999994,0.1,0.5623413251903491,0.1778279410038923,0.6,20,200,5,1.0,predictive,P1+P2 (protect),coarse,0.0007498942093324559,5,100.0,True,True,0.0024706389446275882,0.003874224490355613,53.47779978366265,7.47094331632233,3.3265079579789094,1.9425887912230309,7.259959934475729,37.354716581611626,1.4316210823558444,0.3735471658161165,4.2897200790194505,6.141253702529424,0.0027668301275854163,0.0033417878080446665,0.1942588791223031,2.098345883010707,0.1942588791223033,,0.0,1.1998255252838135,ok
A_rhoB0.6,0.6,0.37499999999999994,0.1,0.5623413251903491,0.1778279410038923,0.6,20,200,5,1.0,predictive,P1+P2 (protect),coarse,0.0031622776601683794,5,100.0,True,True,0.01035846152599827,0.01619079664841523,68.04852963833567,7.378569025136871,1.5773757649279045,3.6594324092276,7.384622800707625,36.89284512568441,1.8444912396024724,0.36892845125684354,4.505904823350909,8.311101973153278,0.017256244484125584,0.0259067902108858,0.36594324092276004,2.12308204882475,0.36594324092275976,,0.0,0.9984509944915771,ok
A_rhoB0.6,0.6,0.37499999999999994,0.1,0.5623413251903491,0.1778279410038923,0.6,20,200,5,1.0,predictive,P1+P2 (protect),coarse,0.01333521432163324,5,100.0,True,True,0.01854172693393894,0.028912509714349655,79.01209150783575,7.283156177142388,0.6566101418558985,4.992322464714474,7.06791121628724,36.415780885711975,2.1697211919142663,0.3641578088571194,4.763457828446331,10.335375397169916,0.023684332049968056,0.041710097232719436,0.49923224647144737,2.175349569661907,0.4992322464714473,,0.0,1.038893461227417,ok
A_rhoB0.6,0.6,0.37499999999999994,0.1,0.5623413251903491,0.1778279410038923,0.6,20,200,5,1.0,predictive,P1+P2 (protect),coarse,0.05623413251903491,5,100.0,True,True,0.022227074343931928,0.03462230198953825,83.94567249792092,7.240332735078489,0.3078705616284878,5.634193184601168,6.817603518691855,36.201663675392346,2.3188346604905345,0.3620166367539245,4.910016159537804,11.385515654304882,0.02217572782529856,0.04038432468297863,0.5634193184601168,2.3435887630452403,0.563419318460119,,0.0,1.0958549976348877,ok
A_rhoB0.6,0.6,0.37499999999999994,0.1,0.5623413251903491,0.1778279410038923,0.6,20,200,5,1.0,predictive,P1+P2 (protect),coarse,0.23713737056616552,5,100.0,True,True,0.023182066754457258,0.036101249120107044,85.76198909319733,7.229240631599187,0.15398057733992307,5.8915413044231135,6.725237486637777,36.146203157996,2.3726417050866844,0.3614620315799594,4.967887762786623,11.787017692177328,0.0206851257005348,0.03748806138827983,0.5891541304423114,2.5709549276336676,0.5891541304423091,,0.0,0.9789233207702637,ok
A_rhoB0.6,0.6,0.37499999999999994,0.1,0.5623413251903491,0.1778279410038923,0.6,20,200,5,1.0,predictive,P1+P2 (protect),coarse,1.0,5,100.0,True,True,0.02333346752916909,0.03633690420637121,86.81365699462262,7.227473218452222,0.06395122634507952,6.0483736389888465,6.660201916213852,36.137366092261225,2.4023238653581247,0.36137366092261114,5.005879530709427,12.025743863730986,0.020098041510966072,0.03630872773023967,0.6048373638988847,2.753292619866824,0.6048373638988856,,0.0,1.0038273334503174,ok
A_rhoB0.6,0.6,0.37499999999999994,0.1,0.5623413251903491,0.1778279410038923,0.6,20,200,5,1.0,predictive,P1+P2 (protect),coarse,4.216965034285822,5,100.0,True,True,0.02337645681382741,0.03640582237881614,87.68548776973077,7.226956332158882,0.020807119227033603,6.171112697519758,6.581123851094326,36.134781660794324,2.4266228752356946,0.36134781660794413,5.042099830190764,12.235274787162918,0.019840893104665892,0.03581266196488353,0.6171112697519758,2.8568197189681315,0.6171112697519772,,0.0,1.115844488143921,ok
A_rhoB0.6,0.6,0.37499999999999994,0.1,0.5623413251903491,0.1778279410038923,0.6,20,200,5,1.0,predictive,P1+P2 (protect),coarse,17.78279410038923,5,100.0,True,True,0.02341500845046716,0.03646753558046783,88.22023871467093,7.226493483146485,0.005856601491556907,6.24396236062786,6.523687554734099,36.13246741573242,2.4415780328430876,0.3613246741573243,5.065943167159555,12.368895552568308,0.01972008686484703,0.035586917613936446,0.624396236062786,2.913482967499972,0.6243962360627852,,0.0,0.9953441619873047,ok
A_rhoB0.6,0.6,0.37499999999999994,0.1,0.5623413251903491,0.1778279410038923,0.6,20,200,5,1.0,predictive,P1+P2 (protect),coarse,0.00017782794100389227,10,3.0,True,True,2.903340378039168e-08,4.590372060515443e-08,39.715162281634306,7.499999655722086,9.094788005978813,0.038198534007443455,3.3670138042916573,37.49999827861053,1.0590710427922145,0.3749999827861043,4.885886792067257,5.174501219839378,1.3883382501069985e-09,1.4201767120073498e-09,0.0038198534007443455,0.2528252767198073,0.003819853400744343,,0.0,1.2744033336639404,ok
A_rhoB0.6,0.6,0.37499999999999994,0.1,0.5623413251903491,0.1778279410038923,0.6,20,200,5,1.0,predictive,P1+P2 (protect),coarse,0.0007498942093324559,10,3.0,True,True,9.703380364031821e-07,1.5319871425760968e-06,40.276176856821735,7.499988510096436,7.616205084362432,0.13835162465227974,4.745454780888852,37.49994255048216,1.0740330282533694,0.3749994255048218,4.589987596433974,4.9297982778433855,8.524830014457047e-06,9.3378140397904e-06,0.013835162465227974,0.66074103139473,0.013835162465227915,,0.0,1.1779484748840332,ok
A_rhoB0.6,0.6,0.37499999999999994,0.1,0.5623413251903491,0.1778279410038923,0.6,20,200,5,1.0,predictive,P1+P2 (protect),coarse,0.0031622776601683794,10,3.0,True,True,3.5092517416494296e-05,5.5295152035984305e-05,42.26909155550672,7.499585286359719,5.967351631549464,0.4706833289963476,6.06237975309447,37.49792643179873,1.1272381056159408,0.37497926431798595,4.342824513859554,4.895397278025513,0.0020859094816594445,0.0028766128155201564,0.04706833289963477,1.3847857438540887,0.04706833289963482,,0.0,1.233079195022583,ok
A_rhoB0.6,0.6,0.37499999999999994,0.1,0.5623413251903491,0.1778279410038923,0.6,20,200,5,1.0,predictive,P1+P2 (protect),coarse,0.01333521432163324,10,3.0,True,True,0.000781178256162369,0.0012271289315392497,48.40834399320143,7.490796533013454,4.079037579232265,1.3828772674949708,7.047288620259309,37.453982665067194,1.2924752068716905,0.3745398266506727,4.256505804939006,5.501428220789093,0.02464025692710483,0.055866781561218236,0.13828772674949708,2.027656593551528,0.13828772674949716,,0.0,1.308337688446045,ok
A_rhoB0.6,0.6,0.37499999999999994,0.1,0.5623413251903491,0.1778279410038923,0.6,20,200,5,1.0,predictive,P1+P2 (protect),coarse,0.05623413251903491,10,3.0,True,True,0.0057558440635950515,0.009010925665679882,61.2371460762128,7.432418057507381,2.111754379420437,3.01967711006755,7.4361504530046325,37.16209028753715,1.64783911783212,0.3716209028753691,4.4061651880495205,7.260651356498118,0.05082165811152828,0.19152317039572495,0.301967711006755,2.165017157030725,0.3019677110067545,,0.0,1.5918877124786377,ok
A_rhoB0.6,0.6,0.37499999999999994,0.1,0.5623413251903491,0.1778279410038923,0.6,20,200,5,1.0,predictive,P1+P2 (protect),coarse,0.23713737056616552,10,3.0,True,True,0.014407938443296773,0.022492508932045983,74.71831966321997,7.331306183009638,0.7931389441047959,4.6426251606688655,7.232929712216701,36.65653091504818,2.0383358107830856,0.3665653091504819,4.680881334718957,9.541208050583776,0.05751156471573545,0.2694680937058207,0.46426251606688657,2.2649869101448075,0.4642625160668871,,0.0,1.1256914138793945,ok
A_rhoB0.6,0.6,0.37499999999999994,0.1,0.5623413251903491,0.1778279410038923,0.6,20,200,5,1.0,predictive,P1+P2 (protect),coarse,1.0,10,3.0,True,True,0.019945413886742536,0.03108702982923262,82.42513446568057,7.266847276280742,0.24509800706280677,5.603224265699822,6.8848304509566285,36.33423638140372,2.2685252994023757,0.36334236381403706,4.894180667571137,11.10257266423113,0.05737847399653899,0.27381886195039207,0.5603224265699822,2.4782746186462346,0.5603224265699818,,0.0,1.2433445453643799,ok
A_rhoB0.6,0.6,0.37499999999999994,0.1,0.5623413251903491,0.1778279410038923,0.6,20,200,5,1.0,predictive,P1+P2 (protect),coarse,4.216965034285822,10,3.0,True,True,0.021784402775833284,0.03393623199389328,85.3893993719606,7.245478260045799,0.07532729224730003,5.993228271016711,6.685966176690189,36.22739130022883,2.357039695856357,0.36227391300228995,4.994481814752366,11.772191897604023,0.056905564649279976,0.2651415121825563,0.5993228271016711,2.700375350791574,0.5993228271016684,,0.0,1.2271199226379395,ok
A_rhoB0.6,0.6,0.37499999999999994,0.1,0.5623413251903491,0.1778279410038923,0.6,20,200,5,1.0,predictive,P1+P2 (protect),coarse,17.78279410038923,10,3.0,True,True,0.022196287189920377,0.0345751614838521,86.31328860921529,7.240686288871112,0.029236083534815504,6.121412694694426,6.6086649328996465,36.20343144435567,2.38411899551229,0.3620343144435556,5.030477285453423,11.993256452742605,0.05672066564472268,0.2610697253690644,0.6121412694694426,2.837179934862623,0.6121412694694424,,0.0,1.2475452423095703,ok
A_rhoB0.6,0.6,0.37499999999999994,0.1,0.5623413251903491,0.1778279410038923,0.6,20,200,5,1.0,predictive,P1+P2 (protect),coarse,0.00017782794100389227,10,10.0,True,True,4.534549048877323e-07,7.161366029941005e-07,40.080836012060786,7.4999946289754735,7.969579403088471,0.10385754862622743,4.426568419309829,37.499973144877465,1.0688230590782668,0.3749997314487737,4.656737820118609,4.977228762224631,2.0814688467750247e-06,2.238992088286309e-06,0.010385754862622743,0.5381149872635489,0.010385754862622752,,0.0,1.2220790386199951,ok
A_rhoB0.6,0.6,0.37499999999999994,0.1,0.5623413251903491,0.1778279410038923,0.6,20,200,5,1.0,predictive,P1+P2 (protect),coarse,0.0007498942093324559,10,10.0,True,True,1.8078330036867405e-05,2.849697479020641e-05,41.61710484117232,7.499786272689074,6.351721799886033,0.3643623446930306,5.78412958273186,37.49893136344548,1.1098210889748528,0.3749893136344537,4.389634814556014,4.871709290092481,0.000977639055144835,0.0012753914748638558,0.03643623446930306,1.1991118803358274,0.03643623446930314,,0.0,1.1317815780639648,ok
A_rhoB0.6,0.6,0.37499999999999994,0.1,0.5623413251903491,0.1778279410038923,0.6,20,200,5,1.0,predictive,P1+P2 (protect),coarse,0.0031622776601683794,10,10.0,True,True,0.00048306239941870615,0.0007592457622959083,46.657581291354056,7.494305656782777,4.509031653688746,1.1316814908049615,6.864981198723514,37.47152828391388,1.2451475407632,0.37471528283913885,4.260382080442374,5.3048042701744285,0.01869655431167611,0.038588572482329796,0.11316814908049616,1.8947694097709282,0.1131681490804962,,0.0,1.2163920402526855,ok
A_rhoB0.6,0.6,0.37499999999999994,0.1,0.5623413251903491,0.1778279410038923,0.6,20,200,5,1.0,predictive,P1+P2 (protect),coarse,0.01333521432163324,10,10.0,True,True,0.004476316766378014,0.0070114903006823414,58.42512236372542,7.447413822744881,2.5120043279489415,2.6650345998714933,7.375547249434684,37.23706911372435,1.5690043216154155,0.3723706911372441,4.368756390268651,6.854597656416475,0.04752966067655906,0.16776466885881372,0.26650345998714936,2.079300791947142,0.2665034599871474,,0.0,1.17014741897583,ok
A_rhoB0.6,0.6,0.37499999999999994,0.1,0.5623413251903491,0.1778279410038923,0.6,20,200,5,1.0,predictive,P1+P2 (protect),coarse,0.05623413251903491,10,10.0,True,True,0.013061969051164848,0.020399150333878836,72.40798615474148,7.347006372495902,1.04408716374683,4.344945931907981,7.263960531849287,36.73503186247953,1.9710881543755412,0.3673503186247951,4.631473762505092,9.129043070574905,0.057087391911542995,0.2633678646222301,0.43449459319079814,2.1188360919189786,0.4344945931907975,,0.0,1.2462685108184814,ok
A_rhoB0.6,0.6,0.37499999999999994,0.1,0.5623413251903491,0.1778279410038923,0.6,20,200,5,1.0,predictive,P1+P2 (protect),coarse,0.23713737056616552,10,10.0,True,True,0.019409492812333794,0.030256665815129983,81.12580245368757,7.273075006386541,0.36686726965839056,5.419373764574615,6.940683959380452,36.3653750319327,2.230852902862968,0.363653750319327,4.854867742533672,10.830495796447027,0.057589393540287005,0.2758100077015273,0.5419373764574615,2.3104356258716123,0.5419373764574623,,0.0,1.2012526988983154,ok
A_rhoB0.6,0.6,0.37499999999999994,0.1,0.5623413251903491,0.1778279410038923,0.6,20,200,5,1.0,predictive,P1+P2 (protect),coarse,1.0,10,10.0,True,True,0.021679380647237508,0.033773662901143316,84.78412930861067,7.246697528241404,0.12194501593290717,5.9009123820032725,6.730445073822417,36.23348764120703,2.3399384058240305,0.3623348764120702,4.970747706308066,11.63124346365195,0.057095993087974535,0.2669916334377931,0.5900912382003273,2.5759372063780748,0.590091238200325,,0.0,1.322632074356079,ok
A_rhoB0.6,0.6,0.37499999999999994,0.1,0.5623413251903491,0.1778279410038923,0.6,20,200,5,1.0,predictive,P1+P2 (protect),coarse,4.216965034285822,10,10.0,True,True,0.02219441702964261,0.034572301701806155,86.04554101814678,7.2407077372364625,0.04437626727288633,6.078315979292488,6.636600016198163,36.20353868618222,2.37671631394938,0.3620353868618231,5.01769729032211,11.925643008368157,0.05682277856768122,0.26185016347722684,0.6078315979292488,2.7640154009389675,0.6078315979292497,,0.0,1.206089973449707,ok
A_rhoB0.6,0.6,0.37499999999999994,0.1,0.5623413251903491,0.1778279410038923,0.6,20,200,5,1.0,predictive,P1+P2 (protect),coarse,17.78279410038923,10,10.0,True,True,0.02228588158907442,0.03471435060141493,86.47169093440603,7.239642370489393,0.021811519525989077,6.142150728270461,6.596395381714158,36.198211852446924,2.3888387439381407,0.36198211852446965,5.036206986338558,12.03068637145749,0.056703669187739315,0.2601784166302625,0.6142150728270461,2.857876828937923,0.6142150728270444,,0.0,1.1858208179473877,ok
A_rhoB0.6,0.6,0.37499999999999994,0.1,0.5623413251903491,0.1778279410038923,0.6,20,200,5,1.0,predictive,P1+P2 (protect),coarse,0.00017782794100389227,10,30.0,True,True,7.402216920144566e-06,1.1674187202969823e-05,41.02997178684232,7.4999124435959805,6.7825571775469555,0.26708839118692534,5.450441987670137,37.499562217980014,1.094145354240151,0.37499562217979904,4.450300482430139,4.869275597823639,0.0003005310972441413,0.00036681082287313527,0.026708839118692537,1.002139172561499,0.026708839118692547,,0.0,1.2264404296875,ok
A_rhoB0.6,0.6,0.37499999999999994,0.1,0.5623413251903491,0.1778279410038923,0.6,20,200,5,1.0,predictive,P1+P2 (protect),coarse,0.0007498942093324559,10,30.0,True,True,0.00023502999945176515,0.00036969308377881606,44.86144388441297,7.497227301871644,5.00233372471709,0.8687987763767139,6.631640197034553,37.486136509358275,1.1967475995616,0.3748613650935822,4.273924945191296,5.114809418864126,0.011677010069386973,0.021144106454307542,0.0868798776376714,1.7470367082865348,0.08687987763767142,,0.0,1.164696455001831,ok
A_rhoB0.6,0.6,0.37499999999999994,0.1,0.5623413251903491,0.1778279410038923,0.6,20,200,5,1.0,predictive,P1+P2 (protect),coarse,0.0031622776601683794,10,30.0,True,True,0.0029591034658915257,0.004638673892966938,54.95561285193386,7.465209945802739,3.0054367219887643,2.2316819387705014,7.297671393437995,37.32604972901381,1.4723125873461091,0.37326049729013694,4.323827870001848,6.366026198521637,0.042059616341744585,0.13296568625010347,0.22316819387705014,2.0487976754096313,0.22316819387705,,0.0,1.206460952758789,ok
A_rhoB0.6,0.6,0.37499999999999994,0.1,0.5623413251903491,0.1778279410038923,0.6,20,200,5,1.0,predictive,P1+P2 (protect),coarse,0.01333521432163324,10,30.0,True,True,0.010960455788509592,0.017127824800422305,69.2631966972493,7.3715413139968335,1.3598483364573364,3.961790264455058,7.306820085090774,36.857706569984096,1.8792052773477594,0.36857706569984167,4.5678714733910795,8.583968179042802,0.056090494039971836,0.24981034542563751,0.39617902644550584,2.0521400572698067,0.3961790264455071,,0.0,1.1869254112243652,ok
A_rhoB0.6,0.6,0.37499999999999994,0.1,0.5623413251903491,0.1778279410038923,0.6,20,200,5,1.0,predictive,P1+P2 (protect),coarse,0.05623413251903491,10,30.0,True,True,0.018364584171500997,0.028636506839119433,79.3850290923842,7.285226198706596,0.5375283347562929,5.188248877567865,6.988996588969246,36.426130993533064,2.1793428763125533,0.3642613099353298,4.811037101158674,10.484899434085554,0.05769836288447092,0.27695665263658553,0.5188248877567866,2.1622715809653696,0.5188248877567883,,0.0,1.2144436836242676,ok
A_rhoB0.6,0.6,0.37499999999999994,0.1,0.5623413251903491,0.1778279410038923,0.6,20,200,5,1.0,predictive,P1+P2 (protect),coarse,0.23713737056616552,10,30.0,True,True,0.021436769635386675,0.03339804925568752,83.86437966494016,7.249514630582352,0.21463269183421618,5.763768824052114,6.772083853531317,36.24757315291165,2.313655022121215,0.3624757315291176,4.9411528729589635,11.432123159590175,0.05733750360655765,0.26975155389833755,0.5763768824052115,2.4039591457467404,0.5763768824052143,,0.0,1.3295884132385254,ok
A_rhoB0.6,0.6,0.37499999999999994,0.1,0.5623413251903491,0.1778279410038923,0.6,20,200,5,1.0,predictive,P1+P2 (protect),coarse,1.0,10,30.0,True,True,0.022181593401655486,0.034552487232890866,85.57499379156526,7.2408563457533415,0.08382200281072637,6.003390523640589,6.671931127795343,36.204281728766375,2.3636705302613703,0.3620428172876671,4.998481175924795,11.814762651599636,0.05699753721846934,0.2632451713810844,0.6003390523640589,2.646043688902236,0.6003390523640578,,0.0,1.1658313274383545,ok
A_rhoB0.6,0.6,0.37499999999999994,0.1,0.5623413251903491,0.1778279410038923,0.6,20,200,5,1.0,predictive,P1+P2 (protect),coarse,4.216965034285822,10,30.0,True,True,0.022303463848271973,0.0347416819020025,86.23793546543699,7.239437385734972,0.0353283560910124,6.1035255802851305,6.621708677888885,36.19718692867504,2.382448548705319,0.36197186928674857,5.024656869158097,11.97098646566792,0.05680133493256613,0.26078253387090905,0.6103525580285131,2.7885979762389335,0.6103525580285099,,0.0,1.170283555984497,ok
A_rhoB0.6,0.6,0.37499999999999994,0.1,0.5623413251903491,0.1778279410038923,0.6,20,200,5,1.0,predictive,P1+P2 (protect),coarse,17.78279410038923,10,30.0,True,True,0.02231077395087641,0.03475303891233414,86.51705036276397,7.239352208157501,0.01967857305093573,6.14810585829112,6.592863360500442,36.19676104078735,2.3901876266021302,0.36196761040787506,5.037855733760766,12.041420439441579,0.05669906289687649,0.2599177193423342,0.6148105858291121,2.8642461698674,0.6148105858291105,,0.0,1.1337378025054932,ok
A_rhoB0.6,0.6,0.37499999999999994,0.1,0.5623413251903491,0.1778279410038923,0.6,20,200,5,1.0,predictive,P1+P2 (protect),coarse,0.00017782794100389227,10,100.0,True,True,0.00013870082364616948,0.00021828271422043004,43.8791738986193,7.4983628796433495,5.322580870148838,0.7205577359863428,6.45849851422147,37.491814398216746,1.1703667747994175,0.3749181439821675,4.290860146399587,5.021880150657041,0.00781822757978366,0.013016442833870049,0.07205577359863428,1.6337850636074578,0.07205577359863453,,0.0,1.3031492233276367,ok
A_rhoB0.6,0.6,0.37499999999999994,0.1,0.5623413251903491,0.1778279410038923,0.6,20,200,5,1.0,predictive,P1+P2 (protect),coarse,0.0007498942093324559,10,100.0,True,True,0.0021324296293355723,0.0033446558421948813,52.767051472610575,7.474915081183556,3.3453783385379343,1.9526830000051614,7.2270235802733485,37.37457540591757,1.4118435032242773,0.3737457540591778,4.29926553519943,6.06989011450736,0.03756242398343108,0.10908718895712231,0.19526830000051615,2.029004198014877,0.19526830000051626,,0.0,1.2106623649597168,ok
A_rhoB0.6,0.6,0.37499999999999994,0.1,0.5623413251903491,0.1778279410038923,0.6,20,200,5,1.0,predictive,P1+P2 (protect),coarse,0.0031622776601683794,10,100.0,True,True,0.009466771010758792,0.014800506297126488,66.9798809287218,7.388996202771546,1.5907984766668015,3.6875202144979395,7.332685106063714,36.944981013857905,1.8129629273215198,0.3694498101385773,4.523413689319291,8.200781323674537,0.055032321413083875,0.23697216133206694,0.36875202144979397,2.0323495058268817,0.36875202144979624,,0.0,1.1255099773406982,ok
A_rhoB0.6,0.6,0.37499999999999994,0.1,0.5623413251903491,0.1778279410038923,0.6,20,200,5,1.0,predictive,P1+P2 (protect),coarse,0.01333521432163324,10,100.0,True,True,0.01746658769579643,0.02724322429769665,78.09351226655859,7.295675817767297,0.6613586112017292,5.024118241453448,7.018847329577526,36.47837908883638,2.1408164018575557,0.3647837908883648,4.781190736769592,10.235651549685754,0.057689481144913145,0.276577246025815,0.5024118241453448,2.0958101428913074,0.5024118241453441,,0.0,1.157433032989502,ok
A_rhoB0.6,0.6,0.37499999999999994,0.1,0.5623413251903491,0.1778279410038923,0.6,20,200,5,1.0,predictive,P1+P2 (protect),coarse,0.05623413251903491,10,100.0,True,True,0.02119313774142122,0.03302083915222805,83.17945186380689,7.25234370635829,0.30988006154076203,5.662952718061813,6.774823514039135,36.261718531791516,2.293864031592476,0.3626171853179145,4.9257983729763275,11.299111714647136,0.0574746973352562,0.27165361256792314,0.5662952718061813,2.2676109861189744,0.5662952718061812,,0.0,1.1693987846374512,ok
A_rhoB0.6,0.6,0.37499999999999994,0.1,0.5623413251903491,0.1778279410038923,0.6,20,200,5,1.0,predictive,P1+P2 (protect),coarse,0.23713737056616552,10,100.0,True,True,0.022187598167978575,0.03456198571584015,85.0260151437814,7.240785107131206,0.15596570242913443,5.914128650542672,6.6891205398969875,36.20392553565596,2.3485302736036813,0.3620392553565603,4.981168465489808,11.698424939122807,0.05720626089018605,0.2647556043112101,0.5914128650542673,2.4953982845841427,0.5914128650542679,,0.0,1.4230496883392334,ok
A_rhoB0.6,0.6,0.37499999999999994,0.1,0.5623413251903491,0.1778279410038923,0.6,20,200,5,1.0,predictive,P1+P2 (protect),coarse,1.0,10,100.0,True,True,0.022344906176491822,0.03480609217034063,85.86278168436566,7.238954308722429,0.0700740069627702,6.0411606021623605,6.649811082152441,36.19477154361224,2.3722426754623065,0.3619477154361214,5.00886545927718,11.882244398146431,0.05696493900073275,0.26168688251356187,0.6041160602162361,2.6816314801191985,0.6041160602162385,,0.0,1.1747777462005615,ok
A_rhoB0.6,0.6,0.37499999999999994,0.1,0.5623413251903491,0.1778279410038923,0.6,20,200,5,1.0,predictive,P1+P2 (protect),coarse,4.216965034285822,10,100.0,True,True,0.022340346601742316,0.03479900171318877,86.30552684632536,7.239007487151095,0.032138753299465805,6.112414138657823,6.616439620891615,36.19503743575544,2.3844574549622664,0.3619503743575548,5.027117619950957,11.986948085864224,0.05679421815351313,0.26039722453101,0.6112414138657823,2.7980497750330207,0.6112414138657839,,0.0,1.1838130950927734,ok
A_rhoB0.6,0.6,0.37499999999999994,0.1,0.5623413251903491,0.1778279410038923,0.6,20,200,5,1.0,predictive,P1+P2 (protect),coarse,17.78279410038923,10,100.0,True,True,0.022319406294775784,0.034766457407016005,86.5329327755232,7.239251569447381,0.018930807715891326,6.150192859706968,6.591624763129759,36.19625784723704,2.3906596405829417,0.36196257847236907,5.038433879524464,12.045180527524872,0.05669747853990871,0.259825864204448,0.6150192859706969,2.866526029809102,0.6150192859706985,,0.0,1.163125991821289,ok
A_rhoB0.6,0.6,0.37499999999999994,0.1,0.5623413251903491,0.1778279410038923,0.6,20,200,5,1.0,predictive,P1+P2 (protect),coarse,0.00017782794100389227,20,3.0,True,True,6.697639275386443e-12,1.0619520622627383e-11,39.504983904302534,7.499999999920353,12.394849233607959,0.04185433325197474,0.06329643321971545,37.499999999601755,1.0534662374592552,0.37499999999601763,5.6317156410972835,5.932822286867192,0.010386095419742085,0.011255874392353019,0.0041854333251974745,0.007073205780506059,0.004185433325197492,,0.0,7.331326723098755,ok
A_rhoB0.6,0.6,0.37499999999999994,0.1,0.5623413251903491,0.1778279410038923,0.6,20,200,5,1.0,predictive,P1+P2 (protect),coarse,0.0007498942093324559,20,3.0,True,True,4.00550470750729e-11,6.340238481225882e-11,39.507609222026645,7.499999999524484,12.069409380294267,0.17203271615636825,0.2585579040248813,37.499999997622396,1.0535362459875077,0.37499999997622424,5.607244783723511,5.907435619777102,0.033913756827511285,0.04597881970302776,0.017203271615636825,0.028788700166621287,0.0172032716156369,,0.0,7.102996587753296,ok
A_rhoB0.6,0.6,0.37499999999999994,0.1,0.5623413251903491,0.1778279410038923,0.6,20,200,5,1.0,predictive,P1+P2 (protect),coarse,0.0031622776601683794,20,3.0,True,True,6.465607740692628e-08,1.0192902721945612e-07,39.54271304477252,7.499999235532295,10.878266484317468,0.6564745093959595,0.9652597707542778,37.499996177661444,1.054472455341953,0.37499996177661477,5.5206773782823335,5.8214022302281485,0.06943722745038733,0.17165015756712249,0.06564745093959595,0.10611920869505909,0.06564745093959586,,0.0,7.253334045410156,ok
A_rhoB0.6,0.6,0.37499999999999994,0.1,0.5623413251903491,0.1778279410038923,0.6,20,200,5,1.0,predictive,P1+P2 (protect),coarse,0.01333521432163324,20,3.0,True,True,7.401623583975009e-05,0.00011630278428808413,40.73483508271843,7.499127729117831,7.741209755017613,1.9927966938744706,2.766865821990085,37.49563864558919,1.086388618893688,0.3749563864558915,5.315097770771558,5.774261726473433,0.08490715984945123,0.49202605215853834,0.19927966938744707,0.29863194245970487,0.19927966938744684,,0.0,7.319744825363159,ok
A_rhoB0.6,0.6,0.37499999999999994,0.1,0.5623413251903491,0.1778279410038923,0.6,20,200,5,1.0,predictive,P1+P2 (protect),coarse,0.05623413251903491,20,3.0,True,True,0.002429737660984119,0.003806311943630805,50.69007671858173,7.471452660422772,3.7259128103283947,3.9596009687081803,4.843033560540653,37.35726330211397,1.3569001644644907,0.3735726330211386,5.1383687625370165,6.972253418965679,0.08482765454506837,0.8612266862836983,0.39596009687081807,0.6067510415937847,0.3959600968708205,,0.0,7.295398950576782,ok
A_rhoB0.6,0.6,0.37499999999999994,0.1,0.5623413251903491,0.1778279410038923,0.6,20,200,5,1.0,predictive,P1+P2 (protect),coarse,0.23713737056616552,20,3.0,True,True,0.008963964486325289,0.01400813146255676,65.67005455698836,7.394939014030847,1.5135430147948141,5.50549898962357,5.586018981550769,36.974695070153935,1.7760810314294488,0.36974695070154234,5.1917438222355194,9.22095772271353,0.08109366813777626,0.9933502538978423,0.5505498989623571,0.9679707951471616,0.550549898962357,,0.0,7.235342502593994,ok
A_rhoB0.6,0.6,0.37499999999999994,0.1,0.5623413251903491,0.1778279410038923,0.6,20,200,5,1.0,predictive,P1+P2 (protect),coarse,1.0,20,3.0,True,True,0.013838991362314926,0.02159563643550259,74.42821132533231,7.3380327267337195,0.7507629977469827,6.318079591197189,5.59312468432211,36.690163633668675,2.028560353899141,0.366901636336686,5.303788232431409,10.759054533787157,0.0787884636571674,0.9946138463910578,0.631807959119719,1.221277382968279,0.6318079591197131,,0.0,7.310311317443848,ok
A_rhoB0.6,0.6,0.37499999999999994,0.1,0.5623413251903491,0.1778279410038923,0.6,20,200,5,1.0,predictive,P1+P2 (protect),coarse,4.216965034285822,20,3.0,True,True,0.01557693807209284,0.024296817087604543,77.61560545739572,7.317773871842971,0.5349230951737085,6.619376860744524,5.527926172238798,36.588869359214826,2.1212900758259807,0.36588869359214854,5.360762163632293,11.371731576576595,0.07802988965874558,0.9830197292307519,0.6619376860744524,1.3943673404051866,0.6619376860744537,,0.0,7.289264678955078,ok
A_rhoB0.6,0.6,0.37499999999999994,0.1,0.5623413251903491,0.1778279410038923,0.6,20,200,5,1.0,predictive,P1+P2 (protect),coarse,17.78279410038923,20,3.0,True,True,0.015989324258728024,0.024938380581086106,78.49872668766778,7.312962145641817,0.4794113028461335,6.70472764016947,5.50289891134258,36.56481072820938,2.1468380424873037,0.36564810728209085,5.37852044265578,11.546812298589082,0.07785401754076603,0.9785691829566113,0.6704727640169471,1.4785664808419827,0.6704727640169476,,0.0,7.107113361358643,ok
A_rhoB0.6,0.6,0.37499999999999994,0.1,0.5623413251903491,0.1778279410038923,0.6,20,200,5,1.0,predictive,P1+P2 (protect),coarse,0.00017782794100389227,20,10.0,True,True,2.1632075235833952e-11,3.426233420323921e-11,39.50676312084432,7.499999999743034,12.156919010212413,0.13693383856705546,0.20614715147749862,37.499999998715154,1.0535136832586112,0.3749999999871517,5.613789430203624,5.91420397965208,0.02862090865849954,0.036658723491060974,0.013693383856705547,0.022975373807373748,0.013693383856705547,,0.0,7.358664274215698,ok
A_rhoB0.6,0.6,0.37499999999999994,0.1,0.5623413251903491,0.1778279410038923,0.6,20,200,5,1.0,predictive,P1+P2 (protect),coarse,0.0007498942093324559,20,10.0,True,True,1.6223135737011344e-08,2.5589530183178533e-08,39.52758220891273,7.4999998080785275,11.179696423966368,0.5327250361842988,0.7875787317708056,37.499999040392574,1.0540688858774683,0.3749999904039264,5.542149243835662,5.84180707881651,0.06437077371819168,0.14005350424926122,0.05327250361842988,0.08685408136412376,0.053272503618430014,,0.0,7.252651691436768,ok
A_rhoB0.6,0.6,0.37499999999999994,0.1,0.5623413251903491,0.1778279410038923,0.6,20,200,5,1.0,predictive,P1+P2 (protect),coarse,0.0031622776601683794,20,10.0,True,True,2.9873064175464388e-05,4.6964915569289166e-05,40.226140566618646,7.499647763133232,8.39729082875185,1.705109827039165,2.3979515810757537,37.49823881566612,1.0727474632705378,0.3749823881566616,5.355132802229489,5.744705129068532,0.08391826943546837,0.42642279228972724,0.1705109827039165,0.2588723957662159,0.17051098270391624,,0.0,7.129169225692749,ok
A_rhoB0.6,0.6,0.37499999999999994,0.1,0.5623413251903491,0.1778279410038923,0.6,20,200,5,1.0,predictive,P1+P2 (protect),coarse,0.01333521432163324,20,10.0,True,True,0.0016775722367759166,0.002629224217697105,48.29313242714269,7.4802808183673095,4.29215327963168,3.6460774172433204,4.58148848475769,37.40140409183627,1.291211749926891,0.3740140409183655,5.151546443470435,6.651737298103112,0.08530841489283388,0.814716663977516,0.3646077417243321,0.5480134042957936,0.36460774172432964,,0.0,7.459298849105835,ok
A_rhoB0.6,0.6,0.37499999999999994,0.1,0.5623413251903491,0.1778279410038923,0.6,20,200,5,1.0,predictive,P1+P2 (protect),coarse,0.05623413251903491,20,10.0,True,True,0.007857729443057805,0.012283618392053199,63.519617475938205,7.4078728620596035,1.744907673420864,5.3033365351108905,5.5438829294086425,37.039364310298026,1.7149219123687254,0.3703936431029802,5.172790741379828,8.87093219049033,0.08166377828962594,0.985857286503374,0.5303336535110891,0.9150738360269031,0.5303336535110873,,0.0,7.250166177749634,ok
A_rhoB0.6,0.6,0.37499999999999994,0.1,0.5623413251903491,0.1778279410038923,0.6,20,200,5,1.0,predictive,P1+P2 (protect),coarse,0.23713737056616552,20,10.0,True,True,0.013297915698023242,0.020754460463714625,73.4789442585751,7.3443415465221475,0.8211963594782881,6.229588134177541,5.604873959822022,36.72170773261082,2.000967514735757,0.36721707732610737,5.288778125691456,10.582673222153668,0.07903039937773748,0.996703195861492,0.6229588134177542,1.1861400024231255,0.6229588134177558,,0.0,7.497721910476685,ok
A_rhoB0.6,0.6,0.37499999999999994,0.1,0.5623413251903491,0.1778279410038923,0.6,20,200,5,1.0,predictive,P1+P2 (protect),coarse,1.0,20,10.0,True,True,0.015427725019702434,0.024064838195561756,77.32025182944163,7.319513713533286,0.5536889481360252,6.591073804502956,5.535723533827732,36.59756856766654,2.112715539735419,0.36597568567666433,5.3550082774633765,11.313609203208674,0.07809412976161591,0.9844063179873791,0.6591073804502957,1.3718166701659047,0.6591073804502964,,0.0,7.168552875518799,ok
A_rhoB0.6,0.6,0.37499999999999994,0.1,0.5623413251903491,0.1778279410038923,0.6,20,200,5,1.0,predictive,P1+P2 (protect),coarse,4.216965034285822,20,10.0,True,True,0.015957128914027556,0.02488825725589337,78.42451781530248,7.313338070580793,0.48408347678199665,6.697505785416282,5.5050726672209285,36.5666903529041,2.1446982775424757,0.36566690352903963,5.377000496338077,11.53204370284131,0.07786750519345287,0.9789557374887021,0.6697505785416282,1.470270219741575,0.669750578541634,,0.0,7.318378925323486,ok
A_rhoB0.6,0.6,0.37499999999999994,0.1,0.5623413251903491,0.1778279410038923,0.6,20,200,5,1.0,predictive,P1+P2 (protect),coarse,17.78279410038923,20,10.0,True,True,0.016071962020643465,0.025067077260786563,78.69531356583225,7.311996920544061,0.46697689607190895,6.72391369108055,5.49711249230348,36.55998460272043,2.152498542353777,0.3655998460272031,5.382566055789691,11.585965589210229,0.07781999049493786,0.9775401959730827,0.672391369108055,1.5018827531165742,0.6723913691080591,,0.0,7.202012777328491,ok
A_rhoB0.6,0.6,0.37499999999999994,0.1,0.5623413251903491,0.1778279410038923,0.6,20,200,5,1.0,predictive,P1+P2 (protect),coarse,0.00017782794100389227,20,30.0,True,True,2.22201099623367e-09,3.5078515886403776e-09,39.51648228550412,7.499999973691123,11.528838792679535,0.39035839365784053,0.5808028399715024,37.499999868455554,1.0537728646432556,0.37499999868455614,5.567384624518853,5.866758844350048,0.056044164476491576,0.10328297316134644,0.03903583936578406,0.06428827406271237,0.03903583936578411,,0.0,7.143176794052124,ok
A_rhoB0.6,0.6,0.37499999999999994,0.1,0.5623413251903491,0.1778279410038923,0.6,20,200,5,1.0,predictive,P1+P2 (protect),coarse,0.0007498942093324559,20,30.0,True,True,6.659401311127054e-06,1.0477701204523638e-05,39.818905117338595,7.499921417240964,9.261260301422174,1.3335315703665658,1.9052867109702962,37.49960708620481,1.0618485955280048,0.3749960708620482,5.410430843157904,5.74505839200862,0.08162614254002236,0.3388132128339277,0.1333531570366566,0.2065441823943427,0.13335315703665662,,0.0,7.318098545074463,ok
A_rhoB0.6,0.6,0.37499999999999994,0.1,0.5623413251903491,0.1778279410038923,0.6,20,200,5,1.0,predictive,P1+P2 (protect),coarse,0.0031622776601683794,20,30.0,True,True,0.0008718064304285801,0.001367315235522638,45.25532055526596,7.48974513573358,5.20520575331326,3.1746130687391334,4.130436042214027,37.44872567866807,1.20846089513387,0.374487256786679,5.183817353196082,6.264440558853826,0.08576990053317558,0.7345069368351893,0.3174613068739134,0.46875558798189426,0.31746130687391183,,0.0,7.241525650024414,ok
A_rhoB0.6,0.6,0.37499999999999994,0.1,0.5623413251903491,0.1778279410038923,0.6,20,200,5,1.0,predictive,P1+P2 (protect),coarse,0.01333521432163324,20,30.0,True,True,0.006202314013680966,0.009701051724173484,60.09610007460515,7.427242112068666,2.1591593679646564,4.974092018403332,5.439506501563347,37.13621056034364,1.618261507241116,0.3713621056034333,5.149734049875273,8.333616385442056,0.08255901551350033,0.9672962412502855,0.4974092018403332,0.8321764452582502,0.49740920184033605,,0.0,7.36943793296814,ok
A_rhoB0.6,0.6,0.37499999999999994,0.1,0.5623413251903491,0.1778279410038923,0.6,20,200,5,1.0,predictive,P1+P2 (protect),coarse,0.05623413251903491,20,30.0,True,True,0.012340133198207145,0.019264899688113894,71.80106117838501,7.355513252339112,0.9526263696327479,6.073905028430982,5.617955349597159,36.77756626169571,1.9523059429075573,0.3677756626169556,5.2640937626766515,10.277121536896232,0.07946634392056666,0.999029432470664,0.6073905028430983,1.131763879514242,0.6073905028430953,,0.0,7.184184789657593,ok
A_rhoB0.6,0.6,0.37499999999999994,0.1,0.5623413251903491,0.1778279410038923,0.6,20,200,5,1.0,predictive,P1+P2 (protect),coarse,0.23713737056616552,20,30.0,True,True,0.015138240745828943,0.023614888088507098,76.76726417469447,7.322888339336193,0.589398820008024,6.538341743917066,5.549371096738718,36.61444169668095,2.096638938554492,0.36614441696680966,5.34450658770953,11.205500619152799,0.07821913791537013,0.9868332359995577,0.6538341743917067,1.3347666007845922,0.6538341743917112,,0.0,7.330475807189941,ok
A_rhoB0.6,0.6,0.37499999999999994,0.1,0.5623413251903491,0.1778279410038923,0.6,20,200,5,1.0,predictive,P1+P2 (protect),coarse,1.0,20,30.0,True,True,0.01589358961579086,0.024789359063132742,78.28138885053437,7.314079807026528,0.49307400140310703,6.683605833541343,5.5092403580290235,36.570399035132404,2.140566986303078,0.3657039903513264,5.374081424969231,11.503581279993737,0.07789434655085499,0.9796968693638474,0.6683605833541343,1.454990523841951,0.6683605833541372,,0.0,7.27914023399353,ok
A_rhoB0.6,0.6,0.37499999999999994,0.1,0.5623413251903491,0.1778279410038923,0.6,20,200,5,1.0,predictive,P1+P2 (protect),coarse,4.216965034285822,20,30.0,True,True,0.016057862194969134,0.025045114074518718,78.66108725499844,7.312161644441119,0.4691490573741156,6.720567305448156,5.49812199273661,36.56080822220552,2.1515139046412806,0.36560808222205593,5.3818598281342815,11.57914625306124,0.07782571499256662,0.9777197133565819,0.6720567305448156,1.4976770845149243,0.6720567305448142,,0.0,7.255377292633057,ok
A_rhoB0.6,0.6,0.37499999999999994,0.1,0.5623413251903491,0.1778279410038923,0.6,20,200,5,1.0,predictive,P1+P2 (protect),coarse,17.78279410038923,20,30.0,True,True,0.01609487168721619,0.025102768010001265,78.75159187746284,7.311729239924989,0.46339725415913186,6.729422078215873,5.495451427700005,36.55864619962505,2.154116742929899,0.36558646199624945,5.383728932365851,11.59718063260539,0.07781078815165066,0.9772448122747858,0.6729422078215874,1.5089390130235398,0.6729422078215909,,0.0,7.298691987991333,ok
A_rhoB0.6,0.6,0.37499999999999994,0.1,0.5623413251903491,0.1778279410038923,0.6,20,200,5,1.0,predictive,P1+P2 (protect),coarse,0.00017782794100389227,20,100.0,True,True,2.0908078767546633e-06,3.2913821948689655e-06,39.678331416192755,7.499975314633538,9.785585636094279,1.1115097610036193,1.6029292882685642,37.49987657316764,1.0580923203513652,0.3749987657316769,5.445256851213294,5.761584456609444,0.07930148062527635,0.2850456149076307,0.11115097610036194,0.17444815965194935,0.11115097610036197,,0.0,7.310148239135742,ok
A_rhoB0.6,0.6,0.37499999999999994,0.1,0.5623413251903491,0.1778279410038923,0.6,20,200,5,1.0,predictive,P1+P2 (protect),coarse,0.0007498942093324559,20,100.0,True,True,0.0005043991427314699,0.0007914772118022173,43.55228206661856,7.494063920911485,5.883683294526717,2.8439131935419,3.778339591019897,37.47031960455724,1.1623141335928615,0.3747031960455743,5.2141609825378765,6.060493004832216,0.08587131630149385,0.6718943498845549,0.28439131935419,0.41833083953466643,0.28439131935418993,,0.0,7.231751203536987,ok
A_rhoB0.6,0.6,0.37499999999999994,0.1,0.5623413251903491,0.1778279410038923,0.6,20,200,5,1.0,predictive,P1+P2 (protect),coarse,0.0031622776601683794,20,100.0,True,True,0.005072371282061373,0.007936897901235574,57.57157610067628,7.440473265740728,2.5077893195934,4.722201537933194,5.3295358767326775,37.20236632870363,1.5475245738940189,0.3720236632870364,5.138649649713757,7.95218660956393,0.0832032418756119,0.9477403914657428,0.47222015379331944,0.7715718727005554,0.47222015379332133,,0.0,7.418498992919922,ok
A_rhoB0.6,0.6,0.37499999999999994,0.1,0.5623413251903491,0.1778279410038923,0.6,20,200,5,1.0,predictive,P1+P2 (protect),coarse,0.01333521432163324,20,100.0,True,True,0.011551549597207257,0.018037913391270522,70.40908413640213,7.364715649565488,1.06848279792496,5.945126862694648,5.6216746898149035,36.82357824782724,1.912065244244877,0.3682357824782744,5.245271485177861,10.029301303437295,0.07983310717182752,0.9996908350834871,0.5945126862694649,1.0913320750563684,0.5945126862694666,,0.0,7.2602698802948,ok
A_rhoB0.6,0.6,0.37499999999999994,0.1,0.5623413251903491,0.1778279410038923,0.6,20,200,5,1.0,predictive,P1+P2 (protect),coarse,0.05623413251903491,20,100.0,True,True,0.01487529699868789,0.02320624757947871,76.28025461064159,7.325953143153887,0.6215757754102182,6.492145758010003,5.560325323425891,36.62976571576945,2.0824663527073075,0.36629765715769436,5.33554886088284,11.111100976014317,0.07833317281784302,0.9887812035766198,0.6492145758010004,1.3064224237271695,0.6492145758010015,,0.0,7.384481191635132,ok
A_rhoB0.6,0.6,0.37499999999999994,0.1,0.5623413251903491,0.1778279410038923,0.6,20,200,5,1.0,predictive,P1+P2 (protect),coarse,0.23713737056616552,20,100.0,True,True,0.015834005373932862,0.02469664103155009,78.15067718427267,7.314775192263355,0.501272040600945,6.6709429654413555,5.513009801694345,36.57387596131678,2.136789583552221,0.3657387596131677,5.371431270028903,11.477618386564437,0.07791969328936253,0.9803671817695858,0.6670942965441355,1.4418106610244148,0.6670942965441377,,0.0,7.17637300491333,ok
A_rhoB0.6,0.6,0.37499999999999994,0.1,0.5623413251903491,0.1778279410038923,0.6,20,200,5,1.0,predictive,P1+P2 (protect),coarse,1.0,20,100.0,True,True,0.01604480756152412,0.025024780786392965,78.62966280554599,7.312314144102028,0.4711404220409465,6.717497183999075,5.49904824985795,36.561570720510396,2.1506095404548944,0.3656157072051014,5.381212088666826,11.572886057098087,0.07783105020580121,0.977884427753294,0.6717497183999076,1.4938713855186787,0.6717497183999059,,0.0,7.286766529083252,ok
A_rhoB0.6,0.6,0.37499999999999994,0.1,0.5623413251903491,0.1778279410038923,0.6,20,200,5,1.0,predictive,P1+P2 (protect),coarse,4.216965034285822,20,100.0,True,True,0.01609185431814201,0.025098066947272513,78.74413070369516,7.311764497895458,0.4638724283850463,6.728691362232069,5.495671711487427,36.5588224894772,2.153902268771382,0.36558822489477294,5.383574647665273,11.595693647706325,0.07781199233476788,0.9772839848871466,0.6728691362232069,1.5079932736707689,0.6728691362232133,,0.0,7.353614330291748,ok
A_rhoB0.6,0.6,0.37499999999999994,0.1,0.5623413251903491,0.1778279410038923,0.6,20,200,5,1.0,predictive,P1+P2 (protect),coarse,17.78279410038923,20,100.0,True,True,0.01610281064902561,0.02511513741375268,78.77129614844911,7.311636469396887,0.4621414446328228,6.73135248412488,5.4948696018454095,36.558182346984125,2.1546830583864454,0.36558182346984436,5.384136550956943,11.601107810386154,0.07780763243519014,0.9771413473810548,0.6731352484124881,1.511451919897265,0.6731352484124878,,0.0,7.176431894302368,ok
A_rhoB0.6,0.6,0.37499999999999994,0.1,0.5623413251903491,0.1778279410038923,0.6,20,200,5,1.0,base,Base,fine,0.0008659643233600654,0,1.0,False,False,1.43438928480545e-07,2.2666073682559459e-07,39.904917097044176,7.499998300044423,8.375539218149564,0.07252918151820548,4.051933300287808,37.49999150022239,1.064131363784643,0.37499991500222113,4.73654002366184,5.040300794999819,0.0,0.0,,,,,5.607979084355416e-34,0.506934642791748,ok
A_rhoB0.6,0.6,0.37499999999999994,0.1,0.5623413251903491,0.1778279410038923,0.6,20,200,5,1.0,base,Base,fine,0.001,0,1.0,False,False,2.0164384044254862e-07,3.1859270628450314e-07,39.959298292101536,7.499997610554696,8.229292388572006,0.08229292388571932,4.1884170769875775,37.499988052773496,1.0655816272759093,0.3749998805277348,4.707219206492089,5.015926301998254,0.0,0.0,,,,,4.812539684912972e-33,0.3736271858215332,ok
A_rhoB0.6,0.6,0.37499999999999994,0.1,0.5623413251903491,0.1778279410038923,0.6,20,200,5,1.0,base,Base,fine,0.0011547819846894581,0,1.0,False,False,2.8432408742363103e-07,4.4916313705451883e-07,40.02097114056491,7.499996631276417,8.081606725953803,0.09332493854476596,4.325071704225014,37.49998315638235,1.0672263764404784,0.3749998315638209,4.678050541915835,4.992538928654253,0.0,0.0,,,,,3.9997743413266604e-32,0.3738408088684082,ok
A_rhoB0.6,0.6,0.37499999999999994,0.1,0.5623413251903491,0.1778279410038923,0.6,20,200,5,1.0,base,Base,fine,0.001333521432163324,0,1.0,False,False,4.0204775765168396e-07,6.350464672124782e-07,40.09090054010941,7.499995237151477,7.932474799876234,0.10578125155730386,4.461748711414985,37.49997618575746,1.069091359992276,0.3749997618575739,4.649090969379207,4.970302987181426,0.0,0.0,,,,,3.2161320008882574e-31,0.4468047618865967,ok
A_rhoB0.6,0.6,0.37499999999999994,0.1,0.5623413251903491,0.1778279410038923,0.6,20,200,5,1.0,base,Base,fine,0.001539926526059492,0,1.0,False,False,5.700219228582631e-07,9.002320768748774e-07,40.17017725063828,7.499993248259421,7.781881903664272,0.1198352636611492,4.5982895844151574,37.49996624129712,1.0712056910174113,0.37499966241297106,4.620402298795711,4.949401237259895,0.0,0.0,,,,,2.499169726568459e-30,0.383190393447876,ok
A_rhoB0.6,0.6,0.37499999999999994,0.1,0.5623413251903491,0.1778279410038923,0.6,20,200,5,1.0,base,Base,fine,0.0017782794100389228,0,1.0,False,False,8.10135660953318e-07,1.2792434964560897e-06,40.26003393787217,7.499990405673781,7.629805491566863,0.13567926008255302,4.7345248426768025,37.49995202836892,1.073602278408656,0.37499952028368905,4.592051642162652,4.930037105596034,0.0,0.0,,,,,1.874697506264613e-29,0.38417744636535645,ok
A_rhoB0.6,0.6,0.37499999999999994,0.1,0.5623413251903491,0.1778279410038923,0.6,20,200,5,1.0,base,Base,fine,0.002053525026457146,0,1.0,False,False,1.1538880938945392e-06,1.8217509047768949e-06,40.36186306661939,7.499986336868209,7.476214511021053,0.15352593601543826,4.870273216095301,37.49993168434105,1.076318309227038,0.3749993168434104,4.564111823471011,4.912437120961452,0.0,0.0,,,,,1.3559262589598812e-28,0.41747379302978516,ok
A_rhoB0.6,0.6,0.37499999999999994,0.1,0.5623413251903491,0.1778279410038923,0.6,20,200,5,1.0,base,Base,fine,0.0023713737056616554,0,1.0,False,False,1.6465663059033595e-06,2.5991506447663604e-06,40.477236728303545,7.499980506370146,7.3210686473024005,0.17360989687556766,5.0053409494518855,37.49990253185083,1.079395784933678,0.37499902531850726,4.536661753819977,4.89685357474311,0.0,0.0,,,,,9.444843155414012e-28,0.42377305030822754,ok
A_rhoB0.6,0.6,0.37499999999999994,0.1,0.5623413251903491,0.1778279410038923,0.6,20,200,5,1.0,base,Base,fine,0.0027384196342643613,0,1.0,False,False,2.3531722691739804e-06,3.713896208428851e-06,40.607928409340374,7.499972145778386,7.164317509157807,0.19618907733181623,5.139521267731991,37.49986072889219,1.0828821126275154,0.3749986072889193,4.5097867549208654,4.883567408668294,0.0,0.0,,,,,6.328249996595188e-27,0.40039920806884766,ok
A_rhoB0.6,0.6,0.37499999999999994,0.1,0.5623413251903491,0.1778279410038923,0.6,20,200,5,1.0,base,Base,fine,0.003651741272548377,0,1.0,False,False,4.820127813578206e-06,7.604524111108565e-06,40.92350975928239,7.499942966069141,6.845742542317596,0.2499888058302155,5.404325685783047,37.49971483034583,1.0913018924124172,0.37499714830345704,4.458136716235062,4.865173035060602,0.0,0.0,,,,,2.5161915138628635e-25,0.4332847595214844,ok
A_rhoB0.6,0.6,0.37499999999999994,0.1,0.5623413251903491,0.1778279410038923,0.6,20,200,5,1.0,base,Base,fine,0.004216965034285823,0,1.0,False,False,6.9017933741901585e-06,1.08865093954989e-05,41.113172488656005,7.499918351179523,6.683760448975473,0.28185184110871847,5.534469358736285,37.49959175589765,1.0963632019324594,0.37499591755897616,4.433566109060012,4.86079873530827,0.0,0.0,,,,,1.489599739017527e-24,0.3747437000274658,ok
A_rhoB0.6,0.6,0.37499999999999994,0.1,0.5623413251903491,0.1778279410038923,0.6,20,200,5,1.0,base,Base,fine,0.004869675251658631,0,1.0,False,False,9.877951201008933e-06,1.5577682206939987e-05,41.32775107011447,7.499883167383431,6.519855577889799,0.31749579352038115,5.66276546120639,37.49941583691725,1.1020905298857568,0.37499415836917155,4.409979321825619,4.860196447576027,0.0,0.0,,,,,8.442037932270095e-24,0.3730580806732178,ok
A_rhoB0.6,0.6,0.37499999999999994,0.1,0.5623413251903491,0.1778279410038923,0.6,20,200,5,1.0,base,Base,fine,0.005623413251903491,0,1.0,False,False,1.4121690693547225e-05,2.2265260835866636e-05,41.570397542826754,7.499833010543678,6.353917442392883,0.3573070354705272,5.788942511592911,37.499165052718645,1.1085686170447933,0.37499165052718386,4.387495042494947,4.863839311549509,0.0,0.0,,,,,4.5750053497374507e-23,0.37845802307128906,ok
A_rhoB0.6,0.6,0.37499999999999994,0.1,0.5623413251903491,0.1778279410038923,0.6,20,200,5,1.0,base,Base,fine,0.006493816315762113,0,1.0,False,False,2.0151396730937345e-05,3.176486907436354e-05,41.84460948109192,7.4997617634819145,6.185823805083957,0.4016960355188377,5.912718395915292,37.49880881740966,1.115891698982839,0.37498808817409574,4.366237723809583,4.872248431784839,0.0,0.0,,,,,2.368346587114189e-22,0.38475608825683594,ok
A_rhoB0.6,0.6,0.37499999999999994,0.1,0.5623413251903491,0.1778279410038923,0.6,20,200,5,1.0,base,Base,fine,0.007498942093324558,0,1.0,False,False,2.867991373901861e-05,4.5197679378542424e-05,42.154242375974356,7.499661017404619,6.015442431042274,0.45109454456113357,6.033802006991973,37.49830508702335,1.1241639396272938,0.3749830508702309,4.346336703321848,4.885994991352993,0.0,0.0,,,,,1.1700023086102352e-21,0.41385793685913086,ok
A_rhoB0.6,0.6,0.37499999999999994,0.1,0.5623413251903491,0.1778279410038923,0.6,20,200,5,1.0,base,Base,fine,0.008659643233600654,0,1.0,False,False,4.067568862487972e-05,6.408627749480943e-05,42.50351032734065,7.499519352918755,5.8426341239534265,0.5059512705789752,6.151895252548844,37.49759676459395,1.133499583831287,0.37497596764593777,4.327924991777082,4.905701177032348,0.0,0.0,,,,,5.5110955334951154e-21,0.3842442035675049,ok
A_rhoB0.6,0.6,0.37499999999999994,0.1,0.5623413251903491,0.1778279410038923,0.6,20,200,5,1.0,base,Base,fine,0.01,0,1.0,False,False,5.743612410032833e-05,9.046956402494761e-05,42.89696974345498,7.499321478269818,5.667257400930784,0.5667257400930781,6.266695380706321,37.496607391349016,1.1440226923930163,0.3749660739134909,4.311137695721255,4.932039353936055,0.0,0.0,,,,,2.4732721002605386e-20,0.40312981605529785,ok
A_rhoB0.6,0.6,0.37499999999999994,0.1,0.5623413251903491,0.1778279410038923,0.6,20,200,5,1.0,base,Base,fine,0.011547819846894581,0,1.0,False,False,8.067168894705712e-05,0.0001270343517434774,43.33947986528892,7.4990472423619625,5.489175165699819,0.6338800592154914,6.377897532722727,37.495236211809654,1.1558662978002134,0.3749523621180981,4.296110054126981,4.965728823206028,0.0,0.0,,,,,1.0568652798474356e-19,0.37464237213134766,ok
A_rhoB0.6,0.6,0.37499999999999994,0.1,0.5623413251903491,0.1778279410038923,0.6,20,200,5,1.0,predictive,P2 only,fine,0.00022603030271419193,0,30.0,False,False,1.4744851521994351e-05,2.3242399949239497e-05,41.405146000258135,7.499825682000367,6.502084433981449,0.32810814197615334,5.66998174204203,37.49912841000199,1.1041628900690479,0.37499128410001836,4.4099387824316985,4.869290751037362,0.0,0.0,0.032810814197615334,1.1294538097943854,0.03281081419761551,,0.0,0.9474525451660156,ok
A_rhoB0.6,0.6,0.37499999999999994,0.1,0.5623413251903491,0.1778279410038923,0.6,20,200,5,1.0,predictive,P2 only,fine,0.0002872984833353666,0,30.0,False,False,2.7530783924699276e-05,4.3378586654725426e-05,41.866120102198934,7.4996746606000695,6.215570581268446,0.4018945347897095,5.882860223341774,37.498373303000506,1.1164783006426824,0.3749837330300035,4.372990122369836,4.88234858055071,0.0,0.0,0.04018945347897095,1.2609897246228734,0.04018945347897104,,0.0,1.0138800144195557,ok
A_rhoB0.6,0.6,0.37499999999999994,0.1,0.5623413251903491,0.1778279410038923,0.6,20,200,5,1.0,predictive,P2 only,fine,0.0003651741272548377,0,30.0,False,False,5.0727511493231875e-05,7.989216671061377e-05,42.435991295827826,7.4994008087496695,5.922304810903716,0.4905893534136675,6.087705026932946,37.49700404374827,1.1317168498666499,0.3749700404374835,4.340077398852318,4.911738722006589,0.0,0.0,0.04905893534136675,1.3942150523883914,0.04905893534136672,,0.0,0.965083122253418,ok
A_rhoB0.6,0.6,0.37499999999999994,0.1,0.5623413251903491,0.1778279410038923,0.6,20,200,5,1.0,predictive,P2 only,fine,0.00046415888336127773,0,30.0,False,False,9.177924980135655e-05,0.00014447634241134796,43.13744803395132,7.498916427431929,5.621628017137,0.5964293338342745,6.2830262215967965,37.49458213715945,1.1504981673392072,0.3749458213715965,4.311859920450768,4.9607869363019885,0.0,0.0,0.05964293338342746,1.5255588432143905,0.05964293338342732,,0.0,1.0677735805511475,ok
A_rhoB0.6,0.6,0.37499999999999994,0.1,0.5623413251903491,0.1778279410038923,0.6,20,200,5,1.0,predictive,P2 only,fine,0.0005899746255923565,0,30.0,False,False,0.0001622455998675518,0.0002552732282907587,43.995297244114866,7.498085450787816,5.312951993495951,0.7216237215062314,6.467338834210001,37.49042725393898,1.1735074915555261,0.3749042725393908,4.288984468907881,5.0331554054286975,0.0,0.0,0.07216237215062314,1.6510586051949148,0.07216237215062293,,0.0,1.0283195972442627,ok
A_rhoB0.6,0.6,0.37499999999999994,0.1,0.5623413251903491,0.1778279410038923,0.6,20,200,5,1.0,predictive,P1 only (protect),fine,0.001211527658628589,10,1.0,True,True,3.1825572064926984e-07,5.027467948611209e-07,40.04330421994287,7.499996229399048,8.03205731361771,0.09731014607161073,4.370636310911632,37.4999811469952,1.0678219827092224,0.37499981146995237,4.6683709963138496,4.984989173306083,5.062805846397019e-07,5.32497658942137e-07,0.009731014607161075,0.5184632575105536,0.009731014607161085,,0.0,1.1969258785247803,ok
A_rhoB0.6,0.6,0.37499999999999994,0.1,0.5623413251903491,0.1778279410038923,0.6,20,200,5,1.0,predictive,P1 only (protect),fine,0.0019573417814876598,10,1.0,True,True,1.0143469335319291e-06,1.6015782791258315e-06,40.32638682577952,7.499987988162909,7.52758363257779,0.14733451412340068,4.8250938651359006,37.49993994081455,1.0753720376466176,0.3749993994081454,4.573372850915565,4.9180772816067915,6.608197586838887e-06,7.157701138287419e-06,0.014733451412340068,0.6959278150610462,0.014733451412340077,,0.0,1.2718191146850586,ok
A_rhoB0.6,0.6,0.37499999999999994,0.1,0.5623413251903491,0.1778279410038923,0.6,20,200,5,1.0,predictive,P1 only (protect),fine,0.00510896977450693,10,1.0,True,True,1.026156438618952e-05,1.6184142625139868e-05,41.39824610474776,7.499878618930297,6.4650551301181665,0.3299065549717092,5.7051596959798285,37.49939309465146,1.1039710962856195,0.37499393094651484,4.402281486376773,4.859991518673253,0.0003887477396696732,0.00047097676800968364,0.032990655497170916,1.1655768198129957,0.03299065549717096,,0.0,1.1277403831481934,ok
A_rhoB0.6,0.6,0.37499999999999994,0.1,0.5623413251903491,0.1778279410038923,0.6,20,200,5,1.0,predictive,P1 only (protect),fine,0.00825404185268019,10,1.0,True,True,3.131228960599989e-05,4.9350474569677725e-05,42.34821724943971,7.499629871440722,5.902077331933808,0.4852647981995956,6.113027998425875,37.498149357203644,1.129341526858694,0.3749814935720361,4.3335985190476505,4.894112768293849,0.0017317321454275406,0.0023084891020659377,0.04852647981995956,1.440484576994218,0.04852647981995958,,0.0,1.197225570678711,ok
A_rhoB0.6,0.6,0.37499999999999994,0.1,0.5623413251903491,0.1778279410038923,0.6,20,200,5,1.0,predictive,P1+P2 (protect),fine,0.00022603030271419193,10,30.0,True,True,1.3630820690624178e-05,2.148974620380535e-05,41.39728466789819,7.4998388269034475,6.502326232036998,0.32810037564972033,5.669734565409835,37.49919413451728,1.10395131477753,0.3749919413451724,4.409995351408702,4.868420166350432,0.0006905626694282927,0.0008818676882674519,0.032810037564972035,1.1284288368146342,0.03281003756497198,,0.0,1.1329305171966553,ok
A_rhoB0.6,0.6,0.37499999999999994,0.1,0.5623413251903491,0.1778279410038923,0.6,20,200,5,1.0,predictive,P1+P2 (protect),fine,0.0002872984833353666,10,30.0,True,True,2.4847993002375403e-05,3.915904637994852e-05,41.848947848082524,7.4997063071521435,6.216154540981994,0.40188851359872946,5.882250638267133,37.498531535760804,1.116015644723925,0.37498531535760715,4.373131491296959,4.880483160722275,0.0014442193538760195,0.0019451852731922482,0.04018885135987295,1.2587961152027176,0.04018885135987303,,0.0,1.2509269714355469,ok
A_rhoB0.6,0.6,0.37499999999999994,0.1,0.5623413251903491,0.1778279410038923,0.6,20,200,5,1.0,predictive,P1+P2 (protect),fine,0.0003651741272548377,10,30.0,True,True,4.4730203545907567e-05,7.046256934434842e-05,42.401553611005234,7.4994715307299105,5.923550088604341,0.49060380695613265,6.086374573709617,37.497357653649665,1.1307877745054453,0.37497357653649555,4.340390342851274,4.908060336277718,0.002757392084642939,0.003950265396745226,0.04906038069561327,1.3899234743352564,0.049060380695613234,,0.0,1.221107006072998,ok
A_rhoB0.6,0.6,0.37499999999999994,0.1,0.5623413251903491,0.1778279410038923,0.6,20,200,5,1.0,predictive,P1+P2 (protect),fine,0.00046415888336127773,10,30.0,True,True,7.93043041499753e-05,0.00012486929530178468,43.07380061254897,7.499063480285237,5.624001880574817,0.5965142900283619,6.280420349111584,37.495317401426114,1.1487781301168738,0.37495317401426187,4.312482666317618,4.954085773573784,0.004827296824367685,0.00741889303345301,0.05965142900283619,1.5178512592565685,0.05965142900283616,,0.0,1.275515079498291,ok
A_rhoB0.6,0.6,0.37499999999999994,0.1,0.5623413251903491,0.1778279410038923,0.6,20,200,5,1.0,predictive,P1+P2 (protect),fine,0.0005899746255923565,10,30.0,True,True,0.00013804122649367602,0.00021724708468750227,43.886390696505956,7.498370646864855,5.317037916988073,0.721885457192831,6.462705978954239,37.491853234324246,1.1705580522311294,0.3749185323432428,4.290111839621114,5.021824958840599,0.007792716852650047,0.012952962133720741,0.07218854571928311,1.6382836505515481,0.0721885457192831,,0.0,1.1720530986785889,ok
A_rhoB0.6,0.6,0.37499999999999994,0.1,3.1622776601683795,0.03162277660168379,0.6,20,200,5,1.0,base,Base,coarse,3.1622776601683795e-05,0,1.0,False,False,2.4526118203811965e-10,3.9170771072904444e-10,39.528022549887645,7.49999999706217,11.50984109979482,0.0036397313381969056,0.9865191718048151,37.49999998531098,1.0540806017432283,0.3749999998531085,5.417700499104483,5.7106930021606415,0.0,0.0,,,,,2.3949991742590704e-54,0.38176703453063965,ok
A_rhoB0.6,0.6,0.37499999999999994,0.1,3.1622776601683795,0.03162277660168379,0.6,20,200,5,1.0,base,Base,coarse,0.0001333521432163324,0,1.0,False,False,3.402946680941567e-09,5.433973910358819e-09,39.58611714986124,7.499999959245186,10.460606589628322,0.013949443080698261,2.025444008045793,37.499999796225985,1.055629796399231,0.3749999979622593,5.18488201562756,5.473315946510955,0.0,0.0,,,,,5.3927810642725166e-43,0.37534117698669434,ok
A_rhoB0.6,0.6,0.37499999999999994,0.1,3.1622776601683795,0.03162277660168379,0.6,20,200,5,1.0,base,Base,coarse,0.0005623413251903491,0,1.0,False,False,1.118376896999389e-07,1.785392802029409e-07,39.796457356591546,7.4999986609553595,9.140828509433941,0.05140265617332782,3.3077701734373717,37.49999330477697,1.0612390523152984,0.37499993304776796,4.901237089000228,5.201384203503193,0.0,0.0,,,,,8.238852432361102e-33,0.40575218200683594,ok
A_rhoB0.6,0.6,0.37499999999999994,0.1,3.1622776601683795,0.03162277660168379,0.6,20,200,5,1.0,base,Base,coarse,0.0023713737056616554,0,1.0,False,False,8.87785824073221e-06,1.4166221695239606e-05,40.5627166238307,7.499893753337265,7.58267657346437,0.17981359844849956,4.737616074749865,37.4994687666864,1.0816877667308615,0.3749946876668632,4.597977212979092,4.973575702986746,0.0,0.0,,,,,1.783872227410463e-24,0.4221782684326172,ok
A_rhoB0.6,0.6,0.37499999999999994,0.1,3.1622776601683795,0.03162277660168379,0.6,20,200,5,1.0,base,Base,coarse,0.01,0,1.0,False,False,0.0004105300297799148,0.0006547143827138803,43.37407913053945,7.495089642129627,5.59963165930913,0.5599631659309137,6.3453155326303285,37.475448210648175,1.157399876493412,0.3747544821064813,4.29174846153483,4.9672691393212025,0.0,0.0,,,,,1.5724772296459394e-18,0.43576860427856445,ok
A_rhoB0.6,0.6,0.37499999999999994,0.1,3.1622776601683795,0.03162277660168379,0.6,20,200,5,1.0,base,Base,coarse,0.042169650342858224,0,1.0,False,False,0.00331984230906374,0.0052919947664813345,50.193237470366924,7.460310039251375,3.1757393284561637,1.3391981706106015,8.02475246168186,37.301550196256954,1.3456072792225025,0.3730155019625688,4.024847780371675,5.415864471030658,0.0,0.0,,,,,1.1051953391002246e-14,0.39971208572387695,ok
A_rhoB0.6,0.6,0.37499999999999994,0.1,3.1622776601683795,0.03162277660168379,0.6,20,200,5,1.0,base,Base,coarse,0.1778279410038923,0,1.0,False,False,0.007981490152537468,0.012717866238144306,58.82046285019226,7.404616003213932,1.3630902667159939,2.423955355325511,8.808338374744565,37.02308001606958,1.5887512012685518,0.3702308001606966,4.002843066471587,6.359521730346227,0.0,0.0,,,,,4.374405858747997e-15,0.37964296340942383,ok
A_rhoB0.6,0.6,0.37499999999999994,0.1,3.1622776601683795,0.03162277660168379,0.6,20,200,5,1.0,base,Base,coarse,0.7498942093324559,0,1.0,False,False,0.011601204860194989,0.01847991234753917,67.18413133317472,7.361400657393468,0.48012630034996845,3.6004393238065675,8.558033718449996,36.807003286967294,1.8253083743159124,0.36807003286967344,4.229743327974938,7.720585917759511,0.0,0.0,,,,,1.0397588148153497e-18,0.3774275779724121,ok
A_rhoB0.6,0.6,0.37499999999999994,0.1,3.1622776601683795,0.03162277660168379,0.6,20,200,5,1.0,base,Base,coarse,3.1622776601683795,0,1.0,False,False,0.01378708966647016,0.021958511149804037,73.27852119761013,7.335311166376463,0.14106235444790186,4.460783321613523,8.062843157562112,36.676555831882354,1.997966263067435,0.3667655583188231,4.466917580009667,8.924750624762146,0.0,0.0,,,,,1.8189309387991737e-24,0.4211289882659912,ok
A_rhoB0.6,0.6,0.37499999999999994,0.1,3.1622776601683795,0.03162277660168379,0.6,20,200,5,1.0,predictive,Check,check,0.01,0,1.0,False,False,0.0004105300297799148,0.0006547143827138803,43.374079130539485,7.495089642129638,5.599631659309137,0.5599631659309144,6.34531553263031,37.4754482106482,1.157399876493412,0.3747544821064819,4.291748461534836,4.9672691393212105,0.0,0.0,0.05599631659309145,1.2899697939449724,0.05599631659309138,2.9394514296077734e-15,0.0,0.9486589431762695,ok
A_rhoB0.6,0.6,0.37499999999999994,0.1,3.1622776601683795,0.03162277660168379,0.6,20,200,5,1.0,predictive,P2 only,coarse,3.1622776601683795e-05,0,3.0,False,False,1.149629691238704e-09,1.8358953577022265e-09,39.554050926063184,7.499999986230786,10.918773596717136,0.008236679666424478,1.5729897373856527,37.499999931153894,1.0547746932981417,0.37499999931153927,5.286091119780258,5.575635139612252,0.0,0.0,0.0008236679666424479,0.07160642919442807,0.0008236679666424481,,0.0,1.0063960552215576,ok
A_rhoB0.6,0.6,0.37499999999999994,0.1,3.1622776601683795,0.03162277660168379,0.6,20,200,5,1.0,predictive,P2 only,coarse,0.0001333521432163324,0,3.0,False,False,3.138147960999551e-08,5.010225669698315e-08,39.68354681221058,7.499999624233065,9.680994765368782,0.031344829484437335,2.787660780913715,37.499998121165376,1.0582279680118913,0.37499998121165323,5.015551134838719,5.307596485880113,0.0,0.0,0.0031344829484437338,0.2198005475565763,0.003134482948443734,,0.0,0.9176943302154541,ok
A_rhoB0.6,0.6,0.37499999999999994,0.1,3.1622776601683795,0.03162277660168379,0.6,20,200,5,1.0,predictive,P2 only,coarse,0.0005623413251903491,0,3.0,False,False,2.4933210879126118e-06,3.979025422015557e-06,40.16485471908511,7.499970157309332,8.207964961662178,0.114270914116592,4.177793966911899,37.49985078654667,1.0710670543119742,0.3749985078654666,4.714420757806166,5.049460753850675,0.0,0.0,0.0114270914116592,0.5653331267991765,0.011427091411659202,,0.0,1.1468496322631836,ok
A_rhoB0.6,0.6,0.37499999999999994,0.1,3.1622776601683795,0.03162277660168379,0.6,20,200,5,1.0,predictive,P2 only,coarse,0.0023713737056616554,0,3.0,False,False,0.0001743751282996177,0.0002781281918560541,42.01188538705932,7.49791403856108,6.4141460269076855,0.3788839593305562,5.709055975200677,37.48957019280535,1.1206286220673143,0.374895701928054,4.408472885165349,4.940260894723962,0.0,0.0,0.037888395933055624,1.0351142816680232,0.037888395933055576,,0.0,0.9478058815002441,ok
A_rhoB0.6,0.6,0.37499999999999994,0.1,3.1622776601683795,0.03162277660168379,0.6,20,200,5,1.0,predictive,P2 only,coarse,0.01,0,3.0,False,False,0.002224487116811961,0.003546300397593462,47.36811513425565,7.473402747018068,4.116781445507685,0.9859213478806064,7.423894459593642,37.36701373509029,1.2676451875460848,0.3736701373509034,4.109233165929191,5.2090496472949015,0.0,0.0,0.09859213478806064,1.3009992416963452,0.09859213478806061,,0.0,0.9531927108764648,ok
A_rhoB0.6,0.6,0.37499999999999994,0.1,3.1622776601683795,0.03162277660168379,0.6,20,200,5,1.0,predictive,P2 only,coarse,0.042169650342858224,0,3.0,False,False,0.006751941396692426,0.010759552515417234,54.946568380658846,7.4193033561343675,2.0505784847135557,1.8805511773417665,8.64956698181031,37.096516780671834,1.481178642876986,0.3709651678067184,3.9591452067059185,5.864201324221597,0.0,0.0,0.18805511773417666,1.7678932665826634,0.1880551177341764,,0.0,0.9606807231903076,ok
A_rhoB0.6,0.6,0.37499999999999994,0.1,3.1622776601683795,0.03162277660168379,0.6,20,200,5,1.0,predictive,P2 only,coarse,0.1778279410038923,0,3.0,False,False,0.010573629050373396,0.016843582186705352,62.50036968859578,7.373673133599694,0.8553479203371155,2.960086614108536,8.810892331954653,36.868365667998454,1.6952302755000006,0.3686836566799847,4.078243216596349,6.9135613716266375,0.0,0.0,0.29600866141085364,2.5422294579620024,0.29600866141085397,,0.0,1.0015220642089844,ok
A_rhoB0.6,0.6,0.37499999999999994,0.1,3.1622776601683795,0.03162277660168379,0.6,20,200,5,1.0,predictive,P2 only,coarse,0.7498942093324559,0,3.0,False,False,0.012823084055698675,0.02042253538074078,69.45129583206553,7.346830984644445,0.29782773921563804,3.985976936576057,8.36936433956386,36.7341549232222,1.8906463474449104,0.36734154923222223,4.328095486254662,8.18289792248018,0.0,0.0,0.3985976936576057,3.0882620370968326,0.3985976936576065,,0.0,0.9961624145507812,ok
A_rhoB0.6,0.6,0.37499999999999994,0.1,3.1622776601683795,0.03162277660168379,0.6,20,200,5,1.0,predictive,P2 only,coarse,3.1622776601683795,0,3.0,False,False,0.014143008700054915,0.022523939608334587,74.23334165532597,7.331070452937478,0.08641717537194865,4.634423585492758,7.948088786197815,36.65535226468737,2.025170597714868,0.3665535226468739,4.518281126326807,9.150290089247067,0.0,0.0,0.46344235854927585,3.33615517974092,0.4634423585492796,,0.0,1.0076146125793457,ok
A_rhoB0.6,0.6,0.37499999999999994,0.1,3.1622776601683795,0.03162277660168379,0.6,20,200,5,1.0,predictive,P2 only,coarse,3.1622776601683795e-05,0,10.0,False,False,1.461901836900389e-08,2.3341348684091756e-08,39.63838512665055,7.4999998249398665,9.98538629724927,0.02328744309723037,2.491326434713633,37.499999124699514,1.0570236280497025,0.37499999124699335,5.081188871060456,5.370936695294095,0.0,0.0,0.0023287443097230374,0.1723949499969282,0.0023287443097230374,,0.0,0.9283576011657715,ok
A_rhoB0.6,0.6,0.37499999999999994,0.1,3.1622776601683795,0.03162277660168379,0.6,20,200,5,1.0,predictive,P2 only,coarse,0.0001333521432163324,0,10.0,False,False,1.0607505524306558e-06,1.6929614489101912e-06,40.00098922470402,7.499987302789134,8.56144290676662,0.0865834379750553,3.8519863524691917,37.49993651394562,1.0666948518653705,0.3749993651394567,4.783757649564188,5.102809657361704,0.0,0.0,0.008658343797505531,0.46513403314881263,0.008658343797505552,,0.0,0.9181075096130371,ok
A_rhoB0.6,0.6,0.37499999999999994,0.1,3.1622776601683795,0.03162277660168379,0.6,20,200,5,1.0,predictive,P2 only,coarse,0.0005623413251903491,0,10.0,False,False,9.163356182560577e-05,0.0001461684165177049,41.40564187742067,7.498903736876121,6.8693453293957445,0.29644587334211886,5.335305060386015,37.49451868438052,1.1043118655812867,0.37494518684380607,4.480537420617581,4.947910637768967,0.0,0.0,0.029644587334211887,0.9123024903389667,0.02964458733421179,,0.0,1.0000817775726318,ok
A_rhoB0.6,0.6,0.37499999999999994,0.1,3.1622776601683795,0.03162277660168379,0.6,20,200,5,1.0,predictive,P2 only,coarse,0.0023713737056616554,0,10.0,False,False,0.0016102614791334209,0.002567283704230966,45.90074330413247,7.480745372218271,4.730084687872519,0.8129306923948948,6.976239247514315,37.403726861091414,1.2271703157975933,0.3740372686109136,4.185306671341044,5.136084109579363,0.0,0.0,0.08129306923948948,1.1408272801039447,0.08129306923948959,,0.0,0.9221255779266357,ok
A_rhoB0.6,0.6,0.37499999999999994,0.1,3.1622776601683795,0.03162277660168379,0.6,20,200,5,1.0,predictive,P2 only,coarse,0.01,0,10.0,False,False,0.005897203633761637,0.009398082482735005,52.8964708433865,7.4295143813794775,2.6616195791953,1.59649868618733,8.312367353237894,37.14757190689738,1.4239550023877856,0.37147571906897386,3.9940298307752773,5.687318757218497,0.0,0.0,0.159649868618733,1.3587205408734526,0.15964986861873284,,0.0,1.2077174186706543,ok
A_rhoB0.6,0.6,0.37499999999999994,0.1,3.1622776601683795,0.03162277660168379,0.6,20,200,5,1.0,predictive,P2 only,coarse,0.042169650342858224,0,10.0,False,False,0.009981556986705902,0.01590114435927286,59.48424979170115,7.380741417305434,1.338510881461964,2.5051630240791036,8.7755846771535,36.90370708652725,1.6118773556334014,0.3690370708652717,4.018854344599,6.477900313648043,0.0,0.0,0.2505163024079104,1.9596847694212318,0.25051630240791045,,0.0,0.9393308162689209,ok
A_rhoB0.6,0.6,0.37499999999999994,0.1,3.1622776601683795,0.03162277660168379,0.6,20,200,5,1.0,predictive,P2 only,coarse,0.1778279410038923,0,10.0,False,False,0.012280927468214629,0.019558797459429036,65.44076563104619,7.353309019054283,0.5951604122657301,3.441134235526703,8.610396333153282,36.76654509527152,1.7798997828453131,0.36766545095271413,4.192755821939561,7.462685176993647,0.0,0.0,0.34411342355267033,2.708575369931707,0.3441134235526716,,0.0,0.9591567516326904,ok
A_rhoB0.6,0.6,0.37499999999999994,0.1,3.1622776601683795,0.03162277660168379,0.6,20,200,5,1.0,predictive,P2 only,coarse,0.7498942093324559,0,10.0,False,False,0.013415496955681538,0.02136395125222444,70.79716856662061,7.33977036560833,0.21856803641065162,4.223571847385925,8.218089750595093,36.698851828041526,1.9291385163315824,0.3669885182804165,4.396891731439386,8.482213191259579,0.0,0.0,0.4223571847385925,3.200594649798244,0.42235718473859163,,0.0,0.9785671234130859,ok
A_rhoB0.6,0.6,0.37499999999999994,0.1,3.1622776601683795,0.03162277660168379,0.6,20,200,5,1.0,predictive,P2 only,coarse,3.1622776601683795,0,10.0,False,False,0.014271178852942826,0.022727621473529715,74.6392707226059,7.329542838948542,0.0655272660752018,4.708639882315612,7.896290012660645,36.64771419474265,2.036669199229713,0.3664771419474271,4.540898104440269,9.248307306154084,0.0,0.0,0.4708639882315613,3.393337133203502,0.47086398823155984,,0.0,0.9718856811523438,ok
A_rhoB0.6,0.6,0.37499999999999994,0.1,3.1622776601683795,0.03162277660168379,0.6,20,200,5,1.0,predictive,P2 only,coarse,3.1622776601683795e-05,0,30.0,False,False,3.411542365562188e-07,5.445443445743114e-07,39.85994324560773,7.49999591591742,8.9469638361444,0.06235460962974358,3.4906856383084364,37.499979579587084,1.062932398696699,0.374999795795871,4.861620228463366,5.167573650992959,0.0,0.0,0.006235460962974358,0.36852401800199985,0.006235460962974372,,0.0,0.9700286388397217,ok
A_rhoB0.6,0.6,0.37499999999999994,0.1,3.1622776601683795,0.03162277660168379,0.6,20,200,5,1.0,predictive,P2 only,coarse,0.0001333521432163324,0,30.0,False,False,3.467812548175206e-05,5.5323766621352044e-05,40.85865601525404,7.499585071750337,7.341050801010127,0.22013383353929786,4.939230293700238,37.497925358751715,1.0896244425351378,0.3749792535875168,4.558512882109069,4.967067057957339,0.0,0.0,0.022013383353929786,0.7964413606873457,0.022013383353929817,,0.0,1.0242831707000732,ok
A_rhoB0.6,0.6,0.37499999999999994,0.1,3.1622776601683795,0.03162277660168379,0.6,20,200,5,1.0,predictive,P2 only,coarse,0.0005623413251903491,0,30.0,False,False,0.0009593849979480728,0.0015297438453539213,44.40212745869847,7.4885269211598455,5.338679039080481,0.6476130103235915,6.525181029436081,37.44263460579916,1.185870810806177,0.3744263460579923,4.26336781850723,5.0558034516981305,0.0,0.0,0.06476130103235915,1.0819587250116167,0.0647613010323589,,0.0,0.931614875793457,ok
A_rhoB0.6,0.6,0.37499999999999994,0.1,3.1622776601683795,0.03162277660168379,0.6,20,200,5,1.0,predictive,P2 only,coarse,0.0023713737056616554,0,30.0,False,False,0.004735893217701257,0.007548079018580628,51.00494355371848,7.443389407360642,3.238954780702309,1.3647779924253038,7.952877819511746,37.216947036803354,1.3704762914400357,0.3721694703680321,4.042364110040592,5.53996417417873,0.0,0.0,0.1364777992425304,1.1841934605315487,0.1364777992425306,,0.0,1.0111467838287354,ok
A_rhoB0.6,0.6,0.37499999999999994,0.1,3.1622776601683795,0.03162277660168379,0.6,20,200,5,1.0,predictive,P2 only,coarse,0.01,0,30.0,False,False,0.009132283389040227,0.014549416284682844,57.43124462390831,7.390879377864888,1.8507669658885382,2.1904452836643,8.567908372582274,36.95439688932446,1.5541112684347258,0.36954396889324437,4.019897264542608,6.247367636775596,0.0,0.0,0.21904452836643,1.5293351142758118,0.21904452836642962,,0.0,0.9361438751220703,ok
A_rhoB0.6,0.6,0.37499999999999994,0.1,3.1622776601683795,0.03162277660168379,0.6,20,200,5,1.0,predictive,P2 only,coarse,0.042169650342858224,0,30.0,False,False,0.011855506627352111,0.018882096452586306,62.57409537308442,7.358384276605604,1.0298582552822881,2.994985631266991,8.616771836845116,36.7919213830281,1.7007563894705833,0.3679192138302802,4.124983682054559,7.015592353716184,0.0,0.0,0.2994985631266991,2.1232760890050226,0.29949856312670087,,0.0,1.0682048797607422,ok
A_rhoB0.6,0.6,0.37499999999999994,0.1,3.1622776601683795,0.03162277660168379,0.6,20,200,5,1.0,predictive,P2 only,coarse,0.1778279410038923,0,30.0,False,False,0.01300100181518473,0.0207032732407205,66.96482541086205,7.344725450694616,0.49953473515974334,3.7047802944371515,8.450959519708489,36.72362725347302,1.8234806967367054,0.3672362725347308,4.267082211889858,7.78094204476972,0.0,0.0,0.37047802944371516,2.819877541757395,0.37047802944371566,,0.0,1.0146262645721436,ok
A_rhoB0.6,0.6,0.37499999999999994,0.1,3.1622776601683795,0.03162277660168379,0.6,20,200,5,1.0,predictive,P2 only,coarse,0.7498942093324559,0,30.0,False,False,0.013599625377050648,0.02165659323055216,71.29657367299829,7.337575550770839,0.19323326964752485,4.312904452156301,8.156286727425334,36.68787775385426,1.94332782482923,0.3668787775385419,4.423938578333791,8.597162934611523,0.0,0.0,0.43129044521563015,3.2622546281874594,0.43129044521562865,,0.0,0.9626264572143555,ok
A_rhoB0.6,0.6,0.37499999999999994,0.1,3.1622776601683795,0.03162277660168379,0.6,20,200,5,1.0,predictive,P2 only,coarse,3.1622776601683795,0,30.0,False,False,0.01430533989257127,0.022781933958926154,74.75959576187135,7.32913549530805,0.05934993028863182,4.730633289194088,7.88088128520923,36.645677476540264,2.040065866151083,0.3664567747654025,4.5476204996710665,9.277445353587876,0.0,0.0,0.47306332891940883,3.414536880735,0.4730633289194111,,0.0,0.9543733596801758,ok
A_rhoB0.6,0.6,0.37499999999999994,0.1,3.1622776601683795,0.03162277660168379,0.6,20,200,5,1.0,predictive,P2 only,coarse,3.1622776601683795e-05,0,100.0,False,False,1.6914927226549228e-05,2.6987693834174428e-05,40.581944753935566,7.499797592296251,7.6370364755360916,0.1792698509233804,4.683896081244277,37.498987961481234,1.0822143999091691,0.37498987961481256,4.609999561744953,4.9890079092953465,0.0,0.0,0.017926985092338043,0.717810432691812,0.01792698509233804,,0.0,0.914525032043457,ok
A_rhoB0.6,0.6,0.37499999999999994,0.1,3.1622776601683795,0.03162277660168379,0.6,20,200,5,1.0,predictive,P2 only,coarse,0.0001333521432163324,0,100.0,False,False,0.0006343479936302584,0.0010115520257853133,43.53213595351499,7.492413359806601,5.719084095710317,0.5505367728723857,6.237965771610696,37.462066799032954,1.162032415003828,0.37462066799033006,4.314145133867744,5.013176488585348,0.0,0.0,0.05505367728723857,1.0509882504260142,0.05505367728723848,,0.0,0.9551348686218262,ok
A_rhoB0.6,0.6,0.37499999999999994,0.1,3.1622776601683795,0.03162277660168379,0.6,20,200,5,1.0,predictive,P2 only,coarse,0.0005623413251903491,0,100.0,False,False,0.003960446176365064,0.0063125945360331176,49.794014977731365,7.452655540979725,3.6000847034474623,1.2260508584513876,7.721208897121425,37.26327770489884,1.3362757665084617,0.37263277704898623,4.075155940139416,5.445532127551308,0.0,0.0,0.12260508584513877,1.1285921238057892,0.122605085845139,,0.0,0.9573843479156494,ok
A_rhoB0.6,0.6,0.37499999999999994,0.1,3.1622776601683795,0.03162277660168379,0.6,20,200,5,1.0,predictive,P2 only,coarse,0.0023713737056616554,0,100.0,False,False,0.008485041158129411,0.013519053644443484,56.29479931490296,7.398607097666669,2.170377707732476,2.0254004876954075,8.405614706905448,36.99303548833344,1.5217675049309416,0.3699303548833334,4.032849538276387,6.137059379624757,0.0,0.0,0.20254004876954076,1.3559123201682675,0.20254004876954027,,0.0,1.0572230815887451,ok
A_rhoB0.6,0.6,0.37499999999999994,0.1,3.1622776601683795,0.03162277660168379,0.6,20,200,5,1.0,predictive,P2 only,coarse,0.01,0,100.0,False,False,0.011532752115457836,0.01836881213713101,61.23135342216309,7.362233908971515,1.4145521233078422,2.7729435225801624,8.45027044514048,36.811169544857584,1.6633906007128463,0.36811169544857575,4.129729995107569,6.8693540573438385,0.0,0.0,0.27729435225801624,1.7233040084155633,0.27729435225801724,,0.0,0.962047815322876,ok
A_rhoB0.6,0.6,0.37499999999999994,0.1,3.1622776601683795,0.03162277660168379,0.6,20,200,5,1.0,predictive,P2 only,coarse,0.042169650342858224,0,100.0,False,False,0.012862637725028795,0.02048307382361749,64.596392412332,7.34637694632287,0.8889764071230087,3.3388466891293773,8.425799957424744,36.731884731614294,1.7585918306210777,0.3673188473161435,4.2179727921874015,7.417692494122741,0.0,0.0,0.3338846689129378,2.256366597141446,0.33388466891293955,,0.0,0.9691371917724609,ok
A_rhoB0.6,0.6,0.37499999999999994,0.1,3.1622776601683795,0.03162277660168379,0.6,20,200,5,1.0,predictive,P2 only,coarse,0.1778279410038923,0,100.0,False,False,0.013287491455105008,0.02115860048442127,67.69128116790388,7.341310496366832,0.46154881441198714,3.833118398317327,8.364022290903854,36.7065524818342,1.8441198257832518,0.3670655248183416,4.305481649768922,7.9398240698848515,0.0,0.0,0.3833118398317327,2.8989972377472077,0.38331183983173245,,0.0,0.9860320091247559,ok
A_rhoB0.6,0.6,0.37499999999999994,0.1,3.1622776601683795,0.03162277660168379,0.6,20,200,5,1.0,predictive,P2 only,coarse,0.7498942093324559,0,100.0,False,False,0.013660887093982192,0.021753999282512874,71.48171878049273,7.336845005381151,0.18398277489567,4.34605542457698,8.1331167951462,36.684225026905864,1.9485683213442513,0.36684225026905753,4.434041209878822,8.64003223710481,0.0,0.0,0.434605542457698,3.291999203702992,0.4346055424577001,,0.0,1.089998483657837,ok
A_rhoB0.6,0.6,0.37499999999999994,0.1,3.1622776601683795,0.03162277660168379,0.6,20,200,5,1.0,predictive,P2 only,coarse,3.1622776601683795,0,100.0,False,False,0.014316819674144905,0.02280018974242695,74.80174577818617,7.328998576931794,0.05716496633524471,4.738332942854902,7.875503513878058,36.644992884659004,2.041254203913382,0.3664499288465897,4.549971035235037,9.287647503357643,0.0,0.0,0.47383329428549026,3.4226091279623363,0.47383329428549004,,0.0,0.983001708984375,ok
A_rhoB0.6,0.6,0.37499999999999994,0.1,3.1622776601683795,0.03162277660168379,0.6,20,200,5,1.0,predictive,P2 only,coarse,3.1622776601683795e-05,0,1000.0,False,False,0.0022705731546604426,0.003619709386764412,47.02882210518203,7.472852179599267,4.42524651756386,0.9265719575100007,7.1753293453268725,37.36426089799628,1.2586578986151986,0.3736426089799633,4.156297998474538,5.231357304778518,0.0,0.0,0.09265719575100007,1.0911074356339703,0.09265719575100036,,0.0,1.067206621170044,ok
A_rhoB0.6,0.6,0.37499999999999994,0.1,3.1622776601683795,0.03162277660168379,0.6,20,200,5,1.0,predictive,P2 only,coarse,0.0001333521432163324,0,1000.0,False,False,0.0067581248031454546,0.01076923896256237,53.800525995700845,7.419230707780777,2.680933836494151,1.6952734870747364,8.204561968650335,37.09615353890396,1.4502993130885782,0.37096153538903887,4.031657789488818,5.847110522703849,0.0,0.0,0.16952734870747366,1.2173686832203066,0.16952734870747344,,0.0,0.9261484146118164,ok
A_rhoB0.6,0.6,0.37499999999999994,0.1,3.1622776601683795,0.03162277660168379,0.6,20,200,5,1.0,predictive,P2 only,coarse,0.0005623413251903491,0,1000.0,False,False,0.010538046015586356,0.01678651187531047,59.34073350921474,7.374101160935174,1.8096232704618758,2.470115238968243,8.346160329634708,36.870505804675865,1.6094363832049527,0.3687050580467587,4.10945777637264,6.613910860538649,0.0,0.0,0.2470115238968243,1.4742393447349877,0.24701152389682418,,0.0,0.9567852020263672,ok
A_rhoB0.6,0.6,0.37499999999999994,0.1,3.1622776601683795,0.03162277660168379,0.6,20,200,5,1.0,predictive,P2 only,coarse,0.0023713737056616554,0,1000.0,False,False,0.012494211584694218,0.01989749167341665,62.864896690814355,7.350768812449368,1.4383102522701954,3.043854788460827,8.16706614681961,36.75384406224684,1.7104305221610414,0.3675384406224684,4.232636114659344,7.239629999714463,0.0,0.0,0.3043854788460827,1.7037687085943662,0.3043854788460811,,0.0,0.9519398212432861,ok
A_rhoB0.6,0.6,0.37499999999999994,0.1,3.1622776601683795,0.03162277660168379,0.6,20,200,5,1.0,predictive,P2 only,coarse,0.01,0,1000.0,False,False,0.013170107703485959,0.020971728239976433,64.57865234885915,7.34271203820018,1.1765811586788568,3.3412383530876384,8.139468450033325,36.713560191000944,1.7589863803153682,0.367135601910009,4.28237425854044,7.532637996185757,0.0,0.0,0.3341238353087639,1.9591969309239745,0.3341238353087635,,0.0,0.9688212871551514,ok
A_rhoB0.6,0.6,0.37499999999999994,0.1,3.1622776601683795,0.03162277660168379,0.6,20,200,5,1.0,predictive,P2 only,coarse,0.042169650342858224,0,1000.0,False,False,0.013330809302608002,0.021227200584889954,65.78170813399721,7.3407959956133375,0.8246269049884035,3.5471627646503032,8.287414334747957,36.70397997806668,1.7922227554969956,0.36703979978066686,4.2796806689264475,7.670141081110583,0.0,0.0,0.35471627646503034,2.386998237832085,0.35471627646503,,0.0,0.9947445392608643,ok
A_rhoB0.6,0.6,0.37499999999999994,0.1,3.1622776601683795,0.03162277660168379,0.6,20,200,5,1.0,predictive,P2 only,coarse,0.1778279410038923,0,1000.0,False,False,0.013392976603703846,0.021326329878017646,68.00012740960726,7.340052525914887,0.4459799179198448,3.887880442900436,8.326087113264833,36.70026262957426,1.8528512478493968,0.3670026262957443,4.322085955338887,8.008182355662008,0.0,0.0,0.3887880442900436,2.9472991261224615,0.38878804429004366,,0.0,1.0004370212554932,ok
A_rhoB0.6,0.6,0.37499999999999994,0.1,3.1622776601683795,0.03162277660168379,0.6,20,200,5,1.0,predictive,P2 only,coarse,0.7498942093324559,0,1000.0,False,False,0.013683419850827029,0.021789836351465277,71.55343683356419,7.3365762273640085,0.18035751039573067,4.3588847063894125,8.124181555850848,36.68288113682014,1.950594790160662,0.36682881136820045,4.437945891927764,8.656634135809208,0.0,0.0,0.43588847063894126,3.30504549322929,0.4358884706389404,,0.0,0.9304280281066895,ok
A_rhoB0.6,0.6,0.37499999999999994,0.1,3.1622776601683795,0.03162277660168379,0.6,20,200,5,1.0,predictive,P2 only,coarse,3.1622776601683795,0,1000.0,False,False,0.014321171694631703,0.022807111210330216,74.81798748605868,7.328946665922519,0.0563190148247409,4.741299049752776,7.873435269499964,36.644733329612656,2.041711882935117,0.36644733329612594,4.550875878095881,9.291577358071144,0.0,0.0,0.4741299049752776,3.425819365143764,0.4741299049752767,,0.0,1.2105038166046143,ok
A_rhoB0.6,0.6,0.37499999999999994,0.1,3.1622776601683795,0.03162277660168379,0.6,20,200,5,1.0,predictive,P1 only (protect),coarse,3.1622776601683795e-05,5,1.0,True,True,2.4526118203811965e-10,3.9170771072904444e-10,39.528022549887645,7.499999997062195,11.509841099794844,0.0036397313381969078,0.9865191718047637,37.49999998531096,1.0540806017432287,0.3749999998531098,5.417700499104498,5.71069300216066,9.321414675674009e-31,9.323252818367497e-31,0.0003639731338196908,0.03453650200892547,0.0003639731338196909,,0.0,0.9562711715698242,ok
A_rhoB0.6,0.6,0.37499999999999994,0.1,3.1622776601683795,0.03162277660168379,0.6,20,200,5,1.0,predictive,P1 only (protect),coarse,0.0001333521432163324,5,1.0,True,True,3.4029466809415605e-09,5.433973910358809e-09,39.5861171498612,7.499999959245199,10.460606589628323,0.01394944308069826,2.025444008045781,37.499999796225985,1.05562979639923,0.3749999979622599,5.184882015627565,5.473315946510956,6.646424273282179e-22,6.651946297126591e-22,0.0013949443080698261,0.11321152932531707,0.001394944308069828,,0.0,1.0491783618927002,ok
A_rhoB0.6,0.6,0.37499999999999994,0.1,3.1622776601683795,0.03162277660168379,0.6,20,200,5,1.0,predictive,P1 only (protect),coarse,0.0005623413251903491,5,1.0,True,True,1.1183768942603337e-07,1.7853927976662894e-07,39.796457356591425,7.4999986609553995,9.140828509433936,0.05140265617332287,3.3077701734373424,37.49999330477699,1.0612390523152946,0.37499993304776996,4.90123708900024,5.201384203503188,3.2296980806828133e-14,3.240971196412772e-14,0.0051402656173322875,0.3263974325498323,0.005140265617332279,,0.0,1.0184564590454102,ok
A_rhoB0.6,0.6,0.37499999999999994,0.1,3.1622776601683795,0.03162277660168379,0.6,20,200,5,1.0,predictive,P1 only (protect),coarse,0.0023713737056616554,5,1.0,True,True,8.877662522718771e-06,1.4165909937210678e-05,40.56271649858432,7.499893755675467,7.582676570159941,0.17981359462649474,4.737616079538097,37.49946877837737,1.0816877630536799,0.3749946877837734,4.597977211675772,4.973575684669362,2.2656541766990837e-08,2.2984855511128477e-08,0.017981359462649473,0.7717577677225219,0.017981359462649484,,0.0,0.9798569679260254,ok
A_rhoB0.6,0.6,0.37499999999999994,0.1,3.1622776601683795,0.03162277660168379,0.6,20,200,5,1.0,predictive,P1 only (protect),coarse,0.01,5,1.0,True,True,0.0004098841054572208,0.0006536855769817354,43.37367614418801,7.495097358172633,5.599629440787985,0.5599501166191171,6.345323084420266,37.47548679086312,1.1573879316429032,0.37475486790863166,4.291745955860682,4.967214974990389,6.971085526120426e-05,7.371121278500557e-05,0.05599501166191171,1.2899550746165496,0.055995011661911606,,0.0,1.031085729598999,ok
A_rhoB0.6,0.6,0.37499999999999994,0.1,3.1622776601683795,0.03162277660168379,0.6,20,200,5,1.0,predictive,P1 only (protect),coarse,0.042169650342858224,5,1.0,True,True,0.003294193315900118,0.005251151091703942,50.17836581250276,7.460616366812225,3.1757781903461364,1.3386524141054297,8.02495302873621,37.30308183406102,1.345153358527216,0.37303081834061125,4.024766526653224,5.413928210615501,0.0022339845183080424,0.0026666609417796737,0.13386524141054298,1.696616816771151,0.13386524141054243,,0.0,0.9649941921234131,ok
A_rhoB0.6,0.6,0.37499999999999994,0.1,3.1622776601683795,0.03162277660168379,0.6,20,200,5,1.0,predictive,P1 only (protect),coarse,0.1778279410038923,5,1.0,True,True,0.007879011702601633,0.012554743612667984,58.76818245072556,7.405839422904991,1.3632878180093186,2.421650992823887,8.809221766261803,37.029197114524976,1.5870768752821083,0.3702919711452496,4.00248121879483,6.352245386100223,0.00600295813799906,0.008761674542473456,0.24216509928238872,2.360951945748465,0.242165099282388,,0.0,1.020674467086792,ok
A_rhoB0.6,0.6,0.37499999999999994,0.1,3.1622776601683795,0.03162277660168379,0.6,20,200,5,1.0,predictive,P1 only (protect),coarse,0.7498942093324559,5,1.0,True,True,0.011439600101885414,0.018222795612794853,67.11197628420689,7.363329032904047,0.4803172238365757,3.596675405069728,8.559678338189649,36.8166451645202,1.8228704974151737,0.36816645164520234,4.229096270480225,7.709094822186944,0.006283065852983657,0.010817502100162026,0.3596675405069728,2.9443336891666916,0.35966754050697225,,0.0,1.0784943103790283,ok
A_rhoB0.6,0.6,0.37499999999999994,0.1,3.1622776601683795,0.03162277660168379,0.6,20,200,5,1.0,predictive,P1 only (protect),coarse,3.1622776601683795,5,1.0,True,True,0.01360684475501629,0.021671818261004748,73.20319622022862,7.337461363042472,0.14118203451165112,4.456357886593861,8.064998715852017,36.68730681521235,1.9953276098717334,0.3668730681521236,4.466089134279683,8.911310957776399,0.0052945934175719234,0.009671923218766405,0.44563578865938613,3.2428823638327464,0.4456357886593851,,0.0,1.0195441246032715,ok
A_rhoB0.6,0.6,0.37499999999999994,0.1,3.1622776601683795,0.03162277660168379,0.6,20,200,5,1.0,predictive,P1 only (protect),coarse,3.1622776601683795e-05,10,1.0,True,True,2.4526118202993687e-10,3.9170771071598864e-10,39.52802254988764,7.499999997062194,11.509841099794846,0.0036397313381969056,0.9865191718047637,37.49999998531096,1.0540806017432287,0.37499999985310967,5.417700499104498,5.71069300216066,3.3396550001480197e-18,3.3608004586929642e-18,0.0003639731338196906,0.034536502008925454,0.0003639731338196908,,0.0,1.3520605564117432,ok
A_rhoB0.6,0.6,0.37499999999999994,0.1,3.1622776601683795,0.03162277660168379,0.6,20,200,5,1.0,predictive,P1 only (protect),coarse,0.0001333521432163324,10,1.0,True,True,3.4029417966323864e-09,5.433966117462542e-09,39.58611714983207,7.4999999592452555,10.460606589620369,0.013949443080244255,2.025444008054132,37.499999796226255,1.0556297963984456,0.3749999979622628,5.184882015625622,5.473315946504837,1.898281822001773e-12,1.9487891961581416e-12,0.0013949443080244256,0.1132115293247788,0.001394944308024426,,0.0,1.1511993408203125,ok
A_rhoB0.6,0.6,0.37499999999999994,0.1,3.1622776601683795,0.03162277660168379,0.6,20,200,5,1.0,predictive,P1 only (protect),coarse,0.0005623413251903491,10,1.0,True,True,1.1156152980687664e-07,1.7809869058568607e-07,39.79645588451628,7.499998664259813,9.14082828533488,0.05140263279459479,3.307770417610712,37.4999933212991,1.0612390125923794,0.37499993321299063,4.901237030898641,5.201383947152079,8.866791306972915e-08,9.846975989923484e-08,0.005140263279459479,0.32639739660321593,0.00514026327945947,,0.0,1.2349071502685547,ok
A_rhoB0.6,0.6,0.37499999999999994,0.1,3.1622776601683795,0.03162277660168379,0.6,20,200,5,1.0,predictive,P1 only (protect),coarse,0.0023713737056616554,10,1.0,True,True,8.22108218128129e-06,1.3118588443632995e-05,40.560278789124176,7.499901610586681,7.582526486237442,0.17977425837634714,4.737797644799529,37.49950805293349,1.0816216237255745,0.37499508052933406,4.597931518190051,4.973222154483719,0.0001159846744004519,0.00016671683223274295,0.017977425837634713,0.7716923699605043,0.017977425837634724,,0.0,1.1787676811218262,ok
A_rhoB0.6,0.6,0.37499999999999994,0.1,3.1622776601683795,0.03162277660168379,0.6,20,200,5,1.0,predictive,P1 only (protect),coarse,0.01,10,1.0,True,True,0.0003542202162532086,0.0005649327137456847,43.26348426423575,7.495763004646922,5.598115280091527,0.5581603189371883,6.347961396324363,37.478815023234525,1.1543450409895588,0.37478815023234613,4.290981721006441,4.953273470620627,0.003477953382129291,0.008444215399037646,0.05581603189371884,1.2876569811954104,0.05581603189371889,,0.0,1.2139172554016113,ok
A_rhoB0.6,0.6,0.37499999999999994,0.1,3.1622776601683795,0.03162277660168379,0.6,20,200,5,1.0,predictive,P1 only (protect),coarse,0.042169650342858224,10,1.0,True,True,0.0029207922485508216,0.004656095180743759,49.74610438481027,7.465079286144405,3.176880145603602,1.331439246989688,8.026601321262303,37.325396430721966,1.332768279558446,0.37325396430722024,4.023981076374182,5.3630343361349615,0.010487348143912473,0.04178697616340465,0.13314392469896882,1.691542269585174,0.13314392469896882,,0.0,1.162801742553711,ok
A_rhoB0.6,0.6,0.37499999999999994,0.1,3.1622776601683795,0.03162277660168379,0.6,20,200,5,1.0,predictive,P1 only (protect),coarse,0.1778279410038923,10,1.0,True,True,0.007212165475450344,0.011492589770481143,58.13574740213007,7.413805576721398,1.367558617225537,2.402241050892753,8.816394755160312,37.06902788360685,1.5683105471411518,0.37069027883606986,3.9991420243930422,6.271896616371025,0.013491151589716099,0.06669228803453718,0.24022410508927533,2.3637479625482425,0.24022410508927536,,0.0,1.2095980644226074,ok
A_rhoB0.6,0.6,0.37499999999999994,0.1,3.1622776601683795,0.03162277660168379,0.6,20,200,5,1.0,predictive,P1 only (protect),coarse,0.7498942093324559,10,1.0,True,True,0.01053490680105823,0.016781828262960874,65.62743894766515,7.3741362880277945,0.49610380232579127,3.484448259582536,8.645311650063878,36.870681440139,1.7799356123703294,0.36870681440138975,4.194525682769602,7.465985639763586,0.013600580387270786,0.06841934465830332,0.3484448259582536,3.005401199210897,0.3484448259582527,,0.0,1.247187614440918,ok
A_rhoB0.6,0.6,0.37499999999999994,0.1,3.1622776601683795,0.03162277660168379,0.6,20,200,5,1.0,predictive,P1 only (protect),coarse,3.1622776601683795,10,1.0,True,True,0.01222913624570024,0.019476539588811636,70.24064476542253,7.3539259530839205,0.17019785852910263,4.201054934999677,8.274821253387302,36.76962976541956,1.9102896932479094,0.36769629765419604,4.382836308811534,8.372487027915385,0.013112916598192068,0.06303927444920215,0.42010549349996773,3.411476385185824,0.42010549349996784,,0.0,1.294356107711792,ok
A_rhoB0.6,0.6,0.37499999999999994,0.1,3.1622776601683795,0.03162277660168379,0.6,20,200,5,1.0,predictive,P1 only (protect),coarse,3.1622776601683795e-05,15,1.0,True,True,2.4464854440796544e-10,3.907296039732458e-10,39.52802186643842,7.499999997069526,11.509842304972281,0.003639705361356383,0.9865179925968359,37.49999998534763,1.0540805835168854,0.3749999998534763,5.41770076121405,5.71069317970038,1.6887542228190856e-08,1.709679767660471e-08,0.00036397053613563835,0.034535954496898814,0.00036397053613563743,,0.0,2.322866439819336,ok
A_rhoB0.6,0.6,0.37499999999999994,0.1,3.1622776601683795,0.03162277660168379,0.6,20,200,5,1.0,predictive,P1 only (protect),coarse,0.0001333521432163324,15,1.0,True,True,3.0091488929446868e-09,4.805275211340716e-09,39.58575788068366,7.4999999639604376,10.461137850135533,0.013936140208690698,2.0249260456953397,37.49999981980216,1.0556202152241103,0.3749999981980219,5.184996861781883,5.473387503170528,8.604874242422083e-06,9.053287569039432e-06,0.00139361402086907,0.11293275146310902,0.0013936140208690702,,0.0,2.3287181854248047,ok
A_rhoB0.6,0.6,0.37499999999999994,0.1,3.1622776601683795,0.03162277660168379,0.6,20,200,5,1.0,predictive,P1 only (protect),coarse,0.0005623413251903491,15,1.0,True,True,4.384512839582109e-08,7.000356017027451e-08,39.76776716414939,7.499999474973289,9.171500742919688,0.05041597620307222,3.2780838059039503,37.499997374866375,1.0604738652809331,0.37499997374866445,4.907785710927055,5.204578482837346,0.0006058043971411436,0.000737344369168763,0.005041597620307222,0.30631702349331374,0.005041597620307225,,0.0,2.303173542022705,ok
A_rhoB0.6,0.6,0.37499999999999994,0.1,3.1622776601683795,0.03162277660168379,0.6,20,200,5,1.0,predictive,P1 only (protect),coarse,0.0023713737056616554,15,1.0,True,True,2.438725388217033e-06,3.891559684522636e-06,40.180105572618196,7.4999708133023555,7.808026542690811,0.16809018336707374,4.52391246063976,37.49985406651184,1.0714736516401508,0.3749985406651178,4.644434665240306,4.976389370569132,0.005485185259555522,0.01023439675942372,0.016809018336707376,0.5710566537586115,0.016809018336707372,,0.0,2.3284595012664795,ok
A_rhoB0.6,0.6,0.37499999999999994,0.1,3.1622776601683795,0.03162277660168379,0.6,20,200,5,1.0,predictive,P1 only (protect),coarse,0.01,15,1.0,True,True,0.00019528586263471289,0.00031145682764677067,41.77903518545575,7.497664073792649,6.009757244807491,0.5050935847296205,5.98748509667024,37.48832036896339,1.114454709473851,0.37488320368963246,4.364605941792835,4.864155646828578,0.012057567906227067,0.046797360854723566,0.050509358472962056,0.803259224486155,0.05050935847296203,,0.0,2.4287188053131104,ok
A_rhoB0.6,0.6,0.37499999999999994,0.1,3.1622776601683795,0.03162277660168379,0.6,20,200,5,1.0,predictive,P1 only (protect),coarse,0.042169650342858224,15,1.0,True,True,0.002112169156274465,0.0033672220066641454,46.96710498345709,7.474745834950016,3.6817105784022885,1.15055449527026,7.692989091377434,37.373729174749954,1.2566876793014412,0.3737372917475008,4.0734901441168345,5.119104875867478,0.014621832602906533,0.10454402356515922,0.11505544952702601,1.0333392304572002,0.11505544952702582,,0.0,2.2983462810516357,ok
A_rhoB0.6,0.6,0.37499999999999994,0.1,3.1622776601683795,0.03162277660168379,0.6,20,200,5,1.0,predictive,P1 only (protect),coarse,0.1778279410038923,15,1.0,True,True,0.005815544347097359,0.009267708198982254,53.65953378572309,7.430492188507617,2.0336269915698852,1.9320827538888945,8.603798066033603,37.152460942538106,1.4443063103872356,0.37152460942538085,3.9789027726165074,5.746754382907289,0.015211781233046647,0.1387980520814238,0.19320827538888946,1.3810406295911641,0.19320827538888974,,0.0,2.3976922035217285,ok
A_rhoB0.6,0.6,0.37499999999999994,0.1,3.1622776601683795,0.03162277660168379,0.6,20,200,5,1.0,predictive,P1 only (protect),coarse,0.7498942093324559,15,1.0,True,True,0.008996919414404272,0.01433283456168267,59.11349738902675,7.392503740787397,1.2979459231129666,2.677606936696188,8.631943399403449,36.962518703936745,1.599282177237851,0.36962518703936986,4.078961237423487,6.523410008655432,0.015290398037607136,0.14270896139922495,0.2677606936696188,1.715787413022877,0.2677606936696207,,0.0,2.2555441856384277,ok
A_rhoB0.6,0.6,0.37499999999999994,0.1,3.1622776601683795,0.03162277660168379,0.6,20,200,5,1.0,predictive,P1 only (protect),coarse,3.1622776601683795,15,1.0,True,True,0.010720788965122045,0.01707540128949544,62.415049307622226,7.371934490328779,1.0343266902700057,3.184432164566912,8.409306654834303,36.85967245164397,1.6933153540499912,0.36859672451643893,4.202314424312312,7.115843537233787,0.015235446979507518,0.1370442439943645,0.3184432164566912,1.9377307537762682,0.31844321645669066,,0.0,2.433727979660034,ok
A_rhoB0.6,0.6,0.37499999999999994,0.1,3.1622776601683795,0.03162277660168379,0.6,20,200,5,1.0,predictive,P1 only (protect),coarse,3.1622776601683795e-05,20,1.0,True,True,1.1254227638366803e-11,1.7977933177165687e-11,39.506902373339116,7.499999999865167,12.486403074981116,0.00264213306280396,0.010954792090913656,37.49999999932582,1.0535173966413167,0.3749999999932584,5.637626086017098,5.939337157377909,0.00034017675944131076,0.000346420943008772,0.000264213306280396,8.225502151944221e-05,0.0002642133062803962,,0.0,7.138481378555298,ok
A_rhoB0.6,0.6,0.37499999999999994,0.1,3.1622776601683795,0.03162277660168379,0.6,20,200,5,1.0,predictive,P1 only (protect),coarse,0.0001333521432163324,20,1.0,True,True,1.2126893342063457e-11,1.9371795375273357e-11,39.507084038124205,7.499999999854713,12.44290951638271,0.011095016991973973,0.04599546677060573,37.49999999927354,1.0535222410370546,0.37499999999273564,5.630992576415759,5.932375918368548,0.0013501547167132312,0.0014545043703768814,0.0011095016991973974,0.00034520648858556575,0.0011095016991973976,,0.0,7.274688005447388,ok
A_rhoB0.6,0.6,0.37499999999999994,0.1,3.1622776601683795,0.03162277660168379,0.6,20,200,5,1.0,predictive,P1 only (protect),coarse,0.0005623413251903491,20,1.0,True,True,3.228544513296605e-11,5.155925744304047e-11,39.50804368188954,7.499999999613305,12.263548060183806,0.045974026750244645,0.19047791345264464,37.49999999806651,1.053547831571375,0.37499999998066524,5.603644594232912,5.903707611150742,0.004551505038477365,0.006023440504667708,0.004597402675024465,0.0014269850251337837,0.004597402675024484,,0.0,8.696728706359863,ok
A_rhoB0.6,0.6,0.37499999999999994,0.1,3.1622776601683795,0.03162277660168379,0.6,20,200,5,1.0,predictive,P1 only (protect),coarse,0.0023713737056616554,20,1.0,True,True,5.944462104458961e-08,9.485231077283892e-08,39.51951160712595,7.499999288607669,11.572494472271504,0.18065625843681954,0.7468499806840079,37.49999644303831,1.0538537428171557,0.37499996443038347,5.49838875558857,5.794497569540778,0.010252711958856284,0.023617470094142286,0.018065625843681956,0.005560601082087172,0.018065625843681914,,0.0,7.3599748611450195,ok
A_rhoB0.6,0.6,0.37499999999999994,0.1,3.1622776601683795,0.03162277660168379,0.6,20,200,5,1.0,predictive,P1 only (protect),coarse,0.01,20,1.0,True,True,4.765308931156983e-05,7.600153610761591e-05,39.94599921363925,7.499429988479197,9.478953477087574,0.592738302436613,2.4288782319966167,37.497149942396,1.0653076107118868,0.37497149942395985,5.180831591007758,5.519179323717138,0.014203736431473659,0.07680787372312195,0.0592738302436613,0.020407848770725157,0.05927383024366109,,0.0,7.25717568397522,ok
A_rhoB0.6,0.6,0.37499999999999994,0.1,3.1622776601683795,0.03162277660168379,0.6,20,200,5,1.0,predictive,P1 only (protect),coarse,0.042169650342858224,20,1.0,True,True,0.0011438551724768232,0.00182364894739561,43.744016124397355,7.486322632894529,6.0871733397031615,1.3344241681703675,5.0920798592319425,37.43161316447289,1.1686382826245836,0.37431613164472644,4.689617641621337,5.480466706870309,0.015365705211101682,0.1610257038264246,0.13344241681703675,0.14594546714900286,0.13344241681703714,,0.0,7.40399956703186,ok
A_rhoB0.6,0.6,0.37499999999999994,0.1,3.1622776601683795,0.03162277660168379,0.6,20,200,5,1.0,predictive,P1 only (protect),coarse,0.1778279410038923,20,1.0,True,True,0.004032597023146534,0.006427019787324879,50.53608896042889,7.451797351595078,3.722850200541884,2.155110850816815,6.670241597046221,37.258986757975386,1.356346303475671,0.37258986757975393,4.451835676982666,6.038230864156551,0.015576984894820067,0.21093155990265064,0.21551108508168149,0.52058536372609,0.21551108508168224,,0.0,7.323854923248291,ok
A_rhoB0.6,0.6,0.37499999999999994,0.1,3.1622776601683795,0.03162277660168379,0.6,20,200,5,1.0,predictive,P1 only (protect),coarse,0.7498942093324559,20,1.0,True,True,0.006882537019156662,0.010965804630820876,56.479487989707394,7.417756465268847,2.736697392362361,2.9099513553610956,6.935594787007696,37.08878232634422,1.5228186111030644,0.3708878232634424,4.500377677748686,6.853258884668488,0.015599550664700416,0.219322764549347,0.29099513553610956,0.8886851766806824,0.29099513553611045,,0.0,7.26296329498291,ok
A_rhoB0.6,0.6,0.37499999999999994,0.1,3.1622776601683795,0.03162277660168379,0.6,20,200,5,1.0,predictive,P1 only (protect),coarse,3.1622776601683795,20,1.0,True,True,0.008537639772786211,0.013600084592012633,60.043452198399024,7.397999365559887,2.402562962859524,3.4139905533995765,6.785447118181012,36.98999682779956,1.6232348566538348,0.3698999682779943,4.607081343395933,7.478375024039854,0.015592407273742313,0.21457467836077757,0.3413990553399577,1.111038860182576,0.34139905533995996,,0.0,7.27787971496582,ok
A_rhoB0.6,0.6,0.37499999999999994,0.1,3.1622776601683795,0.03162277660168379,0.6,20,200,5,1.0,predictive,P1+P2 (protect),coarse,3.1622776601683795e-05,5,3.0,True,True,1.149629691238704e-09,1.8358953577022265e-09,39.554050926063184,7.499999986230786,10.918773596717136,0.008236679666424478,1.5729897373856527,37.499999931153894,1.0547746932981417,0.37499999931153927,5.286091119780258,5.575635139612252,3.584434659537951e-24,3.586553989783425e-24,0.0008236679666424479,0.07160642919442807,0.0008236679666424481,,0.0,1.0353612899780273,ok
A_rhoB0.6,0.6,0.37499999999999994,0.1,3.1622776601683795,0.03162277660168379,0.6,20,200,5,1.0,predictive,P1+P2 (protect),coarse,0.0001333521432163324,5,3.0,True,True,3.138147960702568e-08,5.010225669225241e-08,39.68354681221057,7.499999624233066,9.680994765368784,0.031344829484437293,2.787660780913713,37.499998121165376,1.0582279680118911,0.3749999812116533,5.01555113483872,5.307596485880113,4.710395433202651e-16,4.722108640067047e-16,0.0031344829484437294,0.21980054755657616,0.0031344829484437325,,0.0,1.0365502834320068,ok
A_rhoB0.6,0.6,0.37499999999999994,0.1,3.1622776601683795,0.03162277660168379,0.6,20,200,5,1.0,predictive,P1+P2 (protect),coarse,0.0005623413251903491,5,3.0,True,True,2.493313083015628e-06,3.979012670951259e-06,40.164854713950945,7.499970157404957,8.207964961452438,0.11427091404601887,4.177793967096587,37.499850787024876,1.071067054161404,0.37499850787024785,4.71442075776827,5.049460753100235,1.257263533895836e-09,1.270301069684266e-09,0.011427091404601887,0.5653331264776781,0.011427091404601866,,0.0,1.0405325889587402,ok
A_rhoB0.6,0.6,0.37499999999999994,0.1,3.1622776601683795,0.03162277660168379,0.6,20,200,5,1.0,predictive,P1+P2 (protect),coarse,0.0023713737056616554,5,3.0,True,True,0.00017427250977803134,0.00027796473961092894,42.0118207275607,7.497915264452913,6.414145142114523,0.37888300443537726,5.7090565889971865,37.48957632226454,1.1206267141144102,0.3748957632226456,4.40847278745595,4.940252374069556,1.5512651808821398e-05,1.616082581848045e-05,0.03788830044353773,1.0351098088032544,0.037888300443537776,,0.0,1.1580531597137451,ok
A_rhoB0.6,0.6,0.37499999999999994,0.1,3.1622776601683795,0.03162277660168379,0.6,20,200,5,1.0,predictive,P1+P2 (protect),coarse,0.01,5,3.0,True,True,0.0022148735010081703,0.0035309904859858235,47.36238737360009,7.47351757135511,4.116775732559007,0.9858229531658664,7.423883742920016,37.36758785677549,1.2674724297199276,0.3736758785677555,4.1092380543659175,5.208345941064757,0.001278970557062778,0.0014693784954982491,0.09858229531658665,1.3005975162601042,0.09858229531658659,,0.0,1.023648738861084,ok
A_rhoB0.6,0.6,0.37499999999999994,0.1,3.1622776601683795,0.03162277660168379,0.6,20,200,5,1.0,predictive,P1+P2 (protect),coarse,0.042169650342858224,5,3.0,True,True,0.0066993217682544785,0.01067578626383493,54.91866734432019,7.419931603021238,2.0506768195914318,1.8799364436471573,8.649455133740172,37.099658015106314,1.4803011747967676,0.3709965801510619,3.959172470564375,5.860767659399465,0.005339152190395331,0.0074186187136254375,0.18799364436471575,1.7661643986604758,0.18799364436471594,,0.0,1.0178327560424805,ok
A_rhoB0.6,0.6,0.37499999999999994,0.1,3.1622776601683795,0.03162277660168379,0.6,20,200,5,1.0,predictive,P1+P2 (protect),coarse,0.1778279410038923,5,3.0,True,True,0.010486410587726,0.016704810380893557,62.4602114206607,7.374713922143286,0.8554904895520551,2.9588932897652223,8.810902298539437,36.87356961071642,1.693901948741847,0.3687356961071643,4.07821802809043,6.908101465176512,0.006466181573412344,0.010803725572209648,0.29588932897652226,2.540397561769415,0.2958893289765218,,0.0,1.0601284503936768,ok
A_rhoB0.6,0.6,0.37499999999999994,0.1,3.1622776601683795,0.03162277660168379,0.6,20,200,5,1.0,predictive,P1+P2 (protect),coarse,0.7498942093324559,5,3.0,True,True,0.012730619312517307,0.0202754855989444,69.41315658205144,7.347933858007927,0.2979132830571985,3.9845268394298636,8.369626019505011,36.739669290039565,1.8893244801435907,0.36739669290039634,4.327984234720968,8.17696656433385,0.005535539496096161,0.010054966093405148,0.3984526839429864,3.0871069542668605,0.3984526839429856,,0.0,0.9869005680084229,ok
A_rhoB0.6,0.6,0.37499999999999994,0.1,3.1622776601683795,0.03162277660168379,0.6,20,200,5,1.0,predictive,P1+P2 (protect),coarse,3.1622776601683795,5,3.0,True,True,0.014036129053089695,0.022353961923037412,74.18916414516909,7.332345285577213,0.08647854255308184,4.63219995117841,7.9489762206912955,36.66172642788611,2.0236134894274476,0.36661726427886066,4.517938239572843,9.1425607659997,0.0047949146470561725,0.008772582361149583,0.463219995117841,3.3359779358647614,0.4632199951178405,,0.0,1.059859037399292,ok
A_rhoB0.6,0.6,0.37499999999999994,0.1,3.1622776601683795,0.03162277660168379,0.6,20,200,5,1.0,predictive,P1+P2 (protect),coarse,3.1622776601683795e-05,5,10.0,True,True,1.4619018368872802e-08,2.334134868388294e-08,39.63838512665055,7.499999824939866,9.98538629724927,0.023287443097230364,2.491326434713633,37.4999991246995,1.057023628049703,0.3749999912469933,5.081188871060455,5.3709366952940965,2.3616099676782713e-17,2.3662553719856948e-17,0.0023287443097230365,0.17239494999692814,0.002328744309723036,,0.0,0.9851539134979248,ok
A_rhoB0.6,0.6,0.37499999999999994,0.1,3.1622776601683795,0.03162277660168379,0.6,20,200,5,1.0,predictive,P1+P2 (protect),coarse,0.0001333521432163324,5,10.0,True,True,1.0607497412615402e-06,1.6929601567867386e-06,40.000989224183186,7.499987302798828,8.561442906740337,0.08658343797251107,3.851986352488323,37.49993651399408,1.0666948518501032,0.37499936513994137,4.783757649560947,5.102809657285212,1.4521783865294825e-10,1.4641180880423772e-10,0.008658343797251108,0.46513403310795115,0.008658343797251111,,0.0,1.1826305389404297,ok
A_rhoB0.6,0.6,0.37499999999999994,0.1,3.1622776601683795,0.03162277660168379,0.6,20,200,5,1.0,predictive,P1+P2 (protect),coarse,0.0005623413251903491,5,10.0,True,True,9.16067374109246e-05,0.0001461256895083381,41.4056248932663,7.498904057328689,6.8693449962213595,0.29644578176257774,5.335305164687373,37.4945202866434,1.104311365413472,0.37494520286643446,4.480537431509118,4.947908408776005,4.683807037810359e-06,4.840411958754664e-06,0.029644578176257777,0.9123010291813732,0.029644578176257777,,0.0,0.9960911273956299,ok
A_rhoB0.6,0.6,0.37499999999999994,0.1,3.1622776601683795,0.03162277660168379,0.6,20,200,5,1.0,predictive,P1+P2 (protect),coarse,0.0023713737056616554,5,10.0,True,True,0.001605335420359624,0.0025594384947977326,45.89776554247639,7.4808042112890165,4.730070559421714,0.8129118437123628,6.976213385576907,37.404021056445096,1.2270810529491918,0.3740402105644508,4.185318519718244,5.135725056103616,0.0007887238643032841,0.0008856186367102981,0.08129118437123628,1.1405559903810445,0.08129118437123609,,0.0,1.0488150119781494,ok
A_rhoB0.6,0.6,0.37499999999999994,0.1,3.1622776601683795,0.03162277660168379,0.6,20,200,5,1.0,predictive,P1+P2 (protect),coarse,0.01,5,10.0,True,True,0.005861368348833166,0.009341031750066012,52.87701104741375,7.429942261874496,2.661652657911645,1.5963461122341884,8.31205896797967,37.14971130937256,1.4233491777922194,0.3714971130937248,3.994140802690355,5.685057027495672,0.004708545623822919,0.006321224199877076,0.15963461122341885,1.3569481826458512,0.1596346112234194,,0.0,1.1289663314819336,ok
A_rhoB0.6,0.6,0.37499999999999994,0.1,3.1622776601683795,0.03162277660168379,0.6,20,200,5,1.0,predictive,P1+P2 (protect),coarse,0.042169650342858224,5,10.0,True,True,0.00991945387562869,0.015802330122688054,59.455121090076645,7.381482524079845,1.3386207672672237,2.5048530914244767,8.775043617228455,36.907412620399164,1.6109262846893553,0.36907412620399227,4.019041246363593,6.474379183017779,0.006514053523902386,0.010620842312963829,0.25048530914244765,1.957157435771493,0.25048530914244777,,0.0,1.073657751083374,ok
A_rhoB0.6,0.6,0.37499999999999994,0.1,3.1622776601683795,0.03162277660168379,0.6,20,200,5,1.0,predictive,P1+P2 (protect),coarse,0.1778279410038923,5,10.0,True,True,0.012219130616238508,0.01946053125151795,65.4153259015315,7.354046015613625,0.5952424358024834,3.4407495698053876,8.609961978778504,36.7702300780681,1.7790295508797753,0.3677023007806813,4.192906794813651,7.459305092058088,0.0057238114252105236,0.010330972038938738,0.3440749569805388,2.7064915470329587,0.3440749569805403,,0.0,1.0160377025604248,ok
A_rhoB0.6,0.6,0.37499999999999994,0.1,3.1622776601683795,0.03162277660168379,0.6,20,200,5,1.0,predictive,P1+P2 (protect),coarse,0.7498942093324559,5,10.0,True,True,0.013358551485695156,0.02127342899835199,70.77531446323708,7.34044928251235,0.21861002818257033,4.223081054457642,8.21785963484744,36.702246412561855,1.92836464742968,0.3670224641256175,4.396971935131627,8.478965235448298,0.004900000600210148,0.008972224560579044,0.4223081054457642,3.198966062614507,0.4223081054457639,,0.0,1.064842700958252,ok
A_rhoB0.6,0.6,0.37499999999999994,0.1,3.1622776601683795,0.03162277660168379,0.6,20,200,5,1.0,predictive,P1+P2 (protect),coarse,3.1622776601683795,5,10.0,True,True,0.014192013990146541,0.022601730086424247,74.60667643854131,7.330487024351807,0.0655696888255522,4.707202917554398,7.896740369268242,36.65243512175911,2.0355175908694334,0.36652435121759036,4.540722399320673,9.24272031907209,0.004550647377812728,0.008286317782966988,0.47072029175543983,3.3926394441823358,0.4707202917554389,,0.0,0.9690825939178467,ok
A_rhoB0.6,0.6,0.37499999999999994,0.1,3.1622776601683795,0.03162277660168379,0.6,20,200,5,1.0,predictive,P1+P2 (protect),coarse,3.1622776601683795e-05,5,30.0,True,True,3.411542079676558e-07,5.445442990349561e-07,39.85994324558936,7.499995915917769,8.946963836143267,0.062354609629709276,3.4906856383092553,37.4999795795888,1.0629323986961605,0.3749997957958885,4.861620228463227,5.167573650990194,5.337351953849924e-12,5.368675373829703e-12,0.006235460962970928,0.3685240180004821,0.006235460962970932,,0.0,1.0169117450714111,ok
A_rhoB0.6,0.6,0.37499999999999994,0.1,3.1622776601683795,0.03162277660168379,0.6,20,200,5,1.0,predictive,P1+P2 (protect),coarse,0.0001333521432163324,5,30.0,True,True,3.467450998633257e-05,5.5318007613941874e-05,40.858653714117274,7.499585114942891,7.341050740847332,0.22013382850170268,4.939230315708072,37.49792557471457,1.0896243748925911,0.3749792557471446,4.5585128828825665,4.96706675045074,6.63785981646704e-07,6.797904015813254e-07,0.02201338285017027,0.7964411532339548,0.022013382850170314,,0.0,1.090975284576416,ok
A_rhoB0.6,0.6,0.37499999999999994,0.1,3.1622776601683795,0.03162277660168379,0.6,20,200,5,1.0,predictive,P1+P2 (protect),coarse,0.0005623413251903491,5,30.0,True,True,0.0009574069786749385,0.0015265934989928476,44.400912533241154,7.488550548757535,5.3386690515613076,0.6476098205247112,6.525170579156448,37.44275274378774,1.1858346216440474,0.3744275274378767,4.263373249646351,5.055655604421734,0.0003418000359504086,0.00037318744637927597,0.06476098205247112,1.0818406487809766,0.06476098205247129,,0.0,1.0752098560333252,ok
A_rhoB0.6,0.6,0.37499999999999994,0.1,3.1622776601683795,0.03162277660168379,0.6,20,200,5,1.0,predictive,P1+P2 (protect),coarse,0.0023713737056616554,5,30.0,True,True,0.00471086400866545,0.007508227742614874,50.990918888026656,7.443688291930398,3.2389480354093303,1.3647375867329048,7.952626085927366,37.21844145965191,1.3700444427073961,0.3721844145965199,4.042459771271749,5.538349544499071,0.003696426298146627,0.0047259103217525715,0.13647375867329048,1.1827796846228706,0.1364737586732902,,0.0,1.0004231929779053,ok
A_rhoB0.6,0.6,0.37499999999999994,0.1,3.1622776601683795,0.03162277660168379,0.6,20,200,5,1.0,predictive,P1+P2 (protect),coarse,0.01,5,30.0,True,True,0.009079151455292846,0.01446486538610027,57.40545818223319,7.3915135096042475,1.8508384517745182,2.1903709073248536,8.56727713129638,36.95756754802114,1.5532802072983538,0.36957567548021236,4.020123847735913,6.2443788035762955,0.006430189285086591,0.010070297467015687,0.21903709073248537,1.526675594773685,0.21903709073248498,,0.0,1.01432466506958,ok
A_rhoB0.6,0.6,0.37499999999999994,0.1,3.1622776601683795,0.03162277660168379,0.6,20,200,5,1.0,predictive,P1+P2 (protect),coarse,0.042169650342858224,5,30.0,True,True,0.011800839786422096,0.018795162994402755,62.551136564493156,7.359036277541987,1.029946068982187,2.994906150706587,8.616111502769238,36.795181387709896,1.6999817423209145,0.36795181387709935,4.125218747982452,7.0127965546501105,0.005978536458431109,0.010643950669968079,0.2994906150706587,2.120805028070736,0.2994906150706583,,0.0,1.0934219360351562,ok
A_rhoB0.6,0.6,0.37499999999999994,0.1,3.1622776601683795,0.03162277660168379,0.6,20,200,5,1.0,predictive,P1+P2 (protect),coarse,0.1778279410038923,5,30.0,True,True,0.012954941473475399,0.020630065478363706,66.94729270869377,7.345274508912285,0.49958787596909165,3.704687498397633,8.450450116720992,36.72637254456138,1.8228670045609405,0.36726372544561425,4.267265745272497,7.778657926750387,0.005068433316202712,0.009285043393649894,0.3704687498397633,2.8178343314165106,0.3704687498397636,,0.0,1.1243133544921875,ok
A_rhoB0.6,0.6,0.37499999999999994,0.1,3.1622776601683795,0.03162277660168379,0.6,20,200,5,1.0,predictive,P1+P2 (protect),coarse,0.7498942093324559,5,30.0,True,True,0.013554807641398657,0.021585367563753774,71.280074447455,7.338109743271839,0.19326247644916336,4.312690642994521,8.155937137284475,36.690548716359324,1.9427366703750912,0.36690548716359195,4.424065624765639,8.594794521378095,0.0046185281355459185,0.008419426595736027,0.4312690642994521,3.260499450617821,0.4312690642994513,,0.0,1.041677474975586,ok
A_rhoB0.6,0.6,0.37499999999999994,0.1,3.1622776601683795,0.03162277660168379,0.6,20,200,5,1.0,predictive,P1+P2 (protect),coarse,3.1622776601683795,5,30.0,True,True,0.014234219073626484,0.022668837931506043,74.73035321454108,7.329983715513711,0.059387237752987404,4.729419961464539,7.881209085268763,36.64991857756849,2.0390319027960855,0.3664991857756855,4.547491642660503,9.272480537083343,0.0044733747313100425,0.00812817486996204,0.47294199614645394,3.4136883398892794,0.4729419961464539,,0.0,1.0397002696990967,ok
A_rhoB0.6,0.6,0.37499999999999994,0.1,3.1622776601683795,0.03162277660168379,0.6,20,200,5,1.0,predictive,P1+P2 (protect),coarse,3.1622776601683795e-05,5,100.0,True,True,1.691416093488205e-05,2.698647322139838e-05,40.58194426487272,7.499797601450855,7.6370364603901875,0.17926985042934418,4.683896087729614,37.49898800725415,1.0822143855461426,0.37498988007254275,4.609999561584419,4.989007842908069,1.433971316232855e-07,1.4614951190572764e-07,0.01792698504293442,0.7178103881975861,0.01792698504293446,,0.0,0.9480202198028564,ok
A_rhoB0.6,0.6,0.37499999999999994,0.1,3.1622776601683795,0.03162277660168379,0.6,20,200,5,1.0,predictive,P1+P2 (protect),coarse,0.0001333521432163324,5,100.0,True,True,0.0006333961336947667,0.0010100359748643577,43.5315461002891,7.4924247301885165,5.7190778402019395,0.5505359996457616,6.237961429963781,37.46212365094262,1.1620149061996319,0.3746212365094258,4.3141477070185665,5.013103943102537,0.00016976414122786616,0.00018242106368288947,0.055053599964576164,1.0509300136068538,0.055053599964576004,,0.0,1.006209373474121,ok
A_rhoB0.6,0.6,0.37499999999999994,0.1,3.1622776601683795,0.03162277660168379,0.6,20,200,5,1.0,predictive,P1+P2 (protect),coarse,0.0005623413251903491,5,100.0,True,True,0.003941437348905033,0.006282326876315897,49.78315105659967,7.452882548427625,3.6000646156227623,1.226037273221667,7.721015562727946,37.26441274213811,1.3359435287787464,0.37264412742138125,4.075231651052808,5.444279352498325,0.0029615692663751336,0.003666711657476708,0.12260372732216669,1.1274655330061194,0.12260372732216654,,0.0,1.0536415576934814,ok
A_rhoB0.6,0.6,0.37499999999999994,0.1,3.1622776601683795,0.03162277660168379,0.6,20,200,5,1.0,predictive,P1+P2 (protect),coarse,0.0023713737056616554,5,100.0,True,True,0.00843649159442491,0.013441787345435358,56.27064231305571,7.399186594909248,2.170417792705761,2.025392072547853,8.405003539837137,36.99593297454617,1.5209953578348967,0.3699593297454624,4.033073296411429,6.134285761649667,0.00625112364842359,0.00949471829841861,0.20253920725478533,1.3532945517385,0.20253920725478616,,0.0,1.117523193359375,ok
A_rhoB0.6,0.6,0.37499999999999994,0.1,3.1622776601683795,0.03162277660168379,0.6,20,200,5,1.0,predictive,P1+P2 (protect),coarse,0.01,5,100.0,True,True,0.011479872484371451,0.018284713579528513,61.20871170269243,7.362864648153525,1.414629057435081,2.772962224358617,8.449544070052777,36.8143232407677,1.6626330817596209,0.3681432324076762,4.12999152733578,6.8666605407354115,0.006141773570976591,0.010793552552060107,0.2772962224358617,1.7206607125903035,0.27729622243586133,,0.0,1.035344123840332,ok
A_rhoB0.6,0.6,0.37499999999999994,0.1,3.1622776601683795,0.03162277660168379,0.6,20,200,5,1.0,predictive,P1+P2 (protect),coarse,0.042169650342858224,5,100.0,True,True,0.012819178869311196,0.020414002083357263,64.57971877469622,7.346894984374837,0.8890411633006072,3.338870948013246,8.42519290431131,36.73447492187414,1.758013934105294,0.36734474921874183,4.218191293205928,7.415639070177652,0.005199978174174634,0.009520968918358024,0.3338870948013246,2.254132955022327,0.3338870948013234,,0.0,1.1398251056671143,ok
A_rhoB0.6,0.6,0.37499999999999994,0.1,3.1622776601683795,0.03162277660168379,0.6,20,200,5,1.0,predictive,P1+P2 (protect),coarse,0.1778279410038923,5,100.0,True,True,0.0132495416717585,0.021098301931542992,67.6775268374782,7.341762735513423,0.4615891733750732,3.8331262438651486,8.363521847246355,36.7088136775672,1.8436315439644952,0.36708813677567115,4.305663736910091,7.93805748307149,0.004683035814719231,0.008544890633808078,0.38331262438651487,2.8969985820975954,0.38331262438651287,,0.0,0.9738481044769287,ok
A_rhoB0.6,0.6,0.37499999999999994,0.1,3.1622776601683795,0.03162277660168379,0.6,20,200,5,1.0,predictive,P1+P2 (protect),coarse,0.7498942093324559,5,100.0,True,True,0.0136205294875544,0.021689869420050044,71.46716478564653,7.3373259793496155,0.18400757017050764,4.345936432116221,8.132730018363656,36.68662989674817,1.948043878295325,0.3668662989674808,4.43418290120255,8.637982855929431,0.004505476319258167,0.008189001031712979,0.43459364321162214,3.2901985699767087,0.4345936432116233,,0.0,1.1139559745788574,ok
A_rhoB0.6,0.6,0.37499999999999994,0.1,3.1622776601683795,0.03162277660168379,0.6,20,200,5,1.0,predictive,P1+P2 (protect),coarse,3.1622776601683795,5,100.0,True,True,0.014248516411940488,0.022691575463109893,74.77367692695357,7.329813184026687,0.05720052712946062,4.737197532724146,7.875788756119706,36.64906592013349,2.040261465050764,0.36649065920133433,4.549858441798059,9.282900850236492,0.004445754068015009,0.008071258153194908,0.4737197532724146,3.4217074841047244,0.47371975327241433,,0.0,1.063645601272583,ok
A_rhoB0.6,0.6,0.37499999999999994,0.1,3.1622776601683795,0.03162277660168379,0.6,20,200,5,1.0,predictive,P1+P2 (protect),coarse,3.1622776601683795e-05,10,3.0,True,True,1.14962956555716e-09,1.8358951571769866e-09,39.55405092606242,7.499999986230789,10.9187735967169,0.008236679666420117,1.5729897373858908,37.499999931153866,1.0547746932981221,0.3749999993115395,5.286091119780204,5.575635139612092,5.5056418695770796e-14,5.6099935975177066e-14,0.0008236679666420118,0.0716064291944047,0.0008236679666420117,,0.0,1.2241873741149902,ok
A_rhoB0.6,0.6,0.37499999999999994,0.1,3.1622776601683795,0.03162277660168379,0.6,20,200,5,1.0,predictive,P1+P2 (protect),coarse,0.0001333521432163324,10,3.0,True,True,3.1364375769529855e-08,5.007496850931476e-08,39.6835467177393,7.499999624437733,9.6809947465166,0.03134482891357268,2.787660800132093,37.499998122188664,1.0582279654637805,0.37499998122188666,5.015551130448211,5.307596468453775,6.48909080571329e-09,7.00230044531972e-09,0.0031344828913572684,0.21980054423788714,0.003134482891357265,,0.0,1.143690586090088,ok
A_rhoB0.6,0.6,0.37499999999999994,0.1,3.1622776601683795,0.03162277660168379,0.6,20,200,5,1.0,predictive,P1+P2 (protect),coarse,0.0005623413251903491,10,3.0,True,True,2.383529644281803e-06,3.8038851798579777e-06,40.1644046199042,7.499971470861139,8.207921895108903,0.11426800886248466,4.177838625167473,37.499857354305774,1.0710548640338355,0.37499857354305693,4.714410444060315,5.0493922371627145,2.564886518344411e-05,3.382576819463424e-05,0.011426800886248466,0.5653165120363761,0.011426800886248485,,0.0,1.2118935585021973,ok
A_rhoB0.6,0.6,0.37499999999999994,0.1,3.1622776601683795,0.03162277660168379,0.6,20,200,5,1.0,predictive,P1+P2 (protect),coarse,0.0023713737056616554,10,3.0,True,True,0.00015236267717318787,0.00024302728640784795,41.96301620213392,7.498177295351938,6.412537029662923,0.37854930504140233,5.710736369943739,37.49088647675974,1.1192857823766427,0.3749088647675969,4.408083070663487,4.933904708528814,0.0018917986879514602,0.003999240743852513,0.03785493050414024,1.0335929154620758,0.037854930504140134,,0.0,1.3415029048919678,ok
A_rhoB0.6,0.6,0.37499999999999994,0.1,3.1622776601683795,0.03162277660168379,0.6,20,200,5,1.0,predictive,P1+P2 (protect),coarse,0.01,10,3.0,True,True,0.001961017601330855,0.003126405340779536,47.0529606960693,7.476551959944143,4.114883816369751,0.9836577003293846,7.4249065233567215,37.382759799720816,1.258680764827339,0.3738275979972071,4.1091380384368605,5.172093009000819,0.00872448046078131,0.03165178288313871,0.09836577003293846,1.2936512010039694,0.09836577003293849,,0.0,1.1809184551239014,ok
A_rhoB0.6,0.6,0.37499999999999994,0.1,3.1622776601683795,0.03162277660168379,0.6,20,200,5,1.0,predictive,P1+P2 (protect),coarse,0.042169650342858224,10,3.0,True,True,0.006128945968232067,0.00976726427846867,54.454709730342685,7.426745517911484,2.0519133369310247,1.8769549773630794,8.644386167794412,37.1337275895574,1.4664487856494164,0.3713372758955742,3.9608923380649257,5.808445759243388,0.013027789540869418,0.0626625578338611,0.18769549773630795,1.7583493541389694,0.18769549773630803,,0.0,1.300482988357544,ok
A_rhoB0.6,0.6,0.37499999999999994,0.1,3.1622776601683795,0.03162277660168379,0.6,20,200,5,1.0,predictive,P1+P2 (protect),coarse,0.1778279410038923,10,3.0,True,True,0.009834876730935208,0.015667590335716547,61.96541412319057,7.382493072482111,0.8583738428935862,2.946788061029419,8.812345023594883,36.91246536241063,1.678712421801344,0.36912465362410557,4.077241959048344,6.8445167233441015,0.01369162036337008,0.06932646219946838,0.2946788061029419,2.539028280905897,0.2946788061029427,,0.0,1.1704010963439941,ok
A_rhoB0.6,0.6,0.37499999999999994,0.1,3.1622776601683795,0.03162277660168379,0.6,20,200,5,1.0,predictive,P1+P2 (protect),coarse,0.7498942093324559,10,3.0,True,True,0.011919818962499619,0.01898441661388069,68.06274406229275,7.357616875395908,0.3123393769954242,3.879026962170285,8.451016785438382,36.78808437697951,1.8501301498830869,0.3678808437697954,4.295213365425781,7.946703747555038,0.013237692448898958,0.06437752290328849,0.3879026962170285,3.143450089915639,0.3879026962170282,,0.0,1.3057332038879395,ok
A_rhoB0.6,0.6,0.37499999999999994,0.1,3.1622776601683795,0.03162277660168379,0.6,20,200,5,1.0,predictive,P1+P2 (protect),coarse,3.1622776601683795,10,3.0,True,True,0.012718720491921477,0.020254839881457782,71.29557737060426,7.348088700889067,0.11486969204800257,4.380625834014262,8.156415773048668,36.74044350444515,1.9405203250194396,0.36740443504445336,4.435675314922679,8.607518103794462,0.012901711241672427,0.06023186327068502,0.43806258340142623,3.5020640026875554,0.4380625834014258,,0.0,1.319713830947876,ok
A_rhoB0.6,0.6,0.37499999999999994,0.1,3.1622776601683795,0.03162277660168379,0.6,20,200,5,1.0,predictive,P1+P2 (protect),coarse,3.1622776601683795e-05,10,10.0,True,True,1.4616558726454986e-08,2.3337424428661407e-08,39.63838511277206,7.499999824969311,9.985386294080836,0.023287443067939638,2.491326437881913,37.49999912484659,1.0570236276754639,0.37499999124846556,5.081188870345753,5.37093669263706,1.0053781248672037e-09,1.0684129433775543e-09,0.0023287443067939637,0.172394949450462,0.0023287443067939624,,0.0,1.158914566040039,ok
A_rhoB0.6,0.6,0.37499999999999994,0.1,3.1622776601683795,0.03162277660168379,0.6,20,200,5,1.0,predictive,P1+P2 (protect),coarse,0.0001333521432163324,10,10.0,True,True,1.0310420801482345e-06,1.6455685627760578e-06,40.000859176424214,7.499987658235776,8.561427574671857,0.08658310876555561,3.8520016583268113,37.49993829117892,1.0666913333517027,0.3749993829117888,4.783754200692235,5.102789146763209,8.054956644632566e-06,1.0110268179608101e-05,0.008658310876555561,0.4651286816574384,0.00865831087655557,,0.0,1.207449197769165,ok
A_rhoB0.6,0.6,0.37499999999999994,0.1,3.1622776601683795,0.03162277660168379,0.6,20,200,5,1.0,predictive,P1+P2 (protect),coarse,0.0005623413251903491,10,10.0,True,True,8.083390294396315e-05,0.00012894606932385838,41.37916438290024,7.499032904480058,6.868112237608574,0.2963664127961492,5.3364884451152195,37.495164522400415,1.103586686709414,0.37495164522400287,4.480277938767151,4.944375085981323,0.0011442472680253254,0.0022036045799789477,0.029636641279614923,0.9113570381802549,0.029636641279614975,,0.0,1.1433815956115723,ok
A_rhoB0.6,0.6,0.37499999999999994,0.1,3.1622776601683795,0.03162277660168379,0.6,20,200,5,1.0,predictive,P1+P2 (protect),coarse,0.0023713737056616554,10,10.0,True,True,0.0014178839106344199,0.002260662449824969,45.653924567481454,7.483045031626313,4.72664106410817,0.8121262915570061,6.978187612708512,37.41522515813158,1.2201964407411654,0.37415225158131565,4.185092018460498,5.10663438509976,0.0074048706523390725,0.024931509965169404,0.08121262915570061,1.1339575379669147,0.08121262915570074,,0.0,1.2652246952056885,ok
A_rhoB0.6,0.6,0.37499999999999994,0.1,3.1622776601683795,0.03162277660168379,0.6,20,200,5,1.0,predictive,P1+P2 (protect),coarse,0.01,10,10.0,True,True,0.005344747699635862,0.008518070869665061,52.44604634306226,7.436114468477495,2.660983280795396,1.5953237881213216,8.307578462605788,37.18057234238745,1.410576627495094,0.37180572342387475,3.9959260520640942,5.636559894240356,0.012498003630481341,0.05853008826013802,0.15953237881213217,1.3476294523046042,0.1595323788121323,,0.0,1.2348661422729492,ok
A_rhoB0.6,0.6,0.37499999999999994,0.1,3.1622776601683795,0.03162277660168379,0.6,20,200,5,1.0,predictive,P1+P2 (protect),coarse,0.042169650342858224,10,10.0,True,True,0.009295582653996659,0.014809144207965658,59.064854929670105,7.388931418440255,1.3396801377970637,2.504658917472848,8.766729526289833,36.94465709220123,1.5987387508365396,0.3694465709220128,4.022007857421973,6.430139817829552,0.013689768609469428,0.0694577055485665,0.2504658917472848,1.948299386672577,0.25046589174728395,,0.0,1.2654635906219482,ok
A_rhoB0.6,0.6,0.37499999999999994,0.1,3.1622776601683795,0.03162277660168379,0.6,20,200,5,1.0,predictive,P1+P2 (protect),coarse,0.1778279410038923,10,10.0,True,True,0.011635754400367852,0.018532272783807358,65.02245206082699,7.36100795412146,0.5974512831310688,3.4314182062044236,8.610122556543049,36.8050397706072,1.7666725118649225,0.368050397706073,4.192514227818297,7.406799641889176,0.013346010640779503,0.06545943875247175,0.3431418206204424,2.7030892473765142,0.34314182062044185,,0.0,1.193317174911499,ok
A_rhoB0.6,0.6,0.37499999999999994,0.1,3.1622776601683795,0.03162277660168379,0.6,20,200,5,1.0,predictive,P1+P2 (protect),coarse,0.7498942093324559,10,10.0,True,True,0.0126072493170938,0.02007726927564016,69.48872896980109,7.3494204804327,0.23251382950675675,4.120010983858652,8.29805470620189,36.74710240216347,1.890998865959836,0.367471024021635,4.364729171715033,8.253697913934941,0.012960377304351506,0.06081961497734107,0.41200109838586524,3.253470996252889,0.4120010983858653,,0.0,1.1773078441619873,ok
A_rhoB0.6,0.6,0.37499999999999994,0.1,3.1622776601683795,0.03162277660168379,0.6,20,200,5,1.0,predictive,P1+P2 (protect),coarse,3.1622776601683795,10,10.0,True,True,0.01290014889225994,0.020543325523509452,71.74060012548833,7.345925058573682,0.09373127226390146,4.457011787832415,8.10333188133,36.72962529286838,1.9532080589838707,0.3672962529286841,4.458812845759232,8.708989183837739,0.012819773007138761,0.05890297206565619,0.4457011787832415,3.5577995590622886,0.4457011787832428,,0.0,1.2375383377075195,ok
A_rhoB0.6,0.6,0.37499999999999994,0.1,3.1622776601683795,0.03162277660168379,0.6,20,200,5,1.0,predictive,P1+P2 (protect),coarse,3.1622776601683795e-05,10,30.0,True,True,3.36938023752557e-07,5.378180765958222e-07,39.85992312834184,7.499995966364423,8.946960946245017,0.062354584205285855,3.4906885031852735,37.49997983182212,1.0629318550864153,0.37499979831822117,4.8616195859447195,5.167570325212671,1.3297617018093131e-06,1.5744310513947584e-06,0.006235458420528586,0.3685231623205151,0.006235458420528594,,0.0,1.1463298797607422,ok
A_rhoB0.6,0.6,0.37499999999999994,0.1,3.1622776601683795,0.03162277660168379,0.6,20,200,5,1.0,predictive,P1+P2 (protect),coarse,0.0001333521432163324,10,30.0,True,True,3.111613992871475e-05,4.9642830015876576e-05,40.84843991644831,7.499627678774874,7.340421409712987,0.2201158673372134,4.939835044174925,37.49813839387434,1.0893458093141304,0.3749813839387437,4.558380163441555,4.965652328305719,0.0004935787610239399,0.0008374508510884506,0.02201158673372134,0.7960474100744294,0.02201158673372133,,0.0,1.235008716583252,ok
A_rhoB0.6,0.6,0.37499999999999994,0.1,3.1622776601683795,0.03162277660168379,0.6,20,200,5,1.0,predictive,P1+P2 (protect),coarse,0.0005623413251903491,10,30.0,True,True,0.0008411553679444112,0.001341278311421083,44.22877375557535,7.4899404126643505,5.334994970358025,0.6472508420656079,6.527813774912017,37.44970206332178,1.1810180406987265,0.37449702063321755,4.262932013326496,5.034599614010736,0.00562462622363858,0.016781636876615248,0.0647250842065608,1.076676954502897,0.06472508420656072,,0.0,1.1711456775665283,ok
A_rhoB0.6,0.6,0.37499999999999994,0.1,3.1622776601683795,0.03162277660168379,0.6,20,200,5,1.0,predictive,P1+P2 (protect),coarse,0.0023713737056616554,10,30.0,True,True,0.004265980054438407,0.006799445475994191,50.58837176189779,7.449004158930053,3.236631118897756,1.364112985710939,7.950251736461253,37.24502079465024,1.3582586526348281,0.37245020794650263,4.043700924892026,5.492391769902052,0.011630950741502222,0.05175131589837482,0.1364112985710939,1.1732838677888893,0.13641129857109432,,0.0,1.2572791576385498,ok
A_rhoB0.6,0.6,0.37499999999999994,0.1,3.1622776601683795,0.03162277660168379,0.6,20,200,5,1.0,predictive,P1+P2 (protect),coarse,0.01,10,30.0,True,True,0.008463729497920389,0.01348499173822744,57.002382961753064,7.398862561963294,1.8509503645293588,2.190506644873469,8.559680428633877,36.994312809816535,1.5408417843790123,0.3699431280981647,4.022963225219935,6.198749834439031,0.013593752739029305,0.06875180424338338,0.2190506644873469,1.517059742623101,0.21905066448734614,,0.0,1.3133468627929688,ok
A_rhoB0.6,0.6,0.37499999999999994,0.1,3.1622776601683795,0.03162277660168379,0.6,20,200,5,1.0,predictive,P1+P2 (protect),coarse,0.042169650342858224,10,30.0,True,True,0.011220178599797995,0.01787120521075176,62.239280201597126,7.365965960919334,1.0307981431978546,2.9957096162840715,8.607526279598739,36.82982980459699,1.6899149556707591,0.3682982980459667,4.1283184750446535,6.976507132749862,0.013470139914157585,0.06686524249994633,0.2995709616284072,2.1112925421847604,0.29957096162840774,,0.0,1.177232265472412,ok
A_rhoB0.6,0.6,0.37499999999999994,0.1,3.1622776601683795,0.03162277660168379,0.6,20,200,5,1.0,predictive,P1+P2 (protect),coarse,0.1778279410038923,10,30.0,True,True,0.01242266808271301,0.01978335738782674,66.6032719119272,7.351624819591282,0.5015537067831404,3.696079087183604,8.450742386441974,36.758124097956426,1.8119333765356653,0.36758124097956413,4.266860212475017,7.731266431995543,0.013058634294524146,0.0618263752242001,0.3696079087183604,2.813561593069059,0.36960790871836013,,0.0,1.20698881149292,ok
A_rhoB0.6,0.6,0.37499999999999994,0.1,3.1622776601683795,0.03162277660168379,0.6,20,200,5,1.0,predictive,P1+P2 (protect),coarse,0.7498942093324559,10,30.0,True,True,0.0128268549590023,0.020426431558855207,70.01568156737883,7.346801763308594,0.20700694467519776,4.210321543443778,8.235869748572428,36.734008816542904,1.9060179877739825,0.36734008816542973,4.391945503508145,8.371127131009585,0.012861751834524534,0.05928054825819091,0.42103215434437785,3.314411476873383,0.4210321543443772,,0.0,1.1474542617797852,ok
A_rhoB0.6,0.6,0.37499999999999994,0.1,3.1622776601683795,0.03162277660168379,0.6,20,200,5,1.0,predictive,P1+P2 (protect),coarse,3.1622776601683795,10,30.0,True,True,0.01295005819371581,0.02062271195926032,71.87253364340758,7.345329660305537,0.08748143893234722,4.479635107464654,8.087553793297461,36.72664830152771,1.956958692591012,0.36726648301527687,4.465685016232107,8.739161110888856,0.01279836416571455,0.05849544732933006,0.44796351074646545,3.5785660872562457,0.44796351074646673,,0.0,1.298858880996704,ok
A_rhoB0.6,0.6,0.37499999999999994,0.1,3.1622776601683795,0.03162277660168379,0.6,20,200,5,1.0,predictive,P1+P2 (protect),coarse,3.1622776601683795e-05,10,100.0,True,True,1.5420091245312055e-05,2.460345649038637e-05,40.57718620441062,7.499815474076321,7.636690141185036,0.17926378375375504,4.684230600984887,37.499077370381606,1.0820849218135762,0.37499077370381606,4.609925874928602,4.988331279938498,0.0002464375606351303,0.0003862151767019359,0.017926378375375505,0.7176196261101851,0.017926378375375536,,0.0,1.2856035232543945,ok
A_rhoB0.6,0.6,0.37499999999999994,0.1,3.1622776601683795,0.03162277660168379,0.6,20,200,5,1.0,predictive,P1+P2 (protect),coarse,0.0001333521432163324,10,100.0,True,True,0.0005550137256154969,0.0008850766421014791,43.40345321926784,7.493361925184234,5.715687735268516,0.5503236439261945,6.240626695621054,37.46680962592132,1.1584507368686996,0.3746680962592117,4.313655465097893,4.997157352140348,0.004429171979495983,0.01207161267552227,0.05503236439261945,1.0468649311162486,0.05503236439261937,,0.0,1.1336114406585693,ok
A_rhoB0.6,0.6,0.37499999999999994,0.1,3.1622776601683795,0.03162277660168379,0.6,20,200,5,1.0,predictive,P1+P2 (protect),coarse,0.0005623413251903491,10,100.0,True,True,0.0035511950650892405,0.005660540514359637,49.406524517909475,7.457545946142291,3.596910746619697,1.225535829401477,7.720007477836534,37.28772973071149,1.3250075795635399,0.37287729730711455,4.0760849874773895,5.400843503352697,0.010900839387097362,0.046384918700708586,0.12255358294014772,1.1181560264470451,0.12255358294014802,,0.0,1.2110927104949951,ok
A_rhoB0.6,0.6,0.37499999999999994,0.1,3.1622776601683795,0.03162277660168379,0.6,20,200,5,1.0,predictive,P1+P2 (protect),coarse,0.0023713737056616554,10,100.0,True,True,0.007832875212491262,0.012480612495012144,55.85873777414417,7.4063954062874195,2.169663473872158,2.0255193671286458,8.398421752711778,37.031977031436995,1.5083919966445447,0.37031977031437097,4.035661360252845,6.087359296973028,0.013455736068130152,0.06757864609692332,0.2025519367128646,1.343385937827158,0.20255193671286525,,0.0,1.3260557651519775,ok
A_rhoB0.6,0.6,0.37499999999999994,0.1,3.1622776601683795,0.03162277660168379,0.6,20,200,5,1.0,predictive,P1+P2 (protect),coarse,0.01,10,100.0,True,True,0.010889425496978236,0.017345104286493922,60.88512021975074,7.369911717851315,1.4150196270967959,2.7737965562114093,8.441272098840479,36.84955858925651,1.652261860132615,0.36849558589256576,4.133042884519615,6.828869124384248,0.013532720613783923,0.0676932888971408,0.2773796556211409,1.7107167907605836,0.27737965562114036,,0.0,1.2181198596954346,ok
A_rhoB0.6,0.6,0.37499999999999994,0.1,3.1622776601683795,0.03162277660168379,0.6,20,200,5,1.0,predictive,P1+P2 (protect),coarse,0.042169650342858224,10,100.0,True,True,0.01229560329807496,0.019581182560400732,64.32295743792534,7.353141130797,0.8897533485242267,3.3399834977779905,8.417122022900784,36.76570565398496,1.7495368657762593,0.36765705653985,4.2211186762385084,7.3850027388959525,0.013134788543757603,0.06262956142104026,0.3339983497777991,2.244041205384886,0.33399834977779974,,0.0,1.1541404724121094,ok
A_rhoB0.6,0.6,0.37499999999999994,0.1,3.1622776601683795,0.03162277660168379,0.6,20,200,5,1.0,predictive,P1+P2 (protect),coarse,0.1778279410038923,10,100.0,True,True,0.012745459050211343,0.020296542902180144,67.3565807129246,7.347775928233644,0.46345638419321966,3.824730900308386,8.36403678726475,36.7388796411683,1.8333869015822455,0.3673887964116822,4.305189316192612,7.893077701139359,0.01291822749536387,0.05970987662420081,0.3824730900308386,2.892279582273534,0.38247309003083907,,0.0,1.1894874572753906,ok
A_rhoB0.6,0.6,0.37499999999999994,0.1,3.1622776601683795,0.03162277660168379,0.6,20,200,5,1.0,predictive,P1+P2 (protect),coarse,0.7498942093324559,10,100.0,True,True,0.012901507625577407,0.02054516664047965,70.21110217106623,7.345911250196405,0.19769431315651287,4.243814943246329,8.212579493400755,36.72955625098206,1.9115695733239075,0.36729556250982026,4.40210271892695,8.414925616147203,0.012829521690705812,0.058682733251867326,0.4243814943246329,3.3438807422189374,0.42438149432463307,,0.0,1.1739413738250732,ok
A_rhoB0.6,0.6,0.37499999999999994,0.1,3.1622776601683795,0.03162277660168379,0.6,20,200,5,1.0,predictive,P1+P2 (protect),coarse,3.1622776601683795,10,100.0,True,True,0.012967077665776986,0.020649787619915788,71.9187829800564,7.345126592850604,0.0852709326432817,4.487556043719741,8.082046430786372,36.72563296425317,1.958272116100992,0.3672563296425302,4.4680881168508515,8.749732371511213,0.012791309542812471,0.05835157322425126,0.44875560437197415,3.586483169284196,0.4487556043719742,,0.0,1.2543017864227295,ok
A_rhoB0.6,0.6,0.37499999999999994,0.1,3.1622776601683795,0.03162277660168379,0.6,20,200,5,1.0,predictive,P1+P2 (protect),coarse,3.1622776601683795e-05,20,3.0,True,True,1.1759819972407106e-11,1.8785496404474845e-11,39.50701356472107,7.4999999998591065,12.459318776338478,0.007905681486446462,0.03277554231596902,37.49999999929554,1.0535203617456863,0.3749999999929553,5.633495182188945,5.935001882232278,0.0009824058705363505,0.0010364536526571175,0.0007905681486446462,0.00024602940120034046,0.0007905681486446483,,0.0,7.3090879917144775,ok
A_rhoB0.6,0.6,0.37499999999999994,0.1,3.1622776601683795,0.03162277660168379,0.6,20,200,5,1.0,predictive,P1+P2 (protect),coarse,0.0001333521432163324,20,3.0,True,True,1.8127954748072065e-11,2.895526331367692e-11,39.50763906686669,7.499999999782836,12.33064227452456,0.032922908306874346,0.13643481738572838,37.49999999891418,1.0535370418136172,0.3749999999891418,5.613873284409015,5.914423453172769,0.0035054135388459338,0.004314447750880744,0.003292290830687435,0.001022804607470831,0.0032922908306874396,,0.0,7.262186527252197,ok
A_rhoB0.6,0.6,0.37499999999999994,0.1,3.1622776601683795,0.03162277660168379,0.6,20,200,5,1.0,predictive,P1+P2 (protect),coarse,0.0005623413251903491,20,3.0,True,True,7.936878069945126e-09,1.2666061764945296e-08,39.51315591011651,7.499999905004547,11.822286778221715,0.13191942357360034,0.5457938932001376,37.49999952502268,1.0536841709491358,0.3749999952502273,5.536415058884291,5.833632911350805,0.008875155193797404,0.017259518355231252,0.013191942357360036,0.004071820146892662,0.01319194235736003,,0.0,7.227107763290405,ok
A_rhoB0.6,0.6,0.37499999999999994,0.1,3.1622776601683795,0.03162277660168379,0.6,20,200,5,1.0,predictive,P1+P2 (protect),coarse,0.0023713737056616554,20,3.0,True,True,1.379107743090095e-05,2.1997492391283847e-05,39.70332490256801,7.499835018807077,10.147362528603452,0.46013930291931415,1.8926631496701578,37.49917509403539,1.0587786212098094,0.37499175094035386,5.281914363585283,5.592378007225114,0.013588175569219705,0.059851263964258675,0.04601393029193142,0.014547357187634412,0.0460139302919313,,0.0,7.238182783126831,ok
A_rhoB0.6,0.6,0.37499999999999994,0.1,3.1622776601683795,0.03162277660168379,0.6,20,200,5,1.0,predictive,P1+P2 (protect),coarse,0.01,20,3.0,True,True,0.0006863720635061825,0.0010943734978043778,42.40773008513156,7.491792198766491,6.875600872502279,1.1430412715609435,4.489565657170289,37.45896099383244,1.1321117553718034,0.3745896099383245,4.797577737799752,5.431394154273163,0.015230596919040938,0.14197253181528857,0.11430412715609435,0.09229569133551027,0.11430412715609413,,0.0,7.267179727554321,ok
A_rhoB0.6,0.6,0.37499999999999994,0.1,3.1622776601683795,0.03162277660168379,0.6,20,200,5,1.0,predictive,P1+P2 (protect),coarse,0.042169650342858224,20,3.0,True,True,0.0032813778088341674,0.00523015882697888,48.90702035899127,7.460773808797659,4.130950033309091,1.9621125907978691,6.4461635670953825,37.303869043988335,1.311044178857711,0.3730386904398829,4.474709584634057,5.866541953013287,0.015556243049562598,0.2038455904201706,0.19621125907978693,0.4204348918389393,0.19621125907978595,,0.0,7.197206735610962,ok
A_rhoB0.6,0.6,0.37499999999999994,0.1,3.1622776601683795,0.03162277660168379,0.6,20,200,5,1.0,predictive,P1+P2 (protect),coarse,0.1778279410038923,20,3.0,True,True,0.006295588646494501,0.010031299410405982,55.26013772436213,7.424765254421938,2.8879982653211833,2.746756931320556,6.940479548936322,37.12382627210966,1.4885356191281904,0.3712382627210969,4.4757866640727375,6.662367873091211,0.01559933100311307,0.21947723428456656,0.27467569313205564,0.81512826534077,0.27467569313205703,,0.0,7.39826226234436,ok
A_rhoB0.6,0.6,0.37499999999999994,0.1,3.1622776601683795,0.03162277660168379,0.6,20,200,5,1.0,predictive,P1+P2 (protect),coarse,0.7498942093324559,20,3.0,True,True,0.008263048689671385,0.013163134684560911,59.42704993126533,7.401276489865778,2.4501223886217054,3.323920276272681,6.824680845239834,37.00638244932912,1.6058594760683687,0.3700638244932889,4.58517768953713,7.363151042200469,0.015594274064209383,0.21581535774680846,0.3323920276272681,1.0688667066918704,0.3323920276272674,,0.0,7.233387470245361,ok
A_rhoB0.6,0.6,0.37499999999999994,0.1,3.1622776601683795,0.03162277660168379,0.6,20,200,5,1.0,predictive,P1+P2 (protect),coarse,3.1622776601683795,20,3.0,True,True,0.00905728034108372,0.014426928538471814,61.280721291866364,7.39179803596146,2.318509964435444,3.5981799161810275,6.691512083422067,36.95899017980729,1.6580734753231263,0.369589901798073,4.655039936303595,7.718398244954846,0.015588741004975676,0.21160419174152434,0.3598179916181028,1.2145794552184486,0.3598179916180983,,0.0,7.375829696655273,ok
A_rhoB0.6,0.6,0.37499999999999994,0.1,3.1622776601683795,0.03162277660168379,0.6,20,200,5,1.0,predictive,P1+P2 (protect),coarse,3.1622776601683795e-05,20,10.0,True,True,1.5152740425499e-11,2.4204280988778808e-11,39.50745108790342,7.499999999818465,12.365658167310897,0.02611345667485996,0.10822837619577719,37.49999999909231,1.0535320290362586,0.37499999999092326,5.619212232019691,5.920020064385069,0.002893752166091317,0.0034224817624019517,0.0026113456674859963,0.0008116384082144303,0.002611345667486,,0.0,7.195816993713379,ok
A_rhoB0.6,0.6,0.37499999999999994,0.1,3.1622776601683795,0.03162277660168379,0.6,20,200,5,1.0,predictive,P1+P2 (protect),coarse,0.0001333521432163324,20,10.0,True,True,1.939469940235796e-09,3.0954118703890032e-09,39.510992130640645,7.499999976784408,11.956685810537653,0.10572198052930837,0.43759223214862963,37.49999988392204,1.0536264600784921,0.3749999988392204,5.556884180138379,5.854880207785374,0.007891470296585814,0.013837881399868274,0.010572198052930838,0.003268561500128084,0.010572198052930824,,0.0,7.189321994781494,ok
A_rhoB0.6,0.6,0.37499999999999994,0.1,3.1622776601683795,0.03162277660168379,0.6,20,200,5,1.0,predictive,P1+P2 (protect),coarse,0.0005623413251903491,20,10.0,True,True,5.1430745940619e-06,8.204075182494936e-06,39.615045208082556,7.499938469436135,10.545256124001353,0.38179413675198615,1.5730112698105252,37.49969234718069,1.056409872414884,0.37499692347180674,5.342257063775826,5.643613103150934,0.013050689866569216,0.049742983977149005,0.038179413675198615,0.011809582289878376,0.03817941367519854,,0.0,7.4116370677948,ok
A_rhoB0.6,0.6,0.37499999999999994,0.1,3.1622776601683795,0.03162277660168379,0.6,20,200,5,1.0,predictive,P1+P2 (protect),coarse,0.0023713737056616554,20,10.0,True,True,0.00044828884550231343,0.0007148076958665864,41.62904183384039,7.494638942281013,7.44747382965218,1.0142568482898962,4.043630379776909,37.47319471140501,1.1109018634370809,0.37473194711405067,4.879235365622426,5.42035165981806,0.015100181999937266,0.1278708201594668,0.10142568482898962,0.06553269793856269,0.10142568482898937,,0.0,7.133962631225586,ok
A_rhoB0.6,0.6,0.37499999999999994,0.1,3.1622776601683795,0.03162277660168379,0.6,20,200,5,1.0,predictive,P1+P2 (protect),coarse,0.01,20,10.0,True,True,0.002771491362180509,0.004417695050162529,47.76483674325242,7.466867287123808,4.46518386560145,1.8279431067619394,6.240005740512803,37.334336435618944,1.2793808944648128,0.3733433643561904,4.501954709766463,5.7597148434210945,0.015534849836616025,0.19732630752546154,0.18279431067619395,0.35285220308168846,0.18279431067619267,,0.0,7.30131459236145,ok
A_rhoB0.6,0.6,0.37499999999999994,0.1,3.1622776601683795,0.03162277660168379,0.6,20,200,5,1.0,predictive,P1+P2 (protect),coarse,0.042169650342858224,20,10.0,True,True,0.005851674583020266,0.009324427542616963,54.34143732494554,7.430066793430368,3.017036347535873,2.626854621089303,6.926042237944458,37.15033396715192,1.4627442480865414,0.3715033396715184,4.461808508999028,6.526484732601916,0.015597986559143243,0.2190206864243438,0.2626854621089303,0.7588233612005978,0.262685462108928,,0.0,7.295409440994263,ok
A_rhoB0.6,0.6,0.37499999999999994,0.1,3.1622776601683795,0.03162277660168379,0.6,20,200,5,1.0,predictive,P1+P2 (protect),coarse,0.1778279410038923,20,10.0,True,True,0.008033702681635538,0.012798155178062463,58.92334827452949,7.404013836164527,2.49199641456796,3.2512168052968886,6.852772943970625,37.0200691808227,1.5916595937927964,0.37020069180822635,4.56831810374622,7.271207337324987,0.015595654316906946,0.2167037079092457,0.3251216805296889,1.036492823664697,0.3251216805296879,,0.0,7.293925523757935,ok
A_rhoB0.6,0.6,0.37499999999999994,0.1,3.1622776601683795,0.03162277660168379,0.6,20,200,5,1.0,predictive,P1+P2 (protect),coarse,0.7498942093324559,20,10.0,True,True,0.008983636481182765,0.01430974429414691,61.09632922074791,7.392676917793893,2.330179787487496,3.5704862140604074,6.706657080658204,36.963384588969525,1.652887848343305,0.36963384588969467,4.647590672214308,7.681946146176722,0.015589200146890646,0.2120831186057559,0.35704862140604077,1.196397469962186,0.35704862140603943,,0.0,7.2950427532196045,ok
A_rhoB0.6,0.6,0.37499999999999994,0.1,3.1622776601683795,0.03162277660168379,0.6,20,200,5,1.0,predictive,P1+P2 (protect),coarse,3.1622776601683795,20,10.0,True,True,0.009252432564410041,0.01473749915677926,61.79830735189781,7.389468756324165,2.2866790539838058,3.6761209408446636,6.647731248847366,36.947343781620816,1.6726048756619665,0.36947343781620823,4.676287768771634,7.8215817220458534,0.015588006602262403,0.21021972019033192,0.3676120940844664,1.2760165030563124,0.3676120940844649,,0.0,7.256884574890137,ok
A_rhoB0.6,0.6,0.37499999999999994,0.1,3.1622776601683795,0.03162277660168379,0.6,20,200,5,1.0,predictive,P1+P2 (protect),coarse,3.1622776601683795e-05,20,30.0,True,True,2.762434172031241e-10,4.4096851852992474e-10,39.50927306555537,7.499999996692735,12.10740259279515,0.07636484274156793,0.3162325677705464,37.49999998346366,1.053580615546073,0.3749999998346368,5.579846388433982,5.878817992578806,0.006489256818555031,0.010000151844784944,0.007636484274156793,0.002365452706141083,0.007636484274156787,,0.0,7.359912157058716,ok
A_rhoB0.6,0.6,0.37499999999999994,0.1,3.1622776601683795,0.03162277660168379,0.6,20,200,5,1.0,predictive,P1+P2 (protect),coarse,0.0001333521432163324,20,30.0,True,True,1.0245715823152734e-06,1.6345479154655683e-06,39.55162077937976,7.499987740890638,11.027606821297981,0.287187732167151,1.185217705644229,37.499938704453164,1.054711611426793,0.3749993870445319,5.415518001963236,5.711809718561451,0.012097013526637208,0.03747987472994744,0.0287187732167151,0.008813934739402429,0.028718773216715014,,0.0,7.275163173675537,ok
A_rhoB0.6,0.6,0.37499999999999994,0.1,3.1622776601683795,0.03162277660168379,0.6,20,200,5,1.0,predictive,P1+P2 (protect),coarse,0.0005623413251903491,20,30.0,True,True,0.00021292302520766092,0.00033954068270011534,40.74663121527562,7.497453444879748,8.281850823190887,0.8361570833562726,3.3845386485730913,37.48726722439872,1.0869458947585149,0.3748726722439874,5.001557049908165,5.436421902798188,0.0148384781073309,0.10702850958359132,0.08361570833562726,0.03971851224212373,0.0836157083356273,,0.0,7.263107776641846,ok
A_rhoB0.6,0.6,0.37499999999999994,0.1,3.1622776601683795,0.03162277660168379,0.6,20,200,5,1.0,predictive,P1+P2 (protect),coarse,0.0023713737056616554,20,30.0,True,True,0.002069193764425952,0.003298509570716073,46.11997349827691,7.475261178219624,5.031015226917648,1.6330656847424843,5.860657910120243,37.376305891098184,1.2339361100226116,0.37376305891098116,4.559485396946391,5.626113674412933,0.015489105290795169,0.1853302758306238,0.16330656847424843,0.26133626378041186,0.16330656847424718,,0.0,7.360042572021484,ok
A_rhoB0.6,0.6,0.37499999999999994,0.1,3.1622776601683795,0.03162277660168379,0.6,20,200,5,1.0,predictive,P1+P2 (protect),coarse,0.01,20,30.0,True,True,0.005162568463253888,0.008226966906092205,52.91290558355233,7.438297748204335,3.246907006351601,2.445384918012693,6.869410327431373,37.1914887410216,1.4227154484727649,0.3719148874102168,4.4485302665931235,6.328992733280704,0.015593450796350381,0.2172298281696627,0.24453849180126933,0.6698586725775622,0.24453849180126772,,0.0,7.087377309799194,ok
A_rhoB0.6,0.6,0.37499999999999994,0.1,3.1622776601683795,0.03162277660168379,0.6,20,200,5,1.0,predictive,P1+P2 (protect),coarse,0.042169650342858224,20,30.0,True,True,0.007639005501867828,0.012169975413486439,58.07302711115336,7.408725184398852,2.5690555033715796,3.130320883034084,6.891898429195484,37.04362592199423,1.5676928396113936,0.3704362592199426,4.542018633328023,7.120490088849869,0.015597583562057541,0.21794096438794316,0.3130320883034084,0.9841559598679482,0.31303208830340806,,0.0,7.411119699478149,ok
A_rhoB0.6,0.6,0.37499999999999994,0.1,3.1622776601683795,0.03162277660168379,0.6,20,200,5,1.0,predictive,P1+P2 (protect),coarse,0.1778279410038923,20,30.0,True,True,0.008844694445309909,0.014088663205910554,60.75861272098125,7.39433502595569,2.352260329617071,3.5199573545718694,6.73344728985537,36.97167512977844,1.6433827384803528,0.3697167512977845,4.634197352468408,7.615759935757932,0.01559016754976553,0.21293029940630945,0.351995735457187,1.1662555495320548,0.35199573545718926,,0.0,7.2783379554748535,ok
A_rhoB0.6,0.6,0.37499999999999994,0.1,3.1622776601683795,0.03162277660168379,0.6,20,200,5,1.0,predictive,P1+P2 (protect),coarse,0.7498942093324559,20,30.0,True,True,0.009219044076439366,0.014684357351996535,61.705717394286935,7.3898673198600004,2.292328696875401,3.6621745160613113,6.655629467203287,36.94933659930013,1.6700088032285734,0.36949336599300003,4.672468535540422,7.803063587161025,0.015588048625150248,0.21046948378495195,0.3662174516061312,1.2635430043219156,0.36621745160612906,,0.0,7.312209129333496,ok
A_rhoB0.6,0.6,0.37499999999999994,0.1,3.1622776601683795,0.03162277660168379,0.6,20,200,5,1.0,predictive,P1+P2 (protect),coarse,3.1622776601683795,20,30.0,True,True,0.009305897585077908,0.014822604180088562,61.951558359271814,7.388830468649324,2.277279632396662,3.6991803145823625,6.6347095843716515,36.944152343246685,1.6768975448044467,0.3694415234324662,4.682597251992547,7.852235835174351,0.015588075163981497,0.20980793900363545,0.36991803145823626,1.2985789228962268,0.36991803145823643,,0.0,7.135663986206055,ok
A_rhoB0.6,0.6,0.37499999999999994,0.1,3.1622776601683795,0.03162277660168379,0.6,20,200,5,1.0,predictive,P1+P2 (protect),coarse,3.1622776601683795e-05,20,100.0,True,True,2.9899090827819925e-07,4.770330692778425e-07,39.53163335199442,7.49999642225198,11.299700554745225,0.23395125890185528,0.9663517641009385,37.49998211125989,1.0541773922639952,0.374999821112599,5.456886497904085,5.752526378241134,0.011319484317702152,0.03055872595480692,0.02339512589018553,0.007184519565237735,0.023395125890185484,,0.0,7.340746164321899,ok
A_rhoB0.6,0.6,0.37499999999999994,0.1,3.1622776601683795,0.03162277660168379,0.6,20,200,5,1.0,predictive,P1+P2 (protect),coarse,0.0001333521432163324,20,100.0,True,True,0.0001150334792244067,0.00018345126413183931,40.30965796712047,7.49862411551902,8.839998052060242,0.7213841162531719,2.9399937161675673,37.49312057759508,1.0751214448446973,0.37493120577595096,5.084756175549874,5.466730406140178,0.01459349352938542,0.09297076449672083,0.07213841162531719,0.028783904228881933,0.07213841162531706,,0.0,7.239394903182983,ok
A_rhoB0.6,0.6,0.37499999999999994,0.1,3.1622776601683795,0.03162277660168379,0.6,20,200,5,1.0,predictive,P1+P2 (protect),coarse,0.0005623413251903491,20,100.0,True,True,0.0016246590847764913,0.0025900180358861004,45.017401089298666,7.480574864730871,5.479064729284332,1.498479132713262,5.541881273271535,37.4028743236543,1.2035813263909718,0.37402874323654356,4.611955976108839,5.550864090981846,0.015443450578272837,0.17524967345772124,0.1498479132713262,0.20495825749733895,0.14984791327132643,,0.0,7.387077569961548,ok
A_rhoB0.6,0.6,0.37499999999999994,0.1,3.1622776601683795,0.03162277660168379,0.6,20,200,5,1.0,predictive,P1+P2 (protect),coarse,0.0023713737056616554,20,100.0,True,True,0.004662110927601552,0.0074298354816401836,51.86785803788427,7.444276233887697,3.440505922873532,2.3161506903937896,6.799067152844982,37.2213811694384,1.3934963294825755,0.37221381169438483,4.445862165120547,6.195292608480939,0.015587816526509979,0.21500538167426322,0.23161506903937898,0.6041486351470973,0.23161506903937806,,0.0,7.30549168586731,ok
A_rhoB0.6,0.6,0.37499999999999994,0.1,3.1622776601683795,0.03162277660168379,0.6,20,200,5,1.0,predictive,P1+P2 (protect),coarse,0.01,20,100.0,True,True,0.007321417186285181,0.011664461708781318,57.399608917744295,7.412516537184168,2.636036477508495,3.036209962654652,6.915237022652685,37.06258268592061,1.5487212373774843,0.3706258268592084,4.523170386297585,7.005130037535991,0.015598697220050643,0.21867899551503925,0.30362099626546524,0.9436897808431588,0.3036209962654645,,0.0,7.439834356307983,ok
A_rhoB0.6,0.6,0.37499999999999994,0.1,3.1622776601683795,0.03162277660168379,0.6,20,200,5,1.0,predictive,P1+P2 (protect),coarse,0.042169650342858224,20,100.0,True,True,0.0087221954459077,0.013893747629204107,60.46908832527499,7.395796892780975,2.372016516893341,3.4768768084555512,6.7553097818701335,36.97898446390496,1.635228473737526,0.36978984463904874,4.623006320203844,7.559671569065868,0.015591063984252987,0.21362165210724748,0.3476876808455551,1.142790004067,0.3476876808455556,,0.0,7.2683024406433105,ok
A_rhoB0.6,0.6,0.37499999999999994,0.1,3.1622776601683795,0.03162277660168379,0.6,20,200,5,1.0,predictive,P1+P2 (protect),coarse,0.1778279410038923,20,100.0,True,True,0.009188006278799307,0.01463496000159767,61.62142586726036,7.390237799988014,2.2974733419901203,3.6494745434497564,6.66281431457211,36.951188999939966,1.667643925270185,0.36951188999940066,4.6689934631586,7.786218585962642,0.015588128913048801,0.2106966886082151,0.36494745434497566,1.252840459491686,0.36494745434497594,,0.0,7.1970953941345215,ok
A_rhoB0.6,0.6,0.37499999999999994,0.1,3.1622776601683795,0.03162277660168379,0.6,20,200,5,1.0,predictive,P1+P2 (protect),coarse,0.7498942093324559,20,100.0,True,True,0.009298937142547897,0.014811523894508702,61.93121153743128,7.388913570791185,2.2785338143708795,3.6961212947409146,6.636431320097021,36.94456785395588,1.6763279457550868,0.36944567853955923,4.681761294859057,7.848167293926759,0.015588054079115196,0.20986238506784657,0.3696121294740915,1.2954320015815197,0.3696121294740903,,0.0,7.319467067718506,ok
A_rhoB0.6,0.6,0.37499999999999994,0.1,3.1622776601683795,0.03162277660168379,0.6,20,200,5,1.0,predictive,P1+P2 (protect),coarse,3.1622776601683795,20,100.0,True,True,0.009324058300839409,0.014851515290956694,62.005277426848664,7.388613635317832,2.273955421578287,3.707251885526175,6.630179057577707,36.94306817658914,1.6784008607639542,0.3694306817658916,4.684800574169932,7.862973316194281,0.01558815239150908,0.20966467116694237,0.3707251885526175,1.3071296691800909,0.370725188552616,,0.0,7.2215895652771,ok
A_rhoB0.6,0.6,0.37499999999999994,0.1,3.1622776601683795,0.03162277660168379,0.6,20,200,5,1.0,base,Base,fine,0.0027384196342643613,0,1.0,False,False,1.3819567979772541e-05,2.2050407938689204e-05,40.710240556419166,7.499834621940468,7.409015884461874,0.2028899456858685,4.888259547911789,37.499173109702305,1.085630353430008,0.3749917310970234,4.5674554582801346,4.958568283448482,0.0,0.0,,,,,9.041909543942373e-24,0.3900768756866455,ok
A_rhoB0.6,0.6,0.37499999999999994,0.1,3.1622776601683795,0.03162277660168379,0.6,20,200,5,1.0,base,Base,fine,0.0031622776601683794,0,1.0,False,False,2.1337255725083673e-05,3.40436975194484e-05,40.87886961608529,7.499744672268612,7.230933750935336,0.22866220262740403,5.040659374168648,37.49872336134299,1.0901403021689762,0.3749872336134306,4.536938299829404,4.945899289098028,0.0,0.0,,,,,4.326856727224441e-23,0.38320183753967285,ok
A_rhoB0.6,0.6,0.37499999999999994,0.1,3.1622776601683795,0.03162277660168379,0.6,20,200,5,1.0,base,Base,fine,0.003651741272548377,0,1.0,False,False,3.260253667023367e-05,5.201460766659185e-05,41.071569494922976,7.499609890442516,7.048014423771494,0.25737525160802666,5.195000434177964,37.49804945221249,1.0952988247365927,0.3749804945221258,4.506418751537926,4.935875162330434,0.0,0.0,,,,,1.9546065167866247e-22,0.4078810214996338,ok
A_rhoB0.6,0.6,0.37499999999999994,0.1,3.1622776601683795,0.03162277660168379,0.6,20,200,5,1.0,base,Base,fine,0.004216965034285823,0,1.0,False,False,4.9195397907792896e-05,7.848272527212087e-05,41.291573543589884,7.499411379560438,6.859821112314289,0.2892762577208503,5.351491250404423,37.49705689780229,1.1011950526178493,0.3749705689780219,4.475884102949774,4.9288214302591715,0.0,0.0,,,,,8.336931165012605e-22,0.41766810417175293,ok
A_rhoB0.6,0.6,0.37499999999999994,0.1,3.1622776601683795,0.03162277660168379,0.6,20,200,5,1.0,base,Base,fine,0.004869675251658631,0,1.0,False,False,7.317313951681783e-05,0.00011672851233257597,41.542314840211326,7.499124536157476,6.665915949950211,0.3246084593110898,5.510351054581223,37.49562268078754,1.1079243887713133,0.37495622680787377,4.4453177789536396,4.925075983141463,0.0,0.0,,,,,3.359107593206475e-21,0.4118211269378662,ok
A_rhoB0.6,0.6,0.37499999999999994,0.1,3.1622776601683795,0.03162277660168379,0.6,20,200,5,1.0,base,Base,fine,0.005623413251903491,0,1.0,False,False,0.00010711387004501175,0.00017086249549378734,41.82731668834353,7.498718531283794,6.465888824438487,0.3636036490068209,5.671788995270898,37.49359265641898,1.1155857234498068,0.3749359265641897,4.414702821473094,4.924979440908965,0.0,0.0,,,,,1.2795080941383762e-20,0.4327120780944824,ok
A_rhoB0.6,0.6,0.37499999999999994,0.1,3.1622776601683795,0.03162277660168379,0.6,20,200,5,1.0,base,Base,fine,0.006493816315762113,0,1.0,False,False,0.00015411638168794602,0.0002458248696042729,42.15004013275943,7.498156313477951,6.2593952165480955,0.4064736278402321,5.835974842133721,37.49078156738983,1.124277445563373,0.3749078156738975,4.384027213447462,4.928862916815025,0.0,0.0,,,,,4.6121706672466636e-20,0.4138765335083008,ok
A_rhoB0.6,0.6,0.37499999999999994,0.1,3.1622776601683795,0.03162277660168379,0.6,20,200,5,1.0,base,Base,fine,0.007498942093324558,0,1.0,False,False,0.00021773977282221724,0.00034728901636293637,42.513693945757325,7.497395332377266,6.046201600644449,0.4534011568779871,6.003001910100298,37.486976661886395,1.1340923630414206,0.3748697666188633,4.35329099071637,4.9370340666684545,0.0,0.0,,,,,1.5752609317013112e-19,0.37572598457336426,ok
A_rhoB0.6,0.6,0.37499999999999994,0.1,3.1622776601683795,0.03162277660168379,0.6,20,200,5,1.0,base,Base,fine,0.008659643233600654,0,1.0,False,False,0.00030187237148279685,0.0004814523133211503,42.92102058157165,7.496389107650069,5.82623502966599,0.5045311675201417,6.172844695163799,37.48194553825047,1.1451118655986143,0.37481945538250344,4.322514712930787,4.949762887001633,0.0,0.0,,,,,5.105195282184276e-19,0.3821127414703369,ok
A_rhoB0.6,0.6,0.37499999999999994,0.1,3.1622776601683795,0.03162277660168379,0.6,20,200,5,1.0,base,Base,fine,0.011547819846894581,0,1.0,False,False,0.0005475968914679885,0.0008732637073744046,43.874051328554096,7.493450522194691,5.366777683834049,0.6197458185124981,6.520025975458761,37.467252610973425,1.1709972915309046,0.37467252610973456,4.261080204319844,4.989713378254491,0.0,0.0,,,,,4.61130679618858e-18,0.3699662685394287,ok
A_rhoB0.6,0.6,0.37499999999999994,0.1,3.1622776601683795,0.03162277660168379,0.6,20,200,5,1.0,base,Base,fine,0.01333521432163324,0,1.0,False,False,0.000716534316167073,0.0011426135908771738,44.42109748301341,7.491430398068403,5.128335939617994,0.6838745886814055,6.696359073632198,37.45715199034211,1.185917645166052,0.3745715199034202,4.230642216864737,5.017193255364315,0.0,0.0,,,,,1.2898153948879837e-17,0.4173727035522461,ok
A_rhoB0.6,0.6,0.37499999999999994,0.1,3.1622776601683795,0.03162277660168379,0.6,20,200,5,1.0,base,Base,fine,0.01539926526059492,0,1.0,False,False,0.0009200925194820869,0.001467142573272241,45.014284942396785,7.48899643070047,4.885252545872497,0.7522929981888737,6.8734580252381585,37.44498215350234,1.2021446493916,0.3744498215350235,4.2006143507921,5.049746065962292,0.0,0.0,,,,,3.447603585342244e-17,0.4495699405670166,ok
A_rhoB0.6,0.6,0.37499999999999994,0.1,3.1622776601683795,0.03162277660168379,0.6,20,200,5,1.0,base,Base,fine,0.01778279410038923,0,1.0,False,False,0.0011600621652590587,0.0018496986609598065,45.65160287817565,7.48612726004281,4.638740319686606,0.8248976399016092,7.050234780368974,37.43063630021399,1.2196320284812967,0.3743063630021405,4.171223293118564,5.087357526234629,0.0,0.0,,,,,8.823242922292738e-17,0.3798844814300537,ok
A_rhoB0.6,0.6,0.37499999999999994,0.1,3.1622776601683795,0.03162277660168379,0.6,20,200,5,1.0,base,Base,fine,0.02053525026457146,0,1.0,False,False,0.001437098704209279,0.0022913196272327714,46.33006527489605,7.482815102795799,4.390238901649254,0.9015465456662453,7.225399449888703,37.414075513978744,1.2383057616266928,0.37414075513978995,4.1427375059340115,5.1299757225050815,0.0,0.0,,,,,2.1661855400171582e-16,0.3932936191558838,ok
A_rhoB0.6,0.6,0.37499999999999994,0.1,3.1622776601683795,0.03162277660168379,0.6,20,200,5,1.0,base,Base,fine,0.023713737056616554,0,1.0,False,False,0.0017506416154987087,0.0027911046657384054,47.04589151826801,7.479066715006936,4.141354898411031,0.9820700111904993,7.397508375391533,37.39533357503483,1.2580685080364118,0.3739533357503468,4.115458155138459,5.177528301121325,0.0,0.0,,,,,5.111457557887578e-16,0.38111281394958496,ok
A_rhoB0.6,0.6,0.37499999999999994,0.1,3.1622776601683795,0.03162277660168379,0.6,20,200,5,1.0,base,Base,fine,0.027384196342643614,0,1.0,False,False,0.0020989363128452805,0.0033462497229583324,47.79474333827771,7.474903127077789,3.8937881808546133,1.066282600611876,7.565026091455723,37.374515635389045,1.2788056922140283,0.37374515635388944,4.08970689803939,5.229940460699749,0.0,0.0,,,,,1.1613991481507399e-15,0.414353609085083,ok
A_rhoB0.6,0.6,0.37499999999999994,0.1,3.1622776601683795,0.03162277660168379,0.6,20,200,5,1.0,base,Base,fine,0.03162277660168379,0,1.0,False,False,0.0024791515192642702,0.003952234992363989,48.571990089732445,7.470358237557297,3.6492522098984326,1.1539948739681858,7.726394678576083,37.35179118778634,1.3003925259042195,0.37351791187786487,4.065811790397919,5.287151263966707,0.0,0.0,,,,,2.5455698207035106e-15,0.47205376625061035,ok
A_rhoB0.6,0.6,0.37499999999999994,0.1,3.1622776601683795,0.03162277660168379,0.6,20,200,5,1.0,base,Base,fine,0.03651741272548377,0,1.0,False,False,0.002887572448202722,0.004603133188412485,49.37297244947439,7.46547650108693,3.4093966203707087,1.2450234353094742,7.880103443232888,37.327382505434535,1.3227011682987984,0.3732738250543465,4.044092730882507,5.34912617984697,0.0,0.0,,,,,5.3913984546884255e-15,0.39702677726745605,ok
A_rhoB0.6,0.6,0.37499999999999994,0.1,3.1622776601683795,0.03162277660168379,0.6,20,200,5,1.0,predictive,P2 only,fine,0.0009085175756516871,0,3.0,False,False,1.1616799167316369e-05,1.8535645489978618e-05,40.53211328668203,7.4998609826588245,7.657814985658976,0.17307949821695873,4.669244533465242,37.49930491329421,1.0808763890530844,0.37499304913294124,4.612383328984514,4.9854162375614255,0.0,0.0,0.017307949821695874,0.7258365308296229,0.017307949821695888,,0.0,1.1003360748291016,ok
A_rhoB0.6,0.6,0.37499999999999994,0.1,3.1622776601683795,0.03162277660168379,0.6,20,200,5,1.0,predictive,P2 only,fine,0.0014677992676220691,0,3.0,False,False,4.904295515505708e-05,7.823791501007775e-05,41.11124890589909,7.499413215637423,7.064558485452821,0.25860947400031953,5.177418824909436,37.49706607818712,1.0963857497590836,0.37497066078187113,4.510540990466329,4.945292865651506,0.0,0.0,0.025860947400031954,0.8896841344994749,0.025860947400032013,,0.0,0.9852321147918701,ok
A_rhoB0.6,0.6,0.37499999999999994,0.1,3.1622776601683795,0.03162277660168379,0.6,20,200,5,1.0,predictive,P2 only,fine,0.003831186849557289,0,3.0,False,False,0.0005019374497508866,0.0008004486686517804,43.34451959317062,7.493996634985104,5.6961525728031015,0.5401379667486905,6.269712825463105,37.469983174925616,1.156779798667648,0.3746998317492552,4.305657594153378,4.980697724896575,0.0,0.0,0.05401379667486905,1.14607864929725,0.0540137966748691,,0.0,0.9317286014556885,ok
A_rhoB0.6,0.6,0.37499999999999994,0.1,3.1622776601683795,0.03162277660168379,0.6,20,200,5,1.0,predictive,P2 only,fine,0.00618965818891261,0,3.0,False,False,0.0011646577454954019,0.0018569945735916404,45.1536190141691,7.486072540698077,4.918499132517572,0.7438722190526829,6.8515561077316685,37.430362703490324,1.2063366676903347,0.37430362703490383,4.203849013077464,5.07125720990917,0.0,0.0,0.0743872219052683,1.226195491884739,0.07438722190526827,,0.0,0.9688098430633545,ok
A_rhoB0.6,0.6,0.37499999999999994,0.1,3.1622776601683795,0.03162277660168379,0.6,20,200,5,1.0,predictive,P1 only (protect),fine,0.003831186849557289,15,1.0,True,True,1.2385381917389294e-05,1.9759953814888564e-05,40.459136265497854,7.499851800346374,7.292786122892645,0.2469351233709766,4.960426953390005,37.49925900173184,1.0789316200522605,0.37499259001731866,4.557801983470355,4.917556677903077,0.007988421818931897,0.018649484541046178,0.02469351233709766,0.6527636192867483,0.024693512337097726,,0.0,2.358252763748169,ok
A_rhoB0.6,0.6,0.37499999999999994,0.1,3.1622776601683795,0.03162277660168379,0.6,20,200,5,1.0,predictive,P1 only (protect),fine,0.006189658188912603,15,1.0,True,True,5.506778036567046e-05,8.784079697560014e-05,40.943635925071526,7.4993411940227075,6.69861060275978,0.35737905901325007,5.444669144204262,37.49670597011346,1.0919262070035012,0.37496705970113536,4.465095849391832,4.8755551747335,0.010271385940771342,0.030817413337088553,0.03573790590132501,0.7302302508139664,0.035737905901325064,,0.0,2.234531879425049,ok
A_rhoB0.6,0.6,0.37499999999999994,0.1,3.1622776601683795,0.03162277660168379,0.6,20,200,5,1.0,predictive,P1 only (protect),fine,0.016155980984398747,15,1.0,True,True,0.0005381097760752967,0.0008580886725969302,43.08322801469895,7.493564334955529,5.241370547915468,0.6908909123913461,6.574174204737656,37.46782167477764,1.1498727731935763,0.37467821674777646,4.259581783060632,4.8979771175327675,0.013306627575324867,0.06574007963271615,0.06908909123913462,0.873236850673686,0.06908909123913458,,0.0,2.3646392822265625,ok
A_rhoB0.6,0.6,0.37499999999999994,0.1,3.1622776601683795,0.03162277660168379,0.6,20,200,5,1.0,predictive,P1 only (protect),fine,0.026101572156825372,15,1.0,True,True,0.0011741506681997719,0.001872079283885693,44.85645755763692,7.485959405370857,4.443081671070452,0.9092453767909378,7.1617135467677535,37.42979702685437,1.1984157308000956,0.37429797026854283,4.158735002010633,4.983893446638509,0.01411804222292194,0.08577446058384677,0.09092453767909378,0.9468684221588536,0.09092453767909355,,0.0,2.374356508255005,ok
A_rhoB0.6,0.6,0.37499999999999994,0.1,3.1622776601683795,0.03162277660168379,0.6,20,200,5,1.0,predictive,P1+P2 (protect),fine,0.0009085175756516871,10,3.0,True,True,1.0682465568766033e-05,1.7045336401737626e-05,40.52890320813561,7.499872159976986,7.65759071485142,0.1730583407140556,4.669478784457539,37.499360799884975,1.0807891746320093,0.3749936079988493,4.61232898383172,4.984955235566779,0.00016374494087715853,0.0002450391536417034,0.01730583407140556,0.7257217394797122,0.01730583407140558,,0.0,1.1873581409454346,ok
A_rhoB0.6,0.6,0.37499999999999994,0.1,3.1622776601683795,0.03162277660168379,0.6,20,200,5,1.0,predictive,P1+P2 (protect),fine,0.0014677992676220691,10,3.0,True,True,4.362243751285092e-05,6.95930407315406e-05,41.09615298494146,7.499478052194512,7.0638183911574375,0.2585080286699319,5.1781955279781196,37.49739026097264,1.0959736850730764,0.3749739026097256,4.510360269907837,4.943236166018087,0.0006743259337746627,0.0011842003138172036,0.02585080286699319,0.889175053908939,0.0258508028669931,,0.0,1.2004709243774414,ok
A_rhoB0.6,0.6,0.37499999999999994,0.1,3.1622776601683795,0.03162277660168379,0.6,20,200,5,1.0,predictive,P1+P2 (protect),fine,0.003831186849557289,10,3.0,True,True,0.00043692085886465435,0.0006967918025473555,43.22921582810975,7.4947740614808955,5.693739012494626,0.5393333076876722,6.272153618336806,37.47387030740438,1.1535828958549867,0.3747387030740448,4.305102885010635,4.966293053044226,0.0038915255669540903,0.009996207139725537,0.05393333076876722,1.142810937419743,0.0539333307687672,,0.0,1.2850675582885742,ok
A_rhoB0.6,0.6,0.37499999999999994,0.1,3.1622776601683795,0.03162277660168379,0.6,20,200,5,1.0,predictive,P1+P2 (protect),fine,0.00618965818891261,10,3.0,True,True,0.0010183406839660689,0.001623762514753179,44.94296404580721,7.487821781139357,4.915924863236999,0.7423766854595023,6.8538766701641425,37.4391089056967,1.2004282516181557,0.37439108905696783,4.2033636775197465,5.0458365103202905,0.00633544370803711,0.019583947802558885,0.07423766854595024,1.2207925274402611,0.07423766854594992,,0.0,1.1819734573364258,ok
A_rhoB0.6,0.6,0.37499999999999994,0.1,17.78279410038923,0.005623413251903491,0.6,20,200,5,1.0,base,Base,coarse,5.623413251903491e-06,0,1.0,False,False,3.579041025300679e-11,5.7247494145559066e-11,39.51158472114141,7.499999999570609,12.239760368335006,0.0006882923065541827,0.25955133978783185,37.49999999785323,1.0536422592907557,0.37499999997853045,5.5812518459519325,5.880642804639495,0.0,0.0,,,,,1.0965491238714398e-62,0.3769505023956299,ok
A_rhoB0.6,0.6,0.37499999999999994,0.1,17.78279410038923,0.005623413251903491,0.6,20,200,5,1.0,base,Base,coarse,2.3713737056616554e-05,0,1.0,False,False,1.8114057599896965e-10,2.897322648847332e-10,39.523749539080455,7.499999997826994,11.699115953022966,0.0027742975950485467,0.7981097515549919,37.499999989135,1.0539666546808482,0.3749999998913497,5.460073249203324,5.754735136775216,0.0,0.0,,,,,1.1201256174291908e-50,0.41864562034606934,ok
A_rhoB0.6,0.6,0.37499999999999994,0.1,17.78279410038923,0.005623413251903491,0.6,20,200,5,1.0,base,Base,coarse,0.0001,0,1.0,False,False,3.2992720979343085e-09,5.276904214713433e-09,39.568766591063316,7.499999960423158,10.698863500800456,0.010698863500800402,1.7904376752755864,37.499999802116065,1.0551671146630384,0.3749999980211579,5.237407763237503,5.526340437849114,0.0,0.0,,,,,1.342481753912518e-39,0.36887502670288086,ok
A_rhoB0.6,0.6,0.37499999999999994,0.1,17.78279410038923,0.005623413251903491,0.6,20,200,5,1.0,base,Base,coarse,0.00042169650342858224,0,1.0,False,False,4.819311871899784e-07,7.707293657783566e-07,39.731234218942724,7.4999942195297535,9.277015313053425,0.03912084919768046,3.1838696182191404,37.49997109764876,1.0595003957598748,0.37499971097648765,4.927339813981236,5.220518482956507,0.0,0.0,,,,,2.242259292517273e-30,0.39019203186035156,ok
A_rhoB0.6,0.6,0.37499999999999994,0.1,17.78279410038923,0.005623413251903491,0.6,20,200,5,1.0,base,Base,coarse,0.0017782794100389228,0,1.0,False,False,4.933545571385471e-05,7.889278043606196e-05,40.32868093997804,7.499408304146688,7.224816174236337,0.12847741843960572,5.14729810317737,37.49704152073365,1.0755163422073888,0.37497041520733443,4.497764305091621,4.837419013523099,0.0,0.0,,,,,9.935048352551023e-24,0.5307326316833496,ok
A_rhoB0.6,0.6,0.37499999999999994,0.1,17.78279410038923,0.005623413251903491,0.6,20,200,5,1.0,base,Base,coarse,0.007498942093324558,0,1.0,False,False,0.0005102565239137497,0.0008159047765404747,41.99118599111874,7.4938807141759565,4.5522832830817075,0.34137308732239213,7.612462915419944,37.46940357087974,1.1206793273793452,0.37469403570879783,3.972839205551185,4.452278768663394,0.0,0.0,,,,,2.830234777697732e-19,0.3821115493774414,ok
A_rhoB0.6,0.6,0.37499999999999994,0.1,17.78279410038923,0.005623413251903491,0.6,20,200,5,1.0,base,Base,coarse,0.03162277660168379,0,1.0,False,False,0.001321431219504491,0.002112869822433978,44.96106833918611,7.484153476331742,2.4557828870054146,0.7765867361801048,9.28347690048274,37.42076738165874,1.2015004363919897,0.3742076738165871,3.6598682550139814,4.397333305536488,0.0,0.0,,,,,3.7961336061203e-16,0.41458559036254883,ok
A_rhoB0.6,0.6,0.37499999999999994,0.1,17.78279410038923,0.005623413251903491,0.6,20,200,5,1.0,base,Base,coarse,0.1333521432163324,0,1.0,False,False,0.002105263632599739,0.0033660069634317835,50.21980521712396,7.474754947774281,1.2095176672162342,1.612917731813035,9.70280965319645,37.37377473887128,1.3437177691578455,0.37373774738871407,3.6896358455832146,4.9578292474318975,0.0,0.0,,,,,1.7370448757906728e-15,0.4748349189758301,ok
A_rhoB0.6,0.6,0.37499999999999994,0.1,17.78279410038923,0.005623413251903491,0.6,20,200,5,1.0,base,Base,coarse,0.5623413251903491,0,1.0,False,False,0.0030805531954156175,0.0049252734633210395,58.06431438227202,7.463060449025071,0.49708386256047654,2.795307980029968,9.244547708384484,37.315302245125444,1.556045667293424,0.37315302245125354,3.969077516343406,6.176065872457902,0.0,0.0,,,,,4.106395103590581e-18,0.4795420169830322,ok
A_rhoB0.6,0.6,0.37499999999999994,0.1,17.78279410038923,0.005623413251903491,0.6,20,200,5,1.0,predictive,Check,check,0.0017782794100389228,0,1.0,False,False,4.93354557138547e-05,7.889278043606193e-05,40.32868093997792,7.499408304146728,7.2248161742363335,0.12847741843960647,5.147298103177332,37.49704152073366,1.0755163422073855,0.3749704152073364,4.497764305091636,4.837419013523099,0.0,0.0,0.012847741843960647,0.5135569943433096,0.012847741843960661,7.419751349456542e-15,0.0,0.9671790599822998,ok
A_rhoB0.6,0.6,0.37499999999999994,0.1,17.78279410038923,0.005623413251903491,0.6,20,200,5,1.0,predictive,P2 only,coarse,5.623413251903491e-06,0,3.0,False,False,8.551350802887799e-11,1.367790519716899e-10,39.516906541778525,7.499999998974152,11.969444198628223,0.0015950379798097773,0.5289607644178158,37.49999999487075,1.053784174591564,0.3749999999487076,5.520612679874094,5.817534276100844,0.0,0.0,0.00015950379798097773,0.015963821205410726,0.00015950379798097757,,0.0,0.9461054801940918,ok
A_rhoB0.6,0.6,0.37499999999999994,0.1,17.78279410038923,0.005623413251903491,0.6,20,200,5,1.0,predictive,P2 only,coarse,2.3713737056616554e-05,0,3.0,False,False,1.0223956530757985e-09,1.635263049005967e-09,39.54397349814373,7.499999987735528,11.145376804277486,0.0063179741126742454,1.3483052338743118,37.49999993867764,1.054505961674894,0.3749999993867764,5.336488689819037,5.6273591378248184,0.0,0.0,0.0006317974112674245,0.056121567050510135,0.0006317974112674243,,0.0,0.9571044445037842,ok
A_rhoB0.6,0.6,0.37499999999999994,0.1,17.78279410038923,0.005623413251903491,0.6,20,200,5,1.0,predictive,P2 only,coarse,0.0001,0,3.0,False,False,1.0812645672091208e-07,1.7292565987949432e-07,39.643449065963004,7.49999870305755,9.886870274592273,0.02385135676123944,2.589279665588938,37.49999351528772,1.0571588245689019,0.3749999351528775,5.05917643699539,5.348353015420732,0.0,0.0,0.002385135676123944,0.16768406744678327,0.0023851356761239403,,0.0,0.9998800754547119,ok
A_rhoB0.6,0.6,0.37499999999999994,0.1,17.78279410038923,0.005623413251903491,0.6,20,200,5,1.0,predictive,P2 only,coarse,0.00042169650342858224,0,3.0,False,False,1.8508655256428042e-05,2.9597892135159124e-05,40.01407541522918,7.4997780158089755,8.112643891440861,0.0818482213199785,4.305729871430186,37.498890079044834,1.0670735942019223,0.3749889007904488,4.680654942818105,4.994603293051909,0.0,0.0,0.00818482213199785,0.367585554779849,0.00818482213199787,,0.0,1.0130250453948975,ok
A_rhoB0.6,0.6,0.37499999999999994,0.1,17.78279410038923,0.005623413251903491,0.6,20,200,5,1.0,predictive,P2 only,coarse,0.0017782794100389228,0,3.0,False,False,0.00033226442497796864,0.0005313008172773697,41.17490032235457,7.496015243870413,5.631369077151502,0.22462506831955537,6.647990610658528,37.48007621935205,1.0985810189226555,0.37480076219352065,4.173175631953637,4.584571537894822,0.0,0.0,0.02246250683195554,0.5637429612334195,0.02246250683195547,,0.0,0.9759585857391357,ok
A_rhoB0.6,0.6,0.37499999999999994,0.1,17.78279410038923,0.005623413251903491,0.6,20,200,5,1.0,predictive,P2 only,coarse,0.007498942093324558,0,3.0,False,False,0.00110332646879776,0.0017641567366403794,43.2163517564795,7.486768824475197,3.349418795697344,0.4969175759469388,8.66689480388052,37.433844122375916,1.1544727176615857,0.37433844122375987,3.757295100114487,4.337694685285731,0.0,0.0,0.04969175759469388,0.9885534469879347,0.04969175759469413,,0.0,0.9322443008422852,ok
A_rhoB0.6,0.6,0.37499999999999994,0.1,17.78279410038923,0.005623413251903491,0.6,20,200,5,1.0,predictive,P2 only,coarse,0.03162277660168379,0,3.0,False,False,0.001858950487277705,0.0029721994223534,46.53848708807337,7.477708504332351,1.8748728627999174,1.041232973633964,9.606185659233768,37.388542521661684,1.2447258959375191,0.37388542521661755,3.6259004362590828,4.513252169102828,0.0,0.0,0.10412329736339641,1.8794879017361397,0.10412329736339634,,0.0,0.9770057201385498,ok
A_rhoB0.6,0.6,0.37499999999999994,0.1,17.78279410038923,0.005623413251903491,0.6,20,200,5,1.0,predictive,P2 only,coarse,0.1333521432163324,0,3.0,False,False,0.002504062594393532,0.004003458448932789,52.29059414396139,7.469974061633001,0.9308130452597609,2.002460859127644,9.596752033979595,37.349870308165066,1.4000207688145607,0.37349870308165,3.771426334761646,5.28007519672048,0.0,0.0,0.20024608591276438,2.9513652226895326,0.20024608591276358,,0.0,0.994375467300415,ok
A_rhoB0.6,0.6,0.37499999999999994,0.1,17.78279410038923,0.005623413251903491,0.6,20,200,5,1.0,predictive,P2 only,coarse,0.5623413251903491,0,3.0,False,False,0.003309743256123095,0.005291544108518736,59.95426450893366,7.460313419186112,0.37058497118346845,3.162904300430165,9.006197309200255,37.301567095930636,1.6072854085391572,0.3730156709593056,4.077716920700664,6.5540549067954,0.0,0.0,0.3162904300430165,3.6408574966393967,0.31629043004301693,,0.0,1.1483023166656494,ok
A_rhoB0.6,0.6,0.37499999999999994,0.1,17.78279410038923,0.005623413251903491,0.6,20,200,5,1.0,predictive,P2 only,coarse,5.623413251903491e-06,0,10.0,False,False,5.33113191476086e-10,8.52692329288116e-10,39.53433476490266,7.499999993604815,11.376638093016739,0.004624803448538641,1.1187371099299064,37.499999968024035,1.054248927963021,0.3749999996802408,5.38802186532358,5.680316275358701,0.0,0.0,0.00046248034485386414,0.04244272764474915,0.00046248034485386457,,0.0,1.0010154247283936,ok
A_rhoB0.6,0.6,0.37499999999999994,0.1,17.78279410038923,0.005623413251903491,0.6,20,200,5,1.0,predictive,P2 only,coarse,2.3713737056616554e-05,0,10.0,False,False,3.994702455836236e-08,6.388803249950745e-08,39.60867651918548,7.499999520839749,10.214949748910353,0.017748474485291127,2.2673022557646068,37.49999760419877,1.0562314413254952,0.3749999760419874,5.130892975239497,5.419410482524072,0.0,0.0,0.0017748474485291127,0.13201392244198823,0.0017748474485291131,,0.0,0.947425127029419,ok
A_rhoB0.6,0.6,0.37499999999999994,0.1,17.78279410038923,0.005623413251903491,0.6,20,200,5,1.0,predictive,P2 only,coarse,0.0001,0,10.0,False,False,8.714936344643614e-06,1.3936572602862114e-05,39.885345979966,7.499895475705479,8.596434836595321,0.06252027252949495,3.8411494151697045,37.499477378527466,1.0636240494062112,0.37499477378527396,4.78256961493925,5.08685606040879,0.0,0.0,0.006252027252949495,0.3065687291723438,0.006252027252949484,,0.0,1.0071377754211426,ok
A_rhoB0.6,0.6,0.37499999999999994,0.1,17.78279410038923,0.005623413251903491,0.6,20,200,5,1.0,predictive,P2 only,coarse,0.00042169650342858224,0,10.0,False,False,0.00023362958584755773,0.00037358432236374545,40.81331729496319,7.497198117582261,6.3221104306163,0.1772750164816034,6.003416435319835,37.48599058791126,1.0887618722319412,0.37485990587911305,4.311640656767201,4.694349953853215,0.0,0.0,0.01772750164816034,0.4527870332898097,0.017727501648160386,,0.0,0.9615118503570557,ok
A_rhoB0.6,0.6,0.37499999999999994,0.1,17.78279410038923,0.005623413251903491,0.6,20,200,5,1.0,predictive,P2 only,coarse,0.0017782794100389228,0,10.0,False,False,0.0009525722369357541,0.001523122275012047,42.49753212813918,7.488576582937401,4.076237853854843,0.38429186138140564,8.05089370182635,37.44288291468707,1.1349962615049978,0.37442882914687003,3.879591422670391,4.403321760897749,0.0,0.0,0.038429186138140566,0.6602680520891892,0.0384291861381406,,0.0,0.9690091609954834,ok
A_rhoB0.6,0.6,0.37499999999999994,0.1,17.78279410038923,0.005623413251903491,0.6,20,200,5,1.0,predictive,P2 only,coarse,0.007498942093324558,0,10.0,False,False,0.0017297703807102912,0.0027656809664237,44.87362357269239,7.479257392751815,2.5579053030231744,0.761503114662774,9.201334189562235,37.396286963759074,1.1999486370446253,0.37396286963759073,3.6753938770761287,4.410283873399662,0.0,0.0,0.0761503114662774,1.2101729519168924,0.07615031146627727,,0.0,1.004225254058838,ok
A_rhoB0.6,0.6,0.37499999999999994,0.1,17.78279410038923,0.005623413251903491,0.6,20,200,5,1.0,predictive,P2 only,coarse,0.03162277660168379,0,10.0,False,False,0.002339021889894885,0.003739591232797607,48.74734682370093,7.47195306575402,1.5077445161449377,1.4498648069470175,9.570437611154025,37.359765328770074,1.304808699806299,0.373597653287701,3.69455415368624,4.820686401635304,0.0,0.0,0.14498648069470174,2.1393884781913837,0.1449864806947018,,0.0,0.9650974273681641,ok
A_rhoB0.6,0.6,0.37499999999999994,0.1,17.78279410038923,0.005623413251903491,0.6,20,200,5,1.0,predictive,P2 only,coarse,0.1333521432163324,0,10.0,False,False,0.0028047871140761352,0.0044840740540387945,54.49614984170069,7.466369444594709,0.7627866485405217,2.42863465118597,9.342209255678801,37.33184722297348,1.4597764079609903,0.37331847222973547,3.8923991544025784,5.682032455964192,0.0,0.0,0.24286346511859702,3.14499812529606,0.24286346511859555,,0.0,0.9691524505615234,ok
A_rhoB0.6,0.6,0.37499999999999994,0.1,17.78279410038923,0.005623413251903491,0.6,20,200,5,1.0,predictive,P2 only,coarse,0.5623413251903491,0,10.0,False,False,0.003437325739421847,0.0054954133828266595,61.275832891936844,7.458784399628776,0.3079924025090778,3.421751140608342,8.811472057253805,37.29392199814415,1.6430514574194182,0.3729392199814388,4.160343142515569,6.835657863675088,0.0,0.0,0.34217511406083423,3.7554593506720444,0.34217511406083384,,0.0,1.018723726272583,ok
A_rhoB0.6,0.6,0.37499999999999994,0.1,17.78279410038923,0.005623413251903491,0.6,20,200,5,1.0,predictive,P2 only,coarse,5.623413251903491e-06,0,30.0,False,False,1.1002555337394628e-08,1.759704583457832e-08,39.57974558681858,7.499999868022155,10.552814757188099,0.01264585422802448,1.9345395205617226,37.49999934011078,1.0554599008881385,0.3749999934011078,5.2051929140961715,5.493872397215585,0.0,0.0,0.001264585422802448,0.100394134320682,0.001264585422802449,,0.0,1.0674867630004883,ok
A_rhoB0.6,0.6,0.37499999999999994,0.1,17.78279410038923,0.005623413251903491,0.6,20,200,5,1.0,predictive,P2 only,coarse,2.3713737056616554e-05,0,30.0,False,False,2.724627890714616e-06,4.357206220818079e-06,39.77691420668481,7.499967320953345,9.07409184294045,0.045890288873393546,3.3800505472328126,37.49983660476666,1.0607223339642153,0.37499836604766723,4.884097774807907,5.180671591003674,0.0,0.0,0.004589028887339355,0.25505814018476736,0.004589028887339368,,0.0,1.0105974674224854,ok
A_rhoB0.6,0.6,0.37499999999999994,0.1,17.78279410038923,0.005623413251903491,0.6,20,200,5,1.0,predictive,P2 only,coarse,0.0001,0,30.0,False,False,0.00013167267102360644,0.00021055367373967878,40.48722746041844,7.498420847446961,6.988453498081191,0.1386144323067353,5.374511222165112,37.49210423723487,1.0798867730717818,0.374921042372348,4.447883772206934,4.80321085376689,0.0,0.0,0.013861443230673532,0.4071209355196839,0.013861443230673528,,0.0,0.9777119159698486,ok
A_rhoB0.6,0.6,0.37499999999999994,0.1,17.78279410038923,0.005623413251903491,0.6,20,200,5,1.0,predictive,P2 only,coarse,0.00042169650342858224,0,30.0,False,False,0.0007517383286470146,0.0012020125017791904,41.97444364802656,7.490984906236653,4.726146286408971,0.3121962970624224,7.470672510291953,37.45492453118325,1.1206655512836652,0.37454924531183265,4.000001957274813,4.4826643985851184,0.0,0.0,0.031219629706242244,0.5274710534615448,0.03121962970624224,,0.0,1.0042474269866943,ok
A_rhoB0.6,0.6,0.37499999999999994,0.1,17.78279410038923,0.005623413251903491,0.6,20,200,5,1.0,predictive,P2 only,coarse,0.0017782794100389228,0,30.0,False,False,0.001551480361997916,0.0024806500413199657,43.94857101292173,7.4813951246900885,3.1947043520118323,0.6034841369005947,8.720416386397485,37.40697562345049,1.174876350745937,0.37406975623450445,3.76043987013451,4.418051871823159,0.0,0.0,0.06034841369005947,0.8442507260687991,0.06034841369005938,,0.0,0.976757287979126,ok
A_rhoB0.6,0.6,0.37499999999999994,0.1,17.78279410038923,0.005623413251903491,0.6,20,200,5,1.0,predictive,P2 only,coarse,0.007498942093324558,0,30.0,False,False,0.002203541724113802,0.003523030530409126,46.81535470627659,7.4735772710219255,2.1536699099430163,1.1137148903099405,9.259037928725117,37.36788635510968,1.2528231931928646,0.37367886355109625,3.71449219446178,4.653601972155578,0.0,0.0,0.11137148903099406,1.4506229003334232,0.11137148903099434,,0.0,0.9752326011657715,ok
A_rhoB0.6,0.6,0.37499999999999994,0.1,17.78279410038923,0.005623413251903491,0.6,20,200,5,1.0,predictive,P2 only,coarse,0.03162277660168379,0,30.0,False,False,0.0026528733375296622,0.004241207159038365,50.852637825619674,7.468190946307214,1.3225190325773242,1.8541527350941802,9.355137286021282,37.340954731536,1.3618462139285499,0.3734095473153607,3.8033592008543495,5.179590327893811,0.0,0.0,0.18541527350941803,2.3321699043921518,0.18541527350941742,,0.0,0.9340643882751465,ok
A_rhoB0.6,0.6,0.37499999999999994,0.1,17.78279410038923,0.005623413251903491,0.6,20,200,5,1.0,predictive,P2 only,coarse,0.1333521432163324,0,30.0,False,False,0.0029523644948906518,0.004719901255180749,55.89751476267469,7.464600740586139,0.6912003923494281,2.702320785011871,9.141878082052562,37.32300370293066,1.4976692446188495,0.37323003702930696,3.9784856693036623,5.958455627072934,0.0,0.0,0.2702320785011871,3.262164055725859,0.2702320785011872,,0.0,1.0533487796783447,ok
A_rhoB0.6,0.6,0.37499999999999994,0.1,17.78279410038923,0.005623413251903491,0.6,20,200,5,1.0,predictive,P2 only,coarse,0.5623413251903491,0,30.0,False,False,0.00348129278951432,0.005565670637488674,61.81711928850698,7.45825747021883,0.28635504721606797,3.5280014067911685,8.727386075773934,37.291287351093985,1.6576826298997023,0.3729128735109415,4.195211874969598,6.954329853886064,0.0,0.0,0.35280014067911686,3.8150420074200766,0.3528001406791171,,0.0,0.9686720371246338,ok
A_rhoB0.6,0.6,0.37499999999999994,0.1,17.78279410038923,0.005623413251903491,0.6,20,200,5,1.0,predictive,P2 only,coarse,5.623413251903491e-06,0,100.0,False,False,1.1423641076767772e-06,1.8268892823364414e-06,39.72268751812307,7.4999862983303744,9.363889060438947,0.03714883211036767,3.0989758091203115,37.499931491651914,1.0592736023255396,0.3749993149165187,4.946193071709411,5.239371752867253,0.0,0.0,0.0037148832110367675,0.22300927571047502,0.0037148832110367636,,0.0,0.9656906127929688,ok
A_rhoB0.6,0.6,0.37499999999999994,0.1,17.78279410038923,0.005623413251903491,0.6,20,200,5,1.0,predictive,P2 only,coarse,2.3713737056616554e-05,0,100.0,False,False,8.272904715619491e-05,0.00013229087498623627,40.30582462131137,7.499007818437592,7.399206551287815,0.11692937067620232,4.984856259598391,37.49503909218804,1.0749641978559492,0.3749503909218796,4.53261227185492,4.872395915006556,0.0,0.0,0.011692937067620233,0.3841542736949447,0.01169293706762022,,0.0,1.1083996295928955,ok
A_rhoB0.6,0.6,0.37499999999999994,0.1,17.78279410038923,0.005623413251903491,0.6,20,200,5,1.0,predictive,P2 only,coarse,0.0001,0,100.0,False,False,0.0006201540904305718,0.0009916209720970287,41.67347494764481,7.492562842709272,5.124128284455669,0.27418682776329867,7.109122045071761,37.462814213546324,1.112395740215799,0.3746281421354636,4.076084392538062,4.5342189150194425,0.0,0.0,0.027418682776329868,0.4816453457029224,0.027418682776329844,,0.0,0.9335665702819824,ok
A_rhoB0.6,0.6,0.37499999999999994,0.1,17.78279410038923,0.005623413251903491,0.6,20,200,5,1.0,predictive,P2 only,coarse,0.00042169650342858224,0,100.0,False,False,0.0014235806940456543,0.0022761723033121036,43.50422683098741,7.482928707725153,3.5776809936105525,0.5303184724210173,8.409071826243276,37.414643538625796,1.1627593561348488,0.3741464353862577,3.8199025747779745,4.441627458346689,0.0,0.0,0.05303184724210173,0.7059667496209585,0.053031847242101623,,0.0,1.0263261795043945,ok
A_rhoB0.6,0.6,0.37499999999999994,0.1,17.78279410038923,0.005623413251903491,0.6,20,200,5,1.0,predictive,P2 only,coarse,0.0017782794100389228,0,100.0,False,False,0.002106643502873075,0.003368139971202802,45.97499750832808,7.4747389502159995,2.659797514614247,0.9620007761332093,8.903462759036543,37.37369475107996,1.2301432281323905,0.3737369475108,3.7720638040395738,4.640178744622586,0.0,0.0,0.09620007761332094,1.1054022646319241,0.09620007761332107,,0.0,1.0040335655212402,ok
A_rhoB0.6,0.6,0.37499999999999994,0.1,17.78279410038923,0.005623413251903491,0.6,20,200,5,1.0,predictive,P2 only,coarse,0.007498942093324558,0,100.0,False,False,0.00258830597601373,0.004138009289246519,49.167728610339644,7.468964930330652,1.9082401283529717,1.5619998901172794,9.060795051199095,37.344824651653134,1.3165874808348619,0.37344824651653263,3.8259382272669034,5.03718237246713,0.0,0.0,0.15619998901172794,1.6784537229493195,0.15619998901172763,,0.0,0.9966537952423096,ok
A_rhoB0.6,0.6,0.37499999999999994,0.1,17.78279410038923,0.005623413251903491,0.6,20,200,5,1.0,predictive,P2 only,coarse,0.03162277660168379,0,100.0,False,False,0.0028498497322904676,0.004555983505820678,52.59472664733744,7.465830123706342,1.2238104370699572,2.193453101577827,9.116906337645874,37.32915061853161,1.4089451749064823,0.3732915061853171,3.9077742559200788,5.505839682502364,0.0,0.0,0.2193453101577827,2.4755824668207476,0.21934531015778255,,0.0,0.9479825496673584,ok
A_rhoB0.6,0.6,0.37499999999999994,0.1,17.78279410038923,0.005623413251903491,0.6,20,200,5,1.0,predictive,P2 only,coarse,0.1333521432163324,0,100.0,False,False,0.0030181177291270633,0.004824971589187751,56.65033702761572,7.463812713081095,0.6600910260180367,2.8498753809954662,9.026220879905402,37.31906356540543,1.517999960752774,0.37319063565405475,4.026649063988263,6.112453121099377,0.0,0.0,0.28498753809954663,3.3390323844583483,0.28498753809954636,,0.0,0.9767930507659912,ok
A_rhoB0.6,0.6,0.37499999999999994,0.1,17.78279410038923,0.005623413251903491,0.6,20,200,5,1.0,predictive,P2 only,coarse,0.5623413251903491,0,100.0,False,False,0.0034965183878231075,0.005590002569015688,62.02348683941156,7.458074980732406,0.2781929648235841,3.5684985770109736,8.695233477433037,37.29037490366184,1.6632572614152232,0.3729037490366203,4.208528120788978,6.999864956772432,0.0,0.0,0.3568498577010974,3.84383514524278,0.3568498577010968,,0.0,0.9235570430755615,ok
A_rhoB0.6,0.6,0.37499999999999994,0.1,17.78279410038923,0.005623413251903491,0.6,20,200,5,1.0,predictive,P2 only,coarse,5.623413251903491e-06,0,1000.0,False,False,0.00034007275856279165,0.0005437854162074586,41.044096458715224,7.495921609378441,6.011873111892092,0.20101837418203627,6.2911869045474305,37.479608046892324,1.0951047408863832,0.37479608046892204,4.250101926584581,4.654306769053126,0.0,0.0,0.02010183741820363,0.43457991992535594,0.020101837418203677,,0.0,1.0535268783569336,ok
A_rhoB0.6,0.6,0.37499999999999994,0.1,17.78279410038923,0.005623413251903491,0.6,20,200,5,1.0,predictive,P2 only,coarse,2.3713737056616554e-05,0,1000.0,False,False,0.0011039455831679886,0.001765143184648843,42.702724904960824,7.486761426115139,4.146864864088771,0.4085562611907428,7.957817448605347,37.433807130575666,1.140752923046439,0.37433807130575697,3.9039644950333234,4.453458909178779,0.0,0.0,0.040855626119074284,0.5783232467385868,0.04085562611907422,,0.0,1.0085134506225586,ok
A_rhoB0.6,0.6,0.37499999999999994,0.1,17.78279410038923,0.005623413251903491,0.6,20,200,5,1.0,predictive,P2 only,coarse,0.0001,0,1000.0,False,False,0.0018528113647574022,0.002962374847290052,44.81985711222226,7.4777821886453255,3.16953161681006,0.753158020047318,8.599528174497298,37.38891094322661,1.198747328593743,0.3738891094322663,3.8096771980372077,4.566840363951599,0.0,0.0,0.07531580200473181,0.8637919040051233,0.0753158020047319,,0.0,1.0411832332611084,ok
A_rhoB0.6,0.6,0.37499999999999994,0.1,17.78279410038923,0.005623413251903491,0.6,20,200,5,1.0,predictive,P2 only,coarse,0.00042169650342858224,0,1000.0,False,False,0.0024208788720414065,0.0038704168965607634,47.57339427073698,7.470971873275798,2.6527092220343396,1.2638331361900723,8.612485768499791,37.35485936637892,1.2735530283793604,0.3735485936637899,3.8825313554392604,4.944609565497493,0.0,0.0,0.12638331361900723,1.1931063673570252,0.126383313619008,,0.0,1.2333121299743652,ok
A_rhoB0.6,0.6,0.37499999999999994,0.1,17.78279410038923,0.005623413251903491,0.6,20,200,5,1.0,predictive,P2 only,coarse,0.0017782794100389228,0,1000.0,False,False,0.0027658654541655786,0.0044217677444407955,50.23129020047426,7.466836741916704,2.242446231930038,1.7756301481600356,8.515086877993223,37.3341837095835,1.3454503409319256,0.3733418370958352,3.980851661899686,5.356038225702355,0.0,0.0,0.17756301481600356,1.5037666236764866,0.17756301481600367,,0.0,0.9801537990570068,ok
A_rhoB0.6,0.6,0.37499999999999994,0.1,17.78279410038923,0.005623413251903491,0.6,20,200,5,1.0,predictive,P2 only,coarse,0.007498942093324558,0,1000.0,False,False,0.0029099071998502633,0.004651942340898407,52.06088618958343,7.465110432443265,1.7448513711769382,2.1254677987831765,8.66457039759662,37.32555216221628,1.3947787286127102,0.37325552162216324,3.9994831344975803,5.578394001442512,0.0,0.0,0.21254677987831766,1.9251256871363653,0.21254677987831655,,0.0,0.9974281787872314,ok
A_rhoB0.6,0.6,0.37499999999999994,0.1,17.78279410038923,0.005623413251903491,0.6,20,200,5,1.0,predictive,P2 only,coarse,0.03162277660168379,0,1000.0,False,False,0.002956259945356994,0.004726023909884841,53.80207531906703,7.4645548206758665,1.1728103574720872,2.4299397257032305,8.932695096148816,37.32277410337928,1.441534736138375,0.3732277410337933,3.9847040024690257,5.744089232788713,0.0,0.0,0.24299397257032307,2.6016879812035882,0.24299397257032354,,0.0,1.0553617477416992,ok
A_rhoB0.6,0.6,0.37499999999999994,0.1,17.78279410038923,0.005623413251903491,0.6,20,200,5,1.0,predictive,P2 only,coarse,0.1333521432163324,0,1000.0,False,False,0.0030438112280171212,0.004866032450163138,56.9857424619227,7.463504756623767,0.6467254535269753,2.9156211183512832,8.974148671497975,37.317523783118865,1.5270504761546113,0.37317523783118833,4.048237248083362,6.1818626172725315,0.0,0.0,0.2915621118351283,3.385515139039042,0.2915621118351297,,0.0,0.9242062568664551,ok
A_rhoB0.6,0.6,0.37499999999999994,0.1,17.78279410038923,0.005623413251903491,0.6,20,200,5,1.0,predictive,P2 only,coarse,0.5623413251903491,0,1000.0,False,False,0.0035021537626233525,0.005599009063108257,62.10317786778604,7.458007432026692,0.2749548713857122,3.584126440652529,8.682911255935068,37.29003716013336,1.6654093853835124,0.3729003716013346,4.213648012976094,7.017448947512975,0.0,0.0,0.3584126440652529,3.8565312281095774,0.3584126440652515,,0.0,0.9940931797027588,ok
A_rhoB0.6,0.6,0.37499999999999994,0.1,17.78279410038923,0.005623413251903491,0.6,20,200,5,1.0,predictive,P1 only (protect),coarse,5.623413251903491e-06,5,1.0,True,True,3.57904102530068e-11,5.724749414555906e-11,39.511584721141446,7.499999999570637,12.239760368335027,0.0006882923065541849,0.259551339787782,37.49999999785322,1.0536422592907568,0.37499999997853184,5.5812518459519485,5.8806428046395185,1.63725193110252e-35,1.637318380573494e-35,6.882923065541849e-05,0.007138791727618435,6.882923065541824e-05,,0.0,0.9527537822723389,ok
A_rhoB0.6,0.6,0.37499999999999994,0.1,17.78279410038923,0.005623413251903491,0.6,20,200,5,1.0,predictive,P1 only (protect),coarse,2.3713737056616554e-05,5,1.0,True,True,1.8114057599896962e-10,2.8973226488473316e-10,39.52374953908048,7.49999999782701,11.699115953022984,0.0027742975950485462,0.7981097515549571,37.499999989135034,1.0539666546808477,0.3749999998913505,5.460073249203335,5.754735136775225,5.290235582835067e-26,5.291140834111755e-26,0.0002774297595048546,0.026852157354328113,0.0002774297595048553,,0.0,1.0566692352294922,ok
A_rhoB0.6,0.6,0.37499999999999994,0.1,17.78279410038923,0.005623413251903491,0.6,20,200,5,1.0,predictive,P1 only (protect),coarse,0.0001,5,1.0,True,True,3.2992720977634324e-09,5.276904214440246e-09,39.5687665910634,7.4999999604232235,10.698863500800462,0.010698863500800463,1.7904376752755127,37.4999998021161,1.0551671146630395,0.3749999980211612,5.237407763237529,5.526340437849147,2.0073639832959735e-17,2.0088113386263235e-17,0.0010698863500800463,0.08925110089749148,0.0010698863500800458,,0.0,1.054720163345337,ok
A_rhoB0.6,0.6,0.37499999999999994,0.1,17.78279410038923,0.005623413251903491,0.6,20,200,5,1.0,predictive,P1 only (protect),coarse,0.00042169650342858224,5,1.0,True,True,4.819302763531633e-07,7.707279095829752e-07,39.73123421839483,7.499994219540688,9.277015312993267,0.03912084918668225,3.1838696182793615,37.49997109770342,1.05950039574372,0.3749997109770344,4.927339813967642,5.220518482862503,1.0654864919594015e-10,1.0687153226501438e-10,0.003912084918668225,0.24938565265330942,0.003912084918668228,,0.0,1.0116941928863525,ok
A_rhoB0.6,0.6,0.37499999999999994,0.1,17.78279410038923,0.005623413251903491,0.6,20,200,5,1.0,predictive,P1 only (protect),coarse,0.0017782794100389228,5,1.0,True,True,4.932220139993685e-05,7.887159025083359e-05,40.32867300049784,7.499408463073117,7.224815725228477,0.1284772515349936,5.147298560163413,37.49704231536564,1.0755161076790274,0.3749704231536558,4.497764200801198,4.837417846503776,1.5240713307528991e-06,1.543277599001902e-06,0.01284772515349936,0.5135567794987201,0.012847725153499375,,0.0,1.0998680591583252,ok
A_rhoB0.6,0.6,0.37499999999999994,0.1,17.78279410038923,0.005623413251903491,0.6,20,200,5,1.0,predictive,P1 only (protect),coarse,0.007498942093324558,5,1.0,True,True,0.0005088663398433725,0.0008136822646724683,41.99037031949024,7.493897383014961,4.552267210034853,0.34135422800602755,7.612481178944159,37.46948691507473,1.1206550656714935,0.374694869150748,3.9728347560890134,4.452177394486926,0.0001493902692314634,0.00015689354687279959,0.034135422800602756,0.8813246408086767,0.03413542280060278,,0.0,1.0017776489257812,ok
A_rhoB0.6,0.6,0.37499999999999994,0.1,17.78279410038923,0.005623413251903491,0.6,20,200,5,1.0,predictive,P1 only (protect),coarse,0.03162277660168379,5,1.0,True,True,0.0013114730553934965,0.0020969501300690885,44.955627439899516,7.484272874024485,2.4557717475222702,0.7764362884482746,9.28351909000497,37.42136437012238,1.201335873146105,0.37421364370122423,3.6598540678865614,4.396713982231827,0.000869627267340349,0.0010198882827592258,0.07764362884482746,1.660408977265393,0.07764362884482741,,0.0,1.0160841941833496,ok
A_rhoB0.6,0.6,0.37499999999999994,0.1,17.78279410038923,0.005623413251903491,0.6,20,200,5,1.0,predictive,P1 only (protect),coarse,0.1333521432163324,5,1.0,True,True,0.0020824757697075753,0.003329579483949147,50.208868447323646,7.47502815387039,1.2095466329721543,1.6125304998713237,9.702894713286131,37.375140769351844,1.3433760358836064,0.3737514076935195,3.6895995084727318,4.956519561690201,0.0013473384672902562,0.0019171946671739666,0.16125304998713239,2.72052115999818,0.16125304998713266,,0.0,1.1118042469024658,ok
A_rhoB0.6,0.6,0.37499999999999994,0.1,17.78279410038923,0.005623413251903491,0.6,20,200,5,1.0,predictive,P1 only (protect),coarse,0.5623413251903491,5,1.0,True,True,0.0030482948586695777,0.004873711273219765,58.05085870332494,7.463447165450851,0.4971174902635811,2.7947123040170796,9.24472304026849,37.31723582725431,1.5556044657768575,0.3731723582725425,3.969006537724133,6.174204294781205,0.0012360122129092383,0.0020852713803774293,0.27947123040170796,3.4800308961842483,0.27947123040170707,,0.0,0.9843857288360596,ok
A_rhoB0.6,0.6,0.37499999999999994,0.1,17.78279410038923,0.005623413251903491,0.6,20,200,5,1.0,predictive,P1 only (protect),coarse,5.623413251903491e-06,10,1.0,True,True,3.5790410253005176e-11,5.724749414555647e-11,39.511584721141446,7.499999999570637,12.239760368335029,0.0006882923065541848,0.2595513397877802,37.49999999785323,1.0536422592907566,0.37499999997853184,5.5812518459519485,5.880642804639517,6.02349803463447e-22,6.059791410784043e-22,6.882923065541849e-05,0.0071387917276184345,6.882923065541824e-05,,0.0,1.211167812347412,ok
A_rhoB0.6,0.6,0.37499999999999994,0.1,17.78279410038923,0.005623413251903491,0.6,20,200,5,1.0,predictive,P1 only (protect),coarse,2.3713737056616554e-05,10,1.0,True,True,1.8114057178334912e-10,2.897322581431208e-10,39.52374953908045,7.499999997827009,11.699115953022986,0.002774297595048476,0.7981097515549571,37.49999998913503,1.053966654680847,0.37499999989135047,5.460073249203335,5.7547351367752215,1.5326874570496824e-15,1.5714843215255348e-15,0.0002774297595048476,0.026852157354327964,0.00027742975950484816,,0.0,1.2366158962249756,ok
A_rhoB0.6,0.6,0.37499999999999994,0.1,17.78279410038923,0.005623413251903491,0.6,20,200,5,1.0,predictive,P1 only (protect),coarse,0.0001,10,1.0,True,True,3.2975179591005122e-09,5.27409902262662e-09,39.56876658263262,7.49999996044425,10.698863497929427,0.01069886347250042,1.7904376781538236,37.49999980222133,1.0551671144352577,0.3749999980222125,5.237407762587123,5.526340435969874,5.321589159086039e-10,5.880514987657842e-10,0.001069886347250042,0.0892511008447047,0.001069886347250043,,0.0,1.2830352783203125,ok
A_rhoB0.6,0.6,0.37499999999999994,0.1,17.78279410038923,0.005623413251903491,0.6,20,200,5,1.0,predictive,P1 only (protect),coarse,0.00042169650342858224,10,1.0,True,True,4.562734105425837e-07,7.29699041721952e-07,39.7311461602348,7.499994527257178,9.276996789950001,0.03912051258529278,3.1838881702075277,37.49997263628605,1.0594980040542696,0.37499972636285894,4.927335624531213,5.220502259496318,4.4160514391820245e-06,6.237663549200104e-06,0.0039120512585292784,0.24938553466431068,0.0039120512585292784,,0.0,1.2464663982391357,ok
A_rhoB0.6,0.6,0.37499999999999994,0.1,17.78279410038923,0.005623413251903491,0.6,20,200,5,1.0,predictive,P1 only (protect),coarse,0.0017782794100389228,10,1.0,True,True,4.320672067224386e-05,6.909268069922676e-05,40.316925348182295,7.499481804894757,7.223598040034182,0.12842113784282724,5.148499017228235,37.49740902447382,1.075192297202941,0.3749740902447379,4.497495983065708,4.835673037693418,0.0003879543023006731,0.0008979763270577844,0.012842113784282724,0.5136225021440319,0.012842113784282754,,0.0,1.2879815101623535,ok
A_rhoB0.6,0.6,0.37499999999999994,0.1,17.78279410038923,0.005623413251903491,0.6,20,200,5,1.0,predictive,P1 only (protect),coarse,0.007498942093324558,10,1.0,True,True,0.000447047802193571,0.0007148386396269752,41.9185274343692,7.494638710202809,4.549781022786958,0.3409300497408646,7.614650217269369,37.47319355101393,1.1186270360785675,0.37473193551014045,3.972393143732086,4.443626368511846,0.0017225310667007819,0.00642514576494381,0.03409300497408646,0.8817905852337424,0.03409300497408657,,0.0,1.1802020072937012,ok
A_rhoB0.6,0.6,0.37499999999999994,0.1,17.78279410038923,0.005623413251903491,0.6,20,200,5,1.0,predictive,P1 only (protect),coarse,0.03162277660168379,10,1.0,True,True,0.0011797114250010354,0.0018862871453301183,44.8456509574823,7.485852846410029,2.455147296112153,0.7757060870985285,9.283293770379288,37.4292642320502,1.1981440692890122,0.3742926423205014,3.6600326960558958,4.3852464681832455,0.0024994660892896357,0.012025427640691803,0.07757060870985286,1.660716525389802,0.07757060870985294,,0.0,1.2000465393066406,ok
A_rhoB0.6,0.6,0.37499999999999994,0.1,17.78279410038923,0.005623413251903491,0.6,20,200,5,1.0,predictive,P1 only (protect),coarse,0.1333521432163324,10,1.0,True,True,0.0019101338182010835,0.003054049671822165,50.02001306641259,7.477094627461323,1.2105507156261923,1.6031857885797582,9.709168868332727,37.38547313730674,1.33795319060702,0.37385473137306613,3.6870895456598074,4.933153221669326,0.0026492963527811873,0.013827696103226726,0.16031857885797585,2.726458328696341,0.1603185788579759,,0.0,1.279569149017334,ok
A_rhoB0.6,0.6,0.37499999999999994,0.1,17.78279410038923,0.005623413251903491,0.6,20,200,5,1.0,predictive,P1 only (protect),coarse,0.5623413251903491,10,1.0,True,True,0.00258976479790193,0.004140538736938457,56.73707255954074,7.468945959472952,0.5115349624418687,2.6761226771355053,9.343396400949674,37.34472979736483,1.5192792361171215,0.3734472979736476,3.929739055099384,5.97037094977101,0.0025588280856778728,0.01308430747351477,0.26761226771355057,3.565703974944381,0.2676122677135516,,0.0,1.1674158573150635,ok
A_rhoB0.6,0.6,0.37499999999999994,0.1,17.78279410038923,0.005623413251903491,0.6,20,200,5,1.0,predictive,P1 only (protect),coarse,5.623413251903491e-06,15,1.0,True,True,3.5790050963642766e-11,5.7246919503408945e-11,39.51158472078261,7.4999999995706474,12.239760368951613,0.0006882923016612896,0.2595513391760793,37.499999997853216,1.053642259281188,0.3749999999785324,5.5812518460892075,5.880642804730734,8.89121788585581e-12,8.991207577187296e-12,6.882923016612896e-05,0.007138791434384149,6.882923016612902e-05,,0.0,2.3041200637817383,ok
A_rhoB0.6,0.6,0.37499999999999994,0.1,17.78279410038923,0.005623413251903491,0.6,20,200,5,1.0,predictive,P1 only (protect),coarse,2.3713737056616554e-05,15,1.0,True,True,1.802133186714165e-10,2.882492282606958e-10,39.523748719686544,7.499999997838137,11.699117242427912,0.0027742865493101195,0.7981084731846391,37.49999998919065,1.0539666328287798,0.37499999989190685,5.46007353592882,5.754735319660428,1.966173467870065e-08,2.0591270194664472e-08,0.00027742865493101196,0.026851497713663814,0.00027742865493101223,,0.0,2.4784841537475586,ok
A_rhoB0.6,0.6,0.37499999999999994,0.1,17.78279410038923,0.005623413251903491,0.6,20,200,5,1.0,predictive,P1 only (protect),coarse,0.0001,15,1.0,True,True,2.4717664459638944e-09,3.953431523526029e-09,39.56833673276389,7.499999970349261,10.699404845796035,0.010693238585341578,1.7899019452693619,37.49999985174628,1.0551556503785238,0.3749999985174631,5.237527773048668,5.526407023746748,9.122671832691621e-06,1.0917698667471773e-05,0.0010693238585341579,0.08892444261732818,0.0010693238585341585,,0.0,2.2907497882843018,ok
A_rhoB0.6,0.6,0.37499999999999994,0.1,17.78279410038923,0.005623413251903491,0.6,20,200,5,1.0,predictive,P1 only (protect),coarse,0.00042169650342858224,15,1.0,True,True,1.917162383547544e-07,3.066043978399487e-07,39.705701697256586,7.499997700467025,9.296474990028324,0.03878481970486109,3.1647424897997887,37.499988502335086,1.0588190365654153,0.37499988502335124,4.931604651984735,5.221676886335997,0.0003766841396571954,0.0006725649000491915,0.0038784819704861095,0.233501736671324,0.003878481970486119,,0.0,2.2571017742156982,ok
A_rhoB0.6,0.6,0.37499999999999994,0.1,17.78279410038923,0.005623413251903491,0.6,20,200,5,1.0,predictive,P1 only (protect),coarse,0.0017782794100389228,15,1.0,True,True,2.5924893141970732e-05,4.145705501386319e-05,40.11534129486858,7.499689072087401,7.2938432276504725,0.1240739091905091,5.082393791071618,37.49844536043695,1.0697867847394176,0.37498445360437005,4.511785911740083,4.826648943953026,0.001689972044285269,0.006189711567673041,0.01240739091905091,0.43164265938813856,0.012407390919050899,,0.0,2.308861255645752,ok
A_rhoB0.6,0.6,0.37499999999999994,0.1,17.78279410038923,0.005623413251903491,0.6,20,200,5,1.0,predictive,P1 only (protect),coarse,0.007498942093324558,15,1.0,True,True,0.0003172404108388301,0.000507278249247518,41.35965602809435,7.4961954131306605,4.703751034082614,0.30245324694396925,7.497600305842757,37.48097706565329,1.1034839341473675,0.37480977065653304,3.993245711491488,4.40648248773373,0.0025357919647126543,0.017398718667355168,0.030245324694396926,0.7009293500934779,0.03024532469439687,,0.0,2.3637290000915527,ok
A_rhoB0.6,0.6,0.37499999999999994,0.1,17.78279410038923,0.005623413251903491,0.6,20,200,5,1.0,predictive,P1 only (protect),coarse,0.03162277660168379,15,1.0,True,True,0.0009028451435697471,0.0014436105784996628,43.218242990179135,7.4891729206612485,2.8885797617632347,0.5632911236516202,9.058956193923898,37.44586460330637,1.1541526266791842,0.37445864603306245,3.6791943626773973,4.2463518377473655,0.0027494504911612294,0.025158122852876316,0.05632911236516202,1.082314570521041,0.05632911236516206,,0.0,2.4201626777648926,ok
A_rhoB0.6,0.6,0.37499999999999994,0.1,17.78279410038923,0.005623413251903491,0.6,20,200,5,1.0,predictive,P1 only (protect),coarse,0.1333521432163324,15,1.0,True,True,0.0015097860289821786,0.0024139588176044255,45.57069781966215,7.481895308867967,2.0324305620331407,0.9553260750227015,9.530348054076189,37.40947654433985,1.218159194653503,0.37409476544339837,3.6307184415431455,4.4227930527638195,0.0027877607932066248,0.027494089344280593,0.09553260750227016,1.4768847656319146,0.09553260750226976,,0.0,2.2933616638183594,ok
A_rhoB0.6,0.6,0.37499999999999994,0.1,17.78279410038923,0.005623413251903491,0.6,20,200,5,1.0,predictive,P1 only (protect),coarse,0.5623413251903491,15,1.0,True,True,0.0020322623744605727,0.0032491618429677247,48.46362184016545,7.475631286177738,1.6371202446908613,1.4851750835302882,9.402073385601113,37.378156430888666,1.2965760344487174,0.3737815643088869,3.7383986606421455,4.847118110603789,0.0027852037867212454,0.02672851567515684,0.14851750835302882,1.8113300691337106,0.14851750835302846,,0.0,2.3118338584899902,ok
A_rhoB0.6,0.6,0.37499999999999994,0.1,17.78279410038923,0.005623413251903491,0.6,20,200,5,1.0,predictive,P1 only (protect),coarse,5.623413251903491e-06,20,1.0,True,True,1.2970727936256058e-11,2.0747242839050002e-11,39.50749029382075,7.499999999844398,12.490586926540185,0.0004760798814766359,0.008936993733939858,37.49999999922197,1.0535330745237448,0.3749999999922199,5.637755520039681,5.939561906440619,4.9444604066497774e-05,5.0256408995642524e-05,4.7607988147663595e-05,2.6500793760349435e-06,4.760798814766367e-05,,0.0,7.325660467147827,ok
A_rhoB0.6,0.6,0.37499999999999994,0.1,17.78279410038923,0.005623413251903491,0.6,20,200,5,1.0,predictive,P1 only (protect),coarse,2.3713737056616554e-05,20,1.0,True,True,1.3147359297482062e-11,2.1029766542241363e-11,39.50752544042249,7.4999999998422755,12.460440254813358,0.0020008246716979395,0.03755892067266764,37.499999999211376,1.0535340117667555,0.37499999999211375,5.631528066203599,5.933006355964557,0.00019756978385083543,0.00021120933223792211,0.00020008246716979395,1.1133973359876176e-05,0.00020008246716979463,,0.0,7.201862096786499,ok
A_rhoB0.6,0.6,0.37499999999999994,0.1,17.78279410038923,0.005623413251903491,0.6,20,200,5,1.0,predictive,P1 only (protect),coarse,0.0001,20,1.0,True,True,1.6346993981503146e-11,2.6147339591680192e-11,39.50770355759928,7.499999999803891,12.335533875580369,0.008318814992898748,0.15614730962284185,37.499999999019465,1.0535387615635283,0.37499999999019457,5.605726123911721,5.905849758250272,0.0006819707956932217,0.0008780808501821246,0.0008318814992898749,4.623179418003436e-05,0.0008318814992898756,,0.0,7.237280607223511,ok
A_rhoB0.6,0.6,0.37499999999999994,0.1,17.78279410038923,0.005623413251903491,0.6,20,200,5,1.0,predictive,P1 only (protect),coarse,0.00042169650342858224,20,1.0,True,True,8.537723392045073e-09,1.3653797893868823e-08,39.50956377676244,7.499999897596524,11.845418404182546,0.033117817654370635,0.6214638805665604,37.49999948798261,1.0535883817658136,0.3749999948798262,5.504485845542763,5.799462334458226,0.0016250329701462487,0.003494748221557317,0.0033117817654370637,0.00018353817556449303,0.003311781765437051,,0.0,7.274325847625732,ok
A_rhoB0.6,0.6,0.37499999999999994,0.1,17.78279410038923,0.005623413251903491,0.6,20,200,5,1.0,predictive,P1 only (protect),coarse,0.0017782794100389228,20,1.0,True,True,6.600107871380781e-06,1.0554389965775897e-05,39.57775090084491,7.499920842075266,10.272909867708716,0.11310400627061963,2.114065283945399,37.499604210376326,1.055417829980551,0.3749960421037633,5.17979027371776,5.466843010441563,0.00240462842233516,0.011888262733127668,0.011310400627061963,0.001754988480719922,0.011310400627061894,,0.0,7.355669021606445,ok
A_rhoB0.6,0.6,0.37499999999999994,0.1,17.78279410038923,0.005623413251903491,0.6,20,200,5,1.0,predictive,P1 only (protect),coarse,0.007498942093324558,20,1.0,True,True,0.0001544528249251774,0.0002469776635571995,40.26541182538161,7.49814766752333,7.460136596490495,0.2765236354271377,4.765192100559037,37.49073833761659,1.074009571718171,0.3749073833761665,4.6060382110124145,4.946929126326974,0.002702267818667599,0.02679664440614955,0.027652363542713772,0.05317370705088974,0.027652363542713596,,0.0,7.201402902603149,ok
A_rhoB0.6,0.6,0.37499999999999994,0.1,17.78279410038923,0.005623413251903491,0.6,20,200,5,1.0,predictive,P1 only (protect),coarse,0.03162277660168379,20,1.0,True,True,0.0005641168690606808,0.0009020114701456493,41.856885773732195,7.493234913973928,5.308903612583551,0.5186333118790823,6.679228161563438,37.46617456986956,1.1171913400359177,0.37466174569869637,4.209927163711712,4.703294169480698,0.0027812266369068323,0.037560060156223096,0.051863331187908236,0.2716359030104522,0.051863331187908,,0.0,7.2817888259887695,ok
A_rhoB0.6,0.6,0.37499999999999994,0.1,17.78279410038923,0.005623413251903491,0.6,20,200,5,1.0,predictive,P1 only (protect),coarse,0.1333521432163324,20,1.0,True,True,0.0010673461117673107,0.0017065836923187507,44.213733496517726,7.487200622307594,4.300022160191408,0.9035214598712565,7.3092557576297414,37.43600311153812,1.1810484512672415,0.37436003111537974,4.124777087530863,4.871561591050929,0.002801609125585954,0.04110296568900679,0.09035214598712565,0.6079210634875261,0.0903521459871254,,0.0,7.319367170333862,ok
A_rhoB0.6,0.6,0.37499999999999994,0.1,17.78279410038923,0.005623413251903491,0.6,20,200,5,1.0,predictive,P1 only (protect),coarse,0.5623413251903491,20,1.0,True,True,0.0015484991216847565,0.0024757789846200887,47.17798040483021,7.481431657615361,3.857803288291734,1.4313415114516042,7.229423542641301,37.407158288076744,1.26120193470745,0.374071582880768,4.221298584304953,5.323909941503226,0.002806956267993622,0.04065403615331224,0.14313415114516043,0.9227674811367066,0.14313415114516,,0.0,7.346320390701294,ok
A_rhoB0.6,0.6,0.37499999999999994,0.1,17.78279410038923,0.005623413251903491,0.6,20,200,5,1.0,predictive,P1+P2 (protect),coarse,5.623413251903491e-06,5,3.0,True,True,8.551350802887799e-11,1.367790519716899e-10,39.516906541778525,7.499999998974152,11.969444198628223,0.0015950379798097773,0.5289607644178158,37.49999999487075,1.053784174591564,0.3749999999487076,5.520612679874094,5.817534276100844,2.14586128967773e-28,2.1461225346903126e-28,0.00015950379798097773,0.015963821205410726,0.00015950379798097757,,0.0,1.077256679534912,ok
A_rhoB0.6,0.6,0.37499999999999994,0.1,17.78279410038923,0.005623413251903491,0.6,20,200,5,1.0,predictive,P1+P2 (protect),coarse,2.3713737056616554e-05,5,3.0,True,True,1.022395653074518e-09,1.63526304900392e-09,39.54397349814374,7.499999987735528,11.145376804277488,0.006317974112674246,1.34830523387431,37.49999993867766,1.0545059616748937,0.3749999993867764,5.336488689819037,5.627359137824817,1.8502973788725243e-19,1.8512467638091557e-19,0.0006317974112674247,0.05612156705051015,0.0006317974112674245,,0.0,1.0979220867156982,ok
A_rhoB0.6,0.6,0.37499999999999994,0.1,17.78279410038923,0.005623413251903491,0.6,20,200,5,1.0,predictive,P1+P2 (protect),coarse,0.0001,5,3.0,True,True,1.0812643019165134e-07,1.7292561746596655e-07,39.64344906594706,7.499998703057868,9.886870274590061,0.023851356761106952,2.589279665590965,37.499993515289376,1.0571588245684298,0.37499993515289337,5.05917643699496,5.348353015417889,3.822464769297083e-12,3.830715845070616e-12,0.0023851356761106952,0.16768406744611922,0.002385135676110695,,0.0,0.9800121784210205,ok
A_rhoB0.6,0.6,0.37499999999999994,0.1,17.78279410038923,0.005623413251903491,0.6,20,200,5,1.0,predictive,P1+P2 (protect),coarse,0.00042169650342858224,5,3.0,True,True,1.850693527796887e-05,2.9595142334486764e-05,40.01407438353503,7.499778036432496,8.112643805844801,0.08184821216471157,4.305729945557992,37.498890182162455,1.067073563754935,0.3749889018216248,4.680654927820495,4.994603134536513,2.4566381850842006e-07,2.478778345799766e-07,0.008184821216471157,0.3675855053784943,0.008184821216471181,,0.0,1.018672227859497,ok
A_rhoB0.6,0.6,0.37499999999999994,0.1,17.78279410038923,0.005623413251903491,0.6,20,200,5,1.0,predictive,P1+P2 (protect),coarse,0.0017782794100389228,5,3.0,True,True,0.00033177734942988466,0.0005305221165749765,41.174611859980345,7.496021084125681,5.631357253835454,0.2246221502611216,6.647999511777743,37.4801054206284,1.0985724665896632,0.37480105420628407,4.173174063442982,4.5845341243845645,6.714856606205864e-05,6.959857285924324e-05,0.02246221502611216,0.5637278084919188,0.022462215026112193,,0.0,0.9785604476928711,ok
A_rhoB0.6,0.6,0.37499999999999994,0.1,17.78279410038923,0.005623413251903491,0.6,20,200,5,1.0,predictive,P1+P2 (protect),coarse,0.007498942093324558,5,3.0,True,True,0.0010978994736516245,0.0017554807062598037,43.21329675311985,7.486833894703047,3.3493786190591446,0.49687952406895936,8.66690796216885,37.43416947351535,1.154381073785896,0.37434169473515233,3.757296195106213,4.337351616238371,0.0006633944940482534,0.0007509732971781394,0.04968795240689594,0.9883874876188804,0.04968795240689585,,0.0,1.0839331150054932,ok
A_rhoB0.6,0.6,0.37499999999999994,0.1,17.78279410038923,0.005623413251903491,0.6,20,200,5,1.0,predictive,P1+P2 (protect),coarse,0.03162277660168379,5,3.0,True,True,0.0018452552056852137,0.0029503064233877318,46.53159441360416,7.477872701824574,1.8748703121541566,1.0411149796064731,9.606142006414798,37.38936350912303,1.2445142159815163,0.3738936350912287,3.6259172324426765,4.5125055417472675,0.0012960297323283266,0.0017571059506536302,0.10411149796064732,1.879129505710815,0.10411149796064703,,0.0,1.049560785293579,ok
A_rhoB0.6,0.6,0.37499999999999994,0.1,17.78279410038923,0.005623413251903491,0.6,20,200,5,1.0,predictive,P1+P2 (protect),coarse,0.1333521432163324,5,3.0,True,True,0.0024854959580113104,0.003973780882184119,52.28248439949128,7.470196643383622,0.9308364694974696,2.002263506514726,9.59670338060418,37.35098321691806,1.3997619311882004,0.3735098321691811,3.771441104639776,5.279119683993133,0.0012906771216194375,0.002107464791880605,0.2002263506514726,2.951037212142809,0.20022635065147285,,0.0,1.240234136581421,ok
A_rhoB0.6,0.6,0.37499999999999994,0.1,17.78279410038923,0.005623413251903491,0.6,20,200,5,1.0,predictive,P1+P2 (protect),coarse,0.5623413251903491,5,3.0,True,True,0.0032905126834583192,0.005260807959344171,59.94681856750234,7.460543940304929,0.37060236466676083,3.1626614320846365,9.006192262943673,37.30271970152459,1.6070361369670392,0.37302719701524645,4.077716202151474,6.553037293153411,0.0010490511165678602,0.0018901696925124915,0.3162661432084637,3.6406740334097423,0.31626614320846347,,0.0,0.9750924110412598,ok
A_rhoB0.6,0.6,0.37499999999999994,0.1,17.78279410038923,0.005623413251903491,0.6,20,200,5,1.0,predictive,P1+P2 (protect),coarse,5.623413251903491e-06,5,10.0,True,True,5.331131914760429e-10,8.52692329288047e-10,39.53433476490266,7.499999993604815,11.376638093016739,0.004624803448538641,1.1187371099299064,37.499999968024035,1.054248927963021,0.3749999996802408,5.38802186532358,5.680316275358701,6.79288413234111e-21,6.795639637250213e-21,0.00046248034485386414,0.04244272764474915,0.0004624803448538645,,0.0,1.1592633724212646,ok
A_rhoB0.6,0.6,0.37499999999999994,0.1,17.78279410038923,0.005623413251903491,0.6,20,200,5,1.0,predictive,P1+P2 (protect),coarse,2.3713737056616554e-05,5,10.0,True,True,3.99470225004861e-08,6.388802920948709e-08,39.60867651918425,7.499999520839779,10.214949748910158,0.017748474485287664,2.2673022557647755,37.49999760419894,1.0562314413254577,0.374999976041989,5.130892975239463,5.419410482523843,3.2252228999543193e-13,3.2307295720445636e-13,0.0017748474485287666,0.13201392244192464,0.0017748474485287649,,0.0,1.080481767654419,ok
A_rhoB0.6,0.6,0.37499999999999994,0.1,17.78279410038923,0.005623413251903491,0.6,20,200,5,1.0,predictive,P1+P2 (protect),coarse,0.0001,5,10.0,True,True,8.714560705331911e-06,1.3935972052309045e-05,39.885345754501664,7.499895480209616,8.5964348143183,0.0625202718050111,3.8411494336670717,37.499477401048125,1.063624042754976,0.37499477401048076,4.782569611334896,5.086856024765116,5.854126919696637e-08,5.8959449976441185e-08,0.006252027180501111,0.3065687162460066,0.006252027180501123,,0.0,1.075930118560791,ok
A_rhoB0.6,0.6,0.37499999999999994,0.1,17.78279410038923,0.005623413251903491,0.6,20,200,5,1.0,predictive,P1+P2 (protect),coarse,0.00042169650342858224,5,10.0,True,True,0.00023340184622377757,0.000373220227940149,40.81318190065493,7.4972008482904435,6.3221026233740645,0.17727447175213537,6.003422056583357,37.48600424145229,1.0887578638088993,0.3748600424145222,4.3116397174313175,4.694331648264127,3.469298588657104e-05,3.570463741231513e-05,0.01772744717521354,0.4527785382952356,0.01772744717521355,,0.0,0.9888927936553955,ok
A_rhoB0.6,0.6,0.37499999999999994,0.1,17.78279410038923,0.005623413251903491,0.6,20,200,5,1.0,predictive,P1+P2 (protect),coarse,0.0017782794100389228,5,10.0,True,True,0.0009488685305220175,0.0015172011853489989,42.49541626885208,7.488620991109878,4.076178424218605,0.3842810398798837,8.050919544791633,37.44310495554946,1.1349330222293388,0.3744310495554939,3.879590643974157,4.403075534578257,0.0005197009725603863,0.0005761112796671265,0.03842810398798838,0.6601290425095087,0.03842810398798833,,0.0,1.0291459560394287,ok
A_rhoB0.6,0.6,0.37499999999999994,0.1,17.78279410038923,0.005623413251903491,0.6,20,200,5,1.0,predictive,P1+P2 (protect),coarse,0.007498942093324558,5,10.0,True,True,0.0017191901111372721,0.0027487673321297144,44.86815525423702,7.479384245009032,2.557856445901314,0.7614660119187457,9.201293297170908,37.39692122504514,1.1997820618502761,0.3739692122504516,3.6754165995176913,4.4096989059280665,0.0012321295530013992,0.001615581373764745,0.07614660119187458,1.2097920558102098,0.0761466011918744,,0.0,0.9779171943664551,ok
A_rhoB0.6,0.6,0.37499999999999994,0.1,17.78279410038923,0.005623413251903491,0.6,20,200,5,1.0,predictive,P1+P2 (protect),coarse,0.03162277660168379,5,10.0,True,True,0.002324898558150376,0.0037170157464871552,48.74099486744853,7.472122381901342,1.5077493827564818,1.4498026961782087,9.570325539163967,37.360611909506744,1.3046091157582445,0.37360611909506714,3.6945955586136185,4.82000304480725,0.0013207296588279933,0.002101717569015001,0.14498026961782087,2.138933808043248,0.14498026961782112,,0.0,1.1359467506408691,ok
A_rhoB0.6,0.6,0.37499999999999994,0.1,17.78279410038923,0.005623413251903491,0.6,20,200,5,1.0,predictive,P1+P2 (protect),coarse,0.1333521432163324,5,10.0,True,True,0.0027914457303871132,0.004462750826318197,54.490911424675105,7.4665293688026155,0.7628024235942231,2.4285626050259177,9.342105602577245,37.33264684401306,1.4596048239588901,0.3733264684401308,3.8924357534538254,5.68141800269126,0.001088063683399205,0.0019427054594720458,0.2428562605025918,3.14463465264484,0.2428562605025919,,0.0,1.010744571685791,ok
A_rhoB0.6,0.6,0.37499999999999994,0.1,17.78279410038923,0.005623413251903491,0.6,20,200,5,1.0,predictive,P1+P2 (protect),coarse,0.5623413251903491,5,10.0,True,True,0.0034253430109410054,0.0054762629827573035,61.271511779397024,7.458928027629309,0.30800176729450296,3.421665490286586,8.811404714789603,37.294640138146654,1.6429039548963427,0.37294640138146545,4.16036705354645,6.835083486091906,0.0009025254205008693,0.0016535486891750026,0.3421665490286586,3.755189072299116,0.3421665490286581,,0.0,1.0027074813842773,ok
A_rhoB0.6,0.6,0.37499999999999994,0.1,17.78279410038923,0.005623413251903491,0.6,20,200,5,1.0,predictive,P1+P2 (protect),coarse,5.623413251903491e-06,5,30.0,True,True,1.1002555291424086e-08,1.759704576108311e-08,39.57974558681855,7.499999868022154,10.552814757188088,0.012645854228024453,1.9345395205617333,37.49999934011078,1.0554599008881373,0.3749999934011077,5.205192914096168,5.4938723972155765,7.392061914645987e-15,7.401047065559225e-15,0.0012645854228024453,0.1003941343206805,0.0012645854228024464,,0.0,0.983597993850708,ok
A_rhoB0.6,0.6,0.37499999999999994,0.1,17.78279410038923,0.005623413251903491,0.6,20,200,5,1.0,predictive,P1+P2 (protect),coarse,2.3713737056616554e-05,5,30.0,True,True,2.724591841843015e-06,4.357148587911821e-06,39.776914185030186,7.499967321385599,9.074091840490505,0.045890288844425135,3.3800505492794706,37.499836606927865,1.0607223333256244,0.37499836606927994,4.884097774406856,5.1806715874593285,5.774846023909793e-09,5.804280511236908e-09,0.004589028884442513,0.25505813890448426,0.004589028884442521,,0.0,1.1455745697021484,ok
A_rhoB0.6,0.6,0.37499999999999994,0.1,17.78279410038923,0.005623413251903491,0.6,20,200,5,1.0,predictive,P1+P2 (protect),coarse,0.0001,5,30.0,True,True,0.00013159972152656648,0.00021043704679635027,40.487183932960235,7.4984217221490335,6.988450445274388,0.13861434696798883,5.37451348560859,37.49210861074514,1.0798854861248512,0.3749210861074517,4.447883380315177,4.803204706378302,1.1511888184105077e-05,1.1753619205808739e-05,0.013861434696798883,0.4071180969948503,0.01386143469679885,,0.0,1.0395946502685547,ok
A_rhoB0.6,0.6,0.37499999999999994,0.1,17.78279410038923,0.005623413251903491,0.6,20,200,5,1.0,predictive,P1+P2 (protect),coarse,0.00042169650342858224,5,30.0,True,True,0.000749465671331234,0.0011983791897786293,41.97312594632863,7.491012156076654,4.72609261433386,0.3121927027321546,7.470702526857332,37.455060780383256,1.120626293798772,0.3745506078038327,3.999998743497282,4.482503767125104,0.0003384721010235063,0.00036581332667479755,0.03121927027321546,0.5273806231684759,0.03121927027321551,,0.0,1.0762598514556885,ok
A_rhoB0.6,0.6,0.37499999999999994,0.1,17.78279410038923,0.005623413251903491,0.6,20,200,5,1.0,predictive,P1+P2 (protect),coarse,0.0017782794100389228,5,30.0,True,True,0.0015428668918868833,0.0024668802959614657,43.94398240706883,7.48149839778029,3.194607508427711,0.6034689187342094,8.720425175057791,37.407491988901334,1.1747374675668405,0.3740749198890145,3.7604511302743115,4.417542837687308,0.00110551554755444,0.0013831764972488045,0.06034689187342094,0.8439155404574425,0.060346891873420905,,0.0,1.401306390762329,ok
A_rhoB0.6,0.6,0.37499999999999994,0.1,17.78279410038923,0.005623413251903491,0.6,20,200,5,1.0,predictive,P1+P2 (protect),coarse,0.007498942093324558,5,30.0,True,True,0.0021907923658445387,0.00350265079368327,46.809412753744816,7.473730119047373,2.1536320800680335,1.1136904857661296,9.258947315118464,37.36865059523696,1.2526385622206864,0.37368650595236863,3.714531952676168,4.652965964523074,0.0013476274232999603,0.0020577092700295677,0.11136904857661296,1.4501469675685872,0.11136904857661283,,0.0,1.0109264850616455,ok
A_rhoB0.6,0.6,0.37499999999999994,0.1,17.78279410038923,0.005623413251903491,0.6,20,200,5,1.0,predictive,P1+P2 (protect),coarse,0.03162277660168379,5,30.0,True,True,0.0026407334392296164,0.004221803910455722,50.84772266474659,7.4683364706715905,1.322526832337226,1.8541264608341714,9.35501023615701,37.34168235335792,1.3616880509984348,0.3734168235335795,3.8034057960408267,5.179052225566984,0.0011467478177711902,0.002011358515021565,0.18541264608341715,2.331737328462389,0.18541264608341695,,0.0,0.9844827651977539,ok
A_rhoB0.6,0.6,0.37499999999999994,0.1,17.78279410038923,0.005623413251903491,0.6,20,200,5,1.0,predictive,P1+P2 (protect),coarse,0.1333521432163324,5,30.0,True,True,0.0029424252422339536,0.004704016979897755,55.893912333469274,7.464719872650788,0.6912115318893542,2.702297510724441,9.141771084735417,37.323599363253784,1.497548823988785,0.3732359936325394,3.978524222857274,5.958034271150806,0.0009366998384380918,0.0017144890182457994,0.2702297510724441,3.2618128428847433,0.2702297510724441,,0.0,1.115849494934082,ok
A_rhoB0.6,0.6,0.37499999999999994,0.1,17.78279410038923,0.005623413251903491,0.6,20,200,5,1.0,predictive,P1+P2 (protect),coarse,0.5623413251903491,5,30.0,True,True,0.0034719812418348285,0.005550789958880917,61.81390232420927,7.458369075308395,0.2863617387850118,3.5279634344442417,8.727305751462351,37.29184537654189,1.6575715602181693,0.37291845376541977,4.195241068945829,6.953912284143878,0.0008362467716120629,0.0015268881937423827,0.3527963434444242,3.814747979260622,0.3527963434444238,,0.0,1.232325792312622,ok
A_rhoB0.6,0.6,0.37499999999999994,0.1,17.78279410038923,0.005623413251903491,0.6,20,200,5,1.0,predictive,P1+P2 (protect),coarse,5.623413251903491e-06,5,100.0,True,True,1.1423582045751043e-06,1.8268798447864595e-06,39.722687514575576,7.499986298401159,9.363889060003691,0.037148832108095296,3.0989758094870563,37.49993149200582,1.0592736022209426,0.37499931492005795,4.946193071636982,5.239371752273175,9.551905376364824e-10,9.59044916896119e-10,0.00371488321080953,0.223009275500125,0.003714883210809528,,0.0,1.0609312057495117,ok
A_rhoB0.6,0.6,0.37499999999999994,0.1,17.78279410038923,0.005623413251903491,0.6,20,200,5,1.0,predictive,P1+P2 (protect),coarse,2.3713737056616554e-05,5,100.0,True,True,8.269961245446623e-05,0.00013224381662081165,40.30580702633907,7.499008171375336,7.3992051882618615,0.11692934996319765,4.984857290399605,37.4950408568767,1.0749636780018834,0.3749504085687668,4.532612089282479,4.872393362450894,4.708128492857219e-06,4.78677288769067e-06,0.011692934996319765,0.38415311882383335,0.01169293499631975,,0.0,1.1423382759094238,ok
A_rhoB0.6,0.6,0.37499999999999994,0.1,17.78279410038923,0.005623413251903491,0.6,20,200,5,1.0,predictive,P1+P2 (protect),coarse,0.0001,5,100.0,True,True,0.00061861279485318,0.000989156881470454,41.67257423884705,7.492581323388962,5.124085492902176,0.2741851386102009,7.109148045098661,37.462906616944856,1.1123689537746149,0.37462906616944813,4.076081052555262,4.534106015931427,0.00023547499046553406,0.00025087962017422515,0.02741851386102009,0.4815827744865346,0.02741851386102014,,0.0,1.0183517932891846,ok
A_rhoB0.6,0.6,0.37499999999999994,0.1,17.78279410038923,0.005623413251903491,0.6,20,200,5,1.0,predictive,P1+P2 (protect),coarse,0.00042169650342858224,5,100.0,True,True,0.0014161749773500805,0.002264333181523981,43.50020667087437,7.4830175011385744,3.5775614716756095,0.5303095246427136,8.409111502543102,37.41508750569292,1.162638111276783,0.37415087505692873,3.819905632425606,4.441167869738852,0.0009950353218226352,0.0012076157758991448,0.053030952464271364,0.7056707219608572,0.05303095246427132,,0.0,1.0984275341033936,ok
A_rhoB0.6,0.6,0.37499999999999994,0.1,17.78279410038923,0.005623413251903491,0.6,20,200,5,1.0,predictive,P1+P2 (protect),coarse,0.0017782794100389228,5,100.0,True,True,0.0020945384657316147,0.0033487898583178465,45.96921828468572,7.474884076062596,2.6597042375891773,0.9619878029467591,8.90342388340147,37.37442038031301,1.2299647142862453,0.3737442038031298,3.7720924486192042,4.639540610827223,0.0013507861690239212,0.001999860665144702,0.09619878029467592,1.104934295141257,0.09619878029467563,,0.0,0.9977765083312988,ok
A_rhoB0.6,0.6,0.37499999999999994,0.1,17.78279410038923,0.005623413251903491,0.6,20,200,5,1.0,predictive,P1+P2 (protect),coarse,0.007498942093324558,5,100.0,True,True,0.002576387881306194,0.00411896022151376,49.1627946424507,7.469107798338655,1.9082200158315543,1.5619887191858486,9.060683466643942,37.34553899169313,1.316430180680646,0.3734553899169327,3.8259832055902714,5.036639762616318,0.001187840081118342,0.0020509833857356363,0.15619887191858486,1.6779988093254867,0.1561988719185847,,0.0,1.0143210887908936,ok
A_rhoB0.6,0.6,0.37499999999999994,0.1,17.78279410038923,0.005623413251903491,0.6,20,200,5,1.0,predictive,P1+P2 (protect),coarse,0.03162277660168379,5,100.0,True,True,0.00284031277208799,0.004540742099587572,52.591209019550384,7.465944434253106,1.2238184746320049,2.1934454171610676,9.116791673953822,37.329722171265544,1.4088293713590059,0.3732972217126553,3.9078161583899855,5.505446181811129,0.00096411325766341,0.001761108512347576,0.21934454171610676,2.4751984018060837,0.2193445417161067,,0.0,0.9674904346466064,ok
A_rhoB0.6,0.6,0.37499999999999994,0.1,17.78279410038923,0.005623413251903491,0.6,20,200,5,1.0,predictive,P1+P2 (protect),coarse,0.1333521432163324,5,100.0,True,True,0.003010093792364113,0.00481214904547533,56.647581366419026,7.46390888215894,0.6600997215750338,2.849870359120074,9.026121037145954,37.31954441079476,1.5179065623864794,0.37319544410794697,4.026685295126752,6.1121320341380345,0.0008471577786861334,0.001548306399316096,0.2849870359120074,3.3386920783267757,0.28498703591200797,,0.0,1.0667603015899658,ok
A_rhoB0.6,0.6,0.37499999999999994,0.1,17.78279410038923,0.005623413251903491,0.6,20,200,5,1.0,predictive,P1+P2 (protect),coarse,0.5623413251903491,5,100.0,True,True,0.003488226824451367,0.0055767522319919265,62.02068504935806,7.458174358260049,0.27819868325657865,3.568477168196798,8.695149790286575,37.29087179130008,1.6631599657004377,0.37290871791300245,4.20855872547573,6.999506385510493,0.000808863404429926,0.0014717367354231757,0.3568477168196798,3.8435323067818574,0.35684771681967764,,0.0,1.0024218559265137,ok
A_rhoB0.6,0.6,0.37499999999999994,0.1,17.78279410038923,0.005623413251903491,0.6,20,200,5,1.0,predictive,P1+P2 (protect),coarse,5.623413251903491e-06,10,3.0,True,True,8.55135079401808e-11,1.3677905182984542e-10,39.51690654177852,7.499999998974151,11.96944419862822,0.0015950379798097762,0.5289607644178194,37.49999999487075,1.0537841745915637,0.3749999999487076,5.520612679874093,5.817534276100841,3.349761517683428e-17,3.410170079059749e-17,0.00015950379798097762,0.015963821205410716,0.00015950379798097754,,0.0,1.278252124786377,ok
A_rhoB0.6,0.6,0.37499999999999994,0.1,17.78279410038923,0.005623413251903491,0.6,20,200,5,1.0,predictive,P1+P2 (protect),coarse,2.3713737056616554e-05,10,3.0,True,True,1.022320009733619e-09,1.6351420809586938e-09,39.543973497766274,7.49999998773643,11.145376804128695,0.006317974112214697,1.3483052340226607,37.49999993868219,1.0545059616647006,0.3749999993868215,5.336488689785638,5.627359137735202,2.5001688330173445e-11,2.6881376809377632e-11,0.0006317974112214698,0.05612156704721289,0.0006317974112214696,,0.0,1.2218546867370605,ok
A_rhoB0.6,0.6,0.37499999999999994,0.1,17.78279410038923,0.005623413251903491,0.6,20,200,5,1.0,predictive,P1+P2 (protect),coarse,0.0001,10,3.0,True,True,1.0494330746701188e-07,1.6783531590399856e-07,39.643436940635915,7.499998741235127,9.886867048990611,0.023851338094567052,2.5892828716796945,37.49999370617568,1.0571584958454872,0.3749999370617564,5.059175716674073,5.348350590857177,6.699866936966662e-07,8.720169739757164e-07,0.0023851338094567054,0.16768402296327115,0.002385133809456705,,0.0,1.2582776546478271,ok
A_rhoB0.6,0.6,0.37499999999999994,0.1,17.78279410038923,0.005623413251903491,0.6,20,200,5,1.0,predictive,P1+P2 (protect),coarse,0.00042169650342858224,10,3.0,True,True,1.637371837151558e-05,2.618398622502792e-05,40.00939072790392,7.499803620103318,8.111927194695038,0.08183765836978654,4.306431526831856,37.499018100516494,1.0669450229512236,0.3749901810051659,4.6804989198771825,4.993835027491538,0.00017570365049799508,0.0003571149283426296,0.008183765836978654,0.36761034018686556,0.008183765836978654,,0.0,1.208829402923584,ok
A_rhoB0.6,0.6,0.37499999999999994,0.1,17.78279410038923,0.005623413251903491,0.6,20,200,5,1.0,predictive,P1+P2 (protect),coarse,0.0017782794100389228,10,3.0,True,True,0.00029086836371666633,0.0004651104308900471,41.122596732962286,7.496511671768318,5.627715471600794,0.2244514538943882,6.6513214027364995,37.48255835884159,1.097112858179865,0.3748255835884159,4.172472793794144,4.57767355247722,0.0013488807465992846,0.004579457432990413,0.02244514538943882,0.5642157695497946,0.022445145389438738,,0.0,1.2496235370635986,ok
A_rhoB0.6,0.6,0.37499999999999994,0.1,17.78279410038923,0.005623413251903491,0.6,20,200,5,1.0,predictive,P1+P2 (protect),coarse,0.007498942093324558,10,3.0,True,True,0.0009826782285811788,0.0015712599051207713,43.112204354760195,7.488215550711583,3.347107157957651,0.4964984226373394,8.668178868693428,37.441077753557956,1.1514680383543,0.37441077753557916,3.757159969249078,4.326249619574537,0.0023547048756157097,0.010868943126312324,0.049649842263733944,0.9890026320766253,0.04964984226373402,,0.0,1.1960043907165527,ok
A_rhoB0.6,0.6,0.37499999999999994,0.1,17.78279410038923,0.005623413251903491,0.6,20,200,5,1.0,predictive,P1+P2 (protect),coarse,0.03162277660168379,10,3.0,True,True,0.0016948281261219692,0.0027098160950298554,46.42946411827898,7.479676379287274,1.8745392457936183,1.040717752100637,9.605066622818471,37.39838189643637,1.2414832344044053,0.3739838189643637,3.6263713448993173,4.502079226417058,0.0026362171825152483,0.013654143374997285,0.10407177521006371,1.8790699458488742,0.10407177521006392,,0.0,1.175123691558838,ok
A_rhoB0.6,0.6,0.37499999999999994,0.1,17.78279410038923,0.005623413251903491,0.6,20,200,5,1.0,predictive,P1+P2 (protect),coarse,0.1333521432163324,10,3.0,True,True,0.002323511728238783,0.003714827569826721,52.114945575127585,7.47213879322628,0.9318165375872881,1.9933335174873281,9.602711151699104,37.36069396613155,1.3949137460447376,0.37360693966131403,3.7690349084633437,5.257478603137987,0.002590389731233552,0.013389072310616113,0.19933335174873282,2.956443586733622,0.19933335174873335,,0.0,1.2518413066864014,ok
A_rhoB0.6,0.6,0.37499999999999994,0.1,17.78279410038923,0.005623413251903491,0.6,20,200,5,1.0,predictive,P1+P2 (protect),coarse,0.5623413251903491,10,3.0,True,True,0.0028510588911314365,0.004558144695631229,58.65212022772001,7.465813914782759,0.3849167432379216,3.044548988352851,9.104720353626469,37.32906957391377,1.5712183801309416,0.3732906957391379,4.038518842594482,6.345395033989587,0.0024513347819265403,0.012005187828477336,0.3044548988352851,3.72587294641454,0.30445489883528576,,0.0,1.1275453567504883,ok
A_rhoB0.6,0.6,0.37499999999999994,0.1,17.78279410038923,0.005623413251903491,0.6,20,200,5,1.0,predictive,P1+P2 (protect),coarse,5.623413251903491e-06,10,10.0,True,True,5.331048955868355e-10,8.526790625665966e-10,39.534334764860425,7.4999999936049075,11.37663809299886,0.004624803448519883,1.1187371099477126,37.49999996802452,1.0542489279618812,0.3749999996802454,5.388021865319574,5.6803162753483365,2.8611481224363976e-12,3.0317213425407226e-12,0.0004624803448519883,0.04244272764433323,0.0004624803448519879,,0.0,1.2606077194213867,ok
A_rhoB0.6,0.6,0.37499999999999994,0.1,17.78279410038923,0.005623413251903491,0.6,20,200,5,1.0,predictive,P1+P2 (protect),coarse,2.3713737056616554e-05,10,10.0,True,True,3.9274131152933986e-08,6.281196666895554e-08,39.60867378805889,7.499999528910259,10.214948934954307,0.017748472581412027,2.2673030635540226,37.49999764455135,1.0562313673588704,0.3749999764455129,5.13089279393931,5.419409911514292,1.5888614904546467e-07,1.9729042097733563e-07,0.0017748472581412028,0.1320139082273464,0.0017748472581412072,,0.0,1.2991175651550293,ok
A_rhoB0.6,0.6,0.37499999999999994,0.1,17.78279410038923,0.005623413251903491,0.6,20,200,5,1.0,predictive,P1+P2 (protect),coarse,0.0001,10,10.0,True,True,7.786116154942423e-06,1.245131166983874e-05,39.88309940548802,7.499906615162478,8.596023208611625,0.06251739540176061,3.841552780824138,37.49953307581231,1.0635625602286003,0.37499533075812386,4.782479863076221,5.086466527415071,9.133486843547204e-05,0.00017006547050927751,0.006251739540176062,0.30657866102344455,0.006251739540176074,,0.0,1.259169578552246,ok
A_rhoB0.6,0.6,0.37499999999999994,0.1,17.78279410038923,0.005623413251903491,0.6,20,200,5,1.0,predictive,P1+P2 (protect),coarse,0.00042169650342858224,10,10.0,True,True,0.00020437782166937663,0.00032681156533007245,40.77349666078158,7.497548913260028,6.318200947120436,0.1771863558163295,6.007063783803206,37.48774456630018,1.0876487004618343,0.3748774456630014,4.310857281726334,4.688698320346083,0.0010868258127518745,0.0034304438806749115,0.01771863558163295,0.45319280995533,0.01771863558163284,,0.0,1.1914377212524414,ok
A_rhoB0.6,0.6,0.37499999999999994,0.1,17.78279410038923,0.005623413251903491,0.6,20,200,5,1.0,predictive,P1+P2 (protect),coarse,0.0017782794100389228,10,10.0,True,True,0.0008463722802996091,0.0013533238046003636,42.401295985150405,7.489850071465491,4.0719979475313135,0.38402106252461005,8.054130918478586,37.44925035732751,1.1322335048251229,0.37449250357327457,3.8790119419452918,4.391947286287223,0.0022161743422737263,0.009879275192813572,0.03840210625246101,0.6610621742813872,0.03840210625246096,,0.0,1.2164900302886963,ok
A_rhoB0.6,0.6,0.37499999999999994,0.1,17.78279410038923,0.005623413251903491,0.6,20,200,5,1.0,predictive,P1+P2 (protect),coarse,0.007498942093324558,10,10.0,True,True,0.0015727895166777423,0.002514711190423335,44.76597107682197,7.481139666071821,2.5562905899296964,0.7612001837264636,9.201369560272019,37.40569833035906,1.196768756499573,0.37405698330359105,3.675623418328219,4.398871267713373,0.002608489260050887,0.013388139271367797,0.07612001837264637,1.2101257324395702,0.07612001837264637,,0.0,1.1791841983795166,ok
A_rhoB0.6,0.6,0.37499999999999994,0.1,17.78279410038923,0.005623413251903491,0.6,20,200,5,1.0,predictive,P1+P2 (protect),coarse,0.03162277660168379,10,10.0,True,True,0.0021788418006375384,0.003483531024973734,48.65773594957776,7.473873517312716,1.5076089610605465,1.4496031749296603,9.568914346697078,37.369367586563484,1.302075445533446,0.37369367586563584,3.695147257057015,4.811360511044204,0.0026071769703072886,0.013554795854504607,0.14496031749296603,2.138420635588278,0.14496031749296578,,0.0,1.2139840126037598,ok
A_rhoB0.6,0.6,0.37499999999999994,0.1,17.78279410038923,0.005623413251903491,0.6,20,200,5,1.0,predictive,P1+P2 (protect),coarse,0.1333521432163324,10,10.0,True,True,0.002647911069829772,0.0042333072257142,54.342006929913644,7.468250195807133,0.7637526713432272,2.4198057107660564,9.348191422083584,37.34125097903565,1.4552808356748055,0.3734125097903566,3.8900046973763636,5.661049286776793,0.0024746912080494147,0.012237670027011344,0.24198057107660564,3.149662596188256,0.24198057107660545,,0.0,1.1838841438293457,ok
A_rhoB0.6,0.6,0.37499999999999994,0.1,17.78279410038923,0.005623413251903491,0.6,20,200,5,1.0,predictive,P1+P2 (protect),coarse,0.5623413251903491,10,10.0,True,True,0.002999904572619243,0.004796011900322298,59.987914906672806,7.464029910747601,0.32226449381120703,3.3037578148107736,8.909947780630418,37.32014955373789,1.6073867769553074,0.37320149553738,4.121171831685319,6.624317107811666,0.002368790548015278,0.011122051026696281,0.3303757814810774,3.84016290748885,0.3303757814810771,,0.0,1.1920552253723145,ok
A_rhoB0.6,0.6,0.37499999999999994,0.1,17.78279410038923,0.005623413251903491,0.6,20,200,5,1.0,predictive,P1+P2 (protect),coarse,5.623413251903491e-06,10,30.0,True,True,1.0939498842990803e-08,1.749620758897621e-08,39.57974531008788,7.499999868778446,10.552814665475376,0.012645854118722825,1.9345396116274554,37.4999993438922,1.0554598934022226,0.3749999934389223,5.205192893650136,5.4938723366699795,1.7001337530473586e-08,1.9969185663966457e-08,0.0012645854118722825,0.10039413238501103,0.0012645854118722832,,0.0,1.3401386737823486,ok
A_rhoB0.6,0.6,0.37499999999999994,0.1,17.78279410038923,0.005623413251903491,0.6,20,200,5,1.0,predictive,P1+P2 (protect),coarse,2.3713737056616554e-05,10,30.0,True,True,2.4818552350886363e-06,3.968986861435134e-06,39.776237386415715,7.499970232598539,9.07394827342294,0.045889701417898124,3.3801917925606215,37.499851162992705,1.06070387355749,0.3749985116299269,4.884066261096434,5.180548001856435,3.05217807378644e-05,5.043837405332591e-05,0.004588970141789813,0.25505964797280956,0.0045889701417898155,,0.0,1.282851219177246,ok
A_rhoB0.6,0.6,0.37499999999999994,0.1,17.78279410038923,0.005623413251903491,0.6,20,200,5,1.0,predictive,P1+P2 (protect),coarse,0.0001,10,30.0,True,True,0.00011512129851458012,0.0001840880438324096,40.46178079912912,7.498619339671262,6.985353538282939,0.13857028280008507,5.377456839245714,37.493096698356325,1.079179485350511,0.3749309669835631,4.447242488250948,4.799372859699584,0.0007537120560010049,0.0021189562162999545,0.013857028280008508,0.40737006774741513,0.013857028280008487,,0.0,1.1315479278564453,ok
A_rhoB0.6,0.6,0.37499999999999994,0.1,17.78279410038923,0.005623413251903491,0.6,20,200,5,1.0,predictive,P1+P2 (protect),coarse,0.00042169650342858224,10,30.0,True,True,0.0006649910046577911,0.0010633135762967837,41.88922779816723,7.492025148177772,4.720717904672846,0.31198867606605973,7.475268271083323,37.460125740888856,1.1182351091908875,0.3746012574088886,3.9990904283185333,4.471923321775009,0.0020032453226644597,0.008406956983481687,0.031198867606605975,0.5283423714218164,0.03119886760660595,,0.0,1.1937150955200195,ok
A_rhoB0.6,0.6,0.37499999999999994,0.1,17.78279410038923,0.005623413251903491,0.6,20,200,5,1.0,predictive,P1+P2 (protect),coarse,0.0017782794100389228,10,30.0,True,True,0.0014031081356596048,0.002243438364490682,43.840818878774776,7.483174212266311,3.191305690174676,0.6032216515926995,8.722298445966313,37.41587106133161,1.1717171787050333,0.37415871061331557,3.760243384928836,4.40594177023308,0.0025537515610723877,0.01285735447225277,0.06032216515926995,0.844698139989657,0.060322165159270046,,0.0,1.4432659149169922,ok
A_rhoB0.6,0.6,0.37499999999999994,0.1,17.78279410038923,0.005623413251903491,0.6,20,200,5,1.0,predictive,P1+P2 (protect),coarse,0.007498942093324558,10,30.0,True,True,0.0020423635374190153,0.003265368720814852,46.721538219212995,7.475509734593898,2.152609660395393,1.1135247176334546,9.258355887377252,37.377548672969326,1.2499893620097418,0.3737754867296949,3.714908081417716,4.643595582616165,0.0026233373949901104,0.013709877913605343,0.11135247176334546,1.4499933221353563,0.11135247176334521,,0.0,1.2481215000152588,ok
A_rhoB0.6,0.6,0.37499999999999994,0.1,17.78279410038923,0.005623413251903491,0.6,20,200,5,1.0,predictive,P1+P2 (protect),coarse,0.03162277660168379,10,30.0,True,True,0.002510005338982631,0.004012839535033759,50.78152035763154,7.469903703487245,1.3224768889930052,1.854016848338482,9.353602559181269,37.349518517436344,1.3596298526291462,0.37349518517436225,3.803942565509591,5.171953869753541,0.0025083228773445875,0.012579285119108587,0.18540168483384822,2.33086878372474,0.18540168483384867,,0.0,1.1780037879943848,ok
A_rhoB0.6,0.6,0.37499999999999994,0.1,17.78279410038923,0.005623413251903491,0.6,20,200,5,1.0,predictive,P1+P2 (protect),coarse,0.1333521432163324,10,30.0,True,True,0.00281244199087655,0.004496244547034087,55.75531957444483,7.466278165897261,0.6921435022209675,2.693593783519963,9.147984548361809,37.33139082948635,1.4935237700923338,0.37331390829486305,3.9760479239209117,5.938322085402157,0.0023885604031742,0.011331478455773787,0.2693593783519963,3.266646315052054,0.26935937835199536,,0.0,1.193345546722412,ok
A_rhoB0.6,0.6,0.37499999999999994,0.1,17.78279410038923,0.005623413251903491,0.6,20,200,5,1.0,predictive,P1+P2 (protect),coarse,0.5623413251903491,10,30.0,True,True,0.0030525832882330743,0.004880197321321528,60.53465618511364,7.463398520090086,0.30060601495629224,3.4101226743001525,8.825872790653468,37.31699260045043,1.6221740276139767,0.3731699260045043,4.156039608368801,6.741819510430833,0.002336715788882474,0.01072994271585081,0.3410122674300153,3.899636038754727,0.34101226743001567,,0.0,1.6107687950134277,ok
A_rhoB0.6,0.6,0.37499999999999994,0.1,17.78279410038923,0.005623413251903491,0.6,20,200,5,1.0,predictive,P1+P2 (protect),coarse,5.623413251903491e-06,10,100.0,True,True,1.058160629679781e-06,1.692237711850266e-06,39.7224297469116,7.499987308217158,9.363829400351054,0.03714865621684055,3.099034635214947,37.49993654108593,1.059266585781836,0.37499936541085793,4.946179926674288,5.239323123590925,1.2421264730578056e-05,1.9042751588442587e-05,0.003714865621684055,0.2230094157116243,0.003714865621684056,,0.0,1.2573192119598389,ok
A_rhoB0.6,0.6,0.37499999999999994,0.1,17.78279410038923,0.005623413251903491,0.6,20,200,5,1.0,predictive,P1+P2 (protect),coarse,2.3713737056616554e-05,10,100.0,True,True,7.239623654306948e-05,0.00011576852838670587,40.288434506757234,7.499131736037085,7.396830717065278,0.11690352264645175,4.987134024251185,37.4956586801855,1.0744826447880904,0.37495658680185423,4.532113184361157,4.869676960811351,0.0005485046815279409,0.0014154882270777007,0.011690352264645175,0.3843128236628686,0.011690352264645189,,0.0,1.2810838222503662,ok
A_rhoB0.6,0.6,0.37499999999999994,0.1,17.78279410038923,0.005623413251903491,0.6,20,200,5,1.0,predictive,P1+P2 (protect),coarse,0.0001,10,100.0,True,True,0.0005470069916111425,0.0008746658424269568,41.597114991157504,7.493440006181802,5.118394475588841,0.2740135034127658,7.11415201481659,37.46720003090893,1.1102274778163717,0.3746720003090901,4.075055543496501,4.524238638017744,0.0018326694430281078,0.007322793431216549,0.02740135034127658,0.4824744602039345,0.02740135034127652,,0.0,1.2095592021942139,ok
A_rhoB0.6,0.6,0.37499999999999994,0.1,17.78279410038923,0.005623413251903491,0.6,20,200,5,1.0,predictive,P1+P2 (protect),coarse,0.00042169650342858224,10,100.0,True,True,0.0012825740290486126,0.002050733378055555,43.39738806748858,7.484619499664586,3.573044573703798,0.5300652409183938,8.412270685713223,37.42309749832281,1.1596417979413254,0.37423097498322927,3.8193971480570807,4.429132575824884,0.0025003802226238134,0.01236560373279298,0.05300652409183938,0.7066341354307005,0.05300652409183931,,0.0,1.1506805419921875,ok
A_rhoB0.6,0.6,0.37499999999999994,0.1,17.78279410038923,0.005623413251903491,0.6,20,200,5,1.0,predictive,P1+P2 (protect),coarse,0.0017782794100389228,10,100.0,True,True,0.0019452657055977285,0.0031101549189173875,45.87797376008685,7.476673838108103,2.6574612888472884,0.9618102932715816,8.904054579773028,37.383369190540485,1.2272295074916857,0.37383369190540516,3.772192640944616,4.629346116910222,0.002626798231778662,0.013741607598568798,0.09618102932715816,1.1051397038438089,0.09618102932715795,,0.0,1.3136258125305176,ok
A_rhoB0.6,0.6,0.37499999999999994,0.1,17.78279410038923,0.005623413251903491,0.6,20,200,5,1.0,predictive,P1+P2 (protect),coarse,0.007498942093324558,10,100.0,True,True,0.0024424121666327832,0.0039048013697583453,49.09381582284477,7.470713989726819,1.907599930948164,1.5619012597143187,9.0597848196107,37.3535699486341,1.3143005043521943,0.3735356994863409,3.8264143347076134,5.029058289966682,0.002530655031995943,0.012811008195535309,0.1561901259714319,1.6773292403011077,0.1561901259714326,,0.0,1.1867575645446777,ok
A_rhoB0.6,0.6,0.37499999999999994,0.1,17.78279410038923,0.005623413251903491,0.6,20,200,5,1.0,predictive,P1+P2 (protect),coarse,0.03162277660168379,10,100.0,True,True,0.002725540474842351,0.0043572950709552865,52.537668574366236,7.467320286967828,1.2238123923938324,2.1933783814471286,9.115488939191211,37.33660143483919,1.4071358012071973,0.3733660143483914,3.9083068753259953,5.499518526375442,0.0024046546289114086,0.011500112691976299,0.21933783814471286,2.474081572144814,0.2193378381447131,,0.0,1.153285264968872,ok
A_rhoB0.6,0.6,0.37499999999999994,0.1,17.78279410038923,0.005623413251903491,0.6,20,200,5,1.0,predictive,P1+P2 (protect),coarse,0.1333521432163324,10,100.0,True,True,0.002887953559493977,0.004616917542426527,56.51432422041923,7.465373118431797,0.6610220009000762,2.8411853243877094,9.032419556280418,37.32686559215905,1.51403883835054,0.37326865592158986,4.024178474470324,6.092762502802299,0.0023431817121983126,0.010797127232560318,0.28411853243877094,3.3434199255622192,0.28411853243877055,,0.0,1.17852783203125,ok
A_rhoB0.6,0.6,0.37499999999999994,0.1,17.78279410038923,0.005623413251903491,0.6,20,200,5,1.0,predictive,P1+P2 (protect),coarse,0.5623413251903491,10,100.0,True,True,0.003071231662693531,0.004910001318872161,60.743155026336446,7.463174990108433,0.29243580657139384,3.450661594414223,8.79372760890595,37.3158749505423,1.6278100166978313,0.37315874950542166,4.169354287781656,6.786916672813032,0.0023257767113396815,0.010574705624184787,0.3450661594414223,3.9283826899291028,0.3450661594414227,,0.0,1.461639404296875,ok
A_rhoB0.6,0.6,0.37499999999999994,0.1,17.78279410038923,0.005623413251903491,0.6,20,200,5,1.0,predictive,P1+P2 (protect),coarse,5.623413251903491e-06,20,3.0,True,True,1.3074431939075116e-11,2.091311869846316e-11,39.50751187037608,7.499999999843151,12.471820502198566,0.001425233734674416,0.026754264223608715,37.49999999921572,1.0535336498987293,0.37499999999215755,5.633878902770561,5.935481003523317,0.00014339971838909067,0.00015045028397997793,0.0001425233734674416,7.93193600682789e-06,0.00014252337346744176,,0.0,7.2735912799835205,ok
A_rhoB0.6,0.6,0.37499999999999994,0.1,17.78279410038923,0.005623413251903491,0.6,20,200,5,1.0,predictive,P1+P2 (protect),coarse,2.3713737056616554e-05,20,3.0,True,True,1.4182509216984111e-11,2.268545437638406e-11,39.507629809500294,7.499999999829858,12.382368402719605,0.005949740225394438,0.11168185722514323,37.49999999914926,1.0535367949439087,0.3749999999914929,5.615400706498684,5.916031262650384,0.0005209579116759157,0.0006280332359170513,0.0005949740225394438,3.308156277011916e-05,0.000594974022539445,,0.0,7.223808526992798,ok
A_rhoB0.6,0.6,0.37499999999999994,0.1,17.78279410038923,0.005623413251903491,0.6,20,200,5,1.0,predictive,P1+P2 (protect),coarse,0.0001,20,3.0,True,True,1.1477560179722642e-09,1.8355699433531466e-09,39.50855962585759,7.499999986233227,12.024211816467357,0.02406968694737192,0.4517185103520429,37.49999993116615,1.0535615919567545,0.3749999993116614,5.54141761097568,5.8382247599167325,0.0013843461547677126,0.0025401998572437733,0.002406968694737192,0.0001333879393432116,0.00240696869473719,,0.0,7.389524221420288,ok
A_rhoB0.6,0.6,0.37499999999999994,0.1,17.78279410038923,0.005623413251903491,0.6,20,200,5,1.0,predictive,P1+P2 (protect),coarse,0.00042169650342858224,20,3.0,True,True,1.9354346808645663e-06,3.0950407730730778e-06,39.538437820529246,7.499976787194207,10.789335225546383,0.08666773843444112,1.6240202488249693,37.49988393597103,1.054361605172937,0.37499883935971035,5.286371163606416,5.573746785599988,0.002269044797997555,0.009132536988601956,0.008666773843444112,0.0007369193652513786,0.008666773843444081,,0.0,7.1514952182769775,ok
A_rhoB0.6,0.6,0.37499999999999994,0.1,17.78279410038923,0.005623413251903491,0.6,20,200,5,1.0,predictive,P1+P2 (protect),coarse,0.0017782794100389228,20,3.0,True,True,9.26865039133067e-05,0.00014821180127749272,40.01043053433031,7.498888411490435,8.141301878928902,0.23127065389026316,4.128539055690402,37.49444205745208,1.0671029715023634,0.3749444205745217,4.742965213665647,5.061232273234954,0.002661598326121263,0.023216481236770607,0.023127065389026317,0.02875526853213146,0.02312706538902617,,0.0,7.584152460098267,ok
A_rhoB0.6,0.6,0.37499999999999994,0.1,17.78279410038923,0.005623413251903491,0.6,20,200,5,1.0,predictive,P1+P2 (protect),coarse,0.007498942093324558,20,3.0,True,True,0.0004528028420979212,0.0007240302055142964,41.41432896188228,7.494569773458651,5.695088171712162,0.4517267644549996,6.358615290374188,37.47284886729318,1.105182291011487,0.37472848867293257,4.272392122804978,4.721772114381036,0.0027709919900014736,0.035757121487646086,0.045172676445499965,0.20469193110565975,0.04517267644549983,,0.0,7.681586980819702,ok
A_rhoB0.6,0.6,0.37499999999999994,0.1,17.78279410038923,0.005623413251903491,0.6,20,200,5,1.0,predictive,P1+P2 (protect),coarse,0.03162277660168379,20,3.0,True,True,0.0009463053236267624,0.0015130687889286455,43.58220106086213,7.488651984083027,4.469260465911328,0.7961439143813157,7.245943635624328,37.4432599204151,1.1639531695022076,0.37443259920415134,4.123129091888628,4.799129174770528,0.002798846384632905,0.04074693546311541,0.07961439143813158,0.52497396103297,0.07961439143813202,,0.0,7.566431999206543,ok
A_rhoB0.6,0.6,0.37499999999999994,0.1,17.78279410038923,0.005623413251903491,0.6,20,200,5,1.0,predictive,P1+P2 (protect),coarse,0.1333521432163324,20,3.0,True,True,0.001443281026569335,0.0023075797138412775,46.46702392478229,7.482693152146199,3.931913309444357,1.3021366083172996,7.283256930092144,37.41346576073097,1.2419866211259663,0.37413465760730996,4.18991275299,5.203815582898645,0.0028063410862020086,0.040956763537698004,0.13021366083172997,0.8568962327029498,0.13021366083172872,,0.0,7.232556581497192,ok
A_rhoB0.6,0.6,0.37499999999999994,0.1,17.78279410038923,0.005623413251903491,0.6,20,200,5,1.0,predictive,P1+P2 (protect),coarse,0.5623413251903491,20,3.0,True,True,0.0018211118297520397,0.002911548575995521,49.19774808000333,7.478163385680029,3.7037077148315185,1.8041143267035982,7.0140145727848555,37.39081692840006,1.3157708796310186,0.37390816928400145,4.325462790275409,5.691317980371914,0.0028073971605569073,0.039442702497642326,0.18041143267035983,1.0901987791875896,0.1804114326703601,,0.0,7.510612964630127,ok
A_rhoB0.6,0.6,0.37499999999999994,0.1,17.78279410038923,0.005623413251903491,0.6,20,200,5,1.0,predictive,P1+P2 (protect),coarse,5.623413251903491e-06,20,10.0,True,True,1.3694038117737143e-11,2.1904170403218337e-11,39.50759492111891,7.499999999835718,12.406758478294824,0.004716041437660078,0.08852548043179631,37.49999999917854,1.0535358645862491,0.3749999999917859,5.6204389687995375,5.9213340283484674,0.0004280961851385951,0.0004978153597913321,0.0004716041437660078,2.622861069057659e-05,0.00047160414376600825,,0.0,7.574231147766113,ok
A_rhoB0.6,0.6,0.37499999999999994,0.1,17.78279410038923,0.005623413251903491,0.6,20,200,5,1.0,predictive,P1+P2 (protect),coarse,2.3713737056616554e-05,20,10.0,True,True,2.892616345292656e-10,4.6261709291228783e-10,39.508207778770874,7.499999996530371,12.119643115575727,0.01924093906674197,0.3611159488271607,37.49999998265187,1.053552207921281,0.37499999982651855,5.561130258122299,5.858941061982591,0.0012183130484881243,0.002030704212108328,0.0019240939066741973,0.00010670748451951642,0.001924093906674192,,0.0,7.322154998779297,ok
A_rhoB0.6,0.6,0.37499999999999994,0.1,17.78279410038923,0.005623413251903491,0.6,20,200,5,1.0,predictive,P1+P2 (protect),coarse,0.0001,20,10.0,True,True,7.279718002586188e-07,1.1641441017395205e-06,39.52444341154906,7.499991268919242,11.090394771242138,0.0713658981433287,1.3382480616952908,37.499956344596214,1.0539863846333404,0.3749995634459621,5.348538843327157,5.637287118549378,0.002156665907614696,0.007525521884471459,0.00713658981433287,0.0004730292974125772,0.007136589814332854,,0.0,7.316638469696045,ok
A_rhoB0.6,0.6,0.37499999999999994,0.1,17.78279410038923,0.005623413251903491,0.6,20,200,5,1.0,predictive,P1+P2 (protect),coarse,0.00042169650342858224,20,10.0,True,True,6.0668557562285705e-05,9.701370904021428e-05,39.868194503725505,7.499272397182208,8.625223604744333,0.20220487287777228,3.673299125195687,37.49636198591102,1.063255003744248,0.3749636198591104,4.841348366544215,5.147587875597179,0.002625002510409594,0.020656478978830904,0.020220487287777228,0.017486548990665856,0.020220487287777054,,0.0,7.395772218704224,ok
A_rhoB0.6,0.6,0.37499999999999994,0.1,17.78279410038923,0.005623413251903491,0.6,20,200,5,1.0,predictive,P1+P2 (protect),coarse,0.0017782794100389228,20,10.0,True,True,0.0003796235167662118,0.0006070210402949103,41.131921303285736,7.4954473421978,6.005461911338804,0.4096258664491176,6.08946488001428,37.47723671098898,1.097517450939096,0.37477236710989004,4.326909566642167,4.748858758025099,0.0027617103381326674,0.03424357750327322,0.04096258664491176,0.1633475044946595,0.04096258664491168,,0.0,7.380201101303101,ok
A_rhoB0.6,0.6,0.37499999999999994,0.1,17.78279410038923,0.005623413251903491,0.6,20,200,5,1.0,predictive,P1+P2 (protect),coarse,0.007498942093324558,20,10.0,True,True,0.0008628767854850323,0.0013796839712876807,43.17248445805438,7.489652370215348,4.607005577419089,0.7279337995966053,7.175408252768958,37.44826185107666,1.152856830304746,0.37448261851076736,4.128933222324715,4.760068867229232,0.002796388884847365,0.0403502858564387,0.07279337995966054,0.46791841534552103,0.07279337995966012,,0.0,7.274495840072632,ok
A_rhoB0.6,0.6,0.37499999999999994,0.1,17.78279410038923,0.005623413251903491,0.6,20,200,5,1.0,predictive,P1+P2 (protect),coarse,0.03162277660168379,20,10.0,True,True,0.0013665123631818117,0.0021848562155643643,45.97064864582697,7.483613578383285,3.9925251216813815,1.2127370902474721,7.311124209687861,37.418067891916344,1.2285682087759078,0.3741806789191643,4.170319681541652,5.1235221811745415,0.0028057248677763307,0.041113472767071224,0.12127370902474721,0.8077191396780805,0.12127370902474623,,0.0,7.4256134033203125,ok
A_rhoB0.6,0.6,0.37499999999999994,0.1,17.78279410038923,0.005623413251903491,0.6,20,200,5,1.0,predictive,P1+P2 (protect),coarse,0.1333521432163324,20,10.0,True,True,0.001772574360937394,0.0028339642986607975,48.81727869944608,7.478745267760056,3.7277655305287,1.733359157330326,7.060130044380918,37.39372633880015,1.3054938215342482,0.3739372633880028,4.30450619224639,5.6195062387335755,0.002807441596182621,0.039702028851733906,0.17333591573303261,1.0598674586988066,0.17333591573303367,,0.0,7.428515195846558,ok
A_rhoB0.6,0.6,0.37499999999999994,0.1,17.78279410038923,0.005623413251903491,0.6,20,200,5,1.0,predictive,P1+P2 (protect),coarse,0.5623413251903491,20,10.0,True,True,0.001986461532076089,0.003175843285518805,50.58970579210537,7.476181175358591,3.630342925428781,2.0645779859864457,6.828897913226182,37.38090587679294,1.3533568704527519,0.3738090587679296,4.406096429344134,5.963020874530222,0.0028068569855498643,0.03840171502113205,0.20645779859864458,1.207475345134574,0.20645779859864533,,0.0,7.489117860794067,ok
A_rhoB0.6,0.6,0.37499999999999994,0.1,17.78279410038923,0.005623413251903491,0.6,20,200,5,1.0,predictive,P1+P2 (protect),coarse,5.623413251903491e-06,20,30.0,True,True,5.152018806098364e-11,8.240089040492886e-11,39.50791922883906,7.499999999381989,12.2260256068365,0.013858635435263575,0.2601157583462488,37.49999999690996,1.0535445128558547,0.37499999996909944,5.5831052341136225,5.882049884097209,0.0009885211168263815,0.001462738402513213,0.0013858635435263576,7.69348922342317e-05,0.0013858635435263595,,0.0,7.20581316947937,ok
A_rhoB0.6,0.6,0.37499999999999994,0.1,17.78279410038923,0.005623413251903491,0.6,20,200,5,1.0,predictive,P1+P2 (protect),coarse,2.3713737056616554e-05,20,30.0,True,True,1.4638756430516062e-07,2.341009932845534e-07,39.514539552050394,7.499998244242557,11.44890847334943,0.053192272128788645,0.9979010102792252,37.49999122121273,1.0537213013985478,0.3749999122121278,5.422584935031249,5.713893254685288,0.001967088326344195,0.005611609765292075,0.005319227212878865,0.0003047871635191191,0.0053192272128788475,,0.0,7.443286657333374,ok
A_rhoB0.6,0.6,0.37499999999999994,0.1,17.78279410038923,0.005623413251903491,0.6,20,200,5,1.0,predictive,P1+P2 (protect),coarse,0.0001,20,30.0,True,True,2.9001924151461526e-05,4.637682318393588e-05,39.71273333033127,7.499652173826136,9.315725224202014,0.1635336769653644,3.0210889250064863,37.49826086913068,1.0590553377643064,0.3749826086913068,4.982720438057871,5.276976676512492,0.0025563388605417394,0.016988831496060362,0.01635336769653644,0.007599696209240698,0.016353367696536367,,0.0,7.364559650421143,ok
A_rhoB0.6,0.6,0.37499999999999994,0.1,17.78279410038923,0.005623413251903491,0.6,20,200,5,1.0,predictive,P1+P2 (protect),coarse,0.00042169650342858224,20,30.0,True,True,0.000281163471615199,0.0004495872217508816,40.75665425627519,7.496628095836874,6.521718445902024,0.35357488131611836,5.628078576944984,37.48314047918433,1.087332964507303,0.3748314047918437,4.422740736124128,4.80899179585706,0.0027439306808487553,0.03164901165234653,0.03535748813161184,0.11167023525006106,0.03535748813161163,,0.0,7.220967769622803,ok
A_rhoB0.6,0.6,0.37499999999999994,0.1,17.78279410038923,0.005623413251903491,0.6,20,200,5,1.0,predictive,P1+P2 (protect),coarse,0.0017782794100389228,20,30.0,True,True,0.0007431533450620802,0.0011882673308251496,42.61879377907362,7.49108799501882,4.84284577860829,0.6379097733030636,7.028156453069827,37.45543997509408,1.137853241275844,0.37455439975094096,4.148828474438348,4.720757927137189,0.0027917791816792544,0.03952222813464392,0.06379097733030636,0.3871758265377624,0.06379097733030632,,0.0,7.359301567077637,ok
A_rhoB0.6,0.6,0.37499999999999994,0.1,17.78279410038923,0.005623413251903491,0.6,20,200,5,1.0,predictive,P1+P2 (protect),coarse,0.007498942093324558,20,30.0,True,True,0.001250944903934052,0.002000104122328448,45.25855307961988,7.484999219082541,4.096191114181407,1.0858786453477538,7.332931021388299,37.42499609541276,1.2093135017098182,0.37424996095412705,4.146530220534457,5.014454980940108,0.0028044960934688647,0.04123610148096905,0.10858786453477538,0.7319031109954206,0.10858786453477545,,0.0,7.38094687461853,ok
A_rhoB0.6,0.6,0.37499999999999994,0.1,17.78279410038923,0.005623413251903491,0.6,20,200,5,1.0,predictive,P1+P2 (protect),coarse,0.03162277660168379,20,30.0,True,True,0.0016924682109271676,0.0027059169085588827,48.21041079706456,7.479705623185817,3.770445667048498,1.6209744464265516,7.128874263339134,37.39852811592901,1.2890991497745732,0.37398528115929086,4.272240989710994,5.5073422274685235,0.002807396477644756,0.04008860600361526,0.1620974446426552,1.0108391550404767,0.162097444642654,,0.0,7.430282354354858,ok
A_rhoB0.6,0.6,0.37499999999999994,0.1,17.78279410038923,0.005623413251903491,0.6,20,200,5,1.0,predictive,P1+P2 (protect),coarse,0.1333521432163324,20,30.0,True,True,0.001952669043947128,0.0031218299664874157,50.28985917804632,7.476586275251349,3.644442807864883,2.008291494987417,6.870679421896349,37.38293137625664,1.3452625924885968,0.37382931376256745,4.3882669081949945,5.9033713174503175,0.0028070072810098207,0.03863666971067258,0.20082914949874173,1.1801550048035807,0.20082914949874325,,0.0,7.209480047225952,ok
A_rhoB0.6,0.6,0.37499999999999994,0.1,17.78279410038923,0.005623413251903491,0.6,20,200,5,1.0,predictive,P1+P2 (protect),coarse,0.5623413251903491,20,30.0,True,True,0.002046731686099666,0.00327217947041718,51.15727255384667,7.4754586539718595,3.605380685814519,2.1712476350152614,6.74791302519836,37.377293269859294,1.3686724767493912,0.37377293269859296,4.440299248684903,6.077315370206027,0.002806606762717373,0.037946303528592594,0.21712476350152615,1.2682396056641916,0.21712476350152782,,0.0,7.415744304656982,ok
A_rhoB0.6,0.6,0.37499999999999994,0.1,17.78279410038923,0.005623413251903491,0.6,20,200,5,1.0,predictive,P1+P2 (protect),coarse,5.623413251903491e-06,20,100.0,True,True,4.287029274688798e-08,6.855841397589147e-08,39.51144559467666,7.4999994858119,11.648028253834568,0.043109409038492315,0.8088628513150393,37.49999742905949,1.05363862142717,0.374999974290595,5.463713480011883,5.756779538952766,0.0018195709954972595,0.0045485700770574716,0.004310940903849232,0.000240612369661036,0.004310940903849215,,0.0,7.388572931289673,ok
A_rhoB0.6,0.6,0.37499999999999994,0.1,17.78279410038923,0.005623413251903491,0.6,20,200,5,1.0,predictive,P1+P2 (protect),coarse,2.3713737056616554e-05,20,100.0,True,True,1.5772903091788777e-05,2.522256588618375e-05,39.63822598275463,7.499810830755866,9.767043324402344,0.13943313358035214,2.5937127112614373,37.4990541537793,1.057046020953031,0.3749905415377933,5.0755307151764075,5.365069546702113,0.0024958557174210886,0.0145855184321381,0.013943313358035215,0.00398735671512816,0.013943313358035048,,0.0,7.244940280914307,ok
A_rhoB0.6,0.6,0.37499999999999994,0.1,17.78279410038923,0.005623413251903491,0.6,20,200,5,1.0,predictive,P1+P2 (protect),coarse,0.0001,20,100.0,True,True,0.0002199352784061137,0.0003516843122548898,40.52211068968952,7.497362367658091,6.923573546906624,0.3177187210090869,5.261345364426198,37.486811838290464,1.0809697785048418,0.37486811838290457,4.500189297016657,4.864568627625956,0.002727754721332746,0.029586719245155095,0.03177187210090869,0.08215413311898422,0.031771872100908496,,0.0,7.499939441680908,ok
A_rhoB0.6,0.6,0.37499999999999994,0.1,17.78279410038923,0.005623413251903491,0.6,20,200,5,1.0,predictive,P1+P2 (protect),coarse,0.00042169650342858224,20,100.0,True,True,0.0006617278579125956,0.0010580798349369804,42.26336411106395,7.492064401237969,5.035166859750719,0.5815811796532032,6.8911875593581104,37.46032200618991,1.1282167863928234,0.37460322006189845,4.171402487060908,4.706246308702888,0.0027876566409836545,0.03875199544264659,0.058158117965320326,0.3336412945128313,0.0581581179653205,,0.0,7.55238938331604,ok
A_rhoB0.6,0.6,0.37499999999999994,0.1,17.78279410038923,0.005623413251903491,0.6,20,200,5,1.0,predictive,P1+P2 (protect),coarse,0.0017782794100389228,20,100.0,True,True,0.0011690128575734707,0.0018691203602074385,44.77921868402171,7.48598159729845,4.180426375181097,1.0015857706532791,7.332006256867175,37.42990798649221,1.1963486178000151,0.3742990798649225,4.134209604126844,4.945955945592697,0.002803369213608165,0.041230901147906125,0.10015857706532792,0.6770096061821756,0.10015857706532758,,0.0,7.351637125015259,ok
A_rhoB0.6,0.6,0.37499999999999994,0.1,17.78279410038923,0.005623413251903491,0.6,20,200,5,1.0,predictive,P1+P2 (protect),coarse,0.007498942093324558,20,100.0,True,True,0.0016306759943592677,0.0026071417659049028,47.75854402580786,7.480446436755721,3.806142975486351,1.537715079031053,7.175695508726877,37.4022321837785,1.2768902078128088,0.37402232183778605,4.249268548259526,5.425849399639538,0.002807263526443604,0.04035190121539929,0.15377150790310531,0.9732084814637686,0.15377150790310576,,0.0,7.365716934204102,ok
A_rhoB0.6,0.6,0.37499999999999994,0.1,17.78279410038923,0.005623413251903491,0.6,20,200,5,1.0,predictive,P1+P2 (protect),coarse,0.03162277660168379,20,100.0,True,True,0.0019237583311583566,0.0030756195138881915,50.040723249787135,7.476932853645831,3.6568055049275783,1.9615889005589544,6.904672740867636,37.38466426822916,1.3385361144546524,0.37384664268229156,4.373626849391517,5.854257489059064,0.0028071238895376583,0.03882782819105212,0.19615889005589546,1.1587246087196785,0.1961588900558954,,0.0,7.372576951980591,ok
A_rhoB0.6,0.6,0.37499999999999994,0.1,17.78279410038923,0.005623413251903491,0.6,20,200,5,1.0,predictive,P1+P2 (protect),coarse,0.1333521432163324,20,100.0,True,True,0.0020385475597644465,0.0032590976396282756,51.076877286268896,7.47555676770277,3.6088376516720464,2.1561379308873985,6.759467649737785,37.37778383851384,1.3665036297213424,0.3737778383851385,4.435435040941325,6.061038082839552,0.0028066338667558613,0.03801127995734788,0.21561379308873985,1.258486532756766,0.21561379308874012,,0.0,7.276444435119629,ok
A_rhoB0.6,0.6,0.37499999999999994,0.1,17.78279410038923,0.005623413251903491,0.6,20,200,5,1.0,predictive,P1+P2 (protect),coarse,0.5623413251903491,20,100.0,True,True,0.002068042245914886,0.0033062439858804744,51.37373783794727,7.475203170105893,3.596005839669918,2.211898706952005,6.716892283272184,37.37601585052936,1.374510810445829,0.37376015850529465,4.453372329095686,6.12120840928234,0.0028065622456073832,0.037771861077360885,0.22118987069520052,1.297673417181632,0.22118987069520113,,0.0,7.491524696350098,ok
A_rhoB0.6,0.6,0.37499999999999994,0.1,17.78279410038923,0.005623413251903491,0.6,20,200,5,1.0,base,Base,fine,0.008659643233600654,0,1.0,False,False,0.0005855733528486479,0.0009363319380827131,42.22334316014935,7.492977510464377,4.299063349020431,0.3722835484116546,7.835675592103537,37.46488755232189,1.1270110740672048,0.37464887552321885,3.926997955695031,4.4257701839075745,0.0,0.0,,,,,6.494742884335134e-19,0.3707108497619629,ok
A_rhoB0.6,0.6,0.37499999999999994,0.1,17.78279410038923,0.005623413251903491,0.6,20,200,5,1.0,base,Base,fine,0.01,0,1.0,False,False,0.0006638664172832634,0.0010615168369970697,42.467512152230256,7.492038623722542,4.054472062080034,0.4054472062080041,8.048042107989419,37.46019311861263,1.1336704009443472,0.3746019311861271,3.8839369658777976,4.403104377349254,0.0,0.0,,,,,1.4493786557650786e-18,0.37851500511169434,ok
A_rhoB0.6,0.6,0.37499999999999994,0.1,17.78279410038923,0.005623413251903491,0.6,20,200,5,1.0,base,Base,fine,0.011547819846894581,0,1.0,False,False,0.0007443747787420035,0.0011902426830415456,42.72422333331535,7.491073179877194,3.819318374907775,0.44104800531369015,8.248560439901341,37.4553658993859,1.1406702966961493,0.37455365899385973,3.8439113167667633,4.38463546217003,0.0,0.0,,,,,3.150098804649322e-18,0.4151773452758789,ok
A_rhoB0.6,0.6,0.37499999999999994,0.1,17.78279410038923,0.005623413251903491,0.6,20,200,5,1.0,base,Base,fine,0.01333521432163324,0,1.0,False,False,0.0008263908023721612,0.0013213779410571602,42.99423734499018,7.490089665442091,3.5941400730166677,0.47928628175647786,8.436483979784763,37.45044832721034,1.1480299773541536,0.37450448327210456,3.807120839419402,4.370688851063182,0.0,0.0,,,,,6.676878106589024e-18,0.3942439556121826,ok
A_rhoB0.6,0.6,0.37499999999999994,0.1,17.78279410038923,0.005623413251903491,0.6,20,200,5,1.0,base,Base,fine,0.01539926526059492,0,1.0,False,False,0.000909283101019136,0.001453913015672096,43.278536208210966,7.489095652382451,3.379227164677653,0.5203761548467923,8.611301028093104,37.44547826191227,1.155774694757519,0.3744547826191226,3.773714307707353,4.361563502092547,0.0,0.0,,,,,1.3818423165286263e-17,0.3734731674194336,ok
A_rhoB0.6,0.6,0.37499999999999994,0.1,17.78279410038923,0.005623413251903491,0.6,20,200,5,1.0,base,Base,fine,0.01778279410038923,0,1.0,False,False,0.0009925112185202086,0.00158698372661117,43.578303789620506,7.488097622050411,3.1746541578062164,0.5645422122821259,8.772706007861247,37.44048811025209,1.1639352473529248,0.37440488110252057,3.7437954070635353,4.3575354331592395,0.0,0.0,,,,,2.7954688941349315e-17,0.3759737014770508,ok
A_rhoB0.6,0.6,0.37499999999999994,0.1,17.78279410038923,0.005623413251903491,0.6,20,200,5,1.0,base,Base,fine,0.02053525026457146,0,1.0,False,False,0.001075633204458697,0.0017198834174957443,43.89489786094144,7.487100874368774,2.98031691866076,0.6120155379243527,8.920566669046112,37.43550437184394,1.1725472542038395,0.3743550437184387,3.7174295217408124,4.358861778413482,0.0,0.0,,,,,5.533329742868131e-17,0.38527822494506836,ok
A_rhoB0.6,0.6,0.37499999999999994,0.1,17.78279410038923,0.005623413251903491,0.6,20,200,5,1.0,base,Base,fine,0.023713737056616554,0,1.0,False,False,0.0011583074904933691,0.00185206595326876,44.22981566205847,7.4861095053504645,2.7959705920531186,0.6630291143798039,9.054890788216614,37.43054752675241,1.1816502451759883,0.3743054752675232,3.694650552166265,4.365784730806867,0.0,0.0,,,,,1.0725827482319996e-16,0.39191150665283203,ok
A_rhoB0.6,0.6,0.37499999999999994,0.1,17.78279410038923,0.005623413251903491,0.6,20,200,5,1.0,base,Base,fine,0.027384196342643614,0,1.0,False,False,0.0012402904882204628,0.0019831418770067423,44.584654471741864,7.485126435922449,2.6212660067966382,0.7178126299641595,9.175794927316753,37.425632179612265,1.1912866096094832,0.37425632179612245,3.675467185933287,4.378534842661373,0.0,0.0,,,,,2.0376010923100605e-16,0.45555996894836426,ok
A_rhoB0.6,0.6,0.37499999999999994,0.1,17.78279410038923,0.005623413251903491,0.6,20,200,5,1.0,base,Base,fine,0.03651741272548377,0,1.0,False,False,0.0014016641504952898,0.0022411450549236177,45.360721898458294,7.483191412088063,2.299058917936792,0.8395568338650232,9.378192836110122,37.415957060440356,1.2123362720666013,0.37415957060440314,3.647826988692966,4.422392972615967,0.0,0.0,,,,,6.939830588781971e-16,0.42285871505737305,ok
A_rhoB0.6,0.6,0.37499999999999994,0.1,17.78279410038923,0.005623413251903491,0.6,20,200,5,1.0,base,Base,fine,0.042169650342858224,0,1.0,False,False,0.0014810012634627616,0.0023679867944648263,45.78524206669241,7.482240099041512,2.1506142368250107,0.9069065038928384,9.46023916024064,37.41120049520757,1.2238378202420308,0.3741120049520756,3.6393041042281373,4.45391800211644,0.0,0.0,,,,,1.2455372784957677e-15,0.39587831497192383,ok
A_rhoB0.6,0.6,0.37499999999999994,0.1,17.78279410038923,0.005623413251903491,0.6,20,200,5,1.0,base,Base,fine,0.04869675251658631,0,1.0,False,False,0.001559524255193725,0.0024935257415239494,46.236168361440406,7.481298556938568,2.009971259589158,0.9787907299366433,9.529939453535631,37.40649278469285,1.2360466036623663,0.3740649278469284,3.6342497665875406,4.492102080851277,0.0,0.0,,,,,2.195573442326898e-15,0.3807249069213867,ok
A_rhoB0.6,0.6,0.37499999999999994,0.1,17.78279410038923,0.005623413251903491,0.6,20,200,5,1.0,base,Base,fine,0.05623413251903491,0,1.0,False,False,0.0016373775666135232,0.002617992932340075,46.71490250561398,7.4803650530074375,1.8766699695352291,1.0553290776133717,9.587635899843962,37.40182526503723,1.2490006082479215,0.37401825265037186,3.632604504318325,4.537125235417728,0.0,0.0,,,,,3.802559972400043e-15,0.3735842704772949,ok
A_rhoB0.6,0.6,0.37499999999999994,0.1,17.78279410038923,0.005623413251903491,0.6,20,200,5,1.0,base,Base,fine,0.06493816315762113,0,1.0,False,False,0.0017147627021068014,0.0027417106565362243,47.222657894996466,7.479437170075965,1.7502789416802844,1.1365989948618278,9.633684893381924,37.397185850379906,1.2627329255181576,0.3739718585037982,3.634299203189083,4.58914926505126,0.0,0.0,,,,,6.472442465462633e-15,0.4099452495574951,ok
A_rhoB0.6,0.6,0.37499999999999994,0.1,17.78279410038923,0.005623413251903491,0.6,20,200,5,1.0,base,Base,fine,0.07498942093324558,0,1.0,False,False,0.0017919339900110273,0.002865085679057866,47.76040940827579,7.478511857407091,1.6304024948519267,1.222629389770644,9.668456257970337,37.39255928703531,1.2772704067045553,0.37392559287035454,3.639254324122541,4.648311850673309,0.0,0.0,,,,,8.041734007215056e-15,0.383495569229126,ok
A_rhoB0.6,0.6,0.37499999999999994,0.1,17.78279410038923,0.005623413251903491,0.6,20,200,5,1.0,base,Base,fine,0.08659643233600653,0,1.0,False,False,0.001869195597716458,0.002988604467963107,48.3288440095573,7.477585466490252,1.5166844662722543,1.3133946375861794,9.692335429651314,37.38792733245136,1.2926323403760769,0.3738792733245126,3.6473785149080813,4.714719425963053,0.0,0.0,,,,,5.63669629065837e-15,0.3848717212677002,ok
A_rhoB0.6,0.6,0.37499999999999994,0.1,17.78279410038923,0.005623413251903491,0.6,20,200,5,1.0,base,Base,fine,0.1,0,1.0,False,False,0.001946899294491363,0.0031128296174411448,48.92831270557922,7.476653777869169,1.4088091820395703,1.408809182039572,9.705727858051688,37.38326888934595,1.3088291676794364,0.37383268889345844,3.658566809424431,4.7884389520785895,0.0,0.0,,,,,3.885102454394955e-15,0.3883540630340576,ok
A_rhoB0.6,0.6,0.37499999999999994,0.1,17.78279410038923,0.005623413251903491,0.6,20,200,5,1.0,base,Base,fine,0.11547819846894582,0,1.0,False,False,0.002025442203086899,0.003238396252404808,49.558784720220864,7.4757120281069325,1.3065002350569694,1.5087229344363322,9.709064802399766,37.3785601405348,1.325861256664013,0.3737856014053466,3.672698632243048,4.8694888238939695,0.0,0.0,,,,,2.6265951483458752e-15,0.37467479705810547,ok
A_rhoB0.6,0.6,0.37499999999999994,0.1,17.78279410038923,0.005623413251903491,0.6,20,200,5,1.0,predictive,P2 only,fine,0.0028729848333536655,0,3.0,False,False,0.0005621681467984586,0.0008989070059442404,41.767667586346306,7.493258197455423,4.785298317949382,0.29695630598413403,7.424487178611062,37.466290987277084,1.1148065764110437,0.3746629098727711,4.008470725952769,4.468669526643297,0.0,0.0,0.029695630598413403,0.6589195827965335,0.029695630598413528,,0.0,1.0032055377960205,ok
A_rhoB0.6,0.6,0.37499999999999994,0.1,17.78279410038923,0.005623413251903491,0.6,20,200,5,1.0,predictive,P2 only,fine,0.004641588833612777,0,3.0,False,False,0.0008278211587789778,0.001323662555908491,42.444060109659056,7.490072530830681,4.017487189090874,0.38583534846404466,8.1066049316144,37.450362654153395,1.133341764981596,0.3745036265415341,3.867480744469863,4.383177452969812,0.0,0.0,0.03858353484640447,0.7970047467980931,0.03858353484640452,,0.0,0.9516103267669678,ok
A_rhoB0.6,0.6,0.37499999999999994,0.1,17.78279410038923,0.005623413251903491,0.6,20,200,5,1.0,predictive,P2 only,fine,0.012115276586285889,0,3.0,False,False,0.001371197107496451,0.002192428256654325,44.12100567626745,7.483556788075097,2.7790868898595096,0.6377893372388941,9.099566984826499,37.41778394037542,1.179145342935688,0.3741778394037548,3.6803923695051814,4.339717522678076,0.0,0.0,0.06377893372388942,1.23668697422615,0.06377893372388967,,0.0,1.232391119003296,ok
A_rhoB0.6,0.6,0.37499999999999994,0.1,17.78279410038923,0.005623413251903491,0.6,20,200,5,1.0,predictive,P2 only,fine,0.019573417814876606,0,3.0,False,False,0.0016235216457840347,0.0025958279181344484,45.21000696526358,7.480531290613997,2.292758277426517,0.8167807250722939,9.409929706887194,37.402656453069994,1.2087378612262383,0.3740265645306998,3.6368421259458246,4.395988772933242,0.0,0.0,0.0816780725072294,1.537371069660439,0.08167807250722908,,0.0,0.9119293689727783,ok
A_rhoB0.6,0.6,0.37499999999999994,0.1,17.78279410038923,0.005623413251903491,0.6,20,200,5,1.0,predictive,P1 only (protect),fine,0.012115276586285882,15,1.0,True,True,0.0004969955063324483,0.0007946999989052306,41.939527232610224,7.494039750008218,3.9648763140922356,0.3798884262218861,8.161195509677661,37.47019875004095,1.1192768822066734,0.3747019875004109,3.8548680336424335,4.314664674013473,0.0026475452658512467,0.020681150559313716,0.037988842622188615,0.8205066091432239,0.03798884262218866,,0.0,2.2824149131774902,ok
A_rhoB0.6,0.6,0.37499999999999994,0.1,17.78279410038923,0.005623413251903491,0.6,20,200,5,1.0,predictive,P1 only (protect),fine,0.019573417814876606,15,1.0,True,True,0.0006963496551205923,0.0011134511870603788,42.55954962843666,7.491649116097051,3.3613315499431717,0.4660057218216242,8.681013612138154,37.458245580485176,1.1361864115336235,0.37458245580485255,3.750195127649244,4.2609207446346735,0.002712541383094253,0.023269573568587613,0.046600572182162424,0.9493844508963214,0.046600572182162486,,0.0,2.4460158348083496,ok
A_rhoB0.6,0.6,0.37499999999999994,0.1,17.78279410038923,0.005623413251903491,0.6,20,200,5,1.0,predictive,P1 only (protect),fine,0.051089697745069294,15,1.0,True,True,0.0011094088697515682,0.0017738675951288016,43.92947390545924,7.486695993036525,2.5253541205995966,0.675393829678016,9.312556056685862,37.43347996518261,1.1735343320022247,0.37433479965182626,3.6384721169020344,4.269871945217349,0.002770267252653635,0.026426344056291726,0.0675393829678016,1.2159905242824298,0.06753938296780149,,0.0,2.2840425968170166,ok
A_rhoB0.6,0.6,0.37499999999999994,0.1,17.78279410038923,0.005623413251903491,0.6,20,200,5,1.0,predictive,P1 only (protect),fine,0.08254041852680186,15,1.0,True,True,0.0013125385761078925,0.002098621839921298,44.71051996048538,7.484260336200601,2.247005390866014,0.805610894960001,9.463123377973385,37.42130168100296,1.194787940345293,0.37421301681003005,3.6237232376064448,4.329580823441181,0.0027818424034642976,0.02717400761505918,0.0805610894960001,1.3482781641680923,0.08056108949599992,,0.0,2.5024921894073486,ok
A_rhoB0.6,0.6,0.37499999999999994,0.1,17.78279410038923,0.005623413251903491,0.6,20,200,5,1.0,predictive,P1+P2 (protect),fine,0.0028729848333536655,10,3.0,True,True,0.0004943774820833984,0.0007905154673198521,41.69354363416809,7.494071133995098,4.781601209394552,0.29668829022796783,7.427639366382383,37.470355669975525,1.1127074426885288,0.37470355669975486,4.0078415819442865,4.459555157345975,0.001778450165046256,0.0068665421624360965,0.029668829022796786,0.6595391908335886,0.029668829022796665,,0.0,1.1589674949645996,ok
A_rhoB0.6,0.6,0.37499999999999994,0.1,17.78279410038923,0.005623413251903491,0.6,20,200,5,1.0,predictive,P1+P2 (protect),fine,0.004641588833612777,10,3.0,True,True,0.0007323148704264144,0.0011709597903295538,42.3519895667418,7.49121780157253,4.014345729533116,0.38548098936668584,8.108955479527669,37.456089007862566,1.1307104048650545,0.3745608900786265,3.867069435851243,4.3725356474526365,0.002116425455425445,0.009045547314572546,0.038548098936668586,0.7976229656839756,0.03854809893666865,,0.0,1.1671860218048096,ok
A_rhoB0.6,0.6,0.37499999999999994,0.1,17.78279410038923,0.005623413251903491,0.6,20,200,5,1.0,predictive,P1+P2 (protect),fine,0.012115276586285889,10,3.0,True,True,0.001230329075537291,0.0019672091231108016,44.010746250728246,7.48524593157666,2.777601826690765,0.6373314746557873,9.099820767076787,37.426229657883326,1.1759332065515176,0.37426229657883303,3.6805202940747916,4.328046031189304,0.002507708809930203,0.012236731474464359,0.06373314746557873,1.236849115825861,0.06373314746557898,,0.0,1.2290194034576416,ok
A_rhoB0.6,0.6,0.37499999999999994,0.1,17.78279410038923,0.005623413251903491,0.6,20,200,5,1.0,predictive,P1+P2 (protect),fine,0.019573417814876606,10,3.0,True,True,0.001468215481460128,0.0023475319454670483,45.0986575865537,7.482393510408995,2.2919474089268554,0.8163054935522303,9.40935358711192,37.411967552044956,1.2054607265393233,0.3741196755204498,3.637180683594333,4.384478469400418,0.002595632422128979,0.013149240533030558,0.08163054935522303,1.537210487199791,0.08163054935522294,,0.0,1.219907283782959,ok
A_rhoB0.6,0.6,0.37499999999999994,0.1,100.0,0.001,0.6,20,200,5,1.0,base,Base,coarse,1e-06,0,1.0,False,False,1.6747326383996008e-11,2.6794344616541666e-11,39.508347892985284,7.499999999799022,12.442187396707382,0.000124421873967074,0.05768818161962778,37.49999999899518,1.0535559438411712,0.3749999999899511,5.626704950509035,5.928048444849337,0.0,0.0,,,,,4.9982019976796285e-70,0.4139902591705322,ok
A_rhoB0.6,0.6,0.37499999999999994,0.1,100.0,0.001,0.6,20,200,5,1.0,base,Base,coarse,4.216965034285822e-06,0,1.0,False,False,3.0581512317381814e-11,4.8927824545210474e-11,39.51069209929966,7.499999999633012,12.275442307153615,0.0005176511098965929,0.2240400421034771,37.499999998165194,1.0536184560328758,0.37499999998165057,5.589237105512488,5.888923369511728,0.0,0.0,,,,,8.822989569216258e-58,0.4543337821960449,ok
A_rhoB0.6,0.6,0.37499999999999994,0.1,100.0,0.001,0.6,20,200,5,1.0,base,Base,coarse,1.778279410038923e-05,0,1.0,False,False,1.797822540969207e-10,2.876345081582905e-10,39.519900307132616,7.499999997842717,11.765813645972676,0.0020922904148988246,0.7320940657697077,37.49999998921368,1.0538640084933315,0.37499999989213584,5.474863027306782,5.769761095909461,0.0,0.0,,,,,3.3034411928151967e-46,0.37754368782043457,ok
A_rhoB0.6,0.6,0.37499999999999994,0.1,100.0,0.001,0.6,20,200,5,1.0,base,Base,coarse,7.498942093324559e-05,0,1.0,False,False,3.107284284999757e-08,4.9712473642836674e-08,39.553691646442,7.499999627156423,10.652973685018225,0.007988603278566219,1.8390380845467855,37.499998135782235,1.054765163006772,0.37499998135782114,5.226036442534838,5.512241180189589,0.0,0.0,,,,,2.2631104951746263e-36,0.3718376159667969,ok
A_rhoB0.6,0.6,0.37499999999999994,0.1,100.0,0.001,0.6,20,200,5,1.0,base,Base,coarse,0.00031622776601683794,0,1.0,False,False,5.454509322370456e-06,8.726379445092447e-06,39.67416054291919,7.499934552154166,8.613575757881529,0.027238518193316588,3.8592511717709885,37.49967276077083,1.0579868468725182,0.3749967276077083,4.773185859058224,5.049967856561503,0.0,0.0,,,,,3.502187805829586e-29,0.3735690116882324,ok
A_rhoB0.6,0.6,0.37499999999999994,0.1,100.0,0.001,0.6,20,200,5,1.0,base,Base,coarse,0.001333521432163324,0,1.0,False,False,6.338554589121829e-05,0.00010140631607121575,40.02396622886867,7.499239452629453,5.790450205852148,0.07721689451378362,6.633093447004615,37.49619726314733,1.0674140086255022,0.3749619726314727,4.154852138436688,4.434947376334945,0.0,0.0,,,,,3.3470515341568625e-24,0.37953758239746094,ok
A_rhoB0.6,0.6,0.37499999999999994,0.1,100.0,0.001,0.6,20,200,5,1.0,base,Base,coarse,0.005623413251903491,0,1.0,False,False,0.00017012425145020407,0.00027216853107382504,40.80215927225386,7.497958736016932,3.6244460584058005,0.20381757995648642,8.67377762562078,37.489793680084766,1.0883537962474485,0.3748979368008466,3.7133453967033336,4.041433559280061,0.0,0.0,,,,,1.7588920906448818e-20,0.4602794647216797,ok
A_rhoB0.6,0.6,0.37499999999999994,0.1,100.0,0.001,0.6,20,200,5,1.0,base,Base,coarse,0.023713737056616554,0,1.0,False,False,0.0002799592482496648,0.00044788189475647677,42.705855951622034,7.49664088578931,2.2560006401340704,0.5349820597969804,9.712376414279639,37.48320442894661,1.139333112049572,0.3748320442894655,3.528656267488098,4.020314926590442,0.0,0.0,,,,,1.5799741896683758e-17,0.3844642639160156,ok
A_rhoB0.6,0.6,0.37499999999999994,0.1,100.0,0.001,0.6,20,200,5,1.0,base,Base,coarse,0.1,0,1.0,False,False,0.00043841288643618753,0.000701375905605237,47.08963226853646,7.494739680707947,1.269674570492554,1.2696745704925554,9.965911178306943,37.473698403539814,1.2566048795463518,0.37473698403539735,3.581667817174639,4.5007412559757825,0.0,0.0,,,,,2.155825707401113e-15,0.41495513916015625,ok
A_rhoB0.6,0.6,0.37499999999999994,0.1,100.0,0.001,0.6,20,200,5,1.0,predictive,Check,check,0.00031622776601683794,0,1.0,False,False,5.454509322370457e-06,8.726379445092445e-06,39.67416054291918,7.499934552154156,8.613575757881527,0.027238518193316692,3.8592511717710014,37.499672760770835,1.0579868468725178,0.3749967276077078,4.773185859058221,5.049967856561497,0.0,0.0,0.0027238518193316696,0.15751636456373083,0.002723851819331669,3.821184684860962e-15,0.0,0.9688258171081543,ok
A_rhoB0.6,0.6,0.37499999999999994,0.1,100.0,0.001,0.6,20,200,5,1.0,predictive,P2 only,coarse,1e-06,0,3.0,False,False,2.223933313163684e-11,3.558107491362016e-11,39.509348626960005,7.499999999733144,12.363862102381662,0.00029193497667517036,0.1358459629085189,37.499999998665686,1.053582630089755,0.37499999998665723,5.6090986855642715,5.909648945569793,0.0,0.0,2.9193497667517036e-05,0.003064564464389453,2.91934976675171e-05,,0.0,1.0011262893676758,ok
A_rhoB0.6,0.6,0.37499999999999994,0.1,100.0,0.001,0.6,20,200,5,1.0,predictive,P2 only,coarse,4.216965034285822e-06,0,3.0,False,False,7.821006294705426e-11,1.2512903427524151e-10,39.5146911171292,7.4999999990615285,12.018289023352073,0.0011986231286696437,0.4805123544577281,37.49999999530764,1.053725096588631,0.3749999999530764,5.5314824421710185,5.828661870654972,0.0,0.0,0.00011986231286696438,0.011980905868940796,0.0001198623128669643,,0.0,0.9467267990112305,ok
A_rhoB0.6,0.6,0.37499999999999994,0.1,100.0,0.001,0.6,20,200,5,1.0,predictive,P2 only,coarse,1.778279410038923e-05,0,3.0,False,False,5.989136872086239e-09,9.581879718680864e-09,39.534810037862364,7.499999928135897,11.164054847804453,0.004696871696579823,1.3312483523630725,37.49999964067952,1.0542616111114707,0.3749999964067948,5.340092707807525,5.629854741617777,0.0,0.0,0.00046968716965798237,0.040739566213552826,0.0004696871696579829,,0.0,0.9423336982727051,ok
A_rhoB0.6,0.6,0.37499999999999994,0.1,100.0,0.001,0.6,20,200,5,1.0,predictive,P2 only,coarse,7.498942093324559e-05,0,3.0,False,False,1.9204346305235234e-06,3.0724089701330487e-06,39.607073516731155,7.499976956932721,9.512200023061865,0.01657545454650572,2.97124756545891,37.49988478466365,1.0561918721662122,0.37499884784663606,4.97191155447044,5.251292572960956,0.0,0.0,0.001657545454650572,0.10271751800990266,0.0016575454546505696,,0.0,1.0274600982666016,ok
A_rhoB0.6,0.6,0.37499999999999994,0.1,100.0,0.001,0.6,20,200,5,1.0,predictive,P2 only,coarse,0.00031622776601683794,0,3.0,False,False,4.101884456535256e-05,6.562343522289838e-05,39.83130719236539,7.499507824235836,6.892338507681489,0.0469756477786033,5.56117802030407,37.49753912117924,1.0622378994963966,0.3749753912117918,4.39215571507884,4.665514261046441,0.0,0.0,0.00469756477786033,0.1851873158530327,0.0046975647778603295,,0.0,1.039644479751587,ok
A_rhoB0.6,0.6,0.37499999999999994,0.1,100.0,0.001,0.6,20,200,5,1.0,predictive,P2 only,coarse,0.001333521432163324,0,3.0,False,False,0.0001416602834709765,0.0002266316179182484,40.28823003291375,7.4983002628655955,4.539430453840786,0.11504697223817208,7.8472223110554475,37.49150131432809,1.0745963383844765,0.3749150131432798,3.8865073306753497,4.176426546648157,0.0,0.0,0.011504697223817209,0.38408459055585176,0.01150469722381718,,0.0,0.9888932704925537,ok
A_rhoB0.6,0.6,0.37499999999999994,0.1,100.0,0.001,0.6,20,200,5,1.0,predictive,P2 only,coarse,0.005623413251903491,0,3.0,False,False,0.00024912211030156156,0.0003985487533047873,41.291006092711186,7.497010884350209,3.023058547552724,0.2921205273764422,9.187810040720626,37.48505442175113,1.1015325102143005,0.3748505442175104,3.61052335980631,3.9771088597148148,0.0,0.0,0.02921205273764422,0.8816278773302043,0.02921205273764412,,0.0,0.9555366039276123,ok
A_rhoB0.6,0.6,0.37499999999999994,0.1,100.0,0.001,0.6,20,200,5,1.0,predictive,P2 only,coarse,0.023713737056616554,0,3.0,False,False,0.00035409700041849363,0.0005664845180819804,43.74319106429532,7.495751366114367,1.9215400963451068,0.7366369661379661,9.846071571402561,37.4787568305718,1.16714626533753,0.37478756830571835,3.528689752414532,4.1184970660654345,0.0,0.0,0.07366369661379661,1.7833893921102215,0.07366369661379668,,0.0,0.9929993152618408,ok
A_rhoB0.6,0.6,0.37499999999999994,0.1,100.0,0.001,0.6,20,200,5,1.0,predictive,P2 only,coarse,0.1,0,3.0,False,False,0.000504204766211034,0.0008066243807857051,48.84773628127705,7.493950317144119,1.0504369108965343,1.6175706189976289,9.838042152961718,37.46975158572045,1.3036578630505973,0.37469751585720595,3.6627156034259016,4.77492799652429,0.0,0.0,0.1617570618997629,2.90358694461884,0.16175706189976322,,0.0,0.9542715549468994,ok
A_rhoB0.6,0.6,0.37499999999999994,0.1,100.0,0.001,0.6,20,200,5,1.0,predictive,P2 only,coarse,1e-06,0,10.0,False,False,5.255242638229927e-11,8.407925095752529e-11,39.51273696233889,7.499999999369402,12.129832932443014,0.0008655158145054099,0.36930155237307893,37.49999999684702,1.0536729857509626,0.3749999999684701,5.5565201679628,5.854755195762803,0.0,0.0,8.6551581450541e-05,0.008770787811055282,8.655158145054101e-05,,0.0,1.1014738082885742,ok
A_rhoB0.6,0.6,0.37499999999999994,0.1,100.0,0.001,0.6,20,200,5,1.0,predictive,P2 only,coarse,4.216965034285822e-06,0,10.0,False,False,2.039803714993931e-09,3.2634467727329177e-09,39.527580523044946,7.499999975524145,11.414562764684966,0.0034373271633201187,1.0819999326275695,37.49999987762074,1.054068817387763,0.37499999877620727,5.3961307420241855,5.687893149715186,0.0,0.0,0.0003437327163320119,0.03084725572180035,0.00034373271633201255,,0.0,1.0022213459014893,ok
A_rhoB0.6,0.6,0.37499999999999994,0.1,100.0,0.001,0.6,20,200,5,1.0,predictive,P2 only,coarse,1.778279410038923e-05,0,10.0,False,False,8.494594631173383e-07,1.3590110788364857e-06,39.581045233109734,7.499989807416912,9.988527864390015,0.012418243438420903,2.49906408475465,37.49994903708453,1.0554959739803156,0.3749994903708456,5.077807202832602,5.359605059238059,0.0,0.0,0.0012418243438420903,0.08168575079106125,0.0012418243438420918,,0.0,0.9970731735229492,ok
A_rhoB0.6,0.6,0.37499999999999994,0.1,100.0,0.001,0.6,20,200,5,1.0,predictive,P2 only,coarse,7.498942093324559e-05,0,10.0,False,False,2.8593076565082188e-05,4.574429920911317e-05,39.75457159439806,7.499656917755937,7.605101085675362,0.03589906651365329,4.859342930055047,37.498284588779654,1.06017040593621,0.37498284588779685,4.548837882681013,4.82254330461994,0.0,0.0,0.0035899066513653288,0.13935254146599774,0.003589906651365326,,0.0,0.9882419109344482,ok
A_rhoB0.6,0.6,0.37499999999999994,0.1,100.0,0.001,0.6,20,200,5,1.0,predictive,P2 only,coarse,0.00031622776601683794,0,10.0,False,False,0.00012189924092906426,0.00019501764054105094,40.10129462179325,7.498537367695944,5.258746023132727,0.0836481203690051,7.1590684888023235,37.49268683847973,1.0695764428554169,0.37492686838479716,4.037060097669125,4.317944378858484,0.0,0.0,0.00836481203690051,0.23896519218735748,0.008364812036900475,,0.0,0.9641149044036865,ok
A_rhoB0.6,0.6,0.37499999999999994,0.1,100.0,0.001,0.6,20,200,5,1.0,predictive,P2 only,coarse,0.001333521432163324,0,10.0,False,False,0.00023058462675923562,0.0003688927016223948,40.75690188857354,7.497233304737846,3.724812723795069,0.19686082248141828,8.581093148985666,37.48616652368918,1.087251796281101,0.3748616652368923,3.7330985626873807,4.0588181179762515,0.0,0.0,0.01968608224814183,0.5127588584018199,0.019686082248141775,,0.0,1.0383446216583252,ok
A_rhoB0.6,0.6,0.37499999999999994,0.1,100.0,0.001,0.6,20,200,5,1.0,predictive,P2 only,coarse,0.005623413251903491,0,10.0,False,False,0.00033218472263592686,0.0005314296524017534,42.281532929661346,7.496014277606998,2.603417117482502,0.4830649644576296,9.417503640452871,37.480071388034844,1.1281070543307268,0.37480071388034986,3.5872738741301013,4.046828963222483,0.0,0.0,0.04830649644576296,1.0954586799713961,0.04830649644576305,,0.0,0.9328272342681885,ok
A_rhoB0.6,0.6,0.37499999999999994,0.1,100.0,0.001,0.6,20,200,5,1.0,predictive,P2 only,coarse,0.023713737056616554,0,10.0,False,False,0.00042983204428962215,0.000687640015769153,45.530918134479826,7.494842699881744,1.6557956701921281,1.089570934491578,9.75979069543455,37.474213499408705,1.214993294927944,0.3747421349940872,3.6010954718989834,4.3753068527526455,0.0,0.0,0.10895709344915781,2.038263059639416,0.10895709344915755,,0.0,1.0024094581604004,ok
A_rhoB0.6,0.6,0.37499999999999994,0.1,100.0,0.001,0.6,20,200,5,1.0,predictive,P2 only,coarse,0.1,0,10.0,False,False,0.0005598565337226115,0.0008956491545411251,50.98008886365975,7.4932826313409375,0.8943066970200546,2.0413170037209354,9.571093667918072,37.46641315670472,1.3606877351838715,0.37466413156704687,3.786563629957923,5.152330689777066,0.0,0.0,0.20413170037209355,3.1096917484402495,0.20413170037209283,,0.0,0.980581521987915,ok
A_rhoB0.6,0.6,0.37499999999999994,0.1,100.0,0.001,0.6,20,200,5,1.0,predictive,P2 only,coarse,1e-06,0,30.0,False,False,5.395041161323354e-10,8.631486357968021e-10,39.521759144726616,7.499999993526384,11.653886133267275,0.002422957485360513,0.8436909157209804,37.499999967631936,1.0539135781023936,0.3749999996763192,5.449737846152893,5.743552713159028,0.0,0.0,0.0002422957485360513,0.02265202842872661,0.00024229574853605124,,0.0,0.9929282665252686,ok
A_rhoB0.6,0.6,0.37499999999999994,0.1,100.0,0.001,0.6,20,200,5,1.0,predictive,P2 only,coarse,4.216965034285822e-06,0,30.0,False,False,2.3491989052781647e-07,3.7583871118132783e-07,39.56017891880397,7.499997181209661,10.445266305480606,0.009030306426574895,2.045706206883157,37.49998590604827,1.0549385009881673,0.37499985906048305,5.17957089012223,5.464128750587493,0.0,0.0,0.0009030306426574896,0.0653730597727248,0.0009030306426574871,,0.0,0.9996263980865479,ok
A_rhoB0.6,0.6,0.37499999999999994,0.1,100.0,0.001,0.6,20,200,5,1.0,predictive,P2 only,coarse,1.778279410038923e-05,0,30.0,False,False,1.574261438926124e-05,2.5185686724143913e-05,39.69198300567135,7.49981110734956,8.311015270880022,0.02771246843193061,4.161461153338488,37.49905553674784,1.0584795386853012,0.374990555367478,4.705063626949607,4.98021357733861,0.0,0.0,0.002771246843193061,0.11942785318604972,0.0027712468431930607,,0.0,1.1205899715423584,ok
A_rhoB0.6,0.6,0.37499999999999994,0.1,100.0,0.001,0.6,20,200,5,1.0,predictive,P2 only,coarse,7.498942093324559e-05,0,30.0,False,False,9.553223409811187e-05,0.00015283526037079148,39.98198843598514,7.498853735547223,5.915469331750577,0.06544926590285977,6.520227666799341,37.494268677736066,1.0663493340710568,0.37494268677736114,4.178485538096151,4.455725270974372,0.0,0.0,0.006544926590285977,0.1809867896003641,0.006544926590285967,,0.0,0.920853853225708,ok
A_rhoB0.6,0.6,0.37499999999999994,0.1,100.0,0.001,0.6,20,200,5,1.0,predictive,P2 only,coarse,0.00031622776601683794,0,30.0,False,False,0.00020461947594141452,0.00032735385738108194,40.47676959286355,7.497544846069646,4.353131286691517,0.14644469496542145,8.002879172273417,37.48772423034818,1.0797339775588615,0.3748772423034823,3.8560013683405305,4.163455694910733,0.0,0.0,0.014644469496542146,0.3412834745226187,0.014644469496542111,,0.0,1.0546166896820068,ok
A_rhoB0.6,0.6,0.37499999999999994,0.1,100.0,0.001,0.6,20,200,5,1.0,predictive,P2 only,coarse,0.001333521432163324,0,30.0,False,False,0.00030796614486779377,0.0004926857337175198,41.53669790524999,7.4963048569971145,3.28079766575487,0.3454954845012949,8.877401992746721,37.48152428498552,1.1081912675010632,0.37481524284985573,3.688468676218881,4.087528777436971,0.0,0.0,0.034549548450129496,0.6939044963789434,0.0345495484501295,,0.0,0.9635865688323975,ok
A_rhoB0.6,0.6,0.37499999999999994,0.1,100.0,0.001,0.6,20,200,5,1.0,predictive,P2 only,coarse,0.005623413251903491,0,30.0,False,False,0.00040375704399004775,0.0006459265753506926,43.77315532572785,7.49515555068486,2.334600906049784,0.7767213302532746,9.393522213012082,37.47577775342439,1.1680386091981247,0.374757777534243,3.636718218889078,4.24782729043668,0.0,0.0,0.07767213302532747,1.3274888698697385,0.077672133025327,,0.0,1.0260286331176758,ok
A_rhoB0.6,0.6,0.37499999999999994,0.1,100.0,0.001,0.6,20,200,5,1.0,predictive,P2 only,coarse,0.023713737056616554,0,30.0,False,False,0.00048587963576479865,0.000777298679213425,47.49462680456236,7.494170259905889,1.492993018868812,1.4794659535585648,9.533370767666733,37.470851299529514,1.2675086142267258,0.37470851299529445,3.710709052678943,4.703355689159653,0.0,0.0,0.1479465953558565,2.24068263945304,0.1479465953558569,,0.0,0.9456830024719238,ok
A_rhoB0.6,0.6,0.37499999999999994,0.1,100.0,0.001,0.6,20,200,5,1.0,predictive,P2 only,coarse,0.1,0,30.0,False,False,0.0005902285630641678,0.0009442330064786989,52.50096628724367,7.4929182524514095,0.8194412430628399,2.3440185968503355,9.343621907635413,37.464591262257095,1.4013489676086404,0.37464591262257047,3.8833476277405294,5.441925188999654,0.0,0.0,0.23440185968503358,3.2375239732327916,0.2344018596850321,,0.0,0.9709656238555908,ok
A_rhoB0.6,0.6,0.37499999999999994,0.1,100.0,0.001,0.6,20,200,5,1.0,predictive,P2 only,coarse,1e-06,0,100.0,False,False,8.875600276107767e-08,1.4199744908478806e-07,39.54972839303349,7.49999893501913,10.709597352955871,0.007273182646121774,1.7831305293788766,37.49999467509567,1.0546595735731952,0.3749999467509565,5.23854081845839,5.524877225741103,0.0,0.0,0.0007273182646121775,0.055820531380172206,0.0007273182646121783,,0.0,0.9483301639556885,ok
A_rhoB0.6,0.6,0.37499999999999994,0.1,100.0,0.001,0.6,20,200,5,1.0,predictive,P2 only,coarse,4.216965034285822e-06,0,100.0,False,False,9.656603761625026e-06,1.5449057110406228e-05,39.658075430716124,7.499884132071677,8.747026204118105,0.02326413201707008,3.7298255317931464,37.499420660358396,1.0575650165347674,0.37499420660358385,4.801777431666682,5.078191828916848,0.0,0.0,0.002326413201707008,0.10969419428667333,0.002326413201707011,,0.0,1.0157742500305176,ok
A_rhoB0.6,0.6,0.37499999999999994,0.1,100.0,0.001,0.6,20,200,5,1.0,predictive,P2 only,coarse,1.778279410038923e-05,0,100.0,False,False,7.838975119259329e-05,0.00012541036194493304,39.91853240028388,7.4990594222854225,6.326241178366282,0.056488070526552595,6.118211328821741,37.495297111427085,1.0646277126876877,0.3749529711142711,4.267858841292739,4.543680796279414,0.0,0.0,0.00564880705265526,0.15988385756643517,0.005648807052655268,,0.0,1.0197103023529053,ok
A_rhoB0.6,0.6,0.37499999999999994,0.1,100.0,0.001,0.6,20,200,5,1.0,predictive,P2 only,coarse,7.498942093324559e-05,0,100.0,False,False,0.0001864839652799446,0.0002983407087344852,40.349553096267215,7.497762444684484,4.731980218564924,0.12403604831926365,7.64622128843133,37.48881222342245,1.076309189413513,0.3748881222342242,3.9331217509451726,4.233255083624456,0.0,0.0,0.012403604831926367,0.27747548027628277,0.012403604831926335,,0.0,1.0461666584014893,ok
A_rhoB0.6,0.6,0.37499999999999994,0.1,100.0,0.001,0.6,20,200,5,1.0,predictive,P2 only,coarse,0.00031622776601683794,0,100.0,False,False,0.00029113250462887703,0.00046575584217720166,41.21477437613731,7.496506831183664,3.7819049668148326,0.2850297240279897,8.436558477973513,37.48253415591836,1.0995727824776662,0.37482534155918323,3.778854491682302,4.1551255479973355,0.0,0.0,0.028502972402798973,0.5232866470412803,0.02850297240279899,,0.0,0.9553635120391846,ok
A_rhoB0.6,0.6,0.37499999999999994,0.1,100.0,0.001,0.6,20,200,5,1.0,predictive,P2 only,coarse,0.001333521432163324,0,100.0,False,False,0.00038840750824998334,0.0006213714805436304,43.006966620800604,7.4953397138959295,2.9524683736981374,0.6338980103544606,8.918293902051472,37.476698569479524,1.1475655076998925,0.3747669856947965,3.7224722350494766,4.271780740313306,0.0,0.0,0.06338980103544606,0.9426765346154988,0.06338980103544624,,0.0,0.9525141716003418,ok
A_rhoB0.6,0.6,0.37499999999999994,0.1,100.0,0.001,0.6,20,200,5,1.0,predictive,P2 only,coarse,0.005623413251903491,0,100.0,False,False,0.000469980156995189,0.0007518636628754511,45.887291329147295,7.494361022528427,2.1325368016947746,1.1960325503055451,9.177069625471253,37.471805112642095,1.224581820683787,0.3747180511264213,3.748488887534837,4.590331346710355,0.0,0.0,0.11960325503055452,1.5624700148960196,0.11960325503055429,,0.0,1.0572559833526611,ok
A_rhoB0.6,0.6,0.37499999999999994,0.1,100.0,0.001,0.6,20,200,5,1.0,predictive,P2 only,coarse,0.023713737056616554,0,100.0,False,False,0.0005251508336059756,0.0008401184050013474,49.32797690835622,7.493699111962494,1.393891164233471,1.8442372776255123,9.268172446178523,37.46849555981243,1.3165187491878887,0.3746849555981247,3.8253224437143984,5.0361087188392375,0.0,0.0,0.18442372776255123,2.396765422096727,0.18442372776255272,,0.0,0.9630610942840576,ok
A_rhoB0.6,0.6,0.37499999999999994,0.1,100.0,0.001,0.6,20,200,5,1.0,predictive,P2 only,coarse,0.1,0,100.0,False,False,0.0006050251250480039,0.0009679015518449541,53.40146572197283,7.492740738361167,0.7844448729347901,2.523341201768323,9.19947318693572,37.46370369180571,1.4254187509403435,0.3746370369180584,3.942807837845499,5.620152223419527,0.0,0.0,0.2523341201768323,3.3228431592459415,0.25233412017683154,,0.0,0.9822840690612793,ok
A_rhoB0.6,0.6,0.37499999999999994,0.1,100.0,0.001,0.6,20,200,5,1.0,predictive,P2 only,coarse,1e-06,0,1000.0,False,False,4.2235892332994094e-05,6.757049341136873e-05,39.7952715442867,7.49949322129942,7.2631192458558855,0.04048497998034604,5.196902552864347,37.49746610649705,1.061278952323435,0.374974661064971,4.473353548551303,4.747475967378847,0.0,0.0,0.004048497998034604,0.13506034020829943,0.004048497998034615,,0.0,0.9149601459503174,ok
A_rhoB0.6,0.6,0.37499999999999994,0.1,100.0,0.001,0.6,20,200,5,1.0,predictive,P2 only,coarse,4.216965034285822e-06,0,1000.0,False,False,0.00014243666236950502,0.00022787362828581795,40.14277694121839,7.498290947787867,5.311888863841807,0.08942146640910563,7.100398721961222,37.49145473893926,1.0707180401705092,0.37491454738939334,4.0511264985061235,4.337614224963294,0.0,0.0,0.008942146640910564,0.21163128037968706,0.008942146640910545,,0.0,0.966132402420044,ok
A_rhoB0.6,0.6,0.37499999999999994,0.1,100.0,0.001,0.6,20,200,5,1.0,predictive,P2 only,coarse,1.778279410038923e-05,0,1000.0,False,False,0.00024987888002826346,0.000399759308024429,40.767032516476604,7.497001805189816,4.301682954482298,0.20020968517154017,8.001105555156347,37.4850090259491,1.0875556275911664,0.3748500902594908,3.8644056304818153,4.2027560907254875,0.0,0.0,0.020020968517154018,0.3816647671141271,0.020020968517154035,,0.0,1.0019049644470215,ok
A_rhoB0.6,0.6,0.37499999999999994,0.1,100.0,0.001,0.6,20,200,5,1.0,predictive,P2 only,coarse,7.498942093324559e-05,0,1000.0,False,False,0.0003502920323451148,0.0005603967161781789,42.07303210122281,7.495797024628655,3.715623104434749,0.45271977330739205,8.335860097629205,37.47898512314325,1.1225766109457094,0.37478985123143277,3.8266833305712207,4.295745204395081,0.0,0.0,0.045271977330739205,0.6567331993271498,0.045271977330739156,,0.0,1.072998285293579,ok
A_rhoB0.6,0.6,0.37499999999999994,0.1,100.0,0.001,0.6,20,200,5,1.0,predictive,P2 only,coarse,0.00031622776601683794,0,1000.0,False,False,0.0004400391307865967,0.0007039673093109284,44.33534277069146,7.494720245180168,3.1950838001868345,0.8991188450539581,8.411077109579038,37.4736012259009,1.1831086770504426,0.3747360122590084,3.8766881854627737,4.586543430439943,0.0,0.0,0.08991188450539582,0.9953632877179738,0.08991188450539578,,0.0,1.081176996231079,ok
A_rhoB0.6,0.6,0.37499999999999994,0.1,100.0,0.001,0.6,20,200,5,1.0,predictive,P2 only,coarse,0.001333521432163324,0,1000.0,False,False,0.0005037855822536502,0.0008059406342803782,46.94903466517318,7.4939554452429,2.607339332310455,1.4162308207763101,8.482474401670336,37.46977722621454,1.252984088529002,0.374697772262145,3.9382362975951533,4.934547417754095,0.0,0.0,0.14162308207763102,1.3567531762720015,0.141623082077631,,0.0,0.9657449722290039,ok
A_rhoB0.6,0.6,0.37499999999999994,0.1,100.0,0.001,0.6,20,200,5,1.0,predictive,P2 only,coarse,0.005623413251903491,0,1000.0,False,False,0.0005345155368563573,0.0008550967367428667,48.97443797093172,7.493586774474428,1.9698535136892954,1.8102853258504479,8.726274385985828,37.46793387237223,1.3071027118216425,0.3746793387237214,3.9424451467262873,5.153180742494003,0.0,0.0,0.1810285325850448,1.8311271800662123,0.18102853258504456,,0.0,0.9987423419952393,ok
A_rhoB0.6,0.6,0.37499999999999994,0.1,100.0,0.001,0.6,20,200,5,1.0,predictive,P2 only,coarse,0.023713737056616554,0,1000.0,False,False,0.0005489800388175924,0.0008782356837170621,50.77166010590124,7.493413232372122,1.3371392128767596,2.131717549517231,9.037730005233886,37.467066161860636,1.3551010342406775,0.37467066161860607,3.9204992321292007,5.312672564198062,0.0,0.0,0.2131717549517231,2.537737396751563,0.21317175495172366,,0.0,1.028322696685791,ok
A_rhoB0.6,0.6,0.37499999999999994,0.1,100.0,0.001,0.6,20,200,5,1.0,predictive,P2 only,coarse,0.1,0,1000.0,False,False,0.0006111275882300592,0.0009776632259529444,53.83018880067074,7.492667525805358,0.7687293346217077,2.6087414835405105,9.129861656032421,37.463337629026825,1.4368764826485396,0.37463337629026794,3.9713438724725014,5.706330614866118,0.0,0.0,0.26087414835405104,3.377583234187115,0.2608741483540514,,0.0,1.0501971244812012,ok
A_rhoB0.6,0.6,0.37499999999999994,0.1,100.0,0.001,0.6,20,200,5,1.0,predictive,P1 only (protect),coarse,1e-06,5,1.0,True,True,1.674732638399601e-11,2.6794344616541666e-11,39.50834789298526,7.499999999799047,12.442187396707407,0.0001244218739670739,0.05768818161957867,37.49999999899523,1.0535559438411692,0.37499999998995237,5.626704950509049,5.928048444849341,1.2459555361503306e-39,1.2459647944799213e-39,1.244218739670739e-05,0.0013206800345577393,1.2442187396707415e-05,,0.0,1.000107765197754,ok
A_rhoB0.6,0.6,0.37499999999999994,0.1,100.0,0.001,0.6,20,200,5,1.0,predictive,P1 only (protect),coarse,4.216965034285822e-06,5,1.0,True,True,3.058151231738181e-11,4.892782454521047e-11,39.510692099299625,7.499999999633038,12.275442307153602,0.0005176511098965956,0.2240400421034625,37.4999999981652,1.0536184560328747,0.3749999999816519,5.589237105512495,5.888923369511729,6.955471173617025e-30,6.955689115941951e-30,5.176511098965956e-05,0.005382083573025266,5.176511098965961e-05,,0.0,0.9663879871368408,ok
A_rhoB0.6,0.6,0.37499999999999994,0.1,100.0,0.001,0.6,20,200,5,1.0,predictive,P1 only (protect),coarse,1.778279410038923e-05,5,1.0,True,True,1.7978225409685044e-10,2.8763450815817804e-10,39.51990030713265,7.499999997842745,11.765813645972688,0.002092290414898822,0.7320940657696671,37.499999989213684,1.0538640084933324,0.3749999998921373,5.474863027306796,5.769761095909481,8.237024184713262e-21,8.238112417553638e-21,0.0002092290414898822,0.020324626925236514,0.000209229041489882,,0.0,1.0060327053070068,ok
A_rhoB0.6,0.6,0.37499999999999994,0.1,100.0,0.001,0.6,20,200,5,1.0,predictive,P1 only (protect),coarse,7.498942093324559e-05,5,1.0,True,True,3.1072841328255875e-08,4.971247120838912e-08,39.55369164644106,7.499999627156467,10.65297368501804,0.007988603278550154,1.839038084546944,37.499998135782306,1.054765163006745,0.37499998135782336,5.226036442534807,5.512241180189415,1.7860822113080878e-13,1.7870766662616026e-13,0.0007988603278550155,0.06528135001773229,0.000798860327855015,,0.0,1.2509584426879883,ok
A_rhoB0.6,0.6,0.37499999999999994,0.1,100.0,0.001,0.6,20,200,5,1.0,predictive,P1 only (protect),coarse,0.00031622776601683794,5,1.0,True,True,5.454434327324067e-06,8.72625946974741e-06,39.67416049831887,7.4999345530539765,8.61357575186639,0.027238517386590895,3.859251177693043,37.49967276526986,1.0579868455562338,0.3749967276526988,4.77318585773628,5.049967848880033,8.773754551619276e-09,8.794301243552298e-09,0.00272385173865909,0.15751636381675452,0.0027238517386590907,,0.0,1.142699956893921,ok
A_rhoB0.6,0.6,0.37499999999999994,0.1,100.0,0.001,0.6,20,200,5,1.0,predictive,P1 only (protect),coarse,0.001333521432163324,5,1.0,True,True,6.336219579115484e-05,0.00010136896113831119,40.02395237667584,7.499239732791463,5.790449301231082,0.07721663364425792,6.633094332333197,37.496198663957266,1.0674135993190248,0.37496198663957314,4.15485194161862,4.43494546564077,2.694177592483389e-06,2.7204964231377245e-06,0.007721663364425792,0.3256571632499929,0.007721663364425755,,0.0,1.1227192878723145,ok
A_rhoB0.6,0.6,0.37499999999999994,0.1,100.0,0.001,0.6,20,200,5,1.0,predictive,P1 only (protect),coarse,0.005623413251903491,5,1.0,True,True,0.0001696866633187425,0.0002714684893425612,40.80190408597541,7.497963986329936,3.624440280577791,0.20381233849543115,8.673783394596843,37.48981993164961,1.0883462273322275,0.3748981993164968,3.713344096622824,4.041404038345849,4.780375298661879e-05,4.968762864668566e-05,0.020381233849543115,0.7484298566740389,0.02038123384954316,,0.0,1.0141925811767578,ok
A_rhoB0.6,0.6,0.37499999999999994,0.1,100.0,0.001,0.6,20,200,5,1.0,predictive,P1 only (protect),coarse,0.023713737056616554,5,1.0,True,True,0.0002780540425045157,0.0004448340154662188,42.704810614901035,7.496663744884009,2.2559966322874474,0.5349562708063902,9.712383352022153,37.48331872442002,1.139301749902931,0.37483318724420045,3.528654261783737,4.020201975252647,0.00017461482721054815,0.0001992199044951541,0.05349562708063902,1.575359364596331,0.053495627080638854,,0.0,0.9993338584899902,ok
A_rhoB0.6,0.6,0.37499999999999994,0.1,100.0,0.001,0.6,20,200,5,1.0,predictive,P1 only (protect),coarse,0.1,5,1.0,True,True,0.00043445774875615004,0.0006950486914525792,47.087711644227895,7.4947871348141035,1.2696788928435023,1.2696128076801225,9.965921164662271,37.473935674070624,1.256545670937076,0.3747393567407052,3.581663412457759,4.500523655677512,0.0002520453427792116,0.00034545137800160775,0.12696128076801225,2.6732940079779097,0.12696128076801208,,0.0,1.062586784362793,ok
A_rhoB0.6,0.6,0.37499999999999994,0.1,100.0,0.001,0.6,20,200,5,1.0,predictive,P1 only (protect),coarse,1e-06,10,1.0,True,True,1.6747326383996e-11,2.6794344616541644e-11,39.50834789298526,7.499999999799046,12.442187396707407,0.00012442187396707386,0.05768818161958045,37.49999999899523,1.0535559438411692,0.3749999999899523,5.626704950509049,5.928048444849341,2.1029809343534315e-24,2.1152611404272655e-24,1.2442187396707387e-05,0.0013206800345577391,1.244218739670741e-05,,0.0,1.2961788177490234,ok
A_rhoB0.6,0.6,0.37499999999999994,0.1,100.0,0.001,0.6,20,200,5,1.0,predictive,P1 only (protect),coarse,4.216965034285822e-06,10,1.0,True,True,3.058151229206723e-11,4.8927824504710755e-11,39.51069209929962,7.499999999633039,12.2754423071536,0.0005176511098965959,0.2240400421034625,37.499999998165194,1.0536184560328747,0.37499999998165195,5.589237105512495,5.888923369511729,9.131999731865741e-18,9.355654400811599e-18,5.176511098965959e-05,0.005382083573025269,5.1765110989659585e-05,,0.0,1.1940534114837646,ok
A_rhoB0.6,0.6,0.37499999999999994,0.1,100.0,0.001,0.6,20,200,5,1.0,predictive,P1 only (protect),coarse,1.778279410038923e-05,10,1.0,True,True,1.7975124137434543e-10,2.8758489229240153e-10,39.51990030698563,7.499999997843115,11.765813645900888,0.0020922904148048243,0.7320940658411921,37.49999998921549,1.0538640084893611,0.3749999998921557,5.474863027290702,5.769761095870778,9.415141847128077e-12,1.0365333778617481e-11,0.00020922904148048245,0.020324626925196796,0.00020922904148048234,,0.0,1.2303853034973145,ok
A_rhoB0.6,0.6,0.37499999999999994,0.1,100.0,0.001,0.6,20,200,5,1.0,predictive,P1 only (protect),coarse,7.498942093324559e-05,10,1.0,True,True,2.959490752003071e-08,4.734800124165273e-08,39.553686470299205,7.499999644889991,10.652971739558355,0.007988599007257373,1.8390400165443967,37.49999822444996,1.0547650224823275,0.37499998224449954,5.226036008723978,5.5122399882352,2.663881243024761e-07,3.6931459859927657e-07,0.0007988599007257373,0.06528140642059058,0.0007988599007257353,,0.0,1.1622064113616943,ok
A_rhoB0.6,0.6,0.37499999999999994,0.1,100.0,0.001,0.6,20,200,5,1.0,predictive,P1 only (protect),coarse,0.00031622776601683794,10,1.0,True,True,4.791642532043226e-06,7.665901348983663e-06,39.672744949472246,7.499942505739884,8.613239222153275,0.02723665492729746,3.8595816171795434,37.4997125286994,1.0579479754440724,0.3749971252869942,4.77311223047476,5.049704420798113,4.8965414324142415e-05,0.00010602262212385856,0.002723665492729746,0.15755105575324604,0.0027236654927297447,,0.0,1.259730339050293,ok
A_rhoB0.6,0.6,0.37499999999999994,0.1,100.0,0.001,0.6,20,200,5,1.0,predictive,P1 only (protect),coarse,0.001333521432163324,10,1.0,True,True,5.506227676527147e-05,8.809056863432687e-05,40.012530804257395,7.4993393207352455,5.789204017707536,0.07719202707033895,6.63426463448688,37.49669660367621,1.067094822436559,0.3749669660367623,4.154599212094551,4.433351308525103,0.00028159337402401457,0.0009404115776380335,0.0077192027070338955,0.3259667256838353,0.007719202707033911,,0.0,1.357823133468628,ok
A_rhoB0.6,0.6,0.37499999999999994,0.1,100.0,0.001,0.6,20,200,5,1.0,predictive,P1 only (protect),coarse,0.005623413251903491,10,1.0,True,True,0.00014928768248310547,0.00023883404938607268,40.78144966961593,7.498208744629618,3.6236810700846305,0.20374958394217574,8.674360601343574,37.491043723148046,1.0877651198714506,0.37491043723148093,3.7132412576146745,4.039134321700843,0.0004396999183489181,0.0019204678318996298,0.020374958394217574,0.7488018981764123,0.020374958394217532,,0.0,1.2189717292785645,ok
A_rhoB0.6,0.6,0.37499999999999994,0.1,100.0,0.001,0.6,20,200,5,1.0,predictive,P1 only (protect),coarse,0.023713737056616554,10,1.0,True,True,0.0002502963723008434,0.0004004275536300027,42.68283639390445,7.49699679334778,2.25581427324736,0.5348619773720632,9.712326956032797,37.484983966738916,1.1386649233137642,0.374849839667389,3.528702890888572,4.018010206650694,0.00048315558001644593,0.0024305535971817544,0.05348619773720632,1.5755311706763495,0.053486197737206295,,0.0,1.1725172996520996,ok
A_rhoB0.6,0.6,0.37499999999999994,0.1,100.0,0.001,0.6,20,200,5,1.0,predictive,P1 only (protect),coarse,0.1,10,1.0,True,True,0.000396044502213719,0.0006335955748333057,47.023711413882204,7.495248033188747,1.2700070964207064,1.2650619849391531,9.969682885451393,37.47624016594405,1.2547606484978786,0.37476240165943736,3.580199721483082,4.492293724280036,0.0004836705752969961,0.002559953841715198,0.1265061984939153,2.6765787079635857,0.12650619849391528,,0.0,1.3383653163909912,ok
A_rhoB0.6,0.6,0.37499999999999994,0.1,100.0,0.001,0.6,20,200,5,1.0,predictive,P1 only (protect),coarse,1e-06,15,1.0,True,True,1.6747324863829367e-11,2.6794342184441257e-11,39.50834789298382,7.499999999799041,12.44218739670996,0.00012442187396289486,0.057688181617036705,37.499999998995214,1.0535559438411313,0.37499999998995204,5.626704950509622,5.928048444849731,3.808800713818873e-14,3.8508306362488156e-14,1.2442187396289486e-05,0.0013206800333299827,1.244218739628948e-05,,0.0,2.312730073928833,ok
A_rhoB0.6,0.6,0.37499999999999994,0.1,100.0,0.001,0.6,20,200,5,1.0,predictive,P1 only (protect),coarse,4.216965034285822e-06,15,1.0,True,True,3.057492395476974e-11,4.8917283891497155e-11,39.51069209353766,7.4999999996331175,12.275442316626782,0.0005176510938903169,0.22404003264620975,37.499999998165606,1.053618455879211,0.3749999999816559,5.589237107643543,5.888923370898177,1.430016124458013e-10,1.4963485251825532e-10,5.176510938903169e-05,0.005382078868286261,5.176510938903161e-05,,0.0,2.340639591217041,ok
A_rhoB0.6,0.6,0.37499999999999994,0.1,100.0,0.001,0.6,20,200,5,1.0,predictive,P1 only (protect),coarse,1.778279410038923e-05,15,1.0,True,True,1.6331798075193616e-10,2.612935632212295e-10,39.519891515815196,7.499999998040301,11.765825969335772,0.002092266906839385,0.732081765717087,37.499999990201495,1.0538637740304395,0.37499999990201505,5.474865798545344,5.769762732765172,1.9328248023206235e-07,2.3058799824310438e-07,0.0002092266906839385,0.02031778200683895,0.00020922669068393847,,0.0,2.435542583465576,ok
A_rhoB0.6,0.6,0.37499999999999994,0.1,100.0,0.001,0.6,20,200,5,1.0,predictive,P1 only (protect),coarse,7.498942093324559e-05,15,1.0,True,True,1.35333813339917e-08,2.165166852513322e-08,39.55202457792739,7.499999837612493,10.654423559220897,0.00798429404462801,1.837592309121984,37.49999918806249,1.054720678247858,0.37499999188062466,5.226361975697968,5.512352047776975,2.5767631905174975e-05,4.5615271010421945e-05,0.0007984294044628012,0.06419774861327562,0.0007984294044628029,,0.0,2.3630478382110596,ok
A_rhoB0.6,0.6,0.37499999999999994,0.1,100.0,0.001,0.6,20,200,5,1.0,predictive,P1 only (protect),coarse,0.00031622776601683794,15,1.0,True,True,2.825643971980774e-06,4.520603771559642e-06,39.64841996279352,7.49996609547172,8.62096378539604,0.02714191936698887,3.8519281997652524,37.49983047735853,1.0572959786240168,0.374998304773586,4.774828049838979,5.048406495715908,0.00022480369480078785,0.0008073660142391304,0.002714191936698887,0.1474630472488138,0.0027141919366988876,,0.0,2.3339316844940186,ok
A_rhoB0.6,0.6,0.37499999999999994,0.1,100.0,0.001,0.6,20,200,5,1.0,predictive,P1 only (protect),coarse,0.001333521432163324,15,1.0,True,True,3.738863278762235e-05,5.981573374860114e-05,39.946869302405425,7.499551381996903,5.798736345702489,0.07587067857353988,6.625841593727069,37.4977569099844,1.0653135705770418,0.37497756909984514,4.156332521087608,4.427797438545317,0.0004230804591746371,0.002779505445742009,0.0075870678573539884,0.3094685345227889,0.007587067857353978,,0.0,2.328984260559082,ok
A_rhoB0.6,0.6,0.37499999999999994,0.1,100.0,0.001,0.6,20,200,5,1.0,predictive,P1 only (protect),coarse,0.005623413251903491,15,1.0,True,True,0.00010907939442767427,0.00017450818332700148,40.57041303198683,7.498691188625042,3.698815189883447,0.1790466689348584,8.623446952556652,37.49345594312519,1.0820665103139373,0.3749345594312521,3.721084200740798,4.0264605956799215,0.0004857095583090736,0.004261170226885318,0.01790466689348584,0.6602311278378111,0.017904666893485834,,0.0,2.4284780025482178,ok
A_rhoB0.6,0.6,0.37499999999999994,0.1,100.0,0.001,0.6,20,200,5,1.0,predictive,P1 only (protect),coarse,0.023713737056616554,15,1.0,True,True,0.00018998211536280885,0.00030393641500091215,41.54572628870748,7.4977204768875,2.6099854380261345,0.35584078968466615,9.536453295401698,37.488602384437456,1.1082228636497327,0.374886023844375,3.541563359999243,3.9248414886153298,0.0004972112211536669,0.004887074062033591,0.03558407896846662,1.0813569393121456,0.03558407896846669,,0.0,2.372960090637207,ok
A_rhoB0.6,0.6,0.37499999999999994,0.1,100.0,0.001,0.6,20,200,5,1.0,predictive,P1 only (protect),coarse,0.1,15,1.0,True,True,0.0002778005287844049,0.00044442600331192315,43.1508392885807,7.496666804975163,2.0578442641738923,0.664611911066493,9.780877019784452,37.483334024875745,1.1512006712088023,0.37483334024875814,3.5327025435238015,4.066849539285643,0.000498645202694526,0.005032271287661732,0.0664611911066493,1.4608215132362872,0.06646119110664912,,0.0,2.3151485919952393,ok
A_rhoB0.6,0.6,0.37499999999999994,0.1,100.0,0.001,0.6,20,200,5,1.0,predictive,P1 only (protect),coarse,1e-06,20,1.0,True,True,1.3307074636028364e-11,2.1290238621907036e-11,39.507602461044044,7.499999999840315,12.49134415803352,8.486936483989415e-05,0.008570972761322793,37.49999999920162,1.053536065650271,0.3749999999920158,5.63777925504622,5.93960377536611,8.435484254966618e-06,8.570972761318688e-06,8.486936483989415e-06,8.408970272736817e-08,8.4869364839894e-06,,0.0,7.510730504989624,ok
A_rhoB0.6,0.6,0.37499999999999994,0.1,100.0,0.001,0.6,20,200,5,1.0,predictive,P1 only (protect),coarse,4.216965034285822e-06,20,1.0,True,True,1.3339225038706944e-11,2.1341676467289817e-11,39.50760880796807,7.499999999839936,12.463616801849621,0.00035673335430712306,0.036026464956135484,37.49999999919965,1.0535362349016337,0.3749999999919968,5.631626511642024,5.933122591447559,3.374785271028516e-05,3.602646495612852e-05,3.567333543071231e-05,3.533583492139581e-07,3.567333543071235e-05,,0.0,7.222773551940918,ok
A_rhoB0.6,0.6,0.37499999999999994,0.1,100.0,0.001,0.6,20,200,5,1.0,predictive,P1 only (protect),coarse,1.778279410038923e-05,20,1.0,True,True,1.3894517483604998e-11,2.2230087699040008e-11,39.507640728398194,7.4999999998332765,12.34863992291674,0.0014840864308759884,0.14987599081910652,37.49999999916636,1.053537086114039,0.37499999999166383,5.6061129696845375,5.9062479225075695,0.00011700051841080538,0.00014987599081910184,0.00014840864308759884,1.4683899104738362e-06,0.00014840864308759865,,0.0,7.402779817581177,ok
A_rhoB0.6,0.6,0.37499999999999994,0.1,100.0,0.001,0.6,20,200,5,1.0,predictive,P1 only (protect),coarse,7.498942093324559e-05,20,1.0,True,True,1.3908517113643134e-09,2.225175250294024e-09,39.507965103226134,7.499999983311195,11.896027027835137,0.005922256303589089,0.5980507325500781,37.49999991655594,1.0535457384303537,0.37499999916555976,5.505677588805639,5.800483160857686,0.00028179572190224783,0.0005980507325500845,0.0005922256303589089,6.042410842494133e-06,0.000592225630358908,,0.0,7.733691930770874,ok
A_rhoB0.6,0.6,0.37499999999999994,0.1,100.0,0.001,0.6,20,200,5,1.0,predictive,P1 only (protect),coarse,0.00031622776601683794,20,1.0,True,True,8.669248141514127e-07,1.3869492206370588e-06,39.51942817334056,7.499989597880854,10.432788149804159,0.02039210553619668,2.04683014677879,37.499947989404305,1.053852879596176,0.3749994798940427,5.181024925988764,5.460038037512823,0.0004226924794553723,0.002046830146778777,0.0020392105536196684,0.0005342663318367036,0.002039210553619654,,0.0,7.3581461906433105,ok
A_rhoB0.6,0.6,0.37499999999999994,0.1,100.0,0.001,0.6,20,200,5,1.0,predictive,P1 only (protect),coarse,0.001333521432163324,20,1.0,True,True,1.749802250194259e-05,2.799402984368392e-05,39.63663567080999,7.499790044776179,7.84313783479938,0.05179503124884126,4.605277089175598,37.49895022388091,1.0570065410942546,0.37498950223880895,4.60856273476061,4.871280955685191,0.0004791724283539702,0.004605277089175579,0.005179503124884126,0.02069365559531712,0.0051795031248840885,,0.0,7.262603282928467,ok
A_rhoB0.6,0.6,0.37499999999999994,0.1,100.0,0.001,0.6,20,200,5,1.0,predictive,P1 only (protect),coarse,0.005623413251903491,20,1.0,True,True,6.2241239611522e-05,9.957543053203793e-05,39.9680855331997,7.499253184271005,5.898468461180911,0.11010395765429679,6.492174396893788,37.49626592135503,1.0659217538362107,0.37496265921355026,4.191589801441954,4.467906752514982,0.0004947363154514542,0.0064921743968937564,0.011010395765429679,0.11597190129629473,0.011010395765429634,,0.0,7.64853835105896,ok
A_rhoB0.6,0.6,0.37499999999999994,0.1,100.0,0.001,0.6,20,200,5,1.0,predictive,P1 only (protect),coarse,0.023713737056616554,20,1.0,True,True,0.00012231163809660613,0.00019567661037434827,40.6910971640647,7.4985324254221855,4.9536668699602195,0.24230805626174573,7.30549264835585,37.49266212711093,1.085308293823206,0.37492662127110926,4.02788900616411,4.371501344989219,0.0004985912327102016,0.007305492648355877,0.024230805626174575,0.3123071041135873,0.024230805626174523,,0.0,7.379450798034668,ok
A_rhoB0.6,0.6,0.37499999999999994,0.1,100.0,0.001,0.6,20,200,5,1.0,predictive,P1 only (protect),coarse,0.1,20,1.0,True,True,0.00019567060343179488,0.00031303531519770076,42.20027538662064,7.497652235136009,4.459558723091908,0.5319363599019066,7.510852681870176,37.488261175680094,1.125693058657983,0.37488261175680043,4.024987653187212,4.530900662376929,0.0004995634097567144,0.007510852681870114,0.05319363599019066,0.5987407789465768,0.05319363599019073,,0.0,7.372502565383911,ok
A_rhoB0.6,0.6,0.37499999999999994,0.1,100.0,0.001,0.6,20,200,5,1.0,predictive,P1+P2 (protect),coarse,1e-06,5,3.0,True,True,2.2239333131636843e-11,3.558107491362017e-11,39.50934862696001,7.499999999733144,12.363862102381662,0.00029193497667517036,0.1358459629085189,37.499999998665686,1.0535826300897553,0.37499999998665723,5.6090986855642715,5.909648945569795,2.8842802878175683e-32,2.8843445831492977e-32,2.9193497667517036e-05,0.003064564464389453,2.91934976675171e-05,,0.0,1.0324821472167969,ok
A_rhoB0.6,0.6,0.37499999999999994,0.1,100.0,0.001,0.6,20,200,5,1.0,predictive,P1+P2 (protect),coarse,4.216965034285822e-06,5,3.0,True,True,7.821006294705383e-11,1.2512903427524082e-10,39.5146911171292,7.4999999990615285,12.018289023352066,0.0011986231286696437,0.4805123544577352,37.49999999530765,1.0537250965886307,0.3749999999530764,5.531482442171017,5.828661870654969,6.107990908028014e-23,6.108565018089511e-23,0.00011986231286696438,0.011980905868940796,0.00011986231286696425,,0.0,1.182361125946045,ok
A_rhoB0.6,0.6,0.37499999999999994,0.1,100.0,0.001,0.6,20,200,5,1.0,predictive,P1+P2 (protect),coarse,1.778279410038923e-05,5,3.0,True,True,5.989136838459885e-09,9.581879664886189e-09,39.53481003786236,7.499999928135899,11.16405484780444,0.00469687169657968,1.3312483523630814,37.49999964067951,1.0542616111114707,0.37499999640679493,5.340092707807523,5.629854741617775,4.762801291901453e-15,4.764688277904819e-15,0.00046968716965796806,0.04073956621355217,0.0004696871696579684,,0.0,0.9686720371246338,ok
A_rhoB0.6,0.6,0.37499999999999994,0.1,100.0,0.001,0.6,20,200,5,1.0,predictive,P1+P2 (protect),coarse,7.498942093324559e-05,5,3.0,True,True,1.9204269791720845e-06,3.0723967296768288e-06,39.60707351218229,7.499976957024507,9.512200022267256,0.01657545451306994,2.9712475661951654,37.49988478512266,1.0561918720319805,0.37499884785122534,4.971911554313124,5.251292572127412,1.081969469025682e-09,1.0837738104344513e-09,0.0016575454513069942,0.10271751784498681,0.0016575454513069968,,0.0,1.0601391792297363,ok
A_rhoB0.6,0.6,0.37499999999999994,0.1,100.0,0.001,0.6,20,200,5,1.0,predictive,P1+P2 (protect),coarse,0.00031622776601683794,5,3.0,True,True,4.101224450133609e-05,6.561287659558324e-05,39.831303274369745,7.499507903425539,6.892338089387969,0.04697561726515433,5.561178389921339,37.497539517127684,1.0622377837931491,0.374975395171277,4.3921556390181395,4.665513672065211,9.268677411411443e-07,9.333355381924792e-07,0.004697561726515434,0.18518716153229625,0.004697561726515436,,0.0,0.9934594631195068,ok
A_rhoB0.6,0.6,0.37499999999999994,0.1,100.0,0.001,0.6,20,200,5,1.0,predictive,P1+P2 (protect),coarse,0.001333521432163324,5,3.0,True,True,0.0001414522713268854,0.00022629884539837958,40.288107871616525,7.498302758659511,4.539424158833615,0.11504592078024413,7.8472271617266305,37.49151379329749,1.0745927223354472,0.37491513793297554,3.8865064536387166,4.176411550389913,2.838601893012348e-05,2.9195078736345075e-05,0.011504592078024414,0.3840793421723176,0.011504592078024388,,0.0,1.0616366863250732,ok
A_rhoB0.6,0.6,0.37499999999999994,0.1,100.0,0.001,0.6,20,200,5,1.0,predictive,P1+P2 (protect),coarse,0.005623413251903491,5,3.0,True,True,0.0002479727789100071,0.00039671009018494153,41.29035930641816,7.497024674323612,3.0230462402016607,0.2921136654878283,9.187815419986899,37.485123371618016,1.1015132295838004,0.37485123371618057,3.6105231882369173,3.9770390575620462,0.00014207633259393727,0.00015717980239210715,0.02921136654878283,0.881596744117356,0.02921136654878282,,0.0,1.3406379222869873,ok
A_rhoB0.6,0.6,0.37499999999999994,0.1,100.0,0.001,0.6,20,200,5,1.0,predictive,P1+P2 (protect),coarse,0.023713737056616554,5,3.0,True,True,0.00035160762826778256,0.0005625021413000252,43.741924732479596,7.495781233940254,1.921536632908662,0.7366179856939885,9.846064147457096,37.478906169701176,1.16710782685119,0.3747890616970127,3.528693064542681,4.118365294183275,0.0002441008633315382,0.0003188263414637144,0.07366179856939885,1.7833261133097233,0.07366179856939864,,0.0,1.0992612838745117,ok
A_rhoB0.6,0.6,0.37499999999999994,0.1,100.0,0.001,0.6,20,200,5,1.0,predictive,P1+P2 (protect),coarse,0.1,5,3.0,True,True,0.0005008558388732093,0.0008012670116073595,48.8462537737231,7.493990497412961,1.0504406061742058,1.617538152023312,9.83803074438952,37.46995248706476,1.3036113080363694,0.37469952487064806,3.6627193370806763,4.774762345981844,0.00024156751418542147,0.0003827560622212574,0.16175381520233123,2.903525353298692,0.16175381520233145,,0.0,1.227707862854004,ok
A_rhoB0.6,0.6,0.37499999999999994,0.1,100.0,0.001,0.6,20,200,5,1.0,predictive,P1+P2 (protect),coarse,1e-06,5,10.0,True,True,5.255242638229926e-11,8.407925095752528e-11,39.51273696233889,7.499999999369403,12.129832932443014,0.0008655158145054099,0.36930155237307716,37.49999999684702,1.0536729857509626,0.37499999996847017,5.5565201679628,5.854755195762803,1.9519361411918027e-24,1.9520811697544132e-24,8.6551581450541e-05,0.008770787811055282,8.655158145054101e-05,,0.0,1.0075840950012207,ok
A_rhoB0.6,0.6,0.37499999999999994,0.1,100.0,0.001,0.6,20,200,5,1.0,predictive,P1+P2 (protect),coarse,4.216965034285822e-06,5,10.0,True,True,2.0398037128546074e-09,3.263446769310476e-09,39.52758052304495,7.499999975524145,11.414562764684968,0.0034373271633201174,1.0819999326275678,37.49999987762074,1.054068817387763,0.37499999877620727,5.3961307420241855,5.687893149715186,3.2659193079055774e-16,3.2669422304368414e-16,0.00034373271633201174,0.030847255721800294,0.0003437327163320122,,0.0,1.1726391315460205,ok
A_rhoB0.6,0.6,0.37499999999999994,0.1,100.0,0.001,0.6,20,200,5,1.0,predictive,P1+P2 (protect),coarse,1.778279410038923e-05,5,10.0,True,True,8.494580641811681e-07,1.3590088408504862e-06,39.58104523227817,7.499989807433688,9.988527864227406,0.012418243436357983,2.499064084902548,37.49994903716847,1.0554959739557779,0.3749994903716844,5.077807202801452,5.359605059080582,2.1334028810926288e-10,2.1362165668374745e-10,0.0012418243436357985,0.0816857507535253,0.0012418243436357979,,0.0,1.1063199043273926,ok
A_rhoB0.6,0.6,0.37499999999999994,0.1,100.0,0.001,0.6,20,200,5,1.0,predictive,P1+P2 (protect),coarse,7.498942093324559e-05,5,10.0,True,True,2.859045332759031e-05,4.574010261498968e-05,39.75457003678044,7.499656949230372,7.605100874551214,0.035899062177128516,4.859343114041286,37.49828474615195,1.0601703599485315,0.3749828474615186,4.5488378452572515,4.822543055753883,3.983069904944617e-07,4.0050868247409637e-07,0.0035899062177128516,0.1393524668632722,0.003589906217712849,,0.0,1.1027324199676514,ok
A_rhoB0.6,0.6,0.37499999999999994,0.1,100.0,0.001,0.6,20,200,5,1.0,predictive,P1+P2 (protect),coarse,0.00031622776601683794,5,10.0,True,True,0.00012177436437045729,0.00019481786613006515,40.101221071120634,7.49853886600403,5.258739996780696,0.08364788535341106,7.159073251861864,37.4926943300201,1.069574267406328,0.3749269433002015,4.037059213169134,4.317934650401344,1.860914739960192e-05,1.9032047230687687e-05,0.008364788535341106,0.23896151201421348,0.008364788535341082,,0.0,1.0907526016235352,ok
A_rhoB0.6,0.6,0.37499999999999994,0.1,100.0,0.001,0.6,20,200,5,1.0,predictive,P1+P2 (protect),coarse,0.001333521432163324,5,10.0,True,True,0.00022973266502179253,0.00036752975915222287,40.75641701187366,7.497243526806369,3.7247916474753637,0.19685891969261696,8.58110590602565,37.486217634031846,1.0872373790753689,0.3748621763403185,3.733096936005361,4.058762528536759,0.00011873766274300707,0.00012903952865437582,0.019685891969261696,0.5127324500216138,0.01968589196926164,,0.0,1.2164218425750732,ok
A_rhoB0.6,0.6,0.37499999999999994,0.1,100.0,0.001,0.6,20,200,5,1.0,predictive,P1+P2 (protect),coarse,0.005623413251903491,5,10.0,True,True,0.0003301969138116419,0.0005282496448060788,42.28049724399605,7.496038127663956,2.6034003593805877,0.4830591271473804,9.417502385808076,37.480190638319826,1.1280758321642148,0.3748019063831978,3.587276866135914,4.046720335969708,0.0002344928712313513,0.00029650738978133037,0.048305912714738046,1.0953942434141384,0.04830591271473818,,0.0,1.244234561920166,ok
A_rhoB0.6,0.6,0.37499999999999994,0.1,100.0,0.001,0.6,20,200,5,1.0,predictive,P1+P2 (protect),coarse,0.023713737056616554,5,10.0,True,True,0.00042721920411441765,0.0006834601749881363,45.52972575032603,7.494874048687597,1.6557938296909707,1.0895605515949762,9.759771570026455,37.47437024343788,1.2149563943185602,0.3747437024343799,3.6011029394665686,4.37518304290427,0.00024710560149974293,0.0003806683940814614,0.10895605515949763,2.038182173426278,0.10895605515949733,,0.0,1.1538341045379639,ok
A_rhoB0.6,0.6,0.37499999999999994,0.1,100.0,0.001,0.6,20,200,5,1.0,predictive,P1+P2 (protect),coarse,0.1,5,10.0,True,True,0.000557349440451677,0.0008916385584076798,50.979092517461744,7.4933127108119475,0.8943094317460558,2.0413043749057507,9.571073482536246,37.46656355405954,1.3606556802015035,0.3746656355405974,3.786570807976869,5.1522190783589235,0.0002029949594976794,0.00035719844006630277,0.20413043749057508,3.109624716078651,0.20413043749057433,,0.0,1.260094404220581,ok
A_rhoB0.6,0.6,0.37499999999999994,0.1,100.0,0.001,0.6,20,200,5,1.0,predictive,P1+P2 (protect),coarse,1e-06,5,30.0,True,True,5.395041160972615e-10,8.631486357406914e-10,39.52175914472664,7.4999999935263855,11.653886133267276,0.0024229574853605143,0.8436909157209769,37.499999967631936,1.053913578102394,0.37499999967631925,5.449737846152894,5.743552713159031,5.476419063825382e-18,5.477639491938026e-18,0.00024229574853605143,0.022652028428726625,0.0002422957485360512,,0.0,1.1177005767822266,ok
A_rhoB0.6,0.6,0.37499999999999994,0.1,100.0,0.001,0.6,20,200,5,1.0,predictive,P1+P2 (protect),coarse,4.216965034285822e-06,5,30.0,True,True,2.349197890630198e-07,3.758385488602693e-07,39.560178918743645,7.499997181210885,10.445266305467824,0.009030306426519379,2.0457062068947724,37.49998590605435,1.0549385009863879,0.3749998590605442,5.179570890119786,5.464128750575697,1.5831583376355212e-11,1.584644575260909e-11,0.0009030306426519379,0.06537305976986395,0.0009030306426519386,,0.0,1.248784065246582,ok
A_rhoB0.6,0.6,0.37499999999999994,0.1,100.0,0.001,0.6,20,200,5,1.0,predictive,P1+P2 (protect),coarse,1.778279410038923e-05,5,30.0,True,True,1.57419647691843e-05,2.518464747700509e-05,39.69198261977728,7.499811115143927,8.311015210718729,0.02771246798426174,4.161461206153081,37.49905557571966,1.0584795272944827,0.3749905557571963,4.705063616140152,4.980213512302497,1.0107469451413206e-07,1.014730840082788e-07,0.002771246798426174,0.1194278338003789,0.0027712467984261717,,0.0,1.1640734672546387,ok
A_rhoB0.6,0.6,0.37499999999999994,0.1,100.0,0.001,0.6,20,200,5,1.0,predictive,P1+P2 (protect),coarse,7.498942093324559e-05,5,30.0,True,True,9.547172823988806e-05,0.00015273846456850574,39.98195268467751,7.498854461515751,5.915465575501604,0.06544921335960896,6.520230749623036,37.49427230757871,1.0663482773233064,0.3749427230757875,4.178484943925893,4.455720221776748,9.297432860591793e-06,9.44918275389176e-06,0.006544921335960897,0.18098493153195166,0.00654492133596089,,0.0,1.1073167324066162,ok
A_rhoB0.6,0.6,0.37499999999999994,0.1,100.0,0.001,0.6,20,200,5,1.0,predictive,P1+P2 (protect),coarse,0.00031622776601683794,5,30.0,True,True,0.00020402768679301543,0.0003264071299159975,40.47642871986113,7.497551946525626,4.353107570285499,0.14644409290429083,8.002896390284583,37.48775973262817,1.0797238620965584,0.37487759732628134,3.8559984614704255,4.163413551057235,8.676571700057812e-05,9.231892020249486e-05,0.014644409290429084,0.34126486700551306,0.01464440929042907,,0.0,1.107062578201294,ok
A_rhoB0.6,0.6,0.37499999999999994,0.1,100.0,0.001,0.6,20,200,5,1.0,predictive,P1+P2 (protect),coarse,0.001333521432163324,5,30.0,True,True,0.0003062978528185526,0.0004900168672416433,41.5358056070532,7.496324873495694,3.280763171894544,0.34549341276856865,8.877418541841193,37.48162436747849,1.1081645021524837,0.3748162436747847,3.688467641690983,4.087428907860034,0.0002148188502850439,0.0002598743143002052,0.03454934127685687,0.6938497386206091,0.03454934127685702,,0.0,1.229691505432129,ok
A_rhoB0.6,0.6,0.37499999999999994,0.1,100.0,0.001,0.6,20,200,5,1.0,predictive,P1+P2 (protect),coarse,0.005623413251903491,5,30.0,True,True,0.00040137889191129263,0.0006421221567183817,43.77203267597121,7.49518408382461,2.3345857195888993,0.7767174214003544,9.393512775186135,37.47592041912312,1.1680042060724232,0.37475920419123054,3.6367240512451025,4.247708988179022,0.0002523329562287983,0.00037195148513544243,0.07767174214003544,1.3274079073456342,0.07767174214003512,,0.0,1.0817291736602783,ok
A_rhoB0.6,0.6,0.37499999999999994,0.1,100.0,0.001,0.6,20,200,5,1.0,predictive,P1+P2 (protect),coarse,0.023713737056616554,5,30.0,True,True,0.0004835736320570926,0.0007736097525855278,47.493679653378514,7.494197926855609,1.4929926053810285,1.4794611159248807,9.533348351838482,37.470989634278126,1.2674786579410682,0.37470989634278046,3.710717542767304,4.703255291105081,0.00021436436499489207,0.0003688344116039275,0.14794611159248808,2.2406046298300133,0.14794611159248816,,0.0,1.1574296951293945,ok
A_rhoB0.6,0.6,0.37499999999999994,0.1,100.0,0.001,0.6,20,200,5,1.0,predictive,P1+P2 (protect),coarse,0.1,5,30.0,True,True,0.0005883434263617291,0.0009412174034698481,52.50027826296716,7.492940869473978,0.8194432737214704,2.344014227110101,9.34360162969445,37.46470434736986,1.4013263731161099,0.3746470434736989,3.883354946445961,5.441847702625624,0.0001722166615929446,0.00031434261620965823,0.2344014227110101,3.2374604450130673,0.23440142271101028,,0.0,1.3203940391540527,ok
A_rhoB0.6,0.6,0.37499999999999994,0.1,100.0,0.001,0.6,20,200,5,1.0,predictive,P1+P2 (protect),coarse,1e-06,5,100.0,True,True,8.875598917004757e-08,1.4199742734216908e-07,39.54972839302538,7.499998935019295,10.709597352954075,0.00727318264611895,1.7831305293805109,37.49999467509647,1.0546595735729567,0.3749999467509647,5.238540818458047,5.524877225739491,2.1380147891548536e-12,2.1396017906930607e-12,0.000727318264611895,0.055820531379783746,0.0007273182646118965,,0.0,1.2054753303527832,ok
A_rhoB0.6,0.6,0.37499999999999994,0.1,100.0,0.001,0.6,20,200,5,1.0,predictive,P1+P2 (protect),coarse,4.216965034285822e-06,5,100.0,True,True,9.656384945522205e-06,1.5448707053460646e-05,39.65807530070516,7.499884134697109,8.7470261823862,0.02326413194455437,3.729825550972137,37.49942067348547,1.0575650126975429,0.37499420673485545,4.801777427724071,5.078191806321782,3.434805526029737e-08,3.445519900801049e-08,0.002326413194455437,0.10969418767063507,0.002326413194455437,,0.0,1.1166434288024902,ok
A_rhoB0.6,0.6,0.37499999999999994,0.1,100.0,0.001,0.6,20,200,5,1.0,predictive,P1+P2 (protect),coarse,1.778279410038923e-05,5,100.0,True,True,7.835520384078764e-05,0.0001253550939202077,39.91851195427716,7.499059836795593,6.326238784150533,0.056488053230687944,6.118213325823188,37.49529918397801,1.0646271085452386,0.37495299183977965,4.2678584505310315,4.543677801869214,5.371302844545816e-06,5.4409457582590905e-06,0.005648805323068795,0.15988278073493808,0.005648805323068786,,0.0,1.0722057819366455,ok
A_rhoB0.6,0.6,0.37499999999999994,0.1,100.0,0.001,0.6,20,200,5,1.0,predictive,P1+P2 (protect),coarse,7.498942093324559e-05,5,100.0,True,True,0.000186036944771849,0.00029762557754385203,40.34929389063731,7.497767808168429,4.731957934993915,0.12403577715462961,7.646238479683026,37.488839040842144,1.0763015052741125,0.3748883904084214,3.9331186386491703,4.23322151119977,6.69587861715525e-05,7.041250867256219e-05,0.012403577715462962,0.27746135511106274,0.012403577715462992,,0.0,1.1357169151306152,ok
A_rhoB0.6,0.6,0.37499999999999994,0.1,100.0,0.001,0.6,20,200,5,1.0,predictive,P1+P2 (protect),coarse,0.00031622776601683794,5,100.0,True,True,0.00028966128474625406,0.0004634022398451764,41.21397473549997,7.496524483201152,3.781855744717719,0.2850287571910808,8.436591014890048,37.48262241600587,1.0995488596843943,0.3748262241600576,3.7788496610620523,4.15502983573954,0.00019737741494639443,0.00023219752212097405,0.02850287571910808,0.5232391645938098,0.028502875719108228,,0.0,1.0639197826385498,ok
A_rhoB0.6,0.6,0.37499999999999994,0.1,100.0,0.001,0.6,20,200,5,1.0,predictive,P1+P2 (protect),coarse,0.001333521432163324,5,100.0,True,True,0.0003861410987604676,0.0006177458107584722,43.00587336645923,7.49536690641931,2.9524318252666557,0.633896337283885,8.91830493103015,37.47683453209664,1.1475321729648031,0.3747683453209655,3.7224735849657815,4.271658201759864,0.00025340407879780003,0.00036168993104004606,0.0633896337283885,0.9426006427689653,0.06338963372838882,,0.0,1.2089869976043701,ok
A_rhoB0.6,0.6,0.37499999999999994,0.1,100.0,0.001,0.6,20,200,5,1.0,predictive,P1+P2 (protect),coarse,0.005623413251903491,5,100.0,True,True,0.0004677105911221225,0.0007482330143960851,45.88633870475792,7.494388252392023,2.13252676357925,1.196030528316982,9.177054455711746,37.47194126196015,1.2245519489896215,0.3747194126196011,3.7484961007132873,4.590228205908453,0.00022226592321385096,0.0003752721840458446,0.11960305283169821,1.5623905068973563,0.11960305283169773,,0.0,1.0275964736938477,ok
A_rhoB0.6,0.6,0.37499999999999994,0.1,100.0,0.001,0.6,20,200,5,1.0,predictive,P1+P2 (protect),coarse,0.023713737056616554,5,100.0,True,True,0.0005233230605329081,0.0008371945611057196,49.327297010997945,7.493721040791685,1.3938915850517724,1.8442355517246607,9.268151822431882,37.46860520395856,1.316496750879494,0.37468605203958427,3.8253301345429547,5.036034693167218,0.00017780963106472738,0.00032328235311404493,0.18442355517246609,2.39669662660598,0.18442355517246695,,0.0,1.1975908279418945,ok
A_rhoB0.6,0.6,0.37499999999999994,0.1,100.0,0.001,0.6,20,200,5,1.0,predictive,P1+P2 (protect),coarse,0.1,5,100.0,True,True,0.0006035299740750653,0.0009655098289462357,53.40095221054574,7.492758676282896,0.7844464704014946,2.523340088739415,9.199454764576194,37.463793381414504,1.4254016315666937,0.3746379338141448,3.9428145240380204,5.6200942555286515,0.0001528165493781782,0.0002796278060075274,0.25233400887394153,3.3227826662754785,0.2523340088739424,,0.0,1.2795252799987793,ok
A_rhoB0.6,0.6,0.37499999999999994,0.1,100.0,0.001,0.6,20,200,5,1.0,predictive,P1+P2 (protect),coarse,1e-06,10,3.0,True,True,2.22393331310802e-11,3.5581074912729617e-11,39.509348626960005,7.499999999733144,12.363862102381658,0.00029193497667517047,0.13584596290852247,37.49999999866568,1.0535826300897553,0.37499999998665723,5.6090986855642715,5.909648945569795,2.0496502664929454e-19,2.085435713392095e-19,2.919349766751705e-05,0.0030645644643894536,2.9193497667517104e-05,,0.0,1.4451134204864502,ok
A_rhoB0.6,0.6,0.37499999999999994,0.1,100.0,0.001,0.6,20,200,5,1.0,predictive,P1+P2 (protect),coarse,4.216965034285822e-06,10,3.0,True,True,7.820894532111013e-11,1.2512724623465905e-10,39.51469111712372,7.499999999061547,12.0182890233492,0.0011986231286683804,0.4805123544605845,37.49999999530777,1.053725096588481,0.37499999995307737,5.531482442170375,5.828661870653466,3.624468075986653e-13,3.886983398831612e-13,0.00011986231286683805,0.01198090586892989,0.00011986231286683808,,0.0,1.2944755554199219,ok
A_rhoB0.6,0.6,0.37499999999999994,0.1,100.0,0.001,0.6,20,200,5,1.0,predictive,P1+P2 (protect),coarse,1.778279410038923e-05,10,3.0,True,True,5.839269771764939e-09,9.342114754811838e-09,39.53480946093383,7.4999999299341304,11.16405459954637,0.004696871502988551,1.3312485990165115,37.49999964967068,1.0542615954739354,0.3749999964967065,5.340092652406794,5.629854599705026,3.201198989101996e-08,4.113448348628581e-08,0.0004696871502988551,0.0407395707720428,0.00046968715029885576,,0.0,1.3066282272338867,ok
A_rhoB0.6,0.6,0.37499999999999994,0.1,100.0,0.001,0.6,20,200,5,1.0,predictive,P1+P2 (protect),coarse,7.498942093324559e-05,10,3.0,True,True,1.7061053104796466e-06,2.7295165380538043e-06,39.606558170095376,7.49997952862597,9.51204113700487,0.016575128310039065,2.9714042060591197,37.499897643129856,1.056177767390559,0.37499897643129854,4.971876555929455,5.251185480583034,1.9799063016642524e-05,3.817560674519756e-05,0.0016575128310039066,0.10272963456405668,0.0016575128310039077,,0.0,1.392242431640625,ok
A_rhoB0.6,0.6,0.37499999999999994,0.1,100.0,0.001,0.6,20,200,5,1.0,predictive,P1+P2 (protect),coarse,0.00031622776601683794,10,3.0,True,True,3.5636994724995864e-05,5.7013416231210385e-05,39.82321927757587,7.49957239937826,6.89090923488953,0.04696611398678467,5.562552251745427,37.49786199689132,1.0620130630614977,0.374978619968913,4.391853982735249,4.6642063007234995,0.00021370249325338456,0.0006533817274852696,0.004696611398678468,0.1854422690149602,0.004696611398678469,,0.0,1.4426820278167725,ok
A_rhoB0.6,0.6,0.37499999999999994,0.1,100.0,0.001,0.6,20,200,5,1.0,predictive,P1+P2 (protect),coarse,0.001333521432163324,10,3.0,True,True,0.00012401350658496272,0.00019840011950010713,40.269510180684726,7.498511999103743,4.537937558324921,0.11501344623220737,7.848536996339127,37.492559995518796,1.0740666997798454,0.37492559995518715,3.886237554844813,4.174078345092664,0.00041006882386140795,0.0017039146885910275,0.011501344623220737,0.38459255420143,0.011501344623220696,,0.0,1.2590467929840088,ok
A_rhoB0.6,0.6,0.37499999999999994,0.1,100.0,0.001,0.6,20,200,5,1.0,predictive,P1+P2 (protect),coarse,0.005623413251903491,10,3.0,True,True,0.00022171548092784558,0.00035470380238466836,41.26868600536732,7.497339721482127,3.0224099300090486,0.29206358899619655,9.188186759512627,37.486698607410545,1.100888782913765,0.37486698607410635,3.610479267964521,3.9747361270448427,0.0004764342072980521,0.002338687132444973,0.029206358899619658,0.881948745340843,0.029206358899619717,,0.0,1.4341940879821777,ok
A_rhoB0.6,0.6,0.37499999999999994,0.1,100.0,0.001,0.6,20,200,5,1.0,predictive,P1+P2 (protect),coarse,0.023713737056616554,10,3.0,True,True,0.00032233438854704677,0.0005156715490760634,43.72225078821913,7.496132463381926,1.9214111282158668,0.7365523542551018,9.845904054147105,37.48066231690965,1.1665282331068505,0.3748066231690963,3.5287721313271305,4.116412319393732,0.00048532308954192825,0.0025567023129189283,0.07365523542551018,1.7834239421969955,0.07365523542551011,,0.0,1.6122722625732422,ok
A_rhoB0.6,0.6,0.37499999999999994,0.1,100.0,0.001,0.6,20,200,5,1.0,predictive,P1+P2 (protect),coarse,0.1,10,3.0,True,True,0.00046443716674758384,0.0007430053035241703,48.78584077242274,7.494427460223543,1.050773080362612,1.6130190745651503,9.841780384848695,37.472137301117954,1.3019230896916907,0.37472137301117714,3.6612595458026935,4.766678340034638,0.0004696841889265362,0.0024565590296532986,0.16130190745651504,2.906732761900558,0.16130190745651524,,0.0,1.347895860671997,ok
A_rhoB0.6,0.6,0.37499999999999994,0.1,100.0,0.001,0.6,20,200,5,1.0,predictive,P1+P2 (protect),coarse,1e-06,10,10.0,True,True,5.2552317820272273e-11,8.407907727386778e-11,39.51273696233836,7.499999999369401,12.129832932442728,0.0008655158145053635,0.3693015523733667,37.49999999684706,1.0536729857509475,0.37499999996847005,5.556520167962734,5.8547551957626505,3.6456279558584056e-14,3.855291251546322e-14,8.655158145053635e-05,0.008770787811053683,8.65515814505363e-05,,0.0,1.3076679706573486,ok
A_rhoB0.6,0.6,0.37499999999999994,0.1,100.0,0.001,0.6,20,200,5,1.0,predictive,P1+P2 (protect),coarse,4.216965034285822e-06,10,10.0,True,True,2.0127448695865563e-09,3.220156628510461e-09,39.52758041275011,7.499999975848823,11.41456271426858,0.003437327145521177,1.0819999827370754,37.49999987924417,1.0540688144009351,0.37499999879244117,5.396130730766234,5.687893121731215,6.389053828416162e-09,7.855733854860945e-09,0.00034373271455211775,0.030847256357374928,0.00034373271455211753,,0.0,1.3752105236053467,ok
A_rhoB0.6,0.6,0.37499999999999994,0.1,100.0,0.001,0.6,20,200,5,1.0,predictive,P1+P2 (protect),coarse,1.778279410038923e-05,10,10.0,True,True,7.627784934884321e-07,1.2203352850657386e-06,39.58081862348887,7.4999908474853605,9.988449390130375,0.012418157104462004,2.499141605279803,37.499954237426834,1.0554897846777964,0.374999542374268,5.077789858566412,5.35955532445736,9.343234663119831e-06,1.6654995061913862e-05,0.0012418157104462004,0.08169066719350308,0.0012418157104462024,,0.0,1.4295997619628906,ok
A_rhoB0.6,0.6,0.37499999999999994,0.1,100.0,0.001,0.6,20,200,5,1.0,predictive,P1+P2 (protect),coarse,7.498942093324559e-05,10,10.0,True,True,2.4857127144584597e-05,3.976742454304159e-05,39.74856672216025,7.499701744315918,7.60375124468532,0.03589422167702656,4.860652789321737,37.49850872157958,1.0600039328840245,0.37498508721579593,4.5485484070801,4.8214792004182705,0.0001672268269432689,0.00047822550232393433,0.0035894221677026557,0.13954816924414495,0.003589422167702649,,0.0,1.313577651977539,ok
A_rhoB0.6,0.6,0.37499999999999994,0.1,100.0,0.001,0.6,20,200,5,1.0,predictive,P1+P2 (protect),coarse,0.00031622776601683794,10,10.0,True,True,0.00010653146332420484,0.0001704320703139759,40.08418805938615,7.498721759472654,5.256611505702253,0.08362773982978798,7.1610389949953035,37.49360879736323,1.0690938894685726,0.3749360879736327,4.036640241096092,4.315547415738777,0.00038315500617950226,0.001531267176000445,0.008362773982978798,0.2395198645772733,0.008362773982978794,,0.0,1.290886402130127,ok
A_rhoB0.6,0.6,0.37499999999999994,0.1,100.0,0.001,0.6,20,200,5,1.0,predictive,P1+P2 (protect),coarse,0.001333521432163324,10,10.0,True,True,0.00020468079528842273,0.0003274518385597845,40.73500947095121,7.497544111210794,3.7234547309185437,0.19682726024713756,8.582173897623525,37.48772055605412,1.0866227358380334,0.3748772055605397,3.7328964540792047,4.056250157531639,0.0004688524482439229,0.002255986709675356,0.019682726024713756,0.5132698637690996,0.019682726024713777,,0.0,1.4976980686187744,ok
A_rhoB0.6,0.6,0.37499999999999994,0.1,100.0,0.001,0.6,20,200,5,1.0,predictive,P1+P2 (protect),coarse,0.005623413251903491,10,10.0,True,True,0.00030119597032289704,0.00048185456583646306,42.26056941491643,7.496386090756226,2.602921240212399,0.4830227348572887,9.417669934174087,37.48193045378119,1.1274918048051918,0.3748193045378113,3.5872859269912034,4.044635484175577,0.00048526788102782426,0.002541599861490992,0.048302273485728874,1.095643379824749,0.048302273485728686,,0.0,1.4777934551239014,ok
A_rhoB0.6,0.6,0.37499999999999994,0.1,100.0,0.001,0.6,20,200,5,1.0,predictive,P1+P2 (protect),coarse,0.023713737056616554,10,10.0,True,True,0.0003993085620608312,0.0006388100155846384,45.51366013455947,7.49520892488311,1.655717729821555,1.0895150780748235,9.75955826722051,37.47604462441559,1.2144734213734867,0.3747604462441555,3.6011945818671087,4.37355510487181,0.0004733407643168012,0.0024896751290420156,0.10895150780748236,2.038179895287536,0.10895150780748174,,0.0,1.3107452392578125,ok
A_rhoB0.6,0.6,0.37499999999999994,0.1,100.0,0.001,0.6,20,200,5,1.0,predictive,P1+P2 (protect),coarse,0.1,10,10.0,True,True,0.0005244550202956003,0.0008390153332579927,50.92215137611764,7.493707385000583,0.8946421086183945,2.036801626569636,9.574848879811386,37.46853692500272,1.3590643124935402,0.37468536925002915,3.7851013021691773,5.144196098950957,0.00044695804680014244,0.0022360998272596536,0.2036801626569636,3.1127617642108905,0.20368016265696368,,0.0,1.26324462890625,ok
A_rhoB0.6,0.6,0.37499999999999994,0.1,100.0,0.001,0.6,20,200,5,1.0,predictive,P1+P2 (protect),coarse,1e-06,10,30.0,True,True,5.375498525276201e-10,8.600221004463994e-10,39.521759136180954,7.4999999935498405,11.653886129150203,0.002422957484559748,0.8436909198153959,37.499999967749204,1.0539135778712134,0.37499999967749204,5.449737845232649,5.743552710929299,5.205409304905647e-10,6.0733447041337e-10,0.00024229574845597483,0.02265202845347727,0.00024229574845597527,,0.0,1.3937761783599854,ok
A_rhoB0.6,0.6,0.37499999999999994,0.1,100.0,0.001,0.6,20,200,5,1.0,predictive,P1+P2 (protect),coarse,4.216965034285822e-06,10,30.0,True,True,2.1524985231902982e-07,3.443697133489482e-07,39.56012093063608,7.499997417227147,10.445244345023006,0.009030291380011346,2.045727946369837,37.49998708613573,1.0549369214386213,0.37499987086135733,5.179566019187169,5.464115430669406,2.6336411711259576e-06,4.2151931025182085e-06,0.0009030291380011347,0.06537410078801974,0.0009030291380011359,,0.0,1.5724217891693115,ok
A_rhoB0.6,0.6,0.37499999999999994,0.1,100.0,0.001,0.6,20,200,5,1.0,predictive,P1+P2 (protect),coarse,1.778279410038923e-05,10,30.0,True,True,1.3716140659151007e-05,2.1943671557516383e-05,39.68836449913794,7.499835422463315,8.310064491494474,0.027710208296458132,4.162389877745753,37.49917711231664,1.0583796113782524,0.37499177112316573,4.704857434760315,4.979525183391704,0.00010940322230549416,0.00028180035158426405,0.0027710208296458133,0.11954137198437316,0.002771020829645815,,0.0,1.284008264541626,ok
A_rhoB0.6,0.6,0.37499999999999994,0.1,100.0,0.001,0.6,20,200,5,1.0,predictive,P1+P2 (protect),coarse,7.498942093324559e-05,10,30.0,True,True,8.328321670272233e-05,0.00013323907987098944,39.96727222857498,7.499000706900965,5.913088024687973,0.06543473067167176,6.52247653773939,37.495003534504804,1.0659359504205692,0.3749500353450482,4.17799813713187,4.453478415159028,0.00034124780130986485,0.0012797616728284524,0.006543473067167176,0.18149382183475823,0.006543473067167172,,0.0,1.45194411277771,ok
A_rhoB0.6,0.6,0.37499999999999994,0.1,100.0,0.001,0.6,20,200,5,1.0,predictive,P1+P2 (protect),coarse,0.00031622776601683794,10,30.0,True,True,0.0001808842396819628,0.00028938220755606736,40.4555046800135,7.4978296334433185,4.351042536864873,0.14642008898140413,8.004707740710405,37.48914816721663,1.0791257379219643,0.3748914816721659,3.85562799444352,4.160707404656447,0.00045568574099895723,0.0021202979416084524,0.014642008898140414,0.34190300549884506,0.01464200889814045,,0.0,1.4317646026611328,ok
A_rhoB0.6,0.6,0.37499999999999994,0.1,100.0,0.001,0.6,20,200,5,1.0,predictive,P1+P2 (protect),coarse,0.001333521432163324,10,30.0,True,True,0.0002777873366462276,0.0004444062212944693,41.51528731244763,7.496666953340288,3.279675203278396,0.34546679907166905,8.878191044309647,37.483334766701454,1.1075665377918293,0.37483334766701437,3.688340817989014,4.085082869976376,0.00048395608873728956,0.0025038252199044942,0.03454667990716691,0.6942852639825857,0.03454667990716685,,0.0,1.363569974899292,ok
A_rhoB0.6,0.6,0.37499999999999994,0.1,100.0,0.001,0.6,20,200,5,1.0,predictive,P1+P2 (protect),coarse,0.005623413251903491,10,30.0,True,True,0.00037290295586920816,0.0005965674929813164,43.75513672268866,7.495525743802653,2.334241896819982,0.7766919511312131,9.393540408246153,37.47762871901313,1.167500138569088,0.3747762871901327,3.636765369961061,4.245924073372799,0.0004778084797674654,0.002526716183519539,0.07766919511312131,1.3275284075591607,0.07766919511312124,,0.0,1.3019323348999023,ok
A_rhoB0.6,0.6,0.37499999999999994,0.1,100.0,0.001,0.6,20,200,5,1.0,predictive,P1+P2 (protect),coarse,0.023713737056616554,10,30.0,True,True,0.00045865490597658034,0.0007337464543493654,47.48088663870495,7.494496901592395,1.4929473616715376,1.4794271581888083,9.533128578547258,37.472484507961816,1.267086697403708,0.3747248450796198,3.7108069774212957,4.701914157723386,0.00045358846716260785,0.002301892233550754,0.14794271581888083,2.240519011516255,0.1479427158188797,,0.0,1.3363738059997559,ok
A_rhoB0.6,0.6,0.37499999999999994,0.1,100.0,0.001,0.6,20,200,5,1.0,predictive,P1+P2 (protect),coarse,0.1,10,30.0,True,True,0.000558253724948814,0.0008930813333263515,52.44544393361378,7.493301890000026,0.819774840820247,2.339517545361029,9.347405723818696,37.46650945000028,1.3997953026182797,0.3746650945000013,3.881874818098007,5.4338301357257786,0.0004286804745017684,0.0020509942616472264,0.23395175453610292,3.240556818965471,0.23395175453610284,,0.0,1.4199037551879883,ok
A_rhoB0.6,0.6,0.37499999999999994,0.1,100.0,0.001,0.6,20,200,5,1.0,predictive,P1+P2 (protect),coarse,1e-06,10,100.0,True,True,8.26966862672823e-08,1.3230347471252567e-07,39.54970905094526,7.49999900772394,10.709589645774685,0.007273178714238946,1.7831381677871363,37.499995038619694,1.0546590475602637,0.374999950386197,5.238539105668046,5.524872663791057,9.348702703778563e-07,1.3974202845462082e-06,0.0007273178714238946,0.055820825454924075,0.0007273178714238951,,0.0,1.35099458694458,ok
A_rhoB0.6,0.6,0.37499999999999994,0.1,100.0,0.001,0.6,20,200,5,1.0,predictive,P1+P2 (protect),coarse,4.216965034285822e-06,10,100.0,True,True,8.438483162888489e-06,1.3500267429754795e-05,39.655726026344865,7.499898747994278,8.746356531550292,0.023262885394998777,3.7304818350604307,37.49949373997135,1.0575003039061073,0.3749949373997139,4.801631388161067,5.077726652225432,7.559037849651752e-05,0.00018034166070140793,0.0023262885394998776,0.10976458757665339,0.002326288539499879,,0.0,1.266350507736206,ok
A_rhoB0.6,0.6,0.37499999999999994,0.1,100.0,0.001,0.6,20,200,5,1.0,predictive,P1+P2 (protect),coarse,1.778279410038923e-05,10,100.0,True,True,6.824436069735806e-05,0.00010917957420712298,39.90563825347457,7.499181153193449,6.323886589989414,0.05647641601629832,6.1204558408008385,37.495905765967244,1.064266549594716,0.37495905765967247,4.267369060934013,4.541618146327485,0.0003079737305330876,0.0010994400507948856,0.005647641601629832,0.16033435338073904,0.005647641601629818,,0.0,1.4733357429504395,ok
A_rhoB0.6,0.6,0.37499999999999994,0.1,100.0,0.001,0.6,20,200,5,1.0,predictive,P1+P2 (protect),coarse,7.498942093324559e-05,10,100.0,True,True,0.00016440458367909967,0.00026301803595569595,40.328909895368746,7.498027364730344,4.729466602193172,0.12401431495374529,7.648491718122738,37.49013682365161,1.0757205311111648,0.3749013682365172,3.932646142583177,4.2304281971718485,0.00044387520079913425,0.002011151532079643,0.01240143149537453,0.2781259730139845,0.012401431495374513,,0.0,1.478672742843628,ok
A_rhoB0.6,0.6,0.37499999999999994,0.1,100.0,0.001,0.6,20,200,5,1.0,predictive,P1+P2 (protect),coarse,0.00031622776601683794,10,100.0,True,True,0.00026167493032699956,0.00041863004724893395,41.19314623779579,7.4968602746456305,3.7801391981749006,0.285006560353385,8.437993966826085,37.48430137322809,1.0989439506325336,0.3748430137322815,3.778580334060809,4.152448000095184,0.0004817563762844931,0.002464676789619366,0.028500656035338502,0.5237838650493444,0.02850065603533853,,0.0,1.3461687564849854,ok
A_rhoB0.6,0.6,0.37499999999999994,0.1,100.0,0.001,0.6,20,200,5,1.0,predictive,P1+P2 (protect),coarse,0.001333521432163324,10,100.0,True,True,0.0003573669272383033,0.0005717139223074513,42.9883218083414,7.495712145582688,2.9516342323376827,0.6338766907596008,8.918776931320028,37.47856072791346,1.1470110103861153,0.3747856072791344,3.7224160738925667,4.269652221993029,0.0004801517167862616,0.0025430914031141292,0.06338766907596009,0.942863132194615,0.06338766907596013,,0.0,1.3039641380310059,ok
A_rhoB0.6,0.6,0.37499999999999994,0.1,100.0,0.001,0.6,20,200,5,1.0,predictive,P1+P2 (protect),coarse,0.005623413251903491,10,100.0,True,True,0.00044215165648651874,0.0007073454421345716,45.87308977457585,7.494694909183988,2.1323007635465197,1.1960143406334718,9.176989986636022,37.47347454592003,1.2241482897019045,0.3747347454591994,3.7485543283933,4.5887863699573295,0.0004581198010637375,0.0023467362949765444,0.11960143406334718,1.5623772157898304,0.11960143406334689,,0.0,1.4567573070526123,ok
A_rhoB0.6,0.6,0.37499999999999994,0.1,100.0,0.001,0.6,20,200,5,1.0,predictive,P1+P2 (protect),coarse,0.023713737056616554,10,100.0,True,True,0.0005016763281640127,0.0008025660288563479,49.31710098257553,7.493980754783591,1.393864936134925,1.8442083156981552,9.267945993383329,37.46990377391795,1.3161790134327536,0.37469903773917956,3.825411529932532,5.0349263734408805,0.000432008833906985,0.002085310493437197,0.18442083156981554,2.3965502452049474,0.18442083156981562,,0.0,1.4328622817993164,ok
A_rhoB0.6,0.6,0.37499999999999994,0.1,100.0,0.001,0.6,20,200,5,1.0,predictive,P1+P2 (protect),coarse,0.1,10,100.0,True,True,0.0005752017741746668,0.0009201918543298371,53.34728965151202,7.493098561092516,0.7847771193418259,2.518845877818724,9.203278441746935,37.46549280546259,1.4239046561729416,0.3746549280546258,3.941327170939932,5.612074110202296,0.00041794364881054836,0.001932693009681206,0.25188458778187245,3.3258557408358755,0.2518845877818726,,0.0,1.4381866455078125,ok
A_rhoB0.6,0.6,0.37499999999999994,0.1,100.0,0.001,0.6,20,200,5,1.0,predictive,P1+P2 (protect),coarse,1e-06,20,3.0,True,True,1.3325996804958232e-11,2.1320512451913757e-11,39.50760635955091,7.499999999840095,12.474084809869785,0.00025409539033029686,0.02566109489978885,37.49999999920046,1.0535361696104868,0.37499999999200473,5.63394937881364,5.935569448334704,2.4483654176928837e-05,2.566109489978614e-05,2.540953903302969e-05,2.5171768453609244e-07,2.5409539033029685e-05,,0.0,8.398727893829346,ok
A_rhoB0.6,0.6,0.37499999999999994,0.1,100.0,0.001,0.6,20,200,5,1.0,predictive,P1+P2 (protect),coarse,4.216965034285822e-06,20,3.0,True,True,1.3522001237924201e-11,2.1634101098046464e-11,39.507627557218385,7.499999999837742,12.391769123392715,0.0010611997995264306,0.10716967697001678,37.4999999991887,1.0535367348819498,0.3749999999918871,5.6156834028475355,5.91632875636675,8.924144032071185e-05,0.00010716967697002094,0.00010611997995264307,1.0504151221921875e-06,0.00010611997995264321,,0.0,8.216238260269165,ok
A_rhoB0.6,0.6,0.37499999999999994,0.1,100.0,0.001,0.6,20,200,5,1.0,predictive,P1+P2 (protect),coarse,1.778279410038923e-05,20,3.0,True,True,2.014936493709749e-10,3.223643120108654e-10,39.50779108014346,7.499999997582269,12.061407303379253,0.00430052761315923,0.4342921714253194,37.49999998791132,1.0535410958101168,0.3749999998791135,5.542375662217696,5.839120528564153,0.00023931331601089885,0.0004342921714253103,0.00043005276131592306,4.259699124449103e-06,0.00043005276131592105,,0.0,8.181854963302612,ok
A_rhoB0.6,0.6,0.37499999999999994,0.1,100.0,0.001,0.6,20,200,5,1.0,predictive,P1+P2 (protect),coarse,7.498942093324559e-05,20,3.0,True,True,2.6813188888023846e-07,4.2897142663734395e-07,39.51286004031074,7.499996782714318,10.914120512685415,0.015579438327723275,1.5703032662725445,37.49998391357159,1.053676719738823,0.3749998391357159,5.287800965803063,5.571632776279152,0.0003976748810531808,0.0015703032662725573,0.0015579438327723277,0.00014171110452595388,0.0015579438327723155,,0.0,8.614261627197266,ok
A_rhoB0.6,0.6,0.37499999999999994,0.1,100.0,0.001,0.6,20,200,5,1.0,predictive,P1+P2 (protect),coarse,0.00031622776601683794,20,3.0,True,True,1.0731355234056698e-05,1.7168470653313708e-05,39.59203613249403,7.499871236470108,8.46368190555439,0.0426776845461119,3.9937691734293903,37.49935618235055,1.0558057567699901,0.3749935618235054,4.745152617033882,5.009959449816557,0.0004712636131623482,0.0039937691734293875,0.00426776845461119,0.011105581768747489,0.004267768454611175,,0.0,8.306834697723389,ok
A_rhoB0.6,0.6,0.37499999999999994,0.1,100.0,0.001,0.6,20,200,5,1.0,predictive,P1+P2 (protect),coarse,0.001333521432163324,20,3.0,True,True,4.9914748179453664e-05,7.985524555070381e-05,39.86518272787232,7.499401085658361,6.24822964999449,0.09219005333758717,6.160179211009562,37.49700542829182,1.063156438028347,0.3749700542829181,4.263812066722654,4.53309924927914,0.0004927215566773823,0.006160179211009592,0.009219005333758717,0.08466070905161464,0.00921900533375862,,0.0,8.974636793136597,ok
A_rhoB0.6,0.6,0.37499999999999994,0.1,100.0,0.001,0.6,20,200,5,1.0,predictive,P1+P2 (protect),coarse,0.005623413251903491,20,3.0,True,True,0.00010695190613495498,0.00017110408487298754,40.46536478542375,7.498716719363456,5.119628916886728,0.20012931947661644,7.1815250442732,37.49358359681724,1.0792610602540211,0.3749358359681728,4.049538981785733,4.370509735022059,0.0004980952946274816,0.0071815250442731566,0.020012931947661645,0.25655106938260414,0.02001293194766152,,0.0,9.42234206199646,ok
A_rhoB0.6,0.6,0.37499999999999994,0.1,100.0,0.001,0.6,20,200,5,1.0,predictive,P1+P2 (protect),coarse,0.023713737056616554,20,3.0,True,True,0.00017714452706459822,0.00028339771284204804,41.752917021770045,7.497874517153679,4.554322879713672,0.445279752414937,7.502522850717712,37.489372585768336,1.1137267481937063,0.374893725857684,4.0138677320612555,4.470351856908229,0.0004994353077458016,0.007502522850717685,0.044527975241493704,0.5256129869650522,0.04452797524149363,,0.0,8.615599393844604,ok
A_rhoB0.6,0.6,0.37499999999999994,0.1,100.0,0.001,0.6,20,200,5,1.0,predictive,P1+P2 (protect),coarse,0.1,20,3.0,True,True,0.00025744436188880474,0.00041185871155408055,43.988153999975665,7.496911059663348,4.219361966580421,0.8810881912886572,7.402638782467574,37.48455529831674,1.173500756508934,0.3748455529831674,4.101797585689879,4.813462569853592,0.0004997544845095029,0.007402638782467589,0.08810881912886573,0.8322713730288409,0.08810881912886605,,0.0,12.415302038192749,ok
A_rhoB0.6,0.6,0.37499999999999994,0.1,100.0,0.001,0.6,20,200,5,1.0,predictive,P1+P2 (protect),coarse,1e-06,20,10.0,True,True,1.3436629761071703e-11,2.149751509693073e-11,39.50762130502331,7.499999999838766,12.414221114221984,0.0008410569544688721,0.08493782898477953,37.49999999919381,1.0535365681566042,0.37499999999193834,5.620665533248229,5.92157667665445,7.327214626305666e-05,8.493782898477555e-05,8.41056954468872e-05,8.326927670736869e-07,8.410569544688734e-05,,0.0,11.443265914916992,ok
A_rhoB0.6,0.6,0.37499999999999994,0.1,100.0,0.001,0.6,20,200,5,1.0,predictive,P1+P2 (protect),coarse,4.216965034285822e-06,20,10.0,True,True,5.96493848503089e-11,9.543212239976269e-11,39.507729670009866,7.4999999992842605,12.149554000841405,0.0034361927710104185,0.3470098071033245,37.49999999642128,1.0535394579674717,0.374999999964213,5.561935527430752,5.859718540819418,0.00021019651414268205,0.00034700980710331974,0.00034361927710104185,3.3959110286933796e-06,0.00034361927710104077,,0.0,8.25629186630249,ok
A_rhoB0.6,0.6,0.37499999999999994,0.1,100.0,0.001,0.6,20,200,5,1.0,predictive,P1+P2 (protect),coarse,1.778279410038923e-05,20,10.0,True,True,1.0474698060687413e-07,1.6757992864304613e-07,39.5105015611308,7.499998743150546,11.194665940966225,0.012808891451863045,1.292526424431367,37.49999371575274,1.05361355152797,0.37499993715752733,5.350047714748502,5.63688277358027,0.0003771480418120019,0.0012925264244313618,0.0012808891451863045,5.3651044624931854e-05,0.0012808891451862982,,0.0,8.081369876861572,ok
A_rhoB0.6,0.6,0.37499999999999994,0.1,100.0,0.001,0.6,20,200,5,1.0,predictive,P1+P2 (protect),coarse,7.498942093324559e-05,20,10.0,True,True,7.164285258359191e-06,1.1461733982365035e-05,39.567849857297865,7.4999140369951425,8.907157082717374,0.03702823831988474,3.5559006419675985,37.49957018497568,1.0551547567644082,0.3749957018497571,4.8430873086489905,5.110206611146317,0.0004642141549826162,0.0035559006419675888,0.0037028238319884743,0.006711706483079541,0.0037028238319884435,,0.0,8.2721426486969,ok
A_rhoB0.6,0.6,0.37499999999999994,0.1,100.0,0.001,0.6,20,200,5,1.0,predictive,P1+P2 (protect),coarse,0.00031622776601683794,20,10.0,True,True,4.1912170592094e-05,6.705252356139714e-05,39.804156718127174,7.499497106073292,6.528361650805583,0.0816469588778404,5.890494284243284,37.497485530366404,1.0615153564335074,0.3749748553036646,4.323078593622256,4.5890143141989945,0.0004908849724014802,0.0058904942842432344,0.00816469588778404,0.0663199690533274,0.008164695887784,,0.0,7.895564317703247,ok
A_rhoB0.6,0.6,0.37499999999999994,0.1,100.0,0.001,0.6,20,200,5,1.0,predictive,P1+P2 (protect),coarse,0.001333521432163324,20,10.0,True,True,9.677110758003364e-05,0.0001548167819349259,40.33228197819275,7.498838874135486,5.251092704483719,0.17556638389949716,7.074502037481297,37.49419437067742,1.0756940549104017,0.3749419437067743,4.070006389935066,4.3780816771004964,0.0004976442895869953,0.007074502037481296,0.017556638389949718,0.2213534656833983,0.017556638389949798,,0.0,9.527714729309082,ok
A_rhoB0.6,0.6,0.37499999999999994,0.1,100.0,0.001,0.6,20,200,5,1.0,predictive,P1+P2 (protect),coarse,0.005623413251903491,20,10.0,True,True,0.0001647345065170437,0.0002635443752368604,41.47772987016508,7.498023417185734,4.626498931011982,0.39221958772448456,7.483258064077798,37.490117085928595,1.1063643726451091,0.3749011708592867,4.010256205835275,4.4368045913150995,0.0004993193710806684,0.007483258064077794,0.03922195877244846,0.47645501971581494,0.039221958772448724,,0.0,12.247611045837402,ok
A_rhoB0.6,0.6,0.37499999999999994,0.1,100.0,0.001,0.6,20,200,5,1.0,predictive,P1+P2 (protect),coarse,0.023713737056616554,20,10.0,True,True,0.00024427572473133296,0.0003907921292946419,43.570658683346636,7.497069059030269,4.263070001332261,0.7992783533982366,7.440582586239232,37.48534529515144,1.1623384642793275,0.37485345295151346,4.080958135585412,4.743454612104576,0.0004997366301331411,0.0074405825862391625,0.07992783533982367,0.7843029593172051,0.0799278353398245,,0.0,13.845218896865845,ok
A_rhoB0.6,0.6,0.37499999999999994,0.1,100.0,0.001,0.6,20,200,5,1.0,predictive,P1+P2 (protect),coarse,0.1,20,10.0,True,True,0.0003179637242110647,0.000508673745382671,46.147434844324316,7.4961849469095965,4.054931291941026,1.3057224457892511,7.1431613153601266,37.480924734548054,1.23122455412067,0.3748092473454798,4.224084981793305,5.20079714827628,0.0004996927064223708,0.007143161315360076,0.1305722445789251,1.0402181962768788,0.13057224457892597,,0.0,13.66154670715332,ok
A_rhoB0.6,0.6,0.37499999999999994,0.1,100.0,0.001,0.6,20,200,5,1.0,predictive,P1+P2 (protect),coarse,1e-06,20,30.0,True,True,1.984981738331552e-11,3.1757859685360187e-11,39.50767896460918,7.4999999997618145,12.247712215638119,0.002473707922411659,0.24981407667765332,37.49999999880905,1.0535381057563702,0.37499999998809075,5.583716967916487,5.882658597458439,0.000170118641916393,0.0002498140766776514,0.0002473707922411659,2.445329957524306e-06,0.00024737079224116586,,0.0,12.827651500701904,ok
A_rhoB0.6,0.6,0.37499999999999994,0.1,100.0,0.001,0.6,20,200,5,1.0,predictive,P1+P2 (protect),coarse,4.216965034285822e-06,20,30.0,True,True,2.220510863627951e-08,3.552502225958746e-08,39.50881880899956,7.499999733562342,11.528227448871856,0.009530250217958103,0.9622425673478432,37.499998667811674,1.0535685390013672,0.3749999866781171,5.424062857037821,5.714621979740919,0.00034285610971964873,0.0009622425673478529,0.0009530250217958104,1.57133575084184e-05,0.0009530250217958045,,0.0,12.894028425216675,ok
A_rhoB0.6,0.6,0.37499999999999994,0.1,100.0,0.001,0.6,20,200,5,1.0,predictive,P1+P2 (protect),coarse,1.778279410038923e-05,20,30.0,True,True,3.549656084768833e-06,5.67890178073009e-06,39.541840967039136,7.499957408236655,9.543817981281917,0.029705766569935507,2.9265188439114915,37.49978704118326,1.0544550806012107,0.37499787041183275,4.9839735712252065,5.255376253760579,0.0004511279510674131,0.002926518843911477,0.0029705766569935507,0.0028453323973346625,0.002970576656993521,,0.0,10.774213314056396,ok
A_rhoB0.6,0.6,0.37499999999999994,0.1,100.0,0.001,0.6,20,200,5,1.0,predictive,P1+P2 (protect),coarse,7.498942093324559e-05,20,30.0,True,True,3.122632108697384e-05,4.9957003359773386e-05,39.72821106930567,7.499625322474816,6.993995710825488,0.06846003502437258,5.4379189316753225,37.498126612374065,1.0594718898889124,0.3749812661237408,4.423210237126245,4.686266909304127,0.0004873656176166029,0.005437918931675314,0.006846003502437258,0.0443718826852734,0.006846003502437235,,0.0,13.267163753509521,ok
A_rhoB0.6,0.6,0.37499999999999994,0.1,100.0,0.001,0.6,20,200,5,1.0,predictive,P1+P2 (protect),coarse,0.00031622776601683794,20,30.0,True,True,8.262160599531677e-05,0.00013218026579964122,40.16778608536374,7.499008648006506,5.471597014956258,0.1456276430659983,6.883766693971239,37.49504324003249,1.0712825646905144,0.37495043240032533,4.108556980127393,4.401425458847988,0.0004967780904576624,0.006883766693971229,0.01456276430659983,0.1753013123771889,0.014562764306599658,,0.0,13.971775770187378,ok
A_rhoB0.6,0.6,0.37499999999999994,0.1,100.0,0.001,0.6,20,200,5,1.0,predictive,P1+P2 (protect),coarse,0.001333521432163324,20,30.0,True,True,0.00014740010695939274,0.00023581301464850344,41.12719578813069,7.498231402390136,4.742431368100721,0.32501219683885896,7.434325032670284,37.49115701195071,1.0969839040982639,0.3749115701195068,4.0112187359052225,4.400242389105414,0.0004990995477123836,0.007434325032670269,0.0325012196838859,0.4082304129397211,0.032501219683885994,,0.0,11.4934823513031,ok
A_rhoB0.6,0.6,0.37499999999999994,0.1,100.0,0.001,0.6,20,200,5,1.0,predictive,P1+P2 (protect),coarse,0.005623413251903491,20,30.0,True,True,0.00022500630711574628,0.00035996567543550875,42.994504362276444,7.497300257434239,4.3335866548542015,0.6866163746711529,7.482496713040405,37.486501287171194,1.146932972829615,0.374865012871712,4.054594121634235,4.650347689543435,0.0004996901503945169,0.007482496713040381,0.06866163746711529,0.7121984569332641,0.06866163746711555,,0.0,8.733308792114258,ok
A_rhoB0.6,0.6,0.37499999999999994,0.1,100.0,0.001,0.6,20,200,5,1.0,predictive,P1+P2 (protect),coarse,0.023713737056616554,20,30.0,True,True,0.00030253799378546545,0.0004839968348922769,45.55922435546041,7.4963700237382955,4.091903833302742,1.1898529334546701,7.221873209504293,37.48185011869146,1.2155009480906311,0.3748185011869148,4.1889305093925095,5.091649005652366,0.0004997328776301428,0.0072218732095042934,0.11898529334546702,0.9886635717476303,0.11898529334546812,,0.0,8.145999193191528,ok
A_rhoB0.6,0.6,0.37499999999999994,0.1,100.0,0.001,0.6,20,200,5,1.0,predictive,P1+P2 (protect),coarse,0.1,20,30.0,True,True,0.00035501412321929866,0.0005679434501343692,47.68313007418454,7.495740424123989,3.977364239111231,1.6086818615250902,6.91821347523969,37.47870212061989,1.2722727142664423,0.37478702120619944,4.320326334930964,5.496633312659409,0.0004995086001083722,0.006918213475239696,0.16086818615250903,1.1686879045710328,0.16086818615250995,,0.0,8.552443981170654,ok
A_rhoB0.6,0.6,0.37499999999999994,0.1,100.0,0.001,0.6,20,200,5,1.0,predictive,P1+P2 (protect),coarse,1e-06,20,100.0,True,True,6.721736746015209e-09,1.0753843998927601e-08,39.508289075378585,7.499999919346176,11.713099286785315,0.007716321248307757,0.7791844726201997,37.49999959673088,1.0535543866731876,0.3749999959673088,5.46508579404604,5.7577651118625255,0.0003164102372151624,0.0007791844726201946,0.0007716321248307758,9.069568502692437e-06,0.0007716321248307719,,0.0,8.229960918426514,ok
A_rhoB0.6,0.6,0.37499999999999994,0.1,100.0,0.001,0.6,20,200,5,1.0,predictive,P1+P2 (protect),coarse,4.216965034285822e-06,20,100.0,True,True,1.9885273182149468e-06,3.1813400728678425e-06,39.52947136839821,7.49997613994946,9.962203584286085,0.025228263617860548,2.5125920121465946,37.499880699747266,1.0541225900130564,0.374998806997473,5.0766799338251705,5.3514430005111,0.0004397234921421986,0.0025125920121465855,0.002522826361786055,0.0014196766059062476,0.002522826361786043,,0.0,8.24961256980896,ok
A_rhoB0.6,0.6,0.37499999999999994,0.1,100.0,0.001,0.6,20,200,5,1.0,predictive,P1+P2 (protect),coarse,1.778279410038923e-05,20,100.0,True,True,2.4600931780000788e-05,3.935750106897887e-05,39.68346865272228,7.499704818741987,7.35697177262034,0.060507625181519434,5.082815783456154,37.49852409370987,1.0582674815027966,0.37498524093709934,4.5021332229082365,4.764461187197168,0.00048417368550887966,0.005082815783456143,0.0060507625181519436,0.03228254568494511,0.006050762518151912,,0.0,8.04455041885376,ok
A_rhoB0.6,0.6,0.37499999999999994,0.1,100.0,0.001,0.6,20,200,5,1.0,predictive,P1+P2 (protect),coarse,7.498942093324559e-05,20,100.0,True,True,7.325295837299116e-05,0.00011719217118777332,40.070935307557576,7.499121058716091,5.648737292501333,0.1282733947860893,6.723868253996485,37.49560529358048,1.0686835162097785,0.3749560529358046,4.14203511496854,4.426524650928954,0.0004959875452562096,0.006723868253996493,0.01282733947860893,0.14692133162440746,0.012827339478608849,,0.0,8.11981749534607,ok
A_rhoB0.6,0.6,0.37499999999999994,0.1,100.0,0.001,0.6,20,200,5,1.0,predictive,P1+P2 (protect),coarse,0.00031622776601683794,20,100.0,True,True,0.00013588958992820867,0.00021739857461296362,40.91661763711281,7.498369510690404,4.8317836202704445,0.28491888646658764,7.384927982572563,37.491847553452104,1.091347060951798,0.3749184755345202,4.016353174892655,4.383235233163521,0.0004989015367072316,0.007384927982572547,0.028491888646658765,0.3636467530418392,0.02849188864665884,,0.0,8.069831132888794,ok
A_rhoB0.6,0.6,0.37499999999999994,0.1,100.0,0.001,0.6,20,200,5,1.0,predictive,P1+P2 (protect),coarse,0.001333521432163324,20,100.0,True,True,0.0002117268220535098,0.000338721599519006,42.62227318996544,7.497459588003596,4.387474451951128,0.6140149466712761,7.501051013373999,37.48729794001802,1.1369790711019956,0.37487297940017983,4.03951378221381,4.592842627805166,0.0004996422784837573,0.007501051013373965,0.06140149466712761,0.6613140309198191,0.06140149466712773,,0.0,8.124272584915161,ok
A_rhoB0.6,0.6,0.37499999999999994,0.1,100.0,0.001,0.6,20,200,5,1.0,predictive,P1+P2 (protect),coarse,0.005623413251903491,20,100.0,True,True,0.0002909807141529101,0.0004655082825318461,45.13577897412867,7.496508687881007,4.121657067468935,1.1065178373553275,7.2753164072947305,37.482543439404935,1.2041813290257668,0.37482543439405036,4.164362287494539,5.014647313899956,0.000499751205403014,0.00727531640729469,0.11065178373553275,0.9496005748431505,0.11065178373553296,,0.0,7.8485026359558105,ok
A_rhoB0.6,0.6,0.37499999999999994,0.1,100.0,0.001,0.6,20,200,5,1.0,predictive,P1+P2 (protect),coarse,0.023713737056616554,20,100.0,True,True,0.0003487878490323371,0.0005579833224250111,47.410769911880315,7.4958151250818075,3.989408595812216,1.5549127532734481,6.959863525832526,37.47907562540886,1.2649930426709426,0.37479075625409036,4.3028553740160955,5.4430821117496375,0.000499548902658927,0.006959863525832506,0.15549127532734483,1.1456543541692574,0.1554912753273454,,0.0,9.581780910491943,ok
A_rhoB0.6,0.6,0.37499999999999994,0.1,100.0,0.001,0.6,20,200,5,1.0,predictive,P1+P2 (protect),coarse,0.1,20,100.0,True,True,0.00037449205540832125,0.0005991020816624333,48.591247365656216,7.49550673438753,3.9413236078272247,1.788050828919768,6.775118828865478,37.47753367193754,1.2965433582423918,0.3747753367193765,4.379547282694806,5.678272941486465,0.0004993681942915089,0.006775118828865461,0.17880508289197683,1.2542947497738084,0.17880508289197652,,0.0,12.936738729476929,ok
A_rhoB0.6,0.6,0.37499999999999994,0.1,100.0,0.001,0.6,20,200,5,1.0,base,Base,fine,0.006493816315762113,0,1.0,False,False,0.00018106585339541217,0.00028967294246145674,40.92361207686983,7.497827452931514,3.4604848026535575,0.22471752671918557,8.816970217695744,37.48913726465771,1.0916125326642265,0.3748913726465757,3.6841663071100803,4.0216821132606455,0.0,0.0,,,,,3.7246444511703847e-20,0.4516158103942871,ok
A_rhoB0.6,0.6,0.37499999999999994,0.1,100.0,0.001,0.6,20,200,5,1.0,base,Base,fine,0.007498942093324558,0,1.0,False,False,0.00019196229680252698,0.0003071050832791763,41.05679010301723,7.497696711875407,3.3040143625701908,0.24776612380426513,8.950522801750138,37.48848355937705,1.095184072676304,0.37488483559377034,3.6574851089823275,4.0056194374082015,0.0,0.0,,,,,7.758366090671823e-20,0.4138209819793701,ok
A_rhoB0.6,0.6,0.37499999999999994,0.1,100.0,0.001,0.6,20,200,5,1.0,base,Base,fine,0.008659643233600654,0,1.0,False,False,0.00020282075893793147,0.0003244764361900772,41.20290982313685,7.497566426728575,3.154418199635003,0.27316136218416176,9.07485401145226,37.48783213364281,1.0991008942915108,0.37487832133642873,3.633237126894672,3.993294175343053,0.0,0.0,,,,,1.5903148055860009e-19,0.4492480754852295,ok
A_rhoB0.6,0.6,0.37499999999999994,0.1,100.0,0.001,0.6,20,200,5,1.0,base,Base,fine,0.01,0,1.0,False,False,0.00021365585614004727,0.0003418103852160801,41.36326703155112,7.497436422110828,3.0111093790517196,0.3011109379051712,9.190343260932282,37.48718211055438,1.1033976069357703,0.3748718211055414,3.611367979020334,3.984774785815506,0.0,0.0,,,,,3.2090913361948486e-19,0.5038483142852783,ok
A_rhoB0.6,0.6,0.37499999999999994,0.1,100.0,0.001,0.6,20,200,5,1.0,base,Base,fine,0.011547819846894581,0,1.0,False,False,0.00022448935966469036,0.0003591417611724998,41.53923388878683,7.497306436791206,2.873540627771983,0.33183129492243324,9.297321640514378,37.48653218395603,1.1081108725913391,0.3748653218395603,3.5918354875075202,3.980151956266496,0.0,0.0,,,,,6.376760467845727e-19,0.44008326530456543,ok
A_rhoB0.6,0.6,0.37499999999999994,0.1,100.0,0.001,0.6,20,200,5,1.0,base,Base,fine,0.01333521432163324,0,1.0,False,False,0.00023535035906537403,0.0003765171030894753,41.73225459603987,7.497176121726841,2.74121080928287,0.36554633642564865,9.39606673256464,37.485880608634154,1.1132792912547358,0.37485880608634203,3.5746106538606774,3.9795400152416427,0.0,0.0,,,,,1.2480932652570527e-18,0.43021321296691895,ok
A_rhoB0.6,0.6,0.37499999999999994,0.1,100.0,0.001,0.6,20,200,5,1.0,base,Base,fine,0.01539926526059492,0,1.0,False,False,0.0002462759326235104,0.00039399573083459956,41.94383916218719,7.49704503201873,2.6136683372827227,0.4024857202903471,9.486800910408201,37.48522516009376,1.118943236516557,0.3748522516009365,3.5596777851241015,3.9830773818428513,0.0,0.0,,,,,2.406646311522129e-18,0.41832876205444336,ok
A_rhoB0.6,0.6,0.37499999999999994,0.1,100.0,0.001,0.6,20,200,5,1.0,base,Base,fine,0.01778279410038923,0,1.0,False,False,0.00025731234074466506,0.00041165165440161956,42.175554629934595,7.49691261259202,2.490512133836888,0.4428826448054246,9.569692608765669,37.48456306295996,1.125144624444349,0.37484563062960097,3.547033872124287,3.990926093942666,0.0,0.0,,,,,4.57263967226125e-18,0.42008471488952637,ok
A_rhoB0.6,0.6,0.37499999999999994,0.1,100.0,0.001,0.6,20,200,5,1.0,base,Base,fine,0.02053525026457146,0,1.0,False,False,0.0002685167218072083,0.00042957628704913943,42.429013099599445,7.496778177847122,2.3713907966218923,0.4869710348373197,9.644859990693666,37.4838908892357,1.131926598147895,0.3748389088923561,3.5366873360134354,4.0032704649664295,0.0,0.0,,,,,8.561820378982446e-18,0.46068620681762695,ok
A_rhoB0.6,0.6,0.37499999999999994,0.1,100.0,0.001,0.6,20,200,5,1.0,base,Base,fine,0.027384196342643614,0,1.0,False,False,0.0002917256963757345,0.00046670570757132037,43.00773382405422,7.496499707193267,2.1440831987120554,0.5871399528849417,9.772277141209738,37.482498535966045,1.1474084040258543,0.37482498535966335,3.52296628002726,4.042281116802979,0.0,0.0,,,,,2.873728120186107e-17,0.4247925281524658,ok
A_rhoB0.6,0.6,0.37499999999999994,0.1,100.0,0.001,0.6,20,200,5,1.0,base,Base,fine,0.03162277660168379,0,1.0,False,False,0.0003039203929190956,0.0004862146337207759,43.336282126015966,7.496353390247114,2.0354226299787888,0.6436571511783094,9.824566828595788,37.48176695123548,1.156196349611728,0.3748176695123557,3.5196480836167856,4.069404266195642,0.0,0.0,,,,,5.151908044631446e-17,0.41904497146606445,ok
A_rhoB0.6,0.6,0.37499999999999994,0.1,100.0,0.001,0.6,20,200,5,1.0,base,Base,fine,0.03651741272548377,0,1.0,False,False,0.0003166695157536359,0.000506610540301551,43.69309211918246,7.4962004209477335,1.929843263559299,0.7047288295088963,9.869227485984071,37.48100210473866,1.1657396991970612,0.3748100210473867,3.5187348617264984,4.101928919263261,0.0,0.0,,,,,9.10376652336154e-17,0.4882781505584717,ok
A_rhoB0.6,0.6,0.37499999999999994,0.1,100.0,0.001,0.6,20,200,5,1.0,base,Base,fine,0.042169650342858224,0,1.0,False,False,0.00033012473294919797,0.0005281360752638643,44.079677825868124,7.496038979435525,1.827207343232201,0.7705269476800481,9.906226729652225,37.4801948971776,1.1760792052121238,0.37480194897177627,3.520259507421979,4.140104003629263,0.0,0.0,,,,,1.5856176061315992e-16,0.47110986709594727,ok
A_rhoB0.6,0.6,0.37499999999999994,0.1,100.0,0.001,0.6,20,200,5,1.0,base,Base,fine,0.04869675251658631,0,1.0,False,False,0.00034446715148826106,0.0005510809847877025,44.4974391832742,7.495866892614103,1.7274128534190651,0.8411939621691821,9.93552629179765,37.47933446307044,1.1872526505805199,0.3747933446307051,3.52425175095852,4.1841772326385405,0.0,0.0,,,,,2.7219795152960513e-16,0.4438207149505615,ok
A_rhoB0.6,0.6,0.37499999999999994,0.1,100.0,0.001,0.6,20,200,5,1.0,base,Base,fine,0.05623413251903491,0,1.0,False,False,0.0003599115057042928,0.000575788814147654,44.94762194510083,7.4956815838939,1.630391233694532,0.9168363669345126,9.957090815477056,37.47840791946945,1.1992937918195623,0.374784079194695,3.530735196779148,4.234388802056053,0.0,0.0,,,,,4.605290549023966e-16,0.4367213249206543,ok
A_rhoB0.6,0.6,0.37499999999999994,0.1,100.0,0.001,0.6,20,200,5,1.0,base,Base,fine,0.06493816315762113,0,1.0,False,False,0.00037671044310035094,0.000602663764330367,45.43127485737135,7.495480021767524,1.5361047782309503,0.9975182271596263,9.970896972841901,37.4774001088376,1.2122312306999687,0.3747740010883762,3.5397242863431932,4.290964327972378,0.0,0.0,,,,,7.678650921011284e-16,0.4965057373046875,ok
A_rhoB0.6,0.6,0.37499999999999994,0.1,100.0,0.001,0.6,20,200,5,1.0,base,Base,fine,0.07498942093324558,0,1.0,False,False,0.0003951586655769988,0.0006321773172781314,45.949204663122686,7.495258670120432,1.4445435791612382,1.0832548651413978,9.976942885576932,37.4762933506021,1.2260872288850428,0.3747629335060216,3.551221215923568,4.3541069797895,0.0,0.0,,,,,1.2616321460061814e-15,0.4199705123901367,ok
A_rhoB0.6,0.6,0.37499999999999994,0.1,100.0,0.001,0.6,20,200,5,1.0,base,Base,fine,0.08659643233600653,0,1.0,False,False,0.00041559656696053897,0.0006648740552313015,46.50192959595655,7.495013444585778,1.3557219749243448,1.1740068626797253,9.975257717810152,37.475067222928836,1.240876482471116,0.37475067222928893,3.5652128640049168,4.423988797947194,0.0,0.0,,,,,2.0424908503302815e-15,0.4776759147644043,ok
A_rhoB0.6,0.6,0.37499999999999994,0.1,100.0,0.001,0.6,20,200,5,1.0,predictive,P2 only,fine,0.0021544346900318843,0,3.0,False,False,0.00017828698184833595,0.00028522723091520085,40.529987539757954,7.497860795768141,3.9611618403268993,0.15599600123989918,8.384981362665062,37.48930397884073,1.0811080291763595,0.37489303978840705,3.7712876557747474,4.07716936499177,0.0,0.0,0.015599600123989919,0.5086611675152892,0.015599600123989907,,0.0,1.0945477485656738,ok
A_rhoB0.6,0.6,0.37499999999999994,0.1,100.0,0.001,0.6,20,200,5,1.0,predictive,P2 only,fine,0.0034807005884284095,0,3.0,False,False,0.0002141273934477408,0.00034256462612213635,40.852948700027675,7.497430765304091,3.4626612626494384,0.21302097752923996,8.82688699451723,37.48715382652048,1.0897852872235405,0.37487153826520453,3.680110475189037,4.010530251218245,0.0,0.0,0.021302097752923996,0.6728928021475022,0.02130209775292402,,0.0,1.0640833377838135,ok
A_rhoB0.6,0.6,0.37499999999999994,0.1,100.0,0.001,0.6,20,200,5,1.0,predictive,P2 only,fine,0.009085175756516871,0,3.0,False,False,0.0002836021505626963,0.0004537091781463731,41.8859524904306,7.496597181163888,2.6260932222025217,0.40047729931682,9.476832297316768,37.4829859058195,1.1174657375395354,0.3748298590581944,3.561557180981359,3.9799181220345625,0.0,0.0,0.040047729931682007,1.1375974555398027,0.040047729931681965,,0.0,1.0242574214935303,ok
A_rhoB0.6,0.6,0.37499999999999994,0.1,100.0,0.001,0.6,20,200,5,1.0,predictive,P2 only,fine,0.014677992676220698,0,3.0,False,False,0.00031820990211569596,0.0005090736143683988,42.68623441173763,7.496181947892238,2.260941087730826,0.5460575861093849,9.696819378267552,37.480909739461175,1.13887935774398,0.3748090973946119,3.5337623980929513,4.024529050359927,0.0,0.0,0.0546057586109385,1.4401129948865397,0.05460575861093856,,0.0,1.1223852634429932,ok
A_rhoB0.6,0.6,0.37499999999999994,0.1,100.0,0.001,0.6,20,200,5,1.0,predictive,P1 only (protect),fine,0.009085175756516871,15,1.0,True,True,0.00013542948922642915,0.0002166632988880016,40.852092072603945,7.498375025258335,3.2459585702534643,0.2285543836541972,9.027112020834004,37.49187512629179,1.0896252037272938,0.37491875126291674,3.6374202211092723,3.963424749467969,0.000492002346169579,0.00454168950369784,0.02285543836541972,0.8035177749542604,0.022855438365419707,,0.0,2.553147792816162,ok
A_rhoB0.6,0.6,0.37499999999999994,0.1,100.0,0.001,0.6,20,200,5,1.0,predictive,P1 only (protect),fine,0.014677992676220698,15,1.0,True,True,0.00016235821476891647,0.0002597439022551709,41.17331930623212,7.498051920733084,2.8899353391440536,0.2866910143196349,9.325321725803228,37.490259603665486,1.0982404427577381,0.3749025960366542,3.5788423820079496,3.930429442176569,0.0004954033846133303,0.004744871393185781,0.02866910143196349,0.9452597477044571,0.02866910143196354,,0.0,2.5363686084747314,ok
A_rhoB0.6,0.6,0.37499999999999994,0.1,100.0,0.001,0.6,20,200,5,1.0,predictive,P1 only (protect),fine,0.03831186849557289,15,1.0,True,True,0.00021844331185315996,0.0003494681716729675,41.98758650550521,7.497378988712453,2.3873507432497987,0.43958779818739824,9.67568246985035,37.48689494356219,1.120060398939922,0.37486894943562266,3.5226984520068414,3.9456350334998285,0.0004981457140191368,0.004978799813665331,0.04395877981873983,1.2117603742633165,0.043958779818739885,,0.0,2.670226573944092,ok
A_rhoB0.6,0.6,0.37499999999999994,0.1,100.0,0.001,0.6,20,200,5,1.0,predictive,P1 only (protect),fine,0.061896581889126064,15,1.0,True,True,0.00024778243223230897,0.0003964041360552152,42.5181994371066,7.497026968979594,2.206911487590281,0.5416658685549546,9.754395674875171,37.48513484489791,1.1342682802938815,0.3748513484489797,3.520240481718756,3.9928971174200383,0.0004985702873442367,0.0050260323372201855,0.05416658685549546,1.3379946041560589,0.054166586855495,,0.0,2.5211431980133057,ok
A_rhoB0.6,0.6,0.37499999999999994,0.1,100.0,0.001,0.6,20,200,5,1.0,predictive,P1+P2 (protect),fine,0.0021544346900318843,10,3.0,True,True,0.00015682500090737696,0.00025089224263128703,40.50928523874618,7.498118308180273,3.959946258595272,0.15595408436929972,8.385981348855154,37.490591540901356,1.0805187001264438,0.37490591540901363,3.771094494734778,4.074738121504811,0.0004429537718876682,0.0019704815583533155,0.015595408436929973,0.5091470216202375,0.015595408436929963,,0.0,1.354964017868042,ok
A_rhoB0.6,0.6,0.37499999999999994,0.1,100.0,0.001,0.6,20,200,5,1.0,predictive,P1+P2 (protect),fine,0.0034807005884284095,10,3.0,True,True,0.0001893937977737756,0.00030299583001990325,40.831091889676635,7.497727531274857,3.461741482063642,0.21297111488451984,8.82755987177698,37.4886376563743,1.0891591277319732,0.37488637656374285,3.6799958144387754,4.008101031311449,0.00046389942969988606,0.002180270572353419,0.021297111488451984,0.6733105686306131,0.021297111488451995,,0.0,1.3420641422271729,ok
A_rhoB0.6,0.6,0.37499999999999994,0.1,100.0,0.001,0.6,20,200,5,1.0,predictive,P1+P2 (protect),fine,0.009085175756516871,10,3.0,True,True,0.0002541366522141512,0.000406570649945098,41.86372820002076,7.496950720125421,2.6256700252637093,0.40041472929398597,9.476964525316884,37.484753600627016,1.1168201516288077,0.374847536006271,3.561571111331898,3.9776343885944714,0.00048317264418379016,0.00245158708377927,0.0400414729293986,1.1378102833356118,0.040041472929398504,,0.0,1.3148777484893799,ok
A_rhoB0.6,0.6,0.37499999999999994,0.1,100.0,0.001,0.6,20,200,5,1.0,predictive,P1+P2 (protect),fine,0.014677992676220698,10,3.0,True,True,0.0002873021289420927,0.00045962796580182675,42.66454594123239,7.496552790256501,2.260690705958729,0.5459902822921586,9.69676622149261,37.48276395128248,1.1382443940549538,0.37482763951282505,3.533820039392663,4.022350849437754,0.0004858078108691931,0.0025232885253825697,0.05459902822921586,1.440222820376794,0.05459902822921595,,0.0,1.3789458274841309,ok
