row,rho_B,rho,alpha,r1,sigma,delta,c,K,b,mu,model,series,stage,beta,n_target,gamma,protect_presetup,protect_delayoff,P_block,P_block_arrival_stable,E_N,E_B,E_I,E_S,E_off,lambda_eff,E_W,rho_server,Cost,ERP,p1_fire_rate,p1_launch_rate,setup_completion_rate,setup_cancel_rate,delayoff_rate,consistency_max_relerr,min_pi,elapsed_s,check
B_alpha10,0.8,0.5,10.0,0.1,100.0,0.6,20,200,5,1.0,base,Base,coarse,0.1,0,1.0,False,False,6.130436093395734e-15,6.34301687183975e-15,52.1778425715372,9.999999999999956,3.5414301971227524,0.03541430197122757,6.423155500906065,49.999999999999666,1.043556851430751,0.4999999999999978,4.572019224563652,4.771161986666509,0.0,0.0,,,,,3.521468013313541e-122,0.4933445453643799,ok
B_alpha10,0.8,0.5,10.0,0.1,100.0,0.6,20,200,5,1.0,base,Base,coarse,0.4216965034285822,0,1.0,False,False,6.6673019536737676e-15,6.8984992482481984e-15,52.44855488522689,9.999999999999899,2.1234074097901234,0.0895433480062834,7.787049242203694,49.9999999999997,1.048971097704544,0.49999999999999495,4.272481738743099,4.481709859411968,0.0,0.0,,,,,2.8801188502857554e-116,0.5114326477050781,ok
B_alpha10,0.8,0.5,10.0,0.1,100.0,0.6,20,200,5,1.0,base,Base,coarse,1.7782794100389228,0,1.0,False,False,7.401987338346689e-15,7.658660796188766e-15,52.93405041539839,9.999999999999904,1.049464787523949,0.18662416232147044,8.763911050154677,49.99999999999965,1.0586810083079752,0.4999999999999952,4.066713615037543,4.305352470467716,0.0,0.0,,,,,2.1436253068702063e-112,0.37346768379211426,ok
B_alpha10,0.8,0.5,10.0,0.1,100.0,0.6,20,200,5,1.0,base,Base,coarse,7.498942093324558,0,1.0,False,False,8.442326387703524e-15,8.735074943835364e-15,53.5996803845687,9.999999999999874,0.4263592845345994,0.3197243585676238,9.253916356897902,49.99999999999957,1.0719936076913832,0.49999999999999367,3.9761915026137986,4.2624518737587875,0.0,0.0,,,,,1.7782756792898968e-110,0.422391414642334,ok
B_alpha10,0.8,0.5,10.0,0.1,100.0,0.6,20,200,5,1.0,base,Base,coarse,31.622776601683793,0,1.0,False,False,9.609257108537653e-15,9.942470492422005e-15,54.24560622352203,9.999999999999924,0.1419485377746117,0.44888068989822005,9.409170772327245,49.99999999999951,1.0849121244704514,0.49999999999999617,3.9605920485274027,4.296894333528641,0.0,0.0,,,,,7.798388023449455e-110,0.36597228050231934,ok
B_alpha10,0.8,0.5,10.0,0.1,100.0,0.6,20,200,5,1.0,base,Base,coarse,133.3521432163324,0,1.0,False,False,1.0343573606343196e-14,1.0702250361840124e-14,54.5983082992747,9.999999999999869,0.03894973107311719,0.5194030116299942,9.44164725729702,49.99999999999948,1.0919661659855053,0.49999999999999345,3.963871736245918,4.328413822286763,0.0,0.0,,,,,1.068915953740795e-109,0.3722667694091797,ok
B_alpha10,0.8,0.5,10.0,0.1,100.0,0.6,20,200,5,1.0,base,Base,coarse,562.341325190349,0,1.0,False,False,1.0589656953577267e-14,1.095686696651276e-14,54.70775249611034,9.999999999999835,0.009625573900846346,0.5412857983119548,9.449088627787363,49.99999999999943,1.0941550499222192,0.49999999999999173,3.9654840484144103,4.3388543969586335,0.0,0.0,,,,,1.1365395963484816e-109,0.3815035820007324,ok
B_alpha10,0.8,0.5,10.0,0.1,100.0,0.6,20,200,5,1.0,base,Base,coarse,2371.373705661655,0,1.0,False,False,1.0652842119572251e-14,1.1022243159628278e-14,54.73523657548719,9.999999999999854,0.0023057566156087146,0.5467810609909909,9.450913182393545,49.999999999999474,1.0947047315097553,0.49999999999999273,3.96589889433474,4.341488284317547,0.0,0.0,,,,,1.1520775397905938e-109,0.36937546730041504,ok
B_alpha10,0.8,0.5,10.0,0.1,100.0,0.6,20,200,5,1.0,base,Base,coarse,10000.0,0,1.0,False,False,1.0668098044848944e-14,1.1038028103789436e-14,54.74183758057533,9.99999999999987,0.0005481008870473926,0.5481008870473923,9.45135101206569,49.999999999999474,1.094836751611518,0.4999999999999935,3.965998616494937,4.342121042179091,0.0,0.0,,,,,1.1557291445329765e-109,0.42649149894714355,ok
B_alpha10,0.8,0.5,10.0,0.1,100.0,0.6,20,200,5,1.0,predictive,Check,check,31.622776601683793,0,1.0,False,False,9.609257108537653e-15,9.942470492422005e-15,54.245606223522024,9.999999999999876,0.14194853777461128,0.44888068989822055,9.409170772327291,49.9999999999994,1.0849121244704534,0.4999999999999938,3.9605920485273853,4.2968943335286305,0.0,0.0,4.488806898982205,3.708357645435966,4.488806898982205,4.908538588781816e-15,0.0,1.2516083717346191,ok
B_alpha10,0.8,0.5,10.0,0.1,100.0,0.6,20,200,5,1.0,predictive,P2 only,coarse,0.1,0,3.0,False,False,6.372948310310565e-15,6.593938512658126e-15,52.28461517258397,9.99999999999989,2.825649062143556,0.05676275634340929,7.117588181513144,49.99999999999949,1.04569230345169,0.4999999999999945,4.4185741817607935,4.620469014097611,0.0,0.0,0.5676275634340929,0.6005227060959902,0.5676275634340928,,0.0,0.9516921043395996,ok
B_alpha10,0.8,0.5,10.0,0.1,100.0,0.6,20,200,5,1.0,predictive,P2 only,coarse,0.4216965034285822,0,3.0,False,False,6.985569222648376e-15,7.227802845258579e-15,52.655944386658575,9.999999999999927,1.5438797545869687,0.13101331297285876,8.325106932440244,49.99999999999965,1.0531188877331787,0.49999999999999634,4.157339131489273,4.378172362083602,0.0,0.0,1.3101331297285876,1.231265643787193,1.3101331297285945,,0.0,1.0021312236785889,ok
B_alpha10,0.8,0.5,10.0,0.1,100.0,0.6,20,200,5,1.0,predictive,P2 only,coarse,1.7782794100389228,0,3.0,False,False,7.857825369214706e-15,8.130305598686019e-15,53.240264806582516,9.999999999999917,0.6918710496317445,0.2478557210506416,9.060273229317698,49.99999999999964,1.064805296131658,0.49999999999999584,4.009066600344915,4.2688753485918065,0.0,0.0,2.478557210506416,2.143346507696034,2.4785572105064144,,0.0,1.0047805309295654,ok
B_alpha10,0.8,0.5,10.0,0.1,100.0,0.6,20,200,5,1.0,predictive,P2 only,coarse,7.498942093324558,0,3.0,False,False,8.99339773763757e-15,9.305255403555722e-15,53.92379109699339,9.999999999999913,0.25639752724739995,0.3845328653084557,9.359069607444232,49.99999999999942,1.0784758219398805,0.49999999999999567,3.9622168720753264,4.2731550978155,0.0,0.0,3.845328653084557,3.2002437561986428,3.845328653084552,,0.0,0.9168398380279541,ok
B_alpha10,0.8,0.5,10.0,0.1,100.0,0.6,20,200,5,1.0,predictive,P2 only,coarse,31.622776601683793,0,3.0,False,False,9.975396699806522e-15,1.032130644623139e-14,54.42987067104934,9.999999999999867,0.0798479379877433,0.4857245476668633,9.434427514345526,49.999999999999424,1.0885974134209995,0.49999999999999334,3.960435452066516,4.311319789140436,0.0,0.0,4.857245476668633,4.001819258432181,4.857245476668621,,0.0,0.971790075302124,ok
B_alpha10,0.8,0.5,10.0,0.1,100.0,0.6,20,200,5,1.0,predictive,P2 only,coarse,133.3521432163324,0,3.0,False,False,1.0442399288275201e-14,1.0804502951748744e-14,54.64377608247522,9.999999999999897,0.022538329761313668,0.528494135236698,9.44896753500209,49.99999999999953,1.0928755216495147,0.49999999999999484,3.96358760170045,4.331707867811928,0.0,0.0,5.28494135236698,4.347952881832347,5.284941352366998,,0.0,0.9289062023162842,ok
B_alpha10,0.8,0.5,10.0,0.1,100.0,0.6,20,200,5,1.0,predictive,P2 only,coarse,562.341325190349,0,3.0,False,False,1.0606184919115285e-14,1.0973968060571933e-14,54.715220008342484,9.999999999999892,0.005989776719807609,0.5427788939741977,9.451231329306102,49.99999999999939,1.0943044001668631,0.49999999999999456,3.965225230307046,4.339163417177664,0.0,0.0,5.427788939741976,4.464416079165256,5.427788939741968,,0.0,0.9254777431488037,ok
B_alpha10,0.8,0.5,10.0,0.1,100.0,0.6,20,200,5,1.0,predictive,P2 only,coarse,2371.373705661655,0,3.0,False,False,1.0655814427355636e-14,1.1025318536017437e-14,54.73658344434883,9.999999999999863,0.0014874515234079824,0.5470503615899853,9.451462186886744,49.999999999999375,1.0947316688869904,0.49999999999999317,3.9658155461648135,4.3415038713509775,0.0,0.0,5.470503615899853,4.499281137896381,5.470503615899857,,0.0,0.9630179405212402,ok
B_alpha10,0.8,0.5,10.0,0.1,100.0,0.6,20,200,5,1.0,predictive,P2 only,coarse,10000.0,0,3.0,False,False,1.0668734700466235e-14,1.1038686836261356e-14,54.74212683166106,9.999999999999888,0.0003573477225307066,0.5481587215886506,9.45148393068893,49.9999999999994,1.0948425366332344,0.4999999999999944,3.965977329500889,4.342120679660654,0.0,0.0,5.481587215886506,4.508329105151363,5.481587215886503,,0.0,0.9125373363494873,ok
B_alpha10,0.8,0.5,10.0,0.1,100.0,0.6,20,200,5,1.0,predictive,P2 only,coarse,0.1,0,10.0,False,False,6.781319848114699e-15,7.016470860233546e-15,52.523043006917305,9.999999999999915,1.8829047574942468,0.10443812604658088,8.012657116459257,49.999999999999524,1.050460860138356,0.4999999999999957,4.223827365064573,4.436965326981658,0.0,0.0,1.044381260465809,1.0137208228522088,1.0443812604658116,,0.0,1.0725741386413574,ok
B_alpha10,0.8,0.5,10.0,0.1,100.0,0.6,20,200,5,1.0,predictive,P2 only,coarse,0.4216965034285822,0,10.0,False,False,7.561022856632034e-15,7.823211076184768e-15,53.04764932743908,9.999999999999936,0.8945957783567098,0.2093399891262931,8.89606423251706,49.999999999999474,1.0609529865487928,0.4999999999999968,4.040317721559613,4.286587153294685,0.0,0.0,2.093399891262931,1.8455664960605778,2.0933998912629312,,0.0,0.945542573928833,ok
B_alpha10,0.8,0.5,10.0,0.1,100.0,0.6,20,200,5,1.0,predictive,P2 only,coarse,1.7782794100389228,0,10.0,False,False,8.624638878530316e-15,8.923709355414966e-15,53.717842840857124,9.999999999999886,0.3529093633454594,0.34335232849657804,9.303738308158076,49.99999999999944,1.0743568568171544,0.49999999999999434,3.968505725926476,4.263591337967249,0.0,0.0,3.4335232849657804,2.8784545631148477,3.4335232849657737,,0.0,1.0387415885925293,ok
B_alpha10,0.8,0.5,10.0,0.1,100.0,0.6,20,200,5,1.0,predictive,P2 only,coarse,7.498942093324558,0,10.0,False,False,9.670620442182576e-15,1.0005961678803324e-14,54.28468147744339,9.9999999999999,0.12021642282167644,0.4566942167989501,9.423089360379471,49.99999999999934,1.0856936295488822,0.499999999999995,3.9586272740235278,4.2978564131658015,0.0,0.0,4.5669421679895015,3.7686865302116783,4.566942167989504,,0.0,0.9325559139251709,ok
B_alpha10,0.8,0.5,10.0,0.1,100.0,0.6,20,200,5,1.0,predictive,P2 only,coarse,31.622776601683793,0,10.0,False,False,1.0245462316196665e-14,1.060073693617439e-14,54.55726971244547,9.999999999999885,0.040415430734859356,0.5111977034225101,9.448386865842746,49.99999999999942,1.091145394248922,0.4999999999999942,3.961117348721367,4.322154951136821,0.0,0.0,5.111977034225101,4.207259010265355,5.111977034225094,,0.0,0.9426276683807373,ok
B_alpha10,0.8,0.5,10.0,0.1,100.0,0.6,20,200,5,1.0,predictive,P2 only,coarse,133.3521432163324,0,10.0,False,False,1.049233088098984e-14,1.0856165986837521e-14,54.666268313152486,9.999999999999877,0.014508316900963823,0.5329913527269758,9.452500330372184,49.999999999999325,1.0933253662630644,0.4999999999999939,3.9634669909912965,4.333358999597126,0.0,0.0,5.329913527269758,4.384630433088182,5.329913527269754,,0.0,0.9552898406982422,ok
B_alpha10,0.8,0.5,10.0,0.1,100.0,0.6,20,200,5,1.0,predictive,P2 only,coarse,562.341325190349,0,10.0,False,False,1.0612829663299253e-14,1.0980843219830203e-14,54.718205297797525,9.999999999999886,0.004539862510563955,0.5433757883491214,9.452084349140428,49.999999999999375,1.0943641059559641,0.49999999999999434,3.965122567407493,4.3392878134867185,0.0,0.0,5.4337578834912135,4.469318229997873,5.4337578834912055,,0.0,0.9931232929229736,ok
B_alpha10,0.8,0.5,10.0,0.1,100.0,0.6,20,200,5,1.0,predictive,P2 only,coarse,2371.373705661655,0,10.0,False,False,1.0656896172297864e-14,1.1026437791860668e-14,54.73707293772495,9.999999999999867,0.0011902441691879796,0.5471482336353366,9.451661522195609,49.99999999999951,1.09474145875451,0.49999999999999334,3.9657852976838024,4.341509581893554,0.0,0.0,5.4714823363533664,4.500089032231022,5.471482336353368,,0.0,1.0433311462402344,ok
B_alpha10,0.8,0.5,10.0,0.1,100.0,0.6,20,200,5,1.0,predictive,P2 only,coarse,10000.0,0,10.0,False,False,1.0668959704793057e-14,1.1038919642903398e-14,54.742229023225704,9.999999999999874,0.0002899659816556208,0.5481791543615178,9.451530879656952,49.99999999999942,1.0948445804645268,0.49999999999999367,3.9659698113026653,4.342120554190645,0.0,0.0,5.481791543615177,4.508498125002406,5.481791543615173,,0.0,0.9235637187957764,ok
B_alpha10,0.8,0.5,10.0,0.1,100.0,0.6,20,200,5,1.0,predictive,P2 only,coarse,0.1,0,30.0,False,False,7.311785703947785e-15,7.565331303781571e-15,52.88007396122595,9.999999999999908,1.1233098522416871,0.17583110842971553,8.700859039328689,49.99999999999956,1.0576014792245283,0.4999999999999954,4.079314203094867,4.31428873541476,0.0,0.0,1.7583110842971552,1.585144133017943,1.758311084297151,,0.0,0.9715032577514648,ok
B_alpha10,0.8,0.5,10.0,0.1,100.0,0.6,20,200,5,1.0,predictive,P2 only,coarse,0.4216965034285822,0,30.0,False,False,8.299952148371511e-15,8.587763694132836e-15,53.52472661321464,9.99999999999989,0.4667785324296501,0.30473711932993097,9.22848434824053,49.9999999999995,1.0704945322643034,0.4999999999999945,3.979674697699366,4.260220004077766,0.0,0.0,3.04737119329931,2.579479844540874,3.0473711932993113,,0.0,0.9276556968688965,ok
B_alpha10,0.8,0.5,10.0,0.1,100.0,0.6,20,200,5,1.0,predictive,P2 only,coarse,1.7782794100389228,0,30.0,False,False,9.391441155561678e-15,9.717101490359105e-15,54.14412596127346,9.9999999999999,0.16681730903700692,0.4285899994803987,9.404592691482693,49.999999999999496,1.08288251922548,0.499999999999995,3.9585732511156433,4.286669774706707,0.0,0.0,4.285899994803987,3.545033573730666,4.285899994803983,,0.0,1.0824666023254395,ok
B_alpha10,0.8,0.5,10.0,0.1,100.0,0.6,20,200,5,1.0,predictive,P2 only,coarse,7.498942093324558,0,30.0,False,False,1.0078172783097119e-14,1.0427646422761514e-14,54.48206898414733,9.999999999999893,0.059003988072733805,0.496161673241577,9.444834338685796,49.99999999999951,1.0896413796829574,0.49999999999999467,3.95965745756668,4.314606615134869,0.0,0.0,4.96161673241577,4.085264073140444,4.9616167324157745,,0.0,0.9225425720214844,ok
B_alpha10,0.8,0.5,10.0,0.1,100.0,0.6,20,200,5,1.0,predictive,P2 only,coarse,31.622776601683793,0,30.0,False,False,1.0352524399001695e-14,1.0711511534778658e-14,54.60582410184594,9.999999999999885,0.02580775701670833,0.5209059465279744,9.453286296455433,49.99999999999948,1.0921164820369302,0.4999999999999942,3.9614721380654294,4.326389015111333,0.0,0.0,5.2090594652797435,4.2861292269393685,5.209059465279732,,0.0,1.0479495525360107,ok
B_alpha10,0.8,0.5,10.0,0.1,100.0,0.6,20,200,5,1.0,predictive,P2 only,coarse,133.3521432163324,0,30.0,False,False,1.0508756499166485e-14,1.0873161184508536e-14,54.673597207857966,9.999999999999881,0.011899996903581603,0.5344567275894722,9.453643275507066,49.99999999999938,1.0934719441571727,0.49999999999999406,3.96342953694053,4.333899001288324,0.0,0.0,5.344567275894722,4.396602286245917,5.344567275894722,,0.0,0.9443235397338867,ok
B_alpha10,0.8,0.5,10.0,0.1,100.0,0.6,20,200,5,1.0,predictive,P2 only,coarse,562.341325190349,0,30.0,False,False,1.0614823048256626e-14,1.0982905727981845e-14,54.71909896652773,9.999999999999869,0.00410614825456498,0.543554473043958,9.452339378701609,49.99999999999952,1.0943819793305651,0.49999999999999345,3.9650919085474685,4.339325131103787,0.0,0.0,5.43554473043958,4.470786292936039,5.435544730439586,,0.0,0.923865556716919,ok
B_alpha10,0.8,0.5,10.0,0.1,100.0,0.6,20,200,5,1.0,predictive,P2 only,coarse,2371.373705661655,0,30.0,False,False,1.0657209355074044e-14,1.1026761834653526e-14,54.73721458531838,9.999999999999874,0.0011042573389777447,0.5471765554443182,9.45171918721683,49.999999999999375,1.0947442917063812,0.49999999999999367,3.9657765485204926,4.341511238675844,0.0,0.0,5.4717655544431825,4.500322837775289,5.471765554443196,,0.0,0.9894688129425049,ok
B_alpha10,0.8,0.5,10.0,0.1,100.0,0.6,20,200,5,1.0,predictive,P2 only,coarse,10000.0,0,30.0,False,False,1.0669024201007714e-14,1.1038986375607476e-14,54.74225831254076,9.999999999999874,0.0002706545995736909,0.5481850106364978,9.451544334764055,49.99999999999933,1.0948451662508298,0.49999999999999367,3.9659676567288713,4.342120518476735,0.0,0.0,5.481850106364979,4.508546569075414,5.481850106364989,,0.0,0.9302265644073486,ok
B_alpha10,0.8,0.5,10.0,0.1,100.0,0.6,20,200,5,1.0,predictive,P2 only,coarse,0.1,0,100.0,False,False,8.101530352346603e-15,8.382461366421471e-15,53.40180652533624,9.99999999999989,0.5536538253910871,0.28015801758080944,9.166188157028213,49.999999999999545,1.0680361305067345,0.4999999999999945,3.990031470612316,4.2614977724728735,0.0,0.0,2.8015801758080943,2.3900521341202294,2.8015801758080947,,0.0,0.957561731338501,ok
B_alpha10,0.8,0.5,10.0,0.1,100.0,0.6,20,200,5,1.0,predictive,P2 only,coarse,0.4216965034285822,0,100.0,False,False,9.204711963845665e-15,9.523897223093616e-15,54.046072166547305,9.999999999999869,0.2031325457221654,0.40898385042000684,9.387883603857958,49.99999999999955,1.0809214433309557,0.49999999999999345,3.9593940128052365,4.2797938910373805,0.0,0.0,4.089838504200069,3.3901543371394767,4.089838504200078,,0.0,0.9274992942810059,ok
B_alpha10,0.8,0.5,10.0,0.1,100.0,0.6,20,200,5,1.0,predictive,P2 only,coarse,1.7782794100389228,0,100.0,False,False,9.973733834270106e-15,1.0319585918688906e-14,54.43391630916395,9.999999999999888,0.07230210172649842,0.48653370914468663,9.441164189128928,49.99999999999952,1.0886783261832895,0.4999999999999944,3.959037430488454,4.3101182431211615,0.0,0.0,4.865337091446866,4.0074246242870535,4.865337091446857,,0.0,0.9779090881347656,ok
B_alpha10,0.8,0.5,10.0,0.1,100.0,0.6,20,200,5,1.0,predictive,P2 only,coarse,7.498942093324558,0,100.0,False,False,1.0271840236584265e-14,1.0628029544971402e-14,54.570799769439745,9.99999999999988,0.03318740204264405,0.5139030631185428,9.452909534838934,49.999999999999375,1.0914159953888085,0.49999999999999395,3.9605039533232604,4.322557364457618,0.0,0.0,5.139030631185428,4.229041181772214,5.139030631185418,,0.0,1.0518383979797363,ok
B_alpha10,0.8,0.5,10.0,0.1,100.0,0.6,20,200,5,1.0,predictive,P2 only,coarse,31.622776601683793,0,100.0,False,False,1.0394369401870256e-14,1.0754807567089132e-14,54.624511452211344,9.999999999999895,0.020224925163607202,0.5246423872094679,9.45513268762703,49.99999999999946,1.0924902290442386,0.4999999999999948,3.961617545160784,4.3280284592983795,0.0,0.0,5.246423872094679,4.316568600036235,5.246423872094673,,0.0,0.919809103012085,ok
B_alpha10,0.8,0.5,10.0,0.1,100.0,0.6,20,200,5,1.0,predictive,P2 only,coarse,133.3521432163324,0,100.0,False,False,1.0514768610412237e-14,1.0879381773465547e-14,54.67627107967627,9.999999999999895,0.010949179058919137,0.5349913540647022,9.454059466876483,49.99999999999931,1.0935254215935404,0.4999999999999948,3.9634160527067506,4.334096209986755,0.0,0.0,5.349913540647022,4.40097264749383,5.3499135406470195,,0.0,0.9601161479949951,ok
B_alpha10,0.8,0.5,10.0,0.1,100.0,0.6,20,200,5,1.0,predictive,P2 only,coarse,562.341325190349,0,100.0,False,False,1.0615531225765369e-14,1.0983638462459038e-14,54.71941624299666,9.999999999999877,0.003952201815438847,0.5436179109119528,9.45242988727273,49.999999999999446,1.0943883248599453,0.4999999999999939,3.9650810314477707,4.33933838794007,0.0,0.0,5.436179109119528,4.471307557921283,5.43617910911952,,0.0,0.9493279457092285,ok
B_alpha10,0.8,0.5,10.0,0.1,100.0,0.6,20,200,5,1.0,predictive,P2 only,coarse,2371.373705661655,0,100.0,False,False,1.0657319406983006e-14,1.1026875702754362e-14,54.73726435271453,9.999999999999908,0.0010740480220030736,0.5471865062144211,9.451739445763668,49.999999999999446,1.0947452870543029,0.4999999999999954,3.965773474951651,4.341511821228285,0.0,0.0,5.471865062144211,4.50040498672651,5.471865062144215,,0.0,0.9670112133026123,ok
B_alpha10,0.8,0.5,10.0,0.1,100.0,0.6,20,200,5,1.0,predictive,P2 only,coarse,10000.0,0,100.0,False,False,1.0669046796731315e-14,1.1039009754866937e-14,54.742268573463996,9.999999999999877,0.00026388935215208425,0.5481870622647979,9.451549048383173,49.99999999999931,1.094845371469295,0.4999999999999939,3.965966901941446,4.342120505991011,0.0,0.0,5.481870622647978,4.5085635405865165,5.481870622647982,,0.0,0.9250485897064209,ok
B_alpha10,0.8,0.5,10.0,0.1,100.0,0.6,20,200,5,1.0,predictive,P2 only,coarse,0.1,0,1000.0,False,False,9.722939798088615e-15,1.0060095275852564e-14,54.31322472736386,9.999999999999888,0.10921991240019714,0.4624015730027908,9.428378514597124,49.99999999999947,1.0862644945472888,0.4999999999999944,3.9582924450160824,4.299752542055747,0.0,0.0,4.6240157300279074,3.813665072090577,4.624015730027904,,0.0,0.995807409286499,ok
B_alpha10,0.8,0.5,10.0,0.1,100.0,0.6,20,200,5,1.0,predictive,P2 only,coarse,0.4216965034285822,0,1000.0,False,False,1.0173654196637136e-14,1.052643877745873e-14,54.5269249938603,9.999999999999869,0.04483637887351427,0.505130523166779,9.450033097959839,49.99999999999944,1.0905384998772183,0.49999999999999345,3.9598335231375144,4.318350910085905,0.0,0.0,5.05130523166779,4.157718121974471,5.051305231667788,,0.0,0.9259774684906006,ok
B_alpha10,0.8,0.5,10.0,0.1,100.0,0.6,20,200,5,1.0,predictive,P2 only,coarse,1.7782794100389228,0,1000.0,False,False,1.0309415874366631e-14,1.0666908166455217e-14,54.58799396282085,9.999999999999874,0.02761501698757879,0.5173409767490147,9.455044006263533,49.99999999999942,1.0917598792564298,0.49999999999999367,3.960539476890241,4.323958101080013,0.0,0.0,5.173409767490147,4.256968011891632,5.173409767490145,,0.0,0.9172945022583008,ok
B_alpha10,0.8,0.5,10.0,0.1,100.0,0.6,20,200,5,1.0,predictive,P2 only,coarse,7.498942093324558,0,1000.0,False,False,1.0356070643461675e-14,1.0715180749839119e-14,54.608418229934614,9.999999999999888,0.022444202123065533,0.5214246831862585,9.456131114690788,49.999999999999496,1.0921683645987033,0.4999999999999944,3.9609083950528654,4.325978844150162,0.0,0.0,5.214246831862584,4.290275915505094,5.214246831862602,,0.0,0.9709348678588867,ok
B_alpha10,0.8,0.5,10.0,0.1,100.0,0.6,20,200,5,1.0,predictive,P2 only,coarse,31.622776601683793,0,1000.0,False,False,1.0411186481982683e-14,1.0772207801143414e-14,54.63197669540932,9.999999999999881,0.01799955610648999,0.5261350222122533,9.455865421681375,49.9999999999993,1.0926395339082018,0.49999999999999406,3.9616767295142687,4.32868461523144,0.0,0.0,5.261350222122533,4.328741564989548,5.261350222122522,,0.0,0.9318757057189941,ok
B_alpha10,0.8,0.5,10.0,0.1,100.0,0.6,20,200,5,1.0,predictive,P2 only,coarse,133.3521432163324,0,1000.0,False,False,1.0517125827544142e-14,1.0881820730141603e-14,54.67731818289569,9.999999999999888,0.01057694077439914,0.5352007167266601,9.454222342499053,49.999999999999424,1.0935463636579263,0.4999999999999944,3.9634107963902623,4.334173464075137,0.0,0.0,5.352007167266601,4.402684477877105,5.3520071672666,,0.0,1.1056547164916992,ok
B_alpha10,0.8,0.5,10.0,0.1,100.0,0.6,20,200,5,1.0,predictive,P2 only,coarse,562.341325190349,0,1000.0,False,False,1.0615805857637747e-14,1.0983922617545783e-14,54.71953925321235,9.999999999999893,0.003892520399908665,0.5436425061974155,9.452464973402783,49.999999999999474,1.0943907850642587,0.49999999999999467,3.9650768153720386,4.339343528815096,0.0,0.0,5.436425061974155,4.4715096647579715,5.436425061974154,,0.0,0.9247262477874756,ok
B_alpha10,0.8,0.5,10.0,0.1,100.0,0.6,20,200,5,1.0,predictive,P2 only,coarse,2371.373705661655,0,1000.0,False,False,1.0657361916524305e-14,1.1026919686368831e-14,54.73728357525062,9.99999999999988,0.001062380004122227,0.5471903496751613,9.451747270320837,49.99999999999949,1.0947456715050237,0.49999999999999395,3.9657722878511916,4.341512046299667,0.0,0.0,5.471903496751613,4.500436716862359,5.471903496751616,,0.0,0.9727282524108887,ok
B_alpha10,0.8,0.5,10.0,0.1,100.0,0.6,20,200,5,1.0,predictive,P2 only,coarse,10000.0,0,1000.0,False,False,1.066905551528321e-14,1.1039018775745864e-14,54.74227253258909,9.99999999999987,0.0002612790307207403,0.548187853875141,9.451550867094268,49.999999999999346,1.0948454506517962,0.4999999999999935,3.965966610713909,4.342120501177046,0.0,0.0,5.48187853875141,4.508570088972069,5.481878538751427,,0.0,0.9371631145477295,ok
B_alpha10,0.8,0.5,10.0,0.1,100.0,0.6,20,200,5,1.0,predictive,P1 only (protect),coarse,0.1,5,1.0,True,True,6.130436092394095e-15,6.343016870803379e-15,52.17784256702941,9.99999999999993,3.541430198757121,0.03541430145978538,6.423155499783164,49.99999999999965,1.0435568513405955,0.49999999999999656,4.572019224740045,4.7711619864383925,6.258196224687132e-09,6.2637736815186184e-09,0.3541430145978538,0.3980700551926478,0.354143014597855,,0.0,1.0027666091918945,ok
B_alpha10,0.8,0.5,10.0,0.1,100.0,0.6,20,200,5,1.0,predictive,P1 only (protect),coarse,0.4216965034285822,5,1.0,True,True,6.667297979802303e-15,6.898495136577614e-15,52.44853815422616,9.999999999999947,2.1234139086546744,0.08954153063395633,7.787044560711422,49.999999999999524,1.0489707630845333,0.49999999999999734,4.272482521513325,4.481709250857164,2.470101828953198e-05,2.4789973244913903e-05,0.8954153063395632,0.8894017227687753,0.8954153063395631,,0.0,0.9735012054443359,ok
B_alpha10,0.8,0.5,10.0,0.1,100.0,0.6,20,200,5,1.0,predictive,P1 only (protect),coarse,1.7782794100389228,5,1.0,True,True,7.401631038082808e-15,7.658292140753688e-15,52.93265084769833,9.999999999999893,1.049962460320504,0.18649609266017023,8.763541447019431,49.99999999999966,1.0586530169539738,0.49999999999999467,4.066777732417112,4.305306515704616,0.0025202486730956544,0.0025528548988228896,1.8649609266017022,1.6707449482864225,1.8649609266017044,,0.0,0.9743280410766602,ok
B_alpha10,0.8,0.5,10.0,0.1,100.0,0.6,20,200,5,1.0,predictive,P1 only (protect),coarse,7.498942093324558,5,1.0,True,True,8.440106823254377e-15,8.732778413126219e-15,53.59168364891301,9.99999999999991,0.4284619070842427,0.3193565234886933,9.252181569427155,49.99999999999945,1.071833672978272,0.49999999999999545,3.9765275303965644,4.262176108604167,0.021521293498428594,0.022315602868931812,3.193565234886933,2.694446269458741,3.1935652348869343,,0.0,0.9979159832000732,ok
B_alpha10,0.8,0.5,10.0,0.1,100.0,0.6,20,200,5,1.0,predictive,P1 only (protect),coarse,31.622776601683793,5,1.0,True,True,9.605644406728355e-15,9.938732515517944e-15,54.23373495178513,9.999999999999883,0.14398252596120548,0.44952792616414194,9.40648954787477,49.99999999999941,1.0846746990357155,0.4999999999999941,3.9612942397456865,4.296715637288066,0.05522094295148125,0.05949127053914059,4.49527926164142,3.7021428687012956,4.495279261641415,,0.0,0.9655303955078125,ok
B_alpha10,0.8,0.5,10.0,0.1,100.0,0.6,20,200,5,1.0,predictive,P1 only (protect),coarse,133.3521432163324,5,1.0,True,True,1.0340456903316571e-14,1.069902558311626e-14,54.58858688220263,9.999999999999874,0.04003709002941353,0.521670550987318,9.438292358983395,49.999999999999254,1.0917717376440688,0.49999999999999367,3.9649695808257195,4.328841728963971,0.07899264424274838,0.08785597956465616,5.216705509873179,4.268569661889426,5.216705509873179,,0.0,1.0227413177490234,ok
B_alpha10,0.8,0.5,10.0,0.1,100.0,0.6,20,200,5,1.0,predictive,P1 only (protect),coarse,562.341325190349,5,1.0,True,True,1.0587126060016816e-14,1.0954248310953866e-14,54.69996082222104,9.999999999999888,0.010238041847044403,0.5443812823402566,9.44538067581281,49.99999999999924,1.0939992164444374,0.4999999999999944,3.9667860539184385,4.339660834789494,0.08801681696318381,0.09934384495829886,5.443812823402566,4.447431337979023,5.443812823402573,,0.0,1.0939033031463623,ok
B_alpha10,0.8,0.5,10.0,0.1,100.0,0.6,20,200,5,1.0,predictive,P1 only (protect),coarse,2371.373705661655,5,1.0,True,True,1.065051332126168e-14,1.1019833607232706e-14,54.7280825783216,9.99999999999991,0.002777865762045813,0.5501256854313371,9.447096448806708,49.999999999999474,1.0945616515664434,0.49999999999999545,3.967262908389968,4.342413841205615,0.09047236005180728,0.10259864353755065,5.501256854313371,4.492596968074675,5.5012568543133735,,0.0,1.012408971786499,ok
B_alpha10,0.8,0.5,10.0,0.1,100.0,0.6,20,200,5,1.0,predictive,P1 only (protect),coarse,10000.0,5,1.0,True,True,1.0665821769375134e-14,1.1035672895527735e-14,54.73484768370919,9.999999999999897,0.0009849865325127524,0.5515083328509259,9.447506680616664,49.999999999999424,1.0946969536741964,0.49999999999999484,3.967378304127149,4.34307694360109,0.0910729858050209,0.10340759702417873,5.5150833285092595,4.503459936882763,5.515083328509263,,0.0,0.9574306011199951,ok
B_alpha10,0.8,0.5,10.0,0.1,100.0,0.6,20,200,5,1.0,predictive,P1 only (protect),coarse,0.1,10,1.0,True,True,6.128190825157552e-15,6.3406937460295126e-15,52.17427420154098,9.99999999999992,3.5487049466624185,0.035087318879443705,6.416207734458217,49.999999999999694,1.043485484030826,0.499999999999996,4.5735373816599445,4.772419868434504,0.005328464926242343,0.005344161004340178,0.3508731887944371,0.393949837045779,0.350873188794437,,0.0,1.2140188217163086,ok
B_alpha10,0.8,0.5,10.0,0.1,100.0,0.6,20,200,5,1.0,predictive,P1 only (protect),coarse,0.4216965034285822,10,1.0,True,True,6.624945189469206e-15,6.854673708614077e-15,52.37902108168024,9.999999999999945,2.246424651891567,0.0850003801697688,7.668574967938719,49.999999999999616,1.0475804216336129,0.4999999999999972,4.298524887307123,4.503050513847774,0.1282730784751081,0.12978995710023394,0.850003801697688,0.8180744736895825,0.8500038016976903,,0.0,1.1362907886505127,ok
B_alpha10,0.8,0.5,10.0,0.1,100.0,0.6,20,200,5,1.0,predictive,P1 only (protect),coarse,1.7782794100389228,10,1.0,True,True,7.227684124891952e-15,7.478313393995878e-15,52.63454099722911,9.999999999999906,1.430201216826379,0.188772411129489,8.381026372044225,49.99999999999953,1.0526908199445921,0.4999999999999953,4.153410883237859,4.372257508242455,0.8272312989337458,0.8630792318254998,1.8877241112948902,1.4394550170682938,1.8877241112948888,,0.0,1.196317434310913,ok
B_alpha10,0.8,0.5,10.0,0.1,100.0,0.6,20,200,5,1.0,predictive,P1 only (protect),coarse,7.498942093324558,10,1.0,True,True,8.091328062013494e-15,8.371905298495802e-15,52.995212365068916,9.999999999999897,0.885922921174188,0.4200427052757696,8.694034373550146,49.99999999999949,1.059904247301389,0.49999999999999484,4.117581236271388,4.364241840932548,2.695356800265695,3.051928311665081,4.200427052757696,2.41689980481645,4.20042705275768,,0.0,1.1460978984832764,ok
B_alpha10,0.8,0.5,10.0,0.1,100.0,0.6,20,200,5,1.0,predictive,P1 only (protect),coarse,31.622776601683793,10,1.0,True,True,9.159690800534377e-15,9.477314892855593e-15,53.492974948180375,9.999999999999876,0.4276693146883098,0.7636721659864089,8.808658519325407,49.99999999999945,1.0698594989636192,0.4999999999999938,4.14340252632943,4.432858550823398,5.00419579559103,6.384624768715898,7.636721659864088,3.484669827953988,7.636721659864121,,0.0,1.1873788833618164,ok
B_alpha10,0.8,0.5,10.0,0.1,100.0,0.6,20,200,5,1.0,predictive,P1 only (protect),coarse,133.3521432163324,10,1.0,True,True,9.927437371947364e-15,1.0271684066801978e-14,53.91526432540509,9.999999999999885,0.16197238795051727,1.001322506483019,8.83670510556658,49.99999999999948,1.078305286508113,0.4999999999999942,4.172816263040423,4.499569836063517,6.251278451214377,8.612247430177037,10.01322506483019,4.093650373580744,10.013225064830156,,0.0,1.137378454208374,ok
B_alpha10,0.8,0.5,10.0,0.1,100.0,0.6,20,200,5,1.0,predictive,P1 only (protect),coarse,562.341325190349,10,1.0,True,True,1.0217045503041292e-14,1.0571334733351717e-14,54.097626710111896,9.999999999999867,0.07095744806720054,1.0876420018820667,8.841400550050865,49.999999999999474,1.0819525342022493,0.49999999999999334,4.184738788662153,4.527688737367467,6.659386735358505,9.409234566178675,10.876420018820667,4.297785523353063,10.876420018820658,,0.0,1.2952723503112793,ok
B_alpha10,0.8,0.5,10.0,0.1,100.0,0.6,20,200,5,1.0,predictive,P1 only (protect),coarse,2371.373705661655,10,1.0,True,True,1.0295575641509626e-14,1.065258800565249e-14,54.14995239326082,9.999999999999915,0.04692232373247964,1.1108561300782303,8.842221546189375,49.99999999999942,1.082999047865229,0.4999999999999957,4.188044800952944,4.5356485318489606,6.769207021097302,9.623041086066277,11.108561300782302,4.3514062559935,11.108561300782291,,0.0,1.1875808238983154,ok
B_alpha10,0.8,0.5,10.0,0.1,100.0,0.6,20,200,5,1.0,predictive,P1 only (protect),coarse,10000.0,10,1.0,True,True,1.0314838542712647e-14,1.0672518872798274e-14,54.16298865663534,9.999999999999876,0.04106580300976512,1.11653984548093,8.84239435150943,49.99999999999942,1.0832597731327194,0.4999999999999938,4.18886060347324,4.537624187003008,6.796354222109835,9.67536957813909,11.165398454809301,4.364462562765084,11.165398454809337,,0.0,1.1433007717132568,ok
B_alpha10,0.8,0.5,10.0,0.1,100.0,0.6,20,200,5,1.0,predictive,P1 only (protect),coarse,0.1,15,1.0,True,True,5.655988130137767e-15,5.8521168135252876e-15,52.03432661348954,9.99999999999993,5.194634681205701,0.029421261488856768,4.775944057305511,49.9999999999997,1.040686532269797,0.49999999999999656,4.942709054358385,5.1438107457987545,0.31595816693162665,0.3180984372236716,0.2942126148885677,0.1829975916385839,0.2942126148885672,,0.0,2.2369351387023926,ok
B_alpha10,0.8,0.5,10.0,0.1,100.0,0.6,20,200,5,1.0,predictive,P1 only (protect),coarse,0.4216965034285822,15,1.0,True,True,5.762361495773006e-15,5.9621788128016e-15,52.03955335604404,9.999999999999932,4.977827801425218,0.10914280023559611,4.913029398339254,49.9999999999996,1.040791067120889,0.4999999999999966,4.923773728100466,5.124619712731482,1.3695477157563336,1.407562141345064,1.091428002355961,0.49408492729817216,1.091428002355962,,0.0,2.2280220985412598,ok
B_alpha10,0.8,0.5,10.0,0.1,100.0,0.6,20,200,5,1.0,predictive,P1 only (protect),coarse,1.7782794100389228,15,1.0,True,True,5.947888189599287e-15,6.154138884003683e-15,52.05044186554419,9.999999999999922,4.591038015890955,0.4130058180699212,4.995956166039202,49.99999999999969,1.0410088373108903,0.4999999999999961,4.950765011406708,5.153790128323934,4.886600071464757,5.405657873190515,4.130058180699212,1.4788167631861162,4.1300581806992005,,0.0,2.2355599403381348,ok
B_alpha10,0.8,0.5,10.0,0.1,100.0,0.6,20,200,5,1.0,predictive,P1 only (protect),coarse,7.498942093324558,15,1.0,True,True,6.325922371210888e-15,6.545281888404703e-15,52.08449218165773,9.99999999999992,3.557048321732634,1.3229644639677103,5.119987214299737,49.99999999999965,1.0416898436331619,0.499999999999996,5.05963559596557,5.270571012802154,12.224276411346084,16.22237681215212,13.229644639677103,3.238565578903736,13.229644639677137,,0.0,2.440201759338379,ok
B_alpha10,0.8,0.5,10.0,0.1,100.0,0.6,20,200,5,1.0,predictive,P1 only (protect),coarse,31.622776601683793,15,1.0,True,True,6.972805158850273e-15,7.214596170988393e-15,52.20726530243763,9.999999999999906,1.8995186884081359,2.816111061765179,5.284370249826779,49.99999999999956,1.0441453060487618,0.4999999999999953,5.247110058883051,5.4787453383039795,19.452006030910994,32.21710746627199,28.16111061765179,4.366646677068498,28.161110617651783,,0.0,2.246227502822876,ok
B_alpha10,0.8,0.5,10.0,0.1,100.0,0.6,20,200,5,1.0,predictive,P1 only (protect),coarse,133.3521432163324,15,1.0,True,True,7.66085089806532e-15,7.92650078359391e-15,52.47249371520273,9.999999999999911,0.7575522315785813,3.8522117791892394,5.390235989232267,49.99999999999952,1.0494498743040648,0.49999999999999556,5.379049277556886,5.645042588207445,23.069097951342492,42.83174262010655,38.52211779189239,4.686054121227416,38.522117791892256,,0.0,2.5608842372894287,ok
B_alpha10,0.8,0.5,10.0,0.1,100.0,0.6,20,200,5,1.0,predictive,P1 only (protect),coarse,562.341325190349,15,1.0,True,True,8.018682420496846e-15,8.29674057557024e-15,52.662218001656925,9.999999999999908,0.35308869000226095,4.2201529256062065,5.426758384391625,49.99999999999959,1.0532443600331471,0.4999999999999954,5.4261456683696165,5.71505732192859,24.554349019649667,46.558591526231076,42.20152925606207,4.764597816850109,42.201529256061995,,0.0,2.2533342838287354,ok
B_alpha10,0.8,0.5,10.0,0.1,100.0,0.6,20,200,5,1.0,predictive,P1 only (protect),coarse,2371.373705661655,15,1.0,True,True,8.129715956566125e-15,8.411624342705907e-15,52.726753247312836,9.999999999999876,0.24581122838117833,4.317836028908414,5.436352742710532,49.99999999999961,1.054535064946265,0.4999999999999938,5.438672053536991,5.735270387198067,25.091745599719246,47.545651576910295,43.17836028908414,4.783813183708758,43.17836028908393,,0.0,2.3674867153167725,ok
B_alpha10,0.8,0.5,10.0,0.1,100.0,0.6,20,200,5,1.0,predictive,P1 only (protect),coarse,10000.0,15,1.0,True,True,8.157999600033425e-15,8.440888757988694e-15,52.74356699327135,9.999999999999904,0.21965759045133137,4.3416569133492455,5.438685496199519,49.99999999999949,1.054871339865438,0.4999999999999952,5.441728282795748,5.7403232048563995,25.2424328540636,47.78623364311779,43.41656913349246,4.788420566196469,43.41656913349271,,0.0,2.269080638885498,ok
B_alpha10,0.8,0.5,10.0,0.1,100.0,0.6,20,200,5,1.0,predictive,P1 only (protect),coarse,0.1,20,1.0,True,True,4.187121739456341e-15,4.3323155865323286e-15,52.00054171513966,9.999999999999947,9.943079024497427,0.049851073973710726,0.007069901528915068,49.99999999999975,1.0400108343027985,0.49999999999999734,6.021582317770941,6.262510850127935,0.6982689316084075,0.7069901528898072,0.49851073973710724,0.20848009573216988,0.49851073973710747,,0.0,6.996260643005371,ok
B_alpha10,0.8,0.5,10.0,0.1,100.0,0.6,20,200,5,1.0,predictive,P1 only (protect),coarse,0.4216965034285822,20,1.0,True,True,4.196287601361033e-15,4.3417992865155065e-15,52.00055792680135,9.999999999999954,9.765040165181725,0.20628755483103867,0.028672279987281613,49.9999999999998,1.0400111585360312,0.49999999999999767,6.040235875648371,6.281912710863961,2.7272751753024673,2.867227998727972,2.0628755483103864,0.8043553170663974,2.062875548310388,,0.0,7.120391845703125,ok
B_alpha10,0.8,0.5,10.0,0.1,100.0,0.6,20,200,5,1.0,predictive,P1 only (protect),coarse,1.7782794100389228,20,1.0,True,True,4.232382367641793e-15,4.3791456853524545e-15,52.00063262557769,9.99999999999996,9.08795669683626,0.8068383572004392,0.10520494596334196,49.99999999999981,1.0400126525115578,0.49999999999999795,6.113289060866103,6.357897971761246,8.803128565427992,10.520494596334627,8.068383572004391,2.4521230009898325,8.068383572004398,,0.0,7.101425409317017,ok
B_alpha10,0.8,0.5,10.0,0.1,100.0,0.6,20,200,5,1.0,predictive,P1 only (protect),coarse,7.498942093324558,20,1.0,True,True,4.352749281270173e-15,4.5036864769033615e-15,52.00113172835767,9.999999999999943,7.080810555049733,2.6139953147987214,0.30519413015160257,49.99999999999975,1.0400226345671586,0.49999999999999717,6.339955849950561,6.593697586105052,19.24359271291146,30.519413015158424,26.139953147987214,4.379514939681158,26.13995314798723,,0.0,7.14798903465271,ok
B_alpha10,0.8,0.5,10.0,0.1,100.0,0.6,20,200,5,1.0,predictive,P1 only (protect),coarse,31.622776601683793,20,1.0,True,True,4.640718056974753e-15,4.8016409412351656e-15,52.011588199234005,9.999999999999963,3.801291144642669,5.590497859339102,0.6082109960182662,49.999999999999744,1.0402317639846854,0.4999999999999981,6.719241051891952,6.989567972047879,28.15116554747935,60.82109960182607,55.90497859339102,4.916631974158178,55.90497859339107,,0.0,6.979813814163208,ok
B_alpha10,0.8,0.5,10.0,0.1,100.0,0.6,20,200,5,1.0,predictive,P1 only (protect),coarse,133.3521432163324,20,1.0,True,True,5.0729085683799906e-15,5.248818215985502e-15,52.1041862744437,9.999999999999908,1.5245028822587998,7.659840815139518,0.8156563026017749,49.99999999999966,1.042083725488881,0.4999999999999954,6.98365650587912,7.277554789181175,32.55626068673536,81.56563026017018,76.59840815139518,4.968896565823112,76.59840815139542,,0.0,7.106909275054932,ok
B_alpha10,0.8,0.5,10.0,0.1,100.0,0.6,20,200,5,1.0,predictive,P1 only (protect),coarse,562.341325190349,20,1.0,True,True,5.3696552755997976e-15,5.555854997985343e-15,52.22317423671715,9.999999999999948,0.7150199091705501,8.395669791401383,0.889310299428118,49.99999999999977,1.0444634847343477,0.49999999999999745,7.077703839441038,7.392403216060258,34.741807390111774,88.93102994281145,83.95669791401383,4.9763148229737535,83.95669791401393,,0.0,7.216044902801514,ok
B_alpha10,0.8,0.5,10.0,0.1,100.0,0.6,20,200,5,1.0,predictive,P1 only (protect),coarse,2371.373705661655,20,1.0,True,True,5.47324803889304e-15,5.663039973948331e-15,52.272322949748926,9.999999999999943,0.5000321165536039,8.59109835251894,0.9088695309275121,49.9999999999996,1.0454464589949868,0.49999999999999717,7.102682403689143,7.425474168302816,35.694447948653234,90.88695309274344,85.91098352518941,4.977984465114802,85.91098352519009,,0.0,7.149211883544922,ok
B_alpha10,0.8,0.5,10.0,0.1,100.0,0.6,20,200,5,1.0,predictive,P1 only (protect),coarse,10000.0,20,1.0,True,True,5.500544367885661e-15,5.691282838352661e-15,52.28581090362333,9.999999999999922,0.447602278963248,8.638758255331295,0.9136394657055352,49.999999999999616,1.0457162180724746,0.4999999999999961,7.108774031746191,7.433760295609444,35.982495234963615,91.36394657054436,86.38758255331295,4.978383044954958,86.38758255331365,,0.0,7.127246618270874,ok
B_alpha10,0.8,0.5,10.0,0.1,100.0,0.6,20,200,5,1.0,predictive,P1+P2 (protect),coarse,0.1,5,3.0,True,True,6.372948218844094e-15,6.593938418019938e-15,52.284614773820834,9.999999999999908,2.8256492129233504,0.05676273394592382,7.117588053130818,49.999999999999574,1.0456922954764256,0.4999999999999954,4.418574207353906,4.6204690056208335,9.19334555904771e-07,9.217703379867564e-07,0.5676273394592382,0.6005225151437494,0.5676273394592392,,0.0,0.9676434993743896,ok
B_alpha10,0.8,0.5,10.0,0.1,100.0,0.6,20,200,5,1.0,predictive,P1+P2 (protect),coarse,0.4216965034285822,5,3.0,True,True,6.985517926633974e-15,7.227749770488716e-15,52.65573481232446,9.999999999999918,1.5439587783453634,0.13100481175443757,8.325036409900282,49.99999999999961,1.0531146962464975,0.4999999999999959,4.157353762012776,4.378170344271318,0.0005430508667835335,0.0005485380034157616,1.3100481175443757,1.2311669998177448,1.3100481175443768,,0.0,1.0136864185333252,ok
B_alpha10,0.8,0.5,10.0,0.1,100.0,0.6,20,200,5,1.0,predictive,P1+P2 (protect),coarse,1.7782794100389228,5,3.0,True,True,7.856881038749568e-15,8.129328522344034e-15,53.236678408085226,9.9999999999999,0.6929629999820832,0.24787876838039902,9.059158231637618,49.999999999999496,1.0647335681617152,0.499999999999995,4.009321596575583,4.268859289429745,0.01254761623590243,0.012937471184278434,2.47878768380399,2.1417219513071974,2.4787876838039984,,0.0,0.9660723209381104,ok
B_alpha10,0.8,0.5,10.0,0.1,100.0,0.6,20,200,5,1.0,predictive,P1+P2 (protect),coarse,7.498942093324558,5,3.0,True,True,8.990961531880622e-15,9.302734719222021e-15,53.91532932018701,9.999999999999893,0.25809137653593106,0.3854724010985659,9.356436222365609,49.99999999999937,1.078306586403754,0.49999999999999467,3.962952230814986,4.273277492091249,0.047198303967638786,0.05045373266929419,3.854724010985659,3.1962835467958524,3.8547240109856418,,0.0,0.9982631206512451,ok
B_alpha10,0.8,0.5,10.0,0.1,100.0,0.6,20,200,5,1.0,predictive,P1+P2 (protect),coarse,31.622776601683793,5,3.0,True,True,9.972795639237142e-15,1.0318615190532021e-14,54.421476493132914,9.999999999999893,0.08088006820084304,0.4881422203615337,9.43097771143773,49.99999999999942,1.088429529862671,0.49999999999999467,3.9615772848367814,4.311897701649534,0.07636594232736184,0.08447536702608537,4.881422203615337,3.997337820192356,4.881422203615331,,0.0,1.093090534210205,ok
B_alpha10,0.8,0.5,10.0,0.1,100.0,0.6,20,200,5,1.0,predictive,P1+P2 (protect),coarse,133.3521432163324,5,3.0,True,True,1.0440090228337736e-14,1.0802113822179823e-14,54.636561450380654,9.999999999999897,0.023126134000567726,0.5316903776133732,9.445183488386162,49.9999999999994,1.092731229007626,0.49999999999999484,3.9649219264919573,4.332594009654841,0.08763427274935465,0.09869455092247717,5.316903776133732,4.343663423951614,5.316903776133721,,0.0,0.9990456104278564,ok
B_alpha10,0.8,0.5,10.0,0.1,100.0,0.6,20,200,5,1.0,predictive,P1+P2 (protect),coarse,562.341325190349,5,3.0,True,True,1.0603936334746368e-14,1.09716415036399e-14,54.708278132514565,9.999999999999902,0.006451062800272121,0.5461666529887503,9.447382284211075,49.99999999999927,1.0941655626503073,0.4999999999999951,3.9666030205456613,4.340120425785752,0.09046441908234758,0.10252478306707281,5.461666529887504,4.460110627670648,5.461666529887512,,0.0,0.9652440547943115,ok
B_alpha10,0.8,0.5,10.0,0.1,100.0,0.6,20,200,5,1.0,predictive,P1+P2 (protect),coarse,2371.373705661655,5,3.0,True,True,1.0653560283911457e-14,1.1022986227242043e-14,54.729652327317986,9.999999999999876,0.0019211731125741256,0.5504702083040478,9.447608618583502,49.999999999999346,1.094593046546374,0.4999999999999938,3.9671991825182285,4.342468639448912,0.09108039352500302,0.10339969361130535,5.504702083040478,4.494933018256843,5.504702083040483,,0.0,0.980797290802002,ok
B_alpha10,0.8,0.5,10.0,0.1,100.0,0.6,20,200,5,1.0,predictive,P1+P2 (protect),coarse,10000.0,5,3.0,True,True,1.0666476621414444e-14,1.1036350455406074e-14,54.73519114870461,9.999999999999885,0.0007849725183124914,0.5515843800068054,9.447630647474998,49.99999999999936,1.0947038229741062,0.4999999999999942,3.9673617755753763,4.343086102843702,0.09121881269711886,0.10360044139743926,5.515843800068055,4.503966026003882,5.515843800068048,,0.0,1.0212671756744385,ok
B_alpha10,0.8,0.5,10.0,0.1,100.0,0.6,20,200,5,1.0,predictive,P1+P2 (protect),coarse,0.1,5,10.0,True,True,6.7813081704782754e-15,7.0164587776600175e-15,52.52299430587172,9.999999999999918,1.8829233311033933,0.10443789070586756,8.012638778190821,49.999999999999524,1.0504598861174443,0.4999999999999959,4.223831466564514,4.436965521346637,0.00015321441532517875,0.0001544894192358846,1.0443789070586758,1.013699604661778,1.044378907058676,,0.0,0.9615120887756348,ok
B_alpha10,0.8,0.5,10.0,0.1,100.0,0.6,20,200,5,1.0,predictive,P1+P2 (protect),coarse,0.4216965034285822,5,10.0,True,True,7.56053744477954e-15,7.822708832050218e-15,53.045756041755354,9.999999999999895,0.8952140527333556,0.2094189741638502,8.895366973102899,49.99999999999968,1.060915120835114,0.4999999999999948,4.040486893634097,4.286613640992512,0.007624693868368887,0.007830972531330506,2.094189741638502,1.8447790186465152,2.0941897416384996,,0.0,1.0231027603149414,ok
B_alpha10,0.8,0.5,10.0,0.1,100.0,0.6,20,200,5,1.0,predictive,P1+P2 (protect),coarse,1.7782794100389228,5,10.0,True,True,8.622844972339497e-15,8.92185324321326e-15,53.71139784610132,9.999999999999929,0.3543371841405222,0.34434260041189685,9.301320215447651,49.99999999999963,1.0742279569220343,0.49999999999999645,3.9692001475987304,4.263825765169622,0.040243181220098435,0.04278896277576278,3.4434260041189684,2.8757304421952146,3.4434260041189733,,0.0,0.9673447608947754,ok
B_alpha10,0.8,0.5,10.0,0.1,100.0,0.6,20,200,5,1.0,predictive,P1+P2 (protect),coarse,7.498942093324558,5,10.0,True,True,9.668459732967585e-15,1.0003726044209503e-14,54.27749737255795,9.999999999999899,0.12116780854830118,0.4592393504759924,9.419592840975808,49.9999999999994,1.085549947451172,0.49999999999999495,3.959798814586719,4.298559395091826,0.07373873093005699,0.08124601722882266,4.592393504759924,3.7651256327364493,4.592393504759921,,0.0,1.0375831127166748,ok
B_alpha10,0.8,0.5,10.0,0.1,100.0,0.6,20,200,5,1.0,predictive,P1+P2 (protect),coarse,31.622776601683793,5,10.0,True,True,1.024352594060424e-14,1.0598733414260844e-14,54.55108161885111,9.99999999999987,0.04092138353614924,0.5146107939597268,9.444467822504253,49.99999999999942,1.0910216323770348,0.4999999999999935,3.962514739382082,4.3231892992787,0.0877224864436525,0.09861733783738354,5.146107939597267,4.203696982825167,5.1461079395972575,,0.0,0.9674293994903564,ok
B_alpha10,0.8,0.5,10.0,0.1,100.0,0.6,20,200,5,1.0,predictive,P1+P2 (protect),coarse,133.3521432163324,5,10.0,True,True,1.0490350811447542e-14,1.0854117255830035e-14,54.660069073958915,9.999999999999893,0.01490559699682216,0.5365585928885884,9.448535810114695,49.999999999999346,1.0932013814791925,0.49999999999999467,3.9648978235695305,4.334431778150055,0.0910227563596416,0.10310042961127737,5.365585928885884,4.380823062605699,5.365585928885884,,0.0,1.002279281616211,ok
B_alpha10,0.8,0.5,10.0,0.1,100.0,0.6,20,200,5,1.0,predictive,P1+P2 (protect),coarse,562.341325190349,5,10.0,True,True,1.0610683791700415e-14,1.0978622937366026e-14,54.7115723995914,9.999999999999893,0.004947326979208215,0.5468695145152431,9.448183158505655,49.99999999999938,1.0942314479918414,0.49999999999999467,3.9665280576659865,4.340299740040118,0.09134295658265544,0.10368318532837789,5.468695145152431,4.465167625414624,5.468695145152423,,0.0,1.0923655033111572,ok
B_alpha10,0.8,0.5,10.0,0.1,100.0,0.6,20,200,5,1.0,predictive,P1+P2 (protect),coarse,2371.373705661655,5,10.0,True,True,1.0654668416698475e-14,1.102413278596261e-14,54.73022059280782,9.99999999999987,0.0016104785513533452,0.5505946461998485,9.447794875248928,49.99999999999943,1.0946044118561689,0.4999999999999935,3.9671758797136127,4.342488220543898,0.09129444690598272,0.10368283796604698,5.5059464619984855,4.49578100574771,5.505946461998499,,0.0,1.0203914642333984,ok
B_alpha10,0.8,0.5,10.0,0.1,100.0,0.6,20,200,5,1.0,predictive,P1+P2 (protect),coarse,10000.0,5,10.0,True,True,1.066670800973418e-14,1.1036589867414221e-14,54.73531236015573,9.999999999999881,0.0007143465633068179,0.5516112011406098,9.447674452296203,49.999999999999396,1.094706247203128,0.49999999999999406,3.9673559274173247,4.343089318622105,0.09126992214170143,0.10366809703097966,5.516112011406098,4.504144763629206,5.516112011406108,,0.0,0.9810235500335693,ok
B_alpha10,0.8,0.5,10.0,0.1,100.0,0.6,20,200,5,1.0,predictive,P1+P2 (protect),coarse,0.1,5,30.0,True,True,7.31155632456492e-15,7.565093970372758e-15,52.8791604236223,9.999999999999888,1.1236273651487594,0.17587056554814795,8.700502069303203,49.999999999999574,1.057583208472455,0.4999999999999944,4.079400665283929,4.314305644235645,0.0036525823772317755,0.0037298842906288935,1.7587056554814795,1.584773540466979,1.7587056554814777,,0.0,0.9987988471984863,ok
B_alpha10,0.8,0.5,10.0,0.1,100.0,0.6,20,200,5,1.0,predictive,P1+P2 (protect),coarse,0.4216965034285822,5,30.0,True,True,8.298568469934074e-15,8.586332034860955e-15,53.519621492292565,9.999999999999897,0.4680486085283812,0.30546824663069294,9.22648314484103,49.99999999999947,1.0703924298458627,0.49999999999999484,3.9802361008688694,4.260414591369251,0.030418653387405643,0.03205848884180804,3.0546824663069296,2.5774421001100363,3.054682466306926,,0.0,0.9660522937774658,ok
B_alpha10,0.8,0.5,10.0,0.1,100.0,0.6,20,200,5,1.0,predictive,P1+P2 (protect),coarse,1.7782794100389228,5,30.0,True,True,9.389430784743695e-15,9.71502140734011e-15,54.137284440316556,9.999999999999917,0.16784318154124103,0.4309149293444978,9.401241889114345,49.99999999999935,1.0827456888063451,0.49999999999999584,3.9596788027724377,4.287325152759727,0.06771717569206323,0.07409387499312928,4.309149293444978,3.541878149070543,4.309149293444985,,0.0,0.960439920425415,ok
B_alpha10,0.8,0.5,10.0,0.1,100.0,0.6,20,200,5,1.0,predictive,P1+P2 (protect),coarse,7.498942093324558,5,30.0,True,True,1.0076388672505963e-14,1.0425800445834538e-14,54.47627081915351,9.999999999999888,0.05951316023293788,0.49958919669064383,9.44089764307653,49.99999999999939,1.0895254163830836,0.4999999999999944,3.961061000962334,4.315676636392281,0.08628971450327037,0.09669484017027177,4.995891966906438,4.082065971039416,4.995891966906431,,0.0,1.000016689300537,ok
B_alpha10,0.8,0.5,10.0,0.1,100.0,0.6,20,200,5,1.0,predictive,P1+P2 (protect),coarse,31.622776601683793,5,30.0,True,True,1.0350835139954899e-14,1.0709763698495681e-14,54.60043734350944,9.999999999999883,0.026139407245883272,0.5246607366931704,9.449199856061062,49.999999999999254,1.092008746870205,0.4999999999999941,3.9629586803836383,4.3275855424641385,0.09144355794856257,0.10347029864672103,5.246607366931704,4.2828790740745335,5.2466073669317055,,0.0,0.9853911399841309,ok
B_alpha10,0.8,0.5,10.0,0.1,100.0,0.6,20,200,5,1.0,predictive,P1+P2 (protect),coarse,133.3521432163324,5,30.0,True,True,1.0506874986998907e-14,1.0871214428479855e-14,54.66770134769654,9.999999999999876,0.012241693178621867,0.5381344021854031,9.4496239046361,49.99999999999941,1.0933540269539437,0.4999999999999938,3.9648893516143997,4.335027739014414,0.0920190370172536,0.1044228187000143,5.381344021854031,4.392936547208816,5.381344021854019,,0.0,1.0031862258911133,ok
B_alpha10,0.8,0.5,10.0,0.1,100.0,0.6,20,200,5,1.0,predictive,P1+P2 (protect),coarse,562.341325190349,5,30.0,True,True,1.0612706890668118e-14,1.0980716189899627e-14,54.7125554305762,9.999999999999895,0.00449816497765977,0.5470788213797999,9.448423013642644,49.99999999999932,1.094251108611539,0.4999999999999948,3.966505427303318,4.340352961140342,0.09159580438032791,0.10401850896067598,5.470788213797999,4.4666803376797315,5.470788213798002,,0.0,0.9659750461578369,ok
B_alpha10,0.8,0.5,10.0,0.1,100.0,0.6,20,200,5,1.0,predictive,P1+P2 (protect),coarse,2371.373705661655,5,30.0,True,True,1.0654989163445036e-14,1.1024464655016277e-14,54.73038481930848,9.999999999999881,0.0015206336168779259,0.5506305808871458,9.447848785496095,49.99999999999944,1.094607696386182,0.49999999999999406,3.967169122498268,4.34249385435222,0.09135571912611683,0.10376400169154176,5.506305808871458,4.496026296435114,5.506305808871449,,0.0,1.128563404083252,ok
B_alpha10,0.8,0.5,10.0,0.1,100.0,0.6,20,200,5,1.0,predictive,P1+P2 (protect),coarse,10000.0,5,30.0,True,True,1.0666774331398282e-14,1.103665848886756e-14,54.735347088009654,9.999999999999872,0.0006941079893282183,0.5516188839894102,9.447687008021388,49.99999999999934,1.0947069417602076,0.4999999999999936,3.967354250435387,4.343090238373483,0.09128453145170493,0.10368744247239742,5.5161888398941015,4.504195986018135,5.5161888398941,,0.0,0.9731273651123047,ok
B_alpha10,0.8,0.5,10.0,0.1,100.0,0.6,20,200,5,1.0,predictive,P1+P2 (protect),coarse,0.1,5,100.0,True,True,8.100397726399769e-15,8.381289465209107e-15,53.397561590984786,9.9999999999999,0.5547889786706429,0.2807085330867567,9.1645024882427,49.99999999999957,1.067951231819705,0.499999999999995,3.9904945303902744,4.261653549300089,0.024029230756512303,0.025172679059328892,2.807085330867567,2.3883957121275805,2.807085330867568,,0.0,1.0075316429138184,ok
B_alpha10,0.8,0.5,10.0,0.1,100.0,0.6,20,200,5,1.0,predictive,P1+P2 (protect),coarse,0.4216965034285822,5,100.0,True,True,9.202776915245174e-15,9.521895074187147e-15,54.03939002460989,9.999999999999886,0.2042273678151143,0.4110910502940241,9.384681581890975,49.99999999999945,1.0807878004922096,0.49999999999999434,3.9604332565401803,4.28038794833226,0.06264564528781803,0.06817664680276171,4.110910502940241,3.387207663852547,4.110910502940243,,0.0,0.9652409553527832,ok
B_alpha10,0.8,0.5,10.0,0.1,100.0,0.6,20,200,5,1.0,predictive,P1+P2 (protect),coarse,1.7782794100389228,5,100.0,True,True,9.971979823802143e-15,1.0317771085645718e-14,54.42816504788892,9.999999999999872,0.07284455111893985,0.4898961104314271,9.43725933844976,49.99999999999937,1.0885633009577922,0.4999999999999936,3.960423996197779,4.311172218493505,0.08467802747299129,0.09463362141839868,4.898961104314271,4.004350612966083,4.898961104314271,,0.0,1.0230350494384766,ok
B_alpha10,0.8,0.5,10.0,0.1,100.0,0.6,20,200,5,1.0,predictive,P1+P2 (protect),coarse,7.498942093324558,5,100.0,True,True,1.0270285233229815e-14,1.0626420619870056e-14,54.56578787270706,9.999999999999881,0.033492460292118865,0.5177350858342827,9.448772453873719,49.99999999999944,1.0913157574541534,0.49999999999999406,3.962013534704307,4.323807801669439,0.09143612383966676,0.10336813773701775,5.177350858342828,4.226062064027444,5.177350858342821,,0.0,0.9700932502746582,ok
B_alpha10,0.8,0.5,10.0,0.1,100.0,0.6,20,200,5,1.0,predictive,P1+P2 (protect),coarse,31.622776601683793,5,100.0,True,True,1.0392774452046486e-14,1.0753157310323126e-14,54.61942760256917,9.999999999999893,0.020492767588168002,0.5285238794253369,9.450983352986603,49.99999999999939,1.0923885520513967,0.49999999999999467,3.963137330640978,4.329285850199735,0.09278537783822481,0.10526787820848767,5.2852387942533685,4.313434016335787,5.285238794253364,,0.0,0.9674093723297119,ok
B_alpha10,0.8,0.5,10.0,0.1,100.0,0.6,20,200,5,1.0,predictive,P1+P2 (protect),coarse,133.3521432163324,5,100.0,True,True,1.0512922062226031e-14,1.087747119383939e-14,54.67048274816359,9.999999999999874,0.011271325206618499,0.5387081333486259,9.450020541444882,49.999999999999424,1.0934096549632843,0.49999999999999367,3.964886159687079,4.335244807832151,0.09237004719181899,0.10489240800963194,5.387081333486259,4.397356831529102,5.387081333486263,,0.0,1.0053341388702393,ok
B_alpha10,0.8,0.5,10.0,0.1,100.0,0.6,20,200,5,1.0,predictive,P1+P2 (protect),coarse,562.341325190349,5,100.0,True,True,1.0613425506359346e-14,1.0981459724516746e-14,54.71290409646511,9.99999999999989,0.004338805175442878,0.5471530130520972,9.448508181772569,49.999999999999424,1.0942580819293148,0.4999999999999945,3.966497372229204,4.340371806513196,0.09168448238288204,0.10413633025252447,5.471530130520971,4.467217271595773,5.471530130520969,,0.0,0.967529296875,ok
B_alpha10,0.8,0.5,10.0,0.1,100.0,0.6,20,200,5,1.0,predictive,P1+P2 (protect),coarse,2371.373705661655,5,100.0,True,True,1.0655101865322937e-14,1.1024581264977146e-14,54.73044249693615,9.999999999999869,0.001489073489631046,0.550643198539566,9.447867727970934,49.999999999999346,1.0946088499387372,0.49999999999999345,3.9671667468972354,4.342495830336384,0.09137717622767683,0.1037924368831144,5.50643198539566,4.496112468320567,5.50643198539566,,0.0,1.0305721759796143,ok
B_alpha10,0.8,0.5,10.0,0.1,100.0,0.6,20,200,5,1.0,predictive,P1+P2 (protect),coarse,10000.0,5,100.0,True,True,1.0666797566181613e-14,1.1036682529346967e-14,54.73535925287129,9.999999999999874,0.0006870181961676212,0.551621575057955,9.447691406746003,49.99999999999946,1.0947071850574377,0.49999999999999367,3.967353662851079,4.34309056038702,0.09128964540233624,0.10369421497966337,5.5162157505795495,4.504213930129625,5.516215750579558,,0.0,1.0669684410095215,ok
B_alpha10,0.8,0.5,10.0,0.1,100.0,0.6,20,200,5,1.0,predictive,P1+P2 (protect),coarse,0.1,10,3.0,True,True,6.361010378782676e-15,6.581586617957228e-15,52.26541692516679,9.999999999999929,2.862603970548672,0.05633034870129885,7.0810656807501005,49.99999999999981,1.0453083385033397,0.49999999999999645,4.426748189012821,4.62731679442966,0.04667571856747279,0.047079729134229684,0.5633034870129885,0.5825565323867731,0.5633034870129877,,0.0,1.2022595405578613,ok
B_alpha10,0.8,0.5,10.0,0.1,100.0,0.6,20,200,5,1.0,predictive,P1+P2 (protect),coarse,0.4216965034285822,10,3.0,True,True,6.892966190580033e-15,7.131988683616164e-15,52.49897569341955,9.999999999999938,1.7799931401389513,0.13768271632551352,8.082324143535597,49.9999999999995,1.0499795138684016,0.4999999999999969,4.213111040181708,4.423680281843586,0.5102736168538337,0.5270407697126475,1.3768271632551352,1.1210242603887839,1.376827163255135,,0.0,1.1526374816894531,ok
B_alpha10,0.8,0.5,10.0,0.1,100.0,0.6,20,200,5,1.0,predictive,P1+P2 (protect),coarse,1.7782794100389228,10,3.0,True,True,7.614368416689608e-15,7.878406462328449e-15,52.81288546562588,9.999999999999893,1.097319802804512,0.3307602993340216,8.571919897861573,49.99999999999952,1.0562577093125278,0.49999999999999467,4.13170143701863,4.364141495428577,2.099706427896041,2.3215727021900032,3.3076029933402165,1.987937602477049,3.3076029933402182,,0.0,1.186269998550415,ok
B_alpha10,0.8,0.5,10.0,0.1,100.0,0.6,20,200,5,1.0,predictive,P1+P2 (protect),coarse,7.498942093324558,10,3.0,True,True,8.62715744231518e-15,8.926315253629284e-15,53.28678199813987,9.99999999999987,0.562214376243062,0.6678197570439792,8.769965866713088,49.9999999999995,1.065735639962808,0.4999999999999935,4.137715688961266,4.409711077759286,4.523161008804574,5.621641340179072,6.678197570439792,3.1004266967206386,6.678197570439811,,0.0,1.1315393447875977,ok
B_alpha10,0.8,0.5,10.0,0.1,100.0,0.6,20,200,5,1.0,predictive,P1+P2 (protect),coarse,31.622776601683793,10,3.0,True,True,9.594000889857632e-15,9.92668524466379e-15,53.785791811247975,9.999999999999895,0.21876240522652354,0.9531367514317101,8.82810084334187,49.99999999999928,1.075715836224975,0.4999999999999948,4.167510529273496,4.483057073973828,6.074009035541398,8.267317521890462,9.5313675143171,3.8965869954764476,9.531367514317076,,0.0,1.1809701919555664,ok
B_alpha10,0.8,0.5,10.0,0.1,100.0,0.6,20,200,5,1.0,predictive,P1+P2 (protect),coarse,133.3521432163324,10,3.0,True,True,1.0083864946896933e-14,1.0433535969661185e-14,54.04897377335884,9.999999999999893,0.08811873170390581,1.0722055725886728,8.839675695707529,49.999999999999325,1.0809794754671913,0.49999999999999467,4.18280637962947,4.521527846232686,6.6125637280536695,9.312645643862218,10.722055725886728,4.226014695113705,10.722055725886753,,0.0,1.2779595851898193,ok
B_alpha10,0.8,0.5,10.0,0.1,100.0,0.6,20,200,5,1.0,predictive,P1+P2 (protect),coarse,562.341325190349,10,3.0,True,True,1.0253976706687105e-14,1.0609546574115294e-14,54.13564473466421,9.999999999999908,0.05145842479025451,1.1066874558354005,8.841854119374437,49.99999999999952,1.0827128946932947,0.4999999999999954,4.187500752776543,4.533861061569041,6.758118369927986,9.599971990667292,11.066874558354005,4.329776302217866,11.06687455835402,,0.0,1.1475191116333008,ok
B_alpha10,0.8,0.5,10.0,0.1,100.0,0.6,20,200,5,1.0,predictive,P1+P2 (protect),coarse,2371.373705661655,10,3.0,True,True,1.0303951401141973e-14,1.0661254205552615e-14,54.15933041083937,9.999999999999856,0.042184381150559655,1.1155055393009492,8.842310079548636,49.99999999999953,1.0831866082167976,0.4999999999999928,4.188724062841309,4.537169810385161,6.793756379906054,9.66994986790806,11.155055393009492,4.358862529724684,11.155055393009457,,0.0,1.1799228191375732,ok
B_alpha10,0.8,0.5,10.0,0.1,100.0,0.6,20,200,5,1.0,predictive,P1+P2 (protect),coarse,10000.0,10,3.0,True,True,1.0316792453202121e-14,1.0674540537654002e-14,54.16523195162723,9.99999999999986,0.03993601058292256,1.1176498094135632,8.842414180003654,49.99999999999943,1.083304639032557,0.499999999999993,4.189023060098639,4.537988114019213,6.80225016606691,9.686593118414526,11.176498094135631,4.366218621667849,11.176498094135656,,0.0,1.2616300582885742,ok
B_alpha10,0.8,0.5,10.0,0.1,100.0,0.6,20,200,5,1.0,predictive,P1+P2 (protect),coarse,0.1,10,10.0,True,True,6.723275090963138e-15,6.9564133262630065e-15,52.42598643464291,9.999999999999943,2.0413874556510887,0.11052440171400532,7.848088142634962,49.99999999999969,1.0485197286928647,0.49999999999999717,4.261867477901828,4.468652131654568,0.3431093853173987,0.352329740495554,1.1052440171400533,0.9494361328976019,1.1052440171400573,,0.0,1.20170259475708,ok
B_alpha10,0.8,0.5,10.0,0.1,100.0,0.6,20,200,5,1.0,predictive,P1+P2 (protect),coarse,0.4216965034285822,10,10.0,True,True,7.371365168314766e-15,7.62697676290984e-15,52.71410033908288,9.999999999999906,1.2539650144488268,0.2779496722139264,8.46808531333734,49.99999999999955,1.0542820067816672,0.4999999999999953,4.1471829774384386,4.372300391944567,1.7113800607171756,1.8646156986286546,2.779496722139264,1.740110645592435,2.779496722139258,,0.0,1.2000138759613037,ok
B_alpha10,0.8,0.5,10.0,0.1,100.0,0.6,20,200,5,1.0,predictive,P1+P2 (protect),coarse,1.7782794100389228,10,10.0,True,True,8.30761026287369e-15,8.595687363617515e-15,53.15581016296546,9.999999999999904,0.6680613459014585,0.600065862003942,8.731872792094695,49.999999999999396,1.063116203259322,0.4999999999999952,4.136119385695424,4.397175537547798,4.138658894858324,5.046601278988585,6.000658620039419,2.8412728006812036,6.000658620039434,,0.0,1.3032970428466797,ok
B_alpha10,0.8,0.5,10.0,0.1,100.0,0.6,20,200,5,1.0,predictive,P1+P2 (protect),coarse,7.498942093324558,10,10.0,True,True,9.320205985388339e-15,9.643396148768884e-15,53.67864530108823,9.999999999999886,0.27015236736392634,0.9122024815741063,8.81764515106208,49.99999999999945,1.0735729060217765,0.49999999999999434,4.163713021271083,4.470049488086707,5.916368873534434,7.971053479612271,9.122024815741064,3.7283550002649974,9.12202481574106,,0.0,1.150045394897461,ok
B_alpha10,0.8,0.5,10.0,0.1,100.0,0.6,20,200,5,1.0,predictive,P1+P2 (protect),coarse,31.622776601683793,10,10.0,True,True,9.911722123326561e-15,1.0255423871672545e-14,53.99246359632789,9.999999999999886,0.10692604503282509,1.0562315665192885,8.836842388448,49.999999999999474,1.079849271926569,0.49999999999999434,4.181043177026744,4.514896430605879,6.575116671648631,9.232658004135502,10.562315665192886,4.135720709936499,10.562315665192868,,0.0,1.1771581172943115,ok
B_alpha10,0.8,0.5,10.0,0.1,100.0,0.6,20,200,5,1.0,predictive,P1+P2 (protect),coarse,133.3521432163324,10,10.0,True,True,1.0157818125815911e-14,1.051005357043802e-14,54.10869459572449,9.999999999999895,0.05832028073322132,1.1006918905025669,8.840987828764316,49.999999999999375,1.0821738919145032,0.4999999999999948,4.1867944924811615,4.530839690574545,6.753827206902835,9.587188316417757,11.00691890502567,4.282615057076928,11.00691890502569,,0.0,1.1387042999267578,ok
B_alpha10,0.8,0.5,10.0,0.1,100.0,0.6,20,200,5,1.0,predictive,P1+P2 (protect),coarse,562.341325190349,10,10.0,True,True,1.0268083514067275e-14,1.0624142553235346e-14,54.149835887276716,9.999999999999876,0.044361263867442206,1.113593734590176,8.842045001542507,49.99999999999951,1.0829967177455448,0.4999999999999938,4.1884963411244955,4.536127789727052,6.793987693007832,9.668701736042562,11.13593734590176,4.341614287531154,11.135937345901718,,0.0,1.453040599822998,ok
B_alpha10,0.8,0.5,10.0,0.1,100.0,0.6,20,200,5,1.0,predictive,P1+P2 (protect),coarse,2371.373705661655,10,10.0,True,True,1.0306945246572633e-14,1.0664351866434853e-14,54.162663756481265,9.999999999999877,0.04050995845533909,1.117146678936861,8.842343362607924,49.99999999999945,1.083253275129637,0.4999999999999939,4.188963368854658,4.5377082887098865,6.802435784638111,9.686484737604358,11.171466789368608,4.361506776337357,11.171466789368601,,0.0,1.2866568565368652,ok
B_alpha10,0.8,0.5,10.0,0.1,100.0,0.6,20,200,5,1.0,predictive,P1+P2 (protect),coarse,10000.0,10,10.0,True,True,1.0317479721379282e-14,1.0675251637741603e-14,54.16601998190195,9.999999999999883,0.0395396644689965,1.1180390782714948,8.842421257259625,49.999999999999496,1.0833203996380498,0.4999999999999941,4.189080006476704,4.538115826732107,6.804318870068774,9.690528015054081,11.180390782714948,4.36683514232651,11.180390782714971,,0.0,1.1413981914520264,ok
B_alpha10,0.8,0.5,10.0,0.1,100.0,0.6,20,200,5,1.0,predictive,P1+P2 (protect),coarse,0.1,10,30.0,True,True,7.164911475618954e-15,7.413364022150918e-15,52.62390986287674,9.999999999999915,1.4377773764459802,0.2211237849882703,8.341098838565834,49.99999999999948,1.0524781972575457,0.4999999999999957,4.167283443477554,4.385974966052473,1.2453516063364183,1.331200872927277,2.211237849882703,1.4913491915549713,2.2112378498827003,,0.0,1.1837146282196045,ok
B_alpha10,0.8,0.5,10.0,0.1,100.0,0.6,20,200,5,1.0,predictive,P1+P2 (protect),coarse,0.4216965034285822,10,30.0,True,True,8.017559121271867e-15,8.295578324596895e-15,53.02090879220406,9.999999999999895,0.8070026954086778,0.5111017658781385,8.68189553871329,49.999999999999545,1.060418175844091,0.4999999999999948,4.134014165986676,4.383783760809221,3.5456736742417254,4.200622982379904,5.111017658781385,2.5487056132471517,5.111017658781383,,0.0,1.1404335498809814,ok
B_alpha10,0.8,0.5,10.0,0.1,100.0,0.6,20,200,5,1.0,predictive,P1+P2 (protect),coarse,1.7782794100389228,10,30.0,True,True,9.052895110683514e-15,9.366815924730812e-15,53.55046149468293,9.99999999999988,0.34646981620419043,0.8500982827592255,8.803431901036705,49.99999999999941,1.071009229893671,0.49999999999999395,4.1575793852496385,4.452805895618018,5.618632812254855,7.434429873478178,8.500982827592255,3.5351268411465546,8.500982827592233,,0.0,1.1987991333007812,ok
B_alpha10,0.8,0.5,10.0,0.1,100.0,0.6,20,200,5,1.0,predictive,P1+P2 (protect),coarse,7.498942093324558,10,30.0,True,True,9.754492763728332e-15,1.0092742381252012e-14,53.92698993015024,9.999999999999869,0.13433059799224362,1.0325696087322411,8.833099793275645,49.99999999999936,1.0785397986030187,0.49999999999999345,4.178328892430973,4.506494002139676,6.488410820449526,9.059483202656496,10.325696087322411,4.04420829616479,10.32569608732246,,0.0,1.1531999111175537,ok
B_alpha10,0.8,0.5,10.0,0.1,100.0,0.6,20,200,5,1.0,predictive,P1+P2 (protect),coarse,31.622776601683793,10,30.0,True,True,1.0037339429112989e-14,1.0385397119547021e-14,54.07213942689265,9.999999999999906,0.06888711742405153,1.0915469461286416,8.839565936447402,49.999999999999496,1.081442788537864,0.4999999999999953,4.185739927850867,4.526638259669319,6.739036441935781,9.553286130116764,10.915469461286415,4.221918044011589,10.91546946128644,,0.0,1.182363510131836,ok
B_alpha10,0.8,0.5,10.0,0.1,100.0,0.6,20,200,5,1.0,predictive,P1+P2 (protect),coarse,133.3521432163324,10,30.0,True,True,1.0181518585139208e-14,1.0534575873755251e-14,54.12734616973901,9.999999999999877,0.04934419560898919,1.109247669980686,8.841408134410447,49.99999999999947,1.0825469233947917,0.4999999999999939,4.1879863973583324,4.533691789679501,6.796180540444399,9.668774187329209,11.09247669980686,4.300112932436035,11.092476699806877,,0.0,1.1268956661224365,ok
B_alpha10,0.8,0.5,10.0,0.1,100.0,0.6,20,200,5,1.0,predictive,P1+P2 (protect),coarse,562.341325190349,10,30.0,True,True,1.0272239845679373e-14,1.062844301100664e-14,54.15398099724517,9.99999999999986,0.042305653934486306,1.1155909634387702,8.842103382626885,49.9999999999994,1.0830796199449164,0.499999999999993,4.188783538293428,4.536786082686369,6.804378019393311,9.688531773895958,11.155909634387701,4.345064053651963,11.1559096343877,,0.0,1.1728260517120361,ok
B_alpha10,0.8,0.5,10.0,0.1,100.0,0.6,20,200,5,1.0,predictive,P1+P2 (protect),coarse,2371.373705661655,10,30.0,True,True,1.0307806740252058e-14,1.0665243233518716e-14,54.163621086402856,9.999999999999876,0.04002998495722947,1.1176169097577253,8.84235310528517,49.99999999999939,1.0832724217280703,0.4999999999999938,4.189031889977194,4.53786272015171,6.804924202551488,9.691220182851524,11.176169097577253,4.362265650594485,11.176169097577272,,0.0,1.3070025444030762,ok
B_alpha10,0.8,0.5,10.0,0.1,100.0,0.6,20,200,5,1.0,predictive,P1+P2 (protect),coarse,10000.0,10,30.0,True,True,1.0317676409717841e-14,1.067545514650198e-14,54.16624540853241,9.999999999999881,0.03942633481011532,1.1181503725719233,8.842423292618081,49.99999999999937,1.083324908170662,0.49999999999999406,4.189096285096691,4.538152348370434,6.804910420451861,9.691652906286166,11.181503725719233,4.367011473145625,11.181503725719244,,0.0,1.1548161506652832,ok
B_alpha10,0.8,0.5,10.0,0.1,100.0,0.6,20,200,5,1.0,predictive,P1+P2 (protect),coarse,0.1,10,100.0,True,True,7.841896303487985e-15,8.113824172050591e-15,52.938225232891504,9.999999999999911,0.9060630433503702,0.4524970990878752,8.641439857561844,49.999999999999666,1.0587645046578371,0.49999999999999556,4.134326809138349,4.37727847617098,3.123959435746527,3.628701129804123,4.524970990878752,2.352893641217711,4.524970990878752,,0.0,1.1709926128387451,ok
B_alpha10,0.8,0.5,10.0,0.1,100.0,0.6,20,200,5,1.0,predictive,P1+P2 (protect),coarse,0.4216965034285822,10,100.0,True,True,8.872811866008373e-15,9.180488061291181e-15,53.46004093138191,9.999999999999917,0.40714091528053886,0.8016999783388145,8.79115910638073,49.999999999999424,1.0692008186276505,0.49999999999999584,4.153069262652102,4.44046505544496,5.3673999687669784,6.998520100003349,8.016999783388144,3.3927578851596554,8.016999783388137,,0.0,1.132828712463379,ok
B_alpha10,0.8,0.5,10.0,0.1,100.0,0.6,20,200,5,1.0,predictive,P1+P2 (protect),coarse,1.7782794100389228,10,100.0,True,True,9.651982514113179e-15,9.986677456523798e-15,53.878642267640004,9.999999999999893,0.1568650049709838,1.0130632972505713,8.830071697778552,49.99999999999932,1.0775728453528148,0.49999999999999467,4.176078401241624,4.500028685242371,6.407981105760325,8.901633954977408,10.130632972505714,3.980003823677277,10.130632972505694,,0.0,1.1850240230560303,ok
B_alpha10,0.8,0.5,10.0,0.1,100.0,0.6,20,200,5,1.0,predictive,P1+P2 (protect),coarse,7.498942093324558,10,100.0,True,True,9.96571422978692e-15,1.031128822406003e-14,54.04797424366332,9.999999999999911,0.07700682338935619,1.0846405741632728,8.83835260244746,49.99999999999948,1.0809594848732775,0.49999999999999556,4.184974978348632,4.523788396803293,6.721686238250972,9.516873335492464,10.846405741632728,4.1844808977257975,10.846405741632712,,0.0,1.1253852844238281,ok
B_alpha10,0.8,0.5,10.0,0.1,100.0,0.6,20,200,5,1.0,predictive,P1+P2 (protect),coarse,31.622776601683793,10,100.0,True,True,1.0086400740078286e-14,1.043615969474484e-14,54.10293693496176,9.999999999999886,0.054785617145913484,1.1046649780742803,8.84054940477992,49.999999999999545,1.082058738699245,0.49999999999999434,4.187490916257038,4.531111139159636,6.799746102047499,9.67107013131769,11.046649780742804,4.254590202641733,11.046649780742799,,0.0,1.1591787338256836,ok
B_alpha10,0.8,0.5,10.0,0.1,100.0,0.6,20,200,5,1.0,predictive,P1+P2 (protect),coarse,133.3521432163324,10,100.0,True,True,1.0190121097840364e-14,1.0543476689679127e-14,54.13405725034802,9.999999999999893,0.04615000681140471,1.1122888370648532,8.841561156123849,49.999999999999446,1.0826811450069724,0.49999999999999467,4.1884092446961745,4.534711716805443,6.8112525890182285,9.697672015014147,11.122888370648532,4.306393578447275,11.122888370648557,,0.0,1.1423273086547852,ok
B_alpha10,0.8,0.5,10.0,0.1,100.0,0.6,20,200,5,1.0,predictive,P1+P2 (protect),coarse,562.341325190349,10,100.0,True,True,1.027370830718467e-14,1.062996239330855e-14,54.15544152528023,9.999999999999886,0.04158319159285332,1.1162925560087282,8.842124252398532,49.999999999999396,1.0831088305056178,0.49999999999999434,4.188884344233168,4.537017623205679,6.808030268351335,9.695492726352386,11.162925560087283,4.346278812365698,11.162925560087263,,0.0,1.301748514175415,ok
B_alpha10,0.8,0.5,10.0,0.1,100.0,0.6,20,200,5,1.0,predictive,P1+P2 (protect),coarse,2371.373705661655,10,100.0,True,True,1.0308108910815056e-14,1.0665555882235703e-14,54.16395667418106,9.999999999999874,0.03986182862239857,1.1177816311304523,8.842356540247275,49.99999999999935,1.0832791334836351,0.49999999999999367,4.189055887867649,4.537916832323787,6.805796061312542,9.692878766901604,11.177816311304522,4.362531614056584,11.177816311304555,,0.0,1.1433496475219727,ok
B_alpha10,0.8,0.5,10.0,0.1,100.0,0.6,20,200,5,1.0,predictive,P1+P2 (protect),coarse,10000.0,10,100.0,True,True,1.0317745284945941e-14,1.0675526410067445e-14,54.16632433678066,9.999999999999892,0.039386660184202255,1.1181893334199318,8.842424006395973,49.99999999999941,1.083326486735626,0.49999999999999456,4.189101983476819,4.538165134337185,6.805117514903213,9.692046684932537,11.181893334199318,4.367073208087613,11.181893334199314,,0.0,1.1857385635375977,ok
B_alpha10,0.8,0.5,10.0,0.1,100.0,0.6,20,200,5,1.0,predictive,P1+P2 (protect),coarse,0.1,20,3.0,True,True,4.1928499090304074e-15,4.338242387771317e-15,52.00055173293194,9.999999999999956,9.831505753439606,0.14779992555788027,0.020694321002558524,49.99999999999975,1.040011034658644,0.4999999999999978,6.0332395359181685,6.274635692093692,1.9958533755201846,2.0694321002550042,1.4779992555788026,0.5914348870261106,1.4779992555788022,,0.0,6.965478181838989,ok
B_alpha10,0.8,0.5,10.0,0.1,100.0,0.6,20,200,5,1.0,predictive,P1+P2 (protect),coarse,0.4216965034285822,20,3.0,True,True,4.219182636448718e-15,4.365488236462277e-15,52.00060306611817,9.99999999999995,9.3313121882308,0.5901209473309197,0.07856686443832928,49.9999999999998,1.0400120613223676,0.4999999999999975,6.08670572769607,6.330247370523851,6.866744072015769,7.856686443832017,5.901209473309197,1.955485508304534,5.9012094733092,,0.0,7.0786216259002686,ok
B_alpha10,0.8,0.5,10.0,0.1,100.0,0.6,20,200,5,1.0,predictive,P1+P2 (protect),coarse,1.7782794100389228,20,3.0,True,True,4.311973903256958e-15,4.461497160083265e-15,52.00089751677879,9.999999999999966,7.718114771353005,2.0377198879184615,0.24416534072856688,49.99999999999984,1.0400179503355793,0.49999999999999833,6.2670559984995515,6.517850734197801,16.647683597423953,24.416534072857385,20.377198879184615,4.0393722766061355,20.377198879184604,,0.0,7.139987468719482,ok
B_alpha10,0.8,0.5,10.0,0.1,100.0,0.6,20,200,5,1.0,predictive,P1+P2 (protect),coarse,7.498942093324558,20,3.0,True,True,4.554523482531172e-15,4.712457458771506e-15,52.00573076717558,9.999999999999941,4.574283445392087,4.888176372456397,0.5375401821515746,49.999999999999694,1.040114615343518,0.49999999999999706,6.629560006395244,6.89550225594856,26.48157372802309,53.754018215153444,48.88176372456397,4.8725510374698375,48.88176372456405,,0.0,7.260964393615723,ok
B_alpha10,0.8,0.5,10.0,0.1,100.0,0.6,20,200,5,1.0,predictive,P1+P2 (protect),coarse,31.622776601683793,20,3.0,True,True,4.971273941749018e-15,5.143659277602431e-15,52.07270989310175,9.999999999999973,1.9000888563186122,7.318438097200273,0.7814730464811412,49.999999999999524,1.0414541978620449,0.49999999999999867,6.940023600704551,7.227716712215418,31.79902233785965,78.1473046481193,73.18438097200273,4.964391170778374,73.18438097200244,,0.0,7.056307077407837,ok
B_alpha10,0.8,0.5,10.0,0.1,100.0,0.6,20,200,5,1.0,predictive,P1+P2 (protect),coarse,133.3521432163324,20,3.0,True,True,5.3211769984923085e-15,5.505695674097407e-15,52.20137594986672,9.999999999999938,0.8254656558822887,8.295272417939458,0.8792619261783156,49.999999999999744,1.0440275189973398,0.4999999999999969,7.064871670076027,7.375920441744067,34.35033854524337,87.92619261782552,82.95272417939458,4.975425490768001,82.95272417939485,,0.0,7.117934703826904,ok
B_alpha10,0.8,0.5,10.0,0.1,100.0,0.6,20,200,5,1.0,predictive,P1+P2 (protect),coarse,562.341325190349,20,3.0,True,True,5.4591893671131134e-15,5.648493799593075e-15,52.2654601373124,9.999999999999938,0.5276816383565077,8.565964318997016,0.906354042646538,49.99999999999977,1.0453092027462527,0.4999999999999969,7.099469910090042,7.421141231637232,35.55314362175891,90.63540426465572,85.65964318997017,4.977773207125296,85.6596431899705,,0.0,7.116467475891113,ok
B_alpha10,0.8,0.5,10.0,0.1,100.0,0.6,20,200,5,1.0,predictive,P1+P2 (protect),coarse,2371.373705661655,20,3.0,True,True,5.497038920966333e-15,5.687655835540452e-15,52.28406690196641,9.999999999999906,0.454244977520368,8.63271989233899,0.913035130140736,49.99999999999944,1.04568133803934,0.4999999999999953,7.108002241110443,7.432705294270995,35.94441847951204,91.30351301406617,86.3271989233899,4.978332675697426,86.32719892339061,,0.0,6.942691326141357,ok
B_alpha10,0.8,0.5,10.0,0.1,100.0,0.6,20,200,5,1.0,predictive,P1+P2 (protect),coarse,10000.0,20,3.0,True,True,5.5063460248556084e-15,5.697285675260402e-15,52.28870486169472,9.999999999999954,0.4366656727729048,8.648699877527019,0.9146344497001226,49.99999999999986,1.0457740972338974,0.49999999999999767,7.110044715742085,7.435500593897822,36.04626115944328,91.46344497001168,86.4869987752702,4.978465900477216,86.48699877527004,,0.0,7.1671671867370605,ok
B_alpha10,0.8,0.5,10.0,0.1,100.0,0.6,20,200,5,1.0,predictive,P1+P2 (protect),coarse,0.1,20,10.0,True,True,4.212154526721606e-15,4.358216417969333e-15,52.00058844109551,9.99999999999996,9.462849005821067,0.4733558005267436,0.06379519365223096,49.9999999999998,1.0400117688219144,0.49999999999999795,6.072477495407192,6.315448061129702,5.714963117151071,6.379519365223062,4.733558005267436,1.6459681205302894,4.733558005267436,,0.0,7.086141109466553,ok
B_alpha10,0.8,0.5,10.0,0.1,100.0,0.6,20,200,5,1.0,predictive,P1+P2 (protect),coarse,0.4216965034285822,20,10.0,True,True,4.288891446143107e-15,4.437614289007952e-15,52.00080085157968,9.99999999999997,8.098341855982792,1.6947199972843128,0.20693814673292543,49.999999999999794,1.040016017031598,0.4999999999999985,6.22386956718639,6.472924037789364,14.849101978974916,20.69381467329428,16.947199972843126,3.7466434828826887,16.9471999728431,,0.0,6.974187135696411,ok
B_alpha10,0.8,0.5,10.0,0.1,100.0,0.6,20,200,5,1.0,predictive,P1+P2 (protect),coarse,1.7782794100389228,20,10.0,True,True,4.501594031500254e-15,4.657692610773443e-15,52.00361098222184,9.99999999999994,5.131007235899675,4.382512705461596,0.4864800586387892,49.999999999999766,1.0400722196444419,0.499999999999997,6.565030787331564,6.828106143014037,25.15468634251415,48.648005863879995,43.82512705461596,4.82307750719161,43.82512705461587,,0.0,7.225888729095459,ok
B_alpha10,0.8,0.5,10.0,0.1,100.0,0.6,20,200,5,1.0,predictive,P1+P2 (protect),coarse,7.498942093324558,20,10.0,True,True,4.898049969839403e-15,5.067896170034136e-15,52.0535513285715,9.999999999999927,2.2168560774663164,7.03050806866051,0.752635853873246,49.99999999999957,1.0410710265714391,0.49999999999999634,6.903226552458421,7.186749153623105,31.195935092690956,75.2635853873198,70.30508068660511,4.959787650437318,70.30508068660518,,0.0,7.622009515762329,ok
B_alpha10,0.8,0.5,10.0,0.1,100.0,0.6,20,200,5,1.0,predictive,P1+P2 (protect),coarse,31.622776601683793,20,10.0,True,True,5.2801100620033956e-15,5.463204688622416e-15,52.18356412460234,9.999999999999945,0.9246463519519106,8.205115374231152,0.8702382738169925,49.99999999999959,1.0436712824920555,0.4999999999999972,7.053348399647534,7.36137717012343,34.036566309832146,87.02382738170023,82.05115374231153,4.974602507490734,82.05115374231166,,0.0,6.977317571640015,ok
B_alpha10,0.8,0.5,10.0,0.1,100.0,0.6,20,200,5,1.0,predictive,P1+P2 (protect),coarse,133.3521432163324,20,10.0,True,True,5.446543959750173e-15,5.635409896421148e-15,52.259337178857926,9.99999999999991,0.5529403257708576,8.543003610922835,0.9040560633063983,49.999999999999744,1.0451867435771638,0.49999999999999545,7.0965351998447295,7.41720451620643,35.4297434146814,90.40560633063426,85.43003610922835,4.977579473654362,85.43003610922825,,0.0,7.223328351974487,ok
B_alpha10,0.8,0.5,10.0,0.1,100.0,0.6,20,200,5,1.0,predictive,P1+P2 (protect),coarse,562.341325190349,20,10.0,True,True,5.493835270004157e-15,5.684341093849433e-15,52.28247607483867,9.999999999999941,0.4603387858292214,8.6271804830705,0.9124807311003371,49.99999999999964,1.045649521496781,0.49999999999999706,7.107294224042466,7.431738804506839,35.909910426344574,91.2480731100307,86.27180483070501,4.978286437680295,86.27180483070477,,0.0,7.463825941085815,ok
B_alpha10,0.8,0.5,10.0,0.1,100.0,0.6,20,200,5,1.0,predictive,P1+P2 (protect),coarse,2371.373705661655,20,10.0,True,True,5.5055741196173876e-15,5.696487003212525e-15,52.28831928127392,9.999999999999895,0.4381166785115492,8.647380880504725,0.9145024409838305,49.99999999999971,1.0457663856254844,0.4999999999999948,7.10987612872419,7.435269461380808,36.037722553353525,91.45024409836954,86.47380880504726,4.978454912741791,86.47380880504844,,0.0,7.134081840515137,ok
B_alpha10,0.8,0.5,10.0,0.1,100.0,0.6,20,200,5,1.0,predictive,P1+P2 (protect),coarse,10000.0,20,10.0,True,True,5.508388652936139e-15,5.6993991341039925e-15,52.28972599053551,9.999999999999954,0.43283203886177146,8.65218473744388,0.9149832236943944,49.9999999999995,1.0457945198107206,0.49999999999999767,7.110490131566882,7.436111612760855,36.06893822314047,91.49832236943942,86.5218473744388,4.978494923434773,86.5218473744387,,0.0,7.013662815093994,ok
B_alpha10,0.8,0.5,10.0,0.1,100.0,0.6,20,200,5,1.0,predictive,P1+P2 (protect),coarse,0.1,20,30.0,True,True,4.2618661794851064e-15,4.409651886384544e-15,52.000710540235126,9.999999999999963,8.561196344249273,1.2783788392668296,0.1604248164839337,49.999999999999815,1.0400142108047064,0.4999999999999981,6.171748036894033,6.418705663875843,12.31773004953985,16.042481648393764,12.783788392668296,3.2587135015268753,12.78378839266832,,0.0,7.4719154834747314,ok
B_alpha10,0.8,0.5,10.0,0.1,100.0,0.6,20,200,5,1.0,predictive,P1+P2 (protect),coarse,0.4216965034285822,20,30.0,True,True,4.434572451088535e-15,4.588346970638957e-15,52.00204063100941,9.999999999999957,5.9363257077002975,3.651450070501857,0.41222422179788776,49.99999999999966,1.0400408126201952,0.4999999999999979,6.471836041255967,6.730973615492523,22.99451603767704,41.22242217978777,36.51450070501857,4.708035118574103,36.51450070501859,,0.0,7.093952417373657,ok
B_alpha10,0.8,0.5,10.0,0.1,100.0,0.6,20,200,5,1.0,predictive,P1+P2 (protect),coarse,1.7782794100389228,20,30.0,True,True,4.792130369977468e-15,4.95830367145056e-15,52.03146128884541,9.99999999999998,2.764418501170178,6.532815219403721,0.7027662794261205,49.9999999999999,1.0406292257769103,0.499999999999999,6.839627507033382,7.117516277246607,30.172526089210972,70.27662794261364,65.32815219403722,4.949448923419747,65.32815219403705,,0.0,7.060790300369263,ok
B_alpha10,0.8,0.5,10.0,0.1,100.0,0.6,20,200,5,1.0,predictive,P1+P2 (protect),coarse,7.498942093324558,20,30.0,True,True,5.2087874772913156e-15,5.389408901302218e-15,52.1541639383701,9.999999999999954,1.1107179687452324,8.03597350261262,0.8533085286421935,49.99999999999946,1.0430832787674131,0.49999999999999767,7.031729962645575,7.334679944843406,33.517261989364464,85.33085286421766,80.3597350261262,4.972981884965233,80.35973502612647,,0.0,7.206789493560791,ok
B_alpha10,0.8,0.5,10.0,0.1,100.0,0.6,20,200,5,1.0,predictive,P1+P2 (protect),coarse,31.622776601683793,20,30.0,True,True,5.422767671010232e-15,5.6108091342050904e-15,52.247955622187696,9.999999999999893,0.6014630831931127,8.498895358159634,0.8996415586473594,49.99999999999978,1.0449591124437585,0.49999999999999467,7.090897530772187,7.409697990185343,35.206356652710674,89.96415586472729,84.98895358159635,4.977205056115007,84.98895358159656,,0.0,7.130202770233154,ok
B_alpha10,0.8,0.5,10.0,0.1,100.0,0.6,20,200,5,1.0,predictive,P1+P2 (protect),coarse,133.3521432163324,20,30.0,True,True,5.4876774129057555e-15,5.677969705114398e-15,52.279426451840315,9.999999999999874,0.472114124751857,8.616476434548975,0.9114094406992941,49.99999999999959,1.045588529036815,0.49999999999999367,7.105926091036197,7.429874808970863,35.84434184937663,91.14094406991529,86.16476434548974,4.978197002580329,86.16476434549051,,0.0,6.973510503768921,ok
B_alpha10,0.8,0.5,10.0,0.1,100.0,0.6,20,200,5,1.0,predictive,P1+P2 (protect),coarse,562.341325190349,20,30.0,True,True,5.504082326573286e-15,5.694943480320661e-15,52.287574574691234,9.999999999999924,0.44092446713793876,8.644828537172726,0.9142469956894114,49.99999999999961,1.0457514914938328,0.49999999999999617,7.109549902098886,7.434822413969743,36.02126855840852,91.42469956893402,86.44828537172727,4.978433646439134,86.4482853717275,,0.0,7.344338655471802,ok
B_alpha10,0.8,0.5,10.0,0.1,100.0,0.6,20,200,5,1.0,predictive,P1+P2 (protect),coarse,2371.373705661655,20,30.0,True,True,5.508033086680868e-15,5.6990312381302454e-15,52.28954815629088,9.999999999999895,0.4334987414184162,8.651578689741719,0.91492256883997,49.99999999999937,1.0457909631258309,0.4999999999999948,7.110412669848149,7.436005314222606,36.06498215735988,91.4922568839884,86.51578689741719,4.9784898768332235,86.51578689741808,,0.0,7.133974313735962,ok
B_alpha10,0.8,0.5,10.0,0.1,100.0,0.6,20,200,5,1.0,predictive,P1+P2 (protect),coarse,10000.0,20,30.0,True,True,5.5089734151439105e-15,5.7000041736954816e-15,52.29001853202727,9.999999999999908,0.43173615961688644,8.65318091646328,0.9150829239199265,49.99999999999951,1.0458003706405556,0.4999999999999954,7.110617457747483,7.436286372795523,36.075452271236195,91.50829239197908,86.53180916463279,4.97850321801237,86.53180916463339,,0.0,7.073293685913086,ok
B_alpha10,0.8,0.5,10.0,0.1,100.0,0.6,20,200,5,1.0,predictive,P1+P2 (protect),coarse,0.1,20,100.0,True,True,4.394735279595071e-15,4.54712839385679e-15,52.001501573661045,9.999999999999968,6.471064237812605,3.166424179363702,0.36251158282372486,49.99999999999967,1.0400300314732276,0.4999999999999984,6.410106602236822,6.666703371271106,21.360514073325902,36.2511582823726,31.664241793637018,4.586996799374198,31.664241793637032,,0.0,6.975835084915161,ok
B_alpha10,0.8,0.5,10.0,0.1,100.0,0.6,20,200,5,1.0,predictive,P1+P2 (protect),coarse,0.4216965034285822,20,100.0,True,True,4.7216525306287096e-15,4.885381922134127e-15,52.02054324192439,9.999999999999922,3.203345637521841,6.133891013407735,0.6627633490705023,49.9999999999997,1.040410864838494,0.4999999999999961,6.788656678898287,7.062992166384186,29.33885116589793,66.27633490704793,61.338910134077345,4.938178009920371,61.33891013407719,,0.0,7.195627689361572,ok
B_alpha10,0.8,0.5,10.0,0.1,100.0,0.6,20,200,5,1.0,predictive,P1+P2 (protect),coarse,1.7782794100389228,20,100.0,True,True,5.151369370975775e-15,5.329999748099579e-15,52.13202376563203,9.999999999999924,1.2750663597537788,7.886579182943367,0.8383544573029302,49.999999999999574,1.0426404753126495,0.49999999999999617,7.012635711167153,7.31165783108578,33.111490630412746,83.8354457302898,78.86579182943368,4.971449217203966,78.86579182943306,,0.0,7.278250217437744,ok
B_alpha10,0.8,0.5,10.0,0.1,100.0,0.6,20,200,5,1.0,predictive,P1+P2 (protect),coarse,7.498942093324558,20,100.0,True,True,5.4017111169487095e-15,5.589022416975067e-15,52.2380225207686,9.99999999999994,0.6456030671470042,8.458771159473415,0.8956257733796417,50.0,1.044760450415372,0.499999999999997,7.08576908525035,7.4029313010454745,35.01697097876265,89.56257733796363,84.58771159473415,4.97686154682165,84.58771159473386,,0.0,7.0049638748168945,ok
B_alpha10,0.8,0.5,10.0,0.1,100.0,0.6,20,200,5,1.0,predictive,P1+P2 (protect),coarse,31.622776601683793,20,100.0,True,True,5.4820717037972625e-15,5.672169610812923e-15,52.27665967644995,9.999999999999961,0.48290546083801317,8.606666867165861,0.9104276719961644,49.99999999999948,1.04553319352901,0.49999999999999806,7.104672285816532,7.42817070396681,35.78549854008615,91.0427671996158,86.06666867165862,4.978114934929219,86.06666867165872,,0.0,7.118267774581909,ok
B_alpha10,0.8,0.5,10.0,0.1,100.0,0.6,20,200,5,1.0,predictive,P1+P2 (protect),coarse,133.3521432163324,20,100.0,True,True,5.502714956136957e-15,5.693528694550964e-15,52.2868925258661,9.999999999999913,0.44350220154942743,8.642485318335483,0.9140124801151766,49.99999999999957,1.0457378505173311,0.49999999999999567,7.109250404630873,7.434412236928156,36.0062418812598,91.40124801151053,86.42485318335483,4.9784141174743395,86.42485318335511,,0.0,7.1178319454193115,ok
B_alpha10,0.8,0.5,10.0,0.1,100.0,0.6,20,200,5,1.0,predictive,P1+P2 (protect),coarse,562.341325190349,20,100.0,True,True,5.5077066399516195e-15,5.698693471439643e-15,52.28938491691497,9.999999999999906,0.4341110769453304,8.651022062899816,0.9148668601549474,49.99999999999957,1.0457876983383085,0.4999999999999953,7.11034152483498,7.435907697656472,36.06135327954744,91.48668601548889,86.51022062899816,4.978485241487628,86.51022062899847,,0.0,6.994386196136475,ok
B_alpha10,0.8,0.5,10.0,0.1,100.0,0.6,20,200,5,1.0,predictive,P1+P2 (protect),coarse,2371.373705661655,20,100.0,True,True,5.5088958784382605e-15,5.699923948304564e-15,52.28997973695118,9.999999999999943,0.43188142685672937,8.653048865256634,0.9150697078866931,49.999999999999616,1.0457995947390317,0.49999999999999717,7.1106005796809235,7.436263204581434,36.07458797147374,91.50697078866287,86.53048865256635,4.978502118550246,86.53048865256693,,0.0,7.115421533584595,ok
B_alpha10,0.8,0.5,10.0,0.1,100.0,0.6,20,200,5,1.0,predictive,P1+P2 (protect),coarse,10000.0,20,100.0,True,True,5.509178203344216e-15,5.700216063190747e-15,52.29012100472808,9.99999999999993,0.4313525435490369,8.653529632145796,0.9151178243052365,49.99999999999949,1.0458024200945724,0.49999999999999656,7.11066202868829,7.436347558076795,36.07773587621628,91.51178243051521,86.53529632145796,4.9785061213586745,86.53529632145843,,0.0,7.090146064758301,ok
B_alpha10,0.8,0.5,10.0,0.1,100.0,0.6,20,200,5,1.0,base,Base,fine,2.0535250264571463,0,1.0,False,False,7.491702398048599e-15,7.751486841294362e-15,52.99428305705303,9.999999999999904,0.9674508919285388,0.19866846184435408,8.833880646227202,49.99999999999963,1.0598856611410685,0.4999999999999952,4.05274068009258,4.2954417351532275,0.0,0.0,,,,,4.013284715346028e-112,0.36782169342041016,ok
B_alpha10,0.8,0.5,10.0,0.1,100.0,0.6,20,200,5,1.0,base,Base,fine,2.371373705661655,0,1.0,False,False,7.584742628146655e-15,7.847753361368041e-15,53.05634694024245,9.999999999999902,0.890112458864375,0.21107892800328135,8.898808613132442,49.999999999999616,1.0611269388048572,0.4999999999999951,4.039960144720933,4.286910541261351,0.0,0.0,,,,,7.1811003674016485e-112,0.3715505599975586,ok
B_alpha10,0.8,0.5,10.0,0.1,100.0,0.6,20,200,5,1.0,base,Base,fine,2.7384196342643614,0,1.0,False,False,7.681126381640355e-15,7.94747934582322e-15,53.12011752785439,9.999999999999908,0.8173716335242227,0.22383065297334556,8.958797713502523,49.99999999999954,1.0624023505570976,0.4999999999999954,4.028345080968346,4.279723282875892,0.0,0.0,,,,,1.2296620983318559e-111,0.39730024337768555,ok
B_alpha10,0.8,0.5,10.0,0.1,100.0,0.6,20,200,5,1.0,base,Base,fine,3.1622776601683795,0,1.0,False,False,7.780836969323266e-15,8.050647526733697e-15,53.18545178993169,9.999999999999881,0.749127865060466,0.23689503122903385,9.01397710371062,49.99999999999958,1.0637090357986427,0.49999999999999406,4.017862050664707,4.273836167884513,0.0,0.0,,,,,2.0179820289931162e-111,0.3877682685852051,ok
B_alpha10,0.8,0.5,10.0,0.1,100.0,0.6,20,200,5,1.0,base,Base,fine,3.651741272548377,0,1.0,False,False,7.883817641519292e-15,8.157199186555167e-15,53.25218707045206,9.999999999999874,0.6852608505008472,0.2502395330235539,9.064499616475723,49.9999999999996,1.0650437414090497,0.49999999999999367,4.008471684368933,4.269197680052524,0.0,0.0,,,,,3.1789202580883333e-111,0.37400007247924805,ok
B_alpha10,0.8,0.5,10.0,0.1,100.0,0.6,20,200,5,1.0,base,Base,fine,4.216965034285822,0,1.0,False,False,7.989966398557343e-15,8.267028788646379e-15,53.32013996992342,9.999999999999856,0.625633551358186,0.2638274810353532,9.110538967606605,49.99999999999963,1.0664027993984762,0.4999999999999928,4.000129277903408,4.265749059911999,0.0,0.0,,,,,4.815254687025313e-111,0.38028430938720703,ok
B_alpha10,0.8,0.5,10.0,0.1,100.0,0.6,20,200,5,1.0,base,Base,fine,4.869675251658631,0,1.0,False,False,8.099130722318166e-15,8.379978526125584e-15,53.3891053039906,9.999999999999892,0.5700951867868517,0.27761784221856334,9.152286970994695,49.99999999999959,1.0677821060798207,0.49999999999999456,3.9927853893141667,4.263424792126618,0.0,0.0,,,,,7.026284824973266e-111,0.3712882995605469,ok
B_alpha10,0.8,0.5,10.0,0.1,100.0,0.6,20,200,5,1.0,base,Base,fine,5.623413251903491,0,1.0,False,False,8.211102357666872e-15,8.495832922342497e-15,53.458855211826744,9.999999999999924,0.5184841244066213,0.2915650496089775,9.189950825984479,49.999999999999574,1.069177104236544,0.49999999999999617,3.9863864240085953,4.262153093189382,0.0,0.0,,,,,9.89515479965839e-111,0.3816056251525879,ok
B_alpha10,0.8,0.5,10.0,0.1,100.0,0.6,20,200,5,1.0,base,Base,fine,6.493816315762113,0,1.0,False,False,8.325612321945488e-15,8.614313667318556e-15,53.52913850635562,9.999999999999874,0.47063060861226047,0.30561887249033476,9.22375051889753,49.99999999999959,1.0705827701271213,0.49999999999999367,3.980875201414491,4.261856400660688,0.0,0.0,,,,,1.3475920601906615e-110,0.41057872772216797,ok
B_alpha10,0.8,0.5,10.0,0.1,100.0,0.6,20,200,5,1.0,base,Base,fine,8.659643233600654,0,1.0,False,False,8.560841373607966e-15,8.857699589727185e-15,53.670182653573946,9.99999999999988,0.3854914922722266,0.3338218792665792,9.280686628461314,49.99999999999956,1.0734036530714883,0.49999999999999395,3.97227260492531,4.263851925122625,0.0,0.0,,,,,2.2783494630063933e-110,0.37215089797973633,ok
B_alpha10,0.8,0.5,10.0,0.1,100.0,0.6,20,200,5,1.0,base,Base,fine,10.0,0,1.0,False,False,8.680682694729356e-15,8.981696563220055e-15,53.7403246781718,9.999999999999876,0.3478473193073461,0.34784731930734514,9.304305361385433,49.999999999999545,1.0748064935634458,0.4999999999999938,3.969053816181034,4.265964814934151,0.0,0.0,,,,,2.8398925676829224e-110,0.391094446182251,ok
B_alpha10,0.8,0.5,10.0,0.1,100.0,0.6,20,200,5,1.0,base,Base,fine,11.547819846894582,0,1.0,False,False,8.801303764809647e-15,9.106500324472482e-15,53.809765316063334,9.999999999999874,0.31324740821612784,0.361732463758647,9.32502012802535,49.99999999999961,1.076195306321275,0.49999999999999367,3.9664690280485884,4.268695350654601,0.0,0.0,,,,,3.450819365085538e-110,0.37410545349121094,ok
B_alpha10,0.8,0.5,10.0,0.1,100.0,0.6,20,200,5,1.0,base,Base,fine,13.33521432163324,0,1.0,False,False,8.922087997066644e-15,9.231472905760378e-15,53.87814616655968,9.999999999999865,0.28151452138197874,0.37540564772806806,9.343079830890089,49.99999999999955,1.0775629233312032,0.4999999999999932,3.964451313282266,4.271945746544666,0.0,0.0,,,,,4.09594293421353e-110,0.36962008476257324,ok
B_alpha10,0.8,0.5,10.0,0.1,100.0,0.6,20,200,5,1.0,base,Base,fine,15.39926526059492,0,1.0,False,False,9.042354284209336e-15,9.35590958151898e-15,53.94509649509685,9.999999999999833,0.25247486457829915,0.38879274112739914,9.358732394294467,49.99999999999952,1.0789019299019473,0.4999999999999917,3.9629335945595057,4.275616703243512,0.0,0.0,,,,,4.7583848755140444e-110,0.3771958351135254,ok
B_alpha10,0.8,0.5,10.0,0.1,100.0,0.6,20,200,5,1.0,base,Base,fine,17.78279410038923,0,1.0,False,False,9.16136689264247e-15,9.479049105641743e-15,54.01024017229513,9.999999999999897,0.22595916815418135,0.4018185362381022,9.37222229560782,49.999999999999524,1.0802048034459129,0.49999999999999484,3.9618494100803283,4.279608763298127,0.0,0.0,,,,,5.42110312849896e-110,0.4108469486236572,ok
B_alpha10,0.8,0.5,10.0,0.1,100.0,0.6,20,200,5,1.0,base,Base,fine,20.53525026457146,0,1.0,False,False,9.278350592489422e-15,9.600089366156245e-15,54.07320483708975,9.999999999999856,0.20180352059159024,0.4144085799619894,9.383787899446563,49.99999999999956,1.0814640967418045,0.4999999999999928,3.96113379049727,4.28382397681357,0.0,0.0,,,,,6.068308876330113e-110,0.3747873306274414,ok
B_alpha10,0.8,0.5,10.0,0.1,100.0,0.6,20,200,5,1.0,base,Base,fine,23.71373705661655,0,1.0,False,False,9.392511466302002e-15,9.718208915502864e-15,54.13363322037316,9.999999999999892,0.17984994816138977,0.4264914380345307,9.393658613804188,49.99999999999954,1.0826726644074733,0.49999999999999456,3.9607242409780135,4.288167866962933,0.0,0.0,,,,,6.686586840195034e-110,0.3726804256439209,ok
B_alpha10,0.8,0.5,10.0,0.1,100.0,0.6,20,200,5,1.0,base,Base,fine,27.384196342643612,0,1.0,False,False,9.503063131544252e-15,9.832594102317011e-15,54.19119614610542,9.999999999999842,0.15994674049163615,0.4380012945988816,9.40205196490964,49.99999999999953,1.0838239229221185,0.4999999999999921,3.9605617920372547,4.292551618421273,0.0,0.0,,,,,7.265605656151162e-110,0.4535996913909912,ok
B_alpha10,0.8,0.5,10.0,0.1,100.0,0.6,20,200,5,1.0,predictive,P2 only,fine,0.1615598098439874,0,30.0,False,False,7.608866745702075e-15,7.872714013814235e-15,53.08081926435608,9.999999999999922,0.8550287355660307,0.21597278754424554,8.928998476889802,49.99999999999964,1.0616163852871292,0.4999999999999961,4.033885671059726,4.2824391247719715,0.0,0.0,2.1597278754424556,1.896413039493329,2.159727875442456,,0.0,1.0913543701171875,ok
B_alpha10,0.8,0.5,10.0,0.1,100.0,0.6,20,200,5,1.0,predictive,P2 only,fine,0.2610157215682537,0,30.0,False,False,7.939961335401084e-15,8.215289735433495e-15,53.29821909152989,9.999999999999918,0.637784279228647,0.25944453699112296,9.10277118378031,49.99999999999947,1.065964381830609,0.4999999999999959,4.001222437000524,4.265160601624027,0.0,0.0,2.5944453699112295,2.230967836564358,2.5944453699112437,,0.0,0.9234778881072998,ok
B_alpha10,0.8,0.5,10.0,0.1,100.0,0.6,20,200,5,1.0,predictive,P2 only,fine,0.6812920690579614,0,30.0,False,False,8.676354274019525e-15,8.977218048941341e-15,53.749795553607846,9.999999999999888,0.3357242890515038,0.3497415897510396,9.31453412119757,49.99999999999942,1.0749959110721694,0.4999999999999944,3.967031213833104,4.264542333966252,0.0,0.0,3.497415897510396,2.9275165852019653,3.497415897510403,,0.0,0.9624149799346924,ok
B_alpha10,0.8,0.5,10.0,0.1,100.0,0.6,20,200,5,1.0,predictive,P2 only,fine,1.1006941712522098,0,30.0,False,False,9.04866262356087e-15,9.362436670675332e-15,53.960517537545414,9.999999999999904,0.23789218688309088,0.3918767808319707,9.370231032285034,49.99999999999943,1.0792103507509205,0.4999999999999952,3.9608034547117508,4.274540085614927,0.0,0.0,3.918767808319707,3.2560366560652523,3.9187678083197044,,0.0,0.9250502586364746,ok
B_alpha10,0.8,0.5,10.0,0.1,100.0,0.6,20,200,5,1.0,predictive,P1 only (protect),fine,2.8729848333536645,5,1.0,True,True,7.713181334682047e-15,7.980645845703822e-15,53.1386147399008,9.999999999999929,0.7951535916990307,0.22790140982252302,8.976944998478517,49.99999999999967,1.062772294798023,0.49999999999999645,4.0248634805092465,4.277513397429569,0.006274691636301586,0.006393168755790312,2.2790140982252303,1.9914165324815387,2.2790140982252383,,0.0,0.9751031398773193,ok
B_alpha10,0.8,0.5,10.0,0.1,100.0,0.6,20,200,5,1.0,predictive,P1 only (protect),fine,4.641588833612778,5,1.0,True,True,8.060947362014867e-15,8.340471108557678e-15,53.360547761913644,9.999999999999934,0.5897875653780829,0.272642024341053,9.13757041028093,49.99999999999953,1.067210955238283,0.4999999999999967,3.995356945610235,4.263888702442608,0.012611784832559569,0.012949690057506714,2.72642024341053,2.335549428922678,2.7264202434105234,,0.0,0.987816572189331,ok
B_alpha10,0.8,0.5,10.0,0.1,100.0,0.6,20,200,5,1.0,predictive,P1 only (protect),fine,12.115276586285882,5,1.0,True,True,8.838674546719177e-15,9.145166986442304e-15,53.82256016031036,9.999999999999902,0.3046853948172852,0.36611102047356736,9.329203584709244,49.99999999999941,1.07645120320622,0.4999999999999951,3.9661837903236563,4.269403313230906,0.03235450316343715,0.033945403802537535,3.6611102047356736,3.0545959590485205,3.6611102047356634,,0.0,1.0199308395385742,ok
B_alpha10,0.8,0.5,10.0,0.1,100.0,0.6,20,200,5,1.0,predictive,P1 only (protect),fine,19.573417814876606,5,1.0,True,True,9.236237386977785e-15,9.5565158309294e-15,54.04101009772199,9.999999999999881,0.2118802692180911,0.41040953491157306,9.377710195870456,49.99999999999957,1.080820201954449,0.49999999999999406,3.961903423108379,4.282105257888021,0.04399793028594586,0.04677018845674524,4.104095349115731,3.397516725255076,4.104095349115723,,0.0,1.0116167068481445,ok
B_alpha10,0.8,0.5,10.0,0.1,100.0,0.6,20,200,5,1.0,predictive,P1+P2 (protect),fine,0.1615598098439874,5,30.0,True,True,7.608337202602925e-15,7.87216610812513e-15,53.07875933641585,9.999999999999918,0.8556862955834948,0.21611226603097144,8.928201438385615,49.999999999999545,1.0615751867283267,0.4999999999999959,4.034086449830383,4.282486076256902,0.009208473959181814,0.00948544072101178,2.1611226603097142,1.8955914040928448,2.1611226603097204,,0.0,1.001697301864624,ok
B_alpha10,0.8,0.5,10.0,0.1,100.0,0.6,20,200,5,1.0,predictive,P1+P2 (protect),fine,0.2610157215682537,5,30.0,True,True,7.939015701186019e-15,8.214311310132371e-15,53.294633275350044,9.999999999999929,0.6388071915978494,0.2598051911113322,9.10138761729089,49.999999999999524,1.0658926655070111,0.49999999999999645,4.001588792492187,4.2652641442924795,0.01833633580373357,0.019090077201101962,2.598051911113322,2.2295489599913347,2.5980519111133122,,0.0,1.013474464416504,ok
B_alpha10,0.8,0.5,10.0,0.1,100.0,0.6,20,200,5,1.0,predictive,P1+P2 (protect),fine,0.6812920690579614,5,30.0,True,True,8.674615518774419e-15,8.975419000115525e-15,53.74355962206591,9.999999999999897,0.3370507098027401,0.3509693942985835,9.311979895898778,49.999999999999474,1.0748711924413294,0.49999999999999484,3.967792068391323,4.26486539191103,0.04384600417061483,0.04681573201967621,3.5096939429858347,2.9249507855408603,3.509693942985831,,0.0,1.08424973487854,ok
B_alpha10,0.8,0.5,10.0,0.1,100.0,0.6,20,200,5,1.0,predictive,P1+P2 (protect),fine,1.1006941712522098,5,30.0,True,True,9.046714188504285e-15,9.360420671120134e-15,53.95372003803537,9.999999999999902,0.23911111908904678,0.39366121389677355,9.367227667014276,49.99999999999937,1.0790744007607211,0.4999999999999951,3.9617493423339316,4.275022297543169,0.0567453700898073,0.06137024855829162,3.9366121389677353,3.253094370958769,3.936612138967736,,0.0,1.0129733085632324,ok
B_alpha10,0.8,0.5,10.0,0.5623413251903491,17.78279410038923,0.6,20,200,5,1.0,base,Base,coarse,0.01778279410038923,0,1.0,False,False,2.964384578474713e-13,3.4420237848562797e-13,52.05256324339513,9.999999999996525,5.690897855011848,0.010120006480202233,4.298982138511425,49.99999999998278,1.041051264868261,0.49999999999982625,5.047403185351532,5.2546054704103025,0.0,0.0,,,,,3.676496725902984e-121,0.37157297134399414,ok
B_alpha10,0.8,0.5,10.0,0.5623413251903491,17.78279410038923,0.6,20,200,5,1.0,base,Base,coarse,0.07498942093324558,0,1.0,False,False,3.2026583861228997e-13,3.718689679835736e-13,52.15547501553331,9.99999999999627,4.0900689043681755,0.030671189871564256,5.87925990576399,49.999999999981426,1.0431095003110538,0.4999999999998135,4.6940022179651155,4.89635830804057,0.0,0.0,,,,,3.6378622871534947e-113,0.36995625495910645,ok
B_alpha10,0.8,0.5,10.0,0.5623413251903491,17.78279410038923,0.6,20,200,5,1.0,base,Base,coarse,0.31622776601683794,0,1.0,False,False,3.4743075580401495e-13,4.0341085755451167e-13,52.40251225750624,9.999999999995966,2.5311820239356435,0.08004300368111456,7.388774972387275,49.99999999997977,1.048050245150549,0.4999999999997983,4.360898858938103,4.570441118186827,0.0,0.0,,,,,6.165065476021867e-107,0.36688685417175293,ok
B_alpha10,0.8,0.5,10.0,0.5623413251903491,17.78279410038923,0.6,20,200,5,1.0,base,Base,coarse,1.333521432163324,0,1.0,False,False,3.8271151061003827e-13,4.443762565645099e-13,52.864633621120404,9.999999999995525,1.2929761006458016,0.17242113414861365,8.534602765210058,49.99999999997778,1.057292672422878,0.4999999999997763,4.116306790607998,4.352141007154371,0.0,0.0,,,,,8.537253697897385e-103,0.3749260902404785,ok
B_alpha10,0.8,0.5,10.0,0.5623413251903491,17.78279410038923,0.6,20,200,5,1.0,base,Base,coarse,5.623413251903491,0,1.0,False,False,4.313733411058352e-13,5.008787694272058e-13,53.52160014959487,9.999999999994944,0.5401542453092844,0.3037510541144145,9.156094700581356,49.99999999997491,1.0704320029924346,0.4999999999997472,3.9958566372148674,4.277292823844524,0.0,0.0,,,,,1.0563207907827204e-100,0.4110419750213623,ok
B_alpha10,0.8,0.5,10.0,0.5623413251903491,17.78279410038923,0.6,20,200,5,1.0,base,Base,coarse,23.71373705661655,0,1.0,False,False,4.873868318144468e-13,5.659174855250706e-13,54.19173731763333,9.999999999994303,0.18457900113603454,0.43770578991128506,9.377715208958378,49.999999999971664,1.083834746353281,0.4999999999997152,3.9660074305969784,4.298496657576304,0.0,0.0,,,,,5.519156622806565e-100,0.3730323314666748,ok
B_alpha10,0.8,0.5,10.0,0.5623413251903491,17.78279410038923,0.6,20,200,5,1.0,base,Base,coarse,100.0,0,1.0,False,False,5.264510862671886e-13,6.112760040205881e-13,54.59383772480736,9.999999999993877,0.051807534370251436,0.5180753437025141,9.430117121933357,49.99999999996947,1.091876754496814,0.49999999999969386,3.9662731257864854,4.330681428031681,0.0,0.0,,,,,7.974857167033108e-100,0.3782081604003906,ok
B_alpha10,0.8,0.5,10.0,0.5623413251903491,17.78279410038923,0.6,20,200,5,1.0,base,Base,coarse,421.6965034285823,0,1.0,False,False,5.410521110574774e-13,6.282296323993682e-13,54.7298257095999,9.999999999993692,0.01293001240566643,0.5452541020757716,9.44181588552487,49.99999999996857,1.094596514192686,0.4999999999996846,3.9677214929346465,4.343054115453665,0.0,0.0,,,,,8.573171022484057e-100,0.37242960929870605,ok
B_alpha10,0.8,0.5,10.0,0.5623413251903491,17.78279410038923,0.6,20,200,5,1.0,base,Base,coarse,1778.2794100389228,0,1.0,False,False,5.449462266426872e-13,6.327511909501823e-13,54.76491133484293,9.999999999993632,0.0031056211106680344,0.5522662076483141,9.444628171247386,49.99999999996838,1.0952982266975513,0.4999999999996816,3.968141639604332,4.346298501143338,0.0,0.0,,,,,8.710947986848155e-100,0.3798093795776367,ok
B_alpha10,0.8,0.5,10.0,0.5623413251903491,17.78279410038923,0.6,20,200,5,1.0,predictive,Check,check,5.623413251903491,0,1.0,False,False,4.3137334110583525e-13,5.008787694272058e-13,53.52160014959483,9.999999999995005,0.5401542453092831,0.3037510541144151,9.156094700581297,49.99999999997489,1.0704320029924341,0.49999999999975026,3.99585663721489,4.277292823844547,0.0,0.0,3.037510541144151,2.5170543206830613,3.037510541144161,6.402268392493392e-15,0.0,0.954911470413208,ok
B_alpha10,0.8,0.5,10.0,0.5623413251903491,17.78279410038923,0.6,20,200,5,1.0,predictive,P2 only,coarse,0.01778279410038923,0,3.0,False,False,3.0773958501629315e-13,3.57324410205851e-13,52.090706623682586,9.99999999999641,4.908570874157761,0.017733922198426216,5.073695203647403,49.99999999998203,1.0418141324740262,0.4999999999998205,4.873782286426316,5.077575264600508,0.0,0.0,0.17733922198426216,0.2145797734575183,0.17733922198426308,,0.0,0.9557056427001953,ok
B_alpha10,0.8,0.5,10.0,0.5623413251903491,17.78279410038923,0.6,20,200,5,1.0,predictive,P2 only,coarse,0.07498942093324558,0,3.0,False,False,3.3269264647736e-13,3.8629805674755506e-13,52.25403984501787,9.999999999996149,3.2881610413521942,0.050367838987366374,6.661471119664291,49.99999999998072,1.0450807969007603,0.49999999999980743,4.520506973097581,4.724295029840264,0.0,0.0,0.5036783898736638,0.5370212636043055,0.5036783898736641,,0.0,0.9615757465362549,ok
B_alpha10,0.8,0.5,10.0,0.5623413251903491,17.78279410038923,0.6,20,200,5,1.0,predictive,P2 only,coarse,0.31622776601683794,0,3.0,False,False,3.6264397897752476e-13,4.210753253660526e-13,52.60276103889997,9.99999999999575,1.8437356415753108,0.12007281610009914,8.03619154232884,49.99999999997908,1.0520552207784395,0.49999999999978745,4.220869613307408,4.440587912905132,0.0,0.0,1.2007281610009914,1.1252098394367447,1.2007281610009903,,0.0,0.9077692031860352,ok
B_alpha10,0.8,0.5,10.0,0.5623413251903491,17.78279410038923,0.6,20,200,5,1.0,predictive,P2 only,coarse,1.333521432163324,0,3.0,False,False,4.0311738266863344e-13,4.680700436038405e-13,53.16844175452184,9.999999999995321,0.8430828654953545,0.2331561020538181,8.923761032455506,49.99999999997656,1.0633688350909352,0.4999999999997661,4.037651408709801,4.293512674983015,0.0,0.0,2.3315610205381807,1.9849778382861036,2.331561020538183,,0.0,1.0656383037567139,ok
B_alpha10,0.8,0.5,10.0,0.5623413251903491,17.78279410038923,0.6,20,200,5,1.0,predictive,P2 only,coarse,5.623413251903491,0,3.0,False,False,4.5463085529345437e-13,5.278836720611033e-13,53.84031452795064,9.999999999994696,0.32002204999819656,0.36746363906955964,9.312514310937548,49.9999999999736,1.0768062905595812,0.49999999999973477,3.970152113230372,4.275084770004879,0.0,0.0,3.6746363906955963,2.9899962190742935,3.6746363906955923,,0.0,0.9065470695495605,ok
B_alpha10,0.8,0.5,10.0,0.5623413251903491,17.78279410038923,0.6,20,200,5,1.0,predictive,P2 only,coarse,23.71373705661655,0,3.0,False,False,5.016356827407479e-13,5.824621957090363e-13,54.362337284324376,9.999999999994131,0.10464689223531815,0.47180727604872436,9.423545831721828,49.99999999997075,1.0872467456871235,0.49999999999970657,3.9607971827721733,4.306363847295772,0.0,0.0,4.718072760487243,3.7934545012927234,4.718072760487235,,0.0,0.9580841064453125,ok
B_alpha10,0.8,0.5,10.0,0.5623413251903491,17.78279410038923,0.6,20,200,5,1.0,predictive,P2 only,coarse,100.0,0,3.0,False,False,5.300543136983408e-13,6.154598047971046e-13,54.63400210579087,9.999999999993852,0.030432265799702925,0.526103545696973,9.443464188509472,49.999999999969155,1.0926800421164915,0.4999999999996926,3.9644695650860595,4.331896771347784,0.0,0.0,5.26103545696973,4.220956967203824,5.261035456969742,,0.0,0.9176225662231445,ok
B_alpha10,0.8,0.5,10.0,0.5623413251903491,17.78279410038923,0.6,20,200,5,1.0,predictive,P2 only,coarse,421.6965034285823,0,3.0,False,False,5.417347419796762e-13,6.290222528589754e-13,54.737519551438105,9.999999999993673,0.007886166601235391,0.5467919841324892,9.445321849272602,49.99999999996857,1.0947503910294503,0.49999999999968364,3.967161874742994,4.343052013652019,0.0,0.0,5.467919841324892,4.384932772939335,5.467919841324906,,0.0,0.9210050106048584,ok
B_alpha10,0.8,0.5,10.0,0.5623413251903491,17.78279410038923,0.6,20,200,5,1.0,predictive,P2 only,coarse,1778.2794100389228,0,3.0,False,False,5.45092030102906e-13,6.329204871275143e-13,54.76657729463334,9.99999999999367,0.0019190167535279006,0.552599210162677,9.445481773090124,49.9999999999682,1.0953315458933635,0.49999999999968353,3.9679991581859784,4.346274652039413,0.0,0.0,5.52599210162677,4.431026609254033,5.525992101626773,,0.0,0.9664974212646484,ok
B_alpha10,0.8,0.5,10.0,0.5623413251903491,17.78279410038923,0.6,20,200,5,1.0,predictive,P2 only,coarse,0.01778279410038923,0,10.0,False,False,3.2494921584268405e-13,3.773069586979788e-13,52.191214414037944,9.99999999999621,3.7492576932885844,0.037812910846412855,6.212929395868795,49.999999999981135,1.0438242882811528,0.4999999999998105,4.619804442732194,4.822264084433041,0.0,0.0,0.37812910846412856,0.41845080235906945,0.3781291084641284,,0.0,0.9051296710968018,ok
B_alpha10,0.8,0.5,10.0,0.5623413251903491,17.78279410038923,0.6,20,200,5,1.0,predictive,P2 only,coarse,0.07498942093324558,0,10.0,False,False,3.526945570367841e-13,4.095227936254556e-13,52.478841056699295,9.99999999999587,2.218592483091827,0.09530183546503757,7.686105681447266,49.99999999997951,1.049576821134416,0.4999999999997935,4.296119425172311,4.509107369486169,0.0,0.0,0.9530183546503757,0.9238371746461964,0.9530183546503754,,0.0,0.9572975635528564,ok
B_alpha10,0.8,0.5,10.0,0.5623413251903491,17.78279410038923,0.6,20,200,5,1.0,predictive,P2 only,coarse,0.31622776601683794,0,10.0,False,False,3.8886165789711836e-13,4.515173520168159e-13,52.982145752789286,9.999999999995449,1.0754870906937262,0.19591546679988184,8.728597442510942,49.99999999997744,1.0596429150562638,0.49999999999977246,4.076077279021124,4.319186409936548,0.0,0.0,1.9591546679988183,1.7029186173210051,1.959154667998813,,0.0,0.9141206741333008,ok
B_alpha10,0.8,0.5,10.0,0.5623413251903491,17.78279410038923,0.6,20,200,5,1.0,predictive,P2 only,coarse,1.333521432163324,0,10.0,False,False,4.3561237674991377e-13,5.058008236103821e-13,53.62449616140267,9.99999999999492,0.4384205849538951,0.3243246232478101,9.237254791803375,49.99999999997454,1.0724899232285994,0.499999999999746,3.9806419947653806,4.269198427366462,0.0,0.0,3.243246232478101,2.660268389604782,3.243246232478101,,0.0,0.9619789123535156,ok
B_alpha10,0.8,0.5,10.0,0.5623413251903491,17.78279410038923,0.6,20,200,5,1.0,predictive,P2 only,coarse,5.623413251903491,0,10.0,False,False,4.80353375275188e-13,5.57750756819034e-13,54.15754118438065,9.99999999999442,0.164883416751262,0.4308755389411931,9.404241044313125,49.99999999997196,1.0831508236882204,0.499999999999721,3.958996305347095,4.288190109115328,0.0,0.0,4.308755389411932,3.4734506888054537,4.308755389411954,,0.0,0.9227879047393799,ok
B_alpha10,0.8,0.5,10.0,0.5623413251903491,17.78279410038923,0.6,20,200,5,1.0,predictive,P2 only,coarse,23.71373705661655,0,10.0,False,False,5.105123886364035e-13,5.92769169034359e-13,54.460557750340136,9.999999999994037,0.06311078313475765,0.49143985937637247,9.445449357494834,49.999999999970335,1.089211155007449,0.49999999999970185,3.9588085936718898,4.311978480766774,0.0,0.0,4.914398593763725,3.9483797105323206,4.91439859376373,,0.0,1.0248212814331055,ok
B_alpha10,0.8,0.5,10.0,0.5623413251903491,17.78279410038923,0.6,20,200,5,1.0,predictive,P2 only,coarse,100.0,0,10.0,False,False,5.315855356058737e-13,6.172377462476118e-13,54.65060637045878,9.999999999993824,0.021747677862583956,0.5294224136114699,9.448829908532122,49.999999999969084,1.0930121274098514,0.4999999999996912,3.963758254220983,4.332435841984435,0.0,0.0,5.294224136114699,4.2479632044173945,5.294224136114695,,0.0,0.9546728134155273,ok
B_alpha10,0.8,0.5,10.0,0.5623413251903491,17.78279410038923,0.6,20,200,5,1.0,predictive,P2 only,coarse,421.6965034285823,0,10.0,False,False,5.419867250791185e-13,6.293148369678925e-13,54.740339889964865,9.999999999993722,0.006044686538838208,0.5473557247213827,9.446599588746057,49.99999999996846,1.094806797799988,0.49999999999968614,3.9669584141253083,4.343053038374247,0.0,0.0,5.473557247213828,4.389630583859879,5.473557247213826,,0.0,0.9184112548828125,ok
B_alpha10,0.8,0.5,10.0,0.5623413251903491,17.78279410038923,0.6,20,200,5,1.0,predictive,P2 only,coarse,1778.2794100389228,0,10.0,False,False,5.451437405115259e-13,6.329805294234548e-13,54.76716714861485,9.999999999993657,0.0014993087863001662,0.5527171137736029,9.44578357744644,49.999999999968196,1.0953433429729937,0.4999999999996828,3.967948806504698,4.346266310462557,0.0,0.0,5.527171137736029,4.4320191434804945,5.5271711377360395,,0.0,0.9739096164703369,ok
B_alpha10,0.8,0.5,10.0,0.5623413251903491,17.78279410038923,0.6,20,200,5,1.0,predictive,P2 only,coarse,0.01778279410038923,0,30.0,False,False,3.442604793125907e-13,3.9972976733656873e-13,52.378162028377304,9.999999999995984,2.6144786667672077,0.07517708439295695,7.310344248843852,49.99999999998014,1.0475632405679622,0.49999999999979916,4.377860093667235,4.586085306475211,0.0,0.0,0.7517708439295695,0.7551383093513143,0.751770843929572,,0.0,0.9200944900512695,ok
B_alpha10,0.8,0.5,10.0,0.5623413251903491,17.78279410038923,0.6,20,200,5,1.0,predictive,P2 only,coarse,0.07498942093324558,0,30.0,False,False,3.773282049761987e-13,4.3812556084323295e-13,52.82117816985325,9.99999999999563,1.3401751952851126,0.16373700800763355,8.496087796711624,49.99999999997816,1.0564235633975265,0.4999999999997815,4.123689282223045,4.356362525870257,0.0,0.0,1.6373700800763356,1.4591935944379908,1.6373700800763349,,0.0,0.9574596881866455,ok
B_alpha10,0.8,0.5,10.0,0.5623413251903491,17.78279410038923,0.6,20,200,5,1.0,predictive,P2 only,coarse,0.31622776601683794,0,30.0,False,False,4.208186466507322e-13,4.886234400925706e-13,53.437149336601415,9.999999999995094,0.573827486610707,0.2868744928699367,9.139298020524263,49.99999999997559,1.06874298673255,0.4999999999997547,3.9971076668769303,4.271880786189625,0.0,0.0,2.868744928699367,2.3781922874693153,2.86874492869936,,0.0,0.924771785736084,ok
B_alpha10,0.8,0.5,10.0,0.5623413251903491,17.78279410038923,0.6,20,200,5,1.0,predictive,P2 only,coarse,1.333521432163324,0,30.0,False,False,4.656624558993822e-13,5.406927495031518e-13,54.0041183761563,9.999999999994579,0.22748330797931654,0.40020998732352026,9.372306704702584,49.99999999997277,1.0800823675237141,0.49999999999972894,3.9615884555122967,4.278841838184335,0.0,0.0,4.002099873235203,3.234808833734958,4.00209987323519,,0.0,0.9259114265441895,ok
B_alpha10,0.8,0.5,10.0,0.5623413251903491,17.78279410038923,0.6,20,200,5,1.0,predictive,P2 only,coarse,5.623413251903491,0,30.0,False,False,4.943898034258099e-13,5.740488174097432e-13,54.314244320762214,9.999999999994236,0.10098037793851333,0.4621979625378679,9.436821659529382,49.99999999997113,1.0862848864158714,0.4999999999997118,3.9563571514512135,4.297730978884802,0.0,0.0,4.621979625378679,3.717939874184758,4.621979625378683,,0.0,0.9634945392608643,ok
B_alpha10,0.8,0.5,10.0,0.5623413251903491,17.78279410038923,0.6,20,200,5,1.0,predictive,P2 only,coarse,23.71373705661655,0,30.0,False,False,5.137229516645907e-13,5.964970369931779e-13,54.49458888174625,9.999999999994008,0.049177603103711345,0.49824192714297955,9.452580469759301,49.99999999997002,1.0898917776355785,0.4999999999997004,3.9582228768939243,4.314034567575733,0.0,0.0,4.982419271429795,4.002561764188582,4.982419271429801,,0.0,0.909247636795044,ok
B_alpha10,0.8,0.5,10.0,0.5623413251903491,17.78279410038923,0.6,20,200,5,1.0,predictive,P2 only,coarse,100.0,0,30.0,False,False,5.320542632740198e-13,6.177819980938531e-13,54.655634785741654,9.99999999999382,0.019131119334756332,0.5304274891938454,9.450441391477577,49.99999999996909,1.0931126957155088,0.499999999999691,3.9635458783332673,4.3326023196569725,0.0,0.0,5.304274891938454,4.256160840218331,5.304274891938455,,0.0,1.2087023258209229,ok
B_alpha10,0.8,0.5,10.0,0.5623413251903491,17.78279410038923,0.6,20,200,5,1.0,predictive,P2 only,coarse,421.6965034285823,0,30.0,False,False,5.420600320957829e-13,6.293999556452781e-13,54.741158393778406,9.99999999999369,0.005510955010176082,0.5475193303245908,9.446969714671543,49.99999999996855,1.0948231678762568,0.49999999999968453,3.966899523131903,4.343053502562082,0.0,0.0,5.4751933032459075,4.390994670586186,5.475193303245919,,0.0,1.0560877323150635,ok
B_alpha10,0.8,0.5,10.0,0.5623413251903491,17.78279410038923,0.6,20,200,5,1.0,predictive,P2 only,coarse,1778.2794100389228,0,30.0,False,False,5.451585804545868e-13,6.329977604660397e-13,54.76733633005107,9.999999999993666,0.0013789686696475392,0.5527509307800748,9.445870100556611,49.999999999968324,1.0953467266017154,0.49999999999968325,3.967934373736559,4.3462639276427675,0.0,0.0,5.527509307800748,4.432303855264039,5.527509307800755,,0.0,0.9660561084747314,ok
B_alpha10,0.8,0.5,10.0,0.5623413251903491,17.78279410038923,0.6,20,200,5,1.0,predictive,P2 only,coarse,0.01778279410038923,0,100.0,False,False,3.705801496738934e-13,4.3029021889798137e-13,52.72611558637728,9.99999999999572,1.5316883343835477,0.1447333129974656,8.323578352623267,49.99999999997846,1.0545223117279998,0.49999999999978606,4.159747338996094,4.386546380122557,0.0,0.0,1.4473331299746561,1.3136436564857488,1.4473331299746615,,0.0,0.9122462272644043,ok
B_alpha10,0.8,0.5,10.0,0.5623413251903491,17.78279410038923,0.6,20,200,5,1.0,predictive,P2 only,coarse,0.07498942093324558,0,100.0,False,False,4.120610921383248e-13,4.78454816523931e-13,53.31985976796889,9.999999999995188,0.6756265991608652,0.2634279833082817,9.060945417535667,49.999999999976055,1.0663971953598885,0.4999999999997594,4.011256906413939,4.277593114867807,0.0,0.0,2.634279833082817,2.2029651926915963,2.6342798330828234,,0.0,0.9358489513397217,ok
B_alpha10,0.8,0.5,10.0,0.5623413251903491,17.78279410038923,0.6,20,200,5,1.0,predictive,P2 only,coarse,0.31622776601683794,0,100.0,False,False,4.572678861627312e-13,5.309455969704697e-13,53.90973371596999,9.999999999994664,0.27225000886099954,0.3813439389039091,9.346406052240429,49.999999999973355,1.0781946743199744,0.4999999999997332,3.96459402914602,4.274604168066008,0.0,0.0,3.813439389039091,3.0892978080442792,3.8134393890390856,,0.0,0.94681715965271,ok
B_alpha10,0.8,0.5,10.0,0.5623413251903491,17.78279410038923,0.6,20,200,5,1.0,predictive,P2 only,coarse,1.333521432163324,0,100.0,False,False,4.866501088818913e-13,5.650620574428118e-13,54.24236012167248,9.999999999994348,0.12526295664310838,0.4478311070746936,9.42690593628785,49.99999999997173,1.0848472024340632,0.4999999999997174,3.956433359499024,4.292125661669318,0.0,0.0,4.478311070746936,3.6043797042655927,4.478311070746939,,0.0,0.9283430576324463,ok
B_alpha10,0.8,0.5,10.0,0.5623413251903491,17.78279410038923,0.6,20,200,5,1.0,predictive,P2 only,coarse,5.623413251903491,0,100.0,False,False,5.007494826034322e-13,5.814332057635317e-13,54.38143890732332,9.999999999994166,0.0751640297509571,0.4756286432928335,9.449207326962044,49.99999999997093,1.0876287781470988,0.49999999999970834,3.955582960446505,4.302205862129917,0.0,0.0,4.756286432928335,3.8240174806301717,4.756286432928335,,0.0,0.9625632762908936,ok
B_alpha10,0.8,0.5,10.0,0.5623413251903491,17.78279410038923,0.6,20,200,5,1.0,predictive,P2 only,coarse,23.71373705661655,0,100.0,False,False,5.149364915891212e-13,5.979061096578637e-13,54.507250563108556,9.999999999994019,0.044039445478967855,0.5007726922260188,9.455187862300996,49.999999999969994,1.0901450112628253,0.49999999999970096,3.958015287247599,4.314810619894969,0.0,0.0,5.007726922260188,4.022786985252186,5.007726922260186,,0.0,0.9170310497283936,ok
B_alpha10,0.8,0.5,10.0,0.5623413251903491,17.78279410038923,0.6,20,200,5,1.0,predictive,P2 only,coarse,100.0,0,100.0,False,False,5.322218321785493e-13,6.179765666927648e-13,54.65742629349028,9.99999999999382,0.018200263394796426,0.5307855735925175,9.451014163018867,49.99999999996894,1.0931485258704847,0.499999999999691,3.9634705209756964,4.332661957335705,0.0,0.0,5.307855735925175,4.259083607173453,5.307855735925188,,0.0,0.9641172885894775,ok
B_alpha10,0.8,0.5,10.0,0.5623413251903491,17.78279410038923,0.6,20,200,5,1.0,predictive,P2 only,coarse,421.6965034285823,0,100.0,False,False,5.420858298061284e-13,6.294299100355139e-13,54.74144622303498,9.999999999993708,0.005323338919108145,0.5475768626885945,9.44709979839859,49.99999999996845,1.0948289244613902,0.4999999999996854,3.966878830211376,4.3430536831489785,0.0,0.0,5.475768626885945,4.3914744318321866,5.475768626885967,,0.0,0.9269247055053711,ok
B_alpha10,0.8,0.5,10.0,0.5623413251903491,17.78279410038923,0.6,20,200,5,1.0,predictive,P2 only,coarse,1778.2794100389228,0,100.0,False,False,5.451637813468455e-13,6.330037993568641e-13,54.7673956122386,9.99999999999366,0.0013368049833932373,0.5527627804604135,9.445900414562532,49.99999999996821,1.0953479122454683,0.49999999999968303,3.9679293173577164,4.346263093705361,0.0,0.0,5.527627804604135,4.432403623555299,5.527627804604137,,0.0,1.049361228942871,ok
B_alpha10,0.8,0.5,10.0,0.5623413251903491,17.78279410038923,0.6,20,200,5,1.0,predictive,P2 only,coarse,0.01778279410038923,0,1000.0,False,False,4.3941998605972745e-13,5.102219374880321e-13,53.68870990298538,9.999999999994895,0.3949537185405846,0.337162375477695,9.267883905986826,49.99999999997454,1.0737741980602544,0.49999999999974476,3.975663129388318,4.268964488516662,0.0,0.0,3.37162375477695,2.753701217926287,3.37162375477695,,0.0,0.972374677658081,ok
B_alpha10,0.8,0.5,10.0,0.5623413251903491,17.78279410038923,0.6,20,200,5,1.0,predictive,P2 only,coarse,0.07498942093324558,0,1000.0,False,False,4.762579578077825e-13,5.529954614373822e-13,54.132855230211085,9.999999999994467,0.16942604918170104,0.4259435829690236,9.404630367854807,49.99999999997222,1.0826571046048232,0.49999999999972333,3.9581667519054147,4.285337355160994,0.0,0.0,4.259435829690236,3.432896884626917,4.259435829690241,,0.0,0.9384911060333252,ok
B_alpha10,0.8,0.5,10.0,0.5623413251903491,17.78279410038923,0.6,20,200,5,1.0,predictive,P2 only,coarse,0.31622776601683794,0,1000.0,False,False,4.924621043438259e-13,5.718105160376696e-13,54.3070677744269,9.999999999994255,0.09941511087765564,0.4607650971232295,9.43981979200486,49.99999999997132,1.086141355489161,0.4999999999997128,3.9554653172469,4.296194461264912,0.0,0.0,4.607650971232295,3.705969642957479,4.607650971232284,,0.0,0.9628288745880127,ok
B_alpha10,0.8,0.5,10.0,0.5623413251903491,17.78279410038923,0.6,20,200,5,1.0,predictive,P2 only,coarse,1.333521432163324,0,1000.0,False,False,4.981573300898527e-13,5.784233902865556e-13,54.36327721136279,9.999999999994188,0.07864512787190303,0.4719996239946687,9.44935524813924,49.999999999971074,1.087265544227885,0.4999999999997094,3.955003815733697,4.30013937613706,0.0,0.0,4.7199962399466875,3.795052667312981,4.719996239946696,,0.0,0.9343376159667969,ok
B_alpha10,0.8,0.5,10.0,0.5623413251903491,17.78279410038923,0.6,20,200,5,1.0,predictive,P2 only,coarse,5.623413251903491,0,1000.0,False,False,5.034672957392524e-13,5.845889290486904e-13,54.40944552583627,9.999999999994127,0.06462135312402797,0.4812264494600577,9.454152197421786,49.99999999997081,1.0881889105173606,0.49999999999970635,3.9553093222743274,4.30412374216486,0.0,0.0,4.812264494600577,3.868454167698094,4.812264494600568,,0.0,0.9720871448516846,ok
B_alpha10,0.8,0.5,10.0,0.5623413251903491,17.78279410038923,0.6,20,200,5,1.0,predictive,P2 only,coarse,23.71373705661655,0,1000.0,False,False,5.154180352536192e-13,5.984652424896501e-13,54.51224454287659,9.99999999999402,0.04201904467718928,0.501770864820508,9.456210090508282,49.99999999997004,1.090244890858185,0.499999999999701,3.9579348020036043,4.3151181962342315,0.0,0.0,5.017708648205081,4.030774000740242,5.017708648205087,,0.0,0.9228804111480713,ok
B_alpha10,0.8,0.5,10.0,0.5623413251903491,17.78279410038923,0.6,20,200,5,1.0,predictive,P2 only,coarse,100.0,0,1000.0,False,False,5.322869635237083e-13,6.180521923860182e-13,54.65812175363235,9.999999999993799,0.01783909328652379,0.530924581220583,9.451236325499094,49.999999999969134,1.0931624350733218,0.4999999999996899,3.9634413094213032,4.332685153077187,0.0,0.0,5.3092458122058295,4.260218522725085,5.30924581220582,,0.0,0.9703829288482666,ok
B_alpha10,0.8,0.5,10.0,0.5623413251903491,17.78279410038923,0.6,20,200,5,1.0,predictive,P2 only,coarse,421.6965034285823,0,1000.0,False,False,5.420957998952795e-13,6.294414865644819e-13,54.74155743123594,9.999999999993724,0.005250859916614991,0.5475990913869742,9.447150048702687,49.99999999996842,1.0948311486254103,0.4999999999996862,3.9668708373641843,4.343053755320073,0.0,0.0,5.475990913869742,4.391659807149057,5.475990913869736,,0.0,0.9344160556793213,ok
B_alpha10,0.8,0.5,10.0,0.5623413251903491,17.78279410038923,0.6,20,200,5,1.0,predictive,P2 only,coarse,1778.2794100389228,0,1000.0,False,False,5.451657883644166e-13,6.330061297569942e-13,54.76741848775393,9.999999999993676,0.0013205356533512725,0.5527673529558798,9.445912111397094,49.9999999999683,1.0953483697557729,0.4999999999996838,3.967927366358942,4.346262772050585,0.0,0.0,5.527673529558798,4.432442122143086,5.527673529558794,,0.0,1.015979290008545,ok
B_alpha10,0.8,0.5,10.0,0.5623413251903491,17.78279410038923,0.6,20,200,5,1.0,predictive,P1 only (protect),coarse,0.01778279410038923,5,1.0,True,True,2.9643845784747127e-13,3.442023784856278e-13,52.052563243395085,9.999999999996541,5.690897855011843,0.010120006480201857,4.2989821385114135,49.999999999982705,1.0410512648682617,0.4999999999998271,5.047403185351538,5.254605470410311,5.118833843875004e-15,5.1238011310795884e-15,0.10120006480201857,0.1294362729898008,0.10120006480201864,,0.0,0.9966042041778564,ok
B_alpha10,0.8,0.5,10.0,0.5623413251903491,17.78279410038923,0.6,20,200,5,1.0,predictive,P1 only (protect),coarse,0.07498942093324558,5,1.0,True,True,3.2026583859840465e-13,3.7186896796745106e-13,52.15547501433546,9.999999999996254,4.090068904811608,0.030671189746416454,5.879259905445722,49.999999999981426,1.0431095002870967,0.4999999999998127,4.69400221801809,4.896358307983373,1.7498793902808577e-09,1.7569533943974588e-09,0.30671189746416455,0.3491570182742551,0.3067118974641643,,0.0,1.0664799213409424,ok
B_alpha10,0.8,0.5,10.0,0.5623413251903491,17.78279410038923,0.6,20,200,5,1.0,predictive,P1 only (protect),coarse,0.31622776601683794,5,1.0,True,True,3.474306464532738e-13,4.0341073058453124e-13,52.40250341700001,9.999999999995968,2.5311855628541045,0.08004211500391656,7.3887723221460115,49.99999999997973,1.0480500683404252,0.4999999999997984,4.360899323150788,4.5704408336538975,1.3399139763249935e-05,1.3616172506157845e-05,0.8004211500391656,0.800041154759945,0.800421150039166,,0.0,1.0076825618743896,ok
B_alpha10,0.8,0.5,10.0,0.5623413251903491,17.78279410038923,0.6,20,200,5,1.0,predictive,P1 only (protect),coarse,1.333521432163324,5,1.0,True,True,3.8269549888503415e-13,4.443576649355119e-13,52.86341622436008,9.999999999995545,1.2934241606698254,0.1723155248164151,8.534260314518214,49.99999999997764,1.0572683244876744,0.49999999999977723,4.116368160575985,4.3521056681065815,0.0020873486743118574,0.0022041740122728977,1.723155248164151,1.5339409301497053,1.7231552481641537,,0.0,0.9651243686676025,ok
B_alpha10,0.8,0.5,10.0,0.5623413251903491,17.78279410038923,0.6,20,200,5,1.0,predictive,P1 only (protect),coarse,5.623413251903491,5,1.0,True,True,4.312479023612818e-13,5.007331192489881e-13,53.51273998509032,9.999999999994955,0.5424970599392464,0.30325531979703585,9.154247620268764,49.999999999974854,1.0702547997023446,0.49999999999974776,3.996198761892967,4.276950905480515,0.019378607197223615,0.022030108004333984,3.0325531979703584,2.5120007798003354,3.032553197970355,,0.0,1.0314033031463623,ok
B_alpha10,0.8,0.5,10.0,0.5623413251903491,17.78279410038923,0.6,20,200,5,1.0,predictive,P1 only (protect),coarse,23.71373705661655,5,1.0,True,True,4.871467744699607e-13,5.656387487190974e-13,54.17620280956838,9.999999999994348,0.18713063896191784,0.437497549071178,9.375371811972556,49.999999999971635,1.0835240561919823,0.4999999999997174,3.9665047550797974,4.297803321128847,0.04492130901876731,0.05473154763520542,4.37497549071178,3.51946135026624,4.374975490711792,,0.0,0.9438250064849854,ok
B_alpha10,0.8,0.5,10.0,0.5623413251903491,17.78279410038923,0.6,20,200,5,1.0,predictive,P1 only (protect),coarse,100.0,5,1.0,True,True,5.261795246959065e-13,6.109606868401908e-13,54.57731841971329,9.999999999993896,0.053670885941708,0.5184673887263483,9.427861725338047,49.999999999969404,1.0915463683949338,0.4999999999996948,3.9668408766288556,4.329990752884803,0.058692292796686536,0.07360057673341566,5.184673887263483,4.144317815604628,5.184673887263483,,0.0,0.9838368892669678,ok
B_alpha10,0.8,0.5,10.0,0.5623413251903491,17.78279410038923,0.6,20,200,5,1.0,predictive,P1 only (protect),coarse,421.6965034285823,5,1.0,True,True,5.407788845866094e-13,6.279123820609123e-13,54.71358146617381,9.999999999993697,0.014475286279330094,0.5459373331962921,9.43958738053068,49.99999999996858,1.0942716293241639,0.49999999999968486,3.968326969413954,4.342427618511628,0.06317921353731414,0.07975267574877248,5.459373331962921,4.360109327062308,5.459373331962932,,0.0,0.952214241027832,ok
B_alpha10,0.8,0.5,10.0,0.5623413251903491,17.78279410038923,0.6,20,200,5,1.0,predictive,P1 only (protect),coarse,1778.2794100389228,5,1.0,True,True,5.446735418758758e-13,6.324345695983531e-13,54.74879736001222,9.999999999993658,0.004561072941606895,0.5530351263942966,9.442403800670437,49.99999999996838,1.0949759472009368,0.4999999999996829,3.9687590701420947,4.34569572204115,0.06436409235141285,0.08135884963962788,5.530351263942967,4.416145566626791,5.530351263942989,,0.0,1.0053250789642334,ok
B_alpha10,0.8,0.5,10.0,0.5623413251903491,17.78279410038923,0.6,20,200,5,1.0,predictive,P1 only (protect),coarse,0.01778279410038923,10,1.0,True,True,2.9643834906088586e-13,3.442022521707033e-13,52.052559744559304,9.999999999996545,5.690905045461884,0.010119674813273867,4.298975279728298,49.99999999998279,1.0410511948915444,0.49999999999982725,5.047404682730651,5.254606676057921,4.7116150015736315e-06,4.72628048344648e-06,0.10119674813273867,0.1294319657222091,0.10119674813273882,,0.0,1.210707664489746,ok
B_alpha10,0.8,0.5,10.0,0.5623413251903491,17.78279410038923,0.6,20,200,5,1.0,predictive,P1 only (protect),coarse,0.07498942093324558,10,1.0,True,True,3.2021731969032083e-13,3.718126314054408e-13,52.153961682543176,9.999999999996257,4.093197787321163,0.030536844462200934,5.876265368220379,49.999999999981355,1.0430792336512524,0.49999999999981287,4.694657545225697,4.89689979452909,0.0021344145594938946,0.002162043323277121,0.30536844462200935,0.34733586105519876,0.30536844462200985,,0.0,1.1743621826171875,ok
B_alpha10,0.8,0.5,10.0,0.5623413251903491,17.78279410038923,0.6,20,200,5,1.0,predictive,P1 only (protect),coarse,0.31622776601683794,10,1.0,True,True,3.4596606880233724e-13,4.017101715054994e-13,52.35558195252013,9.999999999995977,2.617110829062334,0.07687927319021444,7.3060098977514745,49.99999999997982,1.0471116390508253,0.4999999999997988,4.3790938668390575,4.585400156463262,0.07612920630906285,0.08005893902625534,0.7687927319021444,0.7477714325202369,0.768792731902147,,0.0,1.2588694095611572,ok
B_alpha10,0.8,0.5,10.0,0.5623413251903491,17.78279410038923,0.6,20,200,5,1.0,predictive,P1 only (protect),coarse,1.333521432163324,10,1.0,True,True,3.7527696393292184e-13,4.3574381168100567e-13,52.61280559156424,9.99999999999564,1.6261569776790523,0.16999075270866001,8.203852269616647,49.999999999978115,1.0522561118317453,0.49999999999978206,4.1905546234824245,4.409536714524159,0.5241596204484017,0.6191229692067729,1.6999075270866002,1.2955650097714582,1.6999075270866004,,0.0,1.1924490928649902,ok
B_alpha10,0.8,0.5,10.0,0.5623413251903491,17.78279410038923,0.6,20,200,5,1.0,predictive,P1 only (protect),coarse,5.623413251903491,10,1.0,True,True,4.15151786273101e-13,4.820435015778389e-13,52.96295656082206,9.99999999999516,0.9724336581284211,0.35984377960860925,8.66772256226781,49.999999999975806,1.0592591312169537,0.49999999999975797,4.114463428325299,4.358282956511785,1.4646865377592189,2.174940150529943,3.5984377960860927,2.0716371977640975,3.5984377960860923,,0.0,1.1504857540130615,ok
B_alpha10,0.8,0.5,10.0,0.5623413251903491,17.78279410038923,0.6,20,200,5,1.0,predictive,P1 only (protect),coarse,23.71373705661655,10,1.0,True,True,4.648352119614457e-13,5.397322150814598e-13,53.43961455906976,9.9999999999946,0.4852871772112525,0.6103407643336627,8.904372058460485,49.99999999997303,1.0687922911819718,0.49999999999973,4.098750884304872,4.380713348620337,2.3047689162010765,4.236985366820371,6.103407643336627,2.9461788233499537,6.103407643336624,,0.0,1.1787662506103516,ok
B_alpha10,0.8,0.5,10.0,0.5623413251903491,17.78279410038923,0.6,20,200,5,1.0,predictive,P1 only (protect),coarse,100.0,10,1.0,True,True,5.020561127181053e-13,5.829503678157226e-13,53.81214235288162,9.999999999994168,0.23734841875191734,0.7677111128208642,8.99494046843305,49.9999999999708,1.076242847058261,0.4999999999997084,4.101986979285604,4.414734145182254,2.709047555819275,5.423562657761536,7.677111128208642,3.5059357252759953,7.677111128208638,,0.0,1.1829562187194824,ok
B_alpha10,0.8,0.5,10.0,0.5623413251903491,17.78279410038923,0.6,20,200,5,1.0,predictive,P1 only (protect),coarse,421.6965034285823,10,1.0,True,True,5.165116107675186e-13,5.997350213240789e-13,53.956711290961174,9.999999999993989,0.1575576339635119,0.8217245462473927,9.020717819795108,49.99999999996992,1.0791342258198726,0.49999999999969946,4.104295106426395,4.4290853222097395,2.851755130198811,5.814112061199253,8.217245462473926,3.703855489048964,8.217245462473938,,0.0,1.1775436401367188,ok
B_alpha10,0.8,0.5,10.0,0.5623413251903491,17.78279410038923,0.6,20,200,5,1.0,predictive,P1 only (protect),coarse,1778.2794100389228,10,1.0,True,True,5.204271399954602e-13,6.04281443810882e-13,53.99603027073544,9.99999999999395,0.1369132868007567,0.8358866178168638,9.027200095388428,49.99999999996981,1.079920605415361,0.49999999999969746,4.104962645107319,4.433033744911738,2.8920015691376904,5.915945212703589,8.358866178168638,3.7559348485508135,8.358866178168643,,0.0,1.136244773864746,ok
B_alpha10,0.8,0.5,10.0,0.5623413251903491,17.78279410038923,0.6,20,200,5,1.0,predictive,P1 only (protect),coarse,0.01778279410038923,15,1.0,True,True,2.920452846979063e-13,3.3910135125139135e-13,52.03287191081548,9.9999999999966,6.004263334476234,0.0084954775587403,3.987241187968425,49.99999999998299,1.0406574382166636,0.49999999999983,5.117483886749081,5.325547671699353,0.02937738692857745,0.029570734819927776,0.084954775587403,0.09133122583977814,0.084954775587403,,0.0,2.2260191440582275,ok
B_alpha10,0.8,0.5,10.0,0.5623413251903491,17.78279410038923,0.6,20,200,5,1.0,predictive,P1 only (protect),coarse,0.07498942093324558,15,1.0,True,True,3.023295863279298e-13,3.510427204697113e-13,52.04540020260944,9.999999999996488,5.346071686368217,0.024812224651540038,4.629116088983754,49.99999999998237,1.0409080040525558,0.4999999999998244,4.975138519807599,5.178661506537915,0.2008222224628902,0.20633832410703337,0.24812224651540038,0.16158886258976193,0.24812224651540052,,0.0,2.4108498096466064,ok
B_alpha10,0.8,0.5,10.0,0.5623413251903491,17.78279410038923,0.6,20,200,5,1.0,predictive,P1 only (protect),coarse,0.31622776601683794,15,1.0,True,True,3.086024839113147e-13,3.5832634445990904e-13,52.05316558354994,9.999999999996412,5.023496679302693,0.08627750397393244,4.890225816726963,49.999999999981945,1.0410633116713748,0.4999999999998206,4.925479184833305,5.127735671730984,0.868983003868056,0.9658340537706657,0.8627750397393243,0.3375260812902654,0.8627750397393242,,0.0,2.2424957752227783,ok
B_alpha10,0.8,0.5,10.0,0.5623413251903491,17.78279410038923,0.6,20,200,5,1.0,predictive,P1 only (protect),coarse,1.333521432163324,15,1.0,True,True,3.1737369040134266e-13,3.685108196783664e-13,52.06544924956407,9.999999999996307,4.56829345443792,0.31304048527441924,5.118666060291354,49.999999999981604,1.0413089849916646,0.49999999999981537,4.9080491454518285,5.11079567393965,2.6359504828087283,3.7261988374374315,3.1304048527441926,0.8655841022443976,3.130404852744192,,0.0,2.228079319000244,ok
B_alpha10,0.8,0.5,10.0,0.5623413251903491,17.78279410038923,0.6,20,200,5,1.0,predictive,P1 only (protect),coarse,5.623413251903491,15,1.0,True,True,3.341821045920392e-13,3.880275050992203e-13,52.10240410465724,9.999999999996126,3.506727900377042,0.9411462524332758,5.552125847193556,49.99999999998045,1.0420480820935523,0.49999999999980627,4.904727901578663,5.110962303030779,4.98428250890475,10.951010978331405,9.411462524332757,1.8831527449036185,9.411462524332748,,0.0,2.217507839202881,ok
B_alpha10,0.8,0.5,10.0,0.5623413251903491,17.78279410038923,0.6,20,200,5,1.0,predictive,P1 only (protect),coarse,23.71373705661655,15,1.0,True,True,3.625150188806553e-13,4.209255863339945e-13,52.24163147266863,9.99999999999576,2.0479493489064606,1.8438822608704302,6.10816839022735,49.99999999997879,1.0448326294538157,0.499999999999788,4.91505565016158,5.135410518870158,6.468673419025606,20.684151888067312,18.438822608704303,2.8477512476304163,18.438822608704236,,0.0,2.3419606685638428,ok
B_alpha10,0.8,0.5,10.0,0.5623413251903491,17.78279410038923,0.6,20,200,5,1.0,predictive,P1 only (protect),coarse,100.0,15,1.0,True,True,3.898795022470928e-13,4.5269919732870975e-13,52.46194732776748,9.999999999995453,1.166138133773046,2.401374129905843,6.432487736325658,49.99999999997751,1.0492389465558216,0.4999999999997726,4.925735414681883,5.168273437513522,7.150021676827241,26.4256465940771,24.01374129905843,3.3268377786314653,24.013741299058502,,0.0,2.2505414485931396,ok
B_alpha10,0.8,0.5,10.0,0.5623413251903491,17.78279410038923,0.6,20,200,5,1.0,predictive,P1 only (protect),coarse,421.6965034285823,15,1.0,True,True,4.02178898479535e-13,4.669803451271023e-13,52.57821352015633,9.99999999999535,0.871743142329626,2.5886005395489313,6.539656318126093,49.99999999997663,1.051564270403618,0.49999999999976746,4.929716822849715,5.1839140741164025,7.434296181982162,28.33068979980519,25.886005395489313,3.4741140028534176,25.8860053954892,,0.0,2.2772631645202637,ok
B_alpha10,0.8,0.5,10.0,0.5623413251903491,17.78279410038923,0.6,20,200,5,1.0,predictive,P1 only (protect),coarse,1778.2794100389228,15,1.0,True,True,4.0571675053734393e-13,4.710882368620143e-13,52.613337006579314,9.999999999995309,0.7949828626886342,2.637459780296515,6.567557357019542,49.99999999997643,1.0522667401320822,0.4999999999997654,4.930770722222324,5.188486034211597,7.524921668201399,28.82731506641756,26.37459780296515,3.5112408024327375,26.37459780296519,,0.0,2.2340404987335205,ok
B_alpha10,0.8,0.5,10.0,0.5623413251903491,17.78279410038923,0.6,20,200,5,1.0,predictive,P1 only (protect),coarse,0.01778279410038923,20,1.0,True,True,2.3141451031420204e-13,2.687013876484273e-13,52.00156293464114,9.99999999999732,9.984418372270996,0.009020348793415988,0.006561278938267634,49.99999999998662,1.040031258693101,0.499999999999866,6.01555644250221,6.256366738634967,0.11534587039928379,0.11667787239452568,0.09020348793415989,0.026475112664859128,0.09020348793415998,,0.0,7.120723009109497,ok
B_alpha10,0.8,0.5,10.0,0.5623413251903491,17.78279410038923,0.6,20,200,5,1.0,predictive,P1 only (protect),coarse,0.07498942093324558,20,1.0,True,True,2.314894511471893e-13,2.687884033914418e-13,52.001568428824505,9.999999999997309,9.934791991085296,0.037811585495256955,0.027396423422137772,49.99999999998658,1.0400313685767693,0.49999999999986544,6.0151862555984446,6.2559823936542225,0.46471031533016527,0.4871849568028592,0.37811585495256955,0.1090721952071829,0.3781158549525695,,0.0,7.094658374786377,ok
B_alpha10,0.8,0.5,10.0,0.5623413251903491,17.78279410038923,0.6,20,200,5,1.0,predictive,P1 only (protect),coarse,0.31622776601683794,20,1.0,True,True,2.318009458324241e-13,2.691500879418163e-13,52.00159195636744,9.999999999997309,9.733350324112367,0.1555660342247753,0.11108364166554985,49.999999999986485,1.04003183912763,0.49999999999986544,6.01401675046268,6.254768901528074,1.6485204658610655,1.9753775276598775,1.555660342247753,0.41973067174702194,1.555660342247753,,0.0,7.122466325759888,ok
B_alpha10,0.8,0.5,10.0,0.5623413251903491,17.78279410038923,0.6,20,200,5,1.0,predictive,P1 only (protect),coarse,1.333521432163324,20,1.0,True,True,2.330412253934695e-13,2.705902086784796e-13,52.00169965893666,9.999999999997291,8.995393645231013,0.5960136100174613,0.4085927447542339,49.99999999998646,1.0400339931790148,0.49999999999986455,6.01314205873372,6.253872146897513,4.152124799210005,7.265920650877244,5.960136100174614,1.305854689036845,5.96013610017462,,0.0,7.1039979457855225,ok
B_alpha10,0.8,0.5,10.0,0.5623413251903491,17.78279410038923,0.6,20,200,5,1.0,predictive,P1 only (protect),coarse,5.623413251903491,20,1.0,True,True,2.37347250754921e-13,2.7559004631145813e-13,52.002895564236745,9.999999999997264,6.994450268568926,1.8272955266489328,1.1782542047848779,49.99999999998622,1.0400579112850215,0.4999999999998632,6.024690619294363,6.266027141641757,6.515674857335559,20.95265192160756,18.272955266489326,2.6826541934303587,18.27295526648937,,0.0,7.1440370082855225,ok
B_alpha10,0.8,0.5,10.0,0.5623413251903491,17.78279410038923,0.6,20,200,5,1.0,predictive,P1 only (protect),coarse,23.71373705661655,20,1.0,True,True,2.4862349547775427e-13,2.8868318631350106e-13,52.037246349355456,9.999999999997094,4.159706762814109,3.6101636972348867,2.2301295399539107,49.999999999985455,1.0407449269874118,0.49999999999985467,6.055529276094989,6.302261374319614,7.6952248133846926,39.65793442619568,36.10163697234887,3.657227782970317,36.10163697234892,,0.0,7.027770280838013,ok
B_alpha10,0.8,0.5,10.0,0.5623413251903491,17.78279410038923,0.6,20,200,5,1.0,predictive,P1 only (protect),coarse,100.0,20,1.0,True,True,2.639620512047072e-13,3.0649318095348893e-13,52.15164323546225,9.999999999996954,2.427758225246359,4.710642186482658,2.8615995882740295,49.99999999998464,1.0430328647095655,0.4999999999998477,6.07858037178948,6.340159098554917,8.227569279899793,50.88723627603512,47.10642186482658,4.037590384472133,47.10642186482692,,0.0,7.135839462280273,ok
B_alpha10,0.8,0.5,10.0,0.5623413251903491,17.78279410038923,0.6,20,200,5,1.0,predictive,P1 only (protect),coarse,421.6965034285823,20,1.0,True,True,2.723384548362821e-13,3.1621924034018547e-13,52.23209450190378,9.999999999996893,1.8477317093330676,5.079946987165114,3.0723213035049257,49.99999999998422,1.0446418900384054,0.4999999999998447,6.086584569078199,6.358301208120443,8.47084061929263,54.634457150467846,50.79946987165114,4.138399436460302,50.79946987165174,,0.0,7.117231607437134,ok
B_alpha10,0.8,0.5,10.0,0.5623413251903491,17.78279410038923,0.6,20,200,5,1.0,predictive,P1 only (protect),coarse,1778.2794100389228,20,1.0,True,True,2.749472477548468e-13,3.19248377422771e-13,52.25908205646384,9.999999999996758,1.696287223081613,5.176393696743324,3.1273190801783044,49.999999999983885,1.0451816411296138,0.4999999999998379,6.088682544180871,6.363779213844195,8.555298471442836,55.61247128902804,51.763936967433246,4.162398537023457,51.76393696743334,,0.0,6.992934465408325,ok
B_alpha10,0.8,0.5,10.0,0.5623413251903491,17.78279410038923,0.6,20,200,5,1.0,predictive,P1+P2 (protect),coarse,0.01778279410038923,5,3.0,True,True,3.077395850162357e-13,3.573244102057842e-13,52.09070662367741,9.999999999996408,4.908570874159604,0.01773392219816873,5.073695203645819,49.99999999998208,1.0418141324739216,0.4999999999998204,4.873782286426634,5.07757526460033,1.1667073435333432e-11,1.1702006963007327e-11,0.1773392219816873,0.21457977345486284,0.17733922198168778,,0.0,1.0584921836853027,ok
B_alpha10,0.8,0.5,10.0,0.5623413251903491,17.78279410038923,0.6,20,200,5,1.0,predictive,P1+P2 (protect),coarse,0.07498942093324558,5,3.0,True,True,3.326926435213445e-13,3.8629805331524883e-13,52.254039597625535,9.999999999996097,3.288161139967966,0.05036782738741235,6.6614710326485245,49.999999999980695,1.0450807919529141,0.4999999999998049,4.520506990982746,4.724295026164933,5.715070954524625e-07,5.784745319836277e-07,0.5036782738741234,0.5370211348681405,0.5036782738741234,,0.0,1.003570795059204,ok
B_alpha10,0.8,0.5,10.0,0.5623413251903491,17.78279410038923,0.6,20,200,5,1.0,predictive,P1+P2 (protect),coarse,0.31622776601683794,5,3.0,True,True,3.6264150460611497e-13,4.2107245230926173e-13,52.60256573053127,9.999999999995802,1.843812511032692,0.12006610881253656,8.036121380158969,49.999999999978925,1.0520513146110688,0.4999999999997901,4.220884432328602,4.440587015852701,0.00048365767080097273,0.0005052252252998725,1.2006610881253656,1.1251077998713874,1.2006610881253694,,0.0,0.9429550170898438,ok
B_alpha10,0.8,0.5,10.0,0.5623413251903491,17.78279410038923,0.6,20,200,5,1.0,predictive,P1+P2 (protect),coarse,1.333521432163324,5,3.0,True,True,4.030632912663583e-13,4.680072366743702e-13,53.16442152365297,9.999999999995334,0.8443192741734328,0.23315227656457918,8.922528449266654,49.99999999997658,1.0632884304735575,0.4999999999997667,4.037928889363232,4.293483071134866,0.011937299973889806,0.013365490150023567,2.3315227656457918,1.9827994184463262,2.3315227656457904,,0.0,0.9975974559783936,ok
B_alpha10,0.8,0.5,10.0,0.5623413251903491,17.78279410038923,0.6,20,200,5,1.0,predictive,P1+P2 (protect),coarse,5.623413251903491,5,3.0,True,True,4.544790756818679e-13,5.277074368193125e-13,53.82988520602016,9.999999999994731,0.32205684804711293,0.3679896241485554,9.3099535278096,49.99999999997345,1.0765977041209749,0.49999999999973654,3.9708088991226447,4.274963744298575,0.03993987140902348,0.04815863840663188,3.679896241485554,2.9834644546775593,3.679896241485551,,0.0,0.9520096778869629,ok
B_alpha10,0.8,0.5,10.0,0.5623413251903491,17.78279410038923,0.6,20,200,5,1.0,predictive,P1+P2 (protect),coarse,23.71373705661655,5,3.0,True,True,5.014301784777233e-13,5.822235793817152e-13,54.34926484659386,9.999999999994158,0.10628170195223248,0.4728666134485956,9.420851684605015,49.99999999997085,1.086985296932511,0.4999999999997079,3.9615642659022066,4.306162109888935,0.057999484303860274,0.07249083350893801,4.728666134485956,3.7840244779025194,4.728666134485967,,0.0,0.9911725521087646,ok
B_alpha10,0.8,0.5,10.0,0.5623413251903491,17.78279410038923,0.6,20,200,5,1.0,predictive,P1+P2 (protect),coarse,100.0,5,3.0,True,True,5.298113660376997e-13,6.151777119701438e-13,54.61927720865327,9.999999999993857,0.03187697388802556,0.5271096906234742,9.441013335494643,49.999999999969205,1.0923855441737382,0.49999999999969286,3.965173764263756,4.331498500218693,0.06336790420977034,0.07993280149141617,5.271096906234742,4.209907257336171,5.271096906234754,,0.0,0.9589078426361084,ok
B_alpha10,0.8,0.5,10.0,0.5623413251903491,17.78279410038923,0.6,20,200,5,1.0,predictive,P1+P2 (protect),coarse,421.6965034285823,5,3.0,True,True,5.41471051092231e-13,6.287160745336331e-13,54.7218505196955,9.999999999993706,0.009311076352150626,0.5476574330601183,9.443031490594025,49.999999999968445,1.0944370103946006,0.4999999999996853,3.967808708771706,4.342516701045766,0.06445420878723085,0.0814599739309407,5.476574330601183,4.373137863057419,5.476574330601181,,0.0,1.0122425556182861,ok
B_alpha10,0.8,0.5,10.0,0.5623413251903491,17.78279410038923,0.6,20,200,5,1.0,predictive,P1+P2 (protect),coarse,1778.2794100389228,5,3.0,True,True,5.448218050434842e-13,6.326067218057007e-13,54.75061021581285,9.999999999993644,0.003344475760232405,0.5534138768138861,9.443241647432236,49.99999999996824,1.0950122043169526,0.4999999999996822,3.9686270229998946,4.34569502456694,0.06467799626448531,0.08177746308693022,5.534138768138861,4.41900827360287,5.534138768138865,,0.0,0.963780403137207,ok
B_alpha10,0.8,0.5,10.0,0.5623413251903491,17.78279410038923,0.6,20,200,5,1.0,predictive,P1+P2 (protect),coarse,0.01778279410038923,5,10.0,True,True,3.2494921558086266e-13,3.773069583939712e-13,52.191214391685705,9.999999999996206,3.749257702095977,0.037812910524660744,6.212929387383157,49.99999999998107,1.0438242878341093,0.49999999999981026,4.619804444598063,4.822264084315425,6.231723001829534e-08,6.29346685902878e-08,0.3781291052466074,0.4184507911549235,0.3781291052466092,,0.0,0.9679951667785645,ok
B_alpha10,0.8,0.5,10.0,0.5623413251903491,17.78279410038923,0.6,20,200,5,1.0,predictive,P1+P2 (protect),coarse,0.07498942093324558,5,10.0,True,True,3.526939201662285e-13,4.0952205413854286e-13,52.478789788101736,9.999999999995898,2.2186131179896753,0.09530168237340363,7.686085199641023,49.999999999979444,1.0495757957624663,0.49999999999979494,4.296124022598264,4.509107789712821,0.00015031151437223917,0.00015592069555270412,0.9530168237340363,0.9238113243574789,0.9530168237340378,,0.0,1.330796241760254,ok
B_alpha10,0.8,0.5,10.0,0.5623413251903491,17.78279410038923,0.6,20,200,5,1.0,predictive,P1+P2 (protect),coarse,0.31622776601683794,5,10.0,True,True,3.888322163121065e-13,4.514831666292012e-13,52.97990051648192,9.999999999995477,1.0762309393037062,0.19598599530670038,8.727783065394117,49.999999999977504,1.059598010330115,0.49999999999977385,4.076271599649357,4.319209276553614,0.007682194189726385,0.008503988521165063,1.9598599530670038,1.7017492651943633,1.9598599530670056,,0.0,1.0131070613861084,ok
B_alpha10,0.8,0.5,10.0,0.5623413251903491,17.78279410038923,0.6,20,200,5,1.0,predictive,P1+P2 (protect),coarse,1.333521432163324,5,10.0,True,True,4.355021698879461e-13,5.056728595659107e-13,53.61664191207167,9.999999999994916,0.4401170005974994,0.3250819366010897,9.234801062806495,49.99999999997464,1.0723328382419772,0.4999999999997458,3.981309420452155,4.269288830752981,0.03522205953299709,0.042125994024029965,3.250819366010897,2.6554868063609587,3.250819366010901,,0.0,0.9544496536254883,ok
B_alpha10,0.8,0.5,10.0,0.5623413251903491,17.78279410038923,0.6,20,200,5,1.0,predictive,P1+P2 (protect),coarse,5.623413251903491,5,10.0,True,True,4.802006267802801e-13,5.575733965817108e-13,54.14740417159937,9.999999999994403,0.16625422144424387,0.43248983505926175,9.401255943502091,49.99999999997197,1.0829480834325944,0.4999999999997201,3.9599124854906402,4.28837963672289,0.05715026758533268,0.07124414151398396,4.324898350592617,3.465956738566264,4.324898350592626,,0.0,0.9661550521850586,ok
B_alpha10,0.8,0.5,10.0,0.5623413251903491,17.78279410038923,0.6,20,200,5,1.0,predictive,P1+P2 (protect),coarse,23.71373705661655,5,10.0,True,True,5.103279710536065e-13,5.925550369981083e-13,54.44895432985443,9.999999999994078,0.06429212368215692,0.49314204126513084,9.442565835058636,49.99999999997033,1.088979086597735,0.4999999999997039,3.959715076269848,4.312046906943619,0.06439551920642331,0.0811824236088534,4.931420412651308,3.9392469592490786,4.931420412651304,,0.0,0.9975104331970215,ok
B_alpha10,0.8,0.5,10.0,0.5623413251903491,17.78279410038923,0.6,20,200,5,1.0,predictive,P1+P2 (protect),coarse,100.0,5,10.0,True,True,5.313539511781245e-13,6.169688475649433e-13,54.63659138747569,9.999999999993822,0.02303357328909007,0.5306664247478298,9.446300001969258,49.999999999969155,1.0927318277501878,0.4999999999996911,3.964516060105505,4.332152880504062,0.06519046708453888,0.08238033030384616,5.306664247478298,4.237172351503993,5.306664247478291,,0.0,1.0076866149902344,ok
B_alpha10,0.8,0.5,10.0,0.5623413251903491,17.78279410038923,0.6,20,200,5,1.0,predictive,P1+P2 (protect),coarse,421.6965034285823,5,10.0,True,True,5.417264744195927e-13,6.290126531803722e-13,54.72487824354386,9.99999999999369,0.007426662807337759,0.5482865909443394,9.444286746254631,49.99999999996844,1.0944975648715682,0.49999999999968453,3.967620158470262,4.342550601781047,0.06491349380348951,0.08207301160602812,5.482865909443394,4.3779190834317285,5.4828659094433885,,0.0,1.0274076461791992,ok
B_alpha10,0.8,0.5,10.0,0.5623413251903491,17.78279410038923,0.6,20,200,5,1.0,predictive,P1+P2 (protect),coarse,1778.2794100389228,5,10.0,True,True,5.448743826092494e-13,6.32667770980283e-13,54.751251850006405,9.999999999993639,0.002914223080628445,0.5535478906341736,9.443537886291558,49.99999999996827,1.095025037000823,0.4999999999996819,3.968580349674557,4.345694844243121,0.06478864080408824,0.08192488982201107,5.535478906341736,4.420022085849634,5.535478906341755,,0.0,0.9507958889007568,ok
B_alpha10,0.8,0.5,10.0,0.5623413251903491,17.78279410038923,0.6,20,200,5,1.0,predictive,P1+P2 (protect),coarse,0.01778279410038923,5,30.0,True,True,3.442603579133672e-13,3.997296263767832e-13,52.37815209514113,9.999999999995989,2.6144827094812864,0.07517713321158674,7.310340157311137,49.99999999998005,1.0475630419032407,0.49999999999979944,4.377861024009849,4.586085411341393,3.0317452240716475e-05,3.1161911838334306e-05,0.7517713321158674,0.7551333722016047,0.7517713321158673,,0.0,1.0069241523742676,ok
B_alpha10,0.8,0.5,10.0,0.5623413251903491,17.78279410038923,0.6,20,200,5,1.0,predictive,P1+P2 (protect),coarse,0.07498942093324558,5,30.0,True,True,3.7731386313309063e-13,4.381089081573949e-13,52.82006475225778,9.9999999999956,1.3405723682646014,0.16377474603193098,8.495652885707868,49.999999999977916,1.056401295045622,0.49999999999978,4.123793068423506,4.356380337982752,0.003839865548058199,0.0041744680584546836,1.6377474603193098,1.4586289952909435,1.637747460319305,,0.0,0.9680583477020264,ok
B_alpha10,0.8,0.5,10.0,0.5623413251903491,17.78279410038923,0.6,20,200,5,1.0,predictive,P1+P2 (protect),coarse,0.31622776601683794,5,30.0,True,True,4.2073326909809716e-13,4.885243060028451e-13,53.430912121440464,9.999999999995106,0.5753457501524845,0.28748503997186653,9.137169209880543,49.99999999997552,1.0686182424293325,0.4999999999997553,3.997679722412181,4.271993478759486,0.02782241464850398,0.03276430735915416,2.874850399718665,2.3745874105431364,2.874850399718659,,0.0,1.1524975299835205,ok
B_alpha10,0.8,0.5,10.0,0.5623413251903491,17.78279410038923,0.6,20,200,5,1.0,predictive,P1+P2 (protect),coarse,1.333521432163324,5,30.0,True,True,4.655303990895299e-13,5.405394149177559e-13,53.9951073442733,9.999999999994571,0.22883078629528997,0.40186328943244254,9.369305924277695,49.999999999973035,1.0799021468860484,0.49999999999972855,3.9625140389775506,4.279127417757963,0.053758534387520415,0.06663989227079557,4.018632894324425,3.228296027457114,4.018632894324425,,0.0,0.9619033336639404,ok
B_alpha10,0.8,0.5,10.0,0.5623413251903491,17.78279410038923,0.6,20,200,5,1.0,predictive,P1+P2 (protect),coarse,5.623413251903491,5,30.0,True,True,4.94243763846722e-13,5.738792470685074e-13,54.304742767818425,9.999999999994207,0.10198550021489695,0.46433404556728863,9.433680454223607,49.99999999997138,1.0860948553569902,0.49999999999971034,3.9573870194726894,4.298097682505821,0.0643893157947087,0.0810799626520355,4.643340455672886,3.7101638742175695,4.643340455672904,,0.0,0.9924666881561279,ok
B_alpha10,0.8,0.5,10.0,0.5623413251903491,17.78279410038923,0.6,20,200,5,1.0,predictive,P1+P2 (protect),coarse,23.71373705661655,5,30.0,True,True,5.13546030136163e-13,5.962916088199856e-13,54.48350099022109,9.99999999999401,0.05021153532540472,0.500155338662637,9.449633126017948,49.99999999997018,1.0896700198050717,0.4999999999997005,3.9591755240591135,4.31419487171325,0.06647598319985552,0.0839858337516963,5.0015533866263695,3.9935354148573694,5.001553386626365,,0.0,0.9517593383789062,ok
B_alpha10,0.8,0.5,10.0,0.5623413251903491,17.78279410038923,0.6,20,200,5,1.0,predictive,P1+P2 (protect),coarse,100.0,5,30.0,True,True,5.318260700668612e-13,6.175170370453268e-13,54.64183133957074,9.999999999993824,0.020370398398448543,0.5317418409842222,9.447887760623505,49.99999999996916,1.0928366267920888,0.4999999999996912,3.9643196148048347,4.332353675369029,0.06573135564469838,0.08310364666026275,5.3174184098422215,4.245446636844388,5.317418409842232,,0.0,0.9676275253295898,ok
B_alpha10,0.8,0.5,10.0,0.5623413251903491,17.78279410038923,0.6,20,200,5,1.0,predictive,P1+P2 (protect),coarse,421.6965034285823,5,30.0,True,True,5.418007744126388e-13,6.290989248283764e-13,54.72575659232445,9.999999999993738,0.006880587109184815,0.5484690466333911,9.444650366263685,49.99999999996845,1.0945151318471795,0.4999999999996869,3.9675655700356547,4.342560552999904,0.06504600326132558,0.08224967253261087,5.4846904663339116,4.3793072037366745,5.484690466333917,,0.0,0.9945340156555176,ok
B_alpha10,0.8,0.5,10.0,0.5623413251903491,17.78279410038923,0.6,20,200,5,1.0,predictive,P1+P2 (protect),coarse,1778.2794100389228,5,30.0,True,True,5.448894709114131e-13,6.326852903990604e-13,54.75143586091292,9.999999999993674,0.002790865683585348,0.5535863199774506,9.44362281434529,49.99999999996836,1.0950287172189515,0.4999999999996837,3.968566970390572,4.345694798784288,0.06482032827054274,0.08196709906719085,5.535863199774505,4.4203128893862,5.535863199774519,,0.0,1.0408456325531006,ok
B_alpha10,0.8,0.5,10.0,0.5623413251903491,17.78279410038923,0.6,20,200,5,1.0,predictive,P1+P2 (protect),coarse,0.01778279410038923,5,100.0,True,True,3.705720504105065e-13,4.302808146332933e-13,52.72548042484492,9.999999999995708,1.5319242388645813,0.1447535812125161,8.323322179927194,49.99999999997842,1.0545096084973535,0.4999999999997854,4.159808176659651,4.386557691793459,0.0021717432723089743,0.0023332282571766404,1.4475358121251611,1.3133253784260515,1.4475358121251622,,0.0,0.99367356300354,ok
B_alpha10,0.8,0.5,10.0,0.5623413251903491,17.78279410038923,0.6,20,200,5,1.0,predictive,P1+P2 (protect),coarse,0.07498942093324558,5,100.0,True,True,4.1199058925956127e-13,4.783729538036527e-13,53.31463882865446,9.99999999999522,0.6769997451181918,0.263906721440346,9.059093533446243,49.99999999997606,1.0662927765735997,0.49999999999976097,4.011746667627066,4.27769649313395,0.022673598932566135,0.02638105080948706,2.63906721440346,2.20004947647843,2.639067214403472,,0.0,0.9607810974121094,ok
B_alpha10,0.8,0.5,10.0,0.5623413251903491,17.78279410038923,0.6,20,200,5,1.0,predictive,P1+P2 (protect),coarse,0.31622776601683794,5,100.0,True,True,4.571442723468326e-13,5.308020657642291e-13,53.901173788007206,9.99999999999464,0.27363091079851715,0.3829091328429542,9.343459956363889,49.999999999973326,1.0780234757607192,0.49999999999973205,3.9654940256694946,4.274895652660596,0.050654096516824954,0.06246868002546403,3.829091328429542,3.0832892108028203,3.8290913284295414,,0.0,0.9946789741516113,ok
B_alpha10,0.8,0.5,10.0,0.5623413251903491,17.78279410038923,0.6,20,200,5,1.0,predictive,P1+P2 (protect),coarse,1.333521432163324,5,100.0,True,True,4.865170622708173e-13,5.649075735735654e-13,54.23356307041217,9.99999999999433,0.12622182026538536,0.45008022866352626,9.423697951076758,49.99999999997169,1.0846712614088574,0.4999999999997165,3.9574952923608078,4.292581410784612,0.06375673328960896,0.08019304382380756,4.500802286635262,3.597121541738567,4.500802286635251,,0.0,1.0600731372833252,ok
B_alpha10,0.8,0.5,10.0,0.5623413251903491,17.78279410038923,0.6,20,200,5,1.0,predictive,P1+P2 (protect),coarse,5.623413251903491,5,100.0,True,True,5.006076620155528e-13,5.812685342023644e-13,54.3722947036524,9.99999999999419,0.07600900344996372,0.47798625812702233,9.446004738428826,49.99999999997091,1.0874458940736806,0.49999999999970945,3.9566599923986834,4.302653662979549,0.06730414286817672,0.08501595190392325,4.779862581270224,3.8161623081978746,4.7798625812701925,,0.0,0.9860916137695312,ok
B_alpha10,0.8,0.5,10.0,0.5623413251903491,17.78279410038923,0.6,20,200,5,1.0,predictive,P1+P2 (protect),coarse,23.71373705661655,5,100.0,True,True,5.147623854399257e-13,5.977039504944846e-13,54.49635534023359,9.99999999999401,0.045019646272003846,0.5027633628634338,9.452216990870552,49.99999999997011,1.0899271068053233,0.4999999999997005,3.9589848611303506,4.315004915577878,0.06723558083694374,0.08500449206280407,5.027633628634338,4.013800789656262,5.027633628634328,,0.0,0.947974681854248,ok
B_alpha10,0.8,0.5,10.0,0.5623413251903491,17.78279410038923,0.6,20,200,5,1.0,predictive,P1+P2 (protect),coarse,100.0,5,100.0,True,True,5.319948417142243e-13,6.177130021801227e-13,54.643697834099754,9.99999999999378,0.019423093988115477,0.532124801501693,9.448452104516413,49.99999999996906,1.0928739566826713,0.49999999999968897,3.9642498997928586,4.332425473265505,0.06592288570561854,0.08335940394904731,5.32124801501693,4.248396522834203,5.3212480150169315,,0.0,1.0319163799285889,ok
B_alpha10,0.8,0.5,10.0,0.5623413251903491,17.78279410038923,0.6,20,200,5,1.0,predictive,P1+P2 (protect),coarse,421.6965034285823,5,100.0,True,True,5.418269207299505e-13,6.291292839951978e-13,54.72606543000892,9.999999999993681,0.006688642402752048,0.5485331933780553,9.44477816422551,49.99999999996848,1.0945213086008685,0.4999999999996841,3.9675463875062578,4.342564063987997,0.06509251811993852,0.08231166328578993,5.485331933780553,4.3797953981165,5.485331933780551,,0.0,0.9513859748840332,ok
B_alpha10,0.8,0.5,10.0,0.5623413251903491,17.78279410038923,0.6,20,200,5,1.0,predictive,P1+P2 (protect),coarse,1778.2794100389228,5,100.0,True,True,5.448947587924839e-13,6.326914302948497e-13,54.751500337110855,9.999999999993667,0.0027476454758537227,0.5535997849663117,9.443652569564168,49.99999999996838,1.0950300067429095,0.49999999999968336,3.96856228299686,4.345694783509708,0.06483142675395696,0.08198188148792855,5.535997849663117,4.420414791086447,5.535997849663129,,0.0,0.9577610492706299,ok
B_alpha10,0.8,0.5,10.0,0.5623413251903491,17.78279410038923,0.6,20,200,5,1.0,predictive,P1+P2 (protect),coarse,0.01778279410038923,10,3.0,True,True,3.0773610966108467e-13,3.57320374880821e-13,52.09059690235535,9.99999999999643,4.908801068033764,0.01772940336999379,5.073469528599812,49.9999999999821,1.04181193804748,0.4999999999998215,4.873832516413309,5.077616899643376,0.00022132341079124094,0.00022339467434146195,0.1772940336999379,0.21445689416641056,0.17729403369993782,,0.0,1.185816764831543,ok
B_alpha10,0.8,0.5,10.0,0.5623413251903491,17.78279410038923,0.6,20,200,5,1.0,predictive,P1+P2 (protect),coarse,0.07498942093324558,10,3.0,True,True,3.323280093652176e-13,3.858746671435783e-13,52.24252917143392,9.99999999999615,3.3110080140992904,0.05008826710774127,6.6389037187968185,49.99999999998078,1.04485058342908,0.49999999999980754,4.525555862550352,4.728529683326628,0.024994132857109688,0.025944289435213725,0.5008826710774127,0.5248536631308898,0.5008826710774142,,0.0,1.1728932857513428,ok
B_alpha10,0.8,0.5,10.0,0.5623413251903491,17.78279410038923,0.6,20,200,5,1.0,predictive,P1+P2 (protect),coarse,0.31622776601683794,10,3.0,True,True,3.5887104840748983e-13,4.166944778697399e-13,52.47677997670009,9.999999999995842,2.040208774572449,0.12345307217541074,7.8363381532563,49.999999999979075,1.0495355995344409,0.49999999999979206,4.266462503113197,4.4778042810961205,0.3223798835858661,0.3674092115879253,1.2345307217541075,1.0109987135246694,1.2345307217541064,,0.0,1.1436653137207031,ok
B_alpha10,0.8,0.5,10.0,0.5623413251903491,17.78279410038923,0.6,20,200,5,1.0,predictive,P1+P2 (protect),coarse,1.333521432163324,10,3.0,True,True,3.9208394273605573e-13,4.552588304625349e-13,52.781695827749445,9.999999999995474,1.216960387448624,0.28534434359657523,8.497695268959326,49.99999999997724,1.0556339165554693,0.4999999999997737,4.1416154261874984,4.372029713212858,1.191980625874854,1.6722816413805506,2.8534434359657523,1.7030194419901052,2.8534434359657617,,0.0,1.1927130222320557,ok
B_alpha10,0.8,0.5,10.0,0.5623413251903491,17.78279410038923,0.6,20,200,5,1.0,predictive,P1+P2 (protect),coarse,5.623413251903491,10,3.0,True,True,4.370826423931994e-13,5.075079871377667e-13,53.22882172142906,9.999999999994914,0.6263554474992702,0.5364920791150758,8.83715247339074,49.999999999974534,1.0645764344291233,0.4999999999997457,4.102808564594239,4.367753312841005,2.1470512717207995,3.801645167628794,5.364920791150758,2.573937862869986,5.364920791150749,,0.0,1.2623252868652344,ok
B_alpha10,0.8,0.5,10.0,0.5623413251903491,17.78279410038923,0.6,20,200,5,1.0,predictive,P1+P2 (protect),coarse,23.71373705661655,10,3.0,True,True,4.808675028996431e-13,5.583477236981368e-13,53.66992344814131,9.99999999999439,0.2946145642864558,0.7285359447576801,8.976849490961474,49.99999999997204,1.0733984689634264,0.4999999999997195,4.100176454836136,4.401123129100998,2.6549622840315807,5.259069356414563,7.285359447576801,3.2658902536212464,7.285359447576814,,0.0,1.1701383590698242,ok
B_alpha10,0.8,0.5,10.0,0.5623413251903491,17.78279410038923,0.6,20,200,5,1.0,predictive,P1+P2 (protect),coarse,100.0,10,3.0,True,True,5.071796959580105e-13,5.888994931357711e-13,53.90022145607131,9.99999999999413,0.1751349703892181,0.8080209629652527,9.0168440666514,49.99999999997053,1.0780044291220616,0.49999999999970646,4.103108069353631,4.423168671929686,2.8373452597449185,5.773326086557939,8.080209629652527,3.6068766487185733,8.080209629652538,,0.0,1.14146089553833,ok
B_alpha10,0.8,0.5,10.0,0.5623413251903491,17.78279410038923,0.6,20,200,5,1.0,predictive,P1+P2 (protect),coarse,421.6965034285823,10,3.0,True,True,5.1770981509228e-13,6.01126287427172e-13,53.98015653624565,9.999999999993975,0.14151301698426147,0.832180150693491,9.026306832328274,49.999999999969916,1.0796031307255627,0.49999999999969874,4.104606731530919,4.431346277757999,2.888494709845876,5.906486958043438,8.32180150693491,3.7284448580152523,8.321801506934918,,0.0,1.1778311729431152,ok
B_alpha10,0.8,0.5,10.0,0.5623413251903491,17.78279410038923,0.6,20,200,5,1.0,predictive,P1+P2 (protect),coarse,1778.2794100389228,10,3.0,True,True,5.207065306568796e-13,6.046058515506508e-13,54.00174317100413,9.999999999993964,0.1330319860847525,0.8384188709409023,9.028549142980381,49.999999999969724,1.0800348634207366,0.4999999999996982,4.105039146770978,4.433585394219571,2.901217861157124,5.938457050379203,8.384188709409022,3.761768862776369,8.384188709409006,,0.0,1.1419246196746826,ok
B_alpha10,0.8,0.5,10.0,0.5623413251903491,17.78279410038923,0.6,20,200,5,1.0,predictive,P1+P2 (protect),coarse,0.01778279410038923,10,10.0,True,True,3.2481907131030635e-13,3.7715584450748893e-13,52.18712002436754,9.999999999996215,3.7576387641262894,0.03782022712296895,6.204541008754527,49.99999999998103,1.0437424004877467,0.4999999999998107,4.621697862513992,4.823862021349441,0.010269878138328987,0.010583761572944876,0.3782022712296895,0.41428454852625823,0.37820227122968986,,0.0,1.1686060428619385,ok
B_alpha10,0.8,0.5,10.0,0.5623413251903491,17.78279410038923,0.6,20,200,5,1.0,predictive,P1+P2 (protect),coarse,0.07498942093324558,10,10.0,True,True,3.504038087818606e-13,4.0686294644003914e-13,52.403279426268114,9.99999999999592,2.3463746543292974,0.09885271254393727,7.554772633130845,49.99999999997979,1.048065588525786,0.499999999999796,4.326280608381572,4.534225831951128,0.21466271365209869,0.23942310046158838,0.9885271254393726,0.857067509621309,0.9885271254393733,,0.0,1.1302869319915771,ok
B_alpha10,0.8,0.5,10.0,0.5623413251903491,17.78279410038923,0.6,20,200,5,1.0,predictive,P1+P2 (protect),coarse,0.31622776601683794,10,10.0,True,True,3.8036539472880563e-13,4.4165212059098567e-13,52.683789234076485,9.999999999995584,1.4029343610340055,0.2409212106869676,8.356144428283443,49.99999999997785,1.0536757846819964,0.4999999999997792,4.166866713429365,4.390526553937978,0.9984765825605754,1.3478948646938562,2.409212106869676,1.4953500922514638,2.409212106869668,,0.0,1.1855344772338867,ok
B_alpha10,0.8,0.5,10.0,0.5623413251903491,17.78279410038923,0.6,20,200,5,1.0,predictive,P1+P2 (protect),coarse,1.333521432163324,10,10.0,True,True,4.2080045289222605e-13,4.886023148298003e-13,53.0962720547957,9.999999999995108,0.7441308147999421,0.4845875667979148,8.771281618407036,49.99999999997553,1.0619254410964336,0.4999999999997554,4.10986221561193,4.364367246159264,2.0121217754619014,3.457674837989637,4.845875667979148,2.3351117569439213,4.84587566797915,,0.0,1.3252754211425781,ok
B_alpha10,0.8,0.5,10.0,0.5623413251903491,17.78279410038923,0.6,20,200,5,1.0,predictive,P1+P2 (protect),coarse,5.623413251903491,10,10.0,True,True,4.626758450536743e-13,5.372249182026542e-13,53.54604799243617,9.999999999994607,0.35312851955780156,0.6942082649585682,8.952663215489023,49.99999999997309,1.0709209598492997,0.4999999999997303,4.1004699799271,4.391279246736769,2.607155004064991,5.114990416339079,6.942082649585682,3.0544532969699953,6.942082649585686,,0.0,1.1678271293640137,ok
B_alpha10,0.8,0.5,10.0,0.5623413251903491,17.78279410038923,0.6,20,200,5,1.0,predictive,P1+P2 (protect),coarse,23.71373705661655,10,10.0,True,True,4.908997616690586e-13,5.699964394223354e-13,53.808683436509625,9.999999999994257,0.2006461312253113,0.7884894079293543,9.010864460851078,49.999999999971415,1.0761736687308077,0.49999999999971284,4.101519607041975,4.4139474028817025,2.8307467576630874,5.749250740010839,7.884894079293543,3.441297625002381,7.884894079293519,,0.0,1.1901028156280518,ok
B_alpha10,0.8,0.5,10.0,0.5623413251903491,17.78279410038923,0.6,20,200,5,1.0,predictive,P1+P2 (protect),coarse,100.0,10,10.0,True,True,5.093320683349359e-13,5.9139866849911e-13,53.93651030252954,9.999999999994051,0.1510077501890141,0.8236894811748849,9.02530276864205,49.99999999997041,1.0787302060512292,0.49999999999970257,4.103556307479535,4.426630141110221,2.8900316020275425,5.9075265926858,8.236894811748849,3.6471981101333046,8.236894811748865,,0.0,1.1454534530639648,ok
B_alpha10,0.8,0.5,10.0,0.5623413251903491,17.78279410038923,0.6,20,200,5,1.0,predictive,P1+P2 (protect),coarse,421.6965034285823,10,10.0,True,True,5.181492131620199e-13,6.016364839166637e-13,53.98870913085026,9.999999999993992,0.13574898289180728,0.8359356013271676,9.028315415787034,49.99999999996992,1.0797741826176548,0.49999999999969963,4.104718408937327,4.432168964885943,2.901991024292758,5.939579832439848,8.359356013271675,3.7373370776001043,8.359356013271679,,0.0,1.1807844638824463,ok
B_alpha10,0.8,0.5,10.0,0.5623413251903491,17.78279410038923,0.6,20,200,5,1.0,predictive,P1+P2 (protect),coarse,1778.2794100389228,10,10.0,True,True,5.208054226608761e-13,6.047206776201218e-13,54.00376273922403,9.999999999993946,0.1316649524905621,0.8393106657850715,9.029024381730421,49.99999999996972,1.0800752547851347,0.4999999999996973,4.105066057422036,4.433780267879913,2.904483448186395,5.946380573469066,8.393106657850716,3.7638267591838153,8.393106657850723,,0.0,1.146221399307251,ok
B_alpha10,0.8,0.5,10.0,0.5623413251903491,17.78279410038923,0.6,20,200,5,1.0,predictive,P1+P2 (protect),coarse,0.01778279410038923,10,30.0,True,True,3.4298692211852525e-13,3.982510070621153e-13,52.33681953928012,9.999999999995978,2.68962742189834,0.07695691214566006,7.233415665960022,49.99999999997997,1.0467363907860217,0.49999999999979894,4.395481930678216,4.60091089188329,0.11861453646135967,0.1287716240036671,0.7695691214566005,0.7177262928573857,0.7695691214566032,,0.0,1.186479091644287,ok
B_alpha10,0.8,0.5,10.0,0.5623413251903491,17.78279410038923,0.6,20,200,5,1.0,predictive,P1+P2 (protect),coarse,0.07498942093324558,10,30.0,True,True,3.7086294076597864e-13,4.3061857496001576e-13,52.59652297891674,9.99999999999569,1.6222106059308297,0.1936214150715877,8.184167979001892,49.99999999997853,1.0519304595787866,0.4999999999997845,4.1985490258077185,4.41658160628198,0.7525942218326506,0.9617126352147908,1.936214150715877,1.298125551329066,1.93621415071588,,0.0,1.1478066444396973,ok
B_alpha10,0.8,0.5,10.0,0.5623413251903491,17.78279410038923,0.6,20,200,5,1.0,predictive,P1+P2 (protect),coarse,0.31622776601683794,10,30.0,True,True,4.0778191805996734e-13,4.734861565566278e-13,52.96889517378365,9.999999999995241,0.8955874883988427,0.41935681495441884,8.685055696651498,49.99999999997633,1.0593779034761746,0.4999999999997621,4.119503565617691,4.364111050706695,1.7933977973258146,2.929218626255089,4.1935681495441886,2.099292277610682,4.19356814954419,,0.0,1.1822969913482666,ok
B_alpha10,0.8,0.5,10.0,0.5623413251903491,17.78279410038923,0.6,20,200,5,1.0,predictive,P1+P2 (protect),coarse,1.333521432163324,10,30.0,True,True,4.493543956409178e-13,5.217570379625396e-13,53.42833324381051,9.999999999994754,0.4314751329182995,0.6511469289922036,8.917377938094743,49.99999999997393,1.0685666648767673,0.4999999999997377,4.10195383464529,4.383211128565384,2.5098081669992482,4.831649035366234,6.5114692899220366,2.868919856210918,6.511469289922033,,0.0,1.2706577777862549,ok
B_alpha10,0.8,0.5,10.0,0.5623413251903491,17.78279410038923,0.6,20,200,5,1.0,predictive,P1+P2 (protect),coarse,5.623413251903491,10,30.0,True,True,4.770659474916155e-13,5.539336391777442e-13,53.72057601690606,9.99999999999443,0.23603836904024084,0.7663864248508925,8.997575206114437,49.99999999997219,1.0744115203387188,0.49999999999972145,4.101193391608393,4.4063694270810805,2.8050139065074275,5.675523101079864,7.663864248508925,3.2910567070923906,7.663864248508907,,0.0,1.1913716793060303,ok
B_alpha10,0.8,0.5,10.0,0.5623413251903491,17.78279410038923,0.6,20,200,5,1.0,predictive,P1+P2 (protect),coarse,23.71373705661655,10,30.0,True,True,4.945372941619629e-13,5.742200726956069e-13,53.857842877975365,9.99999999999425,0.169942976615283,0.8082695191288443,9.021787504261622,49.99999999997118,1.0771568575601282,0.4999999999997125,4.102030270008589,4.418530035258976,2.8920804545373353,5.907584778771418,8.082695191288442,3.501240647763599,8.082695191288446,,0.0,1.1394085884094238,ok
B_alpha10,0.8,0.5,10.0,0.5623413251903491,17.78279410038923,0.6,20,200,5,1.0,predictive,P1+P2 (protect),coarse,100.0,10,30.0,True,True,5.099882359383135e-13,5.921605617133763e-13,53.947489008828015,9.999999999994069,0.1438617950970953,0.8283321622116966,9.02780604269714,49.99999999997048,1.0789497801771974,0.49999999999970346,4.103689820978487,4.427675230260141,2.906103428402561,5.947119867695051,8.283321622116965,3.659265147643789,8.283321622116953,,0.0,1.1899795532226562,ok
B_alpha10,0.8,0.5,10.0,0.5623413251903491,17.78279410038923,0.6,20,200,5,1.0,predictive,P1+P2 (protect),coarse,421.6965034285823,10,30.0,True,True,5.18276756709938e-13,6.017845780365207e-13,53.991187132220496,9.999999999993992,0.1340875391107433,0.8370179799464896,9.028894480948775,49.999999999969944,1.079823742645059,0.49999999999969963,4.104750559870937,4.4324071121842366,2.905913632285421,5.949109471885157,8.370179799464896,3.7399059100004717,8.370179799464918,,0.0,1.2088286876678467,ok
B_alpha10,0.8,0.5,10.0,0.5623413251903491,17.78279410038923,0.6,20,200,5,1.0,predictive,P1+P2 (protect),coarse,1778.2794100389228,10,30.0,True,True,5.208337840134612e-13,6.04753608721835e-13,54.00434168748902,9.999999999993936,0.1312735483572775,0.8395659921124848,9.029160459536302,49.99999999996968,1.0800868337504352,0.4999999999996968,4.105073758938993,4.433836118604415,2.90542035947708,5.9486486915004155,8.395659921124848,3.764416265324658,8.395659921124832,,0.0,1.1347017288208008,ok
B_alpha10,0.8,0.5,10.0,0.5623413251903491,17.78279410038923,0.6,20,200,5,1.0,predictive,P1+P2 (protect),coarse,0.01778279410038923,10,100.0,True,True,3.653109813312112e-13,4.241720509346603e-13,52.54481970095056,9.999999999995755,1.7785717402327812,0.1661787150616121,8.055249544709852,49.999999999978634,1.0508963940194602,0.4999999999997877,4.223504315022901,4.438465454783198,0.600567984013928,0.7410966908176463,1.661787150616121,1.1793342259924648,1.661787150616125,,0.0,1.1943633556365967,ok
B_alpha10,0.8,0.5,10.0,0.5623413251903491,17.78279410038923,0.6,20,200,5,1.0,predictive,P1+P2 (protect),coarse,0.07498942093324558,10,100.0,True,True,4.001381316717585e-13,4.646107580304648e-13,52.8914895171987,9.999999999995335,1.0052917684839433,0.375697054377378,8.619011177143344,49.99999999997682,1.0578297903444644,0.49999999999976674,4.127836337971809,4.366548247972981,1.628194442249573,2.5586159256010843,3.7569705437737797,1.9478827985730214,3.7569705437737797,,0.0,1.1355235576629639,ok
B_alpha10,0.8,0.5,10.0,0.5623413251903491,17.78279410038923,0.6,20,200,5,1.0,predictive,P1+P2 (protect),coarse,0.31622776601683794,10,100.0,True,True,4.415593672404542e-13,5.127060284175763e-13,53.35020682960035,9.999999999994852,0.49180301436639984,0.6187283420558044,8.889468643582942,49.999999999974264,1.0670041365925562,0.4999999999997426,4.103374340449093,4.378317395246935,2.42708012941422,4.593427840805649,6.187283420558044,2.747020066692526,6.187283420558038,,0.0,1.1803929805755615,ok
B_alpha10,0.8,0.5,10.0,0.5623413251903491,17.78279410038923,0.6,20,200,5,1.0,predictive,P1+P2 (protect),coarse,1.333521432163324,10,100.0,True,True,4.701783105079722e-13,5.459362253324956e-13,53.669909805544016,9.999999999994527,0.26241064297258115,0.7515087931298057,8.986080563903085,49.99999999997246,1.0733981961114716,0.49999999999972633,4.101548968165785,4.402595263692021,2.7781295434720272,5.600609463519867,7.515087931298057,3.209989790838379,7.51508793129804,,0.0,1.2774808406829834,ok
B_alpha10,0.8,0.5,10.0,0.5623413251903491,17.78279410038923,0.6,20,200,5,1.0,predictive,P1+P2 (protect),coarse,5.623413251903491,10,100.0,True,True,4.836689823798419e-13,5.616005941562138e-13,53.79905524498278,9.999999999994376,0.18835984594534821,0.7964542988597351,9.01518585520054,49.99999999997177,1.0759811049002632,0.4999999999997188,4.101742608210287,4.413397543598593,2.891706331771014,5.903025863332182,7.96454298859735,3.3930342449021142,7.964542988597354,,0.0,1.1881349086761475,ok
B_alpha10,0.8,0.5,10.0,0.5623413251903491,17.78279410038923,0.6,20,200,5,1.0,predictive,P1+P2 (protect),coarse,23.71373705661655,10,100.0,True,True,4.959135807551349e-13,5.758181147363766e-13,53.87628180414369,9.999999999994213,0.15872472482339528,0.8155162075654798,9.025759067616912,49.99999999997117,1.077525636083495,0.4999999999997106,4.102224176941753,4.420251715616255,2.915316092899414,5.965223195278413,8.155162075654799,3.5234593408864465,8.155162075654802,,0.0,1.138864278793335,ok
B_alpha10,0.8,0.5,10.0,0.5623413251903491,17.78279410038923,0.6,20,200,5,1.0,predictive,P1+P2 (protect),coarse,100.0,10,100.0,True,True,5.102225173653099e-13,5.924325919515918e-13,53.95139937383692,9.999999999994065,0.14133306832101,0.8299752034385361,9.028691728246388,49.99999999997035,1.0790279874773783,0.49999999999970324,4.103737121202989,4.428047207027871,2.9118498878546912,5.9611138209170695,8.299752034385362,3.6635488571249812,8.29975203438536,,0.0,1.2485342025756836,ok
B_alpha10,0.8,0.5,10.0,0.5623413251903491,17.78279410038923,0.6,20,200,5,1.0,predictive,P1+P2 (protect),coarse,421.6965034285823,10,100.0,True,True,5.183216105478427e-13,6.018366589904781e-13,53.992058095449195,9.999999999993964,0.13350448716387062,0.8373978077353788,9.029097705106787,49.99999999996982,1.0798411619096355,0.4999999999996982,4.104761838000401,4.432490792508685,2.9072937571495876,5.9524527434916905,8.373978077353787,3.7408079972347617,8.373978077353822,,0.0,1.136453628540039,ok
B_alpha10,0.8,0.5,10.0,0.5623413251903491,17.78279410038923,0.6,20,200,5,1.0,predictive,P1+P2 (protect),coarse,1778.2794100389228,10,100.0,True,True,5.20843721712495e-13,6.047651476418034e-13,54.004544522575294,9.999999999993944,0.13113647026769684,0.8396554118661016,9.029208117872258,49.999999999969624,1.080090890452162,0.49999999999969724,4.105076455805889,4.4338556845255885,2.905748689675393,5.949442980488598,8.396554118661015,3.7646227541777693,8.39655411866102,,0.0,1.177887201309204,ok
B_alpha10,0.8,0.5,10.0,0.5623413251903491,17.78279410038923,0.6,20,200,5,1.0,predictive,P1+P2 (protect),coarse,0.01778279410038923,20,3.0,True,True,2.3146115070465117e-13,2.6875554301430207e-13,52.00156634674396,9.999999999997325,9.95347697737772,0.026960399088104343,0.01956262353685112,49.99999999998656,1.0400313269351589,0.4999999999998662,6.015321535220824,6.256122838217351,0.33627811236948824,0.34787810641933536,0.2696039908810434,0.07827631005519786,0.26960399088104336,,0.0,7.143975019454956,ok
B_alpha10,0.8,0.5,10.0,0.5623413251903491,17.78279410038923,0.6,20,200,5,1.0,predictive,P1+P2 (protect),coarse,0.07498942093324558,20,3.0,True,True,2.3168395613232693e-13,2.690142481696273e-13,52.00158298514336,9.99999999999732,9.808128886002581,0.11169730608301799,0.08017380791708106,49.99999999998652,1.0400316597031476,0.499999999999866,6.014392132275636,6.255158231436182,1.2478401106677033,1.4257143184336771,1.11697306083018,0.3087507271401591,1.1169730608301809,,0.0,7.138686180114746,ok
B_alpha10,0.8,0.5,10.0,0.5623413251903491,17.78279410038923,0.6,20,200,5,1.0,predictive,P1+P2 (protect),coarse,0.31622776601683794,20,3.0,True,True,2.3258511638159993e-13,2.700606086859109e-13,52.00165696437785,9.9999999999973,9.25608495717631,0.43909089109552124,0.30482415173086963,49.99999999998651,1.0400331392878377,0.499999999999865,6.012951086552568,6.2536683949314815,3.485836160466987,5.4206251270558905,4.390908910955212,1.0297615101071367,4.390908910955214,,0.0,7.064372777938843,ok
B_alpha10,0.8,0.5,10.0,0.5623413251903491,17.78279410038923,0.6,20,200,5,1.0,predictive,P1+P2 (protect),coarse,1.333521432163324,20,3.0,True,True,2.358569268973379e-13,2.738595926590922e-13,52.0021922090244,9.99999999999726,7.603990789247809,1.4486386248966054,0.9473705858583239,49.99999999998636,1.0400438441807718,0.49999999999986305,6.01982822435243,6.260885287763411,6.067864368498185,16.846896065083392,14.486386248966054,2.361401277854507,14.486386248966083,,0.0,7.077275276184082,ok
B_alpha10,0.8,0.5,10.0,0.5623413251903491,17.78279410038923,0.6,20,200,5,1.0,predictive,P1+P2 (protect),coarse,5.623413251903491,20,3.0,True,True,2.4518542038887973e-13,2.846911482159416e-13,52.020820286367204,9.999999999997181,4.787492153837982,3.2129065886784396,1.9996012574863977,49.999999999985796,1.0404164057276397,0.49999999999985906,6.047789399210262,6.292219309324063,7.498097120400853,35.55849744476011,32.129065886784396,3.4888059974534253,32.12906588678436,,0.0,7.109630107879639,ok
B_alpha10,0.8,0.5,10.0,0.5623413251903491,17.78279410038923,0.6,20,200,5,1.0,predictive,P1+P2 (protect),coarse,23.71373705661655,20,3.0,True,True,2.6071632981305437e-13,3.0272448971236544e-13,52.12331852994914,9.999999999996957,2.7026677465642033,4.535677738803568,2.7616545146352713,49.99999999998481,1.0424663705992996,0.49999999999984784,6.074813527846147,6.3327888104413,8.134063413805253,49.1099336101685,45.35677738803568,3.9850161539777247,45.35677738803595,,0.0,6.937024354934692,ok
B_alpha10,0.8,0.5,10.0,0.5623413251903491,17.78279410038923,0.6,20,200,5,1.0,predictive,P1+P2 (protect),coarse,100.0,20,3.0,True,True,2.7106738679080277e-13,3.14743370284196e-13,52.2192630419469,9.99999999999683,1.9259340129918705,5.030147036082681,3.043918950928619,49.999999999984205,1.044385260839268,0.49999999999984146,6.085502284747984,6.3556088909944854,8.432033340286246,54.129383962635664,50.30147036082681,4.125626025419674,50.30147036082704,,0.0,7.130100250244141,ok
B_alpha10,0.8,0.5,10.0,0.5623413251903491,17.78279410038923,0.6,20,200,5,1.0,predictive,P1+P2 (protect),coarse,421.6965034285823,20,3.0,True,True,2.746012954634075e-13,3.1884668324942883e-13,52.25545370314355,9.99999999999682,1.7157084243151843,5.16402501568463,3.1202665600033654,49.99999999998388,1.045109074063208,0.499999999999841,6.088413357420325,6.363056046487624,8.543633723358708,55.487057774869534,51.6402501568463,4.159375503742737,51.64025015684632,,0.0,7.070394515991211,ok
B_alpha10,0.8,0.5,10.0,0.5623413251903491,17.78279410038923,0.6,20,200,5,1.0,predictive,P1+P2 (protect),coarse,1778.2794100389228,20,3.0,True,True,2.7552720090435634e-13,3.19921776058183e-13,52.26519810462451,9.999999999996815,1.664161377996939,5.196853756103097,3.1389848659031485,49.999999999984176,1.045303962092821,0.49999999999984074,6.089127912158019,6.364989532268765,8.575241619324814,55.81992155459394,51.96853756103097,4.1673637368023355,51.968537561030985,,0.0,7.291429281234741,ok
B_alpha10,0.8,0.5,10.0,0.5623413251903491,17.78279410038923,0.6,20,200,5,1.0,predictive,P1+P2 (protect),coarse,0.01778279410038923,20,10.0,True,True,2.316231239471105e-13,2.6894361434310853e-13,52.001578385453044,9.999999999997325,9.847421664994203,0.08871806158424775,0.06386027342422551,49.99999999998662,1.0400315677093392,0.4999999999998662,6.014616375356152,6.255390898031922,1.0200450947525723,1.135614093497755,0.8871806158424775,0.24844091427345202,0.8871806158424771,,0.0,7.257245063781738,ok
B_alpha10,0.8,0.5,10.0,0.5623413251903491,17.78279410038923,0.6,20,200,5,1.0,predictive,P1+P2 (protect),coarse,0.07498942093324558,20,10.0,True,True,2.323434656344905e-13,2.697800217417403e-13,52.00163593534379,9.999999999997305,9.3990084241933,0.35361785667264284,0.24737371913675332,49.999999999986514,1.0400327187071563,0.4999999999998653,6.013056754147685,6.253775763756646,3.037744476925714,4.398995913256351,3.5361785667264285,0.862851729945488,3.5361785667264263,,0.0,7.114468336105347,ok
B_alpha10,0.8,0.5,10.0,0.5623413251903491,17.78279410038923,0.6,20,200,5,1.0,predictive,P1+P2 (protect),coarse,0.31622776601683794,20,10.0,True,True,2.3502825480528894e-13,2.7289740001878033e-13,52.001978002689924,9.999999999997268,7.978446236212689,1.2172879288544338,0.8042658349356087,49.99999999998635,1.0400395600540824,0.4999999999998634,6.017317645024411,6.258248396236856,5.713611980337555,14.302093744637416,12.172879288544339,2.129628818017204,12.172879288544335,,0.0,7.028223991394043,ok
B_alpha10,0.8,0.5,10.0,0.5623413251903491,17.78279410038923,0.6,20,200,5,1.0,predictive,P1+P2 (protect),coarse,1.333521432163324,20,10.0,True,True,2.4307457811187003e-13,2.822401945386717e-13,52.013217905361095,9.999999999997186,5.253947281794601,2.91851994240758,1.8275327758006332,49.99999999998589,1.0402643581075155,0.49999999999985933,6.042332587350824,6.285623230452628,7.33747378076643,32.498639063775556,29.185199424075797,3.3504236161670464,29.185199424075865,,0.0,7.038844585418701,ok
B_alpha10,0.8,0.5,10.0,0.5623413251903491,17.78279410038923,0.6,20,200,5,1.0,predictive,P1+P2 (protect),coarse,5.623413251903491,20,10.0,True,True,2.582392094326205e-13,2.9984824102905943e-13,52.102951842284135,9.999999999996984,2.9376154318364844,4.386203689055328,2.6761808791112034,49.99999999998507,1.0420590368459939,0.4999999999998492,6.071615653047017,6.326981959513234,8.059464023833844,47.58997354863228,43.862036890553284,3.9377201875276007,43.86203689055343,,0.0,7.076106071472168,ok
B_alpha10,0.8,0.5,10.0,0.5623413251903491,17.78279410038923,0.6,20,200,5,1.0,predictive,P1+P2 (protect),coarse,23.71373705661655,20,10.0,True,True,2.699634561152599e-13,3.1346156776100037e-13,52.20829230197244,9.999999999996856,1.9964009126496316,4.9852748760384,3.0183242113151127,49.99999999998424,1.044165846039778,0.4999999999998428,6.08452773697454,6.353256052230516,8.399205919417552,53.674237978035634,49.852748760383996,4.11389533845649,49.85274876038419,,0.0,7.10722804069519,ok
B_alpha10,0.8,0.5,10.0,0.5623413251903491,17.78279410038923,0.6,20,200,5,1.0,predictive,P1+P2 (protect),coarse,100.0,20,10.0,True,True,2.7428801957558366e-13,3.184829304953639e-13,52.25218100974358,9.99999999999677,1.7334644928464915,5.152716894647999,3.113818612508739,49.999999999984084,1.0450436201952042,0.4999999999998385,6.088167286060795,6.362400380978984,8.533208789194347,55.37239525220147,51.52716894647999,4.15659756940214,51.52716894647982,,0.0,6.959864854812622,ok
B_alpha10,0.8,0.5,10.0,0.5623413251903491,17.78279410038923,0.6,20,200,5,1.0,predictive,P1+P2 (protect),coarse,421.6965034285823,20,10.0,True,True,2.7544950133483683e-13,3.1983155707388885e-13,52.26437627825984,9.999999999996813,1.6684344837045773,5.194132316741484,3.137433199557125,49.999999999983864,1.045287525565534,0.4999999999998407,6.089068666757213,6.364827519673272,8.572539943169982,55.7923285914498,51.94132316741484,4.166705854243779,51.94132316741473,,0.0,7.187313556671143,ok
B_alpha10,0.8,0.5,10.0,0.5623413251903491,17.78279410038923,0.6,20,200,5,1.0,predictive,P1+P2 (protect),coarse,1778.2794100389228,20,10.0,True,True,2.757336148602767e-13,3.2016144865305744e-13,52.26738497238549,9.999999999996772,1.6528555859509866,5.204054170945871,3.14309024310637,49.99999999998411,1.045347699448042,0.49999999999983863,6.089284673114525,6.365419724324491,8.582465844675733,55.892926632102,52.04054170945871,4.169100593086329,52.040541709458914,,0.0,7.130950212478638,ok
B_alpha10,0.8,0.5,10.0,0.5623413251903491,17.78279410038923,0.6,20,200,5,1.0,predictive,P1+P2 (protect),coarse,0.01778279410038923,20,30.0,True,True,2.320754441391444e-13,2.6946881503851146e-13,52.001613692624325,9.99999999999731,9.56173795265443,0.25686135651965436,0.181400690828605,49.99999999998655,1.0400322738527663,0.49999999999986555,6.013388074086656,6.254117672251452,2.4319797560885523,3.2258111346734926,2.568613565196544,0.6572211070439603,2.5686135651965456,,0.0,7.072026968002319,ok
B_alpha10,0.8,0.5,10.0,0.5623413251903491,17.78279410038923,0.6,20,200,5,1.0,predictive,P1+P2 (protect),coarse,0.07498942093324558,20,30.0,True,True,2.3407084926992735e-13,2.717857316419541e-13,52.00181766470464,9.999999999997273,8.446033773909031,0.930132845191581,0.6238333809021146,49.999999999986414,1.0400363532943753,0.49999999999986366,6.014835214122695,6.25564728176276,5.1391567169910966,11.09350056553173,9.30132845191581,1.7923432830641335,9.301328451915818,,0.0,7.092048406600952,ok
B_alpha10,0.8,0.5,10.0,0.5623413251903491,17.78279410038923,0.6,20,200,5,1.0,predictive,P1+P2 (protect),coarse,0.31622776601683794,20,30.0,True,True,2.404448312545015e-13,2.7918672730642544e-13,52.006671542092754,9.999999999997224,5.951641605842969,2.4796037439975116,1.5687546501622958,49.99999999998596,1.040133430842147,0.49999999999986117,6.034700342246044,6.276893571084656,7.061523648176883,27.896840937864308,24.796037439975116,3.1165398922336687,24.796037439975148,,0.0,7.052678108215332,ok
B_alpha10,0.8,0.5,10.0,0.5623413251903491,17.78279410038923,0.6,20,200,5,1.0,predictive,P1+P2 (protect),coarse,1.333521432163324,20,30.0,True,True,2.5444323922092536e-13,2.954406416218824e-13,52.07417196439878,9.999999999997033,3.350799306870247,4.123511134713825,2.525689558418895,49.99999999998526,1.0414834392882826,0.4999999999998517,6.066057830466833,6.317698772196215,7.934742197244698,44.91381737886601,41.23511134713824,3.8493755589530134,41.23511134713846,,0.0,7.00297999382019,ok
B_alpha10,0.8,0.5,10.0,0.5623413251903491,17.78279410038923,0.6,20,200,5,1.0,predictive,P1+P2 (protect),coarse,5.623413251903491,20,30.0,True,True,2.6798275955711965e-13,3.111617296443543e-13,52.18902390885219,9.99999999999688,2.129237932997583,4.90069169244331,2.9700703745622263,49.99999999998443,1.0437804781773687,0.499999999999844,6.082692589352721,6.3489957795205205,8.341749561800476,52.81614993450564,49.0069169244331,4.091216452937927,49.00691692443279,,0.0,7.160421133041382,ok
B_alpha10,0.8,0.5,10.0,0.5623413251903491,17.78279410038923,0.6,20,200,5,1.0,predictive,P1+P2 (protect),coarse,23.71373705661655,20,30.0,True,True,2.7369348671954713e-13,3.1779260298479697e-13,52.24600414719077,9.99999999999683,1.7676129603374031,5.130969378478216,3.1014176611875515,49.99999999998416,1.0449200829441463,0.49999999999984146,6.087694139415642,6.361153865096785,8.513757700325913,55.15187168820852,51.30969378478216,4.151217267496787,51.30969378478253,,0.0,7.104700565338135,ok
B_alpha10,0.8,0.5,10.0,0.5623413251903491,17.78279410038923,0.6,20,200,5,1.0,predictive,P1+P2 (protect),coarse,100.0,20,30.0,True,True,2.752998078296732e-13,3.1965774406469505e-13,52.26279508610221,9.999999999996815,1.6766937835390199,5.188872179836458,3.1344340366277077,49.99999999998428,1.0452559017223728,0.49999999999984074,6.088954159414714,6.364515270445219,8.567361540063505,55.738995094602345,51.88872179836458,4.165432046707154,51.8887217983647,,0.0,7.060082912445068,ok
B_alpha10,0.8,0.5,10.0,0.5623413251903491,17.78279410038923,0.6,20,200,5,1.0,predictive,P1+P2 (protect),coarse,421.6965034285823,20,30.0,True,True,2.756975995974141e-13,3.201196303977611e-13,52.26700302629315,9.999999999996787,1.6548234344013741,5.202800888166391,3.1423756774354485,49.999999999984034,1.0453400605261969,0.49999999999983935,6.089257386851329,6.36534468533076,8.581200354370468,55.8802196579054,52.02800888166391,4.168798675176921,52.02800888166359,,0.0,7.094355344772339,ok
B_alpha10,0.8,0.5,10.0,0.5623413251903491,17.78279410038923,0.6,20,200,5,1.0,predictive,P1+P2 (protect),coarse,1778.2794100389228,20,30.0,True,True,2.757929227936404e-13,3.2023031263186434e-13,52.2680142894426,9.999999999996785,1.6496194416577805,5.206115208003215,3.1442653503422195,49.999999999984084,1.0453602857891846,0.49999999999983924,6.089329546508535,6.365543275002688,8.584554470801342,55.91382332212389,52.06115208003215,4.169596739041718,52.06115208003189,,0.0,7.187951326370239,ok
B_alpha10,0.8,0.5,10.0,0.5623413251903491,17.78279410038923,0.6,20,200,5,1.0,predictive,P1+P2 (protect),coarse,0.01778279410038923,20,100.0,True,True,2.335504146451304e-13,2.7118144151306077e-13,52.001753344869805,9.999999999997282,8.717292293093895,0.764642914232025,0.5180647926767978,49.99999999998645,1.0400350668976779,0.4999999999998641,6.0138069767064,6.254570141328562,4.706906849923919,9.212639538832263,7.64642914232025,1.5663193107263906,7.646429142320232,,0.0,7.393224239349365,ok
B_alpha10,0.8,0.5,10.0,0.5623413251903491,17.78279410038923,0.6,20,200,5,1.0,predictive,P1+P2 (protect),coarse,0.07498942093324558,20,100.0,True,True,2.3891905725914673e-13,2.7741511157781913e-13,52.004337525587175,9.999999999997236,6.4309987841649,2.179139719812344,1.38986149602552,49.99999999998606,1.0400867505120335,0.4999999999998618,6.029869105576197,6.271586964031648,6.836026641123739,24.71562081188063,21.79139719812344,2.931999624324119,21.79139719812344,,0.0,7.001008987426758,ok
B_alpha10,0.8,0.5,10.0,0.5623413251903491,17.78279410038923,0.6,20,200,5,1.0,predictive,P1+P2 (protect),coarse,0.31622776601683794,20,100.0,True,True,2.517842634909383e-13,2.9235323598024754e-13,52.05607281159871,9.999999999997051,3.68882424585154,3.9088204229221306,2.4023553312292782,49.99999999998516,1.0411214562322832,0.49999999999985256,6.061592786582311,6.3108543090536795,7.835169459358596,42.720590211222074,39.088204229221304,3.772229991754815,39.08820422922135,,0.0,7.177420139312744,ok
B_alpha10,0.8,0.5,10.0,0.5623413251903491,17.78279410038923,0.6,20,200,5,1.0,predictive,P1+P2 (protect),coarse,1.333521432163324,20,100.0,True,True,2.6632536572423627e-13,3.092372867027101e-13,52.173325044091634,9.999999999996914,2.2472784689107996,4.825536713130521,2.9271848179617646,49.99999999998437,1.0434665008821589,0.49999999999984573,6.0810643486463025,6.3453869375212015,8.294535441997011,52.05352491159895,48.25536713130521,4.070448780125258,48.2553671313053,,0.0,7.151716232299805,ok
B_alpha10,0.8,0.5,10.0,0.5623413251903491,17.78279410038923,0.6,20,200,5,1.0,predictive,P1+P2 (protect),coarse,5.623413251903491,20,100.0,True,True,2.7316081797366094e-13,3.1717410749617283e-13,52.24050813342135,9.999999999996872,1.798721523097583,5.111158134745779,3.0901203421597665,49.999999999984084,1.0448101626687596,0.49999999999984357,6.087263226453079,6.3600344818379995,8.496668978124166,54.95097379005168,51.111581347457786,4.14627272183171,51.11158134745791,,0.0,6.980326414108276,ok
B_alpha10,0.8,0.5,10.0,0.5623413251903491,17.78279410038923,0.6,20,200,5,1.0,predictive,P1+P2 (protect),coarse,23.71373705661655,20,100.0,True,True,2.7516314046330124e-13,3.1949905604291587e-13,52.261353919453576,9.999999999996856,1.6842654362991714,5.184050004792336,3.1316845589116364,49.99999999998382,1.0452270783894098,0.4999999999998428,6.088849192044497,6.364230051754388,8.562663591449414,55.690101698494445,51.84050004792336,4.164261728889117,51.840500047923285,,0.0,7.086545467376709,ok
B_alpha10,0.8,0.5,10.0,0.5623413251903491,17.78279410038923,0.6,20,200,5,1.0,predictive,P1+P2 (protect),coarse,100.0,20,100.0,True,True,2.7566456514939156e-13,3.200812732438443e-13,52.26665283316313,9.999999999996778,1.656630191648734,5.201650202068578,3.1417196062859105,49.99999999998412,1.0453330566635946,0.4999999999998389,6.089232334646187,6.365275849110495,8.580041478343977,55.868552879737045,52.01650202068578,4.168521326685787,52.016502020686055,,0.0,7.178649663925171,ok
B_alpha10,0.8,0.5,10.0,0.5623413251903491,17.78279410038923,0.6,20,200,5,1.0,predictive,P1+P2 (protect),coarse,421.6965034285823,20,100.0,True,True,2.757850532966129e-13,3.202211751548729e-13,52.26793076112035,9.999999999996813,1.6500485271076166,5.205841931696219,3.144109541199351,49.999999999984,1.0453586152227414,0.4999999999998407,6.089323596611099,6.365526882596542,8.584276996070288,55.911052600216934,52.058419316962194,4.169530980073184,52.058419316962315,,0.0,7.06128716468811,ok
B_alpha10,0.8,0.5,10.0,0.5623413251903491,17.78279410038923,0.6,20,200,5,1.0,predictive,P1+P2 (protect),coarse,1778.2794100389228,20,100.0,True,True,2.758137156927844e-13,3.202544558060534e-13,52.26823502600179,9.999999999996799,1.6484861684421293,5.2068369682635325,3.1446768632975393,49.999999999983736,1.045364700520376,0.49999999999983996,6.089345261093043,6.365586585227699,8.585288118004899,55.9211411722777,52.06836968263532,4.16977037951691,52.06836968263546,,0.0,7.192785978317261,ok
B_alpha10,0.8,0.5,10.0,0.5623413251903491,17.78279410038923,0.6,20,200,5,1.0,base,Base,fine,1.539926526059492,0,1.0,False,False,3.8693258626537127e-13,4.4927745693269045e-13,52.9230909821798,9.999999999995492,1.195557675196845,0.18410709774696288,8.6203352270607,49.999999999977554,1.0584618196440712,0.49999999999977457,4.098724051441514,4.338342917707704,0.0,0.0,,,,,1.683339011728077e-102,0.3796079158782959,ok
B_alpha10,0.8,0.5,10.0,0.5623413251903491,17.78279410038923,0.6,20,200,5,1.0,base,Base,fine,1.7782794100389228,0,1.0,False,False,3.9129924762685167e-13,4.543477006382091e-13,52.98353631583934,9.999999999995419,1.1032600788614015,0.19619046821571454,8.700549452927465,49.999999999977256,1.0596707263172689,0.49999999999977096,4.082445926908207,4.326048440517796,0.0,0.0,,,,,3.16430407627058e-102,0.37760138511657715,ok
B_alpha10,0.8,0.5,10.0,0.5623413251903491,17.78279410038923,0.6,20,200,5,1.0,base,Base,fine,2.0535250264571463,0,1.0,False,False,3.958135226089952e-13,4.59589342345172e-13,53.04585988644793,9.999999999995378,1.0160543125486148,0.2086492959058289,8.775296391550178,49.999999999977014,1.0609171977294463,0.4999999999997689,4.067457622532152,4.315235742780087,0.0,0.0,,,,,5.677477684551757e-102,0.36849164962768555,ok
B_alpha10,0.8,0.5,10.0,0.5623413251903491,17.78279410038923,0.6,20,200,5,1.0,base,Base,fine,2.371373705661655,0,1.0,False,False,4.004760555463307e-13,4.650031302070962e-13,53.10993453024607,9.999999999995332,0.9338812639234121,0.22145814734780464,8.84466058873345,49.999999999976716,1.0621986906054162,0.4999999999997666,4.053736240804027,4.30587332704176,0.0,0.0,,,,,9.736526402794142e-102,0.4152100086212158,ok
B_alpha10,0.8,0.5,10.0,0.5623413251903491,17.78279410038923,0.6,20,200,5,1.0,base,Base,fine,2.7384196342643614,0,1.0,False,False,4.052859009762422e-13,4.705879664228209e-13,53.17561472881653,9.999999999995277,0.8566543902678762,0.23458792020883087,8.908757689528016,49.99999999997648,1.0635122945768307,0.49999999999976386,4.041251316830089,4.297920460923607,0.0,0.0,,,,,1.598458401246847e-101,0.3780636787414551,ok
B_alpha10,0.8,0.5,10.0,0.5623413251903491,17.78279410038923,0.6,20,200,5,1.0,base,Base,fine,3.1622776601683795,0,1.0,False,False,4.1024031008125725e-13,4.763406592691133e-13,53.24273563463731,9.999999999995236,0.7842627224147168,0.24800564867948938,8.967731628910558,49.99999999997622,1.0648547126932528,0.4999999999997618,4.029965422812814,4.291327672473082,0.0,0.0,,,,,2.5164739708928815e-101,0.3660013675689697,ok
B_alpha10,0.8,0.5,10.0,0.5623413251903491,17.78279410038923,0.6,20,200,5,1.0,base,Base,fine,3.651741272548377,0,1.0,False,False,4.153345129120798e-13,4.82255670234186e-13,53.31111209209814,9.999999999995131,0.7165740626952404,0.26167430795818575,9.021751629351442,49.999999999975884,1.0662222418424772,0.49999999999975653,4.019834815959582,4.286037289308867,0.0,0.0,,,,,3.806101170339221e-101,0.3772084712982178,ok
B_alpha10,0.8,0.5,10.0,0.5623413251903491,17.78279410038923,0.6,20,200,5,1.0,base,Base,fine,4.216965034285822,0,1.0,False,False,4.205615006060264e-13,4.883248611458779e-13,53.38053771168665,9.99999999999509,0.6534382598118801,0.27555262936912595,9.071009110823905,49.99999999997556,1.067610754234255,0.49999999999975453,4.010810107742801,4.281984004217665,0.0,0.0,,,,,5.541343484332154e-101,0.3683757781982422,ok
B_alpha10,0.8,0.5,10.0,0.5623413251903491,17.78279410038923,0.6,20,200,5,1.0,base,Base,fine,4.869675251658631,0,1.0,False,False,4.259118132623532e-13,4.945372478681989e-13,53.4507840723086,9.999999999994989,0.5946904590825546,0.2895949410991824,9.115714599823274,49.99999999997527,1.0690156814467007,0.4999999999997494,4.0028369372361015,4.279095456179475,0.0,0.0,,,,,7.781851521205317e-101,0.4223611354827881,ok
B_alpha10,0.8,0.5,10.0,0.5623413251903491,17.78279410038923,0.6,20,200,5,1.0,base,Base,fine,6.493816315762113,0,1.0,False,False,4.369311492695067e-13,5.073320845617009e-13,53.5927120996376,9.9999999999949,0.4896446152310435,0.31796621913124,9.192389165642817,49.99999999997464,1.0718542419932957,0.499999999999745,3.989806888527786,4.27649143820258,0.0,0.0,,,,,1.3889335077911477e-100,0.4771151542663574,ok
B_alpha10,0.8,0.5,10.0,0.5623413251903491,17.78279410038923,0.6,20,200,5,1.0,base,Base,fine,7.498942093324558,0,1.0,False,False,4.425673401526011e-13,5.138764119034689e-13,53.66382357005673,9.999999999994829,0.44297073489882405,0.33218118900436894,9.224848076101978,49.999999999974314,1.073276471401686,0.49999999999974143,3.9846223655842743,4.276601432402529,0.0,0.0,,,,,1.7728608465036023e-100,0.37171173095703125,ok
B_alpha10,0.8,0.5,10.0,0.5623413251903491,17.78279410038923,0.6,20,200,5,1.0,base,Base,fine,8.659643233600654,0,1.0,False,False,4.4826097193999033e-13,5.204874353680849e-13,53.73461676267773,9.999999999994769,0.3999384524524341,0.3463324313636424,9.253729116189156,49.99999999997401,1.0746923352541133,0.49999999999973843,3.980235383153975,4.277528458782796,0.0,0.0,,,,,2.2014550133300837e-100,0.38541102409362793,ok
B_alpha10,0.8,0.5,10.0,0.5623413251903491,17.78279410038923,0.6,20,200,5,1.0,base,Base,fine,10.0,0,1.0,False,False,4.539880572801015e-13,5.2713730261981e-13,53.8047545271973,9.999999999994733,0.3603525473438679,0.36035254734386724,9.279294905317531,49.99999999997364,1.0760950905445132,0.49999999999973666,3.9765765611985753,4.27917451468017,0.0,0.0,,,,,2.665106484345795e-100,0.367586612701416,ok
B_alpha10,0.8,0.5,10.0,0.5623413251903491,17.78279410038923,0.6,20,200,5,1.0,base,Base,fine,11.547819846894582,0,1.0,False,False,4.597216715214507e-13,5.337947507478374e-13,53.87388380630534,9.999999999994625,0.32401870259863313,0.37417096046335235,9.30181033694339,49.9999999999733,1.0774776761266822,0.4999999999997312,3.9735755287948105,4.281438926679685,0.0,0.0,,,,,3.1521309500539567e-100,0.3908541202545166,ok
B_alpha10,0.8,0.5,10.0,0.5623413251903491,17.78279410038923,0.6,20,200,5,1.0,base,Base,fine,13.33521432163324,0,1.0,False,False,4.654322036972257e-13,5.404253976909968e-13,53.94164075224014,9.999999999994541,0.2907451880802965,0.3877149396034315,9.32153987232173,49.99999999997298,1.0788328150453859,0.49999999999972705,3.9711616884787033,4.284219543381867,0.0,0.0,,,,,3.649866782024435e-100,0.5716714859008789,ok
B_alpha10,0.8,0.5,10.0,0.5623413251903491,17.78279410038923,0.6,20,200,5,1.0,base,Base,fine,15.39926526059492,0,1.0,False,False,4.710877831294651e-13,5.46992237578927e-13,54.00765775789326,9.999999999994511,0.26034424232944975,0.40091100466997903,9.338744753006061,49.99999999997268,1.0801531551584556,0.49999999999972555,3.969265056472371,4.287414174408837,0.0,0.0,,,,,4.1458051974918056e-100,0.44997715950012207,ok
B_alpha10,0.8,0.5,10.0,0.5623413251903491,17.78279410038923,0.6,20,200,5,1.0,base,Base,fine,17.78279410038923,0,1.0,False,False,4.766549071019062e-13,5.534563695392907e-13,54.07157246194224,9.99999999999444,0.23263314216225595,0.4136867267997955,9.35368013104351,49.99999999997236,1.0814314492394426,0.499999999999722,3.9678171808141958,4.290922284165055,0.0,0.0,,,,,4.628588203465679e-100,0.3788275718688965,ok
B_alpha10,0.8,0.5,10.0,0.5623413251903491,17.78279410038923,0.6,20,200,5,1.0,base,Base,fine,20.53525026457146,0,1.0,False,False,4.820992780549372e-13,5.597779697865364e-13,54.13303848997032,9.99999999999438,0.207434956966823,0.4259728754934306,9.366592167545367,49.999999999972054,1.0826607698000115,0.499999999999719,3.9667521187981385,4.294646902543819,0.0,0.0,,,,,5.088752401106825e-100,0.3681070804595947,ok
B_alpha10,0.8,0.5,10.0,0.5623413251903491,17.78279410038923,0.6,20,200,5,1.0,predictive,P2 only,fine,0.022603030271419206,0,1000.0,False,False,4.468150265253799e-13,5.188085106754853e-13,53.7828692647798,9.999999999994804,0.33946671220374175,0.3559846287970026,9.304548659004451,49.99999999997395,1.0756573852961564,0.4999999999997402,3.9702227174057607,4.270599387248081,0.0,0.0,3.559846287970026,2.895937215063182,3.5598462879700308,,0.0,1.0120689868927002,ok
B_alpha10,0.8,0.5,10.0,0.5623413251903491,17.78279410038923,0.6,20,200,5,1.0,predictive,P2 only,fine,0.02872984833353664,0,1000.0,False,False,4.5383328813688745e-13,5.269575961677653e-13,53.8699889772342,9.999999999994701,0.29237192833014436,0.37339944743269565,9.334228624242458,49.9999999999736,1.0773997795452528,0.49999999999973505,3.966146322811893,4.273125173841748,0.0,0.0,3.7339944743269564,3.028304047064287,3.733994474326968,,0.0,1.0372850894927979,ok
B_alpha10,0.8,0.5,10.0,0.5623413251903491,17.78279410038923,0.6,20,200,5,1.0,predictive,P2 only,fine,0.03651741272548377,0,1000.0,False,False,4.603594588244431e-13,5.34535302131414e-13,53.94897140682218,9.99999999999464,0.2527077669959334,0.3891874539392183,9.358104779070208,49.99999999997323,1.0789794281370213,0.49999999999973205,3.9631345386711305,4.2761406381654545,0.0,0.0,3.891874539392183,3.1490078314266166,3.8918745393921723,,0.0,1.230741262435913,ok
B_alpha10,0.8,0.5,10.0,0.5623413251903491,17.78279410038923,0.6,20,200,5,1.0,predictive,P2 only,fine,0.046415888336127795,0,1000.0,False,False,4.66303691726541e-13,5.41437305046486e-13,54.01916041732142,9.999999999994554,0.2195595814339238,0.40321753696219,9.377222881609333,49.999999999972886,1.0803832083470144,0.49999999999972766,3.960931736401512,4.279324137416976,0.0,0.0,4.0321753696219,3.256875918824886,4.032175369621894,,0.0,0.9476463794708252,ok
B_alpha10,0.8,0.5,10.0,0.5623413251903491,17.78279410038923,0.6,20,200,5,1.0,predictive,P2 only,fine,0.05899746255923566,0,1000.0,False,False,4.716098224217252e-13,5.475983909473419e-13,54.080372490202485,9.999999999994559,0.19206620079474057,0.41545306473539495,9.392480734475305,49.99999999997259,1.0816074498046426,0.49999999999972794,3.959329873382052,4.2824406872841,0.0,0.0,4.154530647353949,3.351438771252577,4.154530647353941,,0.0,0.9032585620880127,ok
B_alpha10,0.8,0.5,10.0,0.5623413251903491,17.78279410038923,0.6,20,200,5,1.0,predictive,P1 only (protect),fine,2.154434690031884,5,1.0,True,True,3.9731075794951066e-13,4.613278211123441e-13,53.06402015540946,9.999999999995378,0.989127430717985,0.21264517979192427,8.798227389494713,49.99999999997713,1.0612804031086747,0.4999999999997689,4.062885613537238,4.311860881719236,0.005534776166447833,0.0059719168548115105,2.1264517979192425,1.8379947450217822,2.1264517979192497,,0.0,1.0043363571166992,ok
B_alpha10,0.8,0.5,10.0,0.5623413251903491,17.78279410038923,0.6,20,200,5,1.0,predictive,P1 only (protect),fine,3.4807005884284106,5,1.0,True,True,4.1354254498472027e-13,4.801749698200545e-13,53.28247818528526,9.999999999995195,0.7403545181211358,0.25670330312271705,9.002942178760952,49.999999999975785,1.0656495637062213,0.49999999999975975,4.023330402940183,4.287460288539182,0.011410408637419175,0.012625492653241964,2.5670330312271705,2.1663134581615897,2.567033031227174,,0.0,1.2746734619140625,ok
B_alpha10,0.8,0.5,10.0,0.5623413251903491,17.78279410038923,0.6,20,200,5,1.0,predictive,P1 only (protect),fine,9.085175756516868,5,1.0,True,True,4.4999546219274926e-13,5.225013969635815e-13,53.7462782317299,9.999999999994754,0.389047298603856,0.3505237392244012,9.260428962176988,49.99999999997384,1.0749255646351605,0.4999999999997377,3.9793543174690647,4.2775096865887985,0.028400638600253,0.0331559952214322,3.505237392244012,2.863977899407053,3.5052373922440094,,0.0,1.8732988834381104,ok
B_alpha10,0.8,0.5,10.0,0.5623413251903491,17.78279410038923,0.6,20,200,5,1.0,predictive,P1 only (protect),fine,14.677992676220699,5,1.0,True,True,4.689992404018364e-13,5.445671764764848e-13,53.971782847950784,9.999999999994536,0.27288545829610356,0.39616189113318623,9.330952650576174,49.99999999997274,1.0794356569596042,0.4999999999997268,3.9703086325923023,4.285692707154659,0.037234187695474985,0.04451012526210725,3.961618911331862,3.2062954446862175,3.961618911331866,,0.0,0.9467196464538574,ok
B_alpha10,0.8,0.5,10.0,0.5623413251903491,17.78279410038923,0.6,20,200,5,1.0,predictive,P1+P2 (protect),fine,0.5108969774506928,5,10.0,True,True,4.0343895716719976e-13,4.684434320927212e-13,53.18595095025258,9.999999999995318,0.8115012400258487,0.23769120808888886,8.950807551889946,49.999999999976566,1.06371901900555,0.49999999999976585,4.0322320821504505,4.289161954827784,0.015345008236089572,0.017458578502998784,2.3769120808888884,2.0105233469928034,2.376912080888889,,0.0,1.1169493198394775,ok
B_alpha10,0.8,0.5,10.0,0.5623413251903491,17.78279410038923,0.6,20,200,5,1.0,predictive,P1+P2 (protect),fine,0.8254041852680185,5,10.0,True,True,4.1915883533465713e-13,4.866961901443294e-13,53.40151574115445,9.999999999995115,0.6016898337429454,0.28142456096232504,9.116885605299615,49.999999999975685,1.0680303148236083,0.49999999999975575,4.001344012643182,4.273556705540858,0.025055607633611175,0.029273850662034175,2.81424560962325,2.3327258594399414,2.814245609623258,,0.0,1.09266996383667,ok
B_alpha10,0.8,0.5,10.0,0.5623413251903491,17.78279410038923,0.6,20,200,5,1.0,predictive,P1+P2 (protect),fine,2.154434690031884,5,10.0,True,True,4.5168795524098687e-13,5.244665945251928e-13,53.819286565876766,9.999999999994747,0.31890846879824775,0.3661585786623023,9.314932952544702,49.99999999997369,1.0763857313181018,0.4999999999997374,3.9694102260627364,4.27261652908209,0.04439332416820836,0.05409768280286448,3.661585786623023,2.9619865998472457,3.6615857866230286,,0.0,1.1899888515472412,ok
B_alpha10,0.8,0.5,10.0,0.5623413251903491,17.78279410038923,0.6,20,200,5,1.0,predictive,P1+P2 (protect),fine,3.4807005884284115,5,10.0,True,True,4.668141603065292e-13,5.420300233433407e-13,53.99824680175696,9.999999999994593,0.23010164739649006,0.4023688622822339,9.367529490326683,49.99999999997299,1.0799649360357226,0.49999999999972966,3.9629908152717204,4.27989112232508,0.051756879097091965,0.06393542467666213,4.023688622822339,3.2355010716306856,4.023688622822345,,0.0,0.9480733871459961,ok
B_alpha10,0.8,0.5,10.0,0.5623413251903491,17.78279410038923,0.6,20,200,5,1.0,predictive,P2 only,extend,0.008254041852680185,0,1000.0,False,False,4.147119597287606e-13,4.815328076027118e-13,53.35791107593183,9.999999999995168,0.6406422736445234,0.27103478636725364,9.088322939993054,49.99999999997579,1.0671582215191533,0.4999999999997584,4.006224868203463,4.275275805357812,0.0,0.0,2.7103478636725367,2.2591987367651405,2.710347863672541,,0.0,0.905850887298584,ok
B_alpha10,0.8,0.5,10.0,0.5623413251903491,17.78279410038923,0.6,20,200,5,1.0,predictive,P2 only,extend,0.003831186849557288,0,1000.0,False,False,3.9107820333715124e-13,4.5409104038901374e-13,53.02257963997268,9.999999999995445,1.014533946737979,0.2039993312053365,8.78146672206124,49.999999999977234,1.0604515927999365,0.4999999999997723,4.065366352521597,4.311124223846796,0.0,0.0,2.039993312053365,1.7609343169665896,2.0399933120533635,,0.0,0.9591460227966309,ok
B_alpha10,0.8,0.5,10.0,0.5623413251903491,17.78279410038923,0.6,20,200,5,1.0,predictive,P2 only,extend,0.001778279410038923,0,1000.0,False,False,3.7032311035498785e-13,4.29991763881484e-13,52.72304077250903,9.999999999995664,1.538124424472045,0.1441186852695318,8.317756890262759,49.9999999999785,1.054460815450634,0.4999999999997832,4.160968155953808,4.387577874791173,0.0,0.0,1.441186852695318,1.3087478094772045,1.4411868526953227,,0.0,1.016608476638794,ok
B_alpha10,0.8,0.5,10.0,3.1622776601683795,3.162277660168379,0.6,20,200,5,1.0,base,Base,coarse,0.0031622776601683794,0,1.0,False,False,8.464024143379773e-10,1.1963952180443303e-09,52.034028506376124,9.99999998803603,8.57773627415226,0.002712518379456756,1.4195512194322528,49.99999994018023,1.040680571372588,0.4999999994018015,5.695854218775555,5.92756482285031,0.0,0.0,,,,,3.688597553624364e-127,0.3899388313293457,ok
B_alpha10,0.8,0.5,10.0,3.1622776601683795,3.162277660168379,0.6,20,200,5,1.0,base,Base,coarse,0.01333521432163324,0,1.0,False,False,9.009044605576112e-10,1.2734342080608417e-09,52.069326104867784,9.99999998726561,7.140209910675051,0.009521622946030109,2.850268479113308,49.999999936328265,1.0413865234234934,0.49999999936328055,5.374125608336736,5.59654198370696,0.0,0.0,,,,,5.440878405305183e-117,0.3952772617340088,ok
B_alpha10,0.8,0.5,10.0,3.1622776601683795,3.162277660168379,0.6,20,200,5,1.0,base,Base,coarse,0.05623413251903491,0,1.0,False,False,9.682640435555436e-10,1.3686474085529524e-09,52.172719140185954,9.999999986313526,5.31405945188993,0.0298831523431608,4.656057409453383,49.999999931567686,1.0434543842318391,0.4999999993156763,4.969823506105087,5.185784126303803,0.0,0.0,,,,,1.5710134311688191e-108,0.4192976951599121,ok
B_alpha10,0.8,0.5,10.0,3.1622776601683795,3.162277660168379,0.6,20,200,5,1.0,base,Base,coarse,0.23713737056616552,0,1.0,False,False,1.0444664589910245e-09,1.4763600092355984e-09,52.425878725727834,9.99999998523631,3.380021452161599,0.08015293996228308,6.539825622639809,49.999999926182,1.048517576062546,0.4999999992618155,4.552428176166398,4.773300956472829,0.0,0.0,,,,,3.5435242872239353e-102,0.3796219825744629,ok
B_alpha10,0.8,0.5,10.0,3.1622776601683795,3.162277660168379,0.6,20,200,5,1.0,base,Base,coarse,1.0,0,1.0,False,False,1.134190968152755e-09,1.6031861757243769e-09,52.89904913356388,9.99999998396811,1.7436063258766912,0.17436063258766865,8.08203305756753,49.999999919840704,1.0579809843674177,0.4999999991984055,4.218692768454512,4.463296727913211,0.0,0.0,,,,,3.6607457268909474e-98,0.37021946907043457,ok
B_alpha10,0.8,0.5,10.0,3.1622776601683795,3.162277660168379,0.6,20,200,5,1.0,base,Base,coarse,4.216965034285822,0,1.0,False,False,1.2439697144710392e-09,1.7583591344097257e-09,53.54140751336764,9.99999998241641,0.7168953747613696,0.30231227286099116,8.980792369961229,49.999999912082046,1.0708281521502532,0.4999999991208205,4.035186355540866,4.3209911486857395,0.0,0.0,,,,,2.9192405465616367e-96,0.37819576263427734,ok
B_alpha10,0.8,0.5,10.0,3.1622776601683795,3.162277660168379,0.6,20,200,5,1.0,base,Base,coarse,17.78279410038923,0,1.0,False,False,1.3648391231521082e-09,1.929208815083247e-09,54.18448383106419,9.999999980707887,0.24200750303064006,0.4303569597143188,9.327635556547154,49.99999990353954,1.0836896787119479,0.4999999990353944,3.976199591053617,4.308966457323473,0.0,0.0,,,,,1.2437454241841708e-95,0.3760950565338135,ok
B_alpha10,0.8,0.5,10.0,3.1622776601683795,3.162277660168379,0.6,20,200,5,1.0,base,Base,coarse,74.98942093324558,0,1.0,False,False,1.4592992328796376e-09,2.0627287830730847e-09,54.606802953054,9.999999979372644,0.06859319373452383,0.5143763878113864,9.417030439081445,49.999999896863564,1.0921360613138604,0.49999999896863223,3.9686690279220356,4.334326560813079,0.0,0.0,,,,,1.7436426381648326e-95,0.4021167755126953,ok
B_alpha10,0.8,0.5,10.0,3.1622776601683795,3.162277660168379,0.6,20,200,5,1.0,base,Base,coarse,316.22776601683796,0,1.0,False,False,1.5010954494784954e-09,2.1218080019838127e-09,54.7686426080669,9.999999978781927,0.017283372329465075,0.5465482220983926,9.436168426790214,49.99999989390958,1.0953728544855093,0.49999999893909636,3.969190113964042,4.3477431051284565,0.0,0.0,,,,,1.8715677363558952e-95,0.41808032989501953,ok
B_alpha10,0.8,0.5,10.0,3.1622776601683795,3.162277660168379,0.6,20,200,5,1.0,predictive,Check,check,1.0,0,1.0,False,False,1.134190968152755e-09,1.6031861757243767e-09,52.89904913356383,9.999999983968118,1.7436063258766892,0.17436063258766912,8.082033057567523,49.99999991984057,1.0579809843674197,0.49999999919840593,4.218692768454516,4.463296727913224,0.0,0.0,1.7436063258766912,1.5182594149806588,1.7436063258766932,2.7859447027209856e-15,0.0,0.9899952411651611,ok
B_alpha10,0.8,0.5,10.0,3.1622776601683795,3.162277660168379,0.6,20,200,5,1.0,predictive,P2 only,coarse,0.0031622776601683794,0,3.0,False,False,8.719812810000314e-10,1.23255110922046e-09,52.04727565713751,9.99999998767449,7.891883446021304,0.005245341225381817,2.1028712250788226,49.99999993837253,1.0409455144257669,0.4999999993837245,5.542086341580828,5.769009917828871,0.0,0.0,0.05245341225381817,0.07155359439093703,0.05245341225381815,,0.0,1.1240780353546143,ok
B_alpha10,0.8,0.5,10.0,3.1622776601683795,3.162277660168379,0.6,20,200,5,1.0,predictive,P2 only,coarse,0.01333521432163324,0,3.0,False,False,9.335063978351975e-10,1.31951725447278e-09,52.11037732040977,9.999999986804813,6.205528818903668,0.017578836983302856,3.776892357308217,49.99999993402417,1.0422075477834056,0.49999999934024064,5.166302121366696,5.384359065017791,0.0,0.0,0.17578836983302856,0.21707292014145038,0.17578836983302887,,0.0,0.8831677436828613,ok
B_alpha10,0.8,0.5,10.0,3.1622776601683795,3.162277660168379,0.6,20,200,5,1.0,predictive,P2 only,coarse,0.05623413251903491,0,3.0,False,False,1.0039701418686651e-09,1.419118206468029e-09,52.28194632196897,9.999999985808817,4.2425261286749665,0.05155864839246287,5.705915237123754,49.99999992904406,1.0456389279232652,0.4999999992904408,4.736247999602525,4.952405280683093,0.0,0.0,0.5155864839246287,0.5526454544723146,0.5155864839246278,,0.0,0.9575247764587402,ok
B_alpha10,0.8,0.5,10.0,3.1622776601683795,3.162277660168379,0.6,20,200,5,1.0,predictive,P2 only,coarse,0.23713737056616552,0,3.0,False,False,1.0824605179822096e-09,1.5300648541933333e-09,52.649082356748345,9.999999984699354,2.37774777384027,0.12461223956075505,7.497640001899622,49.99999992349671,1.0529816487460981,0.4999999992349677,4.343043068882395,4.573144651247098,0.0,0.0,1.2461223956075504,1.1410107883890779,1.2461223956075507,,0.0,0.945343017578125,ok
B_alpha10,0.8,0.5,10.0,3.1622776601683795,3.162277660168379,0.6,20,200,5,1.0,predictive,P2 only,coarse,1.0,0,3.0,False,False,1.1738589200625287e-09,1.6592570790061207e-09,53.2111884364749,9.999999983407392,1.060756202253558,0.23659918796872262,8.702644626370327,49.99999991703705,1.0642237704953208,0.4999999991703696,4.088050426607967,4.350600438979735,0.0,0.0,2.3659918796872264,1.929305566358328,2.3659918796872237,,0.0,0.9887123107910156,ok
B_alpha10,0.8,0.5,10.0,3.1622776601683795,3.162277660168379,0.6,20,200,5,1.0,predictive,P2 only,coarse,4.216965034285822,0,3.0,False,False,1.2780594851281736e-09,1.8065452428712233e-09,53.830410689667,9.999999981934549,0.399599415442395,0.3599504145867923,9.240450188036263,49.99999990967284,1.0766082157382793,0.49999999909672743,3.9852789830149122,4.290584095122949,0.0,0.0,3.5995041458679227,2.808825376348939,3.599504145867922,,0.0,1.0021159648895264,ok
B_alpha10,0.8,0.5,10.0,3.1622776601683795,3.162277660168379,0.6,20,200,5,1.0,predictive,P2 only,coarse,17.78279410038923,0,3.0,False,False,1.3828731409518336e-09,1.954700014373956e-09,54.33665734930973,9.99999998045299,0.13355925632778037,0.4607057800322297,9.405734983187,49.99999990226489,1.0867331491104344,0.4999999990226495,3.9631455173437042,4.306881608445825,0.0,0.0,4.607057800322297,3.5771609287912423,4.607057800322299,,0.0,0.9564034938812256,ok
B_alpha10,0.8,0.5,10.0,3.1622776601683795,3.162277660168379,0.6,20,200,5,1.0,predictive,P2 only,coarse,74.98942093324558,0,3.0,False,False,1.4641367404607942e-09,2.069566630922002e-09,54.64829826085201,9.999999979304308,0.039149495829445394,0.5226524074901124,9.438198117376135,49.999999896521715,1.092965967479005,0.4999999989652154,3.965138500852139,4.33376143777211,0.0,0.0,5.226524074901125,4.064681567172153,5.226524074901114,,0.0,0.9571449756622314,ok
B_alpha10,0.8,0.5,10.0,3.1622776601683795,3.162277660168379,0.6,20,200,5,1.0,predictive,P2 only,coarse,316.22776601683796,0,3.0,False,False,1.5021522740026796e-09,2.123301830195701e-09,54.778140608474864,9.99999997876698,0.010106819261771191,0.5484427826949954,9.441450419276254,49.999999893834904,1.095562814495708,0.49999999893834896,3.9682834865980974,4.347503825294252,0.0,0.0,5.484427826949954,4.269599057644836,5.484427826949957,,0.0,0.9706540107727051,ok
B_alpha10,0.8,0.5,10.0,3.1622776601683795,3.162277660168379,0.6,20,200,5,1.0,predictive,P2 only,coarse,0.0031622776601683794,0,10.0,False,False,9.148544656879266e-10,1.2931526293435554e-09,52.08585774139901,9.999999987068458,6.70109777156101,0.012762462391256054,3.286139778979276,49.99999993534232,1.0417171561750804,0.4999999993534229,5.276285669838768,5.496397303151771,0.0,0.0,0.12762462391256055,0.16246324005454202,0.12762462391256055,,0.0,1.0141475200653076,ok
B_alpha10,0.8,0.5,10.0,3.1622776601683795,3.162277660168379,0.6,20,200,5,1.0,predictive,P2 only,coarse,0.01333521432163324,0,10.0,False,False,9.82501718659755e-10,1.3887724532169851e-09,52.21954378689031,9.999999986112261,4.769653737073146,0.03917996073557654,5.191166316079015,49.999999930561394,1.044390877188227,0.49999999930561306,4.850507523654707,5.065825807437834,0.0,0.0,0.39179960735576536,0.436126752843956,0.3917996073557659,,0.0,0.9455409049987793,ok
B_alpha10,0.8,0.5,10.0,3.1622776601683795,3.162277660168379,0.6,20,200,5,1.0,predictive,P2 only,coarse,0.05623413251903491,0,10.0,False,False,1.056180367048425e-09,1.4929176930874346e-09,52.52751417290193,9.999999985070822,2.8192728041380146,0.10042322051420022,7.080303990276963,49.99999992535409,1.0505502850264243,0.4999999992535411,4.433551230175743,4.657668508540381,0.0,0.0,1.004232205142002,0.9512981006954856,1.0042322051420036,,0.0,1.162745475769043,ok
B_alpha10,0.8,0.5,10.0,3.1622776601683795,3.162277660168379,0.6,20,200,5,1.0,predictive,P2 only,coarse,0.23713737056616552,0,10.0,False,False,1.137655445806025e-09,1.6080832370580098e-09,53.03489378016239,9.999999983919155,1.3362099013023638,0.20151120939303188,8.462278905385448,49.99999991959567,1.0606978773089417,0.4999999991959577,4.136997097676514,4.388104039938731,0.0,0.0,2.015112093930319,1.6710216585891886,2.015112093930322,,0.0,0.9165282249450684,ok
B_alpha10,0.8,0.5,10.0,3.1622776601683795,3.162277660168379,0.6,20,200,5,1.0,predictive,P2 only,coarse,1.0,0,10.0,False,False,1.22457083487468e-09,1.7309386943495299e-09,53.60914538165195,9.999999982690595,0.5514259273912343,0.31594890617785104,9.13262518374032,49.99999991345303,1.0721829094889226,0.49999999913452975,4.002985535345092,4.291932677928373,0.0,0.0,3.1594890617785105,2.4704803375879294,3.1594890617785065,,0.0,0.9863438606262207,ok
B_alpha10,0.8,0.5,10.0,3.1622776601683795,3.162277660168379,0.6,20,200,5,1.0,predictive,P2 only,coarse,4.216965034285822,0,10.0,False,False,1.3091201872435823e-09,1.8504497436047671e-09,54.0763196133609,9.999999981495499,0.22387474920500328,0.40898433123379485,9.367140938065702,49.99999990747748,1.081526394268529,0.49999999907477494,3.964073378823618,4.287249988014972,0.0,0.0,4.0898433123379485,3.1698588499669023,4.089843312337946,,0.0,1.025402307510376,ok
B_alpha10,0.8,0.5,10.0,3.1622776601683795,3.162277660168379,0.6,20,200,5,1.0,predictive,P2 only,coarse,17.78279410038923,0,10.0,False,False,1.3925563589795382e-09,1.9683873048730348e-09,54.41246228854187,9.999999980316112,0.08655647415127787,0.4758207037143613,9.437622841818248,49.999999901580544,1.0882492479129353,0.4999999990158056,3.958225162672615,4.30753555634853,0.0,0.0,4.758207037143613,3.696147127488,4.758207037143623,,0.0,0.9227786064147949,ok
B_alpha10,0.8,0.5,10.0,3.1622776601683795,3.162277660168379,0.6,20,200,5,1.0,predictive,P2 only,coarse,74.98942093324558,0,10.0,False,False,1.4660395042441782e-09,2.072256199677067e-09,54.66419189496646,9.999999979277408,0.028149741388082503,0.5258220741996407,9.44602820513487,49.99999989638713,1.0932838401648945,0.49999999896387043,3.9638488195265555,4.333611859245076,0.0,0.0,5.258220741996407,4.090935015355344,5.25822074199641,,0.0,0.9872136116027832,ok
B_alpha10,0.8,0.5,10.0,3.1622776601683795,3.162277660168379,0.6,20,200,5,1.0,predictive,P2 only,coarse,316.22776601683796,0,10.0,False,False,1.5025328545618914e-09,2.1238397832458355e-09,54.78153868666627,9.999999978761583,0.007553284658434794,0.5491205836243618,9.44332615295562,49.99999989380789,1.0956307760602724,0.4999999989380791,3.9679622794253944,4.347421591584732,0.0,0.0,5.491205836243617,4.275362405460347,5.491205836243609,,0.0,1.032963752746582,ok
B_alpha10,0.8,0.5,10.0,3.1622776601683795,3.162277660168379,0.6,20,200,5,1.0,predictive,P2 only,coarse,0.0031622776601683794,0,30.0,False,False,9.630440445570278e-10,1.3612689066633349e-09,52.169914163827876,9.999999986387282,5.309516576693272,0.029346322491235685,4.66113711442821,49.999999931936486,1.0433982846969045,0.4999999993193641,4.968596850715227,5.18422543138671,0.0,0.0,0.2934632249123569,0.33973844004414533,0.2934632249123576,,0.0,1.036064863204956,ok
B_alpha10,0.8,0.5,10.0,3.1622776601683795,3.162277660168379,0.6,20,200,5,1.0,predictive,P2 only,coarse,0.01333521432163324,0,30.0,False,False,1.0343680625649054e-09,1.4620858614499438e-09,52.42276762763862,9.999999985379166,3.3154453444065686,0.07957768730483299,6.604976982909434,49.999999926895576,1.048455354085707,0.4999999992689583,4.5376442977297184,4.757517458891201,0.0,0.0,0.7957768730483299,0.7857917001101946,0.7957768730483313,,0.0,0.9882700443267822,ok
B_alpha10,0.8,0.5,10.0,3.1622776601683795,3.162277660168379,0.6,20,200,5,1.0,predictive,P2 only,coarse,0.05623413251903491,0,30.0,False,False,1.1116122790486367e-09,1.5712710545961108e-09,52.88020538183575,9.999999984287253,1.6667458228781753,0.17069709859310414,8.162557094241468,49.99999992143642,1.0576041092984982,0.49999999921436267,4.199976545912799,4.441912453914689,0.0,0.0,1.7069709859310414,1.4535118609222462,1.7069709859310425,,0.0,1.082082986831665,ok
B_alpha10,0.8,0.5,10.0,3.1622776601683795,3.162277660168379,0.6,20,200,5,1.0,predictive,P2 only,coarse,0.23713737056616552,0,30.0,False,False,1.1919817473967598e-09,1.6848738111863398e-09,53.43857837402458,9.999999983151246,0.7198203109895817,0.2819892992958881,8.998190406563284,49.9999999157562,1.0687715692812392,0.4999999991575623,4.028205154729991,4.30523114460755,0.0,0.0,2.819892992958881,2.2198424093395204,2.8198929929588843,,0.0,1.2443363666534424,ok
B_alpha10,0.8,0.5,10.0,3.1622776601683795,3.162277660168379,0.6,20,200,5,1.0,predictive,P2 only,coarse,1.0,0,30.0,False,False,1.263098475010696e-09,1.785397759643449e-09,53.90011938994446,9.999999982146045,0.32298989143666645,0.3739603452491161,9.303049781168172,49.99999991073013,1.0780023897235518,0.49999999910730225,3.9732642475234474,4.283188353833426,0.0,0.0,3.7396034524911608,2.892026722298143,3.7396034524911763,,0.0,1.2390613555908203,ok
B_alpha10,0.8,0.5,10.0,3.1622776601683795,3.162277660168379,0.6,20,200,5,1.0,predictive,P2 only,coarse,4.216965034285822,0,30.0,False,False,1.323916346722109e-09,1.871364209484313e-09,54.18479670023456,9.999999981286352,0.16002660129537102,0.4306094031717367,9.40936401424654,49.99999990643171,1.0836959360326825,0.49999999906431764,3.9578005973015724,4.2890524229234375,0.0,0.0,4.306094031717366,3.3361287798781123,4.306094031717359,,0.0,1.0775032043457031,ok
B_alpha10,0.8,0.5,10.0,3.1622776601683795,3.162277660168379,0.6,20,200,5,1.0,predictive,P2 only,coarse,17.78279410038923,0,30.0,False,False,1.3958075229662563e-09,1.9729828459231084e-09,54.43695085840251,9.999999980270154,0.07194231891987513,0.48070296185087935,9.447354738959092,49.99999990135081,1.0887390193161146,0.49999999901350767,3.9567640160191626,4.307883374465995,0.0,0.0,4.8070296185087935,3.7351379714566275,4.807029618508794,,0.0,1.1179327964782715,ok
B_alpha10,0.8,0.5,10.0,3.1622776601683795,3.162277660168379,0.6,20,200,5,1.0,predictive,P2 only,coarse,74.98942093324558,0,30.0,False,False,1.4666051998067196e-09,2.073055813966109e-09,54.668871536736326,9.999999979269425,0.02493498040901557,0.5267553093213377,9.44830973100022,49.99999989634727,1.0933774330013577,0.49999999896347125,3.9634744857648645,4.333573559011964,0.0,0.0,5.267553093213378,4.098692444862523,5.267553093213388,,0.0,1.3310737609863281,ok
B_alpha10,0.8,0.5,10.0,3.1622776601683795,3.162277660168379,0.6,20,200,5,1.0,predictive,P2 only,coarse,316.22776601683796,0,30.0,False,False,1.5026426354046087e-09,2.1239949591678753e-09,54.78251670273465,9.99999997876002,0.006819645084719444,0.5493156633834234,9.443864712771838,49.99999989380017,1.0956503363818504,0.49999999893800096,3.967870125228463,4.34739823742606,0.0,0.0,5.493156633834234,4.277022535553439,5.493156633834228,,0.0,1.0665593147277832,ok
B_alpha10,0.8,0.5,10.0,3.1622776601683795,3.162277660168379,0.6,20,200,5,1.0,predictive,P2 only,coarse,0.0031622776601683794,0,100.0,False,False,1.0210569269468774e-09,1.4432704862740218e-09,52.363551859182095,9.999999985567305,3.6540893812282436,0.06779791284520327,6.278112720359249,49.99999992783659,1.047271038695135,0.49999999927836525,4.609609369177652,4.827510392037505,0.0,0.0,0.6779791284520327,0.6886735383666732,0.6779791284520341,,0.0,1.5360774993896484,ok
B_alpha10,0.8,0.5,10.0,3.1622776601683795,3.162277660168379,0.6,20,200,5,1.0,predictive,P2 only,coarse,0.01333521432163324,0,100.0,False,False,1.096535936156207e-09,1.5499605476708485e-09,52.786516299408675,9.99999998450038,1.909104969046296,0.15203098317786734,7.938864063275456,49.999999922501985,1.0557303276245136,0.49999999922501903,4.2476317749848835,4.484353685433085,0.0,0.0,1.5203098317786734,1.321996075811432,1.520309831778674,,0.0,1.0704784393310547,ok
B_alpha10,0.8,0.5,10.0,3.1622776601683795,3.162277660168379,0.6,20,200,5,1.0,predictive,P2 only,coarse,0.05623413251903491,0,100.0,False,False,1.1749963284557512e-09,1.6608648130893435e-09,53.335754822210525,9.999999983391353,0.842850218386136,0.2615050096481015,8.895644788574408,49.99999991695677,1.06671509821588,0.49999999916956767,4.048257542348265,4.318337441889207,0.0,0.0,2.6150500964810153,2.0735537022145087,2.615050096481019,,0.0,0.9175968170166016,ok
B_alpha10,0.8,0.5,10.0,3.1622776601683795,3.162277660168379,0.6,20,200,5,1.0,predictive,P2 only,coarse,0.23713737056616552,0,100.0,False,False,1.2421537579879306e-09,1.755792268455898e-09,53.80892888410246,9.999999982442088,0.3877273183970219,0.35582065658601747,9.256452042574873,49.99999991221037,1.0761785795715955,0.49999999912210435,3.981048074164334,4.284318661660409,0.0,0.0,3.558206565860175,2.7500388338796435,3.558206565860185,,0.0,1.315138816833496,ok
B_alpha10,0.8,0.5,10.0,3.1622776601683795,3.162277660168379,0.6,20,200,5,1.0,predictive,P2 only,coarse,1.0,0,100.0,False,False,1.2865068594508751e-09,1.8184856604849016e-09,54.06586471658132,9.999999981815133,0.22147336790428376,0.40699815095752734,9.371528499323055,49.99999990907571,1.0813172962979867,0.49999999909075665,3.9627848920786564,4.285027845313001,0.0,0.0,4.069981509575273,3.1435891224401105,4.069981509575259,,0.0,1.8742420673370361,ok
B_alpha10,0.8,0.5,10.0,3.1622776601683795,3.162277660168379,0.6,20,200,5,1.0,predictive,P2 only,coarse,4.216965034285822,0,100.0,False,False,1.3301837776496258e-09,1.8802232631099667e-09,54.228748110682815,9.999999981197757,0.1355101435404014,0.43936991385692586,9.425119961404917,49.99999990598878,1.0845749642529006,0.49999999905988785,3.9555637554036513,4.290105418616984,0.0,0.0,4.393699138569259,3.404685084940585,4.393699138569266,,0.0,2.339054584503174,ok
B_alpha10,0.8,0.5,10.0,3.1622776601683795,3.162277660168379,0.6,20,200,5,1.0,predictive,P2 only,coarse,17.78279410038923,0,100.0,False,False,1.3970045697274216e-09,1.9746748791616996e-09,54.44584636787489,9.999999980253254,0.06668757815441587,0.48247637452193237,9.450836067070398,49.99999990126629,1.0889169295077539,0.4999999990126627,3.956245377249073,4.308022568573306,0.0,0.0,4.8247637452193235,3.7493668505807034,4.8247637452193235,,0.0,1.0236866474151611,ok
B_alpha10,0.8,0.5,10.0,3.1622776601683795,3.162277660168379,0.6,20,200,5,1.0,predictive,P2 only,coarse,74.98942093324558,0,100.0,False,False,1.4668055899218958e-09,2.0733390666731954e-09,54.670524272772305,9.999999979266594,0.02380203601341975,0.5270849025271379,9.449113082192849,49.999999896332945,1.093410487722459,0.4999999989633297,3.963342827557002,4.333560614090412,0.0,0.0,5.270849025271379,4.101435150944504,5.270849025271381,,0.0,1.0090982913970947,ok
B_alpha10,0.8,0.5,10.0,3.1622776601683795,3.162277660168379,0.6,20,200,5,1.0,predictive,P2 only,coarse,316.22776601683796,0,100.0,False,False,1.5026811691844773e-09,2.124049426911725e-09,54.782859761655914,9.999999978759503,0.006562442150067549,0.5493840914327822,9.444053487657646,49.99999989379741,1.0956571975603508,0.49999999893797514,3.9678378309106446,4.347390078189498,0.0,0.0,5.493840914327822,4.277605003024991,5.493840914327829,,0.0,1.4565308094024658,ok
B_alpha10,0.8,0.5,10.0,3.1622776601683795,3.162277660168379,0.6,20,200,5,1.0,predictive,P2 only,coarse,0.0031622776601683794,0,1000.0,False,False,1.1427104542326112e-09,1.6152285237619223e-09,53.10902788170299,9.999999983847703,1.1861119268022282,0.2163132183851933,8.597574870964875,49.999999919238576,1.0621805593497242,0.49999999919238514,4.108702055118985,4.364183447107645,0.0,0.0,2.163132183851933,1.7624133312660972,2.1631321838519297,,0.0,0.9846057891845703,ok
B_alpha10,0.8,0.5,10.0,3.1622776601683795,3.162277660168379,0.6,20,200,5,1.0,predictive,P2 only,coarse,0.01333521432163324,0,1000.0,False,False,1.2149768518378347e-09,1.7173775381303453e-09,53.634248739315844,9.999999982826205,0.525918470434254,0.32101340838076964,9.15306813835877,49.99999991413098,1.072684976628525,0.49999999914131027,3.9991355107343205,4.289812581866348,0.0,0.0,3.2101340838076964,2.4923635606161394,3.2101340838077044,,0.0,1.0331730842590332,ok
B_alpha10,0.8,0.5,10.0,3.1622776601683795,3.162277660168379,0.6,20,200,5,1.0,predictive,P2 only,coarse,0.05623413251903491,0,1000.0,False,False,1.2617806716487406e-09,1.7835350362202506e-09,53.962533132477326,9.999999982164649,0.2887527342035258,0.3864478748940726,9.324799408737753,49.99999991082327,1.0792506645744273,0.49999999910823245,3.9702358171004435,4.2848796441228485,0.0,0.0,3.8644787489407264,2.9793096587386194,3.8644787489407215,,0.0,0.9434959888458252,ok
B_alpha10,0.8,0.5,10.0,3.1622776601683795,3.162277660168379,0.6,20,200,5,1.0,predictive,P2 only,coarse,0.23713737056616552,0,1000.0,False,False,1.2822039446754283e-09,1.812403463010162e-09,54.085295542628664,9.999999981875954,0.21489404707612603,0.4109037124115055,9.374202258636416,49.99999990937979,1.0817059128130617,0.49999999909379766,3.962769089270008,4.286550754976199,0.0,0.0,4.109037124115055,3.169942231659243,4.109037124115054,,0.0,0.9906835556030273,ok
B_alpha10,0.8,0.5,10.0,3.1622776601683795,3.162277660168379,0.6,20,200,5,1.0,predictive,P2 only,coarse,1.0,0,1000.0,False,False,1.2982709871256526e-09,1.8351143300514055e-09,54.14460740712188,9.999999981648836,0.17733920393864175,0.4226908401081308,9.399969974304392,49.99999990824413,1.082892150129672,0.4999999990824418,3.9587288915022945,4.2868764410993725,0.0,0.0,4.226908401081308,3.266075838389144,4.226908401081294,,0.0,1.0380265712738037,ok
B_alpha10,0.8,0.5,10.0,3.1622776601683795,3.162277660168379,0.6,20,200,5,1.0,predictive,P2 only,coarse,4.216965034285822,0,1000.0,False,False,1.3327857493680408e-09,1.8839011667440745e-09,54.24663545165579,9.999999981160986,0.12570515143993197,0.4429350275273049,9.431359839871776,49.99999990580472,1.0849327110770266,0.4999999990580493,3.954692278269655,4.290575014938479,0.0,0.0,4.429350275273049,3.432778763513826,4.429350275273045,,0.0,1.0323121547698975,ok
B_alpha10,0.8,0.5,10.0,3.1622776601683795,3.162277660168379,0.6,20,200,5,1.0,predictive,P2 only,coarse,17.78279410038923,0,1000.0,False,False,1.3974748910654047e-09,1.97533968137536e-09,54.44932372554951,9.999999980246614,0.06464065505755577,0.48316961097695255,9.452189753718878,49.999999901232826,1.0889864766621127,0.49999999901233066,3.9560442590013603,4.308078699129269,0.0,0.0,4.831696109769526,3.7549384940705344,4.831696109769525,,0.0,0.8947293758392334,ok
B_alpha10,0.8,0.5,10.0,3.1622776601683795,3.162277660168379,0.6,20,200,5,1.0,predictive,P2 only,coarse,74.98942093324558,0,1000.0,False,False,1.4668832189616318e-09,2.073448795816444e-09,54.67116382951181,9.999999979265484,0.02336395574697825,0.5272124443105466,9.449423620676992,49.99999989632744,1.093423278857396,0.4999999989632742,3.963291955065165,4.333555684576493,0.0,0.0,5.272124443105466,4.102496906952172,5.272124443105469,,0.0,0.9331109523773193,ok
B_alpha10,0.8,0.5,10.0,3.1622776601683795,3.162277660168379,0.6,20,200,5,1.0,predictive,P2 only,coarse,316.22776601683796,0,1000.0,False,False,1.5026960475630353e-09,2.124070457594803e-09,54.7829921889375,9.999999978759268,0.006463175718417761,0.5494105059468439,9.44412633957547,49.99999989379637,1.095659846106011,0.49999999893796343,3.96782536892377,4.347386933090545,0.0,0.0,5.494105059468439,4.277829866462413,5.494105059468424,,0.0,0.9647159576416016,ok
B_alpha10,0.8,0.5,10.0,3.1622776601683795,3.162277660168379,0.6,20,200,5,1.0,predictive,P1 only (protect),coarse,0.0031622776601683794,5,1.0,True,True,8.464024143379773e-10,1.1963952180443303e-09,52.034028506376075,9.99999998803605,8.57773627415227,0.0027125183794567656,1.419551219432222,49.999999940180274,1.040680571372586,0.4999999994018025,5.6958542187755645,5.927564822850309,1.0044442848223398e-22,1.0054933648364615e-22,0.027125183794567655,0.038246071428557446,0.027125183794567635,,0.0,0.9989395141601562,ok
B_alpha10,0.8,0.5,10.0,3.1622776601683795,3.162277660168379,0.6,20,200,5,1.0,predictive,P1 only (protect),coarse,0.01333521432163324,5,1.0,True,True,9.009044605576113e-10,1.2734342080608419e-09,52.069326104867734,9.999999987265669,7.140209910675039,0.00952162294602996,2.8502684791132618,49.99999993632828,1.041386523423492,0.49999999936328343,5.3741256083367555,5.596541983706973,4.787578866804198e-15,4.808549769565238e-15,0.09521622946029959,0.12476515151175663,0.09521622946029967,,0.0,1.1164753437042236,ok
B_alpha10,0.8,0.5,10.0,3.1622776601683795,3.162277660168379,0.6,20,200,5,1.0,predictive,P1 only (protect),coarse,0.05623413251903491,5,1.0,True,True,9.682640434655757e-10,1.3686474084257823e-09,52.17271913758557,9.999999986313531,5.31405945283522,0.029883152164539576,4.656057408686708,49.999999931567615,1.0434543841798327,0.49999999931567657,4.969823506251176,5.1857841261977775,4.7825585725157765e-09,4.8688942724374625e-09,0.2988315216453958,0.34817955330528283,0.2988315216453959,,0.0,1.039428472518921,ok
B_alpha10,0.8,0.5,10.0,3.1622776601683795,3.162277660168379,0.6,20,200,5,1.0,predictive,P1 only (protect),coarse,0.23713737056616552,5,1.0,True,True,1.0444654672824274e-09,1.476358607449164e-09,52.42585162508764,9.999999985236395,3.3800320393341106,0.08015115987763607,6.539816815551859,49.99999992618198,1.0485170340497418,0.4999999992618197,4.5524298952292765,4.773300291465178,4.8887297147152304e-05,5.2274841604070195e-05,0.8015115987763608,0.8051042352784415,0.8015115987763615,,0.0,1.0772883892059326,ok
B_alpha10,0.8,0.5,10.0,3.1622776601683795,3.162277660168379,0.6,20,200,5,1.0,predictive,P1 only (protect),coarse,1.0,5,1.0,True,True,1.1340672762326844e-09,1.6030113364055375e-09,52.89581129374059,9.999999983969854,1.744704290766792,0.1741767226842996,8.081119002579054,49.99999991984938,1.0579162275706646,0.4999999991984927,4.218871309713327,4.463212420578032,0.005685215514400948,0.006859316153224021,1.741767226842996,1.5163676454909383,1.7417672268429947,,0.0,1.029590129852295,ok
B_alpha10,0.8,0.5,10.0,3.1622776601683795,3.162277660168379,0.6,20,200,5,1.0,predictive,P1 only (protect),coarse,4.216965034285822,5,1.0,True,True,1.2432259972211523e-09,1.7573078853282217e-09,53.52292769340803,9.99999998242691,0.7210816679242439,0.3014750675265019,8.977443282122344,49.999999912134534,1.0704585557492874,0.4999999991213455,4.035815960585178,4.320173724437932,0.033176610806702665,0.04548416925919057,3.014750675265019,2.4015534634246896,3.014750675265021,,0.0,1.0831043720245361,ok
B_alpha10,0.8,0.5,10.0,3.1622776601683795,3.162277660168379,0.6,20,200,5,1.0,predictive,P1 only (protect),coarse,17.78279410038923,5,1.0,True,True,1.3635415802636093e-09,1.9273747299255334e-09,54.154420003847,9.999999980726258,0.2464153064914532,0.4290750109401068,9.324509701842182,49.999999903631114,1.0830884021644605,0.4999999990363129,3.9767119515275136,4.307130593448248,0.05603410949848481,0.08140964251900092,4.290750109401068,3.326135173243068,4.290750109401055,,0.0,1.128385305404663,ok
B_alpha10,0.8,0.5,10.0,3.1622776601683795,3.162277660168379,0.6,20,200,5,1.0,predictive,P1 only (protect),coarse,74.98942093324558,5,1.0,True,True,1.457718956068559e-09,2.0604950517108045e-09,54.572192909307205,9.999999979395035,0.07257562483290243,0.5127362780925703,9.414688117679493,49.999999896975176,1.0914438604350603,0.4999999989697518,3.9689507681449947,4.331886948260871,0.06422193619702846,0.09479200002866482,5.1273627809257025,3.9723464273876066,5.127362780925713,,0.0,0.9731543064117432,ok
B_alpha10,0.8,0.5,10.0,3.1622776601683795,3.162277660168379,0.6,20,200,5,1.0,predictive,P1 only (protect),coarse,316.22776601683796,5,1.0,True,True,1.4994081112377339e-09,2.1194229386072338e-09,54.732578947843855,9.99999997880578,0.021122304723354756,0.5447372801503952,9.43414043632047,49.999999894028676,1.0946515812769106,0.499999998940289,3.969375253100275,4.345082897487654,0.06633290560447376,0.09823546318453738,5.447372801503953,4.227701164553837,5.4473728015039535,,0.0,0.9506351947784424,ok
B_alpha10,0.8,0.5,10.0,3.1622776601683795,3.162277660168379,0.6,20,200,5,1.0,predictive,P1 only (protect),coarse,0.0031622776601683794,10,1.0,True,True,8.464024143370947e-10,1.1963952180430827e-09,52.03402850636488,9.99999998803605,8.577736274174857,0.0027125183786128456,1.4195512194104793,49.999999940180274,1.0406805713723621,0.4999999994018025,5.695854218780342,5.927564822854006,1.5604106549811264e-11,1.5668443354619788e-11,0.027125183786128458,0.03824607141449909,0.027125183786128444,,0.0,1.1934247016906738,ok
B_alpha10,0.8,0.5,10.0,3.1622776601683795,3.162277660168379,0.6,20,200,5,1.0,predictive,P1 only (protect),coarse,0.01333521432163324,10,1.0,True,True,9.009044215696639e-10,1.2734341529511293e-09,52.06932563120447,9.999999987265646,7.140210900556089,0.00952158804536219,2.850267524132902,49.99999993632827,1.041386513950227,0.4999999993632823,5.3741258185200795,5.596542151678536,6.543572087253301e-07,6.656550362790857e-07,0.0952158804536219,0.12476456210529506,0.09521588045362187,,0.0,1.1737494468688965,ok
B_alpha10,0.8,0.5,10.0,3.1622776601683795,3.162277660168379,0.6,20,200,5,1.0,predictive,P1 only (protect),coarse,0.05623413251903491,10,1.0,True,True,9.682079936784664e-10,1.368568181693791e-09,52.17205623168101,9.999999986314304,5.315441978015126,0.029837758119401463,4.65472027755117,49.999999931571615,1.04344112606164,0.4999999993157152,4.970118320088661,5.186025856572899,0.0009058617772949445,0.0009699360395322954,0.29837758119401464,0.34736826749769467,0.2983775811940144,,0.0,1.2734477519989014,ok
B_alpha10,0.8,0.5,10.0,3.1622776601683795,3.162277660168379,0.6,20,200,5,1.0,predictive,P1 only (protect),coarse,0.23713737056616552,10,1.0,True,True,1.0414785304150882e-09,1.4721365531141088e-09,52.389363219936094,9.999999985278638,3.4459655189804557,0.07829382779309599,6.475740667947809,49.99999992639312,1.0477872659412089,0.4999999992639319,4.566605377334473,4.78483096294971,0.04785783665568615,0.060609110943734903,0.7829382779309599,0.7627845059545785,0.7829382779309582,,0.0,1.234342098236084,ok
B_alpha10,0.8,0.5,10.0,3.1622776601683795,3.162277660168379,0.6,20,200,5,1.0,predictive,P1 only (protect),coarse,1.0,10,1.0,True,True,1.1160848761513792e-09,1.5775930990663382e-09,52.66151692222052,9.99999998422409,2.032309035941766,0.1714360100409247,7.796254969793219,49.99999992112039,1.0532303401059784,0.49999999921120447,4.282721035923791,4.510691733245042,0.2806846054878805,0.4991445125082764,1.714360100409247,1.2656798255254496,1.714360100409249,,0.0,1.1880848407745361,ok
B_alpha10,0.8,0.5,10.0,3.1622776601683795,3.162277660168379,0.6,20,200,5,1.0,predictive,P1 only (protect),coarse,4.216965034285822,10,1.0,True,True,1.2043770183009242e-09,1.7023946055659616e-09,53.011054028489305,9.999999982976027,1.0722412923009461,0.3180244481610698,8.609734276561957,49.999999914880114,1.060221082374704,0.49999999914880133,4.121255594266511,4.3694420668960445,0.5662673951130317,1.384367743439403,3.180244481610698,1.869742088710848,3.1802444816107034,,0.0,1.2245395183563232,ok
B_alpha10,0.8,0.5,10.0,3.1622776601683795,3.162277660168379,0.6,20,200,5,1.0,predictive,P1 only (protect),coarse,17.78279410038923,10,1.0,True,True,1.3090905632088558e-09,1.8504078696487918e-09,53.46895105234164,9.999999981495918,0.530385722690802,0.46352612652278813,9.006088169290491,49.99999990747972,1.0693790230256177,0.4999999990747959,4.053725200503246,4.334968694528487,0.7266177592252718,2.0422808523246982,4.635261265227881,2.591101880469759,4.635261265227885,,0.0,1.1498899459838867,ok
B_alpha10,0.8,0.5,10.0,3.1622776601683795,3.162277660168379,0.6,20,200,5,1.0,predictive,P1 only (protect),coarse,74.98942093324558,10,1.0,True,True,1.393700012898714e-09,1.970003866789558e-09,53.80459518131084,9.999999980299958,0.31778699788935355,0.5486640260303207,9.133548995780368,49.99999990149967,1.076091905746125,0.49999999901499786,4.037775626379921,4.345017668766422,0.7847071268784435,2.2896673367558606,5.486640260303207,3.121249812940543,5.486640260303219,,0.0,1.2504165172576904,ok
B_alpha10,0.8,0.5,10.0,3.1622776601683795,3.162277660168379,0.6,20,200,5,1.0,predictive,P1 only (protect),coarse,316.22776601683796,10,1.0,True,True,1.43131736033388e-09,2.0231762274612772e-09,53.934054332679224,9.99999997976823,0.2551153866155004,0.5788616105795558,9.166023023036713,49.999999898841175,1.0786810888359468,0.4999999989884115,4.034991350574778,4.352468863481629,0.8014446097078776,2.3571894077598796,5.788616105795557,3.3307108771532077,5.788616105795543,,0.0,1.1525840759277344,ok
B_alpha10,0.8,0.5,10.0,3.1622776601683795,3.162277660168379,0.6,20,200,5,1.0,predictive,P1 only (protect),coarse,0.0031622776601683794,15,1.0,True,True,8.463687064728267e-10,1.1963475717617008e-09,52.033948594563455,9.999999988036512,8.578702957983358,0.002705888838529744,1.4185911651415992,49.99999994018265,1.0406789731362824,0.4999999994018256,5.696069798473028,5.927780068787502,0.00010009121396266712,0.00010086046486706244,0.02705888838529744,0.03808131175014096,0.027058888385297426,,0.0,2.360020399093628,ok
B_alpha10,0.8,0.5,10.0,3.1622776601683795,3.162277660168379,0.6,20,200,5,1.0,predictive,P1 only (protect),coarse,0.01333521432163324,15,1.0,True,True,8.985487441573424e-10,1.270104387887338e-09,52.06335967969003,9.999999987298947,7.207317272270252,0.009063607618952637,2.7836191328118485,49.99999993649481,1.0412671949163181,0.4999999993649474,5.389092019234133,5.611484730013843,0.007693879743590789,0.00794135815169308,0.09063607618952638,0.11277439193558686,0.09063607618952635,,0.0,2.4340057373046875,ok
B_alpha10,0.8,0.5,10.0,3.1622776601683795,3.162277660168379,0.6,20,200,5,1.0,predictive,P1 only (protect),coarse,0.05623413251903491,15,1.0,True,True,9.452971260280868e-10,1.3361835239803013e-09,52.10169587564207,9.999999986638171,5.953334646531606,0.025820425925195435,4.020844940905028,49.99999993319073,1.042033918905192,0.49999999933190853,5.112508814957346,5.327407595887342,0.09707877979941028,0.10985421955184406,0.25820425925195434,0.2152010446168824,0.25820425925195395,,0.0,2.433987855911255,ok
B_alpha10,0.8,0.5,10.0,3.1622776601683795,3.162277660168379,0.6,20,200,5,1.0,predictive,P1 only (protect),coarse,0.23713737056616552,15,1.0,True,True,9.731187655799293e-10,1.3755095890303408e-09,52.1264973071007,9.999999986244902,5.181151677394061,0.07762097207141871,4.741227364289619,49.99999993122452,1.042529947576024,0.4999999993122451,4.957789572507742,5.168644103119454,0.41440151464981984,0.6209246160099631,0.7762097207141871,0.3146545476188553,0.7762097207141854,,0.0,2.2978570461273193,ok
B_alpha10,0.8,0.5,10.0,3.1622776601683795,3.162277660168379,0.6,20,200,5,1.0,predictive,P1 only (protect),coarse,1.0,15,1.0,True,True,9.983303249465675e-10,1.4111462890606864e-09,52.149759705673,9.999999985888529,4.302712974873961,0.23539028899808323,5.461896750239427,49.999999929442616,1.0429951955852803,0.49999999929442646,4.818942450127735,5.026133823285186,0.890942948712492,2.267521469338942,2.3539028899808323,0.4741774481130319,2.3539028899808354,,0.0,2.4408345222473145,ok
B_alpha10,0.8,0.5,10.0,3.1622776601683795,3.162277660168379,0.6,20,200,5,1.0,predictive,P1 only (protect),coarse,4.216965034285822,15,1.0,True,True,1.0363303253136117e-09,1.4648595320490364e-09,52.226525964445585,9.999999985351405,2.998716572000246,0.5290792053029686,6.47220423734538,49.999999926757006,1.0445305208190026,0.4999999992675702,4.635197668146622,4.841605434408217,1.2333547710209356,5.2214292068511865,5.290792053029686,0.7590047326566389,5.290792053029678,,0.0,2.409775495529175,ok
B_alpha10,0.8,0.5,10.0,3.1622776601683795,3.162277660168379,0.6,20,200,5,1.0,predictive,P1 only (protect),coarse,17.78279410038923,15,1.0,True,True,1.0933930666723925e-09,1.5455180810995608e-09,52.4564516899231,9.99999998454483,1.994780046152944,0.7904663890324953,7.21475358026973,49.99999992272405,1.0491290354199108,0.49999999922724153,4.506997988189154,4.728422451988365,1.3886614870158405,7.482072526050435,7.9046638903249535,1.2047221171256048,7.904663890324961,,0.0,2.621656656265259,ok
B_alpha10,0.8,0.5,10.0,3.1622776601683795,3.162277660168379,0.6,20,200,5,1.0,predictive,P1 only (protect),coarse,74.98942093324558,15,1.0,True,True,1.1437753521149994e-09,1.61673376307746e-09,52.665382364186655,9.999999983832643,1.5852630885643948,0.9139270497339275,7.500809877869035,49.999999919163216,1.053307648986653,0.4999999991916321,4.461034615703424,4.698841883114651,1.445679329895707,8.360773183561879,9.139270497339275,1.54178592042856,9.1392704973393,,0.0,2.1949172019958496,ok
B_alpha10,0.8,0.5,10.0,3.1622776601683795,3.162277660168379,0.6,20,200,5,1.0,predictive,P1 only (protect),coarse,316.22776601683796,15,1.0,True,True,1.1662176820572554e-09,1.6484561396531e-09,52.74532104898728,9.99999998351544,1.4674737382238925,0.9515107703046455,7.581015507956021,49.99999991757712,1.0549064227187142,0.49999999917577204,4.448593478879727,4.6928498329348125,1.4635773404641033,8.607575728836077,9.515107703046455,1.66287513254798,9.515107703046441,,0.0,2.3517208099365234,ok
B_alpha10,0.8,0.5,10.0,3.1622776601683795,3.162277660168379,0.6,20,200,5,1.0,predictive,P1 only (protect),coarse,0.0031622776601683794,20,1.0,True,True,7.906326789170926e-10,1.1175643415948637e-09,52.019246254451296,9.999999988824346,9.992343904200066,0.0017084277878865405,0.005947679187702448,49.99999994412183,1.040384926251722,0.4999999994412173,6.014595207138552,6.257494191012802,0.01858429239534854,0.018808213025076632,0.017084277878865406,0.0017245500792977641,0.017084277878865406,,0.0,7.4383814334869385,ok
B_alpha10,0.8,0.5,10.0,3.1622776601683795,3.162277660168379,0.6,20,200,5,1.0,predictive,P1 only (protect),coarse,0.01333521432163324,20,1.0,True,True,7.906438460802914e-10,1.1175801264511728e-09,52.01924820159436,9.999999988824197,9.967852519985662,0.007178046984080177,0.024969444206060842,49.99999994412103,1.0403849651946,0.4999999994412098,6.011126712181721,6.25388585523351,0.07516764877238633,0.07896031559964305,0.07178046984080177,0.007182446878387641,0.07178046984080175,,0.0,7.576091766357422,ok
B_alpha10,0.8,0.5,10.0,3.1622776601683795,3.162277660168379,0.6,20,200,5,1.0,predictive,P1 only (protect),coarse,0.05623413251903491,20,1.0,True,True,7.9069079756234e-10,1.1176464926701029e-09,52.01925644201357,9.999999988823536,9.866801861544198,0.029811399095378825,0.1033867505368864,49.99999994411764,1.0403851300030549,0.4999999994411768,5.996840583971785,6.239023770563081,0.2708577563077731,0.3269376115801871,0.29811399095378827,0.028834735839059582,0.29811399095378793,,0.0,7.669727087020874,ok
B_alpha10,0.8,0.5,10.0,3.1622776601683795,3.162277660168379,0.6,20,200,5,1.0,predictive,P1 only (protect),coarse,0.23713737056616552,20,1.0,True,True,7.908863932126489e-10,1.1179229683676875e-09,52.019291870151136,9.99999998882078,9.475399095558318,0.11822994547061123,0.4063709701502898,49.99999994410385,1.040385838566094,0.499999999441039,5.941788421863687,6.18175252986296,0.7154685513844184,1.2850578406472268,1.1822994547061123,0.10280850902455284,1.1822994547061119,,0.0,7.350038290023804,ok
B_alpha10,0.8,0.5,10.0,3.1622776601683795,3.162277660168379,0.6,20,200,5,1.0,predictive,P1 only (protect),coarse,1.0,20,1.0,True,True,7.916837263958871e-10,1.1190500039017448e-09,52.019722740551295,9.999999988809492,8.247985264126493,0.399608368535943,1.3524063785280713,49.9999999440475,1.0403944559752794,0.4999999994404746,5.770691249958503,6.0037951836018815,1.1951818054101573,4.2766844782884945,3.99608368535943,0.28189521375957294,3.996083685359438,,0.0,7.714154958724976,ok
B_alpha10,0.8,0.5,10.0,3.1622776601683795,3.162277660168379,0.6,20,200,5,1.0,predictive,P1 only (protect),coarse,4.216965034285822,20,1.0,True,True,7.95525798538589e-10,1.124480797375619e-09,52.04758834413072,9.999999988755198,6.007699872480981,0.9243083560217304,3.06799178274209,49.99999994377594,1.0409517680531453,0.49999999943775986,5.462586450302468,5.686289023585509,1.4423205309072797,9.701841876145465,9.243083560217304,0.5652796890755547,9.24308356021733,,0.0,7.337670087814331,ok
B_alpha10,0.8,0.5,10.0,3.1622776601683795,3.162277660168379,0.6,20,200,5,1.0,predictive,P1 only (protect),coarse,17.78279410038923,20,1.0,True,True,8.095518984684004e-10,1.1443067791421503e-09,52.215365371007856,9.999999988556912,4.2282634544410955,1.3693107169723941,4.402425840029598,49.99999994278464,1.0443073086151655,0.49999999942784557,5.228478935225366,5.460138764996289,1.5317617914707633,13.921692884473472,13.693107169723941,0.976279289741002,13.69310716972395,,0.0,7.287217140197754,ok
B_alpha10,0.8,0.5,10.0,3.1622776601683795,3.162277660168379,0.6,20,200,5,1.0,predictive,P1 only (protect),coarse,74.98942093324558,20,1.0,True,True,8.252887650124767e-10,1.1665509404551633e-09,52.39218683159741,9.999999988334498,3.5152353125401157,1.5639993513186512,4.920765347806736,49.99999994167248,1.0478437378543106,0.4999999994167249,5.14082737540809,5.386783772711379,1.5619995771819717,15.560826330299854,15.639993513186512,1.285027481528213,15.639993513186488,,0.0,7.4490065574646,ok
B_alpha10,0.8,0.5,10.0,3.1622776601683795,3.162277660168379,0.6,20,200,5,1.0,predictive,P1 only (protect),coarse,316.22776601683796,20,1.0,True,True,8.320189109136312e-10,1.1760640446473294e-09,52.46147740059111,9.999999988239377,3.313661008826576,1.6207121130072755,5.0656268899267705,49.99999994119688,1.0492295492457815,0.4999999994119689,5.116677495485885,5.368569222224689,1.5714835452873683,16.018918748763582,16.207121130072753,1.388747115719828,16.207121130072803,,0.0,7.248246431350708,ok
B_alpha10,0.8,0.5,10.0,3.1622776601683795,3.162277660168379,0.6,20,200,5,1.0,predictive,P1+P2 (protect),coarse,0.0031622776601683794,5,3.0,True,True,8.719812810000312e-10,1.2325511092204599e-09,52.04727565713751,9.99999998767449,7.8918834460213025,0.005245341225381816,2.1028712250788244,49.99999993837253,1.0409455144257669,0.4999999993837245,5.542086341580827,5.76900991782887,1.3782834755715983e-17,1.3826724163393232e-17,0.052453412253818166,0.07155359439093703,0.052453412253818145,,0.0,0.9310219287872314,ok
B_alpha10,0.8,0.5,10.0,3.1622776601683795,3.162277660168379,0.6,20,200,5,1.0,predictive,P1+P2 (protect),coarse,0.01333521432163324,5,3.0,True,True,9.335063978341232e-10,1.3195172544712617e-09,52.11037732037764,9.999999986804813,6.205528818914999,0.01757883698245004,3.776892357297738,49.999999934024196,1.0422075477827624,0.49999999934024064,5.166302121368932,5.384359065016797,7.799555877295807e-11,7.902591415787367e-11,0.17578836982450038,0.21707292012268506,0.1757883698245006,,0.0,1.2933037281036377,ok
B_alpha10,0.8,0.5,10.0,3.1622776601683795,3.162277660168379,0.6,20,200,5,1.0,predictive,P1+P2 (protect),coarse,0.05623413251903491,5,3.0,True,True,1.0039700716108946e-09,1.4191181071582214e-09,52.28194433909338,9.999999985808815,4.242526903503692,0.0515586003667902,5.705914510320702,49.99999992904402,1.0456388882657541,0.49999999929044076,4.736248156337895,4.9524052567438845,4.721339704653936e-06,4.9671382534693604e-06,0.515586003667902,0.5526442897507375,0.5155860036679014,,0.0,1.123765230178833,ok
B_alpha10,0.8,0.5,10.0,3.1622776601683795,3.162277660168379,0.6,20,200,5,1.0,predictive,P1+P2 (protect),coarse,0.23713737056616552,5,3.0,True,True,1.0824247908402839e-09,1.530014353650086e-09,52.648114939450544,9.999999984699846,2.378099270650363,0.12459636957594064,7.497304375073851,49.99999992349924,1.0529623004000592,0.4999999992349923,4.343116395548084,4.5731378307615245,0.002214321826789903,0.0025882599962959575,1.2459636957594065,1.1404377640978982,1.2459636957594067,,0.0,0.9940154552459717,ok
B_alpha10,0.8,0.5,10.0,3.1622776601683795,3.162277660168379,0.6,20,200,5,1.0,predictive,P1+P2 (protect),coarse,1.0,5,3.0,True,True,1.1734328084153466e-09,1.6586547674719576e-09,53.20008985970237,9.999999983413472,1.063618989665071,0.23656487829524908,8.699816148626207,49.99999991706713,1.064001798958862,0.4999999991706736,4.088683337345809,4.350366426309064,0.02536251629482556,0.03401278363443949,2.3656487829524906,1.9223470545443921,2.365648782952496,,0.0,0.9431962966918945,ok
B_alpha10,0.8,0.5,10.0,3.1622776601683795,3.162277660168379,0.6,20,200,5,1.0,predictive,P1+P2 (protect),coarse,4.216965034285822,5,3.0,True,True,1.277155190255908e-09,1.8052670162951884e-09,53.80821746525927,9.999999981947303,0.4032902244113881,0.36001141471317794,9.236698378928132,49.99999990973672,1.0761643512479477,0.49999999909736514,3.986134520060923,4.289735869768413,0.052844145031845736,0.07617983925668627,3.6001141471317792,2.7932571836649753,3.6001141471317917,,0.0,0.9527850151062012,ok
B_alpha10,0.8,0.5,10.0,3.1622776601683795,3.162277660168379,0.6,20,200,5,1.0,predictive,P1+P2 (protect),coarse,17.78279410038923,5,3.0,True,True,1.3816423330415227e-09,1.9529602595340295e-09,54.308403750289365,9.999999980470431,0.13707055880414437,0.4603388309819573,9.402590629743468,49.999999902351824,1.086168077127034,0.49999999902352155,3.963799659549378,4.30535265432954,0.06396411106676779,0.0942390780216126,4.603388309819573,3.5562734080144085,4.603388309819561,,0.0,1.2051870822906494,ok
B_alpha10,0.8,0.5,10.0,3.1622776601683795,3.162277660168379,0.6,20,200,5,1.0,predictive,P1+P2 (protect),coarse,74.98942093324558,5,3.0,True,True,1.4626183942570068e-09,2.0674204388685495e-09,54.615140527206044,9.999999979325757,0.0427752598301923,0.5214432177063295,9.435781543137722,49.999999896629014,1.0923028128023693,0.4999999989662879,3.965501798534697,4.331528768712304,0.06650302949054221,0.09844934242713872,5.214432177063295,4.04046355615877,5.214432177063293,,0.0,1.0886833667755127,ok
B_alpha10,0.8,0.5,10.0,3.1622776601683795,3.162277660168379,0.6,20,200,5,1.0,predictive,P1+P2 (protect),coarse,316.22776601683796,5,3.0,True,True,1.5004855088773334e-09,2.120945847049117e-09,54.74254108667329,9.999999978790516,0.013846780770265913,0.5467585285692058,9.439394711870012,49.999999893952655,1.0948508240555863,0.4999999989395258,3.968493931177511,4.344908850809292,0.06690623483447794,0.09914767218077969,5.467585285692058,4.243888601205191,5.467585285692042,,0.0,1.0080857276916504,ok
B_alpha10,0.8,0.5,10.0,3.1622776601683795,3.162277660168379,0.6,20,200,5,1.0,predictive,P1+P2 (protect),coarse,0.0031622776601683794,5,10.0,True,True,9.148544656878701e-10,1.2931526293434758e-09,52.085857741397255,9.999999987068465,6.701097771561605,0.012762462391242126,3.286139778978688,49.999999935342245,1.041717156175047,0.49999999935342326,5.2762856698389005,5.496397303151732,4.619542924575446e-12,4.668344242354686e-12,0.12762462391242127,0.16246324005353255,0.12762462391242121,,0.0,1.102466106414795,ok
B_alpha10,0.8,0.5,10.0,3.1622776601683795,3.162277660168379,0.6,20,200,5,1.0,predictive,P1+P2 (protect),coarse,0.01333521432163324,5,10.0,True,True,9.825017078069358e-10,1.3887724378764562e-09,52.219543475041256,9.999999986112268,4.769653857532823,0.03917995882359429,5.191166197531315,49.999999930561415,1.0443908709512455,0.4999999993056134,4.8505075501101,5.06582580481508,8.239649225043365e-07,8.587518867341079e-07,0.3917995882359429,0.4361265688232376,0.39179958823594363,,0.0,0.9817466735839844,ok
B_alpha10,0.8,0.5,10.0,3.1622776601683795,3.162277660168379,0.6,20,200,5,1.0,predictive,P1+P2 (protect),coarse,0.05623413251903491,5,10.0,True,True,1.0561660240722322e-09,1.4928974191989982e-09,52.527119152064486,9.999999985071028,2.819420513657255,0.10042363860670996,7.080155862665007,49.99999992535502,1.050542384609644,0.49999999925355143,4.4335847088652685,4.657668652420173,0.001003883036016632,0.0011483543199813622,1.0042363860670995,0.9510632164772006,1.0042363860671006,,0.0,1.035104751586914,ok
B_alpha10,0.8,0.5,10.0,3.1622776601683795,3.162277660168379,0.6,20,200,5,1.0,predictive,P1+P2 (protect),coarse,0.23713737056616552,5,10.0,True,True,1.137360859185997e-09,1.60766683698954e-09,53.02703280612539,9.999999983923315,1.3383871979304371,0.20164010198637297,8.459972716159875,49.99999991961651,1.060540657827507,0.4999999991961658,4.137536730707056,4.388025926169533,0.0198047135763601,0.02608671669892644,2.01640101986373,1.666100316520362,2.016401019863725,,0.0,1.1167514324188232,ok
B_alpha10,0.8,0.5,10.0,3.1622776601683795,3.162277660168379,0.6,20,200,5,1.0,predictive,P1+P2 (protect),coarse,1.0,5,10.0,True,True,1.223849913044336e-09,1.7299196667390354e-09,53.59076427537406,9.999999982700798,0.5547018645922821,0.3165367424272973,9.128761410279623,49.999999913503885,1.0718152873616384,0.4999999991350399,4.003945562143304,4.2914900632689825,0.04977428631173821,0.07127259914757471,3.165367424272973,2.457401205247992,3.1653674242729717,,0.0,1.0050175189971924,ok
B_alpha10,0.8,0.5,10.0,3.1622776601683795,3.162277660168379,0.6,20,200,5,1.0,predictive,P1+P2 (protect),coarse,4.216965034285822,5,10.0,True,True,1.3081705186104647e-09,1.8491073809280743e-09,54.05340152289968,9.999999981508937,0.2268622765442088,0.4096875321509784,9.363450209795875,49.99999990754467,1.0810680324570037,0.49999999907544684,3.96501171862691,4.286447417324957,0.06375462405226175,0.09377779073108537,4.096875321509784,3.1519868358,4.096875321509776,,0.0,0.9558937549591064,ok
B_alpha10,0.8,0.5,10.0,3.1622776601683795,3.162277660168379,0.6,20,200,5,1.0,predictive,P1+P2 (protect),coarse,17.78279410038923,5,10.0,True,True,1.3913606671922342e-09,1.9666971868972033e-09,54.38516720986723,9.999999980333005,0.08968029159354751,0.4758478449325006,9.434471883140947,49.999999901665056,1.0877033463365295,0.49999999901665027,3.9589400629633302,4.3061523544309654,0.06721844045310332,0.0994747412322809,4.758478449325006,3.6750623262720037,4.758478449325018,,0.0,1.0441968441009521,ok
B_alpha10,0.8,0.5,10.0,3.1622776601683795,3.162277660168379,0.6,20,200,5,1.0,predictive,P1+P2 (protect),coarse,74.98942093324558,5,10.0,True,True,1.4645444043710593e-09,2.0701428664604398e-09,54.63157988667639,9.999999979298561,0.03164523552208179,0.5247714607666658,9.443583324412693,49.99999989649279,1.0926315999954328,0.4999999989649281,3.9642423514266794,4.33145646320899,0.06733910446776975,0.09978195162595128,5.2477146076666585,4.066818106949775,5.247714607666643,,0.0,1.1614980697631836,ok
B_alpha10,0.8,0.5,10.0,3.1622776601683795,3.162277660168379,0.6,20,200,5,1.0,predictive,P1+P2 (protect),coarse,316.22776601683796,5,10.0,True,True,1.5008733984419903e-09,2.1214941314251146e-09,54.74610408255166,9.999999978785038,0.011258275211378076,0.5474811724901363,9.441260573513446,49.99999989392524,1.0949220839739051,0.4999999989392519,3.968181695044824,4.344849771125582,0.06710925872681385,0.09947008020024621,5.474811724901363,4.249693570609472,5.4748117249013655,,0.0,1.0533764362335205,ok
B_alpha10,0.8,0.5,10.0,3.1622776601683795,3.162277660168379,0.6,20,200,5,1.0,predictive,P1+P2 (protect),coarse,0.0031622776601683794,5,30.0,True,True,9.630440437280797e-10,1.3612689054916112e-09,52.16991413962459,9.999999986387309,5.3095165858481215,0.029346322464008853,4.66113710530056,49.99999993193641,1.0433982842128404,0.49999999931936545,4.968596852770224,5.18422543112577,6.619610587650267e-08,6.822904134383723e-08,0.29346322464008856,0.3397384257565501,0.29346322464008906,,0.0,1.037978172302246,ok
B_alpha10,0.8,0.5,10.0,3.1622776601683795,3.162277660168379,0.6,20,200,5,1.0,predictive,P1+P2 (protect),coarse,0.01333521432163324,5,30.0,True,True,1.0343642898831105e-09,1.4620805287401358e-09,52.42266250988021,9.999999985379192,3.3154857722957662,0.07957816143587305,6.6049360808891695,49.99999992689596,1.0484532517305276,0.4999999992689596,4.537653596040185,4.757517667995054,0.0002777680197173735,0.00030857090755325144,0.7957816143587305,0.7857292669961833,0.795781614358731,,0.0,1.009399652481079,ok
B_alpha10,0.8,0.5,10.0,3.1622776601683795,3.162277660168379,0.6,20,200,5,1.0,predictive,P1+P2 (protect),coarse,0.05623413251903491,5,30.0,True,True,1.111431068612061e-09,1.5710149124868981e-09,52.87530520912025,9.999999984289818,1.668235184663455,0.17078932629359933,8.160975504753127,49.99999992144929,1.0575061058437623,0.4999999992144909,4.200347203831012,4.44189281471507,0.012632543435450616,0.01613713234604278,1.7078932629359933,1.4504959710359595,1.7078932629359953,,0.0,1.0057575702667236,ok
B_alpha10,0.8,0.5,10.0,3.1622776601683795,3.162277660168379,0.6,20,200,5,1.0,predictive,P1+P2 (protect),coarse,0.23713737056616552,5,30.0,True,True,1.1913712073907764e-09,1.6840108089893606e-09,53.422670392970595,9.999999983159883,0.7229527273666669,0.2825981576177653,8.994449131855683,49.99999991579931,1.0684534096587022,0.49999999915799415,4.029140708830772,4.304949128344918,0.04394118193189999,0.06211454093456313,2.8259815761776528,2.208789332042802,2.8259815761776568,,0.0,1.0479857921600342,ok
B_alpha10,0.8,0.5,10.0,3.1622776601683795,3.162277660168379,0.6,20,200,5,1.0,predictive,P1+P2 (protect),coarse,1.0,5,30.0,True,True,1.2622689755252606e-09,1.784225256824214e-09,53.87943589020964,9.999999982157727,0.32581853497813995,0.3750039634119466,9.299177519452186,49.9999999107887,1.0775887197268545,0.49999999910788634,3.974294735123934,4.282655175439379,0.06204864117756223,0.09096561643402207,3.750039634119466,2.875748373190683,3.7500396341194664,,0.0,1.0310084819793701,ok
B_alpha10,0.8,0.5,10.0,3.1622776601683795,3.162277660168379,0.6,20,200,5,1.0,predictive,P1+P2 (protect),coarse,4.216965034285822,5,30.0,True,True,1.3229598762686824e-09,1.870012232391196e-09,54.16192327322224,9.999999981299855,0.16270526433093369,0.4315598731478321,9.405734881221381,49.99999990649935,1.083238467490115,0.4999999990649927,3.9587622292451274,4.288283530365243,0.06754790542077332,0.09989449793854464,4.315598731478321,3.3174767945066455,4.315598731478318,,0.0,1.0486457347869873,ok
B_alpha10,0.8,0.5,10.0,3.1622776601683795,3.162277660168379,0.6,20,200,5,1.0,predictive,P1+P2 (protect),coarse,17.78279410038923,5,30.0,True,True,1.3946233698277506e-09,1.9713090379010306e-09,54.4099718342724,9.999999980286919,0.07494710506273007,0.48085134403791613,9.444201570612435,49.9999999014344,1.0881994388306286,0.49999999901434594,3.9574976484565427,4.306546720223943,0.06820502383859187,0.1010511475095227,4.808513440379161,3.7139993334664987,4.808513440379162,,0.0,1.00514554977417,ok
B_alpha10,0.8,0.5,10.0,3.1622776601683795,3.162277660168379,0.6,20,200,5,1.0,predictive,P1+P2 (protect),coarse,74.98942093324558,5,30.0,True,True,1.465116899255373e-09,2.07095209163422e-09,54.63641920842299,9.999999979290473,0.028392721058254557,0.5257507623505587,9.445856537300713,49.99999989645242,1.0927283864314474,0.4999999989645237,3.963876821000284,4.331440722624656,0.06758181104382095,0.10016780666744354,5.257507623505587,4.074605204354353,5.25750762350559,,0.0,1.0217502117156982,ok
B_alpha10,0.8,0.5,10.0,3.1622776601683795,3.162277660168379,0.6,20,200,5,1.0,predictive,P1+P2 (protect),coarse,316.22776601683796,5,30.0,True,True,1.5009852780001803e-09,2.1216522738948746e-09,54.74712945557694,9.999999978783473,0.01051461223568236,0.5476891125368802,9.441796296443965,49.999999893917256,1.0949425914346291,0.49999999893917363,3.9680921148996493,4.34483306333954,0.06716749400300684,0.09956249656989824,5.476891125368803,4.2513656491221665,5.476891125368797,,0.0,1.2137906551361084,ok
B_alpha10,0.8,0.5,10.0,3.1622776601683795,3.162277660168379,0.6,20,200,5,1.0,predictive,P1+P2 (protect),coarse,0.0031622776601683794,5,100.0,True,True,1.021055621736878e-09,1.443268641351353e-09,52.36351522383948,9.999999985567314,3.654103624159497,0.06779810257338624,6.2780982876998035,49.999999927836534,1.0472703059882826,0.4999999992783657,4.609612653546033,4.827510454166613,9.848989519031059e-05,0.00010749585875513861,0.6779810257338624,0.6886517961711353,0.6779810257338639,,0.0,1.002009391784668,ok
B_alpha10,0.8,0.5,10.0,3.1622776601683795,3.162277660168379,0.6,20,200,5,1.0,predictive,P1+P2 (protect),coarse,0.01333521432163324,5,100.0,True,True,1.0964153117288216e-09,1.5497900442724936e-09,52.78323315168185,9.999999984502091,1.9101617177446102,0.15209070677811576,7.9377475909751825,49.99999992251043,1.055664664669697,0.4999999992251046,4.247892619690103,4.4843501379180335,0.008538945616965679,0.010658154761454602,1.5209070677811576,1.3199959026041055,1.5209070677811583,,0.0,1.0632095336914062,ok
B_alpha10,0.8,0.5,10.0,3.1622776601683795,3.162277660168379,0.6,20,200,5,1.0,predictive,P1+P2 (protect),coarse,0.05623413251903491,5,100.0,True,True,1.1744549525892858e-09,1.6600995748451954e-09,53.32150289440436,9.999999983398979,0.8458676378018015,0.26205147344877894,8.892080905350442,49.99999991699501,1.0664300596584675,0.49999999916994897,4.049143695422052,4.318128552674647,0.039251304855716894,0.054872155020346355,2.6205147344877893,2.0638590239680155,2.6205147344877946,,0.0,0.984494686126709,ok
B_alpha10,0.8,0.5,10.0,3.1622776601683795,3.162277660168379,0.6,20,200,5,1.0,predictive,P1+P2 (protect),coarse,0.23713737056616552,5,100.0,True,True,1.24137106931763e-09,1.754685933022717e-09,53.78912012276536,9.999999982453145,0.39055113572371325,0.3569211760999584,9.252527705723184,49.99999991226567,1.0757824043429682,0.49999999912265725,3.982098866798437,4.2838718932558315,0.06031208450664496,0.08814447395503518,3.569211760999584,2.73457191033397,3.569211760999587,,0.0,0.9830996990203857,ok
B_alpha10,0.8,0.5,10.0,3.1622776601683795,3.162277660168379,0.6,20,200,5,1.0,predictive,P1+P2 (protect),coarse,1.0,5,100.0,True,True,1.285641698419287e-09,1.8172627498424943e-09,54.044615219951694,9.999999981827369,0.22396953966511496,0.4082755052845379,9.36775497322298,49.99999990913691,1.0808923063632982,0.49999999909136844,3.963828258158308,4.284471467988749,0.06743569501646839,0.09966468621432487,4.082755052845378,3.12590303255375,4.082755052845382,,0.0,1.117185115814209,ok
B_alpha10,0.8,0.5,10.0,3.1622776601683795,3.162277660168379,0.6,20,200,5,1.0,predictive,P1+P2 (protect),coarse,4.216965034285822,5,100.0,True,True,1.329226078036152e-09,1.878869548591281e-09,54.20593715557301,9.999999981211278,0.1380657053133247,0.4404162708235788,9.421518042651817,49.99999990605658,1.0841187451483767,0.4999999990605639,3.956533668770288,4.289352316124548,0.06896939916675505,0.10217106100618892,4.404162708235788,3.385749440300414,4.40416270823579,,0.0,0.9371716976165771,ok
B_alpha10,0.8,0.5,10.0,3.1622776601683795,3.162277660168379,0.6,20,200,5,1.0,predictive,P1+P2 (protect),coarse,17.78279410038923,5,100.0,True,True,1.3958246312653597e-09,1.973007028611687e-09,54.41898292451951,9.999999980269934,0.06964977723415378,0.4826681579901421,9.44768208450577,49.99999990134961,1.0883796606377718,0.4999999990134967,3.956985720569721,4.306702775702182,0.06855682011958425,0.10161155633816302,4.826681579901421,3.72820976688567,4.826681579901415,,0.0,0.989532470703125,ok
B_alpha10,0.8,0.5,10.0,3.1622776601683795,3.162277660168379,0.6,20,200,5,1.0,predictive,P1+P2 (protect),coarse,74.98942093324558,5,100.0,True,True,1.4653196859658918e-09,2.0712387319441254e-09,54.63812823435894,9.999999979287606,0.02724650637257778,0.5260965591282603,9.446656955211555,49.99999989643802,1.0927625669505519,0.4999999989643803,3.9637482613931745,4.331435724865792,0.06766716982792256,0.10030339536154181,5.260965591282602,4.077358377686696,5.260965591282581,,0.0,1.014469861984253,ok
B_alpha10,0.8,0.5,10.0,3.1622776601683795,3.162277660168379,0.6,20,200,5,1.0,predictive,P1+P2 (protect),coarse,316.22776601683796,5,100.0,True,True,1.5010245474290993e-09,2.121707781483354e-09,54.747489114470916,9.999999978782913,0.010253897776192957,0.5477620467330245,9.441984076707868,49.999999893914655,1.0949497846125809,0.49999999893914565,3.968060722645018,4.344827233589804,0.06718790047657955,0.09959487381839478,5.4776204673302455,4.251952304489206,5.477620467330235,,0.0,1.1085169315338135,ok
B_alpha10,0.8,0.5,10.0,3.1622776601683795,3.162277660168379,0.6,20,200,5,1.0,predictive,P1+P2 (protect),coarse,0.0031622776601683794,10,3.0,True,True,8.719812803586111e-10,1.232551108313808e-09,52.04727564914551,9.999999987674494,7.891883463090665,0.005245340978627154,2.1028712082562135,49.99999993837239,1.0409455142659298,0.4999999993837247,5.5420863453386975,5.769009920854778,1.4830134889794922e-08,1.5015892535846332e-08,0.05245340978627154,0.07155358465760414,0.05245340978627151,,0.0,1.3095057010650635,ok
B_alpha10,0.8,0.5,10.0,3.1622776601683795,3.162277660168379,0.6,20,200,5,1.0,predictive,P1+P2 (protect),coarse,0.01333521432163324,10,3.0,True,True,9.335020942205575e-10,1.319511171286005e-09,52.11032567973977,9.999999986804902,6.205640946379641,0.017577428554898192,3.7767816382605597,49.99999993402441,1.0422065149699993,0.4999999993402451,5.166326886438868,5.38437953951126,9.420471226908302e-05,9.907915554990017e-05,0.17577428554898192,0.21701069850829346,0.17577428554898183,,0.0,1.1681511402130127,ok
B_alpha10,0.8,0.5,10.0,3.1622776601683795,3.162277660168379,0.6,20,200,5,1.0,predictive,P1+P2 (protect),coarse,0.05623413251903491,10,3.0,True,True,1.0031506060813508e-09,1.4179597873994594e-09,52.27199436547608,9.999999985820411,4.262286549036582,0.051417778648271725,5.686295686494735,49.99999992910199,1.0454398887919139,0.49999999929102057,4.740652749109,4.956067482829593,0.01711054035520862,0.0205490281418388,0.5141777864827173,0.5411279311038225,0.5141777864827172,,0.0,1.1885271072387695,ok
B_alpha10,0.8,0.5,10.0,3.1622776601683795,3.162277660168379,0.6,20,200,5,1.0,predictive,P1+P2 (protect),coarse,0.23713737056616552,10,3.0,True,True,1.072536756256564e-09,1.5160375536263153e-09,52.519435659661156,9.999999984839615,2.5642965368716375,0.12704035858711057,7.308663119701636,49.99999992419816,1.0503887147856512,0.49999999924198074,4.386039155481379,4.607046031525629,0.19332630503816806,0.31626423878898713,1.2704035858711058,1.0029237838724325,1.2704035858711025,,0.0,1.3071768283843994,ok
B_alpha10,0.8,0.5,10.0,3.1622776601683795,3.162277660168379,0.6,20,200,5,1.0,predictive,P1+P2 (protect),coarse,1.0,10,3.0,True,True,1.1454256639563366e-09,1.6190664899440248e-09,52.82015596939388,9.999999983809346,1.3808300321099218,0.26088637441985724,8.358283609660875,49.99999991904654,1.0564031210982674,0.4999999991904673,4.169386738250629,4.40455316335369,0.5009507369777285,1.159064862829499,2.6088637441985725,1.5350079068941376,2.6088637441985676,,0.0,1.238077163696289,ok
B_alpha10,0.8,0.5,10.0,3.1622776601683795,3.162277660168379,0.6,20,200,5,1.0,predictive,P1+P2 (protect),coarse,4.216965034285822,10,3.0,True,True,1.2343575983045746e-09,1.744772346801841e-09,53.24235582280674,9.999999982552282,0.6794179333322465,0.4102878195147833,8.910294264600688,49.99999991276143,1.0648471183140495,0.4999999991276141,4.06732854056573,4.331083075657906,0.7021742364812926,1.9371696573034114,4.1028781951478335,2.2000442551638524,4.102878195147848,,0.0,1.1542975902557373,ok
B_alpha10,0.8,0.5,10.0,3.1622776601683795,3.162277660168379,0.6,20,200,5,1.0,predictive,P1+P2 (protect),coarse,17.78279410038923,10,3.0,True,True,1.327843038472276e-09,1.8769146131524365e-09,53.63552206896169,9.999999981230832,0.3759011858501066,0.513545334189346,9.110553498729717,49.99999990615426,1.07271044339262,0.49999999906154163,4.037681564405232,4.331263181231344,0.7794890920308452,2.2644424659361904,5.13545334189346,2.8186171091150807,5.135453341893448,,0.0,1.1278491020202637,ok
B_alpha10,0.8,0.5,10.0,3.1622776601683795,3.162277660168379,0.6,20,200,5,1.0,predictive,P1+P2 (protect),coarse,74.98942093324558,10,3.0,True,True,1.399482108215491e-09,1.9781768954339814e-09,53.860139952190224,9.999999980218211,0.27358726214259954,0.5640793726681747,9.162333384971014,49.99999990109121,1.077202801174701,0.4999999990109106,4.033600558390448,4.345005820318029,0.8008614727213242,2.3533237174974455,5.640793726681746,3.1953870917531533,5.64079372668177,,0.0,1.2527947425842285,ok
B_alpha10,0.8,0.5,10.0,3.1622776601683795,3.162277660168379,0.6,20,200,5,1.0,predictive,P1+P2 (protect),coarse,316.22776601683796,10,3.0,True,True,1.4327004931789903e-09,2.025131294568225e-09,53.94814656808795,9.999999979748695,0.2441213369878424,0.5827108188148319,9.173167864448631,49.99999989874331,1.0789629335468032,0.49999999898743475,4.033958450212328,4.352491643247009,0.8056615721254741,2.3731216105597746,5.827108188148319,3.349221694054313,5.827108188148338,,0.0,1.3481550216674805,ok
B_alpha10,0.8,0.5,10.0,3.1622776601683795,3.162277660168379,0.6,20,200,5,1.0,predictive,P1+P2 (protect),coarse,0.0031622776601683794,10,10.0,True,True,9.148537247304126e-10,1.293151581995378e-09,52.085848756368634,9.99999998706847,6.7011175742131766,0.012762400350911897,3.286120038367441,49.99999993534242,1.0417169764744707,0.49999999935342354,5.276290113753541,5.49640098430148,1.8490940680237115e-05,1.9257366754656252e-05,0.12762400350911896,0.16245250494304914,0.12762400350911882,,0.0,1.1622135639190674,ok
B_alpha10,0.8,0.5,10.0,3.1622776601683795,3.162277660168379,0.6,20,200,5,1.0,predictive,P1+P2 (protect),coarse,0.01333521432163324,10,10.0,True,True,9.821812252598489e-10,1.3883194337496723e-09,52.215659120165256,9.999999986116777,4.777705787907579,0.039194319330769715,5.183099906644874,49.999999930584096,1.044313183853144,0.4999999993058388,4.852329368244662,5.0673515316556985,0.007548015475335872,0.008783325568509819,0.39194319330769717,0.43163495886603365,0.3919431933076983,,0.0,1.1180980205535889,ok
B_alpha10,0.8,0.5,10.0,3.1622776601683795,3.162277660168379,0.6,20,200,5,1.0,predictive,P1+P2 (protect),coarse,0.05623413251903491,10,10.0,True,True,1.049728870953674e-09,1.4837984621614134e-09,52.44382540507401,9.999999985162022,2.9511485685944523,0.10316265452680519,6.94568879171672,49.99999992581009,1.0488765096578012,0.4999999992581011,4.464330792562291,4.682531699660581,0.1404086699650037,0.2167740330106165,1.031626545268052,0.8617771161314751,1.0316265452680546,,0.0,1.242673635482788,ok
B_alpha10,0.8,0.5,10.0,3.1622776601683795,3.162277660168379,0.6,20,200,5,1.0,predictive,P1+P2 (protect),coarse,0.23713737056616552,10,10.0,True,True,1.114771607431267e-09,1.5757367853925204e-09,52.717000141088704,9.999999984242624,1.629486125449249,0.22605692174766645,8.14445696856046,49.99999992121328,1.054340004483134,0.49999999921213123,4.212385391582075,4.441286432645333,0.44849393858082615,0.992946600882529,2.2605692174766645,1.3530166497203062,2.260569217476666,,0.0,1.2281582355499268,ok
B_alpha10,0.8,0.5,10.0,3.1622776601683795,3.162277660168379,0.6,20,200,5,1.0,predictive,P1+P2 (protect),coarse,1.0,10,10.0,True,True,1.1875219012870317e-09,1.6785697901550449e-09,53.09458814139886,9.999999983214268,0.8225456153872743,0.3735078525856322,8.803946548812824,49.99999991607155,1.0618917646104358,0.4999999991607134,4.08578789638803,4.338664519119446,0.6793091722916974,1.8445861109543251,3.7350785258563217,1.9468636158239656,3.7350785258563226,,0.0,1.20731520652771,ok
B_alpha10,0.8,0.5,10.0,3.1622776601683795,3.162277660168379,0.6,20,200,5,1.0,predictive,P1+P2 (protect),coarse,4.216965034285822,10,10.0,True,True,1.2636971443859128e-09,1.7862439824925355e-09,53.4710690395688,9.999999982137545,0.4525295620412777,0.4795408061638207,9.067929649657357,49.99999991068774,1.0694213827016248,0.49999999910687726,4.042182984427315,4.3227969163392395,0.7750060672444785,2.2426783453701415,4.7954080616382075,2.5222712898405484,4.79540806163819,,0.0,1.1253221035003662,ok
B_alpha10,0.8,0.5,10.0,3.1622776601683795,3.162277660168379,0.6,20,200,5,1.0,predictive,P1+P2 (protect),coarse,17.78279410038923,10,10.0,True,True,1.3379792955742888e-09,1.891242277276103e-09,53.72054903214714,9.999999981087557,0.3096403396391248,0.536840336727887,9.153519342545431,49.99999990543788,1.0744109826749144,0.49999999905437786,4.0314923676307615,4.331479676352584,0.8024395601909384,2.356055093619665,5.36840336727887,2.9356627978780687,5.368403367278873,,0.0,1.1572556495666504,ok
B_alpha10,0.8,0.5,10.0,3.1622776601683795,3.162277660168379,0.6,20,200,5,1.0,predictive,P1+P2 (protect),coarse,74.98942093324558,10,10.0,True,True,1.4017518928937158e-09,1.9813852505673417e-09,53.88151799375661,9.999999980186153,0.25719408343490757,0.5698718322413523,9.172934104137587,49.99999990093069,1.0776303620103342,0.4999999990093077,4.0320803029304075,4.345092156501633,0.8070015743170839,2.376672221142838,5.698718322413523,3.2239291048897405,5.698718322413532,,0.0,1.380911111831665,ok
B_alpha10,0.8,0.5,10.0,3.1622776601683795,3.162277660168379,0.6,20,200,5,1.0,predictive,P1+P2 (protect),coarse,316.22776601683796,10,10.0,True,True,1.4331980334517452e-09,2.0258345709202237e-09,53.95319266049082,9.99999997974162,0.24021781093620795,0.5840808770432436,9.175701332278928,49.999999898708204,1.0790638553958227,0.49999999898708103,4.0335929760674505,4.3525043878528535,0.8071726796980111,2.378763205678706,5.840808770432436,3.3558481511324425,5.8408087704324405,,0.0,1.2456269264221191,ok
B_alpha10,0.8,0.5,10.0,3.1622776601683795,3.162277660168379,0.6,20,200,5,1.0,predictive,P1+P2 (protect),coarse,0.0031622776601683794,10,30.0,True,True,9.629503194897659e-10,1.361136425682265e-09,52.16878292436666,9.999999986388614,5.311940042460408,0.029353994374322085,4.658705976776655,49.999999931943115,1.0433756599075112,0.49999999931943073,4.969146439985807,5.184686445997252,0.00231837446399862,0.0025956432080817666,0.29353994374322084,0.33842001995700777,0.29353994374322084,,0.0,1.1414268016815186,ok
B_alpha10,0.8,0.5,10.0,3.1622776601683795,3.162277660168379,0.6,20,200,5,1.0,predictive,P1+P2 (protect),coarse,0.01333521432163324,10,30.0,True,True,1.0306826083082763e-09,1.456876448324583e-09,52.37582856125866,9.999999985431268,3.396843615320466,0.08101294843118231,6.522143450817084,49.999999927156125,1.0475165727512765,0.4999999992715634,4.556546400366518,4.7730578688941,0.08459634696784624,0.12027469064391907,0.8101294843118232,0.7346691800835246,0.810129484311823,,0.0,1.1682498455047607,ok
B_alpha10,0.8,0.5,10.0,3.1622776601683795,3.162277660168379,0.6,20,200,5,1.0,predictive,P1+P2 (protect),coarse,0.05623413251903491,10,30.0,True,True,1.0935892560872593e-09,1.5457953965550169e-09,52.63148026620455,9.999999984542029,1.932667679457593,0.18898188152639842,7.8783504544739795,49.99999992271015,1.0526296069512426,0.4999999992271015,4.266840038477887,4.491402152626803,0.37186282511466284,0.7632844053954423,1.889818815263984,1.2034291332770328,1.8898188152639874,,0.0,1.1596441268920898,ok
B_alpha10,0.8,0.5,10.0,3.1622776601683795,3.162277660168379,0.6,20,200,5,1.0,predictive,P1+P2 (protect),coarse,0.23713737056616552,10,30.0,True,True,1.1588797620110785e-09,1.638083943475616e-09,52.97225949758158,9.999999983619185,0.9976479542468389,0.335624905006409,8.666727157127568,49.99999991809574,1.059445191687093,0.4999999991809593,4.1110456523280865,4.35542754916512,0.6380687941247867,1.6801838153881152,3.3562490500640902,1.7520165242008594,3.3562490500640862,,0.0,1.3407940864562988,ok
B_alpha10,0.8,0.5,10.0,3.1622776601683795,3.162277660168379,0.6,20,200,5,1.0,predictive,P1+P2 (protect),coarse,1.0,10,30.0,True,True,1.222501210967397e-09,1.7280132676943174e-09,53.34277692707263,9.999999982719848,0.5484331400648538,0.4500819059728989,9.0014849712424,49.999999913599325,1.0668555403849933,0.49999999913599236,4.052741723711649,4.3236899616912,0.7618724080379217,2.1875916726392206,4.500819059728989,2.304466088835947,4.5008190597289826,,0.0,1.110388994216919,ok
B_alpha10,0.8,0.5,10.0,3.1622776601683795,3.162277660168379,0.6,20,200,5,1.0,predictive,P1+P2 (protect),coarse,4.216965034285822,10,30.0,True,True,1.2780389249230372e-09,1.806516180837788e-09,53.57773112743096,9.999999981934824,0.36931231519307317,0.5083652964969955,9.122322406375108,49.99999990967407,1.0715546244844025,0.4999999990967412,4.0342476039445705,4.322916676321925,0.8017560913085553,2.350268583257187,5.0836529649699544,2.673536285515806,5.083652964969937,,0.0,1.1752912998199463,ok
B_alpha10,0.8,0.5,10.0,3.1622776601683795,3.162277660168379,0.6,20,200,5,1.0,predictive,P1+P2 (protect),coarse,17.78279410038923,10,30.0,True,True,1.3413905160328686e-09,1.8960640591712577e-09,53.74830428110831,9.999999981039345,0.28916231890458305,0.5442063123095328,9.16663138774654,49.999999905196645,1.074966087660374,0.49999999905196724,4.0296422313703575,4.331728744127212,0.8097257611682371,2.383934121696727,5.442063123095328,2.9739414669228137,5.442063123095312,,0.0,1.1465106010437012,ok
B_alpha10,0.8,0.5,10.0,3.1622776601683795,3.162277660168379,0.6,20,200,5,1.0,predictive,P1+P2 (protect),coarse,74.98942093324558,10,30.0,True,True,1.402426310672713e-09,1.9823385444035383e-09,53.887824864236585,9.999999980176607,0.2524156448628273,0.5715667237279731,9.176017651232593,49.999999900883,1.0777564994212117,0.49999999900883035,4.03163958982736,4.345125771260305,0.8088130365806953,2.3834517824890886,5.715667237279732,3.2323478795022482,5.715667237279735,,0.0,1.4726240634918213,ok
B_alpha10,0.8,0.5,10.0,3.1622776601683795,3.162277660168379,0.6,20,200,5,1.0,predictive,P1+P2 (protect),coarse,316.22776601683796,10,30.0,True,True,1.433341499805123e-09,2.026037361526659e-09,53.954645447885824,9.999999979739599,0.23909712637671676,0.584474525352557,9.176428368531129,49.99999989869816,1.0790929111439984,0.49999999898697994,4.03348816696962,4.352508488160117,0.8076079856116685,2.3803814063626887,5.84474525352557,3.3577557154158324,5.844745253525545,,0.0,1.1231358051300049,ok
B_alpha10,0.8,0.5,10.0,3.1622776601683795,3.162277660168379,0.6,20,200,5,1.0,predictive,P1+P2 (protect),coarse,0.0031622776601683794,10,100.0,True,True,1.0186877214527141e-09,1.4399215991793233e-09,52.33375297408472,9.999999985600775,3.7086583595062064,0.06862089279803008,6.222720762094989,49.99999992800393,1.0466750609888242,0.49999999928003874,4.622228899864669,4.837971715670158,0.055820488507269145,0.07532535843235694,0.6862089279803008,0.6557965102182239,0.6862089279803012,,0.0,1.1554734706878662,ok
B_alpha10,0.8,0.5,10.0,3.1622776601683795,3.162277660168379,0.6,20,200,5,1.0,predictive,P1+P2 (protect),coarse,0.01333521432163324,10,100.0,True,True,1.081554090263923e-09,1.5287836128359163e-09,52.581605077392894,9.999999984712169,2.150361178866575,0.16604524194133513,7.683593594479921,49.999999923560814,1.051632103155576,0.49999999923560845,4.307325361935336,4.52972162934741,0.3176592499300833,0.6155092911203801,1.6604524194133514,1.114327681423086,1.6604524194133519,,0.0,1.1501452922821045,ok
B_alpha10,0.8,0.5,10.0,3.1622776601683795,3.162277660168379,0.6,20,200,5,1.0,predictive,P1+P2 (protect),coarse,0.05623413251903491,10,100.0,True,True,1.1442481334977791e-09,1.6174020431770992e-09,52.90078762243833,9.999999983825983,1.1263280518000778,0.3104220289834677,8.563249935390472,49.9999999191299,1.0580157541600035,0.49999999919129917,4.1305985609255735,4.3702383515698955,0.6043047480482474,1.5491349770169203,3.104220289834677,1.6401669332782025,3.1042202898346907,,0.0,1.3608500957489014,ok
B_alpha10,0.8,0.5,10.0,3.1622776601683795,3.162277660168379,0.6,20,200,5,1.0,predictive,P1+P2 (protect),coarse,0.23713737056616552,10,100.0,True,True,1.203455663044679e-09,1.7010922641544585e-09,53.270729586851964,9.999999982989085,0.6158956180994822,0.4319197687843679,8.952184630127064,49.999999914945484,1.0654145935494057,0.49999999914945426,4.061131848967609,4.326789138218372,0.7495137778433729,2.1365507184468364,4.319197687843679,2.1883350732734055,4.319197687843687,,0.0,1.191986083984375,ok
B_alpha10,0.8,0.5,10.0,3.1622776601683795,3.162277660168379,0.6,20,200,5,1.0,predictive,P1+P2 (protect),coarse,1.0,10,100.0,True,True,1.2445609065904052e-09,1.7591947882820543e-09,53.4963536914179,9.999999982408076,0.4228033273472426,0.4916921789378883,9.085504511306793,49.999999912040224,1.069927075710569,0.49999999912040377,4.040045775832465,4.322554362673266,0.7996626573214535,2.3406627692782243,4.916921789378883,2.5259625163754156,4.916921789378889,,0.0,1.161135196685791,ok
B_alpha10,0.8,0.5,10.0,3.1622776601683795,3.162277660168379,0.6,20,200,5,1.0,predictive,P1+P2 (protect),coarse,4.216965034285822,10,100.0,True,True,1.284161876257578e-09,1.8151710116365508e-09,53.62175366410491,9.999999981848283,0.3373614409440568,0.5198278370558849,9.142810740151775,49.99999990924128,1.0724350752287548,0.49999999909241416,4.031349556091277,4.323360664460155,0.8123170461190812,2.3909032559452807,5.198278370558849,2.736130862190988,5.19827837055884,,0.0,1.203174114227295,ok
B_alpha10,0.8,0.5,10.0,3.1622776601683795,3.162277660168379,0.6,20,200,5,1.0,predictive,P1+P2 (protect),coarse,17.78279410038923,10,100.0,True,True,1.3426474621131048e-09,1.8978407604798675e-09,53.75842293503686,9.999999981021613,0.2818149602076303,0.54686522956713,9.171319829203627,49.999999905107686,1.0751684607412417,0.49999999905108067,4.028984455120474,4.331837014962271,0.8123767813275657,2.3938873922642525,5.4686522956713,2.987899921673379,5.468652295671298,,0.0,1.362865686416626,ok
B_alpha10,0.8,0.5,10.0,3.1622776601683795,3.162277660168379,0.6,20,200,5,1.0,predictive,P1+P2 (protect),coarse,74.98942093324558,10,100.0,True,True,1.402665174240981e-09,1.982676179582225e-09,53.89005370755199,9.999999980173229,0.2507329977628443,0.5721642030469314,9.177102819016996,49.99999990086615,1.0778010762879713,0.49999999900866143,4.03148464510644,4.345138489534151,0.8094535758539427,2.3858362726387194,5.721642030469313,3.2353227967748532,5.721642030469333,,0.0,1.3883519172668457,ok
B_alpha10,0.8,0.5,10.0,3.1622776601683795,3.162277660168379,0.6,20,200,5,1.0,predictive,P1+P2 (protect),coarse,316.22776601683796,10,100.0,True,True,1.4333918519314034e-09,2.0261085345786205e-09,53.955155090878385,9.999999979738886,0.2387043172808879,0.584612534596379,9.176683168383846,49.999999898694625,1.0791031040039465,0.4999999989869443,4.033451442666534,4.352509971630653,0.8077607247420108,2.3809484431805203,5.84612534596379,3.358424871574727,5.84612534596378,,0.0,1.2066149711608887,ok
B_alpha10,0.8,0.5,10.0,3.1622776601683795,3.162277660168379,0.6,20,200,5,1.0,predictive,P1+P2 (protect),coarse,0.0031622776601683794,20,3.0,True,True,7.90639623095286e-10,1.1175741572349702e-09,52.019247464694274,9.999999988824277,9.977092916490584,0.0051136176708373,0.017793477014302894,49.999999944121306,1.0403849504565925,0.4999999994412138,6.01243505061531,6.25524694225789,0.054313229522483325,0.056267914859103256,0.051136176708373,0.005133586466198622,0.05113617670837293,,0.0,7.272301435470581,ok
B_alpha10,0.8,0.5,10.0,3.1622776601683795,3.162277660168379,0.6,20,200,5,1.0,predictive,P1+P2 (protect),coarse,0.01333521432163324,20,3.0,True,True,7.906730624753257e-10,1.1176214240116455e-09,52.01925331895852,9.999999988823793,9.90461555598374,0.021330162825628385,0.0740542923668368,49.99999994411891,1.0403850675419273,0.49999999944118967,6.002182124460409,6.2445806549556915,0.2038534775900577,0.23418023439123312,0.21330162825628385,0.020886473577058962,0.21330162825628401,,0.0,7.301120758056641,ok
B_alpha10,0.8,0.5,10.0,3.1622776601683795,3.162277660168379,0.6,20,200,5,1.0,predictive,P1+P2 (protect),coarse,0.05623413251903491,20,3.0,True,True,7.908128435965277e-10,1.1178190055168082e-09,52.01927830644444,9.999999988821815,9.617381133274046,0.08604149918889244,0.2965773787152468,49.99999994410907,1.0403855672918512,0.49999999944109075,5.961715653755291,6.202482922464908,0.591817047621534,0.9378600192225254,0.8604149918889243,0.07747967025318649,0.8604149918889245,,0.0,7.521978139877319,ok
B_alpha10,0.8,0.5,10.0,3.1622776601683795,3.162277660168379,0.6,20,200,5,1.0,predictive,P1+P2 (protect),coarse,0.23713737056616552,20,3.0,True,True,7.913845070961982e-10,1.118627055515214e-09,52.01944178691248,9.999999988813732,8.648744254514872,0.3072727805452116,1.043982976126184,49.999999944068655,1.0403888369020566,0.4999999994406866,5.826381334711076,6.061702100167909,1.099650005357973,3.301364042999898,3.072727805452116,0.22901167419154614,3.072727805452122,,0.0,7.323243856430054,ok
B_alpha10,0.8,0.5,10.0,3.1622776601683795,3.162277660168379,0.6,20,200,5,1.0,predictive,P1+P2 (protect),coarse,1.0,20,3.0,True,True,7.939658501963117e-10,1.1222758004429462e-09,52.032333504374826,9.999999988777255,6.5646562639144594,0.7919338093445868,2.6434099379636997,49.99999994388618,1.0406466712553897,0.49999999943886275,5.538458946681785,5.7635788667490315,1.4033672363198573,8.359196193489671,7.919338093445868,0.4882054812974734,7.91933809344588,,0.0,7.181302070617676,ok
B_alpha10,0.8,0.5,10.0,3.1622776601683795,3.162277660168379,0.6,20,200,5,1.0,predictive,P1+P2 (protect),coarse,4.216965034285822,20,3.0,True,True,8.05321772773813e-10,1.1383274694723694e-09,52.16440087386902,9.999999988616729,4.540368892215261,1.2875609233544072,4.172070195813603,49.99999994308364,1.0432880186649836,0.49999999943083645,5.268149889339964,5.496197660079643,1.5183082774572951,13.193244376875638,12.875609233544072,0.873425439920677,12.875609233544145,,0.0,7.385685205459595,ok
B_alpha10,0.8,0.5,10.0,3.1622776601683795,3.162277660168379,0.6,20,200,5,1.0,predictive,P1+P2 (protect),coarse,17.78279410038923,20,3.0,True,True,8.223656352882134e-10,1.1624190779304949e-09,52.36098590744625,9.999999988375803,3.616519925841349,1.5357262509960774,4.84775383478677,49.99999994187917,1.0472197193662307,0.49999999941879014,5.153045848509738,5.396371227357688,1.5575610708679344,15.329943653741784,15.357262509960774,1.235138564821646,15.357262509960758,,0.0,7.251061201095581,ok
B_alpha10,0.8,0.5,10.0,3.1622776601683795,3.162277660168379,0.6,20,200,5,1.0,predictive,P1+P2 (protect),coarse,74.98942093324558,20,3.0,True,True,8.310654178075998e-10,1.1747162760554933e-09,52.45185585397749,9.999999988252846,3.3399327625267747,1.6132915974761872,5.046775651744191,49.99999994126409,1.0490371183118727,0.4999999994126423,5.119814122435292,5.3708750532919485,1.5701659117568771,15.959305899392294,16.132915974761872,1.374947411391129,16.13291597476189,,0.0,7.212697267532349,ok
B_alpha10,0.8,0.5,10.0,3.1622776601683795,3.162277660168379,0.6,20,200,5,1.0,predictive,P1+P2 (protect),coarse,316.22776601683796,20,3.0,True,True,8.336626861259798e-10,1.178387531402723e-09,52.477931474476456,9.999999988216127,3.2699170112532046,1.6330845211244387,5.096998479406231,49.99999994108064,1.0495586307263156,0.4999999994108063,5.111461152556453,5.364778168287906,1.573771772687018,16.118124425338475,16.330845211244387,1.4118785136583756,16.330845211244377,,0.0,7.353748798370361,ok
B_alpha10,0.8,0.5,10.0,3.1622776601683795,3.162277660168379,0.6,20,200,5,1.0,predictive,P1+P2 (protect),coarse,0.0031622776601683794,20,10.0,True,True,7.906638887905957e-10,1.1176084569498484e-09,52.01925170850836,9.99999998882392,9.924343015357538,0.016910895118810793,0.058746100699732295,49.99999994411956,1.0403850353329107,0.499999999441196,6.004970846293263,6.247481806093916,0.16613141005509116,0.18577148186477754,0.16910895118810793,0.01666873345734069,0.16910895118810804,,0.0,7.434252500534058,ok
B_alpha10,0.8,0.5,10.0,3.1622776601683795,3.162277660168379,0.6,20,200,5,1.0,predictive,P1+P2 (protect),coarse,0.01333521432163324,20,10.0,True,True,7.907746430253117e-10,1.1177650087660705e-09,52.019271388163155,9.999999988822358,9.693513766782923,0.06883076514204475,0.23765547925267505,49.9999999441117,1.0403854289261705,0.4999999994411179,5.972419370496562,6.213618088501034,0.5110919539947398,0.7515326128573327,0.6883076514204476,0.06325199876342831,0.6883076514204484,,0.0,7.544436931610107,ok
B_alpha10,0.8,0.5,10.0,3.1622776601683795,3.162277660168379,0.6,20,200,5,1.0,predictive,P1+P2 (protect),coarse,0.05623413251903491,20,10.0,True,True,7.912295949523744e-10,1.118408086213026e-09,52.019372823374994,9.999999988815919,8.882900740329532,0.25350294303749027,0.8635963278170582,49.99999994407962,1.0403874576310772,0.49999999944079593,5.858987844527702,6.095617467859561,1.0253170321816205,2.7309313748593214,2.5350294303749026,0.19609119979002373,2.535029430374902,,0.0,7.250377416610718,ok
B_alpha10,0.8,0.5,10.0,3.1622776601683795,3.162277660168379,0.6,20,200,5,1.0,predictive,P1+P2 (protect),coarse,0.23713737056616552,20,10.0,True,True,7.932005157937464e-10,1.1211939953841524e-09,52.02628585431053,9.999999988788069,6.954108871911038,0.7003449822634139,2.3455461570374796,49.99999994394037,1.0405257182528405,0.49999999943940343,5.591879214412604,5.818494135959804,1.3704012157640166,7.417268213293431,7.003449822634139,0.43934683746344066,7.003449822634115,,0.0,7.363005876541138,ok
B_alpha10,0.8,0.5,10.0,3.1622776601683795,3.162277660168379,0.6,20,200,5,1.0,predictive,P1+P2 (protect),coarse,1.0,20,10.0,True,True,8.026304918800873e-10,1.1345233267518388e-09,52.13154885490915,9.999999988654755,4.796662144959972,1.2218875238403364,3.981450342544936,49.99999994327386,1.0426309782810714,0.49999999943273776,5.301274686905135,5.527273212944581,1.5068037128482565,12.590451473299453,12.218875238403363,0.801685622158791,12.218875238403365,,0.0,7.388403654098511,ok
B_alpha10,0.8,0.5,10.0,3.1622776601683795,3.162277660168379,0.6,20,200,5,1.0,predictive,P1+P2 (protect),coarse,4.216965034285822,20,10.0,True,True,8.1999859292216e-10,1.1590732484363834e-09,52.33518000237058,9.999999988409268,3.7062666077630677,1.510822980312005,4.782910423515659,49.99999994204629,1.0467036012606188,0.4999999994204634,5.163928491291879,5.405102548487523,1.5537156922687003,15.124890782870123,15.10822980312005,1.1924273427326673,15.1082298031201,,0.0,7.4386327266693115,ok
B_alpha10,0.8,0.5,10.0,3.1622776601683795,3.162277660168379,0.6,20,200,5,1.0,predictive,P1+P2 (protect),coarse,17.78279410038923,20,10.0,True,True,8.302188453447407e-10,1.1735196404752845e-09,52.44326290759289,9.99999998826484,3.363840133966064,1.6065458436982694,5.029614034070827,49.99999994132401,1.048865259382722,0.49999999941324197,5.1226710700426255,5.372991720612624,1.5689954366448893,15.905036099211673,16.065458436982695,1.3624551130684028,16.065458436982734,,0.0,7.4491212368011475,ok
B_alpha10,0.8,0.5,10.0,3.1622776601683795,3.162277660168379,0.6,20,200,5,1.0,predictive,P1+P2 (protect),coarse,74.98942093324558,20,10.0,True,True,8.33439085084918e-10,1.1780714699038673e-09,52.47570271420394,9.999999988219303,3.2757563172342916,1.631431778317255,5.0928119162291505,49.999999941096405,1.0495140555204818,0.4999999994109651,5.1121570316746645,5.365280658770425,1.5734581126786975,16.104885350130804,16.314317783172548,1.408780269900186,16.314317783172612,,0.0,7.368112087249756,ok
B_alpha10,0.8,0.5,10.0,3.1622776601683795,3.162277660168379,0.6,20,200,5,1.0,predictive,P1+P2 (protect),coarse,316.22776601683796,20,10.0,True,True,8.342618880395687e-10,1.1792345071324704e-09,52.48388999940464,9.999999988207628,3.254436102316586,1.6374678912930256,5.10809601818276,49.99999994103816,1.0496778012259114,0.4999999994103814,5.109616904784049,5.363451437720468,1.5746181869398017,16.153217924294243,16.374678912930257,1.4201071300600643,16.374678912930328,,0.0,7.4023964405059814,ok
B_alpha10,0.8,0.5,10.0,3.1622776601683795,3.162277660168379,0.6,20,200,5,1.0,predictive,P1+P2 (protect),coarse,0.0031622776601683794,20,30.0,True,True,7.90732890459618e-10,1.1177059912485162e-09,52.01926390681034,9.99999998882294,9.778706733012436,0.04961869300386472,0.1716745851607584,49.99999994411472,1.0403852792990511,0.49999999944114704,5.984414526480052,6.226096778573247,0.4046493295322625,0.5428827054725555,0.4961869300386472,0.04671476175558134,0.4961869300386477,,0.0,7.187924385070801,ok
B_alpha10,0.8,0.5,10.0,3.1622776601683795,3.162277660168379,0.6,20,200,5,1.0,predictive,P1+P2 (protect),coarse,0.01333521432163324,20,30.0,True,True,7.910594945838303e-10,1.1181676482585002e-09,52.019326575425346,9.999999988818324,9.163046811496791,0.1893814686080435,0.647571731076841,49.999999944091634,1.0403865326718331,0.4999999994409162,5.898077044475103,6.1362799257327865,0.9078538759245159,2.0478016185408414,1.893814686080435,0.15408386114899075,1.8938146860804368,,0.0,7.457350015640259,ok
B_alpha10,0.8,0.5,10.0,3.1622776601683795,3.162277660168379,0.6,20,200,5,1.0,predictive,P1+P2 (protect),coarse,0.05623413251903491,20,30.0,True,True,7.924170635416238e-10,1.120086580630868e-09,52.021792608064764,9.999999988799132,7.501315960109037,0.5726096674672216,1.9260743836246101,49.999999943995654,1.040435853326674,0.4999999994399566,5.667296643372101,5.896458619202247,1.3122544934834683,6.090781995158662,5.726096674672217,0.3734698396041844,5.726096674672226,,0.0,7.336850881576538,ok
B_alpha10,0.8,0.5,10.0,3.1622776601683795,3.162277660168379,0.6,20,200,5,1.0,predictive,P1+P2 (protect),coarse,0.23713737056616552,20,30.0,True,True,7.992612194452781e-10,1.1297608386624112e-09,52.090565075274,9.99999998870242,5.227267881099098,1.1140219121106094,3.6587102180878732,49.99999994351198,1.0418113026824771,0.499999999435121,5.357858861029066,5.581877919597544,1.4861397872111874,11.56985758768914,11.140219121106094,0.7017508412295396,11.140219121106114,,0.0,7.323728084564209,ok
B_alpha10,0.8,0.5,10.0,3.1622776601683795,3.162277660168379,0.6,20,200,5,1.0,predictive,P1+P2 (protect),coarse,1.0,20,30.0,True,True,8.161225919387549e-10,1.1535944963045337e-09,52.291843094054784,9.999999988464065,3.871788002526596,1.4653077009873663,4.662904308021972,49.999999942320166,1.0458368630875696,0.4999999994232033,5.184155296993919,5.421780713566928,1.5467364718928671,14.745398124760747,14.653077009873662,1.1177476611648713,14.653077009873622,,0.0,7.36873197555542,ok
B_alpha10,0.8,0.5,10.0,3.1622776601683795,3.162277660168379,0.6,20,200,5,1.0,predictive,P1+P2 (protect),coarse,4.216965034285822,20,30.0,True,True,8.286549087345687e-10,1.1713090060936558e-09,52.42725752518338,9.999999988286923,3.4095240365355037,1.5936749545559095,4.996801020621663,49.999999941434524,1.0485451517318385,0.49999999941434614,5.12813761336402,5.377083831906524,1.5668193903182723,15.80127223981838,15.936749545559096,1.338770913148814,15.936749545559131,,0.0,7.585454225540161,ok
B_alpha10,0.8,0.5,10.0,3.1622776601683795,3.162277660168379,0.6,20,200,5,1.0,predictive,P1+P2 (protect),coarse,17.78279410038923,20,30.0,True,True,8.330112767266108e-10,1.1774667600585651e-09,52.47143034878131,9.999999988225326,3.2870246173035356,1.6282434326364341,5.084731961834704,49.99999994112661,1.0494286082112947,0.4999999994112663,5.113500270743875,5.366253472214823,1.5728605834343696,16.079334290853932,16.282434326364342,1.4028103693262308,16.282434326364303,,0.0,8.238598108291626,ok
B_alpha10,0.8,0.5,10.0,3.1622776601683795,3.162277660168379,0.6,20,200,5,1.0,predictive,P1+P2 (protect),coarse,74.98942093324558,20,30.0,True,True,8.34156791495226e-10,1.1790859524961787e-09,52.48284636819207,9.999999988209147,3.2571339326508877,1.6367038342791183,5.1061622448608475,49.9999999410457,1.0496569286014772,0.49999999941045736,5.109938232777987,5.363682070761001,1.5744690250178401,16.147102796118716,16.367038342791183,1.4186716400815593,16.36703834279116,,0.0,8.053687572479248,ok
B_alpha10,0.8,0.5,10.0,3.1622776601683795,3.162277660168379,0.6,20,200,5,1.0,predictive,P1+P2 (protect),coarse,316.22776601683796,20,30.0,True,True,8.344354635356901e-10,1.1794798572042227e-09,52.48561230394058,9.999999988205177,3.249996481423574,1.6387254026438658,5.111278127727383,49.999999941026,1.0497122473169263,0.49999999941025886,5.109088178702804,5.363072433806463,1.574865293553305,16.163280638219437,16.387254026438658,1.4224707609845744,16.38725402643859,,0.0,7.210622549057007,ok
B_alpha10,0.8,0.5,10.0,3.1622776601683795,3.162277660168379,0.6,20,200,5,1.0,predictive,P1+P2 (protect),coarse,0.0031622776601683794,20,100.0,True,True,7.909707602898241e-10,1.1180422217686823e-09,52.019308058856346,9.999999988819573,9.319514353056972,0.15368755108241222,0.5267981070410439,49.99999994409793,1.0403861623403217,0.4999999994409786,5.919954045129764,6.159038270243618,0.8221577117456458,1.6658818853148423,1.5368755108241223,0.12907655754881026,1.5368755108241214,,0.0,7.536167621612549,ok
B_alpha10,0.8,0.5,10.0,3.1622776601683795,3.162277660168379,0.6,20,200,5,1.0,predictive,P1+P2 (protect),coarse,0.01333521432163324,20,100.0,True,True,7.920341960808011e-10,1.1195453950347083e-09,52.02043759508197,9.999999988804555,7.854591092150994,0.49059496081616805,1.6548139582282833,49.99999994402271,1.0404087530664248,0.49999999944022777,5.716155384454558,5.947138095874296,1.26400625155573,5.232981211840125,4.905949608161681,0.3308626393623836,4.905949608161688,,0.0,7.357837915420532,ok
B_alpha10,0.8,0.5,10.0,3.1622776601683795,3.162277660168379,0.6,20,200,5,1.0,predictive,P1+P2 (protect),coarse,0.05623413251903491,20,100.0,True,True,7.973634933716013e-10,1.1270783907473065e-09,52.06810313000321,9.999999988729229,5.562728668924308,1.0317173173711705,3.4055540249752934,49.999999943646074,1.041362063773761,0.49999999943646145,5.402589907712924,5.626052176019224,1.4685043035652308,10.769307413675902,10.317173173711705,0.6375442186953779,10.317173173711694,,0.0,7.214919328689575,ok
B_alpha10,0.8,0.5,10.0,3.1622776601683795,3.162277660168379,0.6,20,200,5,1.0,predictive,P1+P2 (protect),coarse,0.23713737056616552,20,100.0,True,True,8.13216782877556e-10,1.1494871166479812e-09,52.25847385519181,9.999999988505156,4.015157993809004,1.4263567575845957,4.558485260101244,49.999999942525655,1.0451694783052448,0.4999999994252578,5.20185307090221,5.436818060335399,1.5407321604605193,14.415196102225114,14.263567575845958,1.0576374747725201,14.263567575846015,,0.0,7.534160614013672,ok
B_alpha10,0.8,0.5,10.0,3.1622776601683795,3.162277660168379,0.6,20,200,5,1.0,predictive,P1+P2 (protect),coarse,1.0,20,100.0,True,True,8.272995926693732e-10,1.1693932581840355e-09,52.41324250927839,9.999999988306081,3.4508107688852996,1.5820661574323074,4.967123085376313,49.99999994153033,1.048264851411402,0.49999999941530404,5.133086729206015,5.380834397472983,1.564906950988147,15.707422368192125,15.820661574323074,1.3175947405679822,15.820661574323008,,0.0,7.422960996627808,ok
B_alpha10,0.8,0.5,10.0,3.1622776601683795,3.162277660168379,0.6,20,200,5,1.0,predictive,P1+P2 (protect),coarse,4.216965034285822,20,100.0,True,True,8.326240790321287e-10,1.1769194536458088e-09,52.467554126611155,9.99999998823079,3.2973337517681895,1.625327660203645,5.0773385997973755,49.99999994115403,1.0493510837672249,0.4999999994115395,5.11472961565226,5.367147065361021,1.5723221041188808,16.055954427249667,16.25327660203645,1.3973591688124107,16.25327660203646,,0.0,7.3675665855407715,ok
B_alpha10,0.8,0.5,10.0,3.1622776601683795,3.162277660168379,0.6,20,200,5,1.0,predictive,P1+P2 (protect),coarse,17.78279410038923,20,100.0,True,True,8.340605975946238e-10,1.1789499818036426e-09,52.48189060247235,9.999999988210478,3.259609696052431,1.6360027338039187,5.104387581933173,49.999999941052465,1.0496378132869182,0.49999999941052387,5.110233135536049,5.36389393377041,1.5743327807273424,16.14149081918807,16.36002733803919,1.4173548618480554,16.36002733803924,,0.0,7.267157077789307,ok
B_alpha10,0.8,0.5,10.0,3.1622776601683795,3.162277660168379,0.6,20,200,5,1.0,predictive,P1+P2 (protect),coarse,74.98942093324558,20,100.0,True,True,8.344123955183536e-10,1.1794472504144676e-09,52.48538350677634,9.999999988205532,3.250585353670867,1.6385585947425039,5.110856063381097,49.99999994102768,1.0497076713736007,0.4999999994102766,5.109158304780706,5.363122666790448,1.5748323967723898,16.161945953566057,16.38558594742504,1.4221571525606378,16.385585947425,,0.0,7.313007116317749,ok
B_alpha10,0.8,0.5,10.0,3.1622776601683795,3.162277660168379,0.6,20,200,5,1.0,predictive,P1+P2 (protect),coarse,316.22776601683796,20,100.0,True,True,8.344964680543955e-10,1.179566087480823e-09,52.486217229119646,9.999999988204335,3.2484408715990902,1.6391660717280747,5.112393068468499,49.9999999410217,1.049724345820612,0.4999999994102168,5.108902934555682,5.362939790837468,1.574952377716726,16.166806390417563,16.391660717280747,1.423299353029895,16.391660717280715,,0.0,7.470972299575806,ok
B_alpha10,0.8,0.5,10.0,3.1622776601683795,3.162277660168379,0.6,20,200,5,1.0,base,Base,fine,4.869675251658631,0,1.0,False,False,1.2559368353631662e-09,1.7752747361788088e-09,53.609111285126076,9.999999982247255,0.6484959059421411,0.3157964463968386,9.035707665413765,49.99999991123624,1.07218222760594,0.49999999911236276,4.024826035671282,4.31534694465242,0.0,0.0,,,,,3.711653105225729e-96,0.3711206912994385,ok
B_alpha10,0.8,0.5,10.0,3.1622776601683795,3.162277660168379,0.6,20,200,5,1.0,base,Base,fine,5.623413251903491,0,1.0,False,False,1.2680209019761467e-09,1.7923556414702135e-09,53.676696489884065,9.999999982076417,0.5855098301869064,0.32925637381928013,9.085233813917396,49.9999999103822,1.0735339317218362,0.49999999910382087,4.015677796261868,4.310966373149082,0.0,0.0,,,,,4.5953126932605425e-96,0.36718201637268066,ok
B_alpha10,0.8,0.5,10.0,3.1622776601683795,3.162277660168379,0.6,20,200,5,1.0,base,Base,fine,6.493816315762113,0,1.0,False,False,1.2801955378911396e-09,1.8095645670475378e-09,53.74394903441626,9.999999981904303,0.5276548406548779,0.34264936133354934,9.12969581610727,49.99999990952183,1.0748789826333869,0.49999999909521514,4.00766190026422,4.307751546094591,0.0,0.0,,,,,5.552258474847091e-96,0.37499475479125977,ok
B_alpha10,0.8,0.5,10.0,3.1622776601683795,3.162277660168379,0.6,20,200,5,1.0,base,Base,fine,7.498942093324558,0,1.0,False,False,1.2924302256609474e-09,1.8268583763043721e-09,53.81064028361062,9.999999981731426,0.47464005161026596,0.35592982621979574,9.169430140438513,49.999999908657095,1.0762128076383004,0.4999999990865713,4.000695589156157,4.305599832511912,0.0,0.0,,,,,6.560662815696075e-96,0.368654727935791,ok
B_alpha10,0.8,0.5,10.0,3.1622776601683795,3.162277660168379,0.6,20,200,5,1.0,base,Base,fine,8.659643233600654,0,1.0,False,False,1.3046900498282496e-09,1.8441877160189236e-09,53.87652592935363,9.999999981558107,0.42617121960157683,0.36904907181781244,9.204779727022505,49.99999990779064,1.0775305205742407,0.4999999990779053,3.994694176175759,4.304404895189553,0.0,0.0,,,,,7.596688748602562e-96,0.46447157859802246,ok
B_alpha10,0.8,0.5,10.0,3.1622776601683795,3.162277660168379,0.6,20,200,5,1.0,base,Base,fine,10.0,0,1.0,False,False,1.316935571630811e-09,1.8614968392490391e-09,53.941346571872316,9.999999981385004,0.3819554043746266,0.38195540437462544,9.236089209865744,49.99999990692513,1.0788269334456797,0.4999999990692502,3.9895721416999685,4.30405787939049,0.0,0.0,,,,,8.636412377094477e-96,0.4214632511138916,ok
B_alpha10,0.8,0.5,10.0,3.1622776601683795,3.162277660168379,0.6,20,200,5,1.0,base,Base,fine,11.547819846894582,0,1.0,False,False,1.3291229020219212e-09,1.8787237085470544e-09,54.00483048908672,9.999999981212735,0.34170492073857917,0.39459468654865,9.263700411500036,49.9999999060638,1.0800966118109379,0.49999999906063675,3.9852442328445,4.304448793134425,0.0,0.0,,,,,9.657568628164645e-96,0.37066078186035156,ok
B_alpha10,0.8,0.5,10.0,3.1622776601683795,3.162277660168379,0.6,20,200,5,1.0,base,Base,fine,13.33521432163324,0,1.0,False,False,1.3412040323497679e-09,1.8958004633772056e-09,54.0666988161248,9.999999981041965,0.30514048136408234,0.4069113717196347,9.287948165874317,49.999999905209975,1.0813339783724896,0.49999999905209824,3.9816265613212667,4.305468089947101,0.0,0.0,,,,,1.0640931456974063e-95,0.37876176834106445,ok
B_alpha10,0.8,0.5,10.0,3.1622776601683795,3.162277660168379,0.6,20,200,5,1.0,base,Base,fine,15.39926526059492,0,1.0,False,False,1.3531274612384667e-09,1.9126543062159647e-09,54.12667298377849,9.999999980873433,0.2719934890343251,0.4188499886794283,9.309156541412815,49.99999990436725,1.082533461746083,0.49999999904367165,3.97863767875676,4.307008419417955,0.0,0.0,,,,,1.1571213691256932e-95,0.3763425350189209,ok
B_alpha10,0.8,0.5,10.0,3.1622776601683795,3.162277660168379,0.6,20,200,5,1.0,base,Base,fine,20.53525026457146,0,1.0,False,False,1.3762835851851647e-09,1.9453856352132965e-09,54.23988142496553,9.999999980546072,0.21493897233910678,0.4413825588593349,9.343678488255486,49.99999990273069,1.084797630609661,0.4999999990273036,3.974238660057679,4.311244681907884,0.0,0.0,,,,,1.3232937745254047e-95,0.3872866630554199,ok
B_alpha10,0.8,0.5,10.0,3.1622776601683795,3.162277660168379,0.6,20,200,5,1.0,base,Base,fine,23.71373705661655,0,1.0,False,False,1.387405444321062e-09,1.961106454088591e-09,54.2926444211723,9.999999980388901,0.19055738719582715,0.45188277741577093,9.3575598549995,49.999999901944655,1.0858528905529197,0.4999999990194451,3.972686339142133,4.3137529446175815,0.0,0.0,,,,,1.3954750798892132e-95,0.4094259738922119,ok
B_alpha10,0.8,0.5,10.0,3.1622776601683795,3.162277660168379,0.6,20,200,5,1.0,base,Base,fine,27.384196342643612,0,1.0,False,False,1.3981508381692342e-09,1.976295136876315e-09,54.3425878728508,9.999999980237053,0.1686450362756448,0.46182087855845133,9.36953410492885,49.99999990118521,1.0868517596049565,0.49999999901185266,3.9714797029332836,4.316409703368409,0.0,0.0,,,,,1.4603110304243685e-95,0.3751828670501709,ok
B_alpha10,0.8,0.5,10.0,3.1622776601683795,3.162277660168379,0.6,20,200,5,1.0,base,Base,fine,31.622776601683793,0,1.0,False,False,1.408468982641857e-09,1.9908798999442377e-09,54.389568732155695,9.999999980091202,0.14899655913362195,0.47116849039020875,9.379834970384968,49.99999990045601,1.0877913768087757,0.4999999990045601,3.9705617573134355,4.319142840692254,0.0,0.0,,,,,1.51806004072763e-95,0.4175741672515869,ok
B_alpha10,0.8,0.5,10.0,3.1622776601683795,3.162277660168379,0.6,20,200,5,1.0,base,Base,fine,36.51741272548377,0,1.0,False,False,1.4183136653495437e-09,2.0047954217850585e-09,54.43348877535309,9.999999979952053,0.13141845167536192,0.4799061839573219,9.388675384415263,49.99999989976023,1.088669777689622,0.4999999989976026,3.969881545183188,4.321890059248714,0.0,0.0,,,,,1.5691430542221098e-95,0.374575138092041,ok
B_alpha10,0.8,0.5,10.0,3.1622776601683795,3.162277660168379,0.6,20,200,5,1.0,base,Base,fine,42.169650342858226,0,1.0,False,False,1.4276446411497517e-09,2.0179848156329865e-09,54.4742951433171,9.999999979820126,0.11572862730956301,0.4880235748303209,9.39624781803999,49.99999989910074,1.0894859050649084,0.49999999899100633,3.9693940856549843,4.324598907969115,0.0,0.0,,,,,1.614078937144837e-95,0.36922192573547363,ok
B_alpha10,0.8,0.5,10.0,3.1622776601683795,3.162277660168379,0.6,20,200,5,1.0,base,Base,fine,48.69675251658631,0,1.0,False,False,1.4364288830495905e-09,2.0304013976228396e-09,54.51197897685337,9.999999979695984,0.10175607586733199,0.495519044357045,9.402724900079638,49.99999989847991,1.0902395817506918,0.4999999989847992,3.9690601923062174,4.327226524003251,0.0,0.0,,,,,1.65343303366539e-95,0.38910698890686035,ok
B_alpha10,0.8,0.5,10.0,3.1622776601683795,3.162277660168379,0.6,20,200,5,1.0,base,Base,fine,56.23413251903491,0,1.0,False,False,1.4446416321083023e-09,2.0420101708339017e-09,54.54657268576047,9.999999979579913,0.08934061327571202,0.5023991886278241,9.40826021851655,49.99999989789946,1.0909314559429033,0.49999999897899566,3.9688462095303856,4.329739173776456,0.0,0.0,,,,,1.6877793222282117e-95,0.4016687870025635,ok
B_alpha10,0.8,0.5,10.0,3.1622776601683795,3.162277660168379,0.6,20,200,5,1.0,base,Base,fine,64.93816315762113,0,1.0,False,False,1.4522671709248088e-09,2.0527889186195005e-09,54.57814627274001,9.999999979472088,0.07833268681872466,0.5086780797209168,9.41298925398827,49.99999989736059,1.0915629276955476,0.4999999989736044,3.968723690849448,4.332111651198303,0.0,0.0,,,,,1.7176746479005197e-95,0.37889623641967773,ok
B_alpha10,0.8,0.5,10.0,3.1622776601683795,3.162277660168379,0.6,20,200,5,1.0,predictive,P2 only,fine,0.3831186849557288,0,30.0,False,False,1.2173824013306442e-09,1.7207777976729627e-09,53.612589151747585,9.99999998279221,0.5440173508138445,0.316670841174104,9.139311825219842,49.99999991396117,1.0722517848800575,0.49999999913961046,4.001585682530248,4.290707390443541,0.0,0.0,3.16670841174104,2.466914951845454,3.1667084117410425,,0.0,1.1550953388214111,ok
B_alpha10,0.8,0.5,10.0,3.1622776601683795,3.162277660168379,0.6,20,200,5,1.0,predictive,P2 only,fine,0.6189658188912606,0,30.0,False,False,1.2411681511832798e-09,1.7543991069266438e-09,53.768040822385025,9.999999982456014,0.41603418984011964,0.34764840007701153,9.236317427626854,49.99999991228003,1.0753608183343129,0.4999999991228007,3.98436115968242,4.284625877215539,0.0,0.0,3.476484000770115,2.693870423679596,3.476484000770114,,0.0,1.0478343963623047,ok
B_alpha10,0.8,0.5,10.0,3.1622776601683795,3.162277660168379,0.6,20,200,5,1.0,predictive,P2 only,fine,1.6155980984398741,0,30.0,False,False,1.2835176930455479e-09,1.8142604546698742e-09,54.00932145870627,9.99999998185737,0.25430269172819414,0.3957043793592494,9.349992947055187,49.99999990928693,1.080186431133866,0.49999999909286846,3.965944561351804,4.283959501801371,0.0,0.0,3.957043793592494,3.059855253767438,3.957043793592498,,0.0,0.9490029811859131,ok
B_alpha10,0.8,0.5,10.0,3.1622776601683795,3.162277660168379,0.6,20,200,5,1.0,predictive,P2 only,fine,2.6101572156825372,0,30.0,False,False,1.3033855410024672e-09,1.8423437845651982e-09,54.101488155142846,9.999999981576583,0.201864498975289,0.41404417435600704,9.384091345092122,49.9999999078827,1.08202976509633,0.49999999907882914,3.961010530342372,4.285931293690447,0.0,0.0,4.14044174356007,3.2041931945798114,4.140441743560076,,0.0,0.9339296817779541,ok
B_alpha10,0.8,0.5,10.0,3.1622776601683795,3.162277660168379,0.6,20,200,5,1.0,predictive,P1 only (protect),fine,6.812920690579613,5,1.0,True,True,1.2833053112373302e-09,1.8139602515201293e-09,53.74284566497902,9.999999981860396,0.5139937745577765,0.3460827459893958,9.13992349759243,49.999999909301906,1.07485691524933,0.49999999909301984,4.005871011631904,4.3057381584493815,0.04270588443241023,0.06012867384806199,3.460827459893958,2.717077888593694,3.4608274598939532,,0.0,0.9344978332519531,ok
B_alpha10,0.8,0.5,10.0,3.1622776601683795,3.162277660168379,0.6,20,200,5,1.0,predictive,P1 only (protect),fine,11.006941712522098,5,1.0,True,True,1.3239216115996021e-09,1.871371651333469e-09,53.95659321409476,9.99999998128627,0.35924803139056616,0.38926484787182103,9.251487139451342,49.999999906431256,1.0791318663013554,0.4999999990643135,3.987197835372194,4.30271224139792,0.050373033107720074,0.07226978740483768,3.8926484787182103,3.03008466188219,3.8926484787182205,,0.0,1.0613648891448975,ok
B_alpha10,0.8,0.5,10.0,3.1622776601683795,3.162277660168379,0.6,20,200,5,1.0,predictive,P1 only (protect),fine,28.729848333536655,5,1.0,True,True,1.4002234782615308e-09,1.9792248268721012e-09,54.32647637179982,9.999999980207749,0.1660880864102263,0.46359093093519355,9.37032100244683,49.99999990103886,1.0865295295864803,0.49999999901038744,3.9715683900086334,4.315226334516615,0.05995905028413638,0.08781240590812972,4.635909309351936,3.58883025590942,4.63590930935194,,0.0,1.0516855716705322,ok
B_alpha10,0.8,0.5,10.0,3.1622776601683795,3.162277660168379,0.6,20,200,5,1.0,predictive,P1 only (protect),fine,46.4158883361278,5,1.0,True,True,1.432053367559757e-09,2.024216578547993e-09,54.46618773442565,9.999999979757808,0.11032075062473962,0.4915537516706735,9.398125517946779,49.999999898789184,1.0893237568935399,0.4999999989878904,3.969501409434414,4.324072188319298,0.06255667320134771,0.09206573308695666,4.915537516706735,3.805710017592087,4.915537516706754,,0.0,0.9879424571990967,ok
B_alpha10,0.8,0.5,10.0,3.1622776601683795,3.162277660168379,0.6,20,200,5,1.0,predictive,P1+P2 (protect),fine,0.3831186849557288,5,30.0,True,True,1.216673358016055e-09,1.7197755604203135e-09,53.594385239361166,9.999999982802224,0.547128123137457,0.31746947717601987,9.135402416884299,49.999999914011305,1.0718877066306278,0.49999999914011123,4.0025877066049524,4.2903245574207265,0.051969750201664215,0.07475793217715412,3.1746947717601985,2.4536408473594093,3.1746947717602114,,0.0,0.9940643310546875,ok
B_alpha10,0.8,0.5,10.0,3.1622776601683795,3.162277660168379,0.6,20,200,5,1.0,predictive,P1+P2 (protect),fine,0.6189658188912606,5,30.0,True,True,1.240389191385289e-09,1.753298042278293e-09,53.74833634145958,9.999999982467003,0.4190099686405573,0.34859634537055917,9.23239370352188,49.99999991233503,1.0749667287139302,0.49999999912335014,3.9853888681460523,4.284160434243875,0.05790815194636788,0.08427342636441476,3.4859634537055917,2.678871990450942,3.4859634537055926,,0.0,0.9370079040527344,ok
B_alpha10,0.8,0.5,10.0,3.1622776601683795,3.162277660168379,0.6,20,200,5,1.0,predictive,P1+P2 (protect),fine,1.6155980984398741,5,30.0,True,True,1.2826472862143236e-09,1.813030129056195e-09,53.98791613297503,9.9999999818697,0.2570234058083976,0.39678408113108166,9.346192531190823,49.99999990934845,1.0797583246171358,0.49999999909348497,3.9669642680765382,4.283362691914365,0.06479705521826916,0.09542106667878619,3.9678408113108166,3.0426291788523088,3.9678408113108072,,0.0,1.2005317211151123,ok
B_alpha10,0.8,0.5,10.0,3.1622776601683795,3.162277660168379,0.6,20,200,5,1.0,predictive,P1+P2 (protect),fine,2.6101572156825372,5,30.0,True,True,1.3024752889838725e-09,1.841057137524787e-09,54.07940780931579,9.999999981589395,0.2045343425351651,0.4150953975913795,9.38037027828406,49.99999990794703,1.081588158177584,0.4999999990794698,3.9620080539282108,4.285260993732967,0.06653047639042384,0.09823502284673928,4.150953975913795,3.186218470495836,4.150953975913784,,0.0,1.0568575859069824,ok
B_alpha10,0.8,0.5,10.0,17.78279410038923,0.5623413251903491,0.6,20,200,5,1.0,base,Base,coarse,0.0005623413251903491,0,1.0,False,False,4.0400042346522254e-07,6.288313077975991e-07,52.21550192638818,9.99999371168688,9.867221669328215,0.0005548746509476943,0.13222974433395743,49.99996855843458,1.0443106952230243,0.499999685584344,5.985933059431709,6.251173914853613,0.0,0.0,,,,,9.980202190281281e-138,0.38020777702331543,ok
B_alpha10,0.8,0.5,10.0,17.78279410038923,0.5623413251903491,0.6,20,200,5,1.0,base,Base,coarse,0.0023713737056616554,0,1.0,False,False,4.0877066367045786e-07,6.362562415633158e-07,52.226356360398306,9.999993637437568,9.513745846325069,0.002256064674232309,0.4840044515631314,49.99996818718791,1.0445277917952933,0.4999996818718784,5.906832740980774,6.1698509594407875,0.0,0.0,,,,,8.100328112776403e-126,0.42371630668640137,ok
B_alpha10,0.8,0.5,10.0,17.78279410038923,0.5623413251903491,0.6,20,200,5,1.0,base,Base,coarse,0.01,0,1.0,False,False,4.2084046897920567e-07,6.550430324033118e-07,52.26398217816441,9.99999344956965,8.570150014019385,0.008570150014019345,1.4212863863969452,49.99996724784836,1.0452803282668846,0.49999967247848254,5.696342743534073,5.954275012881982,0.0,0.0,,,,,4.288190632773744e-115,0.38963937759399414,ok
B_alpha10,0.8,0.5,10.0,17.78279410038923,0.5623413251903491,0.6,20,200,5,1.0,base,Base,coarse,0.042169650342858224,0,1.0,False,False,4.4112824049777585e-07,6.866211822098141e-07,52.375114464836415,9.999993133788173,6.810451699588843,0.028719436684858598,3.1608357299381247,49.99996566894088,1.0475030085344825,0.49999965668940866,5.306951530253299,5.559047694087006,0.0,0.0,,,,,1.5247881645457315e-106,0.37352681159973145,ok
B_alpha10,0.8,0.5,10.0,17.78279410038923,0.5623413251903491,0.6,20,200,5,1.0,base,Base,coarse,0.1778279410038923,0,1.0,False,False,4.663765778649307e-07,7.25920509840081e-07,52.637992123389765,9.999992740794887,4.424665119959471,0.07868290879141304,5.496659230454228,49.999963703974515,1.0527606066883115,0.49999963703974437,4.7875318258128745,5.040124909482361,0.0,0.0,,,,,1.1447932209722302e-100,0.3814690113067627,ok
B_alpha10,0.8,0.5,10.0,17.78279410038923,0.5623413251903491,0.6,20,200,5,1.0,base,Base,coarse,0.7498942093324559,0,1.0,False,False,4.947083577724831e-07,7.700192512640797e-07,53.07602886220008,9.999992299807483,2.17840600215842,0.16335740465936555,7.658244293374732,49.999961499037425,1.0615213946359114,0.49999961499037415,4.312638475100359,4.5779580086490235,0.0,0.0,,,,,3.2543299454526005e-97,0.38428616523742676,ok
B_alpha10,0.8,0.5,10.0,17.78279410038923,0.5623413251903491,0.6,20,200,5,1.0,base,Base,coarse,3.1622776601683795,0,1.0,False,False,5.280006545920744e-07,8.218390943387854e-07,53.615949841667884,9.999991781609019,0.8471850313336587,0.26790342986154725,8.884919757195775,49.999958908045286,1.072319878107755,0.49999958908045095,4.051638018457201,4.344651986088771,0.0,0.0,,,,,1.4325724476093228e-95,0.3731215000152588,ok
B_alpha10,0.8,0.5,10.0,17.78279410038923,0.5623413251903491,0.6,20,200,5,1.0,base,Base,coarse,13.33521432163324,0,1.0,False,False,5.67395678588393e-07,8.83157902483981e-07,54.209373368657275,9.99999116842094,0.28685409733920847,0.3825260867056975,9.330628647534153,49.999955842104875,1.0841884248827207,0.49999955842104704,3.968329679693071,4.3024171048417825,0.0,0.0,,,,,5.760499036950266e-95,0.4497106075286865,ok
B_alpha10,0.8,0.5,10.0,17.78279410038923,0.5623413251903491,0.6,20,200,5,1.0,base,Base,coarse,56.23413251903491,0,1.0,False,False,6.032954826648879e-07,9.390363606060934e-07,54.67155326129142,9.999990609636388,0.08380417096298089,0.4712654855580114,9.44493973384262,49.99995304818197,1.0934320919983207,0.4999995304818194,3.9558880819903868,4.325494981201973,0.0,0.0,,,,,8.305196139259314e-95,0.37364697456359863,ok
B_alpha10,0.8,0.5,10.0,17.78279410038923,0.5623413251903491,0.6,20,200,5,1.0,predictive,Check,check,0.1778279410038923,0,1.0,False,False,4.663765778649307e-07,7.25920509840081e-07,52.63799212338973,9.9999927407949,4.424665119959457,0.0786829087914132,5.496659230454231,49.99996370397452,1.0527606066883106,0.499999637039745,4.787531825812875,5.040124909482358,0.0,0.0,0.786829087914132,0.8076958919972705,0.7868290879141315,3.2117356522864202e-15,0.0,1.0017163753509521,ok
B_alpha10,0.8,0.5,10.0,17.78279410038923,0.5623413251903491,0.6,20,200,5,1.0,predictive,P2 only,coarse,0.0005623413251903491,0,3.0,False,False,4.060543404410253e-07,6.320282532026973e-07,52.21997731458848,9.999993679717477,9.706454043409792,0.001248359502537318,0.29230391737019445,49.999968398587356,1.0444002063822073,0.49999968398587386,5.949926536650668,6.21410450283693,0.0,0.0,0.012483595025373181,0.01745273753900695,0.012483595025373188,,0.0,0.9552466869354248,ok
B_alpha10,0.8,0.5,10.0,17.78279410038923,0.5623413251903491,0.6,20,200,5,1.0,predictive,P2 only,coarse,0.0023713737056616554,0,3.0,False,False,4.1445928114308775e-07,6.451106401133084e-07,52.24259155507373,9.9999935488936,9.03926725842112,0.004934653836597254,0.9558045388486818,49.99996774446796,1.0448525051469437,0.49999967744468005,5.800803127955203,6.060983680108221,0.0,0.0,0.04934653836597254,0.0675279310510857,0.049346538365972525,,0.0,0.9136595726013184,ok
B_alpha10,0.8,0.5,10.0,17.78279410038923,0.5623413251903491,0.6,20,200,5,1.0,predictive,P2 only,coarse,0.01,0,3.0,False,False,4.30901171349542e-07,6.707026314044571e-07,52.31483597965474,9.999993292973679,7.587578315408659,0.017711576851225173,2.3947168147664373,49.99996646486843,1.0462974213475285,0.49999966464868395,5.478123293973175,5.731746276307962,0.0,0.0,0.17711576851225175,0.22415175028776732,0.17711576851225155,,0.0,0.9641709327697754,ok
B_alpha10,0.8,0.5,10.0,17.78279410038923,0.5623413251903491,0.6,20,200,5,1.0,predictive,P2 only,coarse,0.042169650342858224,0,3.0,False,False,4.5274892199882176e-07,7.047089066792978e-07,52.50489255935093,9.999992952910931,5.3428891248290515,0.05346722078208878,4.603650701477928,49.999964764554655,1.050098591200849,0.49999964764554655,4.985191627997037,5.234942705425955,0.0,0.0,0.5346722078208878,0.5773157877822007,0.5346722078208878,,0.0,1.0867786407470703,ok
B_alpha10,0.8,0.5,10.0,17.78279410038923,0.5623413251903491,0.6,20,200,5,1.0,predictive,P2 only,coarse,0.1778279410038923,0,3.0,False,False,4.7601114005404514e-07,7.409168167478376e-07,52.86116671748744,9.999992590831845,2.915578313303356,0.12231081491068986,6.962118280954108,49.99996295415911,1.0572241176648778,0.4999996295415922,4.463503115032555,4.718923142484726,0.0,0.0,1.2231081491068987,1.0945226939582817,1.223108149106899,,0.0,1.090419054031372,ok
B_alpha10,0.8,0.5,10.0,17.78279410038923,0.5623413251903491,0.6,20,200,5,1.0,predictive,P2 only,coarse,0.7498942093324559,0,3.0,False,False,5.006834594815039e-07,7.793195658269067e-07,53.31358475136916,9.99999220680435,1.2685842729100345,0.21024365892531438,8.5211798613603,49.99996103402163,1.066272525994427,0.4999996103402175,4.125021869754268,4.398397488845138,0.0,0.0,2.102436589253144,1.673711409459697,2.102436589253146,,0.0,0.9725990295410156,ok
B_alpha10,0.8,0.5,10.0,17.78279410038923,0.5623413251903491,0.6,20,200,5,1.0,predictive,P2 only,coarse,3.1622776601683795,0,3.0,False,False,5.313668143742481e-07,8.270785607725613e-07,53.828767386426485,9.999991729214367,0.4974181572603628,0.31011504295601555,9.192475070569255,49.999958646071924,1.0765762381416561,0.49999958646071835,3.988605511460671,4.294037916959406,0.0,0.0,3.1011504295601555,2.395489456501094,3.1011504295601555,,0.0,0.9432549476623535,ok
B_alpha10,0.8,0.5,10.0,17.78279410038923,0.5623413251903491,0.6,20,200,5,1.0,predictive,P2 only,coarse,13.33521432163324,0,3.0,False,False,5.69116570039401e-07,8.858364898289531e-07,54.3428476408504,9.999991141635084,0.1743284893900341,0.4090410787180004,9.416639290256882,49.99995570817543,1.0868579155954108,0.4999995570817542,3.9529143494728713,4.296256250395274,0.0,0.0,4.090410787180004,3.200035126391859,4.090410787180009,,0.0,0.8967039585113525,ok
B_alpha10,0.8,0.5,10.0,17.78279410038923,0.5623413251903491,0.6,20,200,5,1.0,predictive,P2 only,coarse,56.23413251903491,0,3.0,False,False,6.038163381180765e-07,9.398470781122142e-07,54.714458089565454,9.999990601529214,0.052564806542944605,0.47979200389019405,9.467652588037646,49.999953007646,1.094290190256749,0.4999995300764607,3.9520466535639986,4.324685884432096,0.0,0.0,4.797920038901941,3.821130092122488,4.7979200389019345,,0.0,0.9361717700958252,ok
B_alpha10,0.8,0.5,10.0,17.78279410038923,0.5623413251903491,0.6,20,200,5,1.0,predictive,P2 only,coarse,0.0005623413251903491,0,10.0,False,False,4.1162603897183136e-07,6.407006660741296e-07,52.234286032911236,9.999993592993341,9.254546575806392,0.0035569875902027597,0.7419028436100632,49.999967964966736,1.0446863899894898,0.4999996796496671,5.848849600230813,6.110213574456599,0.0,0.0,0.0355698759020276,0.04905234437640704,0.03556987590202765,,0.0,1.0304415225982666,ok
B_alpha10,0.8,0.5,10.0,17.78279410038923,0.5623413251903491,0.6,20,200,5,1.0,predictive,P2 only,coarse,0.0023713737056616554,0,10.0,False,False,4.25877103480747e-07,6.628826119582395e-07,52.289650454148536,9.999993371173888,7.997650785507767,0.013187139824715574,1.989168703493629,49.99996685586939,1.0457937023214319,0.4999996685586944,5.56892965392638,5.82395156074728,0.0,0.0,0.13187139824715574,0.17058953062914747,0.13187139824715582,,0.0,1.0206964015960693,ok
B_alpha10,0.8,0.5,10.0,17.78279410038923,0.5623413251903491,0.6,20,200,5,1.0,predictive,P2 only,coarse,0.01,0,10.0,False,False,4.459249759490959e-07,6.940873561339725e-07,52.443553791196166,9.999993059126437,5.898495960881008,0.041901666271693463,4.059609313720862,49.999965295632265,1.048871803832579,0.49999965295632187,5.106181485678413,5.355729785580036,0.0,0.0,0.4190166627169346,0.4675834098794781,0.41901666271693466,,0.0,0.9643435478210449,ok
B_alpha10,0.8,0.5,10.0,17.78279410038923,0.5623413251903491,0.6,20,200,5,1.0,predictive,P2 only,coarse,0.042169650342858224,0,10.0,False,False,4.666686118276479e-07,7.263750640648791e-07,52.75420404879351,9.999992736249384,3.440258143747168,0.10187828925938186,6.457870830744066,49.99996368124676,1.0550848473631946,0.4999996368124692,4.574182422302421,4.826150562846358,0.0,0.0,1.0187828925938187,0.932264475046657,1.0187828925938216,,0.0,0.908379077911377,ok
B_alpha10,0.8,0.5,10.0,17.78279410038923,0.5623413251903491,0.6,20,200,5,1.0,predictive,P2 only,coarse,0.1778279410038923,0,10.0,False,False,4.854932926018043e-07,7.556758962950957e-07,53.15547026607132,9.999992443241027,1.6352024125051823,0.1801806674327551,8.184624476821037,49.9999622162052,1.0631102086881858,0.49999962216205135,4.196423527983347,4.4612606925783895,0.0,0.0,1.801806674327551,1.4236241030647572,1.8018066743275514,,0.0,1.0866444110870361,ok
B_alpha10,0.8,0.5,10.0,17.78279410038923,0.5623413251903491,0.6,20,200,5,1.0,predictive,P2 only,coarse,0.7498942093324559,0,10.0,False,False,5.059227638328548e-07,7.874746033359995e-07,53.57627116075998,9.99999212525395,0.7505255899104459,0.2622333287461224,8.987248956089482,49.99996062626991,1.07152626701492,0.4999996062626975,4.027701092971665,4.315787516803841,0.0,0.0,2.622333287461224,1.96612341836523,2.6223332874612266,,0.0,0.9650044441223145,ok
B_alpha10,0.8,0.5,10.0,17.78279410038923,0.5623413251903491,0.6,20,200,5,1.0,predictive,P2 only,coarse,3.1622776601683795,0,10.0,False,False,5.340153811404467e-07,8.312010854199523e-07,54.00975967483393,9.999991687989128,0.33230964490161,0.34603667616136585,9.321661990947895,49.999958439945566,1.0801960913568458,0.4999995843994564,3.964864812527367,4.282831473250355,0.0,0.0,3.4603667616136584,2.623321620409242,3.4603667616136597,,0.0,1.0197980403900146,ok
B_alpha10,0.8,0.5,10.0,17.78279410038923,0.5623413251903491,0.6,20,200,5,1.0,predictive,P2 only,coarse,13.33521432163324,0,10.0,False,False,5.699916624540838e-07,8.871985812416748e-07,54.407892038622464,9.999991128014175,0.12805136388915636,0.4219585005263124,9.449999007570357,49.99995564007103,1.0881588061853964,0.49999955640070876,3.947331472415679,4.295323502641889,0.0,0.0,4.219585005263124,3.2893550201423065,4.219585005263125,,0.0,1.0442707538604736,ok
B_alpha10,0.8,0.5,10.0,17.78279410038923,0.5623413251903491,0.6,20,200,5,1.0,predictive,P2 only,coarse,56.23413251903491,0,10.0,False,False,6.040162838788246e-07,9.40158295989498e-07,54.730610187908944,9.999990598417037,0.041073739076744914,0.48300151997836993,9.475934142527848,49.99995299208512,1.0946132328678924,0.49999952992085184,3.9506611193251495,4.324445939789988,0.0,0.0,4.830015199783699,3.8442276501455503,4.830015199783708,,0.0,0.9181792736053467,ok
B_alpha10,0.8,0.5,10.0,17.78279410038923,0.5623413251903491,0.6,20,200,5,1.0,predictive,P2 only,coarse,0.0005623413251903491,0,30.0,False,False,4.2132946209798184e-07,6.558041558195037e-07,52.26878949256239,9.999993441958447,8.404665415308006,0.009478254646260731,1.585862888087286,49.999967209792224,1.0453764754134844,0.49999967209792234,5.65935283019794,5.91615431475365,0.0,0.0,0.09478254646260731,0.12545603232916233,0.09478254646260748,,0.0,0.9798576831817627,ok
B_alpha10,0.8,0.5,10.0,17.78279410038923,0.5623413251903491,0.6,20,200,5,1.0,predictive,P2 only,coarse,0.0023713737056616554,0,30.0,False,False,4.4007748638785776e-07,6.849856713482651e-07,52.389340125037734,9.999993150143286,6.503987743320193,0.03166276633816585,3.4643563401983553,49.999965750716385,1.0477875202201936,0.4999996575071643,5.238923578518812,5.489278744959329,0.0,0.0,0.3166276633816585,0.3689638763335336,0.31662766338165915,,0.0,1.0080864429473877,ok
B_alpha10,0.8,0.5,10.0,17.78279410038923,0.5623413251903491,0.6,20,200,5,1.0,predictive,P2 only,coarse,0.01,0,30.0,False,False,4.603242827016047e-07,7.165000427796678e-07,52.657317050329375,9.999992834999544,4.054968504184257,0.08315643378474641,5.861882227031454,49.99996417499798,1.053147095586524,0.4999996417499772,4.705814696999435,4.955915080513334,0.0,0.0,0.8315643378474641,0.795717965255693,0.8315643378474659,,0.0,0.9784386157989502,ok
B_alpha10,0.8,0.5,10.0,17.78279410038923,0.5623413251903491,0.6,20,200,5,1.0,predictive,P2 only,coarse,0.042169650342858224,0,30.0,False,False,4.774730565401167e-07,7.431923065813611e-07,53.03604453606488,9.999992568076935,2.039928411089334,0.15711886406607126,7.80296015676766,49.999962840384704,1.0607216790414882,0.49999962840384676,4.2790541266579485,4.538885477938028,0.0,0.0,1.5711886406607125,1.265071952810371,1.5711886406607156,,0.0,1.0248253345489502,ok
B_alpha10,0.8,0.5,10.0,17.78279410038923,0.5623413251903491,0.6,20,200,5,1.0,predictive,P2 only,coarse,0.1778279410038923,0,30.0,False,False,4.918221603661572e-07,7.655268517935798e-07,53.41557709351542,9.999992344731478,1.0137660745803327,0.23154101763610263,8.754700563052086,49.99996172365737,1.0683123596921067,0.4999996172365739,4.075545374815391,4.353955496401282,0.0,0.0,2.315410176361026,1.7135648973259163,2.315410176361026,,0.0,0.9511663913726807,ok
B_alpha10,0.8,0.5,10.0,17.78279410038923,0.5623413251903491,0.6,20,200,5,1.0,predictive,P2 only,coarse,0.7498942093324559,0,30.0,False,False,5.091822806479883e-07,7.925480787644679e-07,53.77193287305858,9.999992074519211,0.5484217344770769,0.30102507113478905,9.150561119868922,49.999960372596114,1.0754395097986877,0.49999960372596053,3.9966937886602056,4.298202408892192,0.0,0.0,3.0102507113478905,2.2083822487850475,3.010250711347893,,0.0,0.9951660633087158,ok
B_alpha10,0.8,0.5,10.0,17.78279410038923,0.5623413251903491,0.6,20,200,5,1.0,predictive,P2 only,coarse,3.1622776601683795,0,30.0,False,False,5.352017097409142e-07,8.33047619537095e-07,54.08975526835229,9.999991669523785,0.2751903928142428,0.3619118198506374,9.362906117811333,49.99995834761898,1.0817960065546348,0.4999995834761893,3.957948124269175,4.281692474984801,0.0,0.0,3.6191181985063743,2.731527695206817,3.619118198506379,,0.0,1.1148796081542969,ok
B_alpha10,0.8,0.5,10.0,17.78279410038923,0.5623413251903491,0.6,20,200,5,1.0,predictive,P2 only,coarse,13.33521432163324,0,30.0,False,False,5.702770004677996e-07,8.876427131432702e-07,54.428526886088896,9.999991123572844,0.11390977925758927,0.42605564942027147,9.460043447749294,49.999955617864266,1.0885715039843429,0.4999995561786422,3.9456817449931125,4.295156711390719,0.0,0.0,4.2605564942027145,3.318405945474262,4.260556494202723,,0.0,0.9660735130310059,ok
B_alpha10,0.8,0.5,10.0,17.78279410038923,0.5623413251903491,0.6,20,200,5,1.0,predictive,P2 only,coarse,56.23413251903491,0,30.0,False,False,6.040751844338407e-07,9.402499753811206e-07,54.73533450836459,9.999990597500236,0.03773336646105909,0.4839402259170431,9.47833581012166,49.999952987501224,1.0947077194661983,0.49999952987501184,3.950260505661646,4.324380669450251,0.0,0.0,4.839402259170431,3.8510265147536145,4.839402259170429,,0.0,1.0024347305297852,ok
B_alpha10,0.8,0.5,10.0,17.78279410038923,0.5623413251903491,0.6,20,200,5,1.0,predictive,P2 only,coarse,0.0005623413251903491,0,100.0,False,False,4.364737764357158e-07,6.793764553419961e-07,52.35958579222729,9.999993206235441,6.884705306486631,0.02608381378664408,3.0892176734912846,49.99996603117718,1.0471924272824262,0.49999966031177207,5.3227113386676095,5.573903006463026,0.0,0.0,0.26083813786644083,0.31237032616867505,0.2608381378664411,,0.0,1.0120534896850586,ok
B_alpha10,0.8,0.5,10.0,17.78279410038923,0.5623413251903491,0.6,20,200,5,1.0,predictive,P2 only,coarse,0.0023713737056616554,0,100.0,False,False,4.5662075550139354e-07,7.107354600780782e-07,52.59951109311054,9.999992892645393,4.47601255560522,0.07197917629846708,5.45201537545092,49.99996446322695,1.0519909695494976,0.49999964463226965,4.796594778875383,5.045974391965172,0.0,0.0,0.7197917629846707,0.7120005022689456,0.7197917629846695,,0.0,0.9528601169586182,ok
B_alpha10,0.8,0.5,10.0,17.78279410038923,0.5623413251903491,0.6,20,200,5,1.0,predictive,P2 only,coarse,0.01,0,100.0,False,False,4.7370113588872645e-07,7.373212686862822e-07,52.96510859015383,9.999992626787314,2.327724764762397,0.14332012985472653,7.528962478595561,49.999963133936504,1.0593029528496751,0.4999996313393657,4.338789504475494,4.596092533884069,0.0,0.0,1.4332012985472653,1.1775497378337494,1.4332012985472724,,0.0,1.1127426624298096,ok
B_alpha10,0.8,0.5,10.0,17.78279410038923,0.5623413251903491,0.6,20,200,5,1.0,predictive,P2 only,coarse,0.042169650342858224,0,100.0,False,False,4.858683452984445e-07,7.562596701342237e-07,53.33473539327127,9.999992437403312,1.1822148627932023,0.21598093345931374,8.601811766344172,49.99996218701659,1.0666955145642214,0.4999996218701656,4.107695154444723,4.381659996443373,0.0,0.0,2.1598093345931373,1.5989205101332602,2.159809334593138,,0.0,0.9523220062255859,ok
B_alpha10,0.8,0.5,10.0,17.78279410038923,0.5623413251903491,0.6,20,200,5,1.0,predictive,P2 only,coarse,0.1778279410038923,0,100.0,False,False,4.963526458238912e-07,7.725786045386678e-07,53.65592463822284,9.999992274213964,0.7183540344199578,0.27913739495838596,9.002516296407691,49.9999613710698,1.0731193218334845,0.49999961371069823,4.026799222932149,4.32123605127255,0.0,0.0,2.7913739495838596,2.0062059072731313,2.7913739495838654,,0.0,0.9810314178466797,ok
B_alpha10,0.8,0.5,10.0,17.78279410038923,0.5623413251903491,0.6,20,200,5,1.0,predictive,P2 only,coarse,0.7498942093324559,0,100.0,False,False,5.110168719055442e-07,7.954036411666167e-07,53.88637621937735,9.999992045963584,0.462141977298338,0.32372205529813497,9.214143921439945,49.999960229817916,1.0777283816166263,0.4999996022981792,3.9857637121671585,4.295570675020189,0.0,0.0,3.23722055298135,2.3616344343416404,3.2372205529813463,,0.0,0.9897820949554443,ok
B_alpha10,0.8,0.5,10.0,17.78279410038923,0.5623413251903491,0.6,20,200,5,1.0,predictive,P2 only,coarse,3.1622776601683795,0,100.0,False,False,5.356887074573784e-07,8.33805637086419e-07,54.12173910190682,9.99999166194362,0.2535436404420844,0.3682576999555363,9.37820699765876,49.99995830971821,1.0824356845791105,0.49999958309718096,3.9554507978468934,4.281521092186391,0.0,0.0,3.682576999555363,2.7761302954726035,3.682576999555363,,0.0,0.9955606460571289,ok
B_alpha10,0.8,0.5,10.0,17.78279410038923,0.5623413251903491,0.6,20,200,5,1.0,predictive,P2 only,coarse,13.33521432163324,0,100.0,False,False,5.703809507180537e-07,8.878045129038955e-07,54.435969528009686,9.99999112195488,0.10885259252709527,0.4275333140477836,9.463622971470242,49.99995560977435,1.0887203571310402,0.499999556097744,3.9450964760912837,4.295106844366511,0.0,0.0,4.275333140477836,3.328968411454914,4.2753331404778265,,0.0,1.085573673248291,ok
B_alpha10,0.8,0.5,10.0,17.78279410038923,0.5623413251903491,0.6,20,200,5,1.0,predictive,P2 only,coarse,56.23413251903491,0,100.0,False,False,6.040959896260069e-07,9.402823589021227e-07,54.736999586714234,9.999990597176424,0.03655808060657177,0.4842710663308181,9.479180255886186,49.99995298588195,1.0947410210999566,0.49999952985882123,3.950119764533328,4.324358144492336,0.0,0.0,4.842710663308181,3.853427402743661,4.842710663308173,,0.0,0.9639906883239746,ok
B_alpha10,0.8,0.5,10.0,17.78279410038923,0.5623413251903491,0.6,20,200,5,1.0,predictive,P2 only,coarse,0.0005623413251903491,0,1000.0,False,False,4.671315772311244e-07,7.27095675043207e-07,52.80983940523032,9.999992729043226,3.092430472890374,0.11294949611906967,6.79462730194733,49.99996364521626,1.056197556061281,0.49999963645216133,4.499879223334913,4.752761438257271,0.0,0.0,1.1294949611906966,0.9913665858320847,1.1294949611906984,,0.0,0.9913125038146973,ok
B_alpha10,0.8,0.5,10.0,17.78279410038923,0.5623413251903491,0.6,20,200,5,1.0,predictive,P2 only,coarse,0.0023713737056616554,0,1000.0,False,False,4.804835531844647e-07,7.478781792491809e-07,53.185882199066654,9.999992521218187,1.5421873804856574,0.18676612152889194,8.271053976767263,49.999962606091124,1.063718439513141,0.49999962606090936,4.177916481289045,4.444126799893016,0.0,0.0,1.8676612152889194,1.423693029660909,1.867661215288923,,0.0,0.9575448036193848,ok
B_alpha10,0.8,0.5,10.0,17.78279410038923,0.5623413251903491,0.6,20,200,5,1.0,predictive,P2 only,coarse,0.01,0,1000.0,False,False,4.886442420859001e-07,7.605803854252117e-07,53.52007029502645,9.999992394196134,0.907945900542368,0.2527536866756261,8.839308018585871,49.99996197098084,1.0704022200274597,0.4999996197098067,4.059649171297716,4.345457485489712,0.0,0.0,2.527536866756261,1.8132133277358673,2.5275368667562694,,0.0,1.0347824096679688,ok
B_alpha10,0.8,0.5,10.0,17.78279410038923,0.5623413251903491,0.6,20,200,5,1.0,predictive,P2 only,coarse,0.042169650342858224,0,1000.0,False,False,4.938140241701199e-07,7.686272107250614e-07,53.74280061221183,9.999992313727885,0.6869926227652285,0.2967646221612356,9.016250441345651,49.99996156863948,1.07485683840845,0.4999996156863943,4.026351964539954,4.327751942925066,0.0,0.0,2.9676462216123562,2.105161597739811,2.9676462216123562,,0.0,0.930750846862793,ok
B_alpha10,0.8,0.5,10.0,17.78279410038923,0.5623413251903491,0.6,20,200,5,1.0,predictive,P2 only,coarse,0.1778279410038923,0,1000.0,False,False,4.995367185660833e-07,7.77534650399477e-07,53.84313141051136,9.999992224653505,0.5721941469422734,0.31624620583813984,9.111567422566083,49.99996112326745,1.0768634655088862,0.4999996112326753,4.007779458316662,4.315831276478208,0.0,0.0,3.1624620583813985,2.2582194091684706,3.1624620583814034,,0.0,1.0210497379302979,ok
B_alpha10,0.8,0.5,10.0,17.78279410038923,0.5623413251903491,0.6,20,200,5,1.0,predictive,P2 only,coarse,0.7498942093324559,0,1000.0,False,False,5.119002599831379e-07,7.967786448741103e-07,53.94031144324749,9.999992032213521,0.4250337616484464,0.33441681638178833,9.240557389756244,49.99996016106772,1.0788070884354006,0.4999996016106761,3.9814135551176144,4.295177165253671,0.0,0.0,3.3441681638178835,2.437068898694845,3.3441681638178853,,0.0,0.9371218681335449,ok
B_alpha10,0.8,0.5,10.0,17.78279410038923,0.5623413251903491,0.6,20,200,5,1.0,predictive,P2 only,coarse,3.1622776601683795,0,1000.0,False,False,5.358880171513479e-07,8.341158649184424e-07,54.134651097563726,9.999991658841353,0.2449292425679711,0.37081927444155494,9.38425982414912,49.999958294206635,1.0826939250434569,0.49999958294206764,3.954470592668131,4.281481287444784,0.0,0.0,3.708192744415549,2.7943537182985763,3.7081927444155562,,0.0,0.9108448028564453,ok
B_alpha10,0.8,0.5,10.0,17.78279410038923,0.5623413251903491,0.6,20,200,5,1.0,predictive,P2 only,coarse,13.33521432163324,0,1000.0,False,False,5.704216301422812e-07,8.878678308957841e-07,54.43887111440774,9.999991121321669,0.10688656279452723,0.42810937995893245,9.465012935924872,49.99995560660837,1.0887783889794633,0.49999955606608343,3.9448695523991715,4.295088715995306,0.0,0.0,4.281093799589325,3.333098384434245,4.281093799589319,,0.0,1.0233395099639893,ok
B_alpha10,0.8,0.5,10.0,17.78279410038923,0.5623413251903491,0.6,20,200,5,1.0,predictive,P2 only,coarse,56.23413251903491,0,1000.0,False,False,6.041040409869967e-07,9.402948909381463e-07,54.73764343778473,9.999990597051113,0.03610389674092842,0.4843989947412927,9.479506511466665,49.999952985255405,1.094753898147193,0.49999952985255564,3.950065404580101,4.324349499600435,0.0,0.0,4.843989947412927,3.854356424223864,4.843989947412934,,0.0,1.0355823040008545,ok
B_alpha10,0.8,0.5,10.0,17.78279410038923,0.5623413251903491,0.6,20,200,5,1.0,predictive,P1 only (protect),coarse,0.0005623413251903491,5,1.0,True,True,4.040004234652226e-07,6.288313077975991e-07,52.21550192638819,9.999993711686916,9.867221669328211,0.0005548746509476956,0.13222974433392487,49.99996855843463,1.0443106952230237,0.49999968558434577,5.985933059431721,6.251173914853622,2.9100603144472135e-31,2.911456396301014e-31,0.005548746509476956,0.007778953513235358,0.005548746509476951,,0.0,1.0807466506958008,ok
B_alpha10,0.8,0.5,10.0,17.78279410038923,0.5623413251903491,0.6,20,200,5,1.0,predictive,P1 only (protect),coarse,0.0023713737056616554,5,1.0,True,True,4.0877066367045797e-07,6.362562415633158e-07,52.22635636039828,9.999993637437585,9.513745846325072,0.0022560646742323075,0.48400445156310923,49.99996818718795,1.044527791795292,0.49999968187187926,5.906832740980781,6.1698509594407875,7.508845360181108e-22,7.524005907200204e-22,0.022560646742323075,0.03141022533309215,0.02256064674232306,,0.0,0.9724087715148926,ok
B_alpha10,0.8,0.5,10.0,17.78279410038923,0.5623413251903491,0.6,20,200,5,1.0,predictive,P1 only (protect),coarse,0.01,5,1.0,True,True,4.20840468979205e-07,6.550430324033106e-07,52.26398217816435,9.99999344956968,8.570150014019385,0.008570150014017645,1.4212863863969183,49.999967247848446,1.0452803282668814,0.499999672478484,5.696342743534083,5.954275012881974,1.2853789935784862e-13,1.2962316507695325e-13,0.08570150014017645,0.11509587242523936,0.08570150014017648,,0.0,0.9991970062255859,ok
B_alpha10,0.8,0.5,10.0,17.78279410038923,0.5623413251903491,0.6,20,200,5,1.0,predictive,P1 only (protect),coarse,0.042169650342858224,5,1.0,True,True,4.411282394354892e-07,6.866211805563526e-07,52.375114396621896,9.999993133788198,6.810451714182628,0.02871943449520327,3.1608357175339705,49.999965668941044,1.0475030071701878,0.49999965668940993,5.306951532722223,5.559047689432966,1.5850157313556298e-07,1.6395343134942588e-07,0.28719434495203267,0.3485557062122219,0.28719434495203244,,0.0,0.9950430393218994,ok
B_alpha10,0.8,0.5,10.0,17.78279410038923,0.5623413251903491,0.6,20,200,5,1.0,predictive,P1 only (protect),coarse,0.1778279410038923,5,1.0,True,True,4.6637248241425154e-07,7.259141352239742e-07,52.63773888080454,9.999992740858634,4.424728153219133,0.07867474927527075,5.496604356646962,49.99996370429322,1.05275554182622,0.4999996370429317,4.787542977568942,5.0401124013669065,0.0005403306587931601,0.0006088997690677761,0.7867474927527075,0.8075392889006279,0.7867474927527095,,0.0,1.0632109642028809,ok
B_alpha10,0.8,0.5,10.0,17.78279410038923,0.5623413251903491,0.6,20,200,5,1.0,predictive,P1 only (protect),coarse,0.7498942093324559,5,1.0,True,True,4.945560909454214e-07,7.697822461956911e-07,53.066881498631524,9.999992302177544,2.1805118595832225,0.16306315595346088,7.6564326822857725,49.99996151088768,1.0613384469721243,0.4999996151088772,4.313002900527755,4.577555800232394,0.016520360587112114,0.022243437050985523,1.6306315595346088,1.4205743018362018,1.6306315595346128,,0.0,1.0421745777130127,ok
B_alpha10,0.8,0.5,10.0,17.78279410038923,0.5623413251903491,0.6,20,200,5,1.0,predictive,P1 only (protect),coarse,3.1622776601683795,5,1.0,True,True,5.275172713962667e-07,8.210867028324374e-07,53.5880108561851,9.999991789132967,0.8520997833004542,0.2669541611082116,8.880954266458367,49.99995894566475,1.0717610971324898,0.49999958945664835,4.052389824286861,4.343193764086223,0.0445550826194805,0.0698517716882247,2.6695416110821157,2.1391381055472953,2.669541611082105,,0.0,1.0162353515625,ok
B_alpha10,0.8,0.5,10.0,17.78279410038923,0.5623413251903491,0.6,20,200,5,1.0,predictive,P1 only (protect),coarse,13.33521432163324,5,1.0,True,True,5.66694316429909e-07,8.820662242140488e-07,54.170951041793565,9.999991179337757,0.292069284019608,0.38092626497170934,9.327013271670927,49.99995589668877,1.0834199764840398,0.49999955896688786,3.968904666354888,4.2999906002896084,0.057242069300284096,0.09574219122473349,3.8092626497170934,3.00292187287594,3.8092626497170916,,0.0,0.9603509902954102,ok
B_alpha10,0.8,0.5,10.0,17.78279410038923,0.5623413251903491,0.6,20,200,5,1.0,predictive,P1 only (protect),coarse,56.23413251903491,5,1.0,True,True,6.02460141550278e-07,9.377361425493248e-07,54.62795723794122,9.999990622638581,0.08894388752594683,0.46901145835519703,9.442054031480275,49.999953113192795,1.0925601692919846,0.4999995311319291,3.9562000761112435,4.322386624909063,0.06108598215954897,0.10426810118401243,4.690114583551971,3.732643826020673,4.690114583551978,,0.0,0.9909842014312744,ok
B_alpha10,0.8,0.5,10.0,17.78279410038923,0.5623413251903491,0.6,20,200,5,1.0,predictive,P1 only (protect),coarse,0.0005623413251903491,10,1.0,True,True,4.040004234652226e-07,6.288313077975991e-07,52.21550192638819,9.999993711686916,9.867221669328211,0.0005548746509476956,0.13222974433392487,49.99996855843463,1.0443106952230237,0.49999968558434577,5.985933059431721,6.251173914853622,1.2524615204315903e-18,1.2587298340597229e-18,0.005548746509476956,0.007778953513235357,0.0055487465094769504,,0.0,1.3782503604888916,ok
B_alpha10,0.8,0.5,10.0,17.78279410038923,0.5623413251903491,0.6,20,200,5,1.0,predictive,P1 only (protect),coarse,0.0023713737056616554,10,1.0,True,True,4.087706636704117e-07,6.362562415632438e-07,52.226356360396764,9.999993637437582,9.513745846328197,0.002256064674183227,0.4840044515600379,49.999968187187925,1.0445277917952622,0.4999996818718791,5.906832740981466,6.169850959441327,2.588960657699842e-12,2.643376732943588e-12,0.02256064674183227,0.031410225331219996,0.022560646741832273,,0.0,1.2430055141448975,ok
B_alpha10,0.8,0.5,10.0,17.78279410038923,0.5623413251903491,0.6,20,200,5,1.0,predictive,P1 only (protect),coarse,0.01,10,1.0,True,True,4.208404607471092e-07,6.550430195899587e-07,52.263981903795795,9.99999344956981,8.570150563809301,0.008570141578842184,1.4212858450420462,49.999967247849014,1.045280322779495,0.49999967247849053,5.696342864388683,5.954275107950875,4.339157734928818e-07,4.717179079955956e-07,0.08570141578842184,0.11509554304695714,0.08570141578842182,,0.0,1.159869909286499,ok
B_alpha10,0.8,0.5,10.0,17.78279410038923,0.5623413251903491,0.6,20,200,5,1.0,predictive,P1 only (protect),coarse,0.042169650342858224,10,1.0,True,True,4.4110432897816707e-07,6.865839636544033e-07,52.37431208400309,9.999993134160363,6.811937717377736,0.028697641708411045,3.159371506753491,49.99996567080174,1.0474869608678128,0.49999965670801816,5.30727856369895,5.559305093167904,0.0010499083589135497,0.0014092003176644006,0.2869764170841104,0.3476220719619243,0.2869764170841113,,0.0,1.1986944675445557,ok
B_alpha10,0.8,0.5,10.0,17.78279410038923,0.5623413251903491,0.6,20,200,5,1.0,predictive,P1 only (protect),coarse,0.1778279410038923,10,1.0,True,True,4.6515981549424466e-07,7.240266052093511e-07,52.594694024497834,9.999992759733935,4.485287715142104,0.07787207198652345,5.436847453137438,49.99996379866971,1.051894642089664,0.4999996379866968,4.800902704513735,5.0500438320717755,0.03785139496944301,0.07987348071676766,0.7787207198652345,0.7610973764055944,0.7787207198652372,,0.0,1.1478338241577148,ok
B_alpha10,0.8,0.5,10.0,17.78279410038923,0.5623413251903491,0.6,20,200,5,1.0,predictive,P1 only (protect),coarse,0.7498942093324559,10,1.0,True,True,4.890512956420438e-07,7.612139689647306e-07,52.862321859928834,9.999992387860303,2.362970447512247,0.16135439287416956,7.475682771753281,49.99996193930151,1.0572472419899468,0.4999996193930151,4.35352093993394,4.602748006690639,0.12544251664075307,0.4157282535734479,1.6135439287416955,1.2164873787872772,1.6135439287416964,,0.0,1.2766032218933105,ok
B_alpha10,0.8,0.5,10.0,17.78279410038923,0.5623413251903491,0.6,20,200,5,1.0,predictive,P1 only (protect),coarse,3.1622776601683795,10,1.0,True,True,5.18094213299648e-07,8.064196044781588e-07,53.24456551884712,9.999991935803934,1.0524163843464107,0.2644950151355659,8.683096664714089,49.999959679019796,1.0648921691268638,0.4999995967901967,4.096654311126171,4.362495095538066,0.1802937363952618,0.7271726385137202,2.644950151355659,1.8032587859104698,2.644950151355665,,0.0,1.2063007354736328,ok
B_alpha10,0.8,0.5,10.0,17.78279410038923,0.5623413251903491,0.6,20,200,5,1.0,predictive,P1 only (protect),coarse,13.33521432163324,10,1.0,True,True,5.543284662699922e-07,8.628186361519897e-07,53.7429679291896,9.999991371813643,0.48309360692570436,0.372006970028298,9.144908051232354,49.999956859068085,1.0748602859932803,0.4999995685906821,4.008644057164888,4.308732297729516,0.19975626420624978,0.8514286154412873,3.72006970028298,2.578029271773336,3.7200697002829766,,0.0,1.4269704818725586,ok
B_alpha10,0.8,0.5,10.0,17.78279410038923,0.5623413251903491,0.6,20,200,5,1.0,predictive,P1 only (protect),coarse,56.23413251903491,10,1.0,True,True,5.876879881933354e-07,9.147431158730049e-07,54.14032936221129,9.9999908525688,0.27706928078106946,0.4511861928892473,9.271753673760884,49.999954262844156,1.0828075777350044,0.49999954262844,3.9919370504641565,4.322499688083711,0.20492858823378568,0.8868497497697612,4.511861928892473,3.2400966885508633,4.511861928892468,,0.0,1.2615904808044434,ok
B_alpha10,0.8,0.5,10.0,17.78279410038923,0.5623413251903491,0.6,20,200,5,1.0,predictive,P1 only (protect),coarse,0.0005623413251903491,15,1.0,True,True,4.0400042331418884e-07,6.288313075625135e-07,52.21550192473961,9.999993711686924,9.867221682225082,0.0005548745678397999,0.1322297315201535,49.99996855843463,1.044310695190052,0.4999996855843462,5.985933062309858,6.251173917661925,2.32756674371624e-09,2.3501308676120495e-09,0.005548745678397999,0.00777895024716473,0.005548745678398001,,0.0,2.395773410797119,ok
B_alpha10,0.8,0.5,10.0,17.78279410038923,0.5623413251903491,0.6,20,200,5,1.0,predictive,P1 only (protect),coarse,0.0023713737056616554,15,1.0,True,True,4.0877035903453116e-07,6.362557673939903e-07,52.226353003193196,9.99999363744233,9.51377177088568,0.0022558984286180617,0.48397869324337073,49.99996818721155,1.0445277246506546,0.4999996818721165,5.906838526747318,6.169856606222201,4.630684037067306e-06,4.8191683151836e-06,0.022558984286180618,0.0314036088065978,0.022558984286180632,,0.0,2.3384978771209717,ok
B_alpha10,0.8,0.5,10.0,17.78279410038923,0.5623413251903491,0.6,20,200,5,1.0,predictive,P1 only (protect),coarse,0.01,15,1.0,True,True,4.207397693940505e-07,6.548862923403116e-07,52.26282233750521,9.99999345113709,8.578618475764754,0.008516724438268735,1.4128713486598858,49.99996725568538,1.0452571312746717,0.4999996725568545,5.698233040523642,5.956118721272293,0.0014633083333673756,0.0017099892402081941,0.08516724438268736,0.11285448069128427,0.08516724438268738,,0.0,2.4054481983184814,ok
B_alpha10,0.8,0.5,10.0,17.78279410038923,0.5623413251903491,0.6,20,200,5,1.0,predictive,P1 only (protect),coarse,0.042169650342858224,15,1.0,True,True,4.3826427605710967e-07,6.82163388603546e-07,52.337210284529824,9.99999317836613,7.040400057230605,0.027391683879657375,2.9322150805236076,49.99996589183048,1.0467449197416598,0.49999965891830656,5.358325928617709,5.6088004441005985,0.03642255771373585,0.06052193426557605,0.27391683879657375,0.27966158465096785,0.2739168387965739,,0.0,2.4297852516174316,ok
B_alpha10,0.8,0.5,10.0,17.78279410038923,0.5623413251903491,0.6,20,200,5,1.0,predictive,P1 only (protect),coarse,0.1778279410038923,15,1.0,True,True,4.5257750574779806e-07,7.044420953099719e-07,52.40659252764954,9.99999295557905,5.354219702263695,0.0758574260857948,4.569929916071461,49.99996477789523,1.0481325889017081,0.49999964777895245,4.99616594069261,5.236644342000684,0.1348310439072135,0.4260936407247026,0.758574260857948,0.43714297611041214,0.7585742608579515,,0.0,2.4800100326538086,ok
B_alpha10,0.8,0.5,10.0,17.78279410038923,0.5623413251903491,0.6,20,200,5,1.0,predictive,P1 only (protect),coarse,0.7498942093324559,15,1.0,True,True,4.657982591805981e-07,7.25020350150269e-07,52.49585982728481,9.999992749796476,3.4761446975387966,0.16767517208353638,6.356187380581192,49.999963748982566,1.0499179577575801,0.4999996374898238,4.607016315296828,4.836989161112298,0.2111779219607683,1.1861760494872355,1.6767517208353637,0.60606957023999,1.67675172083537,,0.0,2.3107500076293945,ok
B_alpha10,0.8,0.5,10.0,17.78279410038923,0.5623413251903491,0.6,20,200,5,1.0,predictive,P1 only (protect),coarse,3.1622776601683795,15,1.0,True,True,4.836277388230099e-07,7.527721403653259e-07,52.70515152125136,9.999992472278608,2.090480073110904,0.26941774472575397,7.640109709884735,49.99996236139295,1.0541038239250196,0.4999996236139304,4.332680072122242,4.567094631867785,0.2467145497172414,1.801867317801532,2.6941774472575397,0.9124900642660914,2.694177447257549,,0.0,2.2055985927581787,ok
B_alpha10,0.8,0.5,10.0,17.78279410038923,0.5623413251903491,0.6,20,200,5,1.0,predictive,P1 only (protect),coarse,13.33521432163324,15,1.0,True,True,5.065377999116913e-07,7.884319140604043e-07,53.019356478518,9.999992115680861,1.4838408042681968,0.355757383331359,8.160409696719583,49.9999605784043,1.0603879656140733,0.49999960578404307,4.228291375991868,4.483629290211548,0.2600080277599112,2.051333858953717,3.55757383331359,1.378804705690788,3.5575738333135822,,0.0,2.42732834815979,ok
B_alpha10,0.8,0.5,10.0,17.78279410038923,0.5623413251903491,0.6,20,200,5,1.0,predictive,P1 only (protect),coarse,56.23413251903491,15,1.0,True,True,5.277620337156699e-07,8.214676781890188e-07,53.26115757149812,9.999991785323198,1.274862142923687,0.4097357618183913,8.315410309934723,49.99995892661612,1.0652240264770696,0.4999995892661599,4.201442964272164,4.475477991415749,0.2640886506786294,2.1245932002058256,4.097357618183913,1.7734174684237702,4.097357618183926,,0.0,2.3526077270507812,ok
B_alpha10,0.8,0.5,10.0,17.78279410038923,0.5623413251903491,0.6,20,200,5,1.0,predictive,P1 only (protect),coarse,0.0005623413251903491,20,1.0,True,True,4.021726400154133e-07,6.259863418277008e-07,52.2118368023673,9.999993740136581,9.993129489478155,0.00035967767984637004,0.006517092705417227,49.999968700682885,1.04423738972569,0.49999968700682906,6.014262973303018,6.280318268365811,0.0036133407508627817,0.0036648305483523358,0.0035967767984637004,6.823984637083204e-05,0.0035967767984637013,,0.0,7.360142707824707,ok
B_alpha10,0.8,0.5,10.0,17.78279410038923,0.5623413251903491,0.6,20,200,5,1.0,predictive,P1 only (protect),coarse,0.0023713737056616554,20,1.0,True,True,4.021727070462334e-07,6.259864461619436e-07,52.21183702655504,9.999993740135528,9.971106330571436,0.0015117896781609893,0.027388139614874518,49.99996870067765,1.044237394209557,0.4999996870067764,6.0097279840003,6.275582689920728,0.014532696123079836,0.015401482725520327,0.015117896781609894,0.00028437117226138236,0.015117896781609899,,0.0,7.499884605407715,ok
B_alpha10,0.8,0.5,10.0,17.78279410038923,0.5623413251903491,0.6,20,200,5,1.0,predictive,P1 only (protect),coarse,0.01,20,1.0,True,True,4.021729894983841e-07,6.259868858019659e-07,52.211837973147105,9.999993740131151,9.879860718798161,0.006288530970697124,0.11385701009999138,49.99996870065572,1.0442374131418681,0.49999968700655756,5.990940028121112,6.255963717253261,0.05135127010077168,0.06402650194184296,0.06288530970697123,0.0011445118779444799,0.0628853097069712,,0.0,7.276382684707642,ok
B_alpha10,0.8,0.5,10.0,17.78279410038923,0.5623413251903491,0.6,20,200,5,1.0,predictive,P1 only (protect),coarse,0.042169650342858224,20,1.0,True,True,4.0217417811857913e-07,6.259887359029756e-07,52.21184216077567,9.99999374011264,9.52155132541007,0.025083915449644483,0.45337101902764765,49.999968700563144,1.0442374968964252,0.49999968700563197,5.917176417334915,6.178937490732368,0.12998059290774952,0.2549492596429097,0.25083915449644484,0.004124886575902287,0.25083915449644517,,0.0,7.257853746414185,ok
B_alpha10,0.8,0.5,10.0,17.78279410038923,0.5623413251903491,0.6,20,200,5,1.0,predictive,P1 only (protect),coarse,0.1778279410038923,20,1.0,True,True,4.021818598507772e-07,6.260006926075292e-07,52.212326933729315,9.999993739993082,8.361983681852866,0.08620041112966298,1.5518221670243886,49.99996869996535,1.0442471923740524,0.4999996869996541,5.678570451760954,5.92983125094963,0.21037907243517565,0.8726537338642613,0.8620041112966298,0.012227865923906574,0.8620041112966326,,0.0,7.333596229553223,ok
B_alpha10,0.8,0.5,10.0,17.78279410038923,0.5623413251903491,0.6,20,200,5,1.0,predictive,P1 only (protect),coarse,0.7498942093324559,20,1.0,True,True,4.0233612761403845e-07,6.262408121561315e-07,52.23733814064154,9.999993737591884,6.163797320134921,0.20709325142339002,3.6291156908498055,49.99996868795936,1.0447474170763025,0.49999968687959423,5.228139275984559,5.462085004700039,0.2542746578376759,2.0408017268615617,2.0709325142339003,0.04715931551218879,2.070932514233905,,0.0,7.280608177185059,ok
B_alpha10,0.8,0.5,10.0,17.78279410038923,0.5623413251903491,0.6,20,200,5,1.0,predictive,P1 only (protect),coarse,3.1622776601683795,20,1.0,True,True,4.031194375021559e-07,6.274600430101886e-07,52.36575013838916,9.999993725399584,4.342522394857502,0.3285877113990226,5.328896168343892,49.99996862699784,1.0473156599165123,0.4999996862699792,4.862960990618654,5.093055199038032,0.27159202992602416,2.9966585331082825,3.285877113990226,0.17925925049929664,3.2858771139902356,,0.0,7.399871587753296,ok
B_alpha10,0.8,0.5,10.0,17.78279410038923,0.5623413251903491,0.6,20,200,5,1.0,predictive,P1 only (protect),coarse,13.33521432163324,20,1.0,True,True,4.046752541681585e-07,6.298816895529257e-07,52.58518207011033,9.999993701183115,3.5623514245506684,0.4129874727088513,6.024667401557366,49.999968505915504,1.0517043038514908,0.49999968505915576,4.718696394921437,4.96267330710739,0.2774376660481038,3.3879194504228596,4.129874727088513,0.44016048698873383,4.129874727088538,,0.0,7.144075632095337,ok
B_alpha10,0.8,0.5,10.0,17.78279410038923,0.5623413251903491,0.6,20,200,5,1.0,predictive,P1 only (protect),coarse,56.23413251903491,20,1.0,True,True,4.059739888039513e-07,6.319031849575059e-07,52.74340184944588,9.999993680968156,3.31317030861582,0.4569611312381964,6.229874879177826,49.9999684048408,1.05486870356381,0.49999968404840783,4.67901733387337,4.935748948935596,0.2792163667837842,3.503316095326935,4.569611312381964,0.6544437934162424,4.569611312381973,,0.0,7.386574983596802,ok
B_alpha10,0.8,0.5,10.0,17.78279410038923,0.5623413251903491,0.6,20,200,5,1.0,predictive,P1+P2 (protect),coarse,0.0005623413251903491,5,3.0,True,True,4.060543404410252e-07,6.320282532026971e-07,52.21997731458846,9.999993679717475,9.706454043409792,0.0012483595025373178,0.29230391737019623,49.99996839858735,1.044400206382207,0.49999968398587374,5.949926536650668,6.214104502836928,1.9331021058228354e-24,1.9358820746998733e-24,0.01248359502537318,0.017452737539006946,0.012483595025373183,,0.0,0.9633641242980957,ok
B_alpha10,0.8,0.5,10.0,17.78279410038923,0.5623413251903491,0.6,20,200,5,1.0,predictive,P1+P2 (protect),coarse,0.0023713737056616554,5,3.0,True,True,4.1445928114308775e-07,6.451106401133084e-07,52.24259155507373,9.9999935488936,9.03926725842112,0.00493465383659725,0.9558045388486818,49.99996774446795,1.044852505146944,0.49999967744468005,5.800803127955203,6.060983680108222,1.028005179591929e-15,1.0342023056680858e-15,0.0493465383659725,0.06752793105108545,0.049346538365972484,,0.0,1.1274268627166748,ok
B_alpha10,0.8,0.5,10.0,17.78279410038923,0.5623413251903491,0.6,20,200,5,1.0,predictive,P1+P2 (protect),coarse,0.01,5,3.0,True,True,4.3090117131007916e-07,6.707026313430329e-07,52.314835977065655,9.99999329297367,7.587578315914464,0.017711576821863455,2.3947168142900024,49.99996646486837,1.046297421295748,0.4999996646486835,5.478123294076236,5.731746276132135,6.830024298118631e-09,6.999407780701524e-09,0.17711576821863456,0.2241517486331095,0.17711576821863492,,0.0,0.9706461429595947,ok
B_alpha10,0.8,0.5,10.0,17.78279410038923,0.5623413251903491,0.6,20,200,5,1.0,predictive,P1+P2 (protect),coarse,0.042169650342858224,5,3.0,True,True,4.5274818484345927e-07,7.047077592884938e-07,52.504845905289,9.999992952922385,5.342900126484608,0.05346669928069916,4.6036402213123075,49.999964764611995,1.0500976581177486,0.49999964764611926,4.985193913768725,5.234940454111392,0.00011537398750561647,0.00012631429429530965,0.5346669928069916,0.5772861197091259,0.5346669928069926,,0.0,0.9668357372283936,ok
B_alpha10,0.8,0.5,10.0,17.78279410038923,0.5623413251903491,0.6,20,200,5,1.0,predictive,P1+P2 (protect),coarse,0.1778279410038923,5,3.0,True,True,4.7593673367678247e-07,7.408010023654666e-07,52.856568089678525,9.999992591989967,2.9166496190474156,0.1222632341935264,6.96109455476909,49.99996295994978,1.0571321449181252,0.49999962959949834,4.463726899790138,4.718749191903882,0.009794754109493544,0.01259147072404629,1.222632341935264,1.0916621326086646,1.2226323419352647,,0.0,1.0758020877838135,ok
B_alpha10,0.8,0.5,10.0,17.78279410038923,0.5623413251903491,0.6,20,200,5,1.0,predictive,P1+P2 (protect),coarse,0.7498942093324559,5,3.0,True,True,5.003329169155381e-07,7.787739422894419e-07,53.29245136678017,9.999992212260564,1.2725022093159284,0.21003165912557656,8.517473919297931,49.99996106130278,1.065849857391701,0.49999961061302817,4.125826003558923,4.39751105751625,0.03923363378545591,0.0598833639958894,2.1003165912557655,1.6605651918937105,2.1003165912557598,,0.0,1.0023322105407715,ok
B_alpha10,0.8,0.5,10.0,17.78279410038923,0.5623413251903491,0.6,20,200,5,1.0,predictive,P1+P2 (protect),coarse,3.1622776601683795,5,3.0,True,True,5.308161555563803e-07,8.262214539863664e-07,53.79696854130597,9.999991737785443,0.5019950912555942,0.30964993248677053,9.188363238472192,49.99995868892728,1.0759402597910457,0.49999958688927215,3.989463143835114,4.292424011404754,0.05559187196852429,0.09208477743254691,3.0964993248677053,2.374818470445367,3.096499324867714,,0.0,1.086913824081421,ok
B_alpha10,0.8,0.5,10.0,17.78279410038923,0.5623413251903491,0.6,20,200,5,1.0,predictive,P1+P2 (protect),coarse,13.33521432163324,5,3.0,True,True,5.684295120289197e-07,8.847670761299785e-07,54.30528691375746,9.999991152329242,0.17897640851420532,0.40795817139226764,9.413074267764284,49.999955761646135,1.086106699226599,0.4999995576164621,3.953555716776716,4.29398334975681,0.06080424657818243,0.10350579077863592,4.079581713922677,3.1749728741676626,4.079581713922676,,0.0,1.029576063156128,ok
B_alpha10,0.8,0.5,10.0,17.78279410038923,0.5623413251903491,0.6,20,200,5,1.0,predictive,P1+P2 (protect),coarse,56.23413251903491,5,3.0,True,True,6.029987019617176e-07,9.38574418026686e-07,54.67182826551424,9.999990614255813,0.05747240756130701,0.47781500300202745,9.464721975180854,49.999953071279045,1.0934375915828372,0.49999953071279063,3.9524104414535426,4.32171415404982,0.062083214881771494,0.10645309943007383,4.778150030020274,3.7929472005192486,4.778150030020276,,0.0,0.933394193649292,ok
B_alpha10,0.8,0.5,10.0,17.78279410038923,0.5623413251903491,0.6,20,200,5,1.0,predictive,P1+P2 (protect),coarse,0.0005623413251903491,5,10.0,True,True,4.116260389718313e-07,6.407006660741295e-07,52.234286032911236,9.999993592993341,9.254546575806392,0.0035569875902027597,0.7419028436100632,49.99996796496673,1.04468638998949,0.4999996796496671,5.848849600230813,6.1102135744566,3.629545274464272e-17,3.646871383900825e-17,0.0355698759020276,0.04905234437640704,0.03556987590202765,,0.0,0.9407956600189209,ok
B_alpha10,0.8,0.5,10.0,17.78279410038923,0.5623413251903491,0.6,20,200,5,1.0,predictive,P1+P2 (protect),coarse,0.0023713737056616554,5,10.0,True,True,4.258771034771462e-07,6.628826119526348e-07,52.28965045390975,9.999993371173876,7.997650785551953,0.01318713982389062,1.9891687034502796,49.99996685586942,1.0457937023166557,0.49999966855869377,5.568929653936034,5.8239515607307775,6.597866377751334e-10,6.728100058539542e-10,0.1318713982389062,0.17058953047505185,0.13187139823890623,,0.0,1.0066423416137695,ok
B_alpha10,0.8,0.5,10.0,17.78279410038923,0.5623413251903491,0.6,20,200,5,1.0,predictive,P1+P2 (protect),coarse,0.01,5,10.0,True,True,4.4592477775263904e-07,6.940870476389068e-07,52.443541098327586,9.999993059129528,5.898498839255341,0.04190162568806291,4.059606475927069,49.99996529564751,1.0488715499747114,0.4999996529564764,5.106182119747651,5.3557291543928764,3.326317111925737e-05,3.5822442967247894e-05,0.4190162568806291,0.4675752489001348,0.41901625688062993,,0.0,1.0633020401000977,ok
B_alpha10,0.8,0.5,10.0,17.78279410038923,0.5623413251903491,0.6,20,200,5,1.0,predictive,P1+P2 (protect),coarse,0.042169650342858224,5,10.0,True,True,4.666257679486763e-07,7.263083770742739e-07,52.75151890801469,9.999992736916221,3.4408833870559627,0.10187291497943401,6.4572509610483815,49.999963684581175,1.0550311444382514,0.49999963684581106,4.574321449318909,4.826051593703369,0.006151703796606461,0.007661200196818493,1.01872914979434,0.9305722786894866,1.0187291497943431,,0.0,1.0470316410064697,ok
B_alpha10,0.8,0.5,10.0,17.78279410038923,0.5623413251903491,0.6,20,200,5,1.0,predictive,P1+P2 (protect),coarse,0.1778279410038923,5,10.0,True,True,4.852091510955156e-07,7.552336267710645e-07,53.137910116858656,9.999992447663725,1.6385266820106663,0.18018135165951607,8.18129951866609,49.99996223831868,1.0627590049685105,0.4999996223831863,4.197173702210975,4.460584147441735,0.03484859926711641,0.0520430450085436,1.8018135165951608,1.4126351372934216,1.8018135165951656,,0.0,0.9407281875610352,ok
B_alpha10,0.8,0.5,10.0,17.78279410038923,0.5623413251903491,0.6,20,200,5,1.0,predictive,P1+P2 (protect),coarse,0.7498942093324559,5,10.0,True,True,5.054480977965401e-07,7.867357801887031e-07,53.54771795770788,9.99999213264221,0.7546822870296476,0.26224397192704435,8.983081608401099,49.999960663210956,1.0709552017129345,0.4999996066321105,4.028642798362393,4.314495960749557,0.05408095063668881,0.08883564772855176,2.6224397192704436,1.9474293094096788,2.6224397192704476,,0.0,1.0875780582427979,ok
B_alpha10,0.8,0.5,10.0,17.78279410038923,0.5623413251903491,0.6,20,200,5,1.0,predictive,P1+P2 (protect),coarse,3.1622776601683795,5,10.0,True,True,5.334432543557432e-07,8.303105634963556e-07,53.97680957625836,9.99999169689435,0.3364362023501306,0.3458480778451206,9.317724022910399,49.99995848447174,1.0795370878762167,0.4999995848447175,3.9657248085223067,4.2811470111106384,0.06058653140249609,0.10288267660368314,3.4584807784512064,2.600758916175928,3.458480778451211,,0.0,0.9726009368896484,ok
B_alpha10,0.8,0.5,10.0,17.78279410038923,0.5623413251903491,0.6,20,200,5,1.0,predictive,P1+P2 (protect),coarse,13.33521432163324,5,10.0,True,True,5.693121245890328e-07,8.861408727355936e-07,54.37078838405694,9.999991138591263,0.13245538548861907,0.4210916468539561,9.446461829066163,49.99995569295628,1.0874167312855518,0.4999995569295631,3.9479990511733,4.29312022334533,0.06224197427215272,0.10666077635585816,4.210916468539561,3.2639886573602044,4.21091646853956,,0.0,1.0457048416137695,ok
B_alpha10,0.8,0.5,10.0,17.78279410038923,0.5623413251903491,0.6,20,200,5,1.0,predictive,P1+P2 (protect),coarse,56.23413251903491,5,10.0,True,True,6.032052490770523e-07,9.388959109883425e-07,54.688341062243275,9.999990611040891,0.045896761611303474,0.48112643611086525,9.472986191236942,49.9999530552044,1.0937678481790267,0.49999953055204455,3.951044146046488,4.321525053681607,0.06244951702153541,0.10725325719774055,4.811264361108653,3.8160674171086786,4.811264361108641,,0.0,1.0491797924041748,ok
B_alpha10,0.8,0.5,10.0,17.78279410038923,0.5623413251903491,0.6,20,200,5,1.0,predictive,P1+P2 (protect),coarse,0.0005623413251903491,5,30.0,True,True,4.213294620978783e-07,6.558041558193426e-07,52.26878949255548,9.999993441958447,8.404665415309205,0.009478254646252772,1.5858628880860959,49.99996720979222,1.0453764754133463,0.49999967209792234,5.659352830198208,5.9161543147531495,1.9435095663880153e-11,1.971004476348455e-11,0.09478254646252772,0.12545603232468844,0.0947825464625278,,0.0,0.9886860847473145,ok
B_alpha10,0.8,0.5,10.0,17.78279410038923,0.5623413251903491,0.6,20,200,5,1.0,predictive,P1+P2 (protect),coarse,0.0023713737056616554,5,30.0,True,True,4.400774613089668e-07,6.849856323126829e-07,52.38933850366109,9.999993150143672,6.503988095155697,0.031662764784461575,3.464355989916169,49.99996575071842,1.047787487792596,0.49999965750718356,5.238923657304662,5.4892786576244506,4.380592889705887e-06,4.627442485419576e-06,0.3166276478446157,0.36896282903537814,0.316627647844616,,0.0,0.9407613277435303,ok
B_alpha10,0.8,0.5,10.0,17.78279410038923,0.5623413251903491,0.6,20,200,5,1.0,predictive,P1+P2 (protect),coarse,0.01,5,30.0,True,True,4.6030672243816833e-07,7.164727100275707e-07,52.656208968027286,9.999992835272892,4.0552290090243295,0.08315651579632115,5.861621639906457,49.99996417636447,1.0531249338958217,0.4999996417636446,4.705873494702782,4.955872713030967,0.0026733653664410056,0.0031879882820330307,0.8315651579632115,0.7950135212287323,0.8315651579632115,,0.0,0.9601516723632812,ok
B_alpha10,0.8,0.5,10.0,17.78279410038923,0.5623413251903491,0.6,20,200,5,1.0,predictive,P1+P2 (protect),coarse,0.042169650342858224,5,30.0,True,True,4.772582963050959e-07,7.428580298043979e-07,53.022626496524694,9.999992571419698,2.0426053071749135,0.15715189904255822,7.8002502223628305,49.99996285709838,1.060453317696759,0.4999996285709849,4.279670424039373,4.538390699821249,0.027697120917482512,0.0398714982609163,1.5715189904255822,1.256681640582026,1.571518990425589,,0.0,1.0816118717193604,ok
B_alpha10,0.8,0.5,10.0,17.78279410038923,0.5623413251903491,0.6,20,200,5,1.0,predictive,P1+P2 (protect),coarse,0.1778279410038923,5,30.0,True,True,4.913954806280851e-07,7.648627198716522e-07,53.389298979367986,9.999992351372796,1.0177266477066003,0.23166768633155344,8.75061331458905,49.99996175686386,1.0677867962976761,0.4999996175686398,4.076486459978918,4.352818417251744,0.05110402508876991,0.08269125135781086,2.3166768633155344,1.6965338267233105,2.3166768633155352,,0.0,1.099616527557373,ok
B_alpha10,0.8,0.5,10.0,17.78279410038923,0.5623413251903491,0.6,20,200,5,1.0,predictive,P1+P2 (protect),coarse,0.7498942093324559,5,30.0,True,True,5.086662701195453e-07,7.91744902439441e-07,53.74100046498691,9.999992082550952,0.5522761740580713,0.3011629877018641,9.146568755689112,49.99996041275488,1.0748208602836753,0.49999960412754757,3.997615160867065,4.296720166286202,0.05981018209168192,0.10109434231458331,3.011629877018641,2.187203844673,3.01162987701863,,0.0,1.0777826309204102,ok
B_alpha10,0.8,0.5,10.0,17.78279410038923,0.5623413251903491,0.6,20,200,5,1.0,predictive,P1+P2 (protect),coarse,3.1622776601683795,5,30.0,True,True,5.34624165850881e-07,8.321486658267205e-07,54.05654505746372,9.999991678513352,0.2791235206662699,0.36182174707829723,9.359063053742082,49.99995839256661,1.0811318008116622,0.49999958392566757,3.9588015285340106,4.279986225599935,0.062276727273058226,0.10659570118127264,3.618217470782972,2.7082809158236967,3.6182174707829873,,0.0,1.071699619293213,ok
B_alpha10,0.8,0.5,10.0,17.78279410038923,0.5623413251903491,0.6,20,200,5,1.0,predictive,P1+P2 (protect),coarse,13.33521432163324,5,30.0,True,True,5.695998827738032e-07,8.865887716612827e-07,54.39157142681491,9.999991134112253,0.1182396901009505,0.4252547761046527,9.456514399682144,49.99995567056129,1.087832392996286,0.4999995567056127,3.946357412533845,4.292975427695325,0.06268039997135515,0.10761984131443476,4.252547761046527,3.2929468060524862,4.252547761046528,,0.0,1.0289595127105713,ok
B_alpha10,0.8,0.5,10.0,17.78279410038923,0.5623413251903491,0.6,20,200,5,1.0,predictive,P1+P2 (protect),coarse,56.23413251903491,5,30.0,True,True,6.032660750378979e-07,9.389905872962936e-07,54.693170643105276,9.999990610094123,0.042531906637848775,0.4820947476972615,9.475382735570765,49.99995305047049,1.0938644399905217,0.49999953050470614,3.950649140577023,4.321474609756321,0.06255595097061217,0.107485409419654,4.8209474769726155,3.8228729511890194,4.820947476972608,,0.0,1.0485923290252686,ok
B_alpha10,0.8,0.5,10.0,17.78279410038923,0.5623413251903491,0.6,20,200,5,1.0,predictive,P1+P2 (protect),coarse,0.0005623413251903491,5,100.0,True,True,4.364737714547999e-07,6.793764475891432e-07,52.35958546822773,9.999993206235521,6.884705374506353,0.0260838137235636,3.0892176055345626,49.99996603117759,1.047192420802422,0.49999966031177606,5.322711353988356,5.573902988015603,8.880319063026212e-07,9.281991797376646e-07,0.260838137235636,0.3123701165082846,0.26083813723563637,,0.0,1.0416252613067627,ok
B_alpha10,0.8,0.5,10.0,17.78279410038923,0.5623413251903491,0.6,20,200,5,1.0,predictive,P1+P2 (protect),coarse,0.0023713737056616554,5,100.0,True,True,4.566123841472818e-07,7.107224299690777e-07,52.598980870469084,9.999992892775705,4.476137271803816,0.07197953350667119,5.451890301913808,49.999964463878314,1.051980365075427,0.4999996446387852,4.796623047705327,5.045953264854257,0.0013170744853689457,0.0015285860496763236,0.7197953350667119,0.7116617737779627,0.7197953350667121,,0.0,1.0280299186706543,ok
B_alpha10,0.8,0.5,10.0,17.78279410038923,0.5623413251903491,0.6,20,200,5,1.0,predictive,P1+P2 (protect),coarse,0.01,5,100.0,True,True,4.7353208286567356e-07,7.370581357106797e-07,52.95450518094623,9.99999262941864,2.329919929079992,0.14335199371264346,7.526735447788724,49.99996314709312,1.0590908842304791,0.499999631470932,4.339296688366197,4.595709566620146,0.0224577631140048,0.03141710026288289,1.4335199371264347,1.1709149978006816,1.4335199371264382,,0.0,0.9823431968688965,ok
B_alpha10,0.8,0.5,10.0,17.78279410038923,0.5623413251903491,0.6,20,200,5,1.0,predictive,P1+P2 (protect),coarse,0.042169650342858224,5,100.0,True,True,4.854712977092145e-07,7.556416609929321e-07,53.310041533385906,9.99999244358337,1.1860631092191283,0.21612770653394356,8.597816740663557,49.99996221791685,1.0662016363340956,0.4999996221791685,4.108618458723632,4.380615723763607,0.04852873196643573,0.07753024146805915,2.1612770653394358,1.5830426974642176,2.1612770653394393,,0.0,1.0023829936981201,ok
B_alpha10,0.8,0.5,10.0,17.78279410038923,0.5623413251903491,0.6,20,200,5,1.0,predictive,P1+P2 (protect),coarse,0.1778279410038923,5,100.0,True,True,4.95861647700998e-07,7.718143603106828e-07,53.62583281951891,9.999992281856397,0.7220820557458191,0.2793662610107648,8.99855940138702,49.999961409281966,1.0725174841747747,0.49999961409281984,4.027726271738783,4.319806847909924,0.05904080786919185,0.09938247309546605,2.793662610107648,1.9857330619807894,2.793662610107643,,0.0,1.1427578926086426,ok
B_alpha10,0.8,0.5,10.0,17.78279410038923,0.5623413251903491,0.6,20,200,5,1.0,predictive,P1+P2 (protect),coarse,0.7498942093324559,5,100.0,True,True,5.104860004761786e-07,7.945773336783058e-07,53.854632332088144,9.999992054226647,0.4657839377895534,0.3239185524198829,9.210305455563917,49.99996027113329,1.0770935024758468,0.49999960271133237,3.9866591768450315,4.294004695965492,0.06221687621503579,0.10637947527670741,3.2391855241988288,2.3393198332275644,3.2391855241988345,,0.0,0.9349749088287354,ok
B_alpha10,0.8,0.5,10.0,17.78279410038923,0.5623413251903491,0.6,20,200,5,1.0,predictive,P1+P2 (protect),coarse,3.1622776601683795,5,100.0,True,True,5.351092963833272e-07,8.329037770826356e-07,54.088445136709026,9.999991670962233,0.2574016383537679,0.3682048213261428,9.374401869357856,49.99995835481114,1.0817698037443362,0.49999958354811164,3.956301237963533,4.279807213745285,0.06291671513245606,0.10799801657369838,3.682048213261428,2.7526223954460947,3.682048213261432,,0.0,1.0539836883544922,ok
B_alpha10,0.8,0.5,10.0,17.78279410038923,0.5623413251903491,0.6,20,200,5,1.0,predictive,P1+P2 (protect),coarse,13.33521432163324,5,100.0,True,True,5.697047094452995e-07,8.867519355816566e-07,54.399067895273554,9.999991132480627,0.11315611323247492,0.42675601250502326,9.460096741781875,49.99995566240319,1.0879823226759022,0.49999955662403134,3.945775052843592,4.292933506749402,0.06283711294961841,0.10796205068370802,4.267560125050233,3.303476171119759,4.2675601250502195,,0.0,1.063857078552246,ok
B_alpha10,0.8,0.5,10.0,17.78279410038923,0.5623413251903491,0.6,20,200,5,1.0,predictive,P1+P2 (protect),coarse,56.23413251903491,5,100.0,True,True,6.032875582757844e-07,9.390240262032608e-07,54.694872796149625,9.999990609759728,0.04134801867903627,0.4824360015635358,9.476225369997701,49.99995304879864,1.0938984831199514,0.4999995304879864,3.950510374163087,4.321457305846633,0.06259339329725129,0.10756703774277354,4.824360015635357,3.825276194359335,4.824360015635362,,0.0,1.0387547016143799,ok
B_alpha10,0.8,0.5,10.0,17.78279410038923,0.5623413251903491,0.6,20,200,5,1.0,predictive,P1+P2 (protect),coarse,0.0005623413251903491,10,3.0,True,True,4.060543404410248e-07,6.320282532026965e-07,52.219977314588455,9.999993679717477,9.70645404340983,0.0012483595025370975,0.29230391737015715,49.99996839858737,1.0444002063822067,0.49999968398587386,5.949926536650677,6.2141045028369355,3.747888216089461e-14,3.8041144069787865e-14,0.012483595025370976,0.01745273753898301,0.01248359502537097,,0.0,1.2211277484893799,ok
B_alpha10,0.8,0.5,10.0,17.78279410038923,0.5623413251903491,0.6,20,200,5,1.0,predictive,P1+P2 (protect),coarse,0.0023713737056616554,10,3.0,True,True,4.144592808469082e-07,6.451106396523015e-07,52.24259154511802,9.999993548893597,9.039267278813233,0.004934653731347307,0.9558045185618234,49.99996774446796,1.0448525049478294,0.4999996774446799,5.800803132515846,6.060983683718397,1.806598295694928e-08,1.9195025082688702e-08,0.04934653731347307,0.06752791908346709,0.04934653731347307,,0.0,1.1657540798187256,ok
B_alpha10,0.8,0.5,10.0,17.78279410038923,0.5623413251903491,0.6,20,200,5,1.0,predictive,P1+P2 (protect),coarse,0.01,10,3.0,True,True,4.308976800940675e-07,6.706971972251386e-07,52.31471841017303,9.999993293028023,7.587806089654488,0.017710608186495117,2.394490009130993,49.99996646514009,1.0462950699506324,0.49999966465140117,5.4781743129316105,5.731786775950537,0.00018351644701444683,0.0002294910497272014,0.17710608186495116,0.2240137726152414,0.17710608186495158,,0.0,1.18208909034729,ok
B_alpha10,0.8,0.5,10.0,17.78279410038923,0.5623413251903491,0.6,20,200,5,1.0,predictive,P1+P2 (protect),coarse,0.042169650342858224,10,3.0,True,True,4.5223630159171324e-07,7.0391100711713e-07,52.48673841907039,9.999992960889921,5.370949906914759,0.053432681852421136,4.575624450342899,49.99996480444963,1.0497355073017862,0.49999964804449604,4.9915088207593525,5.239764044161159,0.0196036459722138,0.036641194325941824,0.5343268185242114,0.5574018936817403,0.5343268185242114,,0.0,1.1863834857940674,ok
B_alpha10,0.8,0.5,10.0,17.78279410038923,0.5623413251903491,0.6,20,200,5,1.0,predictive,P1+P2 (protect),coarse,0.1778279410038923,10,3.0,True,True,4.7209672715037036e-07,7.348239880218182e-07,52.71170545400076,9.999992651760106,3.062757625343508,0.12332277874725336,6.813926944149133,49.999963258800555,1.0542348837570976,0.4999996325880053,4.497085502748148,4.740984412235423,0.1033632198845944,0.3154762201068884,1.2332277874725337,0.9460551448875205,1.2332277874725346,,0.0,1.220130205154419,ok
B_alpha10,0.8,0.5,10.0,17.78279410038923,0.5623413251903491,0.6,20,200,5,1.0,predictive,P1+P2 (protect),coarse,0.7498942093324559,10,3.0,True,True,4.926992441307695e-07,7.668920427626433e-07,53.003034951581036,9.999992331079566,1.4608574959548546,0.21358681582160435,8.325563357143974,49.99996165539782,1.06006151198436,0.4999996165539783,4.169653408449365,4.420089096611574,0.17083642504597663,0.67170301065201,2.1358681582160437,1.3805422909392733,2.1358681582160512,,0.0,1.1761298179626465,ok
B_alpha10,0.8,0.5,10.0,17.78279410038923,0.5623413251903491,0.6,20,200,5,1.0,predictive,P1+P2 (protect),coarse,3.1622776601683795,10,3.0,True,True,5.207650743669174e-07,8.105768304616975e-07,53.430246281003114,9.999991894231668,0.683177237615062,0.3114974788669141,9.005333389286356,49.99995947115837,1.0686057918071603,0.4999995947115834,4.031030361176711,4.307582390903943,0.19751101262604048,0.835861665763565,3.114974788669141,2.0173402495807196,3.114974788669144,,0.0,1.1533787250518799,ok
B_alpha10,0.8,0.5,10.0,17.78279410038923,0.5623413251903491,0.6,20,200,5,1.0,predictive,P1+P2 (protect),coarse,13.33521432163324,10,3.0,True,True,5.559885073395123e-07,8.654025091779995e-07,53.87559057602983,9.999991345974909,0.36024327270548634,0.4013245979472225,9.238440783372381,49.99995672987433,1.0775127440028336,0.49999956729874545,3.991953327998928,4.301380584383368,0.20479386080450776,0.8845059960528504,4.013245979472225,2.7470173375056537,4.013245979472223,,0.0,1.3609998226165771,ok
B_alpha10,0.8,0.5,10.0,17.78279410038923,0.5623413251903491,0.6,20,200,5,1.0,predictive,P1+P2 (protect),coarse,56.23413251903491,10,3.0,True,True,5.882464120021929e-07,9.15612308957006e-07,54.18533340977138,9.99999084387691,0.24257325238229066,0.4608745421063156,9.296561361634483,49.99995421938453,1.0837076604515015,0.4999995421938455,3.987797782680389,4.3216070054222495,0.20628710117602242,0.8958125386836956,4.608745421063157,3.3006478244856163,4.608745421063154,,0.0,1.227590799331665,ok
B_alpha10,0.8,0.5,10.0,17.78279410038923,0.5623413251903491,0.6,20,200,5,1.0,predictive,P1+P2 (protect),coarse,0.0005623413251903491,10,10.0,True,True,4.1162603894091656e-07,6.407006660260103e-07,52.23428603186829,9.999993592993345,9.254546577961083,0.003556987587190444,0.7419028414583817,49.999967964966714,1.0446863899686312,0.49999967964966724,5.848849600715754,6.110213574841211,1.99465751458796e-09,2.0935858755788613e-09,0.03556987587190444,0.04905234312151836,0.03556987587190444,,0.0,1.1659927368164062,ok
B_alpha10,0.8,0.5,10.0,17.78279410038923,0.5623413251903491,0.6,20,200,5,1.0,predictive,P1+P2 (protect),coarse,0.0023713737056616554,10,10.0,True,True,4.2587625188527495e-07,6.628812864400882e-07,52.289621746265766,9.999993371187141,7.99770759784283,0.01318710802250174,1.9891119229475276,49.9999668559356,1.0457931281620112,0.49999966855935707,5.5689424581554094,5.823961753868586,4.8424879101824806e-05,5.8154210191537684e-05,0.1318710802250174,0.17055566162311533,0.13187108022501753,,0.0,1.1155998706817627,ok
B_alpha10,0.8,0.5,10.0,17.78279410038923,0.5623413251903491,0.6,20,200,5,1.0,predictive,P1+P2 (protect),coarse,0.01,10,10.0,True,True,4.4565972847268584e-07,6.936744953848503e-07,52.43421994187732,9.999993063255049,5.913758394337352,0.0419405370151336,4.044308005392466,49.99996531627524,1.048685126283672,0.49999965316275247,5.109639123691357,5.358402549692262,0.011269910463824109,0.019422733497755112,0.41940537015133605,0.45720819191745027,0.41940537015133533,,0.0,1.2130296230316162,ok
B_alpha10,0.8,0.5,10.0,17.78279410038923,0.5623413251903491,0.6,20,200,5,1.0,predictive,P1+P2 (protect),coarse,0.042169650342858224,10,10.0,True,True,4.636708367083359e-07,7.217089925975616e-07,52.63973914353803,9.999992782910077,3.562718558011522,0.1033214702983169,6.333967188780084,49.999963914550484,1.0527955426827686,0.4999996391455038,4.602350646985995,4.845334247010012,0.08706175962894223,0.2484241795348923,1.033214702983169,0.8171363611312439,1.0332147029831706,,0.0,1.3095910549163818,ok
B_alpha10,0.8,0.5,10.0,17.78279410038923,0.5623413251903491,0.6,20,200,5,1.0,predictive,P1+P2 (protect),coarse,0.1778279410038923,10,10.0,True,True,4.784805310242275e-07,7.447604522067996e-07,52.877234909040574,9.99999255239548,1.8193642418622649,0.18540223881782203,7.995240966924434,49.99996276197727,1.0575454857988682,0.49999962761977396,4.239931474193601,4.483920390629983,0.16240920493789354,0.6243140735134901,1.8540223881782203,1.161260181207962,1.8540223881782252,,0.0,1.172520399093628,ok
B_alpha10,0.8,0.5,10.0,17.78279410038923,0.5623413251903491,0.6,20,200,5,1.0,predictive,P1+P2 (protect),coarse,0.7498942093324559,10,10.0,True,True,4.966398829126172e-07,7.73025692369635e-07,53.21316448620012,9.999992269743077,0.9279600629290807,0.26922554247885655,8.802822124848985,49.99996134871518,1.064264112427509,0.4999996134871538,4.0703571677152475,4.331935058361417,0.19523036786560757,0.8212986311600703,2.6922554247885655,1.625640570742624,2.692255424788573,,0.0,1.1575865745544434,ok
B_alpha10,0.8,0.5,10.0,17.78279410038923,0.5623413251903491,0.6,20,200,5,1.0,predictive,P1+P2 (protect),coarse,3.1622776601683795,10,10.0,True,True,5.231156191443703e-07,8.142354804544023e-07,53.60081964713282,9.999991857645215,0.506353369550979,0.3496324441936266,9.144022328610179,49.999959288225874,1.072017265817152,0.49999959288226076,4.005478988935634,4.293942634006829,0.20475664080716674,0.8828355115397597,3.496324441936266,2.2330135320571807,3.4963244419362676,,0.0,1.259481430053711,ok
B_alpha10,0.8,0.5,10.0,17.78279410038923,0.5623413251903491,0.6,20,200,5,1.0,predictive,P1+P2 (protect),coarse,13.33521432163324,10,10.0,True,True,5.568439831069755e-07,8.667340670536046e-07,53.94068635403763,9.999991332659318,0.30970282363760154,0.4153503000508483,9.274955543652231,49.99995666329652,1.078814662126175,0.4999995666329659,3.9858253876451277,4.299966868866309,0.2067633305111528,0.8974962108414507,4.153503000508483,2.8345577331641723,4.153503000508482,,0.0,1.3719072341918945,ok
B_alpha10,0.8,0.5,10.0,17.78279410038923,0.5623413251903491,0.6,20,200,5,1.0,predictive,P1+P2 (protect),coarse,56.23413251903491,10,10.0,True,True,5.884609291795144e-07,9.159462074118528e-07,54.202298419848965,9.999990840537896,0.22989858691979853,0.46450831808206156,9.305602254460243,49.9999542026896,1.084046961325683,0.4999995420268948,3.986304756083995,4.321341557750972,0.20678437111769432,0.8990772429064647,4.645083180820616,3.323845980991223,4.645083180820612,,0.0,1.1634976863861084,ok
B_alpha10,0.8,0.5,10.0,17.78279410038923,0.5623413251903491,0.6,20,200,5,1.0,predictive,P1+P2 (protect),coarse,0.0005623413251903491,10,30.0,True,True,4.213293559115862e-07,6.558039905391572e-07,52.26878591697925,9.999993441960093,8.404672630400679,0.00947825654995055,1.585855671089277,49.99996720980041,1.0453764039016036,0.49999967209800467,5.6593544585526345,5.91615561228626,6.3781747623086375e-06,7.303872280551505e-06,0.09478256549950549,0.1254517847407684,0.09478256549950535,,0.0,1.1591627597808838,ok
B_alpha10,0.8,0.5,10.0,17.78279410038923,0.5623413251903491,0.6,20,200,5,1.0,predictive,P1+P2 (protect),coarse,0.0023713737056616554,10,30.0,True,True,4.399820420453542e-07,6.848371111309208e-07,52.38602854924399,9.999993151628875,6.509777330209053,0.0316783625976167,3.4585511555644555,49.999965758144405,1.0477212885033012,0.4999996575814437,5.240235504286075,5.4903062946113526,0.00447101262021107,0.006908878319520633,0.316783625976167,0.3652136579189075,0.31678362597616627,,0.0,1.1175034046173096,ok
B_alpha10,0.8,0.5,10.0,17.78279410038923,0.5623413251903491,0.6,20,200,5,1.0,predictive,P1+P2 (protect),coarse,0.01,10,30.0,True,True,4.583077231607798e-07,7.133612446506869e-07,52.581489536687364,9.999992866387574,4.146092389415602,0.0841206369315702,5.769794107265253,49.999964331937704,1.05163054092622,0.4999996433193787,4.7267336849214185,4.970777501888097,0.06445935055799937,0.16459274924363948,0.8412063693157019,0.7176580182568314,0.8412063693157001,,0.0,1.2644376754760742,ok
B_alpha10,0.8,0.5,10.0,17.78279410038923,0.5623413251903491,0.6,20,200,5,1.0,predictive,P1+P2 (protect),coarse,0.042169650342858224,10,30.0,True,True,4.7139566177427947e-07,7.337327716983758e-07,52.794086337205925,9.999992662672284,2.217183123042814,0.16197019226240408,7.620854022022499,49.999963313361356,1.0558825014797142,0.4999996331336142,4.320864700559326,4.562325428581977,0.1483133234307712,0.545338372015986,1.6197019226240408,1.0352421942328625,1.619701922624042,,0.0,1.2580375671386719,ok
B_alpha10,0.8,0.5,10.0,17.78279410038923,0.5623413251903491,0.6,20,200,5,1.0,predictive,P1+P2 (protect),coarse,0.1778279410038923,10,30.0,True,True,4.832280483207803e-07,7.521500175062447e-07,53.072259623792974,9.999992478499784,1.1902023386039864,0.23969209060704863,8.57011309228918,49.99996239249902,1.0614459908424823,0.4999996239249892,4.118411969453783,4.37147187361441,0.19043420678088277,0.7918803580468443,2.3969209060704864,1.393254557151546,2.396920906070489,,0.0,1.415727138519287,ok
B_alpha10,0.8,0.5,10.0,17.78279410038923,0.5623413251903491,0.6,20,200,5,1.0,predictive,P1+P2 (protect),coarse,0.7498942093324559,10,30.0,True,True,4.994349149128096e-07,7.773761918390278e-07,53.39127159541249,9.999992226238074,0.7150510775372461,0.3095641548163261,8.975392541408352,49.99996113119047,1.0678262620109618,0.49999961131190374,4.037493950628305,4.311342073191294,0.20381922896542662,0.8759717265515827,3.095641548163261,1.8497507724857298,3.095641548163264,,0.0,1.253998041152954,ok
B_alpha10,0.8,0.5,10.0,17.78279410038923,0.5623413251903491,0.6,20,200,5,1.0,predictive,P1+P2 (protect),coarse,3.1622776601683795,10,30.0,True,True,5.242060044276217e-07,8.159326776943222e-07,53.67778286109511,9.99999184067322,0.4448927983728375,0.3662247263982348,9.188890634555708,49.999959203366174,1.0735565331717578,0.49999959203366096,3.997852581486857,4.291920757512792,0.2070987082338128,0.8982048658385337,3.662247263982348,2.336723472869621,3.662247263982344,,0.0,1.2328827381134033,ok
B_alpha10,0.8,0.5,10.0,17.78279410038923,0.5623413251903491,0.6,20,200,5,1.0,predictive,P1+P2 (protect),coarse,13.33521432163324,10,30.0,True,True,5.571239917383099e-07,8.671699037102004e-07,53.96138660721429,9.999991328300952,0.2942743610280315,0.41977819601623595,9.28595611465478,49.99995664150465,1.0792286680189094,0.4999995664150476,3.984009710308368,4.299657493030501,0.20735926541339195,0.9014115766996488,4.197781960162359,2.8630272504525274,4.197781960162363,,0.0,1.266984224319458,ok
B_alpha10,0.8,0.5,10.0,17.78279410038923,0.5623413251903491,0.6,20,200,5,1.0,predictive,P1+P2 (protect),coarse,56.23413251903491,10,30.0,True,True,5.88524141169548e-07,9.1604459760169e-07,54.207263267413985,9.999990839554025,0.2262158445517224,0.4655699984803919,9.30822331741386,49.99995419777009,1.0841462584746036,0.49999954197770125,3.985873143824914,4.321269455632186,0.20692891635094202,0.900023227614438,4.655699984803919,3.330672736405867,4.6556999848039125,,0.0,1.120173692703247,ok
B_alpha10,0.8,0.5,10.0,17.78279410038923,0.5623413251903491,0.6,20,200,5,1.0,predictive,P1+P2 (protect),coarse,0.0005623413251903491,10,100.0,True,True,4.3643187183585286e-07,6.79311230350131e-07,52.3581440820861,9.999993206887714,6.887322743210032,0.026090321135855115,3.086593728766398,49.99996603443849,1.0471635929917105,0.4999996603443857,5.323304247861566,5.574370402778753,0.0020800703321507408,0.00300468899790134,0.26090321135855116,0.3107192593800619,0.26090321135855143,,0.0,1.1457831859588623,ok
B_alpha10,0.8,0.5,10.0,17.78279410038923,0.5623413251903491,0.6,20,200,5,1.0,predictive,P1+P2 (protect),coarse,0.0023713737056616554,10,100.0,True,True,4.551688013458072e-07,7.084754767278919e-07,52.5456244699177,9.999992915245224,4.5459031768999365,0.07262809501814071,5.381475812836698,49.999964576226155,1.0509132339446086,0.4999996457622612,4.812605253309322,5.057630550454112,0.04959731671845921,0.11657179224068485,0.7262809501814071,0.6555775712684505,0.7262809501814087,,0.0,1.2211215496063232,ok
B_alpha10,0.8,0.5,10.0,17.78279410038923,0.5623413251903491,0.6,20,200,5,1.0,predictive,P1+P2 (protect),coarse,0.01,10,100.0,True,True,4.682787381399846e-07,7.28881244197166e-07,52.74981064665481,9.999992711187545,2.4979351735240463,0.14760142399549972,7.354470691292908,49.99996355593776,1.0549969819006095,0.49999963555937726,4.378796642871063,4.619617242585493,0.13704373076099458,0.48445244935396486,1.4760142399549971,0.9713824699942005,1.4760142399549943,,0.0,1.2872340679168701,ok
B_alpha10,0.8,0.5,10.0,17.78279410038923,0.5623413251903491,0.6,20,200,5,1.0,predictive,P1+P2 (protect),coarse,0.042169650342858224,10,100.0,True,True,4.776490143412464e-07,7.434661869230569e-07,53.003753366077184,9.999992565338145,1.3593684055489947,0.22414301953387283,8.416496009578987,49.99996282669072,1.0600758554520964,0.49999962826690725,4.150727697071168,4.400086214221428,0.18613853458965793,0.7659502514529537,2.2414301953387286,1.2904368357867493,2.241430195338743,,0.0,1.1518170833587646,ok
B_alpha10,0.8,0.5,10.0,17.78279410038923,0.5623413251903491,0.6,20,200,5,1.0,predictive,P1+P2 (protect),coarse,0.1778279410038923,10,100.0,True,True,4.870530893731783e-07,7.581037379171893e-07,53.285063234831505,9.999992418962604,0.8824969566899515,0.28896127370970753,8.828549350637736,49.99996209481309,1.0657020726093551,0.4999996209481302,4.067521532836708,4.334766127927261,0.20275535678909,0.8689127918558976,2.8896127370970754,1.6588260921990692,2.889612737097081,,0.0,1.1098928451538086,ok
B_alpha10,0.8,0.5,10.0,17.78279410038923,0.5623413251903491,0.6,20,200,5,1.0,predictive,P1+P2 (protect),coarse,0.7498942093324559,10,100.0,True,True,5.010844633920312e-07,7.79943733027495e-07,53.49920396722042,9.999992200562694,0.6232802030867572,0.3328978041311573,9.043829792219391,49.999961002813336,1.0699849138724367,0.4999996100281347,4.025564518418729,4.307293304528201,0.2072192279022742,0.8980662914878369,3.328978041311573,1.9949499479872974,3.3289780413115837,,0.0,1.333484411239624,ok
B_alpha10,0.8,0.5,10.0,17.78279410038923,0.5623413251903491,0.6,20,200,5,1.0,predictive,P1+P2 (protect),coarse,3.1622776601683795,10,100.0,True,True,5.24657632609524e-07,8.166356421561196e-07,53.708701974272806,9.999991833643582,0.4216004083212117,0.37282899790535234,9.205578760129853,49.99995916821799,1.0741749166949768,0.4999995916821791,3.995081169158134,4.291415982070109,0.2079735704652594,0.9039388993719912,3.7282899790535233,2.379549468885606,3.7282899790535255,,0.0,1.274904727935791,ok
B_alpha10,0.8,0.5,10.0,17.78279410038923,0.5623413251903491,0.6,20,200,5,1.0,predictive,P1+P2 (protect),coarse,13.33521432163324,10,100.0,True,True,5.572261165635022e-07,8.67328862175713e-07,53.968858812603024,9.999991326711376,0.2887595426438496,0.42137318217844055,9.289875948466335,49.999956633556835,1.0793781124278519,0.4999995663355688,3.9833653157583337,4.299557335633804,0.20757223519313078,0.902806183096771,4.213731821784405,2.8733773363594546,4.213731821784404,,0.0,1.1974189281463623,ok
B_alpha10,0.8,0.5,10.0,17.78279410038923,0.5623413251903491,0.6,20,200,5,1.0,predictive,P1+P2 (protect),coarse,56.23413251903491,10,100.0,True,True,5.885464714272911e-07,9.160793549048105e-07,54.20901343311663,9.999990839206472,0.2249202869738614,0.46594406730492954,9.309144806514738,49.999954196032135,1.0841812618584061,0.4999995419603236,3.9857215238480155,4.321244591141751,0.2069797848007608,0.9003557423576354,4.659440673049295,3.333083289291139,4.659440673049285,,0.0,1.114300012588501,ok
B_alpha10,0.8,0.5,10.0,17.78279410038923,0.5623413251903491,0.6,20,200,5,1.0,predictive,P1+P2 (protect),coarse,0.0005623413251903491,20,3.0,True,True,4.0217268169105145e-07,6.259864066963111e-07,52.21183694173308,9.999993740135935,9.979419884550637,0.0010768371081285551,0.019509538205300103,49.999968700679645,1.0442373925130752,0.49999968700679676,6.011439888548232,6.277370314466697,0.010522627134026956,0.010971019568224204,0.010768371081285552,0.00020320698238481807,0.010768371081285567,,0.0,7.445716142654419,ok
B_alpha10,0.8,0.5,10.0,17.78279410038923,0.5623413251903491,0.6,20,200,5,1.0,predictive,P1+P2 (protect),coarse,0.0023713737056616554,20,3.0,True,True,4.0217288268839774e-07,6.259867195509933e-07,52.211837614823686,9.999993740132803,9.914074282434665,0.004496846682142451,0.0814351307503891,49.999968700664034,1.0442374059752217,0.49999968700664016,5.997984560056555,6.2633198380728885,0.03890817401254728,0.0457943393432197,0.04496846682142451,0.0008282318912756625,0.04496846682142453,,0.0,7.217722654342651,ok
B_alpha10,0.8,0.5,10.0,17.78279410038923,0.5623413251903491,0.6,20,200,5,1.0,predictive,P1+P2 (protect),coarse,0.01,20,3.0,True,True,4.021737285130089e-07,6.259880360867326e-07,52.21184047983534,9.999993740119645,9.652342150019292,0.01821753968818168,0.32944657017288037,49.9999687005982,1.0442374632768654,0.4999996870059823,5.944099637920699,6.207051527367245,0.10873650513305225,0.18526142085043837,0.1821753968818168,0.0030961079996560644,0.182175396881817,,0.0,7.517437696456909,ok
B_alpha10,0.8,0.5,10.0,17.78279410038923,0.5623413251903491,0.6,20,200,5,1.0,predictive,P1+P2 (protect),coarse,0.042169650342858224,20,3.0,True,True,4.021779057759441e-07,6.259945380445547e-07,52.21195892206188,9.99999374005462,8.745421223489954,0.06592940268501221,1.1886556337704128,49.99996870027312,1.0442398321296684,0.499999687002731,5.757447866171899,6.012156393266661,0.19430594882105773,0.6684301842894286,0.6592940268501222,0.009532281815355929,0.6592940268501222,,0.0,7.409024953842163,ok
B_alpha10,0.8,0.5,10.0,17.78279410038923,0.5623413251903491,0.6,20,200,5,1.0,predictive,P1+P2 (protect),coarse,0.1778279410038923,20,3.0,True,True,4.0226222953713894e-07,6.261257889491258e-07,52.22484764185938,9.999993738742111,6.718116771259237,0.17537124745671046,3.1065182425419406,49.999968693710585,1.044497606824075,0.49999968693710556,5.341260253705862,5.578933552420324,0.24699220055635987,1.746923585239016,1.7537124745671044,0.03304203599867028,1.7537124745671098,,0.0,7.4482338428497314,ok
B_alpha10,0.8,0.5,10.0,17.78279410038923,0.5623413251903491,0.6,20,200,5,1.0,predictive,P1+P2 (protect),coarse,0.7498942093324559,20,3.0,True,True,4.028552442016502e-07,6.270488230979949e-07,52.32401620815334,9.999993729511779,4.669400535482065,0.3030944716507655,5.02751126335539,49.999968647558845,1.046480980357734,0.49999968647558896,4.927115829871421,5.156133003979955,0.2689566046843719,2.8271773462446874,3.030944716507655,0.1353182951530788,3.0309447165076464,,0.0,7.162644147872925,ok
B_alpha10,0.8,0.5,10.0,17.78279410038923,0.5623413251903491,0.6,20,200,5,1.0,predictive,P1+P2 (protect),coarse,3.1622776601683795,20,3.0,True,True,4.042748099931566e-07,6.292583935867984e-07,52.53220006909682,9.999993707416062,3.679150818106652,0.3964142306682204,5.924441243809065,49.999968537080356,1.050644662508908,0.4999996853708031,4.738813731315972,4.978809353431049,0.27659399548144364,3.3315581400559355,3.964142306682204,0.3729447760530456,3.9641423066822217,,0.0,7.266947269439697,ok
B_alpha10,0.8,0.5,10.0,17.78279410038923,0.5623413251903491,0.6,20,200,5,1.0,predictive,P1+P2 (protect),coarse,13.33521432163324,20,3.0,True,True,4.057501889598128e-07,6.315548379249388e-07,52.71759470376142,9.999993684451603,3.3474960162924106,0.45015995979087864,6.202350339465108,49.99996842225806,1.0543525599566894,0.4999996842225801,4.6842036984856605,4.938802160856949,0.27897055351745725,3.4878379091895972,4.501599597908786,0.618202378269744,4.501599597908796,,0.0,7.372384071350098,ok
B_alpha10,0.8,0.5,10.0,17.78279410038923,0.5623413251903491,0.6,20,200,5,1.0,predictive,P1+P2 (protect),coarse,56.23413251903491,20,3.0,True,True,4.0639532099274284e-07,6.325589933574411e-07,52.79032684753686,9.999993674410085,3.25433105971304,0.469084028705024,6.27659123717185,49.999968372050205,1.0558072048110825,0.49999968372050424,4.670301869915764,4.9309383628997345,0.2796449212023593,3.529586633989342,4.69084028705024,0.7214724999345724,4.6908402870502375,,0.0,7.167079448699951,ok
B_alpha10,0.8,0.5,10.0,17.78279410038923,0.5623413251903491,0.6,20,200,5,1.0,predictive,P1+P2 (protect),coarse,0.0005623413251903491,20,10.0,True,True,4.0217282749617077e-07,6.259866336436568e-07,52.21183742984217,9.999993740133668,9.931891347076512,0.0035640808014836952,0.06455083198833655,49.999968700668305,1.0442374022754999,0.4999996870066834,6.001653174719494,6.267150720527591,0.03182845825686062,0.03629960040246453,0.035640808014836954,0.0006606564517126385,0.03564080801483699,,0.0,7.361193895339966,ok
B_alpha10,0.8,0.5,10.0,17.78279410038923,0.5623413251903491,0.6,20,200,5,1.0,predictive,P1+P2 (protect),coarse,0.0023713737056616554,20,10.0,True,True,4.021734964193101e-07,6.259876748302198e-07,52.21183968252055,9.999993740123259,9.722108739972514,0.014557277900697229,0.26334024200352957,49.999968700616215,1.0442374473301834,0.49999968700616293,5.958461958189567,6.2220491052338796,0.09462876142825527,0.14808710066421885,0.1455727790069723,0.002522240348223377,0.14557277900697227,,0.0,7.3759541511535645,ok
B_alpha10,0.8,0.5,10.0,17.78279410038923,0.5623413251903491,0.6,20,200,5,1.0,predictive,P1+P2 (protect),coarse,0.01,20,10.0,True,True,4.021765026987289e-07,6.259923541387254e-07,52.21188239774781,9.999993740076471,8.967506013946123,0.054222965674014995,0.9782772803033914,49.99996870038229,1.0442383016401489,0.4999996870038236,5.803146143702145,6.059867473269107,0.18191276638876308,0.5501257422094271,0.5422296567401499,0.00804203823694557,0.5422296567401507,,0.0,7.392230987548828,ok
B_alpha10,0.8,0.5,10.0,17.78279410038923,0.5623413251903491,0.6,20,200,5,1.0,predictive,P1+P2 (protect),coarse,0.042169650342858224,20,10.0,True,True,4.022289472013486e-07,6.260739846105036e-07,52.219361472249375,9.999993739260148,7.102541960632422,0.15400320146550395,2.7434610986419266,49.99996869630074,1.0443878833090716,0.4999996869630074,5.419948005589177,5.660528025202504,0.24096135405322686,1.542761549818456,1.5400320146550395,0.025977247422982228,1.5400320146550435,,0.0,7.167835712432861,ok
B_alpha10,0.8,0.5,10.0,17.78279410038923,0.5623413251903491,0.6,20,200,5,1.0,predictive,P1+P2 (protect),coarse,0.1778279410038923,20,10.0,True,True,4.0270286168813595e-07,6.268116379623112e-07,52.299171992755106,9.99999373188364,4.934868674678662,0.28417553477289564,4.7809620586648025,49.99996865941803,1.0459840954901078,0.499999686594182,4.979889115460933,5.2088848120764375,0.2667038031547035,2.688532539754337,2.8417553477289563,0.10996582524780507,2.8417553477289657,,0.0,7.4203040599823,ok
B_alpha10,0.8,0.5,10.0,17.78279410038923,0.5623413251903491,0.6,20,200,5,1.0,predictive,P1+P2 (protect),coarse,0.7498942093324559,20,10.0,True,True,4.0400017226519697e-07,6.288309168030925e-07,52.49460990532611,9.99999371169086,3.7799952012722096,0.3836923914770521,5.8363186955598785,49.999968558454086,1.0498928583116123,0.49999968558454305,4.756779858533666,4.994109202035018,0.2758575604192042,3.2820031894943327,3.8369239147705207,0.32677938635403514,3.836923914770516,,0.0,7.4305830001831055,ok
B_alpha10,0.8,0.5,10.0,17.78279410038923,0.5623413251903491,0.6,20,200,5,1.0,predictive,P1+P2 (protect),coarse,3.1622776601683795,20,10.0,True,True,4.055636047511782e-07,6.312644174572569e-07,52.69561322244675,9.999993687355806,3.3781453484325543,0.44427841143458074,6.177582552777059,49.9999684367792,1.0539129297466652,0.4999996843677903,4.688906476565412,4.9416991620251665,0.27875212304525065,3.4739099592014138,4.442784114345807,0.5877097672875945,4.4427841143457885,,0.0,7.1514928340911865,ok
B_alpha10,0.8,0.5,10.0,17.78279410038923,0.5623413251903491,0.6,20,200,5,1.0,predictive,P1+P2 (protect),coarse,13.33521432163324,20,10.0,True,True,4.063352833544145e-07,6.324655440825567e-07,52.783772507027265,9.999993675344546,3.2623163225956406,0.46740792608051385,6.270282075979299,49.99996837672276,1.0556761178193161,0.4999996837672273,4.6714730686855,4.931562553647396,0.27958587798117335,3.526038731923444,4.674079260805138,0.7120289047176214,4.67407926080515,,0.0,7.415273427963257,ok
B_alpha10,0.8,0.5,10.0,17.78279410038923,0.5623413251903491,0.6,20,200,5,1.0,predictive,P1+P2 (protect),coarse,56.23413251903491,20,10.0,True,True,4.065606060568215e-07,6.328162614615399e-07,52.808146259092894,9.999993671837395,3.2329530654629077,0.4736140808908052,6.293439181808893,49.999968359186894,1.0561635935393554,0.49999968359186975,4.667182459002395,4.929308197603815,0.27980529009559135,3.539060929503254,4.736140808908052,0.7472665286010053,4.736140808908096,,0.0,7.261041641235352,ok
B_alpha10,0.8,0.5,10.0,17.78279410038923,0.5623413251903491,0.6,20,200,5,1.0,predictive,P1+P2 (protect),coarse,0.0005623413251903491,20,30.0,True,True,4.0217324357995167e-07,6.259872812828493e-07,52.2118388275248,9.999993740127174,9.799853513717311,0.010480751244207978,0.1896719949113077,49.99996870063587,1.0442374302298474,0.49999968700635866,5.974467553718272,6.2387626452863705,0.07570301295116938,0.1066604009699136,0.10480751244207978,0.0018585024668755547,0.10480751244207992,,0.0,7.303929567337036,ok
B_alpha10,0.8,0.5,10.0,17.78279410038923,0.5623413251903491,0.6,20,200,5,1.0,predictive,P1+P2 (protect),coarse,0.0023713737056616554,20,30.0,True,True,4.0217527357374144e-07,6.259904409915401e-07,52.21185060397613,9.999993740095578,9.231003667077195,0.04035466156660682,0.7286479312606211,49.99996870047792,1.04423766576232,0.49999968700477887,5.857373847305558,6.116490393807616,0.16235610253384258,0.4097488432623005,0.4035466156660682,0.006243570186340584,0.4035466156660687,,0.0,7.244100332260132,ok
B_alpha10,0.8,0.5,10.0,17.78279410038923,0.5623413251903491,0.6,20,200,5,1.0,predictive,P1+P2 (protect),coarse,0.01,20,30.0,True,True,4.021999134032526e-07,6.260287931696895e-07,52.21479590208354,9.999993739712068,7.638633094032139,0.12482240880540456,2.23655075745039,49.99996869856037,1.0442965718013926,0.4999996869856034,5.529912337936121,5.7748684968689155,0.23057788034314938,1.257704916800121,1.2482240880540456,0.018768259833388732,1.248224088054045,,0.0,7.714731216430664,ok
B_alpha10,0.8,0.5,10.0,17.78279410038923,0.5623413251903491,0.6,20,200,5,1.0,predictive,P1+P2 (protect),coarse,0.042169650342858224,20,30.0,True,True,4.0252389503420587e-07,6.265330743061784e-07,52.26928103546124,9.999993734669259,5.3761764926692335,0.2549768581422446,4.368852914519263,49.999968673346274,1.0453862756783021,0.49999968673346296,5.068464746113536,5.2985034843464005,0.26267640278128856,2.456786537512465,2.5497685814224456,0.07993276535611514,2.5497685814224518,,0.0,7.435531377792358,ok
B_alpha10,0.8,0.5,10.0,17.78279410038923,0.5623413251903491,0.6,20,200,5,1.0,predictive,P1+P2 (protect),coarse,0.1778279410038923,20,30.0,True,True,4.036220445342992e-07,6.282423566389993e-07,52.44098867921544,9.999993717576436,3.961722708668229,0.363532238610442,5.674751335144893,49.999968587882144,1.0488204324977295,0.49999968587882176,4.79019559141019,5.024055011931552,0.27451054443403955,3.191147185931062,3.63532238610442,0.26327911752050465,3.635322386104443,,0.0,7.253475189208984,ok
B_alpha10,0.8,0.5,10.0,17.78279410038923,0.5623413251903491,0.6,20,200,5,1.0,predictive,P1+P2 (protect),coarse,0.7498942093324559,20,30.0,True,True,4.052472320883322e-07,6.307719797671759e-07,52.657379717593244,9.9999936922802,3.4353469425680108,0.43381659238486747,6.130842772766924,49.999968461401004,1.0531482586482772,0.49999968461400995,4.6978770369084035,4.947561020763813,0.27834516683775373,3.447626249371394,4.338165923848675,0.5355357507351951,4.3381659238486785,,0.0,7.271881818771362,ok
B_alpha10,0.8,0.5,10.0,17.78279410038923,0.5623413251903491,0.6,20,200,5,1.0,predictive,P1+P2 (protect),coarse,3.1622776601683795,20,30.0,True,True,4.062228410937015e-07,6.322905264099343e-07,52.77137920898461,9.999993677094748,3.2776084260340115,0.464223872835874,6.258174024035367,49.99996838547376,1.0554282515169753,0.4999996838547374,4.673725644035075,4.932782084553988,0.2794737545427571,3.519229873947843,4.64223872835874,0.6942416922996492,4.642238728358749,,0.0,7.2705607414245605,ok
B_alpha10,0.8,0.5,10.0,17.78279410038923,0.5623413251903491,0.6,20,200,5,1.0,predictive,P1+P2 (protect),coarse,13.33521432163324,20,30.0,True,True,4.0653114527491587e-07,6.32770405415512e-07,52.804994118562746,9.99999367229594,3.236700704410993,0.47281558177295757,6.29049004152011,49.99996836147965,1.0561005506404302,0.49999968361479696,4.667727661851491,4.9295897539209275,0.27977688202049616,3.5374025060451073,4.728155817729576,0.7426915917061336,4.728155817729612,,0.0,7.4100611209869385,ok
B_alpha10,0.8,0.5,10.0,17.78279410038923,0.5623413251903491,0.6,20,200,5,1.0,predictive,P1+P2 (protect),coarse,56.23413251903491,20,30.0,True,True,4.066097101944753e-07,6.328926926168172e-07,52.81337712182058,9.999993671073076,3.226765095551896,0.4749364661692341,6.298304767205794,49.99996835536534,1.0562682109408443,0.4999996835536538,4.666283717375725,4.92884715389485,0.27985254782679797,3.5417970492431734,4.749364661692341,0.7548693060941242,4.7493646616923355,,0.0,7.4285032749176025,ok
B_alpha10,0.8,0.5,10.0,17.78279410038923,0.5623413251903491,0.6,20,200,5,1.0,predictive,P1+P2 (protect),coarse,0.0005623413251903491,20,100.0,True,True,4.021747020617187e-07,6.259895514265009e-07,52.21184492345643,9.999993740104486,9.377006982029988,0.0326781944123806,0.590321083453146,49.9999687005224,1.044237552150926,0.4999996870052243,5.8874242450018315,6.147869482074726,0.14801459262811215,0.33196194035683985,0.326781944123806,0.0052030949408182064,0.32678194412380623,,0.0,7.629917860031128,ok
B_alpha10,0.8,0.5,10.0,17.78279410038923,0.5623413251903491,0.6,20,200,5,1.0,predictive,P1+P2 (protect),coarse,0.0023713737056616554,20,100.0,True,True,4.02189055166789e-07,6.26011892199694e-07,52.21323166345221,9.999993739881084,7.98215452919404,0.10639933615949326,1.9114523947653828,49.9999686994054,1.0442652869915323,0.4999996869940542,5.600479944661561,5.848386796702327,0.22216030665557673,1.0748886727106288,1.0639933615949326,0.015325462905126382,1.0639933615949344,,0.0,7.4174964427948,ok
B_alpha10,0.8,0.5,10.0,17.78279410038923,0.5623413251903491,0.6,20,200,5,1.0,predictive,P1+P2 (protect),coarse,0.01,20,100.0,True,True,4.02427232833657e-07,6.263826184787749e-07,52.25287248899871,9.99999373617381,5.716474262160501,0.23377285238880782,4.0497591492768805,49.999968680869074,1.0450581043862062,0.4999996868086905,5.137259557820036,5.368734735235326,0.2592695264868473,2.2773469267060937,2.337728523888078,0.06335851841577965,2.3377285238880803,,0.0,7.281613826751709,ok
B_alpha10,0.8,0.5,10.0,17.78279410038923,0.5623413251903491,0.6,20,200,5,1.0,predictive,P1+P2 (protect),coarse,0.042169650342858224,20,100.0,True,True,4.033824669810332e-07,6.278694514206263e-07,52.40574717818023,9.999993721305465,4.1161770203075525,0.34842821744922975,5.535401040937752,49.99996860652736,1.048115601643374,0.49999968606527323,4.81935982219013,5.051246219570712,0.27334374687106633,3.1127847568209432,3.4842821744922974,0.22315678034447897,3.4842821744922956,,0.0,7.41609525680542,ok
B_alpha10,0.8,0.5,10.0,17.78279410038923,0.5623413251903491,0.6,20,200,5,1.0,predictive,P1+P2 (protect),coarse,0.1778279410038923,20,100.0,True,True,4.0500042143034597e-07,6.303878161380782e-07,52.62671479314199,9.999993696121859,3.4857286951064554,0.4251676214120726,6.089109987359613,49.999968480609155,1.052534959368055,0.4999996848060929,4.705990717038082,4.9532197481441225,0.2779861710266436,3.424158179521573,4.251676214120726,0.49451168454418987,4.251676214120744,,0.0,7.335426092147827,ok
B_alpha10,0.8,0.5,10.0,17.78279410038923,0.5623413251903491,0.6,20,200,5,1.0,predictive,P1+P2 (protect),coarse,0.7498942093324559,20,100.0,True,True,4.06123775323197e-07,6.321363293982386e-07,52.760332413899306,9.999993678636729,3.291467389402183,0.46136897301887003,6.247169958942219,49.999968393183515,1.0552073153128656,0.49999968393183647,4.675778675209932,4.93391586286542,0.2793729868511052,3.5130418334009144,4.6136897301887005,0.6784669106686341,4.613689730188692,,0.0,7.248024940490723,ok
B_alpha10,0.8,0.5,10.0,17.78279410038923,0.5623413251903491,0.6,20,200,5,1.0,predictive,P1+P2 (protect),coarse,3.1622776601683795,20,100.0,True,True,4.0650435733370263e-07,6.327287096767767e-07,52.802118937822335,9.999993672712886,3.2401315555875785,0.47208617891942445,6.287788592780111,49.999968363564356,1.0560430469452045,0.4999996836356443,4.668227379978607,4.9298490661856365,0.2797509985741265,3.5358833697807133,4.720861789194244,0.738523045893304,4.720861789194234,,0.0,7.835831642150879,ok
B_alpha10,0.8,0.5,10.0,17.78279410038923,0.5623413251903491,0.6,20,200,5,1.0,predictive,P1+P2 (protect),coarse,13.33521432163324,20,100.0,True,True,4.0660315196847455e-07,6.328824846625844e-07,52.81268016053449,9.999993671175142,3.2275873644985342,0.4747604658786706,6.297658498447653,49.99996835587573,1.0562542716955186,0.4999996835587571,4.666403038831987,4.928908143219235,0.2798462403820269,3.5414336256132986,4.747604658786706,0.7538555472132152,4.747604658786706,,0.0,7.475259065628052,ok
B_alpha10,0.8,0.5,10.0,17.78279410038923,0.5623413251903491,0.6,20,200,5,1.0,predictive,P1+P2 (protect),coarse,56.23413251903491,20,100.0,True,True,4.066271018382052e-07,6.329197629104005e-07,52.815222910020545,9.999993670802374,3.2245907138403287,0.47540228439925813,6.3000133309580395,49.99996835401187,1.0563051267568009,0.4999996835401187,4.6659683411905215,4.928686280084474,0.27986927217175994,3.542757845247808,4.754022843992582,0.7575551892654544,4.7540228439925984,,0.0,7.305948495864868,ok
B_alpha10,0.8,0.5,10.0,17.78279410038923,0.5623413251903491,0.6,20,200,5,1.0,base,Base,fine,3.651741272548377,0,1.0,False,False,5.317119955668543e-07,8.276158392702274e-07,53.674249857837715,9.999991723841573,0.764513442593076,0.2791805291735178,8.956314304391833,49.99995861920803,1.0734858855906766,0.4999995861920786,4.037228242176301,4.333907534884317,0.0,0.0,,,,,1.7843986283166815e-95,0.4098176956176758,ok
B_alpha10,0.8,0.5,10.0,17.78279410038923,0.5623413251903491,0.6,20,200,5,1.0,base,Base,fine,4.216965034285822,0,1.0,False,False,5.354926513275766e-07,8.33500473463548e-07,53.73322620060763,9.999991664995209,0.6890875149856578,0.2905857956257417,9.020335024393392,49.99995832497633,1.0746654197462886,0.49999958324976046,4.02450118797485,4.324992258444429,0.0,0.0,,,,,2.1749674807967653e-95,0.39300036430358887,ok
B_alpha10,0.8,0.5,10.0,17.78279410038923,0.5623413251903491,0.6,20,200,5,1.0,base,Base,fine,4.869675251658631,0,1.0,False,False,5.393385712509134e-07,8.39486692076929e-07,53.79277474819857,9.999991605133046,0.6203674914867683,0.3020988220226649,9.077542081357523,49.999958025665435,1.0758563981310993,0.49999958025665225,4.013327420471521,4.317763983109266,0.0,0.0,,,,,2.5981408429827504e-95,0.43671202659606934,ok
B_alpha10,0.8,0.5,10.0,17.78279410038923,0.5623413251903491,0.6,20,200,5,1.0,base,Base,fine,5.623413251903491,0,1.0,False,False,5.432440896244461e-07,8.45565676363799e-07,53.85275439996536,9.999991544343203,0.5578319758834043,0.31369197255182246,9.12848450722157,49.99995772171618,1.0770559987208914,0.49999957721716015,4.003578928457777,4.312078701248008,0.0,0.0,,,,,3.0461664132231425e-95,0.3812410831451416,ok
B_alpha10,0.8,0.5,10.0,17.78279410038923,0.5623413251903491,0.6,20,200,5,1.0,base,Base,fine,6.493816315762113,0,1.0,False,False,5.472018469522826e-07,8.517259711841203e-07,53.91298627848965,9.999991482740256,0.5009846528570481,0.325330231266951,9.173693633135745,49.99995741370145,1.078260643952387,0.4999995741370128,3.9951305839011453,4.307792076071125,0.0,0.0,,,,,3.5102002121419466e-95,0.37062931060791016,ok
B_alpha10,0.8,0.5,10.0,17.78279410038923,0.5623413251903491,0.6,20,200,5,1.0,base,Base,fine,7.498942093324558,0,1.0,False,False,5.51202744740033e-07,8.579534146266841e-07,53.97325502938004,9.999991420465834,0.44935867275524455,0.3369714666124755,9.213678440166447,49.99995710232926,1.0794660267191645,0.49999957102329173,3.987861230553213,4.304760717652675,0.0,0.0,,,,,3.980917017249504e-95,0.4397561550140381,ok
B_alpha10,0.8,0.5,10.0,17.78279410038923,0.5623413251903491,0.6,20,200,5,1.0,base,Base,fine,8.659643233600654,0,1.0,False,False,5.552359379322107e-07,8.642311262378381e-07,54.03331233665169,9.99999135768871,0.40251904810851546,0.34856713513482657,9.248922459067947,49.9999567884437,1.0806671806792483,0.4999995678844355,3.981654489156497,4.302843331235624,0.0,0.0,,,,,4.449138445269146e-95,0.3878147602081299,ok
B_alpha10,0.8,0.5,10.0,17.78279410038923,0.5623413251903491,0.6,20,200,5,1.0,base,Base,fine,10.0,0,1.0,False,False,5.592888690793482e-07,8.70539560202995e-07,54.09288268228397,9.999991294604385,0.36006342968332233,0.3600634296833209,9.279881846028973,49.99995647302197,1.0818585954463857,0.4999995647302192,3.976399364213093,4.301901831101478,0.0,0.0,,,,,4.9064082059347005e-95,0.3801586627960205,ok
B_alpha10,0.8,0.5,10.0,17.78279410038923,0.5623413251903491,0.6,20,200,5,1.0,base,Base,fine,11.547819846894582,0,1.0,False,False,5.633473478620475e-07,8.768566291267318e-07,54.15167121749921,9.99999123143366,0.3216216135732341,0.3714028452411238,9.306984309751984,49.999956157168555,1.0830343740158543,0.49999956157168296,3.971990721510944,4.301802484668387,0.0,0.0,,,,,5.345454549962449e-95,0.407944917678833,ok
B_alpha10,0.8,0.5,10.0,17.78279410038923,0.5623413251903491,0.6,20,200,5,1.0,base,Base,fine,15.39926526059492,0,1.0,False,False,5.714168368219363e-07,8.894168815435204e-07,54.26568550421284,9.999991105831192,0.2554499692984187,0.39337418380371814,9.351184741066671,49.99995552915592,1.0853146753814509,0.4999995552915596,3.9653239292710247,4.303624253079081,0.0,0.0,,,,,6.147395064434372e-95,0.36959314346313477,ok
B_alpha10,0.8,0.5,10.0,17.78279410038923,0.5623413251903491,0.6,20,200,5,1.0,base,Base,fine,17.78279410038923,0,1.0,False,False,5.753926949763157e-07,8.956053505085951e-07,54.32031572584654,9.99999104394646,0.22712438974418117,0.4038906257997322,9.368993940509625,49.999955219732485,1.0864072875091102,0.499999552197323,3.9628879670247836,4.305310366957888,0.0,0.0,,,,,6.503604810667394e-95,0.38863372802734375,ok
B_alpha10,0.8,0.5,10.0,17.78279410038923,0.5623413251903491,0.6,20,200,5,1.0,base,Base,fine,20.53525026457146,0,1.0,False,False,5.793042964496287e-07,9.016938032102221e-07,54.37299373287617,9.999990983061931,0.20161590462885207,0.41402330588714453,9.384369806422072,49.999954915309814,1.0874608552142382,0.4999995491530965,3.9609432210524864,4.307370702620776,0.0,0.0,,,,,6.828044685436365e-95,0.4294583797454834,ok
B_alpha10,0.8,0.5,10.0,17.78279410038923,0.5623413251903491,0.6,20,200,5,1.0,base,Base,fine,23.71373705661655,0,1.0,False,False,5.831321793503056e-07,9.076519469902361e-07,54.42347883617405,9.999990923480532,0.17868381074229675,0.42372609042170545,9.397599175355467,49.99995461740265,1.0884705646759083,0.4999995461740266,3.959418046384696,4.3097099967363315,0.0,0.0,,,,,7.120843037498814e-95,0.36447954177856445,ok
B_alpha10,0.8,0.5,10.0,17.78279410038923,0.5623413251903491,0.6,20,200,5,1.0,base,Base,fine,27.384196342643612,0,1.0,False,False,5.868567537083321e-07,9.134492898349011e-07,54.47156557090236,9.999990865507112,0.158105754523587,0.43295990247757005,9.40894347749173,49.99995432753552,1.0894323065592137,0.49999954327535556,3.9582475906983476,4.312242802666952,0.0,0.0,,,,,7.383057609193494e-95,0.4397401809692383,ok
B_alpha10,0.8,0.5,10.0,17.78279410038923,0.5623413251903491,0.6,20,200,5,1.0,base,Base,fine,31.622776601683793,0,1.0,False,False,5.904587382771562e-07,9.190558202621007e-07,54.51708686905289,9.99999080944177,0.13967568909892555,0.4416933113061563,9.418640190153146,49.99995404720896,1.0903427394668992,0.49999954047208856,3.957373555071254,4.3148935231302525,0.0,0.0,,,,,7.61639464547807e-95,0.3717925548553467,ok
B_alpha10,0.8,0.5,10.0,17.78279410038923,0.5623413251903491,0.6,20,200,5,1.0,base,Base,fine,36.51741272548377,0,1.0,False,False,5.939196613250572e-07,9.244427868088703e-07,54.55991522190707,9.999990755572112,0.12320224235310402,0.4499027132713374,9.426904288803447,49.99995377786069,1.0911993131894748,0.4999995377786056,3.956743893863712,4.3175962194507305,0.0,0.0,,,,,7.822959703417753e-95,0.3896596431732178,ok
B_alpha10,0.8,0.5,10.0,17.78279410038923,0.5623413251903491,0.6,20,200,5,1.0,base,Base,fine,42.169650342858226,0,1.0,False,False,5.972224210480934e-07,9.295835703205943e-07,54.59996251952667,9.99999070416426,0.10850747834293144,0.4575722421306662,9.433929575362143,49.999953520821485,1.092000265496039,0.499999535208213,3.9563125015723917,4.32029430210235,0.0,0.0,,,,,8.005056272876592e-95,0.3863379955291748,ok
B_alpha10,0.8,0.5,10.0,17.78279410038923,0.5623413251903491,0.6,20,200,5,1.0,base,Base,fine,48.69675251658631,0,1.0,False,False,6.003518845336401e-07,9.344546162446483e-07,54.63717922352775,9.999990655453818,0.095425981828968,0.4646935420777514,9.439889820639463,49.999953277269185,1.0927446055907961,0.4999995327726909,3.9560389209767526,4.32294019040458,0.0,0.0,,,,,8.165036038521119e-95,0.47421956062316895,ok
B_alpha10,0.8,0.5,10.0,17.78279410038923,0.5623413251903491,0.6,20,200,5,1.0,predictive,P2 only,fine,1.2115276586285886,0,1000.0,False,False,5.184855694607651e-07,8.070287548489763e-07,53.99115630755358,9.999991929712431,0.3649842571639008,0.34390969028565477,9.291114122838014,49.99995964856227,1.0798239976000876,0.49999959648562153,3.9714361996919703,4.288452113365083,0.0,0.0,3.439096902856548,2.5320681250152486,3.4390969028565466,,0.0,1.0177838802337646,ok
B_alpha10,0.8,0.5,10.0,17.78279410038923,0.5623413251903491,0.6,20,200,5,1.0,predictive,P2 only,fine,1.9573417814876606,0,1000.0,False,False,5.264876641576143e-07,8.194841073196873e-07,54.055694755042026,9.999991805158931,0.3037698501748168,0.3559949045015519,9.3402434401647,49.99995902579462,1.0811147810572221,0.49999959025794655,3.962170716059385,4.283561326203879,0.0,0.0,3.559949045015519,2.6510373270009264,3.5599490450155233,,0.0,0.9691357612609863,ok
B_alpha10,0.8,0.5,10.0,17.78279410038923,0.5623413251903491,0.6,20,200,5,1.0,predictive,P2 only,fine,5.108969774506928,0,1000.0,False,False,5.465518451762455e-07,8.507142359412671e-07,54.227016105614524,9.999991492857632,0.1914200588815643,0.38819496428945044,9.420393483971354,49.999957464288265,1.0845412447469656,0.4999995746428816,3.948932412401134,4.282780073967163,0.0,0.0,3.8819496428945044,2.9596718928612242,3.881949642894498,,0.0,0.9718959331512451,ok
B_alpha10,0.8,0.5,10.0,17.78279410038923,0.5623413251903491,0.6,20,200,5,1.0,predictive,P2 only,fine,8.254041852680185,0,1000.0,False,False,5.582058517467054e-07,8.688538312636499e-07,54.32995149334063,9.999991311461683,0.14514542234795108,0.40758264112920617,9.44728062506116,49.999956557308394,1.086599973963364,0.4999995655730841,3.945782720231752,4.287487401068914,0.0,0.0,4.075826411292062,3.141857446783072,4.075826411292047,,0.0,1.0103259086608887,ok
B_alpha10,0.8,0.5,10.0,17.78279410038923,0.5623413251903491,0.6,20,200,5,1.0,predictive,P1 only (protect),fine,5.108969774506928,5,1.0,True,True,5.400645479400344e-07,8.406166831468441e-07,53.78035867608535,9.999991593833162,0.6040336878523159,0.304797220052856,9.091177498261665,49.99995796916574,1.0756080776958037,0.4999995796916581,4.010657249820093,4.3138953347757285,0.05036857094497824,0.08131234882588603,3.0479722005285597,2.416452086211248,3.0479722005285574,,0.0,0.9730525016784668,ok
B_alpha10,0.8,0.5,10.0,17.78279410038923,0.5623413251903491,0.6,20,200,5,1.0,predictive,P1 only (protect),fine,8.254041852680185,5,1.0,True,True,5.532477104231643e-07,8.611364272425766e-07,53.97756027076077,9.999991388635731,0.4228631175496153,0.3433368233806471,9.233808670434007,49.99995694317865,1.0795521350568837,0.4999995694317866,3.9842773861157004,4.301235158840064,0.05445774513468352,0.08977248713717044,3.433368233806471,2.7085763691988536,3.4333682338064677,,0.0,0.9526841640472412,ok
B_alpha10,0.8,0.5,10.0,17.78279410038923,0.5623413251903491,0.6,20,200,5,1.0,predictive,P1 only (protect),fine,21.544346900318846,5,1.0,True,True,5.79837041115172e-07,9.025230264119971e-07,54.34953616793876,9.99999097476971,0.19887267969948574,0.4154744530614815,9.385661892469322,49.99995487384857,1.0869917043938202,0.4999995487384855,3.960869981624019,4.305432812207812,0.05909546821772779,0.09981428637456828,4.154744530614815,3.282128045062702,4.154744530614806,,0.0,1.0960252285003662,ok
B_alpha10,0.8,0.5,10.0,17.78279410038923,0.5623413251903491,0.6,20,200,5,1.0,predictive,P1 only (protect),fine,34.807005884284116,5,1.0,True,True,5.919844815207781e-07,9.214306571764686e-07,54.50369383025096,9.999990785693422,0.13363633298728367,0.4451682568317795,9.421204624487515,49.99995392846708,1.0900748810334346,0.4999995392846711,3.95731764989456,4.313772566420324,0.06030733070733985,0.10251691769866043,4.451682568317795,3.5292442411789398,4.451682568317798,,0.0,0.993013858795166,ok
B_alpha10,0.8,0.5,10.0,17.78279410038923,0.5623413251903491,0.6,20,200,5,1.0,predictive,P1+P2 (protect),fine,1.2115276586285886,5,100.0,True,True,5.173955974186498e-07,8.053322008236216e-07,53.9251359782711,9.999991946677968,0.3916002578610371,0.33734146007221477,9.27106633538878,49.999959733389915,1.0785035881190912,0.49999959733389837,3.974970933240289,4.287020414168744,0.06260373586786616,0.10724981539129574,3.373414600722148,2.4617911191867576,3.3734146007221484,,0.0,1.018932819366455,ok
B_alpha10,0.8,0.5,10.0,17.78279410038923,0.5623413251903491,0.6,20,200,5,1.0,predictive,P1+P2 (protect),fine,1.9573417814876606,5,100.0,True,True,5.255960155503312e-07,8.180962460026615e-07,54.002047372719105,9.999991819037549,0.3216079981749215,0.35189738519543395,9.326502797592097,49.99995909518774,1.0800418310325488,0.4999995909518774,3.9646542080998013,4.281992390327009,0.06281865589450063,0.10774860609052156,3.5189738519543394,2.5983726222430232,3.5189738519543483,,0.0,1.0699529647827148,ok
B_alpha10,0.8,0.5,10.0,17.78279410038923,0.5623413251903491,0.6,20,200,5,1.0,predictive,P1+P2 (protect),fine,5.108969774506928,5,100.0,True,True,5.458286172702162e-07,8.495885233836804e-07,54.1849422603223,9.999991504114758,0.20066677296336383,0.3864007940787282,9.412940928843149,49.99995752057377,1.0836997659053311,0.4999995752057379,3.950343792254046,4.280986642911288,0.06293576346173395,0.10808106865094089,3.864007940787282,2.9244840739954605,3.8640079407872827,,0.0,0.9709193706512451,ok
B_alpha10,0.8,0.5,10.0,17.78279410038923,0.5623413251903491,0.6,20,200,5,1.0,predictive,P1+P2 (protect),fine,8.254041852680185,5,100.0,True,True,5.574990692172002e-07,8.67753716123853e-07,54.289770501371635,9.99999132246283,0.15249520646375972,0.4061603963176604,9.44135307475575,49.9999566123141,1.0857963522312544,0.49999956612314145,3.946906011862835,4.285536150280274,0.06290255986892834,0.10805521228625672,4.061603963176604,3.1103663527436995,4.061603963176609,,0.0,1.1260311603546143,ok
B_alpha10,0.8,0.5,10.0,100.0,0.1,0.6,20,200,5,1.0,base,Base,coarse,0.0001,0,1.0,False,False,4.200584283733796e-06,6.686577650982797e-06,52.62394471197234,9.999933134223475,9.978619446782805,9.978619446782845e-05,0.021347632799252107,49.99966567111749,1.0524859317683553,0.49999665671117377,6.010869181179578,6.326355250891479,0.0,0.0,,,,,6.783411828463954e-147,0.3759756088256836,ok
B_alpha10,0.8,0.5,10.0,100.0,0.1,0.6,20,200,5,1.0,base,Base,coarse,0.00042169650342858224,0,1.0,False,False,4.206077279066437e-06,6.69532151548977e-06,52.62630826448808,9.999933046784822,9.911478834658348,0.0004179635968381826,0.08817015495999161,49.99966523392419,1.0525332123380247,0.49999665233924107,5.995842660236203,6.310823535851778,0.0,0.0,,,,,1.2579381301982754e-134,0.39945459365844727,ok
B_alpha10,0.8,0.5,10.0,100.0,0.1,0.6,20,200,5,1.0,base,Base,coarse,0.0017782794100389228,0,1.0,False,False,4.226139395287337e-06,6.727256810412904e-06,52.63564042272283,9.999932727431869,9.653977664588146,0.0017167469705912746,0.3443728610093943,49.999663637159436,1.0527198903715094,0.4999966363715934,5.938241682784947,6.251305133300897,0.0,0.0,,,,,5.388383310469608e-123,0.44255995750427246,ok
B_alpha10,0.8,0.5,10.0,100.0,0.1,0.6,20,200,5,1.0,base,Base,coarse,0.007498942093324558,0,1.0,False,False,4.28174352473835e-06,6.815768623096119e-06,52.66812106885577,9.99993184231375,8.82939735872807,0.006621113951205449,1.1640496850069755,49.99965921156884,1.0533696009005897,0.4999965921156875,5.754069871857245,6.061162284472374,0.0,0.0,,,,,4.479009890541011e-113,0.37239551544189453,ok
B_alpha10,0.8,0.5,10.0,100.0,0.1,0.6,20,200,5,1.0,base,Base,coarse,0.03162277660168379,0,1.0,False,False,4.384438972039641e-06,6.979241377453564e-06,52.75876812886468,9.999930207586177,6.887093177068437,0.021778900897341448,3.0911977144480445,49.99965103793111,1.0551827269522427,0.4999965103793088,5.321607766236148,5.615268594547291,0.0,0.0,,,,,7.1473837367557215e-106,0.37392497062683105,ok
B_alpha10,0.8,0.5,10.0,100.0,0.1,0.6,20,200,5,1.0,base,Base,coarse,0.1333521432163324,0,1.0,False,False,4.530400645357254e-06,7.211586212545357e-06,52.94555886861391,9.999927884137858,4.116854904526026,0.054899142482921305,5.8283180688531955,49.999639420689384,1.0589188138565961,0.4999963942068929,4.709126929671097,4.986583102667472,0.0,0.0,,,,,3.686471414595632e-101,0.38512420654296875,ok
B_alpha10,0.8,0.5,10.0,100.0,0.1,0.6,20,200,5,1.0,base,Base,coarse,0.5623413251903491,0,1.0,False,False,4.733164934536826e-06,7.5343506359805795e-06,53.25991054706575,9.999924656493612,1.989308541378788,0.11186704013714283,7.8988997619904575,49.9996232824682,1.065206236578601,0.4999962328246806,4.250595577331788,4.52776091814724,0.0,0.0,,,,,3.278956740006246e-98,0.3736896514892578,ok
B_alpha10,0.8,0.5,10.0,100.0,0.1,0.6,20,200,5,1.0,base,Base,coarse,2.371373705661655,0,1.0,False,False,5.015448803603175e-06,7.983695984774668e-06,53.74195034671003,9.999920163040127,0.8435581077326687,0.2000391515874949,8.95648257763971,49.99960081520078,1.0748475881905741,0.49999600815200634,4.025277289520891,4.326559586439821,0.0,0.0,,,,,1.376059542904837e-96,0.38012051582336426,ok
B_alpha10,0.8,0.5,10.0,100.0,0.1,0.6,20,200,5,1.0,base,Base,coarse,10.0,0,1.0,False,False,5.371957359909751e-06,8.551193738406613e-06,54.35652623536651,9.999914488062585,0.31254918889309496,0.3125491888930942,9.374987134151226,49.99957244031314,1.0871398210505594,0.4999957244031292,3.9477874396858113,4.2917969307256785,0.0,0.0,,,,,6.754442993975685e-96,0.4030647277832031,ok
B_alpha10,0.8,0.5,10.0,100.0,0.1,0.6,20,200,5,1.0,predictive,Check,check,0.03162277660168379,0,1.0,False,False,4.384438972039641e-06,6.979241377453565e-06,52.75876812886469,9.999930207586228,6.887093177068419,0.021778900897341517,3.091197714448011,49.99965103793109,1.0551827269522434,0.4999965103793114,5.321607766236163,5.61526859454731,0.0,0.0,0.2177890089734152,0.2570587534636255,0.2177890089734153,1.0774687941532024e-14,0.0,0.9385690689086914,ok
B_alpha10,0.8,0.5,10.0,100.0,0.1,0.6,20,200,5,1.0,predictive,P2 only,coarse,0.0001,0,3.0,False,False,4.203167025115304e-06,6.690688912567576e-06,52.62505107176324,9.999933093110883,9.942379095945057,0.00024842457200760856,0.057439386372053036,49.99966546555434,1.052508063439296,0.49999665465554416,6.002749662514466,6.317942422603989,0.0,0.0,0.0024842457200760855,0.003446335148298927,0.0024842457200760833,,0.0,1.000905990600586,ok
B_alpha10,0.8,0.5,10.0,100.0,0.1,0.6,20,200,5,1.0,predictive,P2 only,coarse,0.00042169650342858224,0,3.0,False,False,4.215717182603744e-06,6.7106665149456905e-06,52.63073132329779,9.999932893334853,9.769202532933791,0.0010300377481072256,0.2298345359832492,49.99966446667426,1.0526216902590853,0.49999664466674265,5.963976903828039,6.277811449173616,0.0,0.0,0.010300377481072256,0.014236805183927373,0.010300377481072253,,0.0,0.938838005065918,ok
B_alpha10,0.8,0.5,10.0,100.0,0.1,0.6,20,200,5,1.0,predictive,P2 only,coarse,0.0017782794100389228,0,3.0,False,False,4.253484682496453e-06,6.77078560877949e-06,52.65139074209387,9.999932292143919,9.17503033856202,0.004083620505330749,0.82095374878873,49.99966146071955,1.0530349447157268,0.49999661460719597,5.831086646853394,6.140338004801876,0.0,0.0,0.04083620505330749,0.05493860491494108,0.040836205053307505,,0.0,1.0684192180633545,ok
B_alpha10,0.8,0.5,10.0,100.0,0.1,0.6,20,200,5,1.0,predictive,P2 only,coarse,0.007498942093324558,0,3.0,False,False,4.327329224788176e-06,6.8883328909611015e-06,52.712748663762966,9.999931116671087,7.622795799200535,0.01421866463821758,2.36305441949016,49.99965558335543,1.0542622353844915,0.49999655583355435,5.484731293526723,5.782345073996757,0.0,0.0,0.1421866463821758,0.17228575852187394,0.14218664638217596,,0.0,0.9017701148986816,ok
B_alpha10,0.8,0.5,10.0,100.0,0.1,0.6,20,200,5,1.0,predictive,P2 only,coarse,0.03162277660168379,0,3.0,False,False,4.424571264322242e-06,7.043124797123894e-06,52.84530638780711,9.999929568752028,5.032120834625836,0.037904320275453755,4.930045276346682,49.99964784376012,1.0569135717303282,0.4999964784376014,4.909210860438126,5.1886115848829775,0.0,0.0,0.37904320275453757,0.3835809717517411,0.3790432027545378,,0.0,1.004241704940796,ok
B_alpha10,0.8,0.5,10.0,100.0,0.1,0.6,20,200,5,1.0,predictive,P2 only,coarse,0.1333521432163324,0,3.0,False,False,4.550558362180749e-06,7.243673686501888e-06,53.063053057223975,9.999927563263139,2.7273202053624974,0.07780190877592881,7.1949503225984355,49.99963781631561,1.0612687486289896,0.49999637816315695,4.404275437384563,4.674119882050511,0.0,0.0,0.7780190877592881,0.6733851760195657,0.7780190877592879,,0.0,1.0242786407470703,ok
B_alpha10,0.8,0.5,10.0,100.0,0.1,0.6,20,200,5,1.0,predictive,P2 only,coarse,0.5623413251903491,0,3.0,False,False,4.741701992883979e-06,7.547940103467317e-06,53.40535457296555,9.999924520598956,1.345590325304648,0.14070330295487574,8.51378185114152,49.99962260299488,1.0681151535285123,0.4999962260299478,4.116222279404594,4.396599391923721,0.0,0.0,1.4070330295487574,1.1230370606312974,1.4070330295487574,,0.0,0.9729540348052979,ok
B_alpha10,0.8,0.5,10.0,100.0,0.1,0.6,20,200,5,1.0,predictive,P2 only,coarse,2.371373705661655,0,3.0,False,False,5.0202173595592575e-06,7.99128667157669e-06,53.911552613014166,9.999920087133281,0.595063400066012,0.23381857689288657,9.17119793590782,49.9996004356664,1.0782396687825777,0.4999960043566641,3.98192022519465,4.293464344732527,0.0,0.0,2.3381857689288656,1.8297753555426672,2.3381857689288643,,0.0,0.9073472023010254,ok
B_alpha10,0.8,0.5,10.0,100.0,0.1,0.6,20,200,5,1.0,predictive,P2 only,coarse,10.0,0,3.0,False,False,5.374747157203966e-06,8.555634595910758e-06,54.48130221288429,9.999914443654024,0.22246048253987047,0.33742188570501974,9.440203188101085,49.99957221827026,1.0896353667797256,0.4999957221827012,3.9368161284476173,4.289694086065359,0.0,0.0,3.3742188570501974,2.6992554005661837,3.374218857050199,,0.0,0.9435985088348389,ok
B_alpha10,0.8,0.5,10.0,100.0,0.1,0.6,20,200,5,1.0,predictive,P2 only,coarse,0.0001,0,10.0,False,False,4.211509905952251e-06,6.703969284244344e-06,52.62879114497674,9.999932960307163,9.821436315092045,0.0007609762539890377,0.17786974834680258,49.999664801535786,1.0525828793828274,0.49999664801535815,5.975659081717247,6.289876442444082,0.0,0.0,0.007609762539890377,0.01053075604041949,0.007609762539890381,,0.0,0.9756715297698975,ok
B_alpha10,0.8,0.5,10.0,100.0,0.1,0.6,20,200,5,1.0,predictive,P2 only,coarse,0.00042169650342858224,0,10.0,False,False,4.241514624885523e-06,6.751731421482144e-06,52.64454189974288,9.99993248268578,9.343115028139827,0.0030560950139030263,0.6538963941604887,49.999662413428936,1.052897946879009,0.499996624134289,5.8686182784115335,6.179056136356127,0.0,0.0,0.030560950139030263,0.04143168662056261,0.03056095013903026,,0.0,1.0096979141235352,ok
B_alpha10,0.8,0.5,10.0,100.0,0.1,0.6,20,200,5,1.0,predictive,P2 only,coarse,0.0017782794100389228,0,10.0,False,False,4.303471180205595e-06,6.850355158121154e-06,52.69313574356667,9.999931496448426,8.018594966447948,0.010983203907797555,1.97049033319583,49.999657482242085,1.0538699342546738,0.49999657482242127,5.572802510330992,5.8730090151768035,0.0,0.0,0.10983203907797555,0.13585420715691504,0.10983203907797591,,0.0,1.0216574668884277,ok
B_alpha10,0.8,0.5,10.0,100.0,0.1,0.6,20,200,5,1.0,predictive,P2 only,coarse,0.007498942093324558,0,10.0,False,False,4.380090554390866e-06,6.972319475570611e-06,52.802070205221085,9.999930276805252,5.598789155680482,0.03053433402009768,4.3707462334941685,49.999651384026194,1.056048767213809,0.49999651384026256,5.034273732429763,5.316438568949312,0.0,0.0,0.3053433402009768,0.31338097857583047,0.30534334020097736,,0.0,0.9182910919189453,ok
B_alpha10,0.8,0.5,10.0,100.0,0.1,0.6,20,200,5,1.0,predictive,P2 only,coarse,0.03162277660168379,0,10.0,False,False,4.4559266487239405e-06,7.093036951818549e-06,52.974034755819766,9.999929069630477,3.2599498770046265,0.06272466429338656,6.677396389071511,49.99964534815233,1.0594882101054213,0.4999964534815239,4.5187621237344135,4.7875751943675455,0.0,0.0,0.6272466429338657,0.5282316175182008,0.6272466429338678,,0.0,1.0667221546173096,ok
B_alpha10,0.8,0.5,10.0,100.0,0.1,0.6,20,200,5,1.0,predictive,P2 only,coarse,0.1333521432163324,0,10.0,False,False,4.56423028114981e-06,7.2654369321956736e-06,53.2213834253108,9.999927345630692,1.838508715904143,0.10906374719130184,8.052500191273865,49.99963672815337,1.0644354020944986,0.49999636728153457,4.215523975282597,4.48715295766893,0.0,0.0,1.0906374719130183,0.8044397104096188,1.09063747191302,,0.0,0.9596710205078125,ok
B_alpha10,0.8,0.5,10.0,100.0,0.1,0.6,20,200,5,1.0,predictive,P2 only,coarse,0.5623413251903491,0,10.0,False,False,4.748318844723228e-06,7.558472946195746e-06,53.59153757105976,9.999924415270527,1.0003041937221042,0.17774417790321703,8.822027213104151,49.99962207635265,1.0718388528861682,0.49999622076352634,4.0522564601148465,4.343365915810062,0.0,0.0,1.7774417790321704,1.269033421003647,1.7774417790321695,,0.0,0.9858124256134033,ok
B_alpha10,0.8,0.5,10.0,100.0,0.1,0.6,20,200,5,1.0,predictive,P2 only,coarse,2.371373705661655,0,10.0,False,False,5.023992627078195e-06,7.997296221132999e-06,54.06747683639044,9.999920027037781,0.4704611048427366,0.26489173620472095,9.26472713191476,49.99960013518888,1.0813581846695342,0.49999600135188904,3.9654943064631794,4.288119724554397,0.0,0.0,2.6489173620472095,1.9648652251940941,2.6489173620472073,,0.0,1.039907693862915,ok
B_alpha10,0.8,0.5,10.0,100.0,0.1,0.6,20,200,5,1.0,predictive,P2 only,coarse,10.0,0,10.0,False,False,5.3761671705636365e-06,8.557895002785965e-06,54.54390648041881,9.99991442104996,0.18334309992405234,0.3499007251441139,9.466841753881875,49.999572105249904,1.0908874653087632,0.499995721052498,3.9326835018917143,4.290115137240243,0.0,0.0,3.499007251441139,2.7584786533565424,3.499007251441143,,0.0,0.9554793834686279,ok
B_alpha10,0.8,0.5,10.0,100.0,0.1,0.6,20,200,5,1.0,predictive,P2 only,coarse,0.0001,0,30.0,False,False,4.230892351412367e-06,6.7348226650784774e-06,52.63857265464686,9.999932651773342,9.515223848059996,0.002166014541337303,0.48267748562532375,49.99966325886675,1.0527785433697323,0.4999966325886671,5.907109373997152,6.218878002282413,0.0,0.0,0.02166014541337303,0.029618374925511406,0.021660145413373015,,0.0,0.9223639965057373,ok
B_alpha10,0.8,0.5,10.0,100.0,0.1,0.6,20,200,5,1.0,predictive,P2 only,coarse,0.00042169650342858224,0,30.0,False,False,4.2841185863385706e-06,6.819549295675036e-06,52.67583069394402,9.999931804507039,8.451878620884672,0.008083096131991294,1.5401064784762983,49.999659022535255,1.0535237984363572,0.4999965902253519,5.6694558366703935,5.972906648116169,0.0,0.0,0.08083096131991294,0.10309873880435452,0.08083096131991303,,0.0,0.9348714351654053,ok
B_alpha10,0.8,0.5,10.0,100.0,0.1,0.6,20,200,5,1.0,predictive,P2 only,coarse,0.0017782794100389228,0,30.0,False,False,4.355399674334188e-06,6.933016017857084e-06,52.76654084316673,9.999930669839815,6.261061704536388,0.02414398135377753,3.71486364427002,49.999653349199114,1.0553381335395184,0.49999653349199075,5.1812719751587215,5.46799389562462,0.0,0.0,0.2414398135377753,0.2591672286702489,0.2414398135377757,,0.0,1.0190110206604004,ok
B_alpha10,0.8,0.5,10.0,100.0,0.1,0.6,20,200,5,1.0,predictive,P2 only,coarse,0.007498942093324558,0,30.0,False,False,4.41553603533649e-06,7.028742331228115e-06,52.91568995115321,9.999929712576677,3.8068010973912894,0.05221421079633213,6.141054979235701,49.9996485628834,1.0583212376903484,0.4999964856288338,4.6381737182680896,4.908677750140329,0.0,0.0,0.5221421079633213,0.4521972295166109,0.5221421079633214,,0.0,1.0233991146087646,ok
B_alpha10,0.8,0.5,10.0,100.0,0.1,0.6,20,200,5,1.0,predictive,P2 only,coarse,0.03162277660168379,0,30.0,False,False,4.472692585247226e-06,7.119725319169769e-06,53.11592890848192,9.9999288027468,2.271825818284549,0.09060847050010677,7.637636908468545,49.999644013734,1.0623261416399672,0.49999644013733996,4.306336846690546,4.574734206946791,0.0,0.0,0.9060847050010677,0.6532191021174295,0.9060847050010693,,0.0,0.999014139175415,ok
B_alpha10,0.8,0.5,10.0,100.0,0.1,0.6,20,200,5,1.0,predictive,P2 only,coarse,0.1333521432163324,0,30.0,False,False,4.57196059261021e-06,7.2777422031662595e-06,53.38957070960036,9.999927222577977,1.44048252553684,0.14247264267523974,8.417117609209944,49.99963611288979,1.0677991853592042,0.49999636112889884,4.138295073308709,4.418868108055047,0.0,0.0,1.4247264267523974,0.9360089938366871,1.4247264267523982,,0.0,1.016934871673584,ok
B_alpha10,0.8,0.5,10.0,100.0,0.1,0.6,20,200,5,1.0,predictive,P2 only,coarse,0.5623413251903491,0,30.0,False,False,4.752488033459126e-06,7.565109547759028e-06,53.74884458041582,9.999924348904523,0.8570997808102004,0.20908221815966962,8.933893652125606,49.999621744522685,1.0749850239877836,0.49999621744522615,4.031733714438206,4.334053363727711,0.0,0.0,2.090822181596696,1.402818988252712,2.0908221815966948,,0.0,0.9348514080047607,ok
B_alpha10,0.8,0.5,10.0,100.0,0.1,0.6,20,200,5,1.0,predictive,P2 only,coarse,2.371373705661655,0,30.0,False,False,5.025712725929943e-06,8.000034310351704e-06,54.140060109757755,9.999919999656896,0.4243367041693665,0.2793574801391796,9.296385816034558,49.99959999828445,1.082809864711225,0.49999599998284483,3.960528015273887,4.288498804403734,0.0,0.0,2.793574801391796,2.0327879890202984,2.7935748013917965,,0.0,0.9690065383911133,ok
B_alpha10,0.8,0.5,10.0,100.0,0.1,0.6,20,200,5,1.0,predictive,P2 only,coarse,10.0,0,30.0,False,False,5.376625210205074e-06,8.558624119837981e-06,54.56374603911482,9.999914413758786,0.17109533177069305,0.3538550786081179,9.475135175862402,49.999572068793874,1.0912842606740942,0.4999957206879393,3.9314073074435956,4.290282916912315,0.0,0.0,3.5385507860811787,2.7778465443466347,3.5385507860811747,,0.0,1.0127537250518799,ok
B_alpha10,0.8,0.5,10.0,100.0,0.1,0.6,20,200,5,1.0,predictive,P2 only,coarse,0.0001,0,100.0,False,False,4.2727265420307334e-06,6.801415202005804e-06,52.66645910651872,9.99993198584799,8.702613975900164,0.006538769356553116,1.2909152688952936,49.99965992923988,1.0533363463082135,0.4999965992923995,5.725438156137169,6.030812108399161,0.0,0.0,0.06538769356553116,0.08491429057513132,0.06538769356553131,,0.0,0.963111400604248,ok
B_alpha10,0.8,0.5,10.0,100.0,0.1,0.6,20,200,5,1.0,predictive,P2 only,coarse,0.00042169650342858224,0,100.0,False,False,4.3419360521330255e-06,6.9115843433018915e-06,52.7462482837312,9.999930884156573,6.692689996407765,0.020477965187752935,3.286901154247909,49.99965442078281,1.0549322569278947,0.49999654420782863,5.277263870086115,5.567155884873981,0.0,0.0,0.20477965187752936,0.22708448928900526,0.204779651877529,,0.0,0.9788048267364502,ok
B_alpha10,0.8,0.5,10.0,100.0,0.1,0.6,20,200,5,1.0,predictive,P2 only,coarse,0.0017782794100389228,0,100.0,False,False,4.3999758811434004e-06,7.003973353332705e-06,52.884294125854964,9.999929960266467,4.181695265469603,0.04638328516358389,5.771991489100346,49.999649801332346,1.057693290572722,0.49999649801332335,4.720553125563547,4.992897368700656,0.0,0.0,0.4638328516358389,0.413778186432492,0.4638328516358396,,0.0,0.9094839096069336,ok
B_alpha10,0.8,0.5,10.0,100.0,0.1,0.6,20,200,5,1.0,predictive,P2 only,coarse,0.007498942093324558,0,100.0,False,False,4.438314893674972e-06,7.065002192902653e-06,53.06656561332361,9.999929349978066,2.528796900903364,0.08171759199445022,7.389556157124119,49.99964674989029,1.0613388106274981,0.4999964674989033,4.360963852523814,4.6284601884271375,0.0,0.0,0.8171759199445022,0.5938030871569494,0.8171759199445051,,0.0,1.0129060745239258,ok
B_alpha10,0.8,0.5,10.0,100.0,0.1,0.6,20,200,5,1.0,predictive,P2 only,coarse,0.03162277660168379,0,100.0,False,False,4.483320052774046e-06,7.136642343576671e-06,53.296065484153964,9.99992863357656,1.7261998914299015,0.12632189570599434,8.147549579287544,49.99964316788284,1.065928916836522,0.499996431678828,4.1966776551075435,4.473360067220819,0.0,0.0,1.2632189570599435,0.7952527045667134,1.2632189570599455,,0.0,0.9317169189453125,ok
B_alpha10,0.8,0.5,10.0,100.0,0.1,0.6,20,200,5,1.0,predictive,P2 only,coarse,0.1333521432163324,0,100.0,False,False,4.5774485315399085e-06,7.2864780187858375e-06,53.5725541035777,9.999927135219812,1.240920465286284,0.17890697930165328,8.580245420192252,49.99963567609906,1.0714588892331984,0.4999963567609906,4.106974816300783,4.400454674782356,0.0,0.0,1.789069793016533,1.0887006752077044,1.7890697930165331,,0.0,0.9778664112091064,ok
B_alpha10,0.8,0.5,10.0,100.0,0.1,0.6,20,200,5,1.0,predictive,P2 only,coarse,0.5623413251903491,0,100.0,False,False,4.754917369880056e-06,7.568976616128963e-06,53.84815710175508,9.99992431023385,0.7910288319496028,0.22887280497657025,8.980174052839978,49.99962155116905,1.0769712936056421,0.4999962155116925,4.02426975151866,4.334023000111108,0.0,0.0,2.2887280497657025,1.4945660489608719,2.288728049765711,,0.0,0.9929854869842529,ok
B_alpha10,0.8,0.5,10.0,100.0,0.1,0.6,20,200,5,1.0,predictive,P2 only,coarse,2.371373705661655,0,100.0,False,False,5.026414701129248e-06,8.001151729111133e-06,54.16922068624576,9.999919988482693,0.40629321293196724,0.28516880965191194,9.308617988933428,49.99959994241342,1.08339308211735,0.49999599942413464,3.958642559641545,4.288765963690969,0.0,0.0,2.851688096519119,2.061146303568863,2.8516880965191196,,0.0,1.1034307479858398,ok
B_alpha10,0.8,0.5,10.0,100.0,0.1,0.6,20,200,5,1.0,predictive,P2 only,coarse,10.0,0,100.0,False,False,5.3767910859247665e-06,8.55888816426733e-06,54.57087888661757,9.99991441111837,0.16668271532575546,0.3552767370119891,9.478126136543885,49.999572055591784,1.0914269191332917,0.4999957205559185,3.930946388258959,4.290340705815615,0.0,0.0,3.552767370119891,2.7848829169927156,3.5527673701198927,,0.0,0.9846837520599365,ok
B_alpha10,0.8,0.5,10.0,100.0,0.1,0.6,20,200,5,1.0,predictive,P2 only,coarse,0.0001,0,1000.0,False,False,4.378044073482844e-06,6.969061844589628e-06,52.82227149420166,9.999930309381554,5.142833033272369,0.0346211552595323,4.822615502086544,49.99965154690777,1.0564527923688791,0.4999965154690777,4.932952077985602,5.211430997409754,0.0,0.0,0.346211552595323,0.337007669998966,0.3462115525953226,,0.0,0.9560964107513428,ok
B_alpha10,0.8,0.5,10.0,100.0,0.1,0.6,20,200,5,1.0,predictive,P2 only,coarse,0.00042169650342858224,0,1000.0,False,False,4.418137973363994e-06,7.032884150434766e-06,52.985608634336245,9.999929671158503,3.080022291107465,0.06610835457447173,6.853939683159561,49.999648355792516,1.0597196255720827,0.49999648355792514,4.479445045521434,4.746955826410694,0.0,0.0,0.6610835457447173,0.5168973770979182,0.6610835457447183,,0.0,0.966386079788208,ok
B_alpha10,0.8,0.5,10.0,100.0,0.1,0.6,20,200,5,1.0,predictive,P2 only,coarse,0.0017782794100389228,0,1000.0,False,False,4.439400671890413e-06,7.066730557306309e-06,53.18603070342471,9.99992933269442,2.0440760442412382,0.10556834365465001,7.850426279409692,49.999646663472184,1.0637281311485822,0.49999646663472097,4.260584043022015,4.532103101685279,0.0,0.0,1.0556834365465,0.6852383015380539,1.0556834365464995,,0.0,0.9494643211364746,ok
B_alpha10,0.8,0.5,10.0,100.0,0.1,0.6,20,200,5,1.0,predictive,P2 only,coarse,0.007498942093324558,0,1000.0,False,False,4.4574548335386995e-06,7.095469548272504e-06,53.41733571192052,9.999929045304503,1.6162222345713548,0.15130659525720916,8.232542124866933,49.99964522652257,1.0683542947137759,0.49999645226522516,4.181261917590875,4.46706912698137,0.0,0.0,1.5130659525720915,0.8753198102077965,1.5130659525720893,,0.0,0.9802398681640625,ok
B_alpha10,0.8,0.5,10.0,100.0,0.1,0.6,20,200,5,1.0,predictive,P2 only,coarse,0.03162277660168379,0,1000.0,False,False,4.492995985581939e-06,7.152044695177147e-06,53.60941689570711,9.999928479553052,1.3911370015641378,0.18870603867950894,8.420228480203301,49.999642397765264,1.0721960063079008,0.4999964239776526,4.144546620073928,4.443766334000174,0.0,0.0,1.8870603867950895,1.0623464486597445,1.8870603867950977,,0.0,0.9634649753570557,ok
B_alpha10,0.8,0.5,10.0,100.0,0.1,0.6,20,200,5,1.0,predictive,P2 only,coarse,0.1333521432163324,0,1000.0,False,False,4.581479396028414e-06,7.292894432927864e-06,53.73199414789212,9.99992707105566,1.131509784888558,0.2106756445392024,8.65788749951658,49.999635355278315,1.0746477202502196,0.49999635355278305,4.094237438362796,4.399862929299678,0.0,0.0,2.106756445392024,1.236783988174109,2.106756445392023,,0.0,1.0030863285064697,ok
B_alpha10,0.8,0.5,10.0,100.0,0.1,0.6,20,200,5,1.0,predictive,P2 only,coarse,0.5623413251903491,0,1000.0,False,False,4.756089690533436e-06,7.570842740589555e-06,53.89573333113025,9.99992429157259,0.7611959354574797,0.23835332671269926,9.000526446257231,49.999621457862865,1.07792282740682,0.4999962145786295,4.021104287610885,4.334440102999212,0.0,0.0,2.3835332671269924,1.541003091237662,2.3835332671269973,,0.0,0.9723379611968994,ok
B_alpha10,0.8,0.5,10.0,100.0,0.1,0.6,20,200,5,1.0,predictive,P2 only,coarse,2.371373705661655,0,1000.0,False,False,5.026700020582667e-06,8.001605906566399e-06,54.18094790394234,9.999919983940906,0.39902664679402583,0.287505802488828,9.31354756677624,49.99959991970465,1.0836276288400828,0.4999959991970453,3.9578819703788217,4.288870254790518,0.0,0.0,2.87505802488828,2.072732918770962,2.8750580248882778,,0.0,0.9429237842559814,ok
B_alpha10,0.8,0.5,10.0,100.0,0.1,0.6,20,200,5,1.0,predictive,P2 only,coarse,10.0,0,1000.0,False,False,5.376855842524001e-06,8.558991245172258e-06,54.57365569912095,9.999914410087532,0.16496273530508265,0.3558301820829421,9.479292672524444,49.99957205043776,1.0914824559712033,0.49999572050437663,3.9307664652962577,4.290362635390805,0.0,0.0,3.558301820829421,2.7876327535124146,3.558301820829432,,0.0,1.0877244472503662,ok
B_alpha10,0.8,0.5,10.0,100.0,0.1,0.6,20,200,5,1.0,predictive,P1 only (protect),coarse,0.0001,5,1.0,True,True,4.200584283733796e-06,6.686577650982797e-06,52.623944711972364,9.999933134223497,9.978619446782828,9.978619446782835e-05,0.02134763279920726,49.99966567111746,1.0524859317683564,0.4999966567111748,6.01086918117959,6.326355250891498,4.279522391987033e-37,4.2800090384771445e-37,0.0009978619446782836,0.0013848649071733568,0.0009978619446782831,,0.0,1.032524824142456,ok
B_alpha10,0.8,0.5,10.0,100.0,0.1,0.6,20,200,5,1.0,predictive,P1 only (protect),coarse,0.00042169650342858224,5,1.0,True,True,4.206077279066436e-06,6.69532151548977e-06,52.626308264488046,9.999933046784847,9.911478834658382,0.0004179635968381835,0.08817015495993274,49.99966523392418,1.0525332123380242,0.49999665233924234,5.995842660236221,6.310823535851794,2.5124573956131587e-27,2.5136616067177126e-27,0.004179635968381835,0.005796433226284605,0.004179635968381835,,0.0,1.4099578857421875,ok
B_alpha10,0.8,0.5,10.0,100.0,0.1,0.6,20,200,5,1.0,predictive,P1 only (protect),coarse,0.0017782794100389228,5,1.0,True,True,4.226139395287337e-06,6.727256810412904e-06,52.63564042272287,9.999932727431903,9.65397766458815,0.0017167469705912754,0.34437286100935616,49.99966363715951,1.0527198903715087,0.49999663637159514,5.938241682784961,6.2513051333009075,3.419571842828983e-18,3.4264690454273074e-18,0.017167469705912753,0.023664343650643516,0.017167469705912743,,0.0,1.0241124629974365,ok
B_alpha10,0.8,0.5,10.0,100.0,0.1,0.6,20,200,5,1.0,predictive,P1 only (protect),coarse,0.007498942093324558,5,1.0,True,True,4.281743524732808e-06,6.815768623087299e-06,52.66812106881971,9.999931842313755,8.829397358729985,0.00662111395046993,1.164049685005791,49.99965921156883,1.0533696008998688,0.49999659211568775,5.754069871857403,6.0611622844683914,9.170679695090377e-11,9.248004626735466e-11,0.0662111395046993,0.08784750525620534,0.06621113950469931,,0.0,0.96327805519104,ok
B_alpha10,0.8,0.5,10.0,100.0,0.1,0.6,20,200,5,1.0,predictive,P1 only (protect),coarse,0.03162277660168379,5,1.0,True,True,4.384438653614097e-06,6.979240870577142e-06,52.75876609396494,9.999930207591294,6.887093399600798,0.021778858396957965,3.0911975344109495,49.9996510379565,1.055182686253428,0.4999965103795647,5.321607800459407,5.6152684140759535,5.028168639434136e-06,5.200662136579032e-06,0.21778858396957965,0.2570574753692868,0.21778858396957967,,0.0,1.1653308868408203,ok
B_alpha10,0.8,0.5,10.0,100.0,0.1,0.6,20,200,5,1.0,predictive,P1 only (protect),coarse,0.1333521432163324,5,1.0,True,True,4.530320163377288e-06,7.211458099651484e-06,52.945054724024075,9.999927885419021,4.116942080711606,0.05488801989176492,5.828242013977608,49.999639427095005,1.0589087307564249,0.49999639427095105,4.709142414182319,4.986552016753046,0.0011359567697753537,0.0012792519898932625,0.5488801989176493,0.554229619128325,0.5488801989176496,,0.0,1.0363714694976807,ok
B_alpha10,0.8,0.5,10.0,100.0,0.1,0.6,20,200,5,1.0,predictive,P1 only (protect),coarse,0.5623413251903491,5,1.0,True,True,4.732333910526704e-06,7.5330277946332405e-06,53.254810381181635,9.999924669722063,1.9902611976412734,0.11174241507793084,7.898071717558733,49.99962334861038,1.0651042310834073,0.4999962334861031,4.250763633596601,4.527506331479218,0.009505832707513297,0.012813380175018383,1.1174241507793083,1.0063426894918859,1.1174241507793086,,0.0,1.0685267448425293,ok
B_alpha10,0.8,0.5,10.0,100.0,0.1,0.6,20,200,5,1.0,predictive,P1 only (protect),coarse,2.371373705661655,5,1.0,True,True,5.013520267946747e-06,7.980626101504068e-06,53.73046815686815,9.999920193739001,0.8454130530342523,0.19970685988186362,8.954959893344881,49.9996009686949,1.0746179392613386,0.49999600968695007,4.025570819428264,4.32595061832458,0.01788095680167426,0.028653992270528797,1.9970685988186363,1.6885805625733799,1.997068598818637,,0.0,0.952080249786377,ok
B_alpha10,0.8,0.5,10.0,100.0,0.1,0.6,20,200,5,1.0,predictive,P1 only (protect),coarse,10.0,5,1.0,True,True,5.369280804220753e-06,8.546933141250896e-06,54.34128365912195,9.999914530668573,0.31459704756108803,0.3119757939297247,9.373512627840615,49.9995726533428,1.0868349622882,0.4999957265334286,3.948033843007678,4.290861212877787,0.02129742339370896,0.037127446933007235,3.119757939297247,2.5795971541464424,3.1197579392972496,,0.0,0.9794671535491943,ok
B_alpha10,0.8,0.5,10.0,100.0,0.1,0.6,20,200,5,1.0,predictive,P1 only (protect),coarse,0.0001,10,1.0,True,True,4.2005842837337956e-06,6.686577650982795e-06,52.62394471197236,9.999933134223491,9.978619446782824,9.978619446782834e-05,0.021347632799216143,49.99966567111746,1.0524859317683561,0.49999665671117455,6.010869181179587,6.326355250891494,8.72370353876795e-23,8.763467571849808e-23,0.0009978619446782834,0.0013848649071733568,0.0009978619446782831,,0.0,1.3210625648498535,ok
B_alpha10,0.8,0.5,10.0,100.0,0.1,0.6,20,200,5,1.0,predictive,P1 only (protect),coarse,0.00042169650342858224,10,1.0,True,True,4.206077279066434e-06,6.695321515489767e-06,52.62630826448804,9.999933046784845,9.91147883465838,0.0004179635968381819,0.0881701549599363,49.999665233924176,1.0525332123380242,0.49999665233924223,5.995842660236219,6.310823535851792,3.9816009215720654e-16,4.0577335158321196e-16,0.004179635968381818,0.005796433226284351,0.004179635968381818,,0.0,1.2774457931518555,ok
B_alpha10,0.8,0.5,10.0,100.0,0.1,0.6,20,200,5,1.0,predictive,P1 only (protect),coarse,0.0017782794100389228,10,1.0,True,True,4.226139395217507e-06,6.727256810301746e-06,52.63564042245474,9.999932727431895,9.653977665074772,0.001716746968719936,0.34437286052461324,49.99966363715951,1.052719890366146,0.49999663637159475,5.938241682894031,6.251305133383883,4.710165624347762e-10,5.081795296446017e-10,0.01716746968719936,0.023664343335770333,0.017167469687199358,,0.0,1.1646714210510254,ok
B_alpha10,0.8,0.5,10.0,100.0,0.1,0.6,20,200,5,1.0,predictive,P1 only (protect),coarse,0.007498942093324558,10,1.0,True,True,4.281740610989912e-06,6.8157639849306e-06,52.66810970697453,9.999931842360157,8.82941608968255,0.006621039294780588,1.1640310286625137,49.99965921180075,1.0533693736565306,0.49999659211800784,5.75407406928393,6.061165398334897,1.65482913673342e-05,2.1603248347028743e-05,0.06621039294780588,0.08783448911376589,0.06621039294780603,,0.0,1.1672215461730957,ok
B_alpha10,0.8,0.5,10.0,100.0,0.1,0.6,20,200,5,1.0,predictive,P1 only (protect),coarse,0.03162277660168379,10,1.0,True,True,4.383494524936426e-06,6.977737986861605e-06,52.75493021054354,9.999930222620128,6.891962547281231,0.02175620631794091,3.0863510237807006,49.99965111310068,1.0551059664638527,0.4999965111310064,5.322697710668213,5.616010112209521,0.0037183242783838215,0.007336715406170382,0.2175620631794091,0.2529210466903855,0.21756206317940915,,0.0,1.1527349948883057,ok
B_alpha10,0.8,0.5,10.0,100.0,0.1,0.6,20,200,5,1.0,predictive,P1 only (protect),coarse,0.1333521432163324,10,1.0,True,True,4.521095903313819e-06,7.196774730143575e-06,52.90584467425904,9.999928032252702,4.1514725021164,0.05465680203924925,5.793942663591649,49.999640161263486,1.0581245085689057,0.49999640161263514,4.716845184804522,4.991009493166894,0.023959039575043525,0.07589151146680512,0.5465680203924925,0.5153681003718716,0.5465680203924932,,0.0,1.2745509147644043,ok
B_alpha10,0.8,0.5,10.0,100.0,0.1,0.6,20,200,5,1.0,predictive,P1 only (protect),coarse,0.5623413251903491,10,1.0,True,True,4.712550902214207e-06,7.5015367894977e-06,53.16991089444309,9.999924984632102,2.0464651472932918,0.11109913544742596,7.842510732627181,49.99962492316049,1.063406195069557,0.4999962492316051,4.2632008283150995,4.533514171655944,0.039028184540020175,0.16935188954744054,1.1109913544742596,0.9273882655319372,1.110991354474261,,0.0,1.2339155673980713,ok
B_alpha10,0.8,0.5,10.0,100.0,0.1,0.6,20,200,5,1.0,predictive,P1 only (protect),coarse,2.371373705661655,10,1.0,True,True,4.986444001160328e-06,7.937525535455e-06,53.61776418847045,9.99992062474463,0.9066521746562887,0.19768993007971505,8.895737270519366,49.999603123723176,1.0723637956844216,0.4999960312372315,4.038627467179221,4.330877880059671,0.044138506900533586,0.21964220899355658,1.9768993007971505,1.585451907191846,1.9768993007971567,,0.0,1.1293485164642334,ok
B_alpha10,0.8,0.5,10.0,100.0,0.1,0.6,20,200,5,1.0,predictive,P1 only (protect),coarse,10.0,10,1.0,True,True,5.333571789405323e-06,8.490090786884275e-06,54.20048704801391,9.99991509909212,0.37926592715504653,0.3060149960029893,9.314803977749843,49.9995754954606,1.084018944379532,0.499995754954606,3.9603814391289114,4.293128506984814,0.04552289357846853,0.23802275654933844,3.060149960029893,2.4481395290206702,3.0601499600298885,,0.0,1.2697207927703857,ok
B_alpha10,0.8,0.5,10.0,100.0,0.1,0.6,20,200,5,1.0,predictive,P1 only (protect),coarse,0.0001,15,1.0,True,True,4.200584283733165e-06,6.686577650981791e-06,52.62394471197136,9.999933134223497,9.978619446789219,9.978619445327271e-05,0.02134763279283014,49.99966567111747,1.0524859317683362,0.4999966567111748,6.010869181181027,6.326355250892889,1.6633892209673338e-12,1.6800343252802556e-12,0.000997861944532727,0.0013848649052826565,0.0009978619445327255,,0.0,2.4364426136016846,ok
B_alpha10,0.8,0.5,10.0,100.0,0.1,0.6,20,200,5,1.0,predictive,P1 only (protect),coarse,0.00042169650342858224,15,1.0,True,True,4.206077276515717e-06,6.695321511429483e-06,52.62630826040004,9.999933046784886,9.911478860488486,0.0004179635380881233,0.08817012918853884,49.999665233924446,1.0525332122562578,0.4999966523392443,5.995842666041108,6.310823541471373,6.579530960917273e-09,6.856277923838109e-09,0.004179635380881233,0.005796425541394535,0.0041796353808812355,,0.0,2.2194902896881104,ok
B_alpha10,0.8,0.5,10.0,100.0,0.1,0.6,20,200,5,1.0,predictive,P1 only (protect),coarse,0.0017782794100389228,15,1.0,True,True,4.226135039841771e-06,6.727249877323833e-06,52.63563326619185,9.999932727501223,9.654021389479773,0.001716648060820697,0.3443292349581828,49.99966363750612,1.0527197472326277,0.49999663637506114,5.93825150943378,6.251314628014899,1.0275821986267903e-05,1.2073959407744748e-05,0.017166480608206972,0.023651029319499684,0.01716648060820699,,0.0,2.4025485515594482,ok
B_alpha10,0.8,0.5,10.0,100.0,0.1,0.6,20,200,5,1.0,predictive,P1 only (protect),coarse,0.007498942093324558,15,1.0,True,True,4.280797607407617e-06,6.814262892165344e-06,52.666431262993086,9.999931857371076,8.838537859567115,0.006600946729326837,1.1549293363324828,49.99965928685539,1.0533358029669369,0.4999965928685538,5.756124282349695,6.0631317929263,0.0017121069105000726,0.002906742952126682,0.06600946729326837,0.08482300019329693,0.06600946729326844,,0.0,2.237032413482666,ok
B_alpha10,0.8,0.5,10.0,100.0,0.1,0.6,20,200,5,1.0,predictive,P1 only (protect),coarse,0.03162277660168379,15,1.0,True,True,4.368652196905876e-06,6.954111659619034e-06,52.725084514486205,9.99993045888339,7.017880160644511,0.02150701858117755,2.960682361890921,49.99965229441695,1.0545090234632208,0.4999965229441695,5.351009612456602,5.64268792097392,0.01793058401253912,0.060125111502393094,0.2150701858117755,0.20259592682475489,0.21507018581177612,,0.0,2.4689691066741943,ok
B_alpha10,0.8,0.5,10.0,100.0,0.1,0.6,20,200,5,1.0,predictive,P1 only (protect),coarse,0.1333521432163324,15,1.0,True,True,4.479670328258506e-06,7.130832635988686e-06,52.8176701045431,9.999928691673643,4.417980298620522,0.05390805102483085,5.528182958681004,49.99964345836819,1.0563609348238916,0.49999643458368215,4.776684878124978,5.0459033032152485,0.03720247828234081,0.23108825766959207,0.5390805102483085,0.372200652829726,0.5390805102483107,,0.0,2.502082109451294,ok
B_alpha10,0.8,0.5,10.0,100.0,0.1,0.6,20,200,5,1.0,predictive,P1 only (protect),coarse,0.5623413251903491,15,1.0,True,True,4.639711480072438e-06,7.385589478527481e-06,53.02037552250041,9.999926144105217,2.368681635428899,0.10492265412718972,7.526469566338694,49.999630720526106,1.060415342242402,0.49999630720526084,4.333567203932555,4.595381149688589,0.045150540345373025,0.38112601687002284,1.0492265412718973,0.6829313995231764,1.0492265412718995,,0.0,2.2840664386749268,ok
B_alpha10,0.8,0.5,10.0,100.0,0.1,0.6,20,200,5,1.0,predictive,P1 only (protect),coarse,2.371373705661655,15,1.0,True,True,4.845536781666945e-06,7.713226485350757e-06,53.34209255423359,9.999922867735156,1.320027582473757,0.1705776927774438,8.509471857013642,49.99961433867573,1.0668500799409644,0.4999961433867578,4.121687183016617,4.397222300692926,0.04778451141708396,0.45155867310680037,1.7057769277744381,1.1260588801973546,1.705776927774447,,0.0,2.3578953742980957,ok
B_alpha10,0.8,0.5,10.0,100.0,0.1,0.6,20,200,5,1.0,predictive,P1 only (protect),coarse,10.0,15,1.0,True,True,5.091414345198172e-06,8.104619517870534e-06,53.73916423227903,9.999918953804823,0.8725589140423524,0.24564478134643883,8.881877350806386,49.999594769024114,1.0747919954257643,0.49999594769024114,4.048965873443157,4.3517961105287934,0.04863897278796486,0.47640792241412167,2.456447813464388,1.674339559617842,2.4564478134643886,,0.0,2.3763794898986816,ok
B_alpha10,0.8,0.5,10.0,100.0,0.1,0.6,20,200,5,1.0,predictive,P1 only (protect),coarse,0.0001,20,1.0,True,True,4.198805247396211e-06,6.683745743845285e-06,52.62319600592943,9.99993316254256,9.992484552549096,7.48250325700796e-05,0.007507459875775169,49.99966581271277,1.0524709545668525,0.49999665812712796,6.013987608408943,6.329547278975382,0.0007396898638560766,0.0007507459875769495,0.000748250325700796,2.510540529112139e-06,0.0007482503257007955,,0.0,7.2543864250183105,ok
B_alpha10,0.8,0.5,10.0,100.0,0.1,0.6,20,200,5,1.0,predictive,P1 only (protect),coarse,0.00042169650342858224,20,1.0,True,True,4.1988052534161615e-06,6.68374575342797e-06,52.62319601662232,9.99993316254247,9.968196331577664,0.0003145203616849976,0.03155598551817995,49.999665812712294,1.0524709547807218,0.4999966581271235,6.008598597866246,6.323875503190395,0.0029690865826885694,0.0031555985518183297,0.0031452036168499757,1.045768414953679e-05,0.003145203616849976,,0.0,7.619323492050171,ok
B_alpha10,0.8,0.5,10.0,100.0,0.1,0.6,20,200,5,1.0,predictive,P1 only (protect),coarse,0.0017782794100389228,20,1.0,True,True,4.1988052787288865e-06,6.683745793721294e-06,52.623196061711845,9.999933162542051,9.86748199452839,0.0013085871311865156,0.13127625579837243,49.99966581271027,1.0524709556825609,0.4999966581271026,5.9862524012238145,6.300356785673053,0.010408995114133344,0.013127625579835975,0.013085871311865156,4.2019029278543395e-05,0.013085871311865171,,0.0,7.43644642829895,ok
B_alpha10,0.8,0.5,10.0,100.0,0.1,0.6,20,200,5,1.0,predictive,P1 only (protect),coarse,0.007498942093324558,20,1.0,True,True,4.198805388434348e-06,6.683745968352733e-06,52.62319649441497,9.999933162540309,9.470969902576853,0.005223839178039804,0.5238730957047988,49.99966581270155,1.0524709643368648,0.49999665812701544,5.898276087888571,6.207764322145155,0.025682631817057152,0.05238730957047987,0.05223839178039805,0.00015092627830138694,0.052238391780398116,,0.0,7.322464466094971,ok
B_alpha10,0.8,0.5,10.0,100.0,0.1,0.6,20,200,5,1.0,predictive,P1 only (protect),coarse,0.03162277660168379,20,1.0,True,True,4.198812050265546e-06,6.683756572794544e-06,52.62360300519783,9.99993316243427,8.185672903338393,0.0180041501323444,1.7963897840949912,49.99966581217135,1.0524790946180231,0.49999665812171357,5.613133649697097,5.907705821603161,0.03962893693906866,0.17963897840949894,0.180041501323444,0.0009561176643321927,0.18004150132344396,,0.0,7.198991775512695,ok
B_alpha10,0.8,0.5,10.0,100.0,0.1,0.6,20,200,5,1.0,predictive,P1 only (protect),coarse,0.1333521432163324,20,1.0,True,True,4.199057190642371e-06,6.684146792357896e-06,52.64060709508861,9.999933158532077,5.823897993414366,0.04474062395756251,4.131428224095995,49.9996657926603,1.0528191790997128,0.49999665792660386,5.090397949278814,5.359268590250583,0.04609034899236607,0.413142822409595,0.4474062395756251,0.019672316005774897,0.4474062395756264,,0.0,7.294566869735718,ok
B_alpha10,0.8,0.5,10.0,100.0,0.1,0.6,20,200,5,1.0,predictive,P1 only (protect),coarse,0.5623413251903491,20,1.0,True,True,4.200229349287469e-06,6.6860126589303335e-06,52.72664812411295,9.999933139873406,3.88926484922746,0.08102397952916218,6.029778031369972,49.99966569936707,1.054540013150136,0.4999966569936703,4.667609736560501,4.922181232972213,0.048523146316707635,0.6029778031369938,0.8102397952916218,0.09451576430174144,0.8102397952916263,,0.0,7.265224456787109,ok
B_alpha10,0.8,0.5,10.0,100.0,0.1,0.6,20,200,5,1.0,predictive,P1 only (protect),coarse,2.371373705661655,20,1.0,True,True,4.202453724715592e-06,6.689553466118199e-06,52.89301430459384,9.99993310446532,2.9569709162239426,0.1234146977326489,6.919681281578088,49.99966552232663,1.0578673627521613,0.49999665522326603,4.473233461719519,4.732087685123949,0.04942214363816324,0.6919681281578014,1.234146977326489,0.22043250724829064,1.2341469773264893,,0.0,7.304992914199829,ok
B_alpha10,0.8,0.5,10.0,100.0,0.1,0.6,20,200,5,1.0,predictive,P1 only (protect),coarse,10.0,20,1.0,True,True,4.205377555050324e-06,6.69420768021103e-06,53.104034051266076,9.999933057923197,2.5985533930953406,0.16902712151688945,7.232486427464574,49.99966528961595,1.0620877908615691,0.49999665289615985,4.409528111107475,4.683305970268126,0.049736626878058854,0.7232486427464564,1.6902712151688946,0.3903939265023699,1.6902712151688946,,0.0,7.528832674026489,ok
B_alpha10,0.8,0.5,10.0,100.0,0.1,0.6,20,200,5,1.0,predictive,P1+P2 (protect),coarse,0.0001,5,3.0,True,True,4.203167025115303e-06,6.6906889125675745e-06,52.625051071763224,9.999933093110883,9.942379095945057,0.00024842457200760856,0.057439386372053036,49.99966546555433,1.0525080634392958,0.49999665465554416,6.002749662514466,6.317942422603987,1.1224664323599902e-29,1.122849240866088e-29,0.0024842457200760855,0.0034463351482989265,0.0024842457200760833,,0.0,1.056107521057129,ok
B_alpha10,0.8,0.5,10.0,100.0,0.1,0.6,20,200,5,1.0,predictive,P1+P2 (protect),coarse,0.00042169650342858224,5,3.0,True,True,4.215717182603744e-06,6.7106665149456905e-06,52.63073132329778,9.99993289333485,9.769202532933791,0.0010300377481072256,0.229834535983251,49.99966446667425,1.0526216902590855,0.49999664466674254,5.963976903828039,6.277811449173617,2.609131739217065e-20,2.6128785495074724e-20,0.010300377481072256,0.01423680518392737,0.010300377481072251,,0.0,1.1058948040008545,ok
B_alpha10,0.8,0.5,10.0,100.0,0.1,0.6,20,200,5,1.0,predictive,P1+P2 (protect),coarse,0.0017782794100389228,5,3.0,True,True,4.253484682496318e-06,6.770785608779274e-06,52.65139074209294,9.999932292143916,9.175030338562063,0.004083620505324403,0.8209537487886962,49.99966146071954,1.0530349447157086,0.4999966146071958,5.8310866468534,6.140338004801777,2.4351175716326225e-12,2.4497726443614372e-12,0.04083620505324403,0.05493860491437104,0.04083620505324406,,0.0,0.9686985015869141,ok
B_alpha10,0.8,0.5,10.0,100.0,0.1,0.6,20,200,5,1.0,predictive,P1+P2 (protect),coarse,0.007498942093324558,5,3.0,True,True,4.327329187985744e-06,6.888332832378223e-06,52.71274842597149,9.999931116671675,7.622795820028349,0.014218662878213457,2.3630544004217615,49.99965558335837,1.0542622306285672,0.49999655583358377,5.484731297563722,5.7823450521678454,6.390824841042218e-07,6.548896400717917e-07,0.14218662878213456,0.1722856060108285,0.14218662878213512,,0.0,0.9760072231292725,ok
B_alpha10,0.8,0.5,10.0,100.0,0.1,0.6,20,200,5,1.0,predictive,P1+P2 (protect),coarse,0.03162277660168379,5,3.0,True,True,4.424543201680977e-06,7.043080126426383e-06,52.84512738154435,9.999929569198741,5.032147943678605,0.03790289877649639,4.930019588346158,49.99964784599368,1.0569099915326439,0.49999647845993705,4.9092164416278985,5.188599907752859,0.00044906689362284063,0.0004914078349730872,0.3790289877649639,0.3834674377594668,0.37902898776496424,,0.0,1.0742526054382324,ok
B_alpha10,0.8,0.5,10.0,100.0,0.1,0.6,20,200,5,1.0,predictive,P1+P2 (protect),coarse,0.1333521432163324,5,3.0,True,True,4.550044535252964e-06,7.242855766084221e-06,53.05980711587978,9.999927571442354,2.727896590364328,0.0777732368451009,7.194402601348218,49.99963785721173,1.0612038284638627,0.4999963785721177,4.404394685927025,4.673960502771652,0.006918931310536088,0.008888133904691111,0.777732368451009,0.6713932157849228,0.7777323684510117,,0.0,1.0009846687316895,ok
B_alpha10,0.8,0.5,10.0,100.0,0.1,0.6,20,200,5,1.0,predictive,P1+P2 (protect),coarse,0.5623413251903491,5,3.0,True,True,4.740210280928156e-06,7.545565565271731e-06,53.39609668969623,9.999924544344335,1.3470776135607336,0.14060287201286178,8.51239497008207,49.99962272172177,1.0679299919296972,0.49999622721721676,4.116520042689917,4.39615521596828,0.016431477495512766,0.02547834719617307,1.406028720128618,1.1174901210374748,1.406028720128615,,0.0,1.0959460735321045,ok
B_alpha10,0.8,0.5,10.0,100.0,0.1,0.6,20,200,5,1.0,predictive,P1+P2 (protect),coarse,2.371373705661655,5,3.0,True,True,5.018046605617906e-06,7.987831220189557e-06,53.898550394838026,9.999920121687794,0.596852345141215,0.2336089799940278,9.169618553176964,49.999600608439074,1.077979618616011,0.49999600608438965,3.9822449984860473,4.292778944703507,0.02080761304841204,0.035797670377152487,2.336089799940278,1.8218260751213897,2.3360897999402734,,0.0,0.9583606719970703,ok
B_alpha10,0.8,0.5,10.0,100.0,0.1,0.6,20,200,5,1.0,predictive,P1+P2 (protect),coarse,10.0,5,3.0,True,True,5.372096302888534e-06,8.551414910737396e-06,54.46618065092462,9.999914485850882,0.22432849984577893,0.33699909249935917,9.43875792180398,49.99957242925446,1.0893329283563389,0.4999957242925441,3.9370785848113328,4.288789343961559,0.022270695302314937,0.0398031714659039,3.3699909249935915,2.6897806263231954,3.3699909249936044,,0.0,0.9909341335296631,ok
B_alpha10,0.8,0.5,10.0,100.0,0.1,0.6,20,200,5,1.0,predictive,P1+P2 (protect),coarse,0.0001,5,10.0,True,True,4.2115099059522515e-06,6.703969284244345e-06,52.62879114497675,9.999932960307163,9.821436315092045,0.0007609762539890379,0.17786974834680258,49.99966480153579,1.0525828793828274,0.49999664801535815,5.975659081717247,6.289876442444082,8.437756574180967e-22,8.447338404696421e-22,0.00760976253989038,0.010530756040419491,0.007609762539890381,,0.0,1.013101577758789,ok
B_alpha10,0.8,0.5,10.0,100.0,0.1,0.6,20,200,5,1.0,predictive,P1+P2 (protect),coarse,0.00042169650342858224,5,10.0,True,True,4.241514624885515e-06,6.7517314214821325e-06,52.644541899742826,9.999932482685782,9.343115028139826,0.003056095013902896,0.6538963941604887,49.999662413428965,1.0528979468790072,0.49999662413428914,5.868618278411534,6.1790561363561185,1.6564241044622277e-13,1.6643173952229885e-13,0.030560950139028962,0.04143168662052459,0.030560950139028938,,0.0,1.0171501636505127,ok
B_alpha10,0.8,0.5,10.0,100.0,0.1,0.6,20,200,5,1.0,predictive,P1+P2 (protect),coarse,0.0017782794100389228,5,10.0,True,True,4.303471173141041e-06,6.850355146875651e-06,52.69313569771198,9.999931496448532,8.018594969928651,0.010983203798515973,1.970490329824301,49.99965748224265,1.0538699333375618,0.4999965748224266,5.57280251107515,5.873009010850165,1.2716942887436578e-07,1.2967320332646592e-07,0.10983203798515973,0.13585417751457365,0.1098320379851599,,0.0,1.0614261627197266,ok
B_alpha10,0.8,0.5,10.0,100.0,0.1,0.6,20,200,5,1.0,predictive,P1+P2 (protect),coarse,0.007498942093324558,5,10.0,True,True,4.380078112044501e-06,6.972299669584229e-06,52.80199024110705,9.999930277003317,5.598800173308344,0.030534118287225145,4.370735431401114,49.99965138501652,1.0560471678994607,0.49999651385016586,5.0342761368376205,5.316433056731207,0.0002096446815552198,0.0002256908960489851,0.3053411828722514,0.3133297404628489,0.3053411828722519,,0.0,1.013859748840332,ok
B_alpha10,0.8,0.5,10.0,100.0,0.1,0.6,20,200,5,1.0,predictive,P1+P2 (protect),coarse,0.03162277660168379,5,10.0,True,True,4.455567799615467e-06,7.09246572832517e-06,52.971731933344415,9.999929075342719,3.2603403499789803,0.0627178682472386,6.6770127064310625,49.99964537671353,1.0594421527240487,0.4999964537671359,4.51884765672201,4.78745768926959,0.005226297576565429,0.006500904918229811,0.627178682472386,0.5268009890416122,0.6271786824723856,,0.0,1.2054576873779297,ok
B_alpha10,0.8,0.5,10.0,100.0,0.1,0.6,20,200,5,1.0,predictive,P1+P2 (protect),coarse,0.1333521432163324,5,10.0,True,True,4.5629706710402055e-06,7.263431858558554e-06,53.213328315132514,9.999927365681412,1.8397533607514973,0.10903696882384199,8.051282304743248,49.999636828407105,1.0642742965864818,0.49999636828407057,4.215794691632494,4.486761929990196,0.01522061884434619,0.02299523123195408,1.09036968823842,0.7995926300844491,1.0903696882384204,,0.0,0.9388008117675781,ok
B_alpha10,0.8,0.5,10.0,100.0,0.1,0.6,20,200,5,1.0,predictive,P1+P2 (protect),coarse,0.5623413251903491,5,10.0,True,True,4.74641631158055e-06,7.555444454268723e-06,53.57963399198991,9.999924445555438,1.0018783563825928,0.17768483307425467,8.820512364987716,49.999622227777245,1.0716007762599413,0.4999962222777719,4.052589271238828,4.342757808922238,0.02038089819325367,0.03467246273768127,1.7768483307425467,1.2617672991626259,1.7768483307425533,,0.0,1.069129228591919,ok
B_alpha10,0.8,0.5,10.0,100.0,0.1,0.6,20,200,5,1.0,predictive,P1+P2 (protect),coarse,2.371373705661655,5,10.0,True,True,5.021731745669585e-06,7.993697302964198e-06,54.053891437756754,9.999920063026977,0.47211287164513194,0.2647502826465412,9.263216782681349,49.999600315134735,1.0810864706331422,0.49999600315134884,3.9658137550550108,4.287387595640791,0.02215591106633453,0.03945577474106795,2.647502826465412,1.9562654496882514,2.6475028264654163,,0.0,0.977501392364502,ok
B_alpha10,0.8,0.5,10.0,100.0,0.1,0.6,20,200,5,1.0,predictive,P1+P2 (protect),coarse,10.0,5,10.0,True,True,5.373532847643511e-06,8.553701632632354e-06,54.528868646319374,9.999914462983664,0.18512771950388396,0.34954322955496586,9.465414587957486,49.99957231491825,1.090586701479639,0.4999957231491832,3.932951695228116,4.289224816377586,0.022687381685375308,0.040957240969011224,3.4954322955496586,2.7488680075335075,3.4954322955496595,,0.0,1.0506153106689453,ok
B_alpha10,0.8,0.5,10.0,100.0,0.1,0.6,20,200,5,1.0,predictive,P1+P2 (protect),coarse,0.0001,5,30.0,True,True,4.230892351412366e-06,6.734822665078474e-06,52.63857265464687,9.999932651773344,9.515223848059998,0.0021660145413373026,0.4826774856253202,49.999663258866754,1.0527785433697325,0.4999966325886672,5.907109373997152,6.2188780022824135,2.679809781337565e-15,2.6889113910217562e-15,0.021660145413373025,0.029618374925510796,0.02166014541337301,,0.0,0.9522275924682617,ok
B_alpha10,0.8,0.5,10.0,100.0,0.1,0.6,20,200,5,1.0,predictive,P1+P2 (protect),coarse,0.00042169650342858224,5,30.0,True,True,4.284118585833061e-06,6.819549294870356e-06,52.67583069065128,9.999931804507053,8.451878621093023,0.008083096129074199,1.5401064782708502,49.99965902253523,1.0535237983705024,0.49999659022535264,5.669455836716304,5.972906647791175,9.254058181668794e-09,9.38467498374995e-09,0.08083096129074199,0.10309873667028588,0.08083096129074206,,0.0,0.9800715446472168,ok
B_alpha10,0.8,0.5,10.0,100.0,0.1,0.6,20,200,5,1.0,predictive,P1+P2 (protect),coarse,0.0017782794100389228,5,30.0,True,True,4.355396355026082e-06,6.93301073411323e-06,52.766519444920654,9.999930669892656,6.261064319253499,0.0241439570546368,3.7148610537992077,49.99965334946331,1.0553377055660536,0.4999965334946328,5.181272555891401,5.4679922910467935,5.7653757831570235e-05,6.08883871966754e-05,0.241439570546368,0.25915343857940026,0.24143957054636822,,0.0,0.9938850402832031,ok
B_alpha10,0.8,0.5,10.0,100.0,0.1,0.6,20,200,5,1.0,predictive,P1+P2 (protect),coarse,0.007498942093324558,5,30.0,True,True,4.4153309173705804e-06,7.02841582017298e-06,52.91436809837097,9.999929715841787,3.8070187366981143,0.05221252485402624,6.140839022606072,49.999648579208944,1.0582948001033359,0.4999964857920894,4.638222182431066,4.908606417390743,0.0031579904540118896,0.0037613216750494276,0.5221252485402624,0.4513668627168877,0.5221252485402624,,0.0,1.0577614307403564,ok
B_alpha10,0.8,0.5,10.0,100.0,0.1,0.6,20,200,5,1.0,predictive,P1+P2 (protect),coarse,0.03162277660168379,5,30.0,True,True,4.4716698795345e-06,7.118097354891391e-06,53.10929590058664,9.999928819026449,2.2728516791999263,0.09060087838130412,7.636618623392321,49.99964409513226,1.0621934788083245,0.49999644095132245,4.306565420238719,4.574405705438999,0.013159114982871728,0.019061503102542468,0.9060087838130413,0.6492086802779163,0.9060087838130412,,0.0,0.9295380115509033,ok
B_alpha10,0.8,0.5,10.0,100.0,0.1,0.6,20,200,5,1.0,predictive,P1+P2 (protect),coarse,0.1333521432163324,5,30.0,True,True,4.570242891380895e-06,7.275007930532934e-06,53.37849409537789,9.999927249920686,1.4419000833110658,0.1424584580360092,8.41571420873224,49.99963624960343,1.0675776485434183,0.4999963624960343,4.138609534471535,4.418287035050493,0.019587249567743,0.03266913420361652,1.424584580360092,0.929312394535176,1.424584580360089,,0.0,1.1368563175201416,ok
B_alpha10,0.8,0.5,10.0,100.0,0.1,0.6,20,200,5,1.0,predictive,P1+P2 (protect),coarse,0.5623413251903491,5,30.0,True,True,4.750437355449739e-06,7.561845235744148e-06,53.73596567535952,9.999924381547656,0.8585788903641106,0.20904479498953868,8.932451933098694,49.9996219077382,1.0747274404297658,0.4999962190773828,4.032053325713913,4.333358350420839,0.0219136805005602,0.038764689422528927,2.090447949895387,1.3947466988352342,2.0904479498953874,,0.0,1.0249931812286377,ok
B_alpha10,0.8,0.5,10.0,100.0,0.1,0.6,20,200,5,1.0,predictive,P1+P2 (protect),coarse,2.371373705661655,5,30.0,True,True,5.023426325233559e-06,7.996394770048512e-06,54.12630582053513,9.999920036052286,0.42592121186186266,0.27924087558467187,9.29491787650118,49.99960018026141,1.0825347727860999,0.4999960018026143,3.9608416338987573,4.287748798194316,0.022638841228574763,0.04079597752523867,2.7924087558467185,2.0239353454899223,2.7924087558467208,,0.0,1.0806021690368652,ok
B_alpha10,0.8,0.5,10.0,100.0,0.1,0.6,20,200,5,1.0,predictive,P1+P2 (protect),coarse,10.0,5,30.0,True,True,5.373996289337567e-06,8.554439348784367e-06,54.54873589968598,9.999914455606508,0.17285417068588002,0.3535179484037383,9.473713425303874,49.99957227803259,1.0909840507506117,0.4999957227803254,3.9316773419164583,4.289397272728415,0.02282010147508807,0.04132112609194157,3.535179484037383,2.7681926365917358,3.535179484037382,,0.0,0.9887418746948242,ok
B_alpha10,0.8,0.5,10.0,100.0,0.1,0.6,20,200,5,1.0,predictive,P1+P2 (protect),coarse,0.0001,5,100.0,True,True,4.27272654196447e-06,6.801415201900323e-06,52.66645910608615,9.999931985847985,8.702613975924319,0.006538769356401741,1.290915268871295,49.99965992923984,1.0533363462995629,0.49999659929239926,5.725438156142561,6.030812108355311,1.2226090165387146e-09,1.2363041498001942e-09,0.06538769356401741,0.08491429029452674,0.06538769356401745,,0.0,0.9857180118560791,ok
B_alpha10,0.8,0.5,10.0,100.0,0.1,0.6,20,200,5,1.0,predictive,P1+P2 (protect),coarse,0.00042169650342858224,5,100.0,True,True,4.341934900483293e-06,6.911582510081835e-06,52.746240847295844,9.999930884174901,6.6926908250867925,0.020477960930921857,3.2869003298073842,49.999654420874485,1.0549321081962255,0.49999654420874506,5.277264055432567,5.56715529550564,2.0307720137664013e-05,2.1222716580043253e-05,0.20477960930921857,0.22707968444125345,0.20477960930921882,,0.0,1.0254731178283691,ok
B_alpha10,0.8,0.5,10.0,100.0,0.1,0.6,20,200,5,1.0,predictive,P1+P2 (protect),coarse,0.0017782794100389228,5,100.0,True,True,4.399846209560872e-06,7.003766939403801e-06,52.88345793275646,9.999929962330596,4.181829543495372,0.04638268937999908,5.771857804794033,49.99964981165305,1.057676566375297,0.4999964981165298,4.720583193848183,4.992850223758279,0.002057568378890145,0.0023855127514850983,0.46382689379999076,0.41324942484256616,0.46382689379999015,,0.0,0.9776957035064697,ok
B_alpha10,0.8,0.5,10.0,100.0,0.1,0.6,20,200,5,1.0,predictive,P1+P2 (protect),coarse,0.007498942093324558,5,100.0,True,True,4.437449882824191e-06,7.063625250593677e-06,53.060932350405054,9.999929363747489,2.5296778422561896,0.08171490571117611,7.388677888285146,49.999646818737475,1.0612261431118821,0.4999964681873744,4.361161577509958,4.628178680388625,0.011543333634039109,0.01620143646069402,0.8171490571117611,0.5903797515719919,0.8171490571117628,,0.0,1.0171759128570557,ok
B_alpha10,0.8,0.5,10.0,100.0,0.1,0.6,20,200,5,1.0,predictive,P1+P2 (protect),coarse,0.03162277660168379,5,100.0,True,True,4.481716463414741e-06,7.134089716597421e-06,53.285560346880445,9.999928659102832,1.7275241039929874,0.12632061619193258,8.146226620712248,49.99964329551414,1.0657188098712118,0.49999643295514157,4.196975910096895,4.472796171966609,0.018906690087473456,0.031020215186923057,1.2632061619193258,0.7889328481318708,1.2632061619193262,,0.0,1.0426359176635742,ok
B_alpha10,0.8,0.5,10.0,100.0,0.1,0.6,20,200,5,1.0,predictive,P1+P2 (protect),coarse,0.1333521432163324,5,100.0,True,True,4.575511942212889e-06,7.2833953155144595e-06,53.56000354572179,9.99992716604685,1.242255887503201,0.17890308812115743,8.578913858328791,49.99963583023423,1.0712078729448393,0.4999963583023425,4.107274620112159,4.3997449094106695,0.02169622883122195,0.03815672254999323,1.7890308812115743,1.080919472400251,1.7890308812115776,,0.0,0.9703700542449951,ok
B_alpha10,0.8,0.5,10.0,100.0,0.1,0.6,20,200,5,1.0,predictive,P1+P2 (protect),coarse,0.5623413251903491,5,100.0,True,True,4.7528107636065194e-06,7.565623276337026e-06,53.834904387362045,9.99992434376726,0.7924299302441261,0.22884552235466543,8.978800203633948,49.999621718836124,1.0767062337009856,0.499996217188363,4.0245755773684335,4.333285612153336,0.02258983851497149,0.040641145755224074,2.2884552235466544,1.4860995554294076,2.2884552235466575,,0.0,1.0198769569396973,ok
B_alpha10,0.8,0.5,10.0,100.0,0.1,0.6,20,200,5,1.0,predictive,P1+P2 (protect),coarse,2.371373705661655,5,100.0,True,True,5.0241187923039555e-06,7.997497053570085e-06,54.15540348811374,9.999920025029455,0.40785088153607163,0.28506175596876326,9.307167337465708,49.999600125147346,1.0831167319851471,0.49999600125147275,3.9589537146836693,4.2880090095286345,0.022831093509184636,0.04132439317463211,2.850617559687633,2.0521930957678336,2.850617559687629,,0.0,1.0982623100280762,ok
B_alpha10,0.8,0.5,10.0,100.0,0.1,0.6,20,200,5,1.0,predictive,P1+P2 (protect),coarse,10.0,5,100.0,True,True,5.3741641167494e-06,8.55470649995796e-06,54.555878787251885,9.99991445293498,0.16843234710717123,0.35494693634370866,9.47670626361414,49.9995722646749,1.0911269100155092,0.499995722646749,3.931217101460214,4.28945676851641,0.022868296255604725,0.04145261943259286,3.549469363437087,2.775213364166017,3.5494693634370913,,0.0,1.0822036266326904,ok
B_alpha10,0.8,0.5,10.0,100.0,0.1,0.6,20,200,5,1.0,predictive,P1+P2 (protect),coarse,0.0001,10,3.0,True,True,4.203167025115304e-06,6.690688912567576e-06,52.62505107176324,9.999933093110883,9.942379095945057,0.00024842457200760856,0.057439386372053036,49.99966546555434,1.052508063439296,0.49999665465554416,6.002749662514466,6.317942422603989,9.652925282191037e-18,9.784494822871508e-18,0.0024842457200760855,0.003446335148298921,0.0024842457200760833,,0.0,1.174011468887329,ok
B_alpha10,0.8,0.5,10.0,100.0,0.1,0.6,20,200,5,1.0,predictive,P1+P2 (protect),coarse,0.00042169650342858224,10,3.0,True,True,4.215717182601093e-06,6.71066651494147e-06,52.630731323287584,9.999932893334845,9.769202532952498,0.0010300377480839129,0.2298345359645726,49.99966446667428,1.0526216902588807,0.49999664466674226,5.963976903832247,6.277811449176826,1.8708654956608475e-11,1.9767374868187894e-11,0.010300377480839128,0.01423680517194667,0.01030037748083914,,0.0,1.1664607524871826,ok
B_alpha10,0.8,0.5,10.0,100.0,0.1,0.6,20,200,5,1.0,predictive,P1+P2 (protect),coarse,0.0017782794100389228,10,3.0,True,True,4.253484362647562e-06,6.770785099637353e-06,52.651389499160004,9.999932292149015,9.175032465068103,0.004083618040903788,0.8209516247419781,49.99966146074504,1.0530349198563445,0.49999661460745076,5.831087125642989,6.140338364026826,1.977692176396314e-06,2.4210959614262757e-06,0.04083618040903788,0.05493716868209489,0.040836180409037894,,0.0,1.1836557388305664,ok
B_alpha10,0.8,0.5,10.0,100.0,0.1,0.6,20,200,5,1.0,predictive,P1+P2 (protect),coarse,0.007498942093324558,10,3.0,True,True,4.326997674375053e-06,6.8878051221001965e-06,52.711409818794145,9.999931121948775,7.624631564602006,0.01421698402316151,2.3612203294260583,49.99965560974388,1.054235457744269,0.49999655609743876,5.485144790278765,5.782634128773126,0.0014895904510920086,0.002622591713040702,0.1421698402316151,0.17081676912116003,0.1421698402316151,,0.0,1.2383317947387695,ok
B_alpha10,0.8,0.5,10.0,100.0,0.1,0.6,20,200,5,1.0,predictive,P1+P2 (protect),coarse,0.03162277660168379,10,3.0,True,True,4.4184050053915894e-06,7.03330921758285e-06,52.818937425996715,9.999929666907823,5.057032308915324,0.03788969385437363,4.90514833032248,49.99964833453908,1.056386178410581,0.49999648334539115,4.914825127762961,5.191953334273809,0.018159403911433804,0.05191329109359567,0.3788969385437363,0.35703097255855254,0.37889693854373674,,0.0,1.22705078125,ok
B_alpha10,0.8,0.5,10.0,100.0,0.1,0.6,20,200,5,1.0,predictive,P1+P2 (protect),coarse,0.1333521432163324,10,3.0,True,True,4.53346893117246e-06,7.216470373884067e-06,52.98698615758724,9.99992783529626,2.7783932370792717,0.0777456462700988,7.14393328135437,49.99963917648126,1.059747370787251,0.49999639176481303,4.415775849165558,4.67960684613904,0.03638837873152028,0.149388684715413,0.7774564627009881,0.60325761163685,0.7774564627009877,,0.0,1.130523443222046,ok
B_alpha10,0.8,0.5,10.0,100.0,0.1,0.6,20,200,5,1.0,predictive,P1+P2 (protect),coarse,0.5623413251903491,10,3.0,True,True,4.7171777749957e-06,7.5089019420681166e-06,53.295960789043654,9.999924910980564,1.4040381055932345,0.14036134221991267,8.455675641206287,49.99962455490276,1.0659272197238463,0.4999962455490282,4.129278973642881,4.401510855839294,0.043383112601886056,0.21148500345455182,1.4036134221991268,1.027231072169904,1.403613422199128,,0.0,1.2879443168640137,ok
B_alpha10,0.8,0.5,10.0,100.0,0.1,0.6,20,200,5,1.0,predictive,P1+P2 (protect),coarse,2.371373705661655,10,3.0,True,True,4.99000643447545e-06,7.943196291087781e-06,53.78127069041797,9.999920568037108,0.6557023657152181,0.23192571905693302,9.11245134719074,49.99960284018542,1.075633957780024,0.4999960284018554,3.9948881522985817,4.297037354145451,0.045383117687820655,0.23553875001504934,2.31925719056933,1.7159697970350467,2.3192571905693247,,0.0,1.2587018013000488,ok
B_alpha10,0.8,0.5,10.0,100.0,0.1,0.6,20,200,5,1.0,predictive,P1+P2 (protect),coarse,10.0,10,3.0,True,True,5.336132138256023e-06,8.49416640357171e-06,54.32416945180126,9.999915058335967,0.2874823841684327,0.3312394169921651,9.381363140503435,49.99957529167984,1.0864926178851173,0.4999957529167983,3.9491600357136596,4.290733225649817,0.04583997087737537,0.24313663332423557,3.312394169921651,2.5577679695247952,3.3123941699216513,,0.0,1.2285113334655762,ok
B_alpha10,0.8,0.5,10.0,100.0,0.1,0.6,20,200,5,1.0,predictive,P1+P2 (protect),coarse,0.0001,10,10.0,True,True,4.2115099059519855e-06,6.703969284243922e-06,52.6287911449757,9.999932960307163,9.821436315093925,0.0007609762539883919,0.17786974834492497,49.99966480153579,1.0525828793828065,0.49999664801535815,5.975659081717669,6.289876442444402,1.906451666859417e-12,1.9920937333360265e-12,0.007609762539883919,0.01053075603922071,0.007609762539883924,,0.0,1.1244962215423584,ok
B_alpha10,0.8,0.5,10.0,100.0,0.1,0.6,20,200,5,1.0,predictive,P1+P2 (protect),coarse,0.00042169650342858224,10,10.0,True,True,4.2415145641788e-06,6.7517313248479204e-06,52.64454166447811,9.99993248268676,9.343115438845167,0.0030560949233678363,0.6538959835447056,49.99966241343372,1.0528979421735811,0.499996624134338,5.868618371028059,6.179056206257517,3.9149555704842806e-07,4.62041724143348e-07,0.030560949233678362,0.04143141344142669,0.030560949233678327,,0.0,1.1821112632751465,ok
B_alpha10,0.8,0.5,10.0,100.0,0.1,0.6,20,200,5,1.0,predictive,P1+P2 (protect),coarse,0.0017782794100389228,10,10.0,True,True,4.303327494820643e-06,6.850126436729344e-06,52.692559234620006,9.999931498735643,8.019425426720229,0.010983374663168455,1.9696596998809603,49.999657493678185,1.0538584037557117,0.4999965749367822,5.572989917263448,5.873142258353933,0.0006963657504716423,0.0011381373187762142,0.10983374663168455,0.13521456223833653,0.10983374663168469,,0.0,1.1663293838500977,ok
B_alpha10,0.8,0.5,10.0,100.0,0.1,0.6,20,200,5,1.0,predictive,P1+P2 (protect),coarse,0.007498942093324558,10,10.0,True,True,4.375636600921194e-06,6.9652295795663504e-06,52.783097768279646,9.999930347704208,5.61781496005914,0.030557868036452187,4.351696824200201,49.999651738521045,1.055669308344685,0.4999965173852104,5.038574600563994,5.3190685636204895,0.014226166127430037,0.03770426655769402,0.30557868036452185,0.29399295027990197,0.3055786803645236,,0.0,1.320796251296997,ok
B_alpha10,0.8,0.5,10.0,100.0,0.1,0.6,20,200,5,1.0,predictive,P1+P2 (protect),coarse,0.03162277660168379,10,10.0,True,True,4.440963306425807e-06,7.069217991541506e-06,52.90684857736135,9.999929307820072,3.3067902624714596,0.06284884705396192,6.6304315826545075,49.99964653910037,1.0581444518010246,0.49999646539100356,4.52937553239995,4.792733589732319,0.0341077255357839,0.133833313572135,0.6284884705396192,0.46560456818751217,0.6284884705396225,,0.0,1.1736936569213867,ok
B_alpha10,0.8,0.5,10.0,100.0,0.1,0.6,20,200,5,1.0,predictive,P1+P2 (protect),coarse,0.1333521432163324,10,10.0,True,True,4.541737018497583e-06,7.229631687689497e-06,53.11839473210233,9.999927703683115,1.8943384672912633,0.10923339884373248,7.996500430181889,49.99963851841555,1.0623755752261708,0.49999638518415573,4.2281824174873455,4.4919177279393,0.04265164335773554,0.2043698963043236,1.0923339884373249,0.7143098234098143,1.092333988437326,,0.0,1.1427602767944336,ok
B_alpha10,0.8,0.5,10.0,100.0,0.1,0.6,20,200,5,1.0,predictive,P1+P2 (protect),coarse,0.5623413251903491,10,10.0,True,True,4.7218067601931415e-06,7.516270457226288e-06,53.471916512589544,9.999924837295419,1.056857323749582,0.1776396381773902,8.765578200777608,49.99962418647705,1.069446368499938,0.49999624186477093,4.064975021438287,4.347272774720134,0.045234705516972534,0.2333230346366448,1.776396381773902,1.166498921430035,1.7763963817739061,,0.0,1.2790861129760742,ok
B_alpha10,0.8,0.5,10.0,100.0,0.1,0.6,20,200,5,1.0,predictive,P1+P2 (protect),coarse,2.371373705661655,10,10.0,True,True,4.993204999703518e-06,7.948287833912426e-06,53.93424818736213,9.999920517121662,0.5292053814513581,0.2632051331358992,9.20766896829108,49.99960258560814,1.078693537513967,0.4999960258560831,3.9781123655746864,4.291164100249814,0.04584847533215741,0.2426752797083921,2.6320513313589924,1.8490937289314808,2.6320513313589933,,0.0,1.310924768447876,ok
B_alpha10,0.8,0.5,10.0,100.0,0.1,0.6,20,200,5,1.0,predictive,P1+P2 (protect),coarse,10.0,10,10.0,True,True,5.337454789150864e-06,8.496271826845256e-06,54.38631319459399,9.999915037281724,0.2475877875310805,0.3438636136674915,9.408633561519705,49.999575186408514,1.0877355055884141,0.4999957518640862,3.944906730997447,4.291015117540646,0.04595932692875806,0.24527286028540185,3.438636136674915,2.6165752234591046,3.438636136674917,,0.0,1.1808948516845703,ok
B_alpha10,0.8,0.5,10.0,100.0,0.1,0.6,20,200,5,1.0,predictive,P1+P2 (protect),coarse,0.0001,10,30.0,True,True,4.230892346831723e-06,6.734822657786912e-06,52.63857263696297,9.99993265177343,9.51522387962143,0.0021660145414589393,0.48267745406368157,49.999663258867116,1.0527785430160443,0.49999663258867144,5.9071093811171105,6.218878007688879,3.077429048824883e-08,3.4793183245266074e-08,0.021660145414589393,0.029618354275881498,0.021660145414589438,,0.0,1.1347744464874268,ok
B_alpha10,0.8,0.5,10.0,100.0,0.1,0.6,20,200,5,1.0,predictive,P1+P2 (protect),coarse,0.00042169650342858224,10,30.0,True,True,4.2840828846482576e-06,6.819492464979963e-06,52.675688973998824,9.999931805075356,8.452096054684295,0.008083177391573961,1.5398889628487744,49.99965902537677,1.0535209639582515,0.4999965902537678,5.669504917892037,5.972942286263666,0.00018912410798321359,0.000280050680356092,0.08083177391573962,0.1029392187137555,0.08083177391573969,,0.0,1.1878254413604736,ok
B_alpha10,0.8,0.5,10.0,100.0,0.1,0.6,20,200,5,1.0,predictive,P1+P2 (protect),coarse,0.0017782794100389228,10,30.0,True,True,4.352811116603579e-06,6.928895497686407e-06,52.75566275748897,9.99993071104501,6.273029734638182,0.024160811557504148,3.702878742759304,49.99965355522514,1.055120565969918,0.49999653555225054,5.183978162445651,5.469721972735352,0.009160279376513729,0.0216476565213615,0.24160811557504147,0.24780770231112248,0.2416081155750412,,0.0,1.318066120147705,ok
B_alpha10,0.8,0.5,10.0,100.0,0.1,0.6,20,200,5,1.0,predictive,P1+P2 (protect),coarse,0.007498942093324558,10,30.0,True,True,4.403163809634032e-06,7.009047964376517e-06,52.860471576830584,9.99992990952036,3.8482364385204084,0.05234786339828929,6.099485788560943,49.99964954760166,1.057216841620166,0.499996495476018,4.647571358754895,4.913490713107193,0.03034511392425416,0.11038110239851867,0.523478633982893,0.3996789088489489,0.5234786339828935,,0.0,1.1978299617767334,ok
B_alpha10,0.8,0.5,10.0,100.0,0.1,0.6,20,200,5,1.0,predictive,P1+P2 (protect),coarse,0.03162277660168379,10,30.0,True,True,4.451934353219318e-06,7.086681932589218e-06,53.019916055236386,9.999929133180666,2.3258760933108507,0.09088706363342249,7.5833077098750605,49.999645665903394,1.0604058358636055,0.4999964566590333,4.318634809815969,4.579505555292566,0.0413430948786236,0.19195509846824213,0.9088706363342248,0.5684410947104085,0.9088706363342246,,0.0,1.1643037796020508,ok
B_alpha10,0.8,0.5,10.0,100.0,0.1,0.6,20,200,5,1.0,predictive,P1+P2 (protect),coarse,0.1333521432163324,10,30.0,True,True,4.547141640042038e-06,7.238234876957955e-06,53.2744603794366,9.999927617651224,1.495240334817178,0.142773683773429,8.36205836375817,49.99963808825612,1.0654969199056996,0.4999963808825612,4.150761111960378,4.42262318005814,0.044895388280575425,0.22902187872174024,1.42773683773429,0.8377390659597171,1.4277368377342927,,0.0,1.2384185791015625,ok
B_alpha10,0.8,0.5,10.0,100.0,0.1,0.6,20,200,5,1.0,predictive,P1+P2 (protect),coarse,0.5623413251903491,10,30.0,True,True,4.72521205974217e-06,7.521691084053738e-06,53.62518990095627,9.999924783089151,0.9118771685054374,0.20907534932439012,8.879122699081021,49.99962391544579,1.072511865122059,0.49999623915445757,4.044088416473648,4.3373328102706665,0.04580090248254248,0.2415063125102222,2.090753493243901,1.2976644802375192,2.0907534932439025,,0.0,1.208467721939087,ok
B_alpha10,0.8,0.5,10.0,100.0,0.1,0.6,20,200,5,1.0,predictive,P1+P2 (protect),coarse,2.371373705661655,10,30.0,True,True,4.994718027685851e-06,7.950696303403475e-06,54.00577057413759,9.999920493036964,0.4822691381961599,0.27773944624571223,9.240070922521163,49.99960246518465,1.0801239992206435,0.49999602465184817,3.9729887143188956,4.291320458968608,0.04599085505310162,0.24516479224580703,2.7773944624571225,1.916245163268967,2.777394462457111,,0.0,1.3094847202301025,ok
B_alpha10,0.8,0.5,10.0,100.0,0.1,0.6,20,200,5,1.0,predictive,P1+P2 (protect),coarse,10.0,10,30.0,True,True,5.337882424446563e-06,8.496952545625752e-06,54.406009525728365,9.999915030474535,0.23509886653120943,0.34786244372435005,9.417123659269905,49.99957515237264,1.0881294362987526,0.4999957515237267,3.9435928578523387,4.291139473406652,0.04599514033938651,0.24594349856469702,3.4786244372435005,2.635805110327091,3.4786244372435076,,0.0,1.140406608581543,ok
B_alpha10,0.8,0.5,10.0,100.0,0.1,0.6,20,200,5,1.0,predictive,P1+P2 (protect),coarse,0.0001,10,100.0,True,True,4.272714882018561e-06,6.8013966413553005e-06,52.666413124209534,9.999931986033584,8.70268717541217,0.0065387975706418825,1.2908420409836054,49.99965993016791,1.053335426636224,0.49999659930167917,5.725454679746397,6.030824247777036,6.519805611616851e-05,9.085574287975613e-05,0.06538797570641883,0.08486208674404766,0.06538797570641891,,0.0,1.171600580215454,ok
B_alpha10,0.8,0.5,10.0,100.0,0.1,0.6,20,200,5,1.0,predictive,P1+P2 (protect),coarse,0.00042169650342858224,10,100.0,True,True,4.340296405053969e-06,6.908974318892486e-06,52.73942711461373,9.999930910256824,6.700685384323589,0.020488602068457103,3.2788951033511298,49.99965455128405,1.0547958298495748,0.4999965455128412,5.279071542722849,5.5683426487416225,0.006228243928499127,0.013571748441493448,0.204886020684571,0.21985808882110933,0.2048860206845712,,0.0,1.1864502429962158,ok
B_alpha10,0.8,0.5,10.0,100.0,0.1,0.6,20,200,5,1.0,predictive,P1+P2 (protect),coarse,0.0017782794100389228,10,100.0,True,True,4.38940782596896e-06,6.987150902747114e-06,52.837474749808834,9.999930128490956,4.2188725177326765,0.0465013266438717,5.734696027132496,49.99965064245488,1.0567568787159554,0.4999965064245478,4.728984312031871,4.997386701079519,0.027314174680112092,0.09366311656360979,0.465013266438717,0.3685806443674083,0.46501326643871743,,0.0,1.2664082050323486,ok
B_alpha10,0.8,0.5,10.0,100.0,0.1,0.6,20,200,5,1.0,predictive,P1+P2 (protect),coarse,0.007498942093324558,10,100.0,True,True,4.418719692950713e-06,7.033810143802091e-06,52.97583519797432,9.99992966189856,2.581651503279807,0.0820091399722733,7.336409694849359,49.99964830949272,1.0595241564512476,0.49999648309492806,4.372996950049281,4.633295904664843,0.0402167249868734,0.181785758718486,0.820091399722733,0.5129824425240863,0.8200913997227347,,0.0,1.2465863227844238,ok
B_alpha10,0.8,0.5,10.0,100.0,0.1,0.6,20,200,5,1.0,predictive,P1+P2 (protect),coarse,0.03162277660168379,10,100.0,True,True,4.459395988374565e-06,7.0985595190149615e-06,53.18351822094433,9.999929014404803,1.7800642470076726,0.1267236515536417,8.093283087033884,49.999645072024016,1.063677914999876,0.4999964507202401,4.208980002701023,4.476999073549197,0.0445722197465643,0.22525340527559343,1.2672365155364171,0.6991023978375971,1.2672365155364251,,0.0,1.1619672775268555,ok
B_alpha10,0.8,0.5,10.0,100.0,0.1,0.6,20,200,5,1.0,predictive,P1+P2 (protect),coarse,0.1333521432163324,10,100.0,True,True,4.5515522223059765e-06,7.245255733772566e-06,53.45164110910133,9.999927547442663,1.2936612916737205,0.17928600611585196,8.527125154767765,49.999637737213284,1.0690405676543295,0.49999637737213315,4.119015175333022,4.403394321214812,0.04574108407274139,0.24040735166273244,1.7928600611585197,0.9866920689818957,1.792860061158523,,0.0,1.346452236175537,ok
B_alpha10,0.8,0.5,10.0,100.0,0.1,0.6,20,200,5,1.0,predictive,P1+P2 (protect),coarse,0.5623413251903491,10,100.0,True,True,4.727305810531175e-06,7.525023960217341e-06,53.722713077969395,9.999924749760394,0.8447443365635553,0.22890651407482585,8.926424399601224,49.99962374880195,1.0744623469142935,0.4999962374880197,4.036400163973465,4.336959993268168,0.04600944580861786,0.24501905549087014,2.2890651407482583,1.388175999632309,2.2890651407482534,,0.0,1.167900800704956,ok
B_alpha10,0.8,0.5,10.0,100.0,0.1,0.6,20,200,5,1.0,predictive,P1+P2 (protect),coarse,2.371373705661655,10,100.0,True,True,4.995339326984803e-06,7.951685300582514e-06,54.0345180794399,9.999920483146983,0.46390598075314493,0.28357585620210374,9.252597679897768,49.999602415735,1.080698954966792,0.4999960241573492,3.97104057605461,4.2914994006729446,0.046043409715780394,0.24613868557513255,2.8357585620210375,1.9442888132051586,2.835758562021028,,0.0,1.2627146244049072,ok
B_alpha10,0.8,0.5,10.0,100.0,0.1,0.6,20,200,5,1.0,predictive,P1+P2 (protect),coarse,10.0,10,100.0,True,True,5.3380373517097925e-06,8.497199162073813e-06,54.41309093137662,9.999915028008363,0.2305999836510237,0.34930001876338806,9.420184969577225,49.99957514004188,1.088271065883522,0.4999957514004182,3.9431184623971096,4.291181731977897,0.04600791124543945,0.24618587710915218,3.4930001876338808,2.642790859240443,3.4930001876338928,,0.0,1.1265265941619873,ok
B_alpha10,0.8,0.5,10.0,100.0,0.1,0.6,20,200,5,1.0,predictive,P1+P2 (protect),coarse,0.0001,20,3.0,True,True,4.198805251139635e-06,6.683745749804146e-06,52.62319601257729,9.999933162542499,9.977365918817727,0.00022402598535714176,0.022476892654417213,49.999665812712486,1.0524709546998166,0.49999665812712496,6.010633122636957,6.326016780932058,0.002151420440775154,0.0022476892654428007,0.0022402598535714176,7.474050668222204e-06,0.0022402598535714185,,0.0,7.336200714111328,ok
B_alpha10,0.8,0.5,10.0,100.0,0.1,0.6,20,200,5,1.0,predictive,P1+P2 (protect),coarse,0.00042169650342858224,20,3.0,True,True,4.198805269166877e-06,6.683745778500286e-06,52.623196044652175,9.999933162542227,9.905261055883873,0.0009356772669824981,0.09387010430691767,49.99966581271108,1.0524709553413483,0.49999665812711136,5.994634697466198,6.309178906964644,0.007909515462117154,0.009387010430693319,0.009356772669824981,3.042606256189753e-05,0.009356772669824973,,0.0,7.1451942920684814,ok
B_alpha10,0.8,0.5,10.0,100.0,0.1,0.6,20,200,5,1.0,predictive,P1+P2 (protect),coarse,0.0017782794100389228,20,3.0,True,True,4.1988053449877965e-06,6.683745899193606e-06,52.62319620387794,9.999933162541012,9.615865745765307,0.0037928442077918394,0.38040824748588875,49.999665812705004,1.0524709585260126,0.49999665812705063,5.93042482587312,6.241599900953143,0.02166684634290639,0.03804082474859,0.037928442077918394,0.00011326850643207726,0.037928442077918366,,0.0,7.610021114349365,ok
B_alpha10,0.8,0.5,10.0,100.0,0.1,0.6,20,200,5,1.0,predictive,P1+P2 (protect),coarse,0.007498942093324558,20,3.0,True,True,4.198807257189373e-06,6.683748943075948e-06,52.62329898595993,9.999933162510555,8.609716235378952,0.013752969490595943,1.3765976326198963,49.999665812552784,1.052473014184596,0.49999665812552774,5.707194378016459,6.006668069568363,0.037042292821097104,0.13765976326198778,0.13752969490595943,0.00048119981092761686,0.13752969490595962,,0.0,7.362326145172119,ok
B_alpha10,0.8,0.5,10.0,100.0,0.1,0.6,20,200,5,1.0,predictive,P1+P2 (protect),coarse,0.03162277660168379,20,3.0,True,True,4.198939356213309e-06,6.683959221056701e-06,52.632305132922106,9.999933160407782,6.407804475139415,0.03731283264229123,3.5549495318105118,49.99966580203889,1.0526531385490954,0.49999665802038906,5.219327544404717,5.494141520733368,0.045070975713281954,0.35549495318104835,0.3731283264229123,0.011052699271018098,0.3731283264229126,,0.0,7.2823646068573,ok
B_alpha10,0.8,0.5,10.0,100.0,0.1,0.6,20,200,5,1.0,predictive,P1+P2 (protect),coarse,0.1333521432163324,20,3.0,True,True,4.199850071670494e-06,6.685408916911158e-06,52.6984110552334,9.999933145910838,4.248267341222092,0.07184404417607887,5.679955468690992,49.99966572955405,1.0539752673603207,0.4999966572955419,4.745144920900488,5.0012653866695596,0.04814263871980693,0.5679955468690969,0.7184404417607887,0.07168942965973016,0.718440441760791,,0.0,7.267785310745239,ok
B_alpha10,0.8,0.5,10.0,100.0,0.1,0.6,20,200,5,1.0,predictive,P1+P2 (protect),coarse,0.5623413251903491,20,3.0,True,True,4.2018416354135915e-06,6.688579129604346e-06,52.8474846345333,9.999933114208686,3.10767554633717,0.11284642710189008,6.779544912352254,49.99966557104353,1.0569567622296066,0.4999966557104343,4.503257163089059,4.759748110585895,0.04928401839803646,0.6779544912352207,1.1284642710189008,0.18611383279420496,1.1284642710189021,,0.0,7.8053202629089355,ok
B_alpha10,0.8,0.5,10.0,100.0,0.1,0.6,20,200,5,1.0,predictive,P1+P2 (protect),coarse,2.371373705661655,20,3.0,True,True,4.20468023748261e-06,6.693097675566682e-06,53.05478438817065,9.999933069023239,2.6539100123841237,0.15866298548083374,7.187493933111803,49.9996653451161,1.0611027898280319,0.49999665345116195,4.418119196446151,4.688078605141793,0.04969002806939843,0.7187493933111759,1.5866298548083373,0.34873226808245383,1.5866298548083464,,0.0,7.842374324798584,ok
B_alpha10,0.8,0.5,10.0,100.0,0.1,0.6,20,200,5,1.0,predictive,P1+P2 (protect),coarse,10.0,20,3.0,True,True,4.207183436516962e-06,6.69708231998481e-06,53.22795564047543,9.99993302917681,2.491349500995148,0.19477785307104623,7.313939616756994,49.99966514588403,1.0645662422972677,0.49999665145884054,4.395025948738042,4.678796259047042,0.04982358005110413,0.7313939616756926,1.9477785307104623,0.5018501816912372,1.9477785307104658,,0.0,7.156791925430298,ok
B_alpha10,0.8,0.5,10.0,100.0,0.1,0.6,20,200,5,1.0,predictive,P1+P2 (protect),coarse,0.0001,20,10.0,True,True,4.198805264221132e-06,6.683745770627546e-06,52.62319603584231,9.99993316254229,9.924927896852571,0.0007415608921745281,0.07439737971296445,49.99966581271147,1.0524709551651414,0.49999665812711447,5.998998316912067,6.313771488634519,0.00648023656853498,0.007439737971296104,0.007415608921745281,2.4277879498882988e-05,0.007415608921745282,,0.0,7.3589746952056885,ok
B_alpha10,0.8,0.5,10.0,100.0,0.1,0.6,20,200,5,1.0,predictive,P1+P2 (protect),coarse,0.00042169650342858224,20,10.0,True,True,4.198805324029734e-06,6.683745865832124e-06,52.62319614721098,9.99993316254134,9.693086594356014,0.0030303281836674602,0.30394991491897727,49.99966581270671,1.05247095739263,0.49999665812706706,5.947558231890373,6.259632306466079,0.01894825130089712,0.03039499149189819,0.030303281836674602,9.235527453937232e-05,0.030303281836674592,,0.0,7.296617746353149,ok
B_alpha10,0.8,0.5,10.0,100.0,0.1,0.6,20,200,5,1.0,predictive,P1+P2 (protect),coarse,0.0017782794100389228,20,10.0,True,True,4.198806118782259e-06,6.683747130935767e-06,52.623231034040494,9.999933162528682,8.856089542904002,0.011304966690928807,1.1326723278763868,49.9996658126434,1.0524716551352165,0.4999966581264341,5.761852839628617,6.064186794769477,0.03496993134951521,0.11326723278763857,0.11304966690928807,0.0003390769350552254,0.11304966690928829,,0.0,7.343216180801392,ok
B_alpha10,0.8,0.5,10.0,100.0,0.1,0.6,20,200,5,1.0,predictive,P1+P2 (protect),coarse,0.007498942093324558,20,10.0,True,True,4.19888601580695e-06,6.683874312685637e-06,52.62860401646215,9.999933161256878,6.81685796908379,0.032531159074335056,3.150677710584997,49.999665806284284,1.0525791156357578,0.49999665806284393,5.309807290687804,5.588992262228468,0.044214764717800135,0.31506777105849904,0.3253115907433506,0.0069879472223628005,0.32531159074335136,,0.0,7.120395183563232,ok
B_alpha10,0.8,0.5,10.0,100.0,0.1,0.6,20,200,5,1.0,predictive,P1+P2 (protect),coarse,0.03162277660168379,20,10.0,True,True,4.199624275939282e-06,6.6850494905580525e-06,52.681730902466484,9.999933149505091,4.533150945825074,0.06570144239631223,5.401214462273522,49.99966574752543,1.0536416616959843,0.49999665747525457,4.807101749429876,5.0649626752109675,0.04782290519463993,0.5401214462273498,0.6570144239631224,0.05760316128718775,0.6570144239631265,,0.0,7.459899663925171,ok
B_alpha10,0.8,0.5,10.0,100.0,0.1,0.6,20,200,5,1.0,predictive,P1+P2 (protect),coarse,0.1333521432163324,20,10.0,True,True,4.20144892936734e-06,6.6879540119314435e-06,52.818105806755106,9.999933120459877,3.2334608467392485,0.10574472831476099,6.660861304486113,49.99966560229938,1.0563691810836053,0.49999665602299387,4.528962723076502,4.7842566429344995,0.049166761973429424,0.666086130448607,1.0574472831476098,0.1641400694137526,1.0574472831476063,,0.0,7.2316813468933105,ok
B_alpha10,0.8,0.5,10.0,100.0,0.1,0.6,20,200,5,1.0,predictive,P1+P2 (protect),coarse,0.5623413251903491,20,10.0,True,True,4.204187902575727e-06,6.692313966596028e-06,53.01959001556857,9.999933076860323,2.700773741269521,0.15118366478880693,7.148109517081349,49.99966538430175,1.060398896833717,0.49999665384301617,4.425879019270749,4.693197229554196,0.04964982345200042,0.7148109517081295,1.5118366478880694,0.31976678086883853,1.5118366478880763,,0.0,7.229187726974487,ok
B_alpha10,0.8,0.5,10.0,100.0,0.1,0.6,20,200,5,1.0,predictive,P1+P2 (protect),coarse,2.371373705661655,20,10.0,True,True,4.206875022949607e-06,6.696591380837434e-06,53.207205496485585,9.999933034086188,2.507250954493334,0.1904877592565923,7.302328252163885,49.99966517043091,1.0641512361157084,0.4999966517043094,4.397000138203261,4.679073132269941,0.0498109314614708,0.7302328252163854,1.9048775925659232,0.48245510071964814,1.9048775925659256,,0.0,7.381289958953857,ok
B_alpha10,0.8,0.5,10.0,100.0,0.1,0.6,20,200,5,1.0,predictive,P1+P2 (protect),coarse,10.0,20,10.0,True,True,4.208131759043618e-06,6.6985918795566095e-06,53.29046546542304,9.9999330140812,2.44570890872527,0.20767356505246562,7.346684512141064,49.99966507040602,1.0658164487778699,0.49999665070406,4.389578502924192,4.678484971618341,0.049859976908678785,0.734668451214107,2.076735650524656,0.5622917508743368,2.0767356505246704,,0.0,7.2368104457855225,ok
B_alpha10,0.8,0.5,10.0,100.0,0.1,0.6,20,200,5,1.0,predictive,P1+P2 (protect),coarse,0.0001,20,30.0,True,True,4.198805301433656e-06,6.683745829863218e-06,52.62319610266448,9.999933162541701,9.77907307654257,0.0021813552153853114,0.21881240570034421,49.9996658127085,1.0524709565016563,0.49999665812708505,5.966636553577395,6.279711680641347,0.015247029518471617,0.02188124057003478,0.021813552153853114,6.813668430043625e-05,0.021813552153853125,,0.0,7.32903265953064,ok
B_alpha10,0.8,0.5,10.0,100.0,0.1,0.6,20,200,5,1.0,predictive,P1+P2 (protect),coarse,0.00042169650342858224,20,30.0,True,True,4.198805573017362e-06,6.683746262175824e-06,52.623202241322254,9.999933162537372,9.148632412909931,0.008408954179423845,0.8430254703732718,49.99966581268687,1.0524710792760876,0.4999966581268686,5.826758157806706,6.132494447027573,0.03157646550857001,0.08430254703732724,0.08408954179423846,0.00023542608783457976,0.08408954179423853,,0.0,7.138010025024414,ok
B_alpha10,0.8,0.5,10.0,100.0,0.1,0.6,20,200,5,1.0,predictive,P1+P2 (protect),coarse,0.0017782794100389228,20,30.0,True,True,4.19883960569718e-06,6.683800436105188e-06,52.62543458144967,9.999933161995639,7.394171959271992,0.026192462512435902,2.5797024162199342,49.99966580997816,1.0525157264340654,0.49999665809978194,5.437659176250795,5.723221797992467,0.04270640671399933,0.25797024162199284,0.26192462512435905,0.0033051500326806483,0.2619246251243593,,0.0,7.65824818611145,ok
B_alpha10,0.8,0.5,10.0,100.0,0.1,0.6,20,200,5,1.0,predictive,P1+P2 (protect),coarse,0.007498942093324558,20,30.0,True,True,4.1993515957416695e-06,6.6846154325337235e-06,52.66178192966639,9.99993315384567,4.999225064990429,0.057115759656077764,4.943726021507822,49.99966576922834,1.0532426791155955,0.4999966576922835,4.909014434459448,5.170383514767199,0.04725853102813306,0.4943726021507763,0.5711575965607776,0.03992046862890533,0.5711575965607797,,0.0,7.284976243972778,ok
B_alpha10,0.8,0.5,10.0,100.0,0.1,0.6,20,200,5,1.0,predictive,P1+P2 (protect),coarse,0.03162277660168379,20,30.0,True,True,4.200925490110679e-06,6.687120790408241e-06,52.778831609009494,9.999933128792097,3.4525509152539673,0.09574728203674475,6.45176867391719,49.99966564396039,1.0555836909958378,0.4999966564396049,4.57462797673374,4.828902684613422,0.04895812319872352,0.6451768673917155,0.9574728203674475,0.13467931309961184,0.9574728203674507,,0.0,7.217310190200806,ok
B_alpha10,0.8,0.5,10.0,100.0,0.1,0.6,20,200,5,1.0,predictive,P1+P2 (protect),coarse,0.1333521432163324,20,30.0,True,True,4.203481107213227e-06,6.691188875000314e-06,52.96847687440549,9.999933088111225,2.7839671970035025,0.14017096866725012,7.075928746218022,49.99966544055624,1.0593766259772042,0.4999966544055613,4.440505915305197,4.704168174187836,0.049577130244458284,0.7075928746217994,1.4017096866725012,0.27880693030894577,1.4017096866725116,,0.0,7.45098352432251,ok
B_alpha10,0.8,0.5,10.0,100.0,0.1,0.6,20,200,5,1.0,predictive,P1+P2 (protect),coarse,0.5623413251903491,20,30.0,True,True,4.206347395647543e-06,6.695751492696234e-06,53.171288235114666,9.99993304248509,2.5363041571626592,0.18304508705426423,7.280717713297987,49.99966521242526,1.0634328851846238,0.4999966521242545,4.400755899350216,4.679908543039254,0.04978763690968471,0.7280717713297973,1.8304508705426423,0.4496123821712008,1.8304508705426412,,0.0,7.234969139099121,ok
B_alpha10,0.8,0.5,10.0,100.0,0.1,0.6,20,200,5,1.0,predictive,P1+P2 (protect),coarse,2.371373705661655,20,30.0,True,True,4.2079523484738376e-06,6.6983062900706684e-06,53.2788023041104,9.999933016937112,2.45407037806685,0.2052697993427467,7.340726805653292,49.99966508468548,1.0655831836847502,0.4999966508468556,4.390560983312246,4.6785079507599105,0.04985324111136399,0.7340726805653262,2.0526979934274667,0.5507758263520587,2.052697993427475,,0.0,7.380882501602173,ok
B_alpha10,0.8,0.5,10.0,100.0,0.1,0.6,20,200,5,1.0,predictive,P1+P2 (protect),coarse,10.0,20,30.0,True,True,4.208440155043279e-06,6.699082790739361e-06,53.310317830425845,9.999933009172075,2.43153287630919,0.2117634529486154,7.3567706615701205,49.999665045860446,1.0662134992610215,0.49999665045860375,4.387918274328975,4.678457697743679,0.04987158086503038,0.7356770661570083,2.117634529486154,0.5821547262653903,2.1176345294861627,,0.0,7.137586355209351,ok
B_alpha10,0.8,0.5,10.0,100.0,0.1,0.6,20,200,5,1.0,predictive,P1+P2 (protect),coarse,0.0001,20,100.0,True,True,4.198805454656105e-06,6.683746073765907e-06,52.623197820421325,9.999933162539266,9.310672707837128,0.006807375869817981,0.6825867537537889,49.9996658126963,1.0524709908572796,0.4999966581269633,5.86271034244661,6.1703325632240045,0.029003778991336233,0.06825867537537872,0.0680737586981798,0.00019173919842386516,0.06807375869817987,,0.0,7.332292079925537,ok
B_alpha10,0.8,0.5,10.0,100.0,0.1,0.6,20,200,5,1.0,predictive,P1+P2 (protect),coarse,0.00042169650342858224,20,100.0,True,True,4.198822623149015e-06,6.68377340293091e-06,52.62429699546398,9.99993316226597,7.768404226300938,0.022266612133423236,2.2093959992996686,49.99966581132979,1.052492974533831,0.4999966581132985,5.520605443781459,5.810398444753208,0.0414476326698802,0.2209395999299656,0.22266612133423236,0.0018894058340230844,0.22266612133423255,,0.0,7.270542860031128,ok
B_alpha10,0.8,0.5,10.0,100.0,0.1,0.6,20,200,5,1.0,predictive,P1+P2 (protect),coarse,0.0017782794100389228,20,100.0,True,True,4.199201012671768e-06,6.684375731263183e-06,52.6508911893906,9.999933156242676,5.355647496393239,0.05142044312451037,4.592998904239575,49.99966578121335,1.0530248626016498,0.4999966578121338,4.987277733706432,5.251727450292483,0.04678458795262674,0.4592998904239505,0.5142044312451037,0.02974844117156661,0.5142044312451041,,0.0,7.299781560897827,ok
B_alpha10,0.8,0.5,10.0,100.0,0.1,0.6,20,200,5,1.0,predictive,P1+P2 (protect),coarse,0.007498942093324558,20,100.0,True,True,4.20059598772991e-06,6.686596281647943e-06,52.7541013781246,9.999933134037171,3.632754440139617,0.08903434143413398,6.278278084389077,49.99966567018581,1.0550890825172303,0.49999665670185856,4.612755800069917,4.866868284971801,0.04878194864305632,0.627827808438903,0.8903434143413398,0.11587304139024268,0.8903434143413398,,0.0,7.3102216720581055,ok
B_alpha10,0.8,0.5,10.0,100.0,0.1,0.6,20,200,5,1.0,predictive,P1+P2 (protect),coarse,0.03162277660168379,20,100.0,True,True,4.203007794714854e-06,6.690435446296169e-06,52.93387517024203,9.999933095645545,2.854100945245804,0.1325787938490331,7.013387165259617,49.99966547822762,1.0586845864657257,0.4999966547822773,4.453472744248281,4.7148229505808725,0.04951483043194318,0.7013387165259619,1.3257879384903308,0.25176023024244404,1.3257879384903346,,0.0,7.75894570350647,ok
B_alpha10,0.8,0.5,10.0,100.0,0.1,0.6,20,200,5,1.0,predictive,P1+P2 (protect),coarse,0.1333521432163324,20,100.0,True,True,4.2059317535380795e-06,6.695089864919662e-06,53.142651233735705,9.99993304910135,2.561321671342432,0.17709147136713768,7.261653808189081,49.99966524550667,1.0628601406188711,0.49999665245506747,4.404161112400538,4.681007299234199,0.04976732433020199,0.7261653808189078,1.7709147136713768,0.4240499921765118,1.7709147136713943,,0.0,7.289274215698242,ok
B_alpha10,0.8,0.5,10.0,100.0,0.1,0.6,20,200,5,1.0,predictive,P1+P2 (protect),coarse,0.5623413251903491,20,100.0,True,True,4.207793006881897e-06,6.698052646802118e-06,53.26837695132513,9.999933019473541,2.461583192252867,0.20312040989795133,7.335363378375639,49.99966509736775,1.065374674962162,0.49999665097367707,4.391447657549033,4.678537120774649,0.04984723164161161,0.7335363378375614,2.0312040989795133,0.5405765738842959,2.031204098979513,,0.0,7.199334621429443,ok
B_alpha10,0.8,0.5,10.0,100.0,0.1,0.6,20,200,5,1.0,predictive,P1+P2 (protect),coarse,2.371373705661655,20,100.0,True,True,4.2083983037481026e-06,6.699016170975041e-06,53.307638762712735,9.99993300983828,2.433443875833504,0.21121163536818244,7.355411478960034,49.99966504919139,1.066159917476784,0.499996650491914,4.388141900766254,4.678461006797367,0.04986999870414285,0.7355411478960019,2.1121163536818246,0.5794547918948341,2.1121163536818317,,0.0,7.273677825927734,ok
B_alpha10,0.8,0.5,10.0,100.0,0.1,0.6,20,200,5,1.0,predictive,P1+P2 (protect),coarse,10.0,20,100.0,True,True,4.208552116813602e-06,6.699261013819925e-06,53.31746102679349,9.999933007389869,2.4264383138645518,0.2132346018674458,7.3603940768781335,49.99966503694931,1.066356364335488,0.4999966503694934,4.387322124076642,4.678448869399019,0.04987583404394639,0.7360394076878102,2.132346018674458,0.5893835255811974,2.1323460186744714,,0.0,7.401012897491455,ok
B_alpha10,0.8,0.5,10.0,100.0,0.1,0.6,20,200,5,1.0,base,Base,fine,2.548296747979346,0,1.0,False,False,5.031794623097442e-06,8.00971560107889e-06,53.770527170232036,9.99991990284398,0.8055475183558541,0.20527741213690542,8.989255166663261,49.99959951421996,1.0754191572062417,0.49999599514219895,4.018671940057374,4.321756790864873,0.0,0.0,,,,,1.5548402283053777e-96,0.3614621162414551,ok
B_alpha10,0.8,0.5,10.0,100.0,0.1,0.6,20,200,5,1.0,base,Base,fine,2.738419634264361,0,1.0,False,False,5.04833882073101e-06,8.036050999841718e-06,53.79947035112788,9.999919639490004,0.76899517446154,0.21058314844000242,9.020502037608452,49.99959819745004,1.075998053797793,0.49999598197450024,4.012420921622354,4.317357102683199,0.0,0.0,,,,,1.7476474257674037e-96,0.407240629196167,ok
B_alpha10,0.8,0.5,10.0,100.0,0.1,0.6,20,200,5,1.0,base,Base,fine,2.9427271762092815,0,1.0,False,False,5.06507690381988e-06,8.062695029515078e-06,53.82876382899789,9.999919373049662,0.7338542385314958,0.21595328111029968,9.050273107308541,49.99959686524851,1.076583956748075,0.49999596865248314,4.006512510472906,4.313347091285584,0.0,0.0,,,,,1.9543222990766635e-96,0.37673211097717285,ok
B_alpha10,0.8,0.5,10.0,100.0,0.1,0.6,20,200,5,1.0,base,Base,fine,3.162277660168379,0,1.0,False,False,5.082003825080507e-06,8.089639655727781e-06,53.85838987210932,9.999919103603414,0.7000789825245678,0.2213844126790843,9.078617501192934,49.99959551801719,1.07717651141201,0.4999959551801707,4.0009351135616456,4.309713328012148,0.0,0.0,,,,,2.1745415459283118e-96,0.36830639839172363,ok
B_alpha10,0.8,0.5,10.0,100.0,0.1,0.6,20,200,5,1.0,base,Base,fine,3.3982083289425593,0,1.0,False,False,5.099113960993736e-06,8.11687592684478e-06,53.88832903708626,9.999918831240652,0.6676248134362467,0.2268728201627776,9.105583535160324,49.99959415620362,1.0777753289103478,0.49999594156203264,3.9956772715081175,4.306442385519262,0.0,0.0,,,,,2.407816112391611e-96,0.4177219867706299,ok
B_alpha10,0.8,0.5,10.0,100.0,0.1,0.6,20,200,5,1.0,base,Base,fine,3.651741272548377,0,1.0,False,False,5.116401090980582e-06,8.144393940818734e-06,53.91856013743002,9.999918556060576,0.6364482914480005,0.2324144493723562,9.131218703119067,49.99959278030297,1.07837998550002,0.4999959278030288,3.990727660553845,4.303520836722584,0.0,0.0,,,,,2.65349374203515e-96,0.36542248725891113,ok
B_alpha10,0.8,0.5,10.0,100.0,0.1,0.6,20,200,5,1.0,base,Base,fine,3.9241897584845358,0,1.0,False,False,5.1338583775498305e-06,8.17218281358856e-06,53.94906022219647,9.999918278171855,0.606507141279079,0.23800491122550888,9.155569669323556,49.99959139085932,1.0789900221476445,0.4999959139085927,3.9860750937364853,4.300935253672904,0.0,0.0,,,,,2.910765393985979e-96,0.37120628356933594,ok
B_alpha10,0.8,0.5,10.0,100.0,0.1,0.6,20,200,5,1.0,base,Base,fine,4.216965034285822,0,1.0,False,False,5.151478347582265e-06,8.200230649287263e-06,53.979804566331055,9.999917997693478,0.5777602573789937,0.24363948035671856,9.17868226457081,49.99958998846756,1.0796049443361742,0.4999958998846739,3.981708521538925,4.298672206758901,0.0,0.0,,,,,3.1786754282905334e-96,0.3786964416503906,ok
B_alpha10,0.8,0.5,10.0,100.0,0.1,0.6,20,200,5,1.0,base,Base,fine,4.531583637600818,0,1.0,False,False,5.169252874919831e-06,8.228524512527012e-06,54.01076667433466,9.999917714754854,0.550167703595587,0.24931309635501725,9.200601485294541,49.9995885737744,1.0802242221381835,0.49999588573774273,3.9776170322798103,4.296718264658048,0.0,0.0,,,,,3.4561353233460006e-96,0.36583852767944336,ok
B_alpha10,0.8,0.5,10.0,100.0,0.1,0.6,20,200,5,1.0,base,Base,fine,4.869675251658631,0,1.0,False,False,5.18717316443392e-06,8.257050403038697e-06,54.04191829908881,9.999917429495953,0.5236907079238102,0.2550203679900165,9.221371494590219,49.999587147479836,1.080847290592333,0.4999958714747977,3.9737898525178914,4.29505999547727,0.0,0.0,,,,,3.741940565109753e-96,0.4112508296966553,ok
B_alpha10,0.8,0.5,10.0,100.0,0.1,0.6,20,200,5,1.0,base,Base,fine,5.232991146814947,0,1.0,False,False,5.205229737750821e-06,8.285793232949406e-06,54.0732294777815,9.999917142067643,0.498291652887584,0.26075558080925104,9.241035624235522,49.999585710338344,1.081473550421856,0.4999958571033821,3.970216347738859,4.2936839695320375,0.0,0.0,,,,,4.0347902368809935e-96,0.439284086227417,ok
B_alpha10,0.8,0.5,10.0,100.0,0.1,0.6,20,200,5,1.0,base,Base,fine,5.623413251903491,0,1.0,False,False,5.223412420818953e-06,8.314736806991691e-06,54.10466858692071,9.999916852631907,0.47393406203712707,0.26651270849880143,9.259636376832164,49.99958426315964,1.082102369134812,0.49999584263159536,3.966886023580755,4.292576764204508,0.0,0.0,,,,,4.333308746392774e-96,0.4182422161102295,ok
B_alpha10,0.8,0.5,10.0,100.0,0.1,0.6,20,200,5,1.0,base,Base,fine,6.042963902381328,0,1.0,False,False,5.241710333507228e-06,8.343863805946014e-06,54.1362024183708,9.999916561361923,0.4505825829631756,0.27228542838882064,9.27721542728608,49.999582806809684,1.0827330825447954,0.49999582806809617,3.9637885278319813,4.291724971295218,0.0,0.0,,,,,4.63606905738066e-96,0.40905022621154785,ok
B_alpha10,0.8,0.5,10.0,100.0,0.1,0.6,20,200,5,1.0,base,Base,fine,6.493816315762113,0,1.0,False,False,5.26011188143072e-06,8.373155773628696e-06,54.167796278173185,9.99991626844222,0.428202967145001,0.2780671414503947,9.293813622962384,49.999581342211286,1.0833649967473418,0.499995813422111,3.9609136534037317,4.291115207236236,0.0,0.0,,,,,4.941616748176505e-96,0.3689601421356201,ok
B_alpha10,0.8,0.5,10.0,100.0,0.1,0.6,20,200,5,1.0,base,Base,fine,6.978305848598663,0,1.0,False,False,5.278604750204829e-06,8.40259310774556e-06,54.19941410958539,9.999915974068863,0.40676204686814027,0.2838509970647888,9.309470981998208,49.99957987034462,1.0839973905807105,0.49999579870344313,3.9582513424357195,4.290734126462914,0.0,0.0,,,,,5.248494201517293e-96,0.4179680347442627,ok
B_alpha10,0.8,0.5,10.0,100.0,0.1,0.6,20,200,5,1.0,base,Base,fine,7.498942093324558,0,1.0,False,False,5.297175902337376e-06,8.432155054944699e-06,54.23101864127446,9.99991567844943,0.38622770937786544,0.28962992274620014,9.324226689426505,49.999578392247265,1.0846295185897668,0.49999578392247146,3.955791691640666,4.290568438145614,0.0,0.0,,,,,5.555264237862951e-96,0.39926886558532715,ok
B_alpha10,0.8,0.5,10.0,100.0,0.1,0.6,20,200,5,1.0,base,Base,fine,8.058421877614817,0,1.0,False,False,5.315811576975543e-06,8.461819710413671e-06,54.26257156091917,9.999915381802854,0.3665688683824173,0.29539665886253647,9.338119090952192,49.99957690901446,1.0852606144980426,0.4999957690901427,3.953524958930026,4.290604926361748,0.0,0.0,,,,,5.860532538268554e-96,0.36634302139282227,ok
B_alpha10,0.8,0.5,10.0,100.0,0.1,0.6,20,200,5,1.0,base,Base,fine,8.659643233600654,0,1.0,False,False,5.334497292734717e-06,8.491564022382488e-06,54.294033713611356,9.99991508435972,0.34775543299208656,0.30114379822577714,9.351185684422417,49.9995754217989,1.0858898951757927,0.49999575421798603,3.951441571292314,4.29083047364388,0.0,0.0,,,,,6.162968260523082e-96,0.3786747455596924,ok
B_alpha10,0.8,0.5,10.0,100.0,0.1,0.6,20,200,5,1.0,base,Base,fine,9.30572040929699,0,1.0,False,False,5.353217853850011e-06,8.521363801915752e-06,54.32536532342283,9.999914786361938,0.32975827418122394,0.3068638302182762,9.363463109238563,49.999573931809884,1.0865165650713848,0.4999957393180969,3.9495321338178226,4.291232087674798,0.0,0.0,,,,,6.461322331284156e-96,0.3929140567779541,ok
B_alpha10,0.8,0.5,10.0,100.0,0.1,0.6,20,200,5,1.0,predictive,P2 only,fine,0.9085175756516868,0,10.0,False,False,4.829971948202237e-06,7.688450058895198e-06,53.743982460123945,9.999923115499419,0.7939830906748435,0.20585321438924406,9.000240579436493,49.99961557749713,1.0748879134245186,0.4999961557749709,4.016280841970695,4.317051733952749,0.0,0.0,2.0585321438924407,1.4801742134655589,2.058532143892443,,0.0,1.0411534309387207,ok
B_alpha10,0.8,0.5,10.0,100.0,0.1,0.6,20,200,5,1.0,predictive,P2 only,fine,1.4677992676220697,0,10.0,False,False,4.921985150935205e-06,7.834918593609744e-06,53.90446313709813,9.999921650814066,0.6177194305893833,0.23526549691323587,9.147093421683314,49.99960825407016,1.0780977095497564,0.4999960825407033,3.987575754710308,4.298996287809325,0.0,0.0,2.3526549691323586,1.7143364812626811,2.35265496913236,,0.0,1.0232555866241455,ok
B_alpha10,0.8,0.5,10.0,100.0,0.1,0.6,20,200,5,1.0,predictive,P2 only,fine,3.831186849557288,0,10.0,False,False,5.13506394524568e-06,8.174101861384672e-06,54.22942079760186,9.99991825898137,0.3507713507425217,0.2940390976679756,9.355271292608133,49.99959129490684,1.0845972815606972,0.49999591294906853,3.949451894424325,4.283564788347369,0.0,0.0,2.940390976679756,2.225715612825173,2.9403909766797636,,0.0,0.9938251972198486,ok
B_alpha10,0.8,0.5,10.0,100.0,0.1,0.6,20,200,5,1.0,predictive,P2 only,fine,6.189658188912607,0,10.0,False,False,5.253425067490147e-06,8.362511563768713e-06,54.38870418665865,9.999916374884391,0.2561758408508871,0.32244169125143823,9.421466093013285,49.99958187442182,1.0877831803325972,0.49999581874421956,3.9387903812916187,4.28454992762484,0.0,0.0,3.2244169125143824,2.492014101808916,3.224416912514375,,0.0,0.9530348777770996,ok
B_alpha10,0.8,0.5,10.0,100.0,0.1,0.6,20,200,5,1.0,predictive,P1 only (protect),fine,3.0141625298773898,5,1.0,True,True,5.068620997236422e-06,8.06833659131482e-06,53.826315348041014,9.999919316634065,0.7243691594894377,0.21738788811203777,9.05832363576446,49.999596583170316,1.0765349928074972,0.49999596583170325,4.004912152791343,4.311428075599887,0.01872422579921589,0.030607582753048902,2.1738788811203777,1.8263660516723121,2.1738788811203724,,0.0,0.9784746170043945,ok
B_alpha10,0.8,0.5,10.0,100.0,0.1,0.6,20,200,5,1.0,predictive,P1 only (protect),fine,3.831186849557287,5,1.0,True,True,5.12580563116437e-06,8.159364283981108e-06,53.925854258714196,9.999918406357155,0.618324561026776,0.23572925833549377,9.146027774280574,49.99959203178581,1.0785258852598714,0.4999959203178578,3.9878854100440506,4.301037642182685,0.019437044270607447,0.03232577540519249,2.357292583354938,1.969963908344427,2.357292583354943,,0.0,0.9391231536865234,ok
B_alpha10,0.8,0.5,10.0,100.0,0.1,0.6,20,200,5,1.0,predictive,P1 only (protect),fine,4.869675251658631,5,1.0,True,True,5.1848304705034566e-06,8.253321253991708e-06,54.02825936851582,9.999917466787457,0.5256959718792223,0.2545741818367938,9.219812379496526,49.999587333937164,1.0805741056955525,0.49999587333937284,3.9740744729540354,4.29428196957983,0.020035951495495037,0.03381965674231186,2.5457418183679383,2.1184417997743057,2.5457418183679383,,0.0,0.9913489818572998,ok
B_alpha10,0.8,0.5,10.0,100.0,0.1,0.6,20,200,5,1.0,predictive,P1 only (protect),fine,6.189658188912605,5,1.0,True,True,5.245372001689091e-06,8.349692525708788e-06,54.13248792484039,9.999916503074726,0.44504339252482356,0.27372508251176897,9.281315021888682,49.999582515373675,1.0826587983648852,0.4999958251537363,3.9630802121817,4.290663660344293,0.02053641696678482,0.03510504724925938,2.7372508251176897,2.270583143943027,2.73725082511769,,0.0,1.1187734603881836,ok
B_alpha10,0.8,0.5,10.0,100.0,0.1,0.6,20,200,5,1.0,predictive,P1 only (protect),fine,7.867438076599398,5,1.0,True,True,5.3070212318683526e-06,8.447827055781e-06,54.23729619381729,9.999915521729438,0.37506666375193,0.2929468785448706,9.33207093597376,49.999577608647215,1.0847550876997245,0.4999957760864719,3.9545209437976045,4.2896867131995675,0.020952622957094175,0.0362008119836622,2.929468785448706,2.424887471877453,2.9294687854487065,,0.0,0.9792132377624512,ok
B_alpha10,0.8,0.5,10.0,100.0,0.1,0.6,20,200,5,1.0,predictive,P1+P2 (protect),fine,0.9085175756516868,5,10.0,True,True,4.827933765859516e-06,7.685205637743072e-06,53.731378443601116,9.999923147943594,0.7955878069556832,0.20577513240866466,8.998713912692057,49.99961573971813,1.0746358276693433,0.49999615739717973,4.016613501642361,4.316396774765297,0.021206844731905497,0.03684452606999688,2.0577513240866465,1.4723827093876933,2.0577513240866394,,0.0,0.9940783977508545,ok
B_alpha10,0.8,0.5,10.0,100.0,0.1,0.6,20,200,5,1.0,predictive,P1+P2 (protect),fine,1.4677992676220697,5,10.0,True,True,4.919831753394411e-06,7.831490770502921e-06,53.891325964651045,9.999921685092282,0.6193461253319162,0.23516115161155132,9.14557103796425,49.99960842546142,1.0778349603475663,0.4999960842546141,3.9879034986652835,4.298301809353817,0.021772352252917744,0.0383870046828092,2.351611516115513,1.7061100048824114,2.3516115161155198,,0.0,1.0769257545471191,ok
B_alpha10,0.8,0.5,10.0,100.0,0.1,0.6,20,200,5,1.0,predictive,P1+P2 (protect),fine,3.831186849557288,5,10.0,True,True,5.132692152482617e-06,8.170326392209194e-06,54.21540125290819,9.999918296736068,0.352457360296123,0.293845496769507,9.353778846198303,49.999591483680284,1.0843168842810231,0.4999959148368034,3.949759462076708,4.282790873578506,0.022412877415503157,0.040178761512166906,2.93845496769507,2.216776545584268,2.938454967695061,,0.0,1.0410923957824707,ok
B_alpha10,0.8,0.5,10.0,100.0,0.1,0.6,20,200,5,1.0,predictive,P1+P2 (protect),fine,6.189658188912607,5,10.0,True,True,5.25093037075299e-06,8.358540453484551e-06,54.37421085267774,9.999916414595491,0.25790670305092406,0.3221767521378085,9.420000130215776,49.99958207297725,1.0874933069103552,0.49999582072977455,3.9390812461562374,4.283724490571009,0.022581001168131547,0.040654160003487545,3.221767521378085,2.4827442000424957,3.2217675213780903,,0.0,1.0164732933044434,ok
