row,rho_B,rho,alpha,r1,sigma,delta,c,K,b,mu,model,series,stage,beta,n_target,gamma,protect_presetup,protect_delayoff,P_block,P_block_arrival_stable,E_N,E_B,E_I,E_S,E_off,lambda_eff,E_W,rho_server,Cost,ERP,p1_fire_rate,p1_launch_rate,setup_completion_rate,setup_cancel_rate,delayoff_rate,consistency_max_relerr,min_pi,elapsed_s,check
B_alpha1,0.8,0.5,1.0,0.1,10.0,0.6,20,200,5,1.0,base,Base,coarse,0.01,0,1.0,False,False,7.618007296598562e-11,9.392874612984226e-11,52.28239241937809,9.999999999060647,5.428389166813902,0.05428389166813906,4.517326942457312,49.99999999530356,1.0456478484857783,0.49999999995303235,5.004789112599424,5.233246967714635,0.0,0.0,,,,,2.740174351384414e-49,0.7339372634887695,ok
B_alpha1,0.8,0.5,1.0,0.1,10.0,0.6,20,200,5,1.0,base,Base,coarse,0.042169650342858224,0,1.0,False,False,2.120513569875837e-10,2.6102137355941023e-10,52.84066402033709,9.99999999738983,3.8966223398199826,0.16431920158837873,5.9390584612018085,49.99999998694899,1.0568132806825914,0.4999999998694915,4.7006119728271365,4.967669160219314,0.0,0.0,,,,,3.952915591575922e-41,0.6371438503265381,ok
B_alpha1,0.8,0.5,1.0,0.1,10.0,0.6,20,200,5,1.0,base,Base,coarse,0.1778279410038923,0,1.0,False,False,5.789335551852926e-10,7.114827263610805e-10,54.167708732091185,9.999999992885193,2.3994796657685318,0.4266945284443236,7.173825812901952,49.99999996442592,1.0833541754126104,0.4999999996442597,4.4615224249708625,4.833408947789178,0.0,0.0,,,,,1.4147123176294448e-34,0.4406566619873047,ok
B_alpha1,0.8,0.5,1.0,0.1,10.0,0.6,20,200,5,1.0,base,Base,coarse,0.7498942093324559,0,1.0,False,False,1.3794307519690564e-09,1.6929010764236764e-09,56.48540778189661,9.999999983070984,1.1807188495763934,0.8854142281470144,7.9338669392056085,49.999999915354934,1.1297081575504166,0.4999999991535492,4.359054038971982,4.92445890702974,0.0,0.0,,,,,6.019410409422491e-30,0.45877933502197266,ok
B_alpha1,0.8,0.5,1.0,0.1,10.0,0.6,20,200,5,1.0,base,Base,coarse,3.1622776601683795,0,1.0,False,False,2.495788505801845e-09,3.060235967519957e-09,59.15466744541504,9.999999969397589,0.44705457543455934,1.4137106967727666,8.139234758395084,49.99999984698823,1.183093352528845,0.4999999984698794,4.392177083829861,5.196355511008636,0.0,0.0,,,,,2.0953829430172435e-27,0.40922117233276367,ok
B_alpha1,0.8,0.5,1.0,0.1,10.0,0.6,20,200,5,1.0,base,Base,coarse,13.33521432163324,0,1.0,False,False,3.3660496656032343e-09,4.125920367199767e-09,61.1560971402599,9.999999958740847,0.13571085678321923,1.8097333609767068,8.054555823499225,49.99999979370395,1.2231219478517026,0.49999999793704236,4.470838274307419,5.468380418600835,0.0,0.0,,,,,1.1082732717866602e-31,0.4076721668243408,ok
B_alpha1,0.8,0.5,1.0,0.1,10.0,0.6,20,200,5,1.0,base,Base,coarse,56.23413251903491,0,1.0,False,False,3.771566326051628e-09,4.6226687867303154e-09,62.161984952997685,9.999999953773287,0.0357207943299133,2.0087278820335155,7.955551369863285,49.99999976886657,1.2432397048070387,0.4999999976886643,4.523099674257939,5.623297103837253,0.0,0.0,,,,,1.6469426142060262e-42,0.4189796447753906,ok
B_alpha1,0.8,0.5,1.0,0.1,10.0,0.6,20,200,5,1.0,base,Base,coarse,237.13737056616552,0,1.0,False,False,3.899047157877833e-09,4.778888155633941e-09,62.501044274316,9.99999995221109,0.008753538002706535,2.0757909851128327,7.915455524673372,49.9999997610556,1.25002089146003,0.49999999761055447,4.542230569746003,5.677883106010898,0.0,0.0,,,,,2.87432653219891e-54,0.5008525848388672,ok
B_alpha1,0.8,0.5,1.0,0.1,10.0,0.6,20,200,5,1.0,base,Base,coarse,1000.0,0,1.0,False,False,3.9316813315806435e-09,4.818885404226597e-09,62.59015204719835,9.999999951811125,0.002093413991446589,2.093413991446581,7.904492642750848,49.99999975905569,1.2518030469762635,0.49999999759055624,4.547354023461534,5.692391622248921,0.0,0.0,,,,,1.7084080118203537e-66,0.46508121490478516,ok
B_alpha1,0.8,0.5,1.0,0.1,10.0,0.6,20,200,5,1.0,predictive,Check,check,3.1622776601683795,0,1.0,False,False,2.4957885058018453e-09,3.060235967519957e-09,59.154667445415065,9.999999969397653,0.447054575434561,1.413710696772771,8.139234758395014,49.9999998469883,1.1830933525288438,0.49999999846988263,4.392177083829887,5.1963555110086626,0.0,0.0,1.413710696772771,5.483778373319539,1.413710696772767,8.511600757694594e-15,0.0,1.1875410079956055,ok
B_alpha1,0.8,0.5,1.0,0.1,10.0,0.6,20,200,5,1.0,predictive,P2 only,coarse,0.01,0,3.0,False,False,1.2690264952597592e-10,1.5633679089062934e-10,52.49414535847497,9.999999998436627,4.666911710020287,0.0959612815645013,5.237127009978586,49.999999992183206,1.0498829073336338,0.4999999999218313,4.848678800894881,5.0905449962104745,0.0,0.0,0.0959612815645013,0.6971139782666166,0.09596128156450123,,0.0,1.1341321468353271,ok
B_alpha1,0.8,0.5,1.0,0.1,10.0,0.6,20,200,5,1.0,predictive,P2 only,coarse,0.042169650342858224,0,3.0,False,False,3.560607252954912e-10,4.379144168601526e-10,53.38859457676586,9.999999995620842,3.1183134679545517,0.27259817890767085,6.609088357516935,49.99999997810415,1.0677718920029127,0.4999999997810421,4.565745560268161,4.875174775291433,0.0,0.0,0.27259817890767085,1.6173777894489247,0.272598178907672,,0.0,1.0017666816711426,ok
B_alpha1,0.8,0.5,1.0,0.1,10.0,0.6,20,200,5,1.0,predictive,P2 only,coarse,0.1778279410038923,0,3.0,False,False,9.324661932666233e-10,1.145037975787549e-09,55.2449191900693,9.999999988549597,1.7157950959017114,0.6398910630101357,7.644313852538556,49.99999994274795,1.10489838506654,0.49999999942747986,4.3874490216597035,4.8476853385935765,0.0,0.0,0.6398910630101357,3.0683056902805275,0.6398910630101377,,0.0,1.4004099369049072,ok
B_alpha1,0.8,0.5,1.0,0.1,10.0,0.6,20,200,5,1.0,predictive,P2 only,coarse,0.7498942093324559,0,3.0,False,False,1.9614590429635915e-09,2.4057796218326128e-09,57.87987149244989,9.999999975942174,0.7286692963400501,1.1614417284590042,8.109888999258773,49.99999987971103,1.1575974326339218,0.4999999987971087,4.360857901243515,5.048117910560845,0.0,0.0,1.1614417284590042,4.712110820039621,1.1614417284590075,,0.0,1.064267635345459,ok
B_alpha1,0.8,0.5,1.0,0.1,10.0,0.6,20,200,5,1.0,predictive,P2 only,coarse,3.1622776601683795,0,3.0,False,False,2.990940850521563e-09,3.6664429292468306e-09,60.24846654159297,9.99999996333558,0.24246908095492814,1.6301843967274021,8.12734655898209,49.999999816678,1.2049693352498072,0.499999998166779,4.42741483073094,5.334899105460998,0.0,0.0,1.6301843967274021,6.119384687739982,1.6301843967274021,,0.0,1.07558274269104,ok
B_alpha1,0.8,0.5,1.0,0.1,10.0,0.6,20,200,5,1.0,predictive,P2 only,coarse,13.33521432163324,0,3.0,False,False,3.571036228440004e-09,4.3769481553201015e-09,61.64914041783367,9.999999956230512,0.0702954394585112,1.9073140538110898,8.022390550499885,49.999999781152646,1.232982813753374,0.4999999978115256,4.492769729092008,5.539507862121848,0.0,0.0,1.9073140538110898,7.03301828565951,1.907314053811094,,0.0,1.0961384773254395,ok
B_alpha1,0.8,0.5,1.0,0.1,10.0,0.6,20,200,5,1.0,predictive,P2 only,coarse,56.23413251903491,0,3.0,False,False,3.8140312808170764e-09,4.6746940619606575e-09,62.27904477933211,9.999999953253058,0.01920223909347561,2.0319027979617825,7.948895009691684,49.99999976626538,1.2455809014093497,0.4999999976626529,4.528086591114374,5.640098177819832,0.0,0.0,2.0319027979617825,7.4759229308100466,2.0319027979617803,,0.0,1.0923802852630615,ok
B_alpha1,0.8,0.5,1.0,0.1,10.0,0.6,20,200,5,1.0,predictive,P2 only,coarse,237.13737056616552,0,3.0,False,False,3.906018545326222e-09,4.7874313968264375e-09,62.52268626845638,9.999999952125687,0.004906003250903507,2.080077809500078,7.915016235123331,49.99999976062825,1.2504537313555937,0.4999999976062844,4.54297437227742,5.680779255267136,0.0,0.0,2.080077809500078,7.649818073213267,2.0800778095000774,,0.0,1.024548053741455,ok
B_alpha1,0.8,0.5,1.0,0.1,10.0,0.6,20,200,5,1.0,predictive,P2 only,coarse,1000.0,0,3.0,False,False,3.933061876888638e-09,4.820577420231389e-09,62.59469675928976,9.999999951794244,0.0011917241169726433,2.0943144752434883,7.904493848845295,49.999999758971214,1.2518939412206447,0.4999999975897122,4.547489176937746,5.69297414837482,0.0,0.0,2.0943144752434883,7.701365519636373,2.094314475243487,,0.0,1.3770906925201416,ok
B_alpha1,0.8,0.5,1.0,0.1,10.0,0.6,20,200,5,1.0,predictive,P2 only,coarse,0.01,0,10.0,False,False,2.66564893634649e-10,3.279943324986509e-10,53.0519574098681,9.999999996720094,3.552592135140682,0.2060647292159903,6.241343138923234,49.999999983600304,1.0610391485453765,0.4999999998360047,4.638698370239565,4.921840569117814,0.0,0.0,0.2060647292159903,1.2961995107937045,0.20606472921599067,,0.0,1.0557663440704346,ok
B_alpha1,0.8,0.5,1.0,0.1,10.0,0.6,20,200,5,1.0,predictive,P2 only,coarse,0.042169650342858224,0,10.0,False,False,7.246977719239876e-10,8.902502133886275e-10,54.61739373682912,9.999999991097502,2.0767760532166655,0.5157017830310545,7.407522172654778,49.99999995548734,1.0923478757090486,0.49999999955487506,4.422189309329895,4.830569098029776,0.0,0.0,0.5157017830310545,2.6132316150374133,0.5157017830310537,,0.0,1.0807840824127197,ok
B_alpha1,0.8,0.5,1.0,0.1,10.0,0.6,20,200,5,1.0,predictive,P2 only,coarse,0.1778279410038923,0,10.0,False,False,1.6505724809824853e-09,2.0249395183983093e-09,57.11226907170936,9.999999979750642,0.9504487175981603,1.0095243961823435,8.040026906468855,49.999999898752975,1.1422453837471662,0.4999999989875321,4.353770800168817,4.973074598386038,0.0,0.0,1.0095243961823435,4.240682723045601,1.0095243961823428,,0.0,1.2572579383850098,ok
B_alpha1,0.8,0.5,1.0,0.1,10.0,0.6,20,200,5,1.0,predictive,P2 only,coarse,0.7498942093324559,0,10.0,False,False,2.7300284668700502e-09,3.346858825555076e-09,59.61933379597226,9.999999966531435,0.3414019672801658,1.505711265462465,8.152886800725934,49.99999983265725,1.1923866799101905,0.49999999832657177,4.402933495999864,5.249999253160646,0.0,0.0,1.505711265462465,5.720281741788001,1.5057112654624665,,0.0,1.059638261795044,ok
B_alpha1,0.8,0.5,1.0,0.1,10.0,0.6,20,200,5,1.0,predictive,P2 only,coarse,3.1622776601683795,0,10.0,False,False,3.3968102765664295e-09,4.163457712095806e-09,61.20114412220178,9.999999958365393,0.11094489190065117,1.818715806541081,8.070339343192876,49.999999791827186,1.2240228875402015,0.49999999791826966,4.46862858956362,5.46970366954236,0.0,0.0,1.818715806541081,6.726307437872969,1.8187158065410796,,0.0,1.0800447463989258,ok
B_alpha1,0.8,0.5,1.0,0.1,10.0,0.6,20,200,5,1.0,predictive,P2 only,coarse,13.33521432163324,0,10.0,False,False,3.680620061164467e-09,4.51118759507619e-09,61.93151997259988,9.999999954888116,0.03794073511123977,1.9631976843533923,7.998861625647251,49.99999977444059,1.2386304050396926,0.4999999977444058,4.506482022954296,5.581865653395973,0.0,0.0,1.9631976843533923,7.235981873210596,1.9631976843533927,,0.0,0.9894886016845703,ok
B_alpha1,0.8,0.5,1.0,0.1,10.0,0.6,20,200,5,1.0,predictive,P2 only,coarse,56.23413251903491,0,10.0,False,False,3.831328780114394e-09,4.6958887587621915e-09,62.32808619837145,9.999999953041103,0.012540083092699892,2.0416114275572115,7.9458485363089855,49.99999976520545,1.246561729821147,0.49999999765205516,4.53023393914207,5.647216255671408,0.0,0.0,2.0416114275572115,7.515395844752478,2.04161142755721,,0.0,1.209204912185669,ok
B_alpha1,0.8,0.5,1.0,0.1,10.0,0.6,20,200,5,1.0,predictive,P2 only,coarse,237.13737056616552,0,10.0,False,False,3.9085684461081386e-09,4.790556350674002e-09,62.53066347772022,9.999999952094413,0.003501316326569065,2.081657912346652,7.914840819232366,49.99999976047208,1.2506132755455404,0.49999999760472064,4.54325157882003,5.681850738615565,0.0,0.0,2.081657912346652,7.656924665681807,2.081657912346655,,0.0,1.0562527179718018,ok
B_alpha1,0.8,0.5,1.0,0.1,10.0,0.6,20,200,5,1.0,predictive,P2 only,coarse,1000.0,0,10.0,False,False,3.933550536664605e-09,4.821176334413315e-09,62.59630843635359,9.999999951788286,0.0008727397030926497,2.094633810235978,7.904493498272643,49.99999975894116,1.2519261747628292,0.4999999975894143,4.547537281450024,5.693180953357085,0.0,0.0,2.094633810235978,7.702870853755712,2.094633810235979,,0.0,1.1093058586120605,ok
B_alpha1,0.8,0.5,1.0,0.1,10.0,0.6,20,200,5,1.0,predictive,P2 only,coarse,0.01,0,30.0,False,False,5.56971510773092e-10,6.844979921072583e-10,54.08134437530204,9.999999993155015,2.4593317858690065,0.4096303658125554,7.131037855163424,49.99999996577508,1.0816268882464126,0.49999999965775077,4.468608561275245,4.833367172923421,0.0,0.0,0.4096303658125554,2.2005707584823266,0.40963036581255535,,0.0,1.0308337211608887,ok
B_alpha1,0.8,0.5,1.0,0.1,10.0,0.6,20,200,5,1.0,predictive,P2 only,coarse,0.042169650342858224,0,30.0,False,False,1.3566078060662831e-09,1.6647978635947736e-09,56.37209999511854,9.999999983351989,1.2095849927161648,0.8630203616345661,7.92739466229728,49.99999991676012,1.1274420017793336,0.49999999916759946,4.357146248644899,4.912429688617519,0.0,0.0,0.8630203616345661,3.784800894915119,0.8630203616345642,,0.0,1.0003607273101807,ok
B_alpha1,0.8,0.5,1.0,0.1,10.0,0.6,20,200,5,1.0,predictive,P2 only,coarse,0.1778279410038923,0,30.0,False,False,2.457403646691334e-09,3.0129954945943876e-09,58.98442800384404,9.99999996987005,0.46333868949653906,1.3800708969625082,8.156590443670904,49.999999849350246,1.1796885636312766,0.4999999984935025,4.38320269279785,5.170814088771439,0.0,0.0,1.3800708969625082,5.334631675053718,1.3800708969625053,,0.0,1.3224210739135742,ok
B_alpha1,0.8,0.5,1.0,0.1,10.0,0.6,20,200,5,1.0,predictive,P2 only,coarse,0.7498942093324559,0,30.0,False,False,3.2425876305989165e-09,3.974518039819581e-09,60.81270086559498,9.9999999602548,0.15773397604249606,1.7418720448145362,8.100394018888167,49.99999980127409,1.2162540221459233,0.49999999801274003,4.450291928653444,5.41268545794829,0.0,0.0,1.7418720448145362,6.463390890328846,1.7418720448145313,,0.0,1.146737813949585,ok
B_alpha1,0.8,0.5,1.0,0.1,10.0,0.6,20,200,5,1.0,predictive,P2 only,coarse,3.1622776601683795,0,30.0,False,False,3.572049124592718e-09,4.378119855874168e-09,61.64354319568196,9.999999956218803,0.060925118718573916,1.9062571481329071,8.032817776929717,49.99999978109419,1.232870869311291,0.4999999978109401,4.490258521775641,5.535908927173968,0.0,0.0,1.9062571481329071,7.03314986495636,1.906257148132909,,0.0,1.0685133934020996,ok
B_alpha1,0.8,0.5,1.0,0.1,10.0,0.6,20,200,5,1.0,predictive,P2 only,coarse,13.33521432163324,0,30.0,False,False,3.7172015533266504e-09,4.5560078090925045e-09,62.02929668457828,9.999999954439913,0.027335086524639684,1.9825467628142721,7.990118196221176,49.99999977219975,1.2405859393436813,0.49999999772199566,4.511364382252149,5.5967352198779095,0.0,0.0,1.9825467628142721,7.308868680038985,1.9825467628142674,,0.0,1.0248284339904785,ok
B_alpha1,0.8,0.5,1.0,0.1,10.0,0.6,20,200,5,1.0,predictive,P2 only,coarse,56.23413251903491,0,30.0,False,False,3.83653362864526e-09,4.702266626241399e-09,62.3430017139856,9.99999995297734,0.010537946765273884,2.0445641722505616,7.944897928006824,49.99999976488667,1.2468600401427805,0.49999999764886705,4.530892454138071,5.649388747249216,0.0,0.0,2.0445641722505616,7.527518061641226,2.044564172250562,,0.0,1.062718391418457,ok
B_alpha1,0.8,0.5,1.0,0.1,10.0,0.6,20,200,5,1.0,predictive,P2 only,coarse,237.13737056616552,0,30.0,False,False,3.909307854399639e-09,4.791462522407751e-09,62.53298284608534,9.999999952085401,0.003094177376770913,2.082117324643393,7.914788545894434,49.99999976042686,1.250659662914196,0.49999999760427005,4.543332462990563,5.682162646670901,0.0,0.0,2.082117324643393,7.65899541835499,2.082117324643393,,0.0,1.2142515182495117,ok
B_alpha1,0.8,0.5,1.0,0.1,10.0,0.6,20,200,5,1.0,predictive,P2 only,coarse,1000.0,0,30.0,False,False,3.933690679574084e-09,4.821348097782765e-09,62.59677094194747,9.999999951786545,0.000781274225057393,2.094725450244329,7.9044933237440675,49.999999758932546,1.251935424874967,0.4999999975893273,4.54755110274545,5.6932403219562495,0.0,0.0,2.094725450244329,7.703303053636552,2.094725450244328,,0.0,1.0468854904174805,ok
B_alpha1,0.8,0.5,1.0,0.1,10.0,0.6,20,200,5,1.0,predictive,P2 only,coarse,0.01,0,100.0,False,False,1.1799198401397748e-09,1.4482907457299839e-09,55.90889068481521,9.999999985517078,1.3980982177742027,0.7713329871918293,7.830568809516889,49.99999992758534,1.1181778153157536,0.4999999992758539,4.365199951830341,4.8810697455540835,0.0,0.0,0.7713329871918293,3.4910655918458335,0.7713329871918265,,0.0,1.0536901950836182,ok
B_alpha1,0.8,0.5,1.0,0.1,10.0,0.6,20,200,5,1.0,predictive,P2 only,coarse,0.042169650342858224,0,100.0,False,False,2.2690696389018097e-09,2.782365951065208e-09,58.5495970178943,9.999999972176356,0.5584581199528916,1.294015805842295,8.147526102028458,49.999999860881736,1.1709919436160132,0.49999999860881783,4.3723055025833855,5.119934518553108,0.0,0.0,1.294015805842295,5.0763058383233,1.2940158058422981,,0.0,1.0322902202606201,ok
B_alpha1,0.8,0.5,1.0,0.1,10.0,0.6,20,200,5,1.0,predictive,P2 only,coarse,0.1778279410038923,0,100.0,False,False,3.135037526219513e-09,3.842780939525227e-09,60.54929090211982,9.999999961572241,0.19342714307385447,1.6897544419223325,8.116818453431572,49.99999980786081,1.2109858226959531,0.49999999807861206,4.438748702977635,5.375261749815966,0.0,0.0,1.6897544419223325,6.289838762477551,1.6897544419223296,,0.0,1.1699764728546143,ok
B_alpha1,0.8,0.5,1.0,0.1,10.0,0.6,20,200,5,1.0,predictive,P2 only,coarse,0.7498942093324559,0,100.0,False,False,3.5142568141853386e-09,4.307291287297088e-09,61.48949216948537,9.999999956927086,0.07663654896918999,1.8757920876032959,8.047571406500428,49.99999978463532,1.2297898486867733,0.4999999978463543,4.482348578711394,5.512346780374859,0.0,0.0,1.8757920876032959,6.923284156900725,1.8757920876032947,,0.0,1.2233600616455078,ok
B_alpha1,0.8,0.5,1.0,0.1,10.0,0.6,20,200,5,1.0,predictive,P2 only,coarse,3.1622776601683795,0,100.0,False,False,3.6428332369861086e-09,4.4648458181657484e-09,61.82974172329087,9.999999955351578,0.04146982461719474,1.9430989737376347,8.015431246293591,49.99999977675769,1.2365948399870232,0.4999999977675789,4.499721430154706,5.564332301908338,0.0,0.0,1.9430989737376347,7.168101684475813,1.9430989737376332,,0.0,1.1878321170806885,ok
B_alpha1,0.8,0.5,1.0,0.1,10.0,0.6,20,200,5,1.0,predictive,P2 only,coarse,13.33521432163324,0,100.0,False,False,3.7306295432418565e-09,4.572461103160014e-09,62.065661739852494,9.999999954275387,0.023454662168563876,1.9897428608370062,7.986802522719043,49.99999977137694,1.2413132404729064,0.49999999771376935,4.513194593955239,5.602288206307381,0.0,0.0,1.9897428608370062,7.336331064634314,1.989742860837004,,0.0,1.0034523010253906,ok
B_alpha1,0.8,0.5,1.0,0.1,10.0,0.6,20,200,5,1.0,predictive,P2 only,coarse,56.23413251903491,0,100.0,False,False,3.838384096085845e-09,4.704534173303222e-09,62.34832249276985,9.999999952954635,0.009826223313175658,2.045617492334883,7.944556331397306,49.999999764773264,1.246966455721794,0.49999999764773173,4.531127925144726,5.650164529239766,0.0,0.0,2.045617492334883,7.5318556169332895,2.0456174923348813,,0.0,1.0062885284423828,ok
B_alpha1,0.8,0.5,1.0,0.1,10.0,0.6,20,200,5,1.0,predictive,P2 only,coarse,237.13737056616552,0,100.0,False,False,3.9095678025512396e-09,4.791781099625889e-09,62.53379890955768,9.999999952082142,0.0029510597481399344,2.0822789674434397,7.914770020726278,49.99999976041099,1.2506759841841182,0.49999999760410707,4.543360951829691,5.682272429933291,0.0,0.0,2.0822789674434397,7.659724490826704,2.082278967443443,,0.0,1.1218950748443604,ok
B_alpha1,0.8,0.5,1.0,0.1,10.0,0.6,20,200,5,1.0,predictive,P2 only,coarse,1000.0,0,100.0,False,False,3.9337397849810144e-09,4.821408282907108e-09,62.596933032525,9.999999951785933,0.0007492268250155045,2.0947575665655505,7.904493254823501,49.99999975892959,1.2519386666866075,0.49999999758929664,4.547555948330792,5.693261130636002,0.0,0.0,2.0947575665655505,7.703454545557907,2.09475756656555,,0.0,1.111318826675415,ok
B_alpha1,0.8,0.5,1.0,0.1,10.0,0.6,20,200,5,1.0,predictive,P2 only,coarse,0.01,0,1000.0,False,False,2.843863726069002e-09,3.4861999014083153e-09,59.86393551315651,9.999999965137992,0.298801225686642,1.5541313298502624,8.147067479325104,49.999999825690026,1.1972787144370827,0.49999999825689956,4.411528255189882,5.281828878076609,0.0,0.0,1.5541313298502624,5.858715546079489,1.5541313298502628,,0.0,1.1156120300292969,ok
B_alpha1,0.8,0.5,1.0,0.1,10.0,0.6,20,200,5,1.0,predictive,P2 only,coarse,0.042169650342858224,0,1000.0,False,False,3.4016371386563323e-09,4.169314987075684e-09,61.20020697412893,9.999999958306839,0.10961033446265728,1.8185585370254918,8.071831170205012,49.99999979153424,1.2240041445858376,0.49999999791534194,4.468268399205812,5.469179039749839,0.0,0.0,1.8185585370254918,6.721098739744092,1.8185585370254858,,0.0,1.0031836032867432,ok
B_alpha1,0.8,0.5,1.0,0.1,10.0,0.6,20,200,5,1.0,predictive,P2 only,coarse,0.1778279410038923,0,1000.0,False,False,3.5870331442055878e-09,4.396450807197218e-09,61.67836615238867,9.999999956035504,0.056388619752577585,1.9131661121636363,8.03044531204828,49.99999978017734,1.2335673284710944,0.4999999978017752,4.491832774274258,5.5409781553004,0.0,0.0,1.9131661121636363,7.058303525939126,1.9131661121636336,,0.0,1.0498852729797363,ok
B_alpha1,0.8,0.5,1.0,0.1,10.0,0.6,20,200,5,1.0,predictive,P2 only,coarse,0.7498942093324559,0,1000.0,False,False,3.640005872602606e-09,4.461364862250228e-09,61.82024114973274,9.999999955386352,0.04174238466760738,1.9412320354163475,8.017025624529694,49.99999977693165,1.2364048285107103,0.4999999977693176,4.499080984974396,5.562685453683065,0.0,0.0,1.9412320354163475,7.162024156480907,1.9412320354163508,,0.0,1.2270803451538086,ok
B_alpha1,0.8,0.5,1.0,0.1,10.0,0.6,20,200,5,1.0,predictive,P2 only,coarse,3.1622776601683795,0,1000.0,False,False,3.671604916189641e-09,4.500100756948564e-09,61.90683154461018,9.999999954999012,0.03365003032621457,1.958351528272265,8.007998486402508,49.999999774994905,1.2381366364639446,0.49999999774995063,4.503692033721564,5.5761861063014795,0.0,0.0,1.958351528272265,7.225060778832663,1.958351528272262,,0.0,1.190242052078247,ok
B_alpha1,0.8,0.5,1.0,0.1,10.0,0.6,20,200,5,1.0,predictive,P2 only,coarse,13.33521432163324,0,1000.0,False,False,3.7358985223416845e-09,4.578917342171134e-09,62.08000210348046,9.999999954210823,0.021933293095544523,1.9925805710830868,7.985486181610545,49.99999977105393,1.2416000477547982,0.49999999771054116,4.513918313622842,5.604481193755379,0.0,0.0,1.9925805710830868,7.347214100709752,1.9925805710830862,,0.0,1.0260241031646729,ok
B_alpha1,0.8,0.5,1.0,0.1,10.0,0.6,20,200,5,1.0,predictive,P2 only,coarse,56.23413251903491,0,1000.0,False,False,3.839101886551102e-09,4.7054137531598756e-09,62.35038894214717,9.999999952945815,0.00955015271136091,2.046026573057152,7.944423321285672,49.99999976472923,1.247007784710633,0.49999999764729075,4.531219453096446,5.650465932243525,0.0,0.0,2.046026573057152,7.533542084526614,2.0460265730571505,,0.0,1.0660500526428223,ok
B_alpha1,0.8,0.5,1.0,0.1,10.0,0.6,20,200,5,1.0,predictive,P2 only,coarse,237.13737056616552,0,1000.0,False,False,3.909668228969204e-09,4.791904176540173e-09,62.5341142735034,9.999999952080945,0.0028957710268774223,2.0823414335301234,7.9147628433620545,49.99999976040483,1.2506822914632165,0.49999999760404723,4.54337196535646,5.682314860601755,0.0,0.0,2.0823414335301234,7.660006304960745,2.0823414335301216,,0.0,1.0458927154541016,ok
B_alpha1,0.8,0.5,1.0,0.1,10.0,0.6,20,200,5,1.0,predictive,P2 only,coarse,1000.0,0,1000.0,False,False,3.9337587333207515e-09,4.821431506593809e-09,62.59699558281402,9.999999951785668,0.0007368609007151231,2.094769960160676,7.904493227152941,49.999999758928446,1.2519399176924224,0.4999999975892834,4.547557818470456,5.693269160957435,0.0,0.0,2.094769960160676,7.703513008956429,2.094769960160672,,0.0,1.074134349822998,ok
B_alpha1,0.8,0.5,1.0,0.1,10.0,0.6,20,200,5,1.0,predictive,P1 only (protect),coarse,0.01,5,1.0,True,True,7.618007296598419e-11,9.39287461298405e-11,52.28239241937824,9.99999999906071,5.428389166813917,0.05428389166813888,4.517326942457235,49.99999999530362,1.04564784848578,0.4999999999530355,5.00478911259945,5.233246967714671,4.1249105161593624e-16,4.129244339288468e-16,0.05428389166813888,0.43157272495398175,0.054283891668138885,,0.0,1.182966709136963,ok
B_alpha1,0.8,0.5,1.0,0.1,10.0,0.6,20,200,5,1.0,predictive,P1 only (protect),coarse,0.042169650342858224,5,1.0,True,True,2.1205135627184654e-10,2.6102137268552044e-10,52.84066401969061,9.99999999738981,3.8966223397516773,0.1643192014889228,5.93905846136959,49.99999998694897,1.0568132806696622,0.4999999998694905,4.700611972774327,4.967669160102729,1.9816913165006648e-10,1.9903815362662636e-10,0.1643192014889228,1.0851628018504305,0.16431920148892287,,0.0,1.1143193244934082,ok
B_alpha1,0.8,0.5,1.0,0.1,10.0,0.6,20,200,5,1.0,predictive,P1 only (protect),coarse,0.1778279410038923,5,1.0,True,True,5.789235786639437e-10,7.114705452815732e-10,54.167699601397494,9.999999992885275,2.399479512404314,0.42669312220045863,7.173827372509953,49.99999996442666,1.0833539927987204,0.4999999996442638,4.461521861654198,4.833407522781855,2.772575775446971e-06,2.8217012047341626e-06,0.42669312220045863,2.285609397180233,0.42669312220045835,,0.0,1.0362155437469482,ok
B_alpha1,0.8,0.5,1.0,0.1,10.0,0.6,20,200,5,1.0,predictive,P1 only (protect),coarse,0.7498942093324559,5,1.0,True,True,1.3765246951682968e-09,1.6893531751168907e-09,56.482791179811024,9.999999983106502,1.1807814770799347,0.885017736551836,7.934200803261728,49.99999991553239,1.129655825504607,0.4999999991553251,4.35891909408865,4.924078347540507,0.0008321316648769293,0.0008846115271290893,0.885017736551836,3.896339884035094,0.8850177365518368,,0.0,1.404174566268921,ok
B_alpha1,0.8,0.5,1.0,0.1,10.0,0.6,20,200,5,1.0,predictive,P1 only (protect),coarse,3.1622776601683795,5,1.0,True,True,2.465455090268622e-09,3.023210295295355e-09,59.1288172283647,9.99999996976791,0.44779179725083174,1.409970280637133,8.142237952344127,49.99999984883952,1.1825763481424703,0.4999999984883955,4.390937070705509,5.192618325998317,0.009694450758564,0.011215351790370628,1.409970280637133,5.480429312022183,1.4099702806371293,,0.0,1.1919963359832764,ok
B_alpha1,0.8,0.5,1.0,0.1,10.0,0.6,20,200,5,1.0,predictive,P1 only (protect),coarse,13.33521432163324,5,1.0,True,True,3.3146197773681323e-09,4.063151641539979e-09,61.11398554756741,9.99999995936846,0.13655319230144372,1.8039662122794216,8.059480636050676,49.999999796842395,1.2222797159176566,0.499999997968423,4.468859962761068,5.462196885759388,0.019935080900413127,0.024742597398652828,1.8039662122794216,6.695572488538666,1.803966212279419,,0.0,1.1187851428985596,ok
B_alpha1,0.8,0.5,1.0,0.1,10.0,0.6,20,200,5,1.0,predictive,P1 only (protect),coarse,56.23413251903491,5,1.0,True,True,3.7200381397513812e-09,4.5597819607406275e-09,62.120393850955416,9.999999954402174,0.036292500897317025,2.0032356805092877,7.960471864191221,49.9999997720108,1.2424078826842198,0.4999999977201087,4.521163686706434,5.617129403269722,0.023062854310357418,0.029423309432906698,2.0032356805092877,7.3749242890632445,2.0032356805092797,,0.0,1.1031897068023682,ok
B_alpha1,0.8,0.5,1.0,0.1,10.0,0.6,20,200,5,1.0,predictive,P1 only (protect),coarse,237.13737056616552,5,1.0,True,True,3.849114459370405e-09,4.717948898289211e-09,62.46093611642468,9.999999952820485,0.009212907187768005,2.0705779280913745,7.920209211900373,49.999999764102554,1.2492187282222438,0.4999999976410242,4.540374192971916,5.6719204749974725,0.023633721579428196,0.03037347828541246,2.0705779280913745,7.621193975013309,2.0705779280913714,,0.0,1.0838561058044434,ok
B_alpha1,0.8,0.5,1.0,0.1,10.0,0.6,20,200,5,1.0,predictive,P1 only (protect),coarse,1000.0,5,1.0,True,True,3.882299802239032e-09,4.758618916913459e-09,62.55054514607417,9.999999952413813,0.002522437038523755,2.088291826833654,7.90918578371401,49.99999976206915,1.2510109088745651,0.49999999762069064,4.545524974688109,5.686501329896606,0.023747689451020106,0.03057436230441395,2.088291826833654,7.6876003022469765,2.088291826833651,,0.0,1.1053647994995117,ok
B_alpha1,0.8,0.5,1.0,0.1,10.0,0.6,20,200,5,1.0,predictive,P1 only (protect),coarse,0.01,10,1.0,True,True,7.617700627879299e-11,9.392498685252205e-11,52.28238349796801,9.99999999906073,5.4283899373086815,0.05428287946930326,4.517327184161285,49.99999999530367,1.0456476700575745,0.4999999999530365,5.004788905847312,5.23324585852924,3.4233111924682015e-06,3.438996304142859e-06,0.05428287946930326,0.43156892060538316,0.05428287946930324,,0.0,1.385826826095581,ok
B_alpha1,0.8,0.5,1.0,0.1,10.0,0.6,20,200,5,1.0,predictive,P1 only (protect),coarse,0.042169650342858224,10,1.0,True,True,2.1041681209852233e-10,2.5901778038294237e-10,52.83600301048187,9.999999997409812,3.8976086008279975,0.1638058585047097,5.9385855432574814,49.99999998704915,1.0567200604833458,0.4999999998704906,4.700641454750328,4.967262122374289,0.0018193065493001463,0.0018538341915223073,0.1638058585047097,1.0831673693474178,0.16380585850471038,,0.0,1.296520709991455,ok
B_alpha1,0.8,0.5,1.0,0.1,10.0,0.6,20,200,5,1.0,predictive,P1 only (protect),coarse,0.1778279410038923,10,1.0,True,True,5.138956070192884e-10,6.31785044495755e-10,53.9949647934862,9.999999993682124,2.4407739136348305,0.41002215872646786,7.149203933956578,49.99999996841073,1.0798992965519887,0.4999999996841062,4.4645694344916365,4.821285391715028,0.07213067207901076,0.07750100292179986,0.41002215872646786,2.2175136653877012,0.410022158726467,,0.0,1.3677048683166504,ok
B_alpha1,0.8,0.5,1.0,0.1,10.0,0.6,20,200,5,1.0,predictive,P1 only (protect),coarse,0.7498942093324559,10,1.0,True,True,9.818348119374183e-10,1.20601232832467e-09,55.580288765553014,9.999999987939905,1.3468841226235466,0.8310700728056176,7.822045816630931,49.99999993969937,1.111605776651671,0.49999999939699524,4.376106616893502,4.864505394582417,0.42186153604367127,0.5244266484090799,0.8310700728056176,3.59338273621437,0.831070072805616,,0.0,1.4431743621826172,ok
B_alpha1,0.8,0.5,1.0,0.1,10.0,0.6,20,200,5,1.0,predictive,P1 only (protect),coarse,3.1622776601683795,10,1.0,True,True,1.7047298635463445e-09,2.092207969438978e-09,57.652237812820765,9.999999979077922,0.6051963401047901,1.415774691158933,7.979028989658355,49.99999989538965,1.1530447586688237,0.4999999989538961,4.428627992487212,5.106406294831415,0.7991745085329731,1.2284944106574596,1.415774691158933,4.961009079566093,1.4157746911589346,,0.0,1.364900827407837,ok
B_alpha1,0.8,0.5,1.0,0.1,10.0,0.6,20,200,5,1.0,predictive,P1 only (protect),coarse,13.33521432163324,10,1.0,True,True,2.5047854901392943e-09,3.0724024258134653e-09,59.716879991724994,9.999999969275969,0.2106568452715567,1.9011319043476598,7.888211281104815,49.99999984637991,1.194337603503985,0.49999999846379845,4.522109218256131,5.400925086515306,0.9194750080902032,1.6333420577135225,1.9011319043476598,6.027429532916331,1.9011319043476578,,0.0,1.2791152000427246,ok
B_alpha1,0.8,0.5,1.0,0.1,10.0,0.6,20,200,5,1.0,predictive,P1 only (protect),coarse,56.23413251903491,10,1.0,True,True,2.9574266158355472e-09,3.6269403089987035e-09,60.88687188582098,9.999999963730613,0.07253337751733462,2.135119563910828,7.792347094841225,49.999999818652974,1.2177374421330809,0.4999999981865306,4.5789248995700085,5.575928294921856,0.9286061870134267,1.7422676004839888,2.135119563910828,6.630933686691359,2.135119563910824,,0.0,1.365987777709961,ok
B_alpha1,0.8,0.5,1.0,0.1,10.0,0.6,20,200,5,1.0,predictive,P1 only (protect),coarse,237.13737056616552,10,1.0,True,True,3.1077198341930653e-09,3.811098895189572e-09,61.28857271596262,9.999999961889012,0.03497266482227785,2.2106070862349014,7.754420287053809,49.99999980944513,1.2257714589907869,0.4999999980944506,4.598833451465557,5.637118789458572,0.9260563073254785,1.7641374372676266,2.2106070862349014,6.852227059901521,2.2106070862349,,0.0,1.3334605693817139,ok
B_alpha1,0.8,0.5,1.0,0.1,10.0,0.6,20,200,5,1.0,predictive,P1 only (protect),coarse,1000.0,10,1.0,True,True,3.146813647727135e-09,3.859005836616072e-09,61.394639323208615,9.99999996140994,0.025711375016606107,2.230225316343876,7.744063347229576,49.999999807049726,1.2278927912026174,0.49999999807049705,4.604120277597126,5.653366098691304,0.9250217130620328,1.7688815675515357,2.230225316343876,6.912307944814928,2.2302253163438728,,0.0,1.31353759765625,ok
B_alpha1,0.8,0.5,1.0,0.1,10.0,0.6,20,200,5,1.0,predictive,P1 only (protect),coarse,0.01,15,1.0,True,True,4.938486715507999e-11,6.095332227122871e-11,52.16752651267275,9.999999999390475,5.786371840031211,0.04514861985902017,4.168479540719294,49.9999999969524,1.0433505303170494,0.49999999996952377,5.082111028514386,5.3024232367306094,0.05425240772554369,0.05493167776263881,0.04514861985902017,0.32037362371531625,0.04514861985902019,,0.0,2.649683952331543,ok
B_alpha1,0.8,0.5,1.0,0.1,10.0,0.6,20,200,5,1.0,predictive,P1 only (protect),coarse,0.042169650342858224,15,1.0,True,True,6.666990952613197e-11,8.225545873654986e-11,52.23727528585609,9.999999999177437,5.146116946987466,0.1336101562583003,4.720272897576797,49.99999999588722,1.044745505803058,0.49999999995887184,4.970936976077737,5.193364065387458,0.33347449010761454,0.3507256146050914,0.1336101562583003,0.6289596609939468,0.13361015625830033,,0.0,2.544234275817871,ok
B_alpha1,0.8,0.5,1.0,0.1,10.0,0.6,20,200,5,1.0,predictive,P1 only (protect),coarse,0.1778279410038923,15,1.0,True,True,8.937741440851104e-11,1.102147464129401e-10,52.33362025999206,9.999999998897888,4.565330473146786,0.4480857332992052,4.986583794656121,49.99999999448932,1.0466724053151988,0.4999999999448944,4.9581550443677,5.189564066214027,1.1604693477686387,1.393261658755024,0.4480857332992052,1.4183225524893215,0.4480857332992051,,0.0,2.612213611602783,ok
B_alpha1,0.8,0.5,1.0,0.1,10.0,0.6,20,200,5,1.0,predictive,P1 only (protect),coarse,0.7498942093324559,15,1.0,True,True,1.6677251563972336e-10,2.0541262551973872e-10,52.66730034298464,9.999999997945897,3.3932125429962037,1.3590498022410504,5.247737656816848,49.99999998972944,1.0533460070760619,0.4999999998972949,5.036243575023716,5.304907060413702,2.252971806954281,3.6545351278825704,1.3590498022410504,2.869490269762388,1.3590498022410524,,0.0,2.4930427074432373,ok
B_alpha1,0.8,0.5,1.0,0.1,10.0,0.6,20,200,5,1.0,predictive,P1 only (protect),coarse,3.1622776601683795,15,1.0,True,True,4.311382710450124e-10,5.301521484169109e-10,53.79632853652667,9.999999994698472,1.710513910129561,2.820051932150621,5.469434163021346,49.99999997349236,1.075926571300939,0.4999999997349236,5.205954535415029,5.601224813637665,2.7373684395511,6.083159366896753,2.820051932150621,4.0583586204083595,2.820051932150619,,0.0,2.688547372817993,ok
B_alpha1,0.8,0.5,1.0,0.1,10.0,0.6,20,200,5,1.0,predictive,P1 only (protect),coarse,13.33521432163324,15,1.0,True,True,8.836200344029853e-10,1.0854291383762355e-09,55.72005691847346,9.999999989145708,0.6185278503540999,3.832449818396,5.549022342104191,49.999999945728504,1.1144011395790736,0.4999999994572854,5.3402569393452115,5.951188418851359,2.7961198636846567,7.322983847696021,3.832449818396,4.625411568203196,3.8324498183959874,,0.0,2.536015272140503,ok
B_alpha1,0.8,0.5,1.0,0.1,10.0,0.6,20,200,5,1.0,predictive,P1 only (protect),coarse,56.23413251903491,15,1.0,True,True,1.1995378560897212e-09,1.4730100042601742e-09,57.0803353764899,9.99999998526989,0.24437194262940318,4.201579027256498,5.554049044844209,49.999999926349474,1.1416067092113966,0.4999999992634945,5.394637054923553,6.158553855661138,2.772007430787689,7.679961609165417,4.201579027256498,4.884300196007722,4.201579027256507,,0.0,2.5590176582336426,ok
B_alpha1,0.8,0.5,1.0,0.1,10.0,0.6,20,200,5,1.0,predictive,P1 only (protect),coarse,237.13737056616552,15,1.0,True,True,1.3141536493212054e-09,1.6136292785391978e-09,57.57876355817711,9.99999998386369,0.14644515849189788,4.302482523745025,5.551072333899388,49.99999991931847,1.1515752730217592,0.4999999991931845,5.410483643624594,6.230579179086754,2.763107098379785,7.763740890734053,4.302482523745025,4.975000789581574,4.302482523745009,,0.0,2.541059970855713,ok
B_alpha1,0.8,0.5,1.0,0.1,10.0,0.6,20,200,5,1.0,predictive,P1 only (protect),coarse,1000.0,15,1.0,True,True,1.344842016816501e-09,1.651281383253031e-09,57.71264084325125,9.999999983487166,0.12266787438651636,4.327367190919159,5.5499649512071585,49.999999917435915,1.1542528187710215,0.49999999917435833,5.414475910680396,6.249674082070641,2.7612848182528813,7.783404498489458,4.327367190919159,4.999432883865467,4.327367190919162,,0.0,2.684333562850952,ok
B_alpha1,0.8,0.5,1.0,0.1,10.0,0.6,20,200,5,1.0,predictive,P1 only (protect),coarse,0.01,20,1.0,True,True,2.801156774517886e-12,3.475983680990309e-12,52.00330956836305,9.999999999965231,9.928337636143853,0.051052290602879566,0.020610073288036546,49.999999999826265,1.0400661913708749,0.49999999999826156,6.018708470870218,6.259855196269609,0.20132448214260046,0.20610073288023256,0.051052290602879566,0.15506041578826146,0.05105229060287955,,0.0,7.833653926849365,ok
B_alpha1,0.8,0.5,1.0,0.1,10.0,0.6,20,200,5,1.0,predictive,P1 only (protect),coarse,0.042169650342858224,20,1.0,True,True,3.048187511826359e-12,3.781667606182731e-12,52.003814386336295,9.999999999962188,9.708711294731218,0.21043384896682624,0.08085485633976752,49.999999999810925,1.0400762877306589,0.4999999999981094,6.029087682076157,6.270711134776412,0.7362826166901062,0.8085485633976573,0.21043384896682624,0.5981635529750686,0.21043384896682613,,0.0,8.123977661132812,ok
B_alpha1,0.8,0.5,1.0,0.1,10.0,0.6,20,200,5,1.0,predictive,P1 only (protect),coarse,0.1778279410038923,20,1.0,True,True,4.152953588841273e-12,5.1480930215277986e-12,52.00638621003107,9.99999999994852,8.919544522316064,0.8138705357971211,0.2665849419382944,49.999999999742556,1.0401277242059768,0.49999999999742595,6.0779412537298825,6.321835204099684,1.9331971308705076,2.665849419382887,0.8138705357971211,1.8521627206318172,0.8138705357971209,,0.0,8.459721088409424,ok
B_alpha1,0.8,0.5,1.0,0.1,10.0,0.6,20,200,5,1.0,predictive,P1 only (protect),coarse,0.7498942093324559,20,1.0,True,True,9.991783955670422e-12,1.2359396345483977e-11,52.02676610797164,9.9999999998764,6.785606079593552,2.5934428134654497,0.6209511070645997,49.99999999938212,1.0405353221722913,0.49999999999381994,6.265633933243619,6.51961342334129,2.946679555310372,6.209511070645945,2.5934428134654497,3.6166635817016672,2.5934428134654492,,0.0,8.02630066871643,ok
B_alpha1,0.8,0.5,1.0,0.1,10.0,0.6,20,200,5,1.0,predictive,P1 only (protect),coarse,3.1622776601683795,20,1.0,True,True,4.2574834396395574e-11,5.2505426949141774e-11,52.25042319656255,9.99999999947495,3.5093922087951914,5.492130307260582,0.998477484469277,49.99999999737484,1.0450084639861172,0.4999999999737475,6.616407922324115,6.9142022800135,3.3676424612473554,9.984774844692566,5.492130307260582,4.495387273243538,5.492130307260563,,0.0,7.861097574234009,ok
B_alpha1,0.8,0.5,1.0,0.1,10.0,0.6,20,200,5,1.0,predictive,P1 only (protect),coarse,13.33521432163324,20,1.0,True,True,1.2873044589974402e-10,1.584884555542517e-10,53.195161446253735,9.999999998415088,1.30033126449419,7.482769621461917,1.216899115628805,49.99999999207566,1.0639032290936894,0.4999999999207544,6.866510850976071,7.305303066960299,3.4932201013890025,12.168991156287552,7.482769621461917,4.704900472789065,7.482769621461935,,0.0,8.004737615585327,ok
B_alpha1,0.8,0.5,1.0,0.1,10.0,0.6,20,200,5,1.0,predictive,P1 only (protect),coarse,56.23413251903491,20,1.0,True,True,2.0764829847925683e-10,2.555192354480262e-10,54.228379223261896,9.999999997444808,0.5343421976282499,8.175828795960776,1.2898290089661661,49.999999987223724,1.0845675847423726,0.4999999998722404,6.954289297423193,7.542396746906004,3.5153681440101052,12.898290089661575,8.175828795960776,4.76180972908548,8.175828795960806,,0.0,8.540435075759888,ok
B_alpha1,0.8,0.5,1.0,0.1,10.0,0.6,20,200,5,1.0,predictive,P1 only (protect),coarse,237.13737056616552,20,1.0,True,True,2.404318330291305e-10,2.958253126841289e-10,54.67158334189124,9.999999997041712,0.3338007926082692,8.357444678486626,1.3087545318633924,49.999999985208575,1.0934316671612931,0.4999999998520856,6.977333502308059,7.629237403769046,3.5320230425917574,13.087545318633483,8.357444678486626,4.777767082972583,8.357444678486633,,0.0,7.964942693710327,ok
B_alpha1,0.8,0.5,1.0,0.1,10.0,0.6,20,200,5,1.0,predictive,P1 only (protect),coarse,1000.0,20,1.0,True,True,2.4962877854918217e-10,3.071327582450207e-10,54.79607548581886,9.999999996928603,0.28513921166147227,8.401519943330415,1.31334084807951,49.99999998464352,1.0959215100529671,0.4999999998464301,6.982927451618873,7.652740397368473,3.5393262569460324,13.133408480793632,8.401519943330415,4.78177969623607,8.401519943330479,,0.0,8.02756404876709,ok
B_alpha1,0.8,0.5,1.0,0.1,10.0,0.6,20,200,5,1.0,predictive,P1+P2 (protect),coarse,0.01,5,3.0,True,True,1.2690264952348086e-10,1.5633679088758296e-10,52.49414535847267,9.999999998436627,4.666911710019914,0.09596128156427515,5.237127009979185,49.9999999921831,1.04988290733359,0.4999999999218313,4.848678800894712,5.0905449962100855,1.4855131155431256e-12,1.4903315008649206e-12,0.09596128156427515,0.697113978266626,0.09596128156427486,,0.0,1.063636302947998,ok
B_alpha1,0.8,0.5,1.0,0.1,10.0,0.6,20,200,5,1.0,predictive,P1+P2 (protect),coarse,0.042169650342858224,5,3.0,True,True,3.560605369583871e-10,4.3791418690867446e-10,53.38859440611684,9.999999995620845,3.118313458636609,0.27259816146141713,6.609088384281129,49.99999997810412,1.0677718885899328,0.49999999978104226,4.565745551606704,4.875174750460174,1.1168646096468116e-07,1.131683404700843e-07,0.27259816146141713,1.6173777832851954,0.27259816146141813,,0.0,1.1920101642608643,ok
B_alpha1,0.8,0.5,1.0,0.1,10.0,0.6,20,200,5,1.0,predictive,P1+P2 (protect),coarse,0.1778279410038923,5,3.0,True,True,9.321769448327616e-10,1.1446848394589323e-09,55.244659391711174,9.999999988553167,1.7157972513410644,0.6398649757720392,7.64433778433373,49.99999994276576,1.104893189098978,0.4999999994276584,4.387439699622519,4.847652241695386,0.00017149503662420958,0.00017997926101736124,0.6398649757720392,3.068284608797846,0.6398649757720369,,0.0,1.1247293949127197,ok
B_alpha1,0.8,0.5,1.0,0.1,10.0,0.6,20,200,5,1.0,predictive,P1+P2 (protect),coarse,0.7498942093324559,5,3.0,True,True,1.9516685884042857e-09,2.3938292689340165e-09,57.87157686596343,9.999999976061721,0.7288864115860498,1.1606823308985073,8.110431281453721,49.99999988030856,1.1574315400899617,0.49999999880308604,4.36062136158778,5.047120698291731,0.0060459841581114475,0.006872745335032357,1.1606823308985073,4.71100599602595,1.160682330898507,,0.0,1.0965266227722168,ok
B_alpha1,0.8,0.5,1.0,0.1,10.0,0.6,20,200,5,1.0,predictive,P1+P2 (protect),coarse,3.1622776601683795,5,3.0,True,True,2.9636292154915595e-09,3.6331125825133043e-09,60.226710455831046,9.999999963668865,0.24292983648430028,1.6283940093350253,8.12867619051181,49.999999818344385,1.204534213492829,0.4999999981834432,4.426845621922823,5.332287009456981,0.01893877495184607,0.023284121856616064,1.6283940093350253,6.114693142934623,1.628394009335024,,0.0,1.1100873947143555,ok
B_alpha1,0.8,0.5,1.0,0.1,10.0,0.6,20,200,5,1.0,predictive,P1+P2 (protect),coarse,13.33521432163324,5,3.0,True,True,3.5370891975422818e-09,4.335521638214455e-09,61.622522107542494,9.999999956644755,0.07068656377304659,1.90491157424903,8.02440190533317,49.9999997832239,1.232450447494166,0.49999999783223775,4.4919546779338795,5.536111552943122,0.023827430278340677,0.030302291986104273,1.90491157424903,7.025726768200657,1.9049115742490257,,0.0,1.195798397064209,ok
B_alpha1,0.8,0.5,1.0,0.1,10.0,0.6,20,200,5,1.0,predictive,P1+P2 (protect),coarse,56.23413251903491,5,3.0,True,True,3.772883552249423e-09,4.624478199777838e-09,62.24641796762547,9.99999995375518,0.01958685339919991,2.0282429599434644,7.952170232902156,49.99999976877609,1.2449283651096534,0.49999999768775905,4.526797329777035,5.635538398942069,0.024196331460782147,0.031069302170214953,2.0282429599434644,7.467316784983004,2.028242959943463,,0.0,1.1831707954406738,ok
B_alpha1,0.8,0.5,1.0,0.1,10.0,0.6,20,200,5,1.0,predictive,P1+P2 (protect),coarse,237.13737056616552,5,3.0,True,True,3.859397072883778e-09,4.73053397640266e-09,62.48542743284526,9.999999952694614,0.005312254220306495,2.0754435241317704,7.919244268953309,49.99999976347336,1.2497085545686926,0.4999999976347307,4.541323619222234,5.675330976006881,0.02393651323831174,0.030810900502996508,2.0754435241317704,7.640557298607661,2.0754435241317744,,0.0,1.241541862487793,ok
B_alpha1,0.8,0.5,1.0,0.1,10.0,0.6,20,200,5,1.0,predictive,P1+P2 (protect),coarse,1000.0,5,3.0,True,True,3.884527416109309e-09,4.761344903305163e-09,62.55581828789816,9.999999952386561,0.0016075141694953383,2.08934014423415,7.909052389209793,49.99999976193286,1.2511163717149572,0.49999999761932806,4.545712725433923,5.687215611903398,0.023822265832606566,0.030681857039509094,2.08934014423415,7.691893346202141,2.0893401442341553,,0.0,1.114306926727295,ok
B_alpha1,0.8,0.5,1.0,0.1,10.0,0.6,20,200,5,1.0,predictive,P1+P2 (protect),coarse,0.01,5,10.0,True,True,2.665648804065709e-10,3.279943163479051e-10,53.051957397949,9.99999999672004,3.5525921341642746,0.20606472864464345,6.2413431404710416,49.99999998360045,1.0610391483069912,0.499999999836002,4.638698369804464,4.921840567550357,1.2162539747553629e-08,1.2293236686236963e-08,0.20606472864464345,1.2961995105571391,0.20606472864464345,,0.0,1.0599489212036133,ok
B_alpha1,0.8,0.5,1.0,0.1,10.0,0.6,20,200,5,1.0,predictive,P1+P2 (protect),coarse,0.042169650342858224,5,10.0,True,True,7.246430903711003e-10,8.901834542241501e-10,54.61734482492937,9.999999991098173,2.0767757909016997,0.5156995317880052,7.407524686212122,49.99999995549099,1.092346897470973,0.49999999955490865,4.422188403732678,4.830563782849505,5.0046905054807854e-05,5.2102259199855275e-05,0.5156995317880052,2.6132282240338034,0.5156995317880053,,0.0,1.211634874343872,ok
B_alpha1,0.8,0.5,1.0,0.1,10.0,0.6,20,200,5,1.0,predictive,P1+P2 (protect),coarse,0.1778279410038923,5,10.0,True,True,1.646473166659123e-09,2.01993593877735e-09,57.10882549324956,9.999999979800638,0.950524908763504,1.009413755147458,8.040061356288401,49.9999998990033,1.1421765121721124,0.4999999989900319,4.353746389183926,4.972746865680024,0.0038573417182582305,0.004326150235250162,1.009413755147458,4.240215851842813,1.0094137551474638,,0.0,1.0619547367095947,ok
B_alpha1,0.8,0.5,1.0,0.1,10.0,0.6,20,200,5,1.0,predictive,P1+P2 (protect),coarse,0.7498942093324559,5,10.0,True,True,2.7137727247475555e-09,3.3270228662682616e-09,59.60685109781939,9.99999996672975,0.3416532637053429,1.5056110289554032,8.152735740609504,49.99999983364893,1.1921370259226531,0.49999999833648745,4.402952498610465,5.248922696972194,0.017426821756269906,0.02125635422887385,1.5056110289554032,5.717035287627125,1.5056110289553977,,0.0,1.1251556873321533,ok
B_alpha1,0.8,0.5,1.0,0.1,10.0,0.6,20,200,5,1.0,predictive,P1+P2 (protect),coarse,3.1622776601683795,5,10.0,True,True,3.3761170034226426e-09,4.138209590036989e-09,61.18588674244117,9.999999958617888,0.11115499645574987,1.8186564777475218,8.07018856717884,49.9999997930894,1.2237177399128267,0.4999999979308944,4.468653680285127,5.46837078209165,0.024316062325903196,0.03084930380100239,1.8186564777475218,6.7204083914113335,1.818656477747518,,0.0,1.0817482471466064,ok
B_alpha1,0.8,0.5,1.0,0.1,10.0,0.6,20,200,5,1.0,predictive,P1+P2 (protect),coarse,13.33521432163324,5,10.0,True,True,3.6544642814971475e-09,4.47927196046459e-09,61.91173144061064,9.999999955207254,0.03816907004712567,1.962200836388483,7.999630138357137,49.99999977603638,1.2382346343586028,0.49999999776036275,4.506158737797956,5.579681817059075,0.025205651496680102,0.03234367107587893,1.962200836388483,7.2287557458096,1.9622008363884833,,0.0,1.136681079864502,ok
B_alpha1,0.8,0.5,1.0,0.1,10.0,0.6,20,200,5,1.0,predictive,P1+P2 (protect),coarse,56.23413251903491,5,10.0,True,True,3.7940095985691054e-09,4.650346250952784e-09,62.298764143083595,9.999999953496555,0.012861063037457265,2.0386215637345684,7.948517419731419,49.99999976748258,1.2459752886558912,0.4999999976748278,4.529182219537052,5.643249123362809,0.0245908782122544,0.03164804900550784,2.0386215637345684,7.5069833623159905,2.038621563734563,,0.0,1.1516921520233154,ok
B_alpha1,0.8,0.5,1.0,0.1,10.0,0.6,20,200,5,1.0,predictive,P1+P2 (protect),coarse,237.13737056616552,5,10.0,True,True,3.8631217881054145e-09,4.7350929660516314e-09,62.49441559156443,9.99999995264905,0.003889147427014577,2.0772286665500186,7.918882233373917,49.999999763245405,1.2498883177496247,0.4999999976324525,4.541673761236231,5.676584977199163,0.024042639196924436,0.030964570044870576,2.0772286665500186,7.647736144504974,2.0772286665500213,,0.0,1.205958366394043,ok
B_alpha1,0.8,0.5,1.0,0.1,10.0,0.6,20,200,5,1.0,predictive,P1+P2 (protect),coarse,1000.0,5,10.0,True,True,3.885313553367097e-09,4.7623069321899884e-09,62.557685780267214,9.99999995237694,0.001283908893858146,2.089711379228628,7.909004759500573,49.999999761884425,1.251153721563728,0.49999999761884706,4.545779300896609,5.687468689724155,0.02384838306440546,0.030719523154405584,2.089711379228628,7.693417757685784,2.0897113792286204,,0.0,1.1402249336242676,ok
B_alpha1,0.8,0.5,1.0,0.1,10.0,0.6,20,200,5,1.0,predictive,P1+P2 (protect),coarse,0.01,5,30.0,True,True,5.569631654124064e-10,6.844878033110873e-10,54.081336892799946,9.999999993155116,2.4593316244595136,0.40963021648189724,7.1310381659034725,49.99999996577574,1.0816267385963563,0.4999999996577558,4.468608468717897,4.833366404083397,8.976860070770796e-06,9.250272387050843e-06,0.40963021648189724,2.2005703500342046,0.4096302164818972,,0.0,1.0779750347137451,ok
B_alpha1,0.8,0.5,1.0,0.1,10.0,0.6,20,200,5,1.0,predictive,P1+P2 (protect),coarse,0.042169650342858224,5,30.0,True,True,1.3549324788120436e-09,1.6627528846506148e-09,56.370675667407234,9.999999983372486,1.2096102039127061,0.8630114206251686,7.927378392089639,49.99999991686212,1.12741351522276,0.4999999991686243,4.357148574355298,4.912308190561744,0.0018295001112766285,0.0020092085733532925,0.8630114206251686,3.7846294697835954,0.863011420625167,,0.0,1.1614482402801514,ok
B_alpha1,0.8,0.5,1.0,0.1,10.0,0.6,20,200,5,1.0,predictive,P1+P2 (protect),coarse,0.1778279410038923,5,30.0,True,True,2.4458213879308213e-09,2.998862382416454e-09,58.97555521063643,9.999999970011377,0.4635190142924551,1.3803154541511604,8.156165561545007,49.99999985005681,1.1795111077499218,0.49999999850056887,4.3833353205728365,5.170192699608225,0.014282705942870629,0.0171486797429846,1.3803154541511604,5.3324044828064485,1.380315454151163,,0.0,1.0641436576843262,ok
B_alpha1,0.8,0.5,1.0,0.1,10.0,0.6,20,200,5,1.0,predictive,P1+P2 (protect),coarse,0.7498942093324559,5,30.0,True,True,3.2264544473487277e-09,3.954835887751442e-09,60.80126372382461,9.999999960451627,0.15788521423244858,1.7425653268418602,8.099549498474063,49.9999998022582,1.2160252792856727,0.4999999980225813,4.450586706424875,5.412025942665411,0.023756729089781797,0.029981821010726946,1.7425653268418602,6.458292651413498,1.7425653268418584,,0.0,1.0376474857330322,ok
B_alpha1,0.8,0.5,1.0,0.1,10.0,0.6,20,200,5,1.0,predictive,P1+P2 (protect),coarse,3.1622776601683795,5,30.0,True,True,3.5545575449638157e-09,4.356780614839716e-09,61.63122298807739,9.999999956432186,0.06104793981558006,1.9068209126434552,8.032131191108778,49.999999782160884,1.2326244651318243,0.4999999978216093,4.490498193002177,5.535097933324732,0.02575350064861452,0.03300230495579904,1.9068209126434552,7.02677596727796,1.906820912643454,,0.0,1.177574634552002,ok
B_alpha1,0.8,0.5,1.0,0.1,10.0,0.6,20,200,5,1.0,predictive,P1+P2 (protect),coarse,13.33521432163324,5,30.0,True,True,3.693409347717591e-09,4.526977385654334e-09,62.01157021558074,9.999999954730216,0.0275189815752472,1.9819634452444657,7.990517618450071,49.99999977365114,1.240231409926114,0.49999999773651077,4.511186551138078,5.594915256757702,0.025566563906082532,0.032893525258873624,1.9819634452444657,7.301660229393331,1.9819634452444659,,0.0,1.1267821788787842,ok
B_alpha1,0.8,0.5,1.0,0.1,10.0,0.6,20,200,5,1.0,predictive,P1+P2 (protect),coarse,56.23413251903491,5,30.0,True,True,3.800323981544495e-09,4.6580784845528384e-09,62.314637172366574,9.999999953419197,0.010841055569832614,2.041767831542812,7.947391159468159,49.99999976709611,1.24629274925266,0.4999999976709598,4.529909463833904,5.645593319547199,0.02470244331064582,0.03181255692499254,2.041767831542812,7.5191613397417925,2.0417678315428085,,0.0,1.1771209239959717,ok
B_alpha1,0.8,0.5,1.0,0.1,10.0,0.6,20,200,5,1.0,predictive,P1+P2 (protect),coarse,237.13737056616552,5,30.0,True,True,3.864198311383949e-09,4.736410637021572e-09,62.49702505288583,9.999999952635905,0.0034767648329336047,2.077746884659923,7.9187763978712375,49.999999763179524,1.2499405069779468,0.49999999763179526,4.541775572311617,5.6769492614352375,0.02407295943428346,0.031008513095399433,2.077746884659923,7.649827600073891,2.0777468846599207,,0.0,1.1875853538513184,ok
B_alpha1,0.8,0.5,1.0,0.1,10.0,0.6,20,200,5,1.0,predictive,P1+P2 (protect),coarse,1000.0,5,30.0,True,True,3.885538784573358e-09,4.762582558265898e-09,62.558221457559846,9.999999952374163,0.0011911242301070658,2.0898178627076978,7.908991060688033,49.99999976187073,1.2511644351099742,0.4999999976187081,4.545798405447299,5.687541294075292,0.023855846388038615,0.0307302887603603,2.0898178627076978,7.69385541242334,2.0898178627076898,,0.0,1.1319763660430908,ok
B_alpha1,0.8,0.5,1.0,0.1,10.0,0.6,20,200,5,1.0,predictive,P1+P2 (protect),coarse,0.01,5,100.0,True,True,1.1790705453340594e-09,1.4472540186596209e-09,55.908160939266885,9.99999998552744,1.3981082592499314,0.7713352071136482,7.830556548108981,49.99999992763728,1.1181632204036043,0.499999999276372,4.365203051716869,4.8810095020233755,0.0009807385087434164,0.001062442860453236,0.7713352071136482,3.4909866421727407,0.7713352071136506,,0.0,1.1540353298187256,ok
B_alpha1,0.8,0.5,1.0,0.1,10.0,0.6,20,200,5,1.0,predictive,P1+P2 (protect),coarse,0.042169650342858224,5,100.0,True,True,2.259844906398047e-09,2.771109267915725e-09,58.54246754469067,9.999999972288911,0.5586049063044848,1.2942924217014171,8.147102699705187,49.99999986144447,1.1708493541383664,0.49999999861444555,4.372442617895899,5.1194716151704815,0.011834875475642305,0.014029867915109243,1.2942924217014171,5.074649115001634,1.2942924217014173,,0.0,1.221987009048462,ok
B_alpha1,0.8,0.5,1.0,0.1,10.0,0.6,20,200,5,1.0,predictive,P1+P2 (protect),coarse,0.1778279410038923,5,100.0,True,True,3.1204392560917007e-09,3.824971895636081e-09,60.53905520156763,9.999999961750312,0.19356411346183103,1.6906413111168215,8.115794613671037,49.9999998087512,1.2107811086625613,0.4999999980875156,4.4391130470002125,5.374794216525358,0.022991871949848322,0.02887816966546866,1.6906413111168215,6.285213141441798,1.6906413111168268,,0.0,1.0507962703704834,ok
B_alpha1,0.8,0.5,1.0,0.1,10.0,0.6,20,200,5,1.0,predictive,P1+P2 (protect),coarse,0.7498942093324559,5,100.0,True,True,3.499600545167611e-09,4.289413129219934e-09,61.47961736311802,9.999999957105842,0.07672204431727087,1.8768710601246665,8.04640693845222,49.99999978552943,1.2295923525365877,0.49999999785529214,4.482773537591771,5.5119840599762275,0.025858110968277052,0.03309527115236286,1.8768710601246665,6.917250859892089,1.8768710601246652,,0.0,1.083803653717041,ok
B_alpha1,0.8,0.5,1.0,0.1,10.0,0.6,20,200,5,1.0,predictive,P1+P2 (protect),coarse,3.1622776601683795,5,100.0,True,True,3.626645251764872e-09,4.445097969768481e-09,61.81858778508679,9.999999955549036,0.04156187612562314,1.9438879943407599,8.014550173984581,49.999999777745025,1.2363717611975313,0.4999999977774518,4.500038851910992,5.563720960794511,0.026171191256228084,0.0336621375179406,1.9438879943407599,7.161557779338647,1.943887994340759,,0.0,1.0488510131835938,ok
B_alpha1,0.8,0.5,1.0,0.1,10.0,0.6,20,200,5,1.0,predictive,P1+P2 (protect),coarse,13.33521432163324,5,100.0,True,True,3.7076757027586474e-09,4.54445406643488e-09,62.04866543210948,9.999999954555468,0.02362338054507417,1.989304645021121,7.987072019878336,49.999999772777265,1.2409733142817365,0.4999999977277734,4.5130678945192075,5.600596822639999,0.02568689770595531,0.03307949961715656,1.989304645021121,7.329128875619545,1.989304645021122,,0.0,1.2454264163970947,ok
B_alpha1,0.8,0.5,1.0,0.1,10.0,0.6,20,200,5,1.0,predictive,P1+P2 (protect),coarse,56.23413251903491,5,100.0,True,True,3.8025642857102385e-09,4.660821890527624e-09,62.320294346203376,9.999999953391775,0.010123115482423893,2.042889075262596,7.946987855863205,49.99999976695877,1.2464058927333468,0.49999999766958875,4.5301690703689195,5.646429424386168,0.024741324206015707,0.031869995959850635,2.042889075262596,7.523518448349288,2.0428890752625932,,0.0,1.148759126663208,ok
B_alpha1,0.8,0.5,1.0,0.1,10.0,0.6,20,200,5,1.0,predictive,P1+P2 (protect),coarse,237.13737056616552,5,100.0,True,True,3.864576400136482e-09,4.736873422529104e-09,62.49794277810555,9.999999952631255,0.0033318140476265067,2.077929132451506,7.918739100869613,49.999999763156325,1.2499588614830082,0.4999999976315627,4.541811394676792,5.677077399960756,0.024083570763015604,0.031023896452945964,2.077929132451506,7.650563924575771,2.0779291324515063,,0.0,1.2565298080444336,ok
B_alpha1,0.8,0.5,1.0,0.1,10.0,0.6,20,200,5,1.0,predictive,P1+P2 (protect),coarse,1000.0,5,100.0,True,True,3.885617680800662e-09,4.7626791074437235e-09,62.55840916677394,9.999999952373201,0.0011586152279394843,2.089855175801854,7.908986256597005,49.99999976186599,1.2511681892943927,0.4999999976186601,4.545805100783298,5.6875667368322524,0.023858458675482676,0.03073405711929985,2.089855175801854,7.694008813980865,2.089855175801858,,0.0,1.1190483570098877,ok
B_alpha1,0.8,0.5,1.0,0.1,10.0,0.6,20,200,5,1.0,predictive,P1+P2 (protect),coarse,0.01,10,3.0,True,True,1.2680003577379246e-10,1.562110055762685e-10,52.49384978434884,9.99999999843789,4.66695751941374,0.09594407183327634,5.237098410315094,49.999999992189444,1.0498769958509793,0.4999999999218945,4.84868266443006,5.090520389566553,0.0001842295314377967,0.00018675471662835615,0.09594407183327634,0.6970133078261286,0.09594407183327633,,0.0,1.3600053787231445,ok
B_alpha1,0.8,0.5,1.0,0.1,10.0,0.6,20,200,5,1.0,predictive,P1+P2 (protect),coarse,0.042169650342858224,10,3.0,True,True,3.4271561281519834e-10,4.2155895751959053e-10,53.35196495282932,9.999999995784403,3.1266355324136073,0.2708736866470096,6.602490785154981,49.999999978922,1.0670392995064075,0.49999999978922016,4.566974543606683,4.873141317873671,0.02325416558109129,0.024531033585253485,0.2708736866470096,1.6054084516130738,0.27087368664700834,,0.0,1.4692068099975586,ok
B_alpha1,0.8,0.5,1.0,0.1,10.0,0.6,20,200,5,1.0,predictive,P1+P2 (protect),coarse,0.1778279410038923,10,3.0,True,True,7.580326634275118e-10,9.31381018025723e-10,54.82590771516533,9.99999999068619,1.798777639212736,0.6346564610183094,7.566565909082765,49.99999995343091,1.0965181553245837,0.4999999995343095,4.40420078278658,4.829286118020228,0.2761619143419313,0.3289691423211756,0.6346564610183094,2.9498449444614923,0.6346564610183111,,0.0,1.2469441890716553,ok
B_alpha1,0.8,0.5,1.0,0.1,10.0,0.6,20,200,5,1.0,predictive,P1+P2 (protect),coarse,0.7498942093324559,10,3.0,True,True,1.4332681273241711e-09,1.759353986945885e-09,56.848169190650346,9.999999982406477,0.8520366636694776,1.2160022877297967,7.931961066194249,49.99999991203217,1.1369633858133308,0.49999999912032383,4.409201780409706,5.013100984988785,0.7166962710173531,1.0532936702291453,1.2160022877297967,4.410058258623193,1.2160022877297936,,0.0,1.3023099899291992,ok
B_alpha1,0.8,0.5,1.0,0.1,10.0,0.6,20,200,5,1.0,predictive,P1+P2 (protect),coarse,3.1622776601683795,10,3.0,True,True,2.288468201313487e-09,2.8072130948645576e-09,59.09555620430669,9.999999971927885,0.30993366461641625,1.7735500743300237,7.916516289125676,49.999999859639416,1.1819111274040084,0.4999999985963942,4.4965366619255365,5.314506715509867,0.9110308873138309,1.5823608914980833,1.7735500743300237,5.622029436674526,1.7735500743300276,,0.0,1.4369966983795166,ok
B_alpha1,0.8,0.5,1.0,0.1,10.0,0.6,20,200,5,1.0,predictive,P1+P2 (protect),coarse,13.33521432163324,10,3.0,True,True,2.855693888288457e-09,3.5021501549217887e-09,60.569344727330346,9.999999964978485,0.10360353132556574,2.0762765600114865,7.820119943684463,49.99999982489231,1.2113868987890701,0.49999999824892427,4.563810161290401,5.5285398379476245,0.935179691273384,1.741832927003788,2.0762765600114865,6.3925197886364735,2.0762765600114816,,0.0,1.3240506649017334,ok
B_alpha1,0.8,0.5,1.0,0.1,10.0,0.6,20,200,5,1.0,predictive,P1+P2 (protect),coarse,56.23413251903491,10,3.0,True,True,3.072258942294193e-09,3.767569712697571e-09,61.167929054566315,9.999999962324278,0.043763136781686945,2.188892857179787,7.767344043714248,49.99999981162153,1.2233585857004148,0.4999999981162139,4.592652360777445,5.618460696694367,0.9300906104631647,1.768358007339301,2.188892857179787,6.749999203328066,2.1888928571797965,,0.0,1.420393705368042,ok
B_alpha1,0.8,0.5,1.0,0.1,10.0,0.6,20,200,5,1.0,predictive,P1+P2 (protect),coarse,237.13737056616552,10,3.0,True,True,3.1368854339509194e-09,3.846814732061007e-09,61.359649826784754,9.999999961531865,0.027993560494143126,2.2239707602465297,7.748035717727462,49.99999980765938,1.2271930012564765,0.49999999807659323,4.6022835232989925,5.647890129590522,0.9263255502026885,1.7705252517624273,2.2239707602465297,6.881307739789063,2.223970760246529,,0.0,1.2217249870300293,ok
B_alpha1,0.8,0.5,1.0,0.1,10.0,0.6,20,200,5,1.0,predictive,P1+P2 (protect),coarse,1000.0,10,3.0,True,True,3.153825960845297e-09,3.867592838156455e-09,61.41168550665726,9.999999961324072,0.024050771240006576,2.23341727327944,7.742531994156481,49.9999998066204,1.228233714883452,0.4999999980662036,4.604945777248719,5.655949658827058,0.925084222438761,1.7704181570819355,2.23341727327944,6.91917563933856,2.233417273279439,,0.0,1.4700796604156494,ok
B_alpha1,0.8,0.5,1.0,0.1,10.0,0.6,20,200,5,1.0,predictive,P1+P2 (protect),coarse,0.01,10,10.0,True,True,2.622614674104405e-10,3.227198442340141e-10,53.0399754170294,9.999999996772804,3.5551233995758165,0.2059215917252986,6.238955011926082,49.99999998386402,1.0607995086829287,0.4999999998386402,4.639215576307025,4.921277604020682,0.009496863987675177,0.009916840572661352,0.2059215917252986,1.2929355723961553,0.20592159172529922,,0.0,1.328761100769043,ok
B_alpha1,0.8,0.5,1.0,0.1,10.0,0.6,20,200,5,1.0,predictive,P1+P2 (protect),coarse,0.042169650342858224,10,10.0,True,True,6.289921734989625e-10,7.730085591988701e-10,54.38027401517726,9.999999992269931,2.124919413532667,0.5205363861315848,7.354544208065817,49.999999961349594,1.087605481144273,0.49999999961349656,4.434867588211409,4.823386297087811,0.1902701618235325,0.22064734754515064,0.5205363861315848,2.5563924117730292,0.5205363861315848,,0.0,1.236210823059082,ok
B_alpha1,0.8,0.5,1.0,0.1,10.0,0.6,20,200,5,1.0,predictive,P1+P2 (protect),coarse,0.1778279410038923,10,10.0,True,True,1.2582905539537074e-09,1.5447985839400484e-09,56.326510934530006,9.999999984552005,1.0509254981398752,1.0787099114115186,7.870364605896601,49.99999992276002,1.1265302204308636,0.49999999922760024,4.402449527958743,4.959492437167114,0.6422978349805081,0.9129023657212044,1.0787099114115186,4.045634110739402,1.0787099114115175,,0.0,1.2971925735473633,ok
B_alpha1,0.8,0.5,1.0,0.1,10.0,0.6,20,200,5,1.0,predictive,P1+P2 (protect),coarse,0.7498942093324559,10,10.0,True,True,2.1258267786854454e-09,2.607851033051729e-09,58.63697801851787,9.999999973921506,0.4014787239041881,1.6750172766591667,7.923504025515139,49.999999869607514,1.172739563428686,0.4999999986960753,4.480141768241419,5.254039501386062,0.8959916718061428,1.5280165341080023,1.6750172766591667,5.3342441610710525,1.6750172766591664,,0.0,1.480233907699585,ok
B_alpha1,0.8,0.5,1.0,0.1,10.0,0.6,20,200,5,1.0,predictive,P1+P2 (protect),coarse,3.1622776601683795,10,10.0,True,True,2.766291425850429e-09,3.3924875623697993e-09,60.29054711214311,9.999999966075134,0.1379544551336745,2.024109833824874,7.837935744966318,49.999999830375714,1.2058109463335587,0.4999999983037567,4.5519456721911,5.488785918643697,0.939589334488038,1.7394347162959813,2.024109833824874,6.183665719241602,2.02410983382487,,0.0,1.320063591003418,ok
B_alpha1,0.8,0.5,1.0,0.1,10.0,0.6,20,200,5,1.0,predictive,P1+P2 (protect),coarse,13.33521432163324,10,10.0,True,True,3.0274916257555372e-09,3.7125824461907232e-09,61.00397912407586,9.999999962874192,0.05725130855597433,2.159612152615938,7.783136575953895,49.99999981437081,1.220079587011165,0.4999999981437096,4.584686171376504,5.593682010548844,0.9365485508843174,1.7776187815291045,2.159612152615938,6.598471413165192,2.1596121526159293,,0.0,1.672020673751831,ok
B_alpha1,0.8,0.5,1.0,0.1,10.0,0.6,20,200,5,1.0,predictive,P1+P2 (protect),coarse,56.23413251903491,10,10.0,True,True,3.116277307764371e-09,3.821480889767231e-09,61.27760901912299,9.999999961785209,0.03295897562092516,2.2094870724171036,7.7575539901767625,49.999999808925985,1.2255521850658833,0.49999999808926043,4.597958084511758,5.635037577314728,0.9302386876832035,1.7772484779076028,2.2094870724171036,6.798649526538089,2.2094870724170947,,0.0,1.3834843635559082,ok
B_alpha1,0.8,0.5,1.0,0.1,10.0,0.6,20,200,5,1.0,predictive,P1+P2 (protect),coarse,237.13737056616552,10,10.0,True,True,3.147315752364375e-09,3.8595878106286484e-09,61.38518979733305,9.999999961404095,0.025504242666790605,2.228750561312462,7.745745234616653,49.99999980702058,1.2277038006850924,0.49999999807020473,4.603519072625686,5.651757861988867,0.926397020168423,1.7727511156496034,2.228750561312462,6.89189086278854,2.22875056131246,,0.0,1.3484816551208496,ok
B_alpha1,0.8,0.5,1.0,0.1,10.0,0.6,20,200,5,1.0,predictive,P1+P2 (protect),coarse,1000.0,10,10.0,True,True,3.1562927662911477e-09,3.8706136037358666e-09,61.41768893122088,9.99999996129385,0.0234668591534491,2.2345401908502747,7.7419929887024255,49.99999980646933,1.2283537833789002,0.49999999806469253,4.605236248225856,5.656859368861883,0.9251047954289402,1.7709555157224413,2.2345401908502747,6.921601874007072,2.2345401908502738,,0.0,1.377084493637085,ok
B_alpha1,0.8,0.5,1.0,0.1,10.0,0.6,20,200,5,1.0,predictive,P1+P2 (protect),coarse,0.01,10,30.0,True,True,5.076891189393479e-10,6.241159687109723e-10,53.9545285330688,9.999999993758854,2.4861180155091605,0.41281794248388,7.101064048248106,49.99999996879423,1.079090571334853,0.4999999996879427,4.475849678551223,4.8298471868367585,0.108950083976462,0.12206091146940262,0.41281794248388,2.1717146233600606,0.41281794248388076,,0.0,1.3102505207061768,ok
B_alpha1,0.8,0.5,1.0,0.1,10.0,0.6,20,200,5,1.0,predictive,P1+P2 (protect),coarse,0.042169650342858224,10,30.0,True,True,1.06437260270757e-09,1.3070389377597028e-09,55.75534743412869,9.999999986929613,1.2991335147666827,0.916643413512269,7.784223084791436,49.99999993464802,1.1151069501400628,0.49999999934648065,4.397508517027324,4.90369231063729,0.5318130534068034,0.717632360217786,0.916643413512269,3.6489352873814784,0.9166434135122712,,0.0,1.4401462078094482,ok
B_alpha1,0.8,0.5,1.0,0.1,10.0,0.6,20,200,5,1.0,predictive,P1+P2 (protect),coarse,0.1778279410038923,10,30.0,True,True,1.9090868211351114e-09,2.342277987375597e-09,58.06414261229897,9.999999976577199,0.5289841642418704,1.5418470907002915,7.929168768480639,49.999999882886065,1.1612828549660275,0.4999999988288599,4.4588361399979854,5.177969962482562,0.861542947414551,1.4211483756734742,1.5418470907002915,5.021660232852333,1.5418470907002957,,0.0,1.3312504291534424,ok
B_alpha1,0.8,0.5,1.0,0.1,10.0,0.6,20,200,5,1.0,predictive,P1+P2 (protect),coarse,0.7498942093324559,10,30.0,True,True,2.643336250569597e-09,3.241796574469119e-09,59.95118734622735,9.999999967582045,0.18504954941165017,1.957807891055804,7.857142591950501,49.999999837910174,1.199023750811538,0.49999999837910225,4.537641556443333,5.4407399988449905,0.9385345926690548,1.7172481125481587,1.957807891055804,5.980308649250669,1.9578078910558063,,0.0,1.386669397354126,ok
B_alpha1,0.8,0.5,1.0,0.1,10.0,0.6,20,200,5,1.0,predictive,P1+P2 (protect),coarse,3.1622776601683795,10,30.0,True,True,2.9740977593070545e-09,3.647065429169877e-09,60.829984171449375,9.999999963529337,0.07619087468384599,2.127967745944429,7.795841415842388,49.99999981764664,1.2165996878660084,0.49999999817646684,4.577061046446126,5.5684510404500225,0.9411439033356249,1.7806016207116726,2.127967745944429,6.4595059440877165,2.127967745944433,,0.0,1.2907342910766602,ok
B_alpha1,0.8,0.5,1.0,0.1,10.0,0.6,20,200,5,1.0,predictive,P1+P2 (protect),coarse,13.33521432163324,10,30.0,True,True,3.0831506810664755e-09,3.780765840422588e-09,61.148114869368,9.999999962192359,0.04283086849449641,2.1865772148796707,7.770591954433474,49.99999981096173,1.2229623020110936,0.4999999981096179,4.591571416997478,5.615318749979575,0.9361811079204678,1.7871545266022026,2.1865772148796707,6.670574102393561,2.186577214879672,,0.0,1.4307308197021484,ok
B_alpha1,0.8,0.5,1.0,0.1,10.0,0.6,20,200,5,1.0,predictive,P1+P2 (protect),coarse,56.23413251903491,10,30.0,True,True,3.1292471909727e-09,3.837366142984545e-09,61.310151530654196,9.999999961626335,0.029792615532756313,2.2155591959870384,7.75464822685387,49.999999808131676,1.2262030353184743,0.49999999808131673,4.5995267886322795,5.639953709249536,0.9302349247566034,1.7797573834801552,2.2155591959870384,6.813341098470751,2.215559195987044,,0.0,1.2425050735473633,ok
B_alpha1,0.8,0.5,1.0,0.1,10.0,0.6,20,200,5,1.0,predictive,P1+P2 (protect),coarse,237.13737056616552,10,30.0,True,True,3.150317358734173e-09,3.863263633558953e-09,61.39255175289162,9.99999996136734,0.02478840053118303,2.2301262264978856,7.745085411603591,49.99999980683668,1.227851039801348,0.49999999806836704,4.603874809812596,5.652872472343629,0.9264150747393395,1.7733860342513954,2.2301262264978856,6.8949549474409935,2.230126226497884,,0.0,1.3514001369476318,ok
B_alpha1,0.8,0.5,1.0,0.1,10.0,0.6,20,200,5,1.0,predictive,P1+P2 (protect),coarse,1000.0,10,30.0,True,True,3.156998762157104e-09,3.871478143391647e-09,61.41940776579844,9.999999961285253,0.02329976751108946,2.234861573539725,7.741838697663933,49.99999980642596,1.22838816007165,0.49999999806426265,4.605319387816786,5.65711980934256,0.9251105462257013,1.7711090028240322,2.234861573539725,6.922297254218072,2.234861573539724,,0.0,1.3005263805389404,ok
B_alpha1,0.8,0.5,1.0,0.1,10.0,0.6,20,200,5,1.0,predictive,P1+P2 (protect),coarse,0.01,10,100.0,True,True,9.462473157132208e-10,1.1621828982415692e-09,55.39700278239862,9.999999988378173,1.4788555036769153,0.8127906201770043,7.708353887767907,49.99999994189084,1.1079400569356017,0.49999999941890866,4.3990050683680435,4.87383392590769,0.4508986989332378,0.587103965146873,0.8127906201770043,3.384243435770282,0.8127906201770044,,0.0,1.4178950786590576,ok
B_alpha1,0.8,0.5,1.0,0.1,10.0,0.6,20,200,5,1.0,predictive,P1+P2 (protect),coarse,0.042169650342858224,10,100.0,True,True,1.7578213595803517e-09,2.1569321735379655e-09,57.66512138145267,9.999999978430678,0.6295225210483747,1.4438598848720112,7.926617615648936,49.99999989215336,1.1533024301166492,0.4999999989215339,4.444675157882806,5.126054660665341,0.8285256300894499,1.3304300124733646,1.4438598848720112,4.804974018898427,1.4438598848720072,,0.0,1.2912297248840332,ok
B_alpha1,0.8,0.5,1.0,0.1,10.0,0.6,20,200,5,1.0,predictive,P1+P2 (protect),coarse,0.1778279410038923,10,100.0,True,True,2.547180333063551e-09,3.123977875847096e-09,59.6958216695908,9.999999968760186,0.2230572834255106,1.9063639249806243,7.8705788228336795,49.99999984380109,1.193916437121585,0.4999999984380093,4.526873743222064,5.404708970806938,0.9351163379240666,1.6934044667119124,1.9063639249806243,5.839957682294789,1.9063639249806223,,0.0,1.4795749187469482,ok
B_alpha1,0.8,0.5,1.0,0.1,10.0,0.6,20,200,5,1.0,predictive,P1+P2 (protect),coarse,0.7498942093324559,10,100.0,True,True,2.935358505714504e-09,3.5995610549543547e-09,60.71381143808784,9.999999964004356,0.09051163853157229,2.1064773082967405,7.803011089167331,49.99999982002204,1.214276233132616,0.4999999982002178,4.572211664352826,5.551927956875359,0.9429522938342618,1.7788731051137738,2.1064773082967405,6.3781271015496666,2.1064773082967436,,0.0,1.3652944564819336,ok
B_alpha1,0.8,0.5,1.0,0.1,10.0,0.6,20,200,5,1.0,predictive,P1+P2 (protect),coarse,3.1622776601683795,10,100.0,True,True,3.0586319935983707e-09,3.750638261038728e-09,61.054746426430256,9.999999962493614,0.05271633291498661,2.16999802466253,7.77728567992887,49.99999981246808,1.2210949331084906,0.4999999981246807,4.587568015320592,5.601856058798549,0.940172929795092,1.7934866017273476,2.16999802466253,6.580439926449526,2.169998024662521,,0.0,1.3354623317718506,ok
B_alpha1,0.8,0.5,1.0,0.1,10.0,0.6,20,200,5,1.0,predictive,P1+P2 (protect),coarse,13.33521432163324,10,100.0,True,True,3.1034018810653337e-09,3.80557498511835e-09,61.20100755291203,9.99999996194425,0.03764208580994151,2.19639935215141,7.765958600094399,49.99999980972127,1.2240201557163408,0.49999999809721246,4.594093816967379,5.6232634292198895,0.935944548188677,1.7903936141931467,2.19639935215141,6.697551048537931,2.1963993521514067,,0.0,1.2715888023376465,ok
B_alpha1,0.8,0.5,1.0,0.1,10.0,0.6,20,200,5,1.0,predictive,P1+P2 (protect),coarse,56.23413251903491,10,100.0,True,True,3.13382894338452e-09,3.842977835985989e-09,61.3216728806001,9.999999961570223,0.028675651428174773,2.2177049172185033,7.753619469783098,49.99999980785106,1.2264334623251596,0.49999999807851114,4.600081563181364,5.641693958510653,0.9302282211667099,1.780631877243947,2.2177049172185033,6.8185715046198725,2.217704917218502,,0.0,1.355302095413208,ok
B_alpha1,0.8,0.5,1.0,0.1,10.0,0.6,20,200,5,1.0,predictive,P1+P2 (protect),coarse,237.13737056616552,10,100.0,True,True,3.1513701918496092e-09,3.864552955112116e-09,61.39513530373657,9.999999961354467,0.024537365716504236,2.23060876886658,7.744853904062449,49.99999980677235,1.2279027108200264,0.49999999806772333,4.603999605645764,5.653263596386766,0.9264211376707708,1.773608142473857,2.23060876886658,6.896031677417265,2.2306087688665905,,0.0,1.3441576957702637,ok
B_alpha1,0.8,0.5,1.0,0.1,10.0,0.6,20,200,5,1.0,predictive,P1+P2 (protect),coarse,1000.0,10,100.0,True,True,3.157245986260724e-09,3.8717808861496625e-09,61.42000973356373,9.99999996128222,0.02324125809099513,2.2349741152467213,7.741784665380062,49.999999806411,1.22840019942737,0.49999999806411105,4.605348502223583,5.65721101856399,0.9251125455440277,1.7711627186495813,2.2349741152467213,6.922540866007903,2.2349741152467235,,0.0,1.342132568359375,ok
B_alpha1,0.8,0.5,1.0,0.1,10.0,0.6,20,200,5,1.0,predictive,P1+P2 (protect),coarse,0.01,20,3.0,True,True,2.9541408967577835e-12,3.665298301503701e-12,52.003619029533674,9.999999999963348,9.789950911079762,0.15098197067213764,0.05906711828475153,49.99999999981674,1.0400723805944856,0.4999999999981674,6.025061647448191,6.266500210889974,0.551853874246016,0.5906711828474965,0.15098197067213764,0.4397243838878233,0.15098197067213764,,0.0,8.079375743865967,ok
B_alpha1,0.8,0.5,1.0,0.1,10.0,0.6,20,200,5,1.0,predictive,P1+P2 (protect),coarse,0.042169650342858224,20,3.0,True,True,3.7222448240120536e-12,4.615487237511725e-12,52.005324607607534,9.999999999953848,9.19637527625019,0.5973456100463456,0.20627911374961627,49.99999999976928,1.04010649215695,0.4999999999976924,6.058981908266601,6.301986418649597,1.6127831901356888,2.0627911374961765,0.5973456100463456,1.4655814872665582,0.5973456100463452,,0.0,7.983163595199585,ok
B_alpha1,0.8,0.5,1.0,0.1,10.0,0.6,20,200,5,1.0,predictive,P1+P2 (protect),coarse,0.1778279410038923,20,3.0,True,True,7.575493409153386e-12,9.376688677474927e-12,52.017122437368215,9.999999999906262,7.443908975006069,2.0291012932474826,0.526989731840187,49.99999999953116,1.0403424487571193,0.4999999999953131,6.201958042053613,6.4521602165589655,2.7778540913835563,5.269897318402145,2.0291012932474826,3.241252170044144,2.029101293247483,,0.0,8.167586088180542,ok
B_alpha1,0.8,0.5,1.0,0.1,10.0,0.6,20,200,5,1.0,predictive,P1+P2 (protect),coarse,0.7498942093324559,20,3.0,True,True,3.004282030480862e-11,3.7074391546863956e-11,52.14887695672329,9.999999999629239,4.271018341896382,4.810152740846644,0.9188289176277351,49.99999999814617,1.042977539173136,0.49999999998146194,6.531811713075843,6.8125329068461085,3.2994278945731907,9.188289176277049,4.810152740846644,4.379823679612417,4.810152740846654,,0.0,8.03988528251648,ok
B_alpha1,0.8,0.5,1.0,0.1,10.0,0.6,20,200,5,1.0,predictive,P1+P2 (protect),coarse,3.1622776601683795,20,3.0,True,True,1.0561870517225314e-10,1.300673186673719e-10,52.91360063171035,9.999999998699318,1.660172492001709,7.1576035042015365,1.1822240050974369,49.999999993496694,1.0582720127718523,0.4999999999349659,6.825430757146344,7.223162345400169,3.481005020275318,11.822240050974058,7.1576035042015365,4.67789412605797,7.157603504201544,,0.0,7.983471155166626,ok
B_alpha1,0.8,0.5,1.0,0.1,10.0,0.6,20,200,5,1.0,predictive,P1+P2 (protect),coarse,13.33521432163324,20,3.0,True,True,1.9336310964193723e-10,2.3795619985345694e-10,54.03644930268074,9.999999997620465,0.6379210766308815,8.082047085755786,1.2800318399928674,49.99999998810234,1.0807289863107776,0.4999999998810233,6.94239540224281,7.502847945634476,3.510922570507499,12.800318399929012,8.082047085755786,4.753853252418448,8.082047085755763,,0.0,8.054246664047241,ok
B_alpha1,0.8,0.5,1.0,0.1,10.0,0.6,20,200,5,1.0,predictive,P1+P2 (protect),coarse,56.23413251903491,20,3.0,True,True,2.3578971948858914e-10,2.901179708191834e-10,54.60873363184175,9.99999999709883,0.3595044121196336,8.3341642957551,1.3063312950264374,49.999999985493986,1.092174672953697,0.4999999998549415,6.974378972148464,7.61724007296139,3.5288763318558267,13.063312950263894,8.3341642957551,4.775672474446159,8.334164295755139,,0.0,8.09041714668274,ok
B_alpha1,0.8,0.5,1.0,0.1,10.0,0.6,20,200,5,1.0,predictive,P1+P2 (protect),coarse,237.13737056616552,20,3.0,True,True,2.484338804965942e-10,3.0566365095862807e-10,54.77990528424377,9.999999996943318,0.2912986464700202,8.395940952113936,1.3127604044727261,49.99999998471677,1.0955981060197608,0.4999999998471659,6.982219357086424,7.649706303438398,3.5382887091823085,13.127604044726578,8.395940952113936,4.781268210813104,8.395940952113945,,0.0,8.120290517807007,ok
B_alpha1,0.8,0.5,1.0,0.1,10.0,0.6,20,200,5,1.0,predictive,P1+P2 (protect),coarse,1000.0,20,3.0,True,True,2.516154535223298e-10,3.095753463628772e-10,54.822956481621354,9.999999996904211,0.2750020362719901,8.410701866748813,1.3142961000749858,49.99999998452099,1.0964591299718691,0.4999999998452106,6.984092846054789,7.65777236562799,3.5411153242886826,13.142961000749073,8.410701866748813,4.782623855481302,8.41070186674881,,0.0,8.074261903762817,ok
B_alpha1,0.8,0.5,1.0,0.1,10.0,0.6,20,200,5,1.0,predictive,P1+P2 (protect),coarse,0.01,20,10.0,True,True,3.505984975898485e-12,4.348011941964651e-12,52.00481948219501,9.999999999956527,9.348878307625277,0.48016617719029486,0.17095551522790053,49.9999999997826,1.0400963896484225,0.49999999999782635,6.0493276389442325,6.291883837066313,1.3962179847126033,1.7095551522790426,0.48016617719029486,1.229498819370956,0.4801661771902948,,0.0,8.691457271575928,ok
B_alpha1,0.8,0.5,1.0,0.1,10.0,0.6,20,200,5,1.0,predictive,P1+P2 (protect),coarse,0.042169650342858224,20,10.0,True,True,6.420257620012472e-12,7.949973969912134e-12,52.013078786994626,9.99999999992051,7.8432959105539535,1.692184528066444,0.46451956145909357,49.999999999602494,1.0402615757481628,0.4999999999960255,6.165380976702579,6.413608929912372,2.6360088273022173,4.645195614590979,1.692184528066444,2.953389591914516,1.6921845280664467,,0.0,7.973689079284668,ok
B_alpha1,0.8,0.5,1.0,0.1,10.0,0.6,20,200,5,1.0,predictive,P1+P2 (protect),coarse,0.1778279410038923,20,10.0,True,True,2.3454992921702496e-11,2.895887357943644e-11,52.10217179618134,9.999999999710452,4.822810342145547,4.318271048740424,0.8589186094035766,49.99999999855199,1.0420434359538044,0.4999999999855226,6.47135168826049,6.743429548500414,3.2419621187099343,8.589186094036203,4.318271048740424,4.272188727066092,4.3182710487404075,,0.0,8.209032773971558,ok
B_alpha1,0.8,0.5,1.0,0.1,10.0,0.6,20,200,5,1.0,predictive,P1+P2 (protect),coarse,0.7498942093324559,20,10.0,True,True,9.000229412854171e-11,1.1086075028661803e-10,52.732452619774456,9.999999998891395,1.9653682312581344,6.882046300692745,1.152585469157725,49.99999999445693,1.054649052512409,0.4999999999445698,6.790675256270705,7.16177922494536,3.4679460016039036,11.525854691577187,6.882046300692745,4.65378076200632,6.882046300692752,,0.0,8.112656354904175,ok
B_alpha1,0.8,0.5,1.0,0.1,10.0,0.6,20,200,5,1.0,predictive,P1+P2 (protect),coarse,3.1622776601683795,20,10.0,True,True,1.817373525829803e-10,2.236627135548926e-10,53.88128730255044,9.999999997763384,0.7312191299649551,7.997589558521381,1.2711913137502804,49.99999998881688,1.0776257462920331,0.4999999998881692,6.9316879824624795,7.469765435164647,3.507926023004307,12.711913137502858,7.997589558521381,4.746808743924569,7.997589558521359,,0.0,7.973220109939575,ok
B_alpha1,0.8,0.5,1.0,0.1,10.0,0.6,20,200,5,1.0,predictive,P1+P2 (protect),coarse,13.33521432163324,20,10.0,True,True,2.3166792677023568e-10,2.8505036524959527e-10,54.55293438242626,9.999999997149509,0.38300944698288586,8.312875737503045,1.3041148183645603,49.999999985747294,1.0910586879595359,0.49999999985747545,6.971677353840643,7.60650914655858,3.526344752005805,13.041148183645209,8.312875737503045,4.7737710823168795,8.312875737503084,,0.0,8.039970874786377,ok
B_alpha1,0.8,0.5,1.0,0.1,10.0,0.6,20,200,5,1.0,predictive,P1+P2 (protect),coarse,56.23413251903491,20,10.0,True,True,2.473454462327736e-10,3.0432544076341525e-10,54.765174407273264,9.999999996956708,0.29695063564683377,8.390821604253196,1.3122277631432624,49.999999984783564,1.0953034884787975,0.4999999998478354,6.981569605617197,7.646937544090059,3.5373679313661217,13.122277631432564,8.390821604253196,4.780799801926729,8.390821604253125,,0.0,8.087203979492188,ok
B_alpha1,0.8,0.5,1.0,0.1,10.0,0.6,20,200,5,1.0,predictive,P1+P2 (protect),coarse,237.13737056616552,20,10.0,True,True,2.513504736307973e-10,3.092495571081255e-10,54.81937145102332,9.999999996907512,0.2763467058072265,8.409483906183096,1.3141693911021652,49.99999998453749,1.0963874293595246,0.4999999998453756,6.983938258553647,7.657102114101268,3.540871972951025,13.141693911021434,8.409483906183096,4.782511709333298,8.409483906183135,,0.0,8.111418008804321,ok
B_alpha1,0.8,0.5,1.0,0.1,10.0,0.6,20,200,5,1.0,predictive,P1+P2 (protect),coarse,1000.0,20,10.0,True,True,2.5231762012463726e-10,3.1043865134357846e-10,54.83245589945535,9.999999996895585,0.2714497514234221,8.413919421487897,1.3146308301930953,49.999999984477924,1.0966491183295524,0.4999999998447793,6.984501229447928,7.659547115245744,3.541767367737431,13.146308301930421,8.413919421487897,4.782920371552819,8.413919421487904,,0.0,8.05910849571228,ok
B_alpha1,0.8,0.5,1.0,0.1,10.0,0.6,20,200,5,1.0,predictive,P1+P2 (protect),coarse,0.01,20,30.0,True,True,5.243695500341493e-12,6.496344594335548e-12,52.00938571620519,9.99999999993505,8.338668329620198,1.2817143988339574,0.3796172716107957,49.99999999967517,1.0401877143308615,0.4999999999967525,6.122802490791532,6.36886392819575,2.38998718580386,3.796172716108042,1.2817143988339574,2.5147451545869455,1.2817143988339592,,0.0,7.930053472518921,ok
B_alpha1,0.8,0.5,1.0,0.1,10.0,0.6,20,200,5,1.0,predictive,P1+P2 (protect),coarse,0.042169650342858224,20,30.0,True,True,1.6455587150372914e-11,2.0332088982577922e-11,52.059014107654626,9.999999999796659,5.626701594501408,3.606171640253859,0.7671267654480749,49.999999998983405,1.0411802821742617,0.4999999999898329,6.384964772526576,6.647899423531942,3.1429988041969583,7.671267654480266,3.606171640253859,4.066008395833019,3.6061716402538733,,0.0,8.319676637649536,ok
B_alpha1,0.8,0.5,1.0,0.1,10.0,0.6,20,200,5,1.0,predictive,P1+P2 (protect),coarse,0.1778279410038923,20,30.0,True,True,6.896084995675995e-11,8.497693447870819e-11,52.50357556879349,9.999999999150258,2.4960110138295954,6.40350087461242,1.1004881124077261,49.99999999575116,1.0500715114651014,0.49999999995751293,6.730458391105083,7.067462615600689,3.439575501133284,11.004881124077329,6.40350087461242,4.607565222998478,6.403500874612438,,0.0,8.02501130104065,ok
B_alpha1,0.8,0.5,1.0,0.1,10.0,0.6,20,200,5,1.0,predictive,P1+P2 (protect),coarse,0.7498942093324559,20,30.0,True,True,1.624933192866877e-10,2.0000234518633974e-10,53.627380194998636,9.99999999799999,0.9069151923769108,7.8385858408085065,1.2544989688145936,49.99999998999998,1.0725476041144828,0.49999999989999944,6.911540688093139,7.412956405754061,3.5033850856945885,12.544989688145797,7.8385858408085065,4.733763672356639,7.838585840808527,,0.0,8.034631490707397,ok
B_alpha1,0.8,0.5,1.0,0.1,10.0,0.6,20,200,5,1.0,predictive,P1+P2 (protect),coarse,3.1622776601683795,20,30.0,True,True,2.2405246599448119e-10,2.7568744684756037e-10,54.44988542374197,9.999999997243103,0.42822534719863814,8.271925206094297,1.299849449463962,49.99999998621533,1.0889977087750689,0.49999999986215515,6.966480937574642,7.586481779243979,3.5222360839987346,12.99849449463926,8.271925206094297,4.770148783104288,8.271925206094268,,0.0,8.382304668426514,ok
B_alpha1,0.8,0.5,1.0,0.1,10.0,0.6,20,200,5,1.0,predictive,P1+P2 (protect),coarse,13.33521432163324,20,30.0,True,True,2.4526290329615244e-10,3.0176499618627333e-10,54.73698601223733,9.999999996982343,0.30787628897129093,8.380925632192797,1.3111980818535691,49.99999998491171,1.0947397205751017,0.49999999984911714,6.980313614333724,7.641626575682279,3.5356686107526474,13.111980818535349,8.380925632192797,4.77989684020799,8.380925632192813,,0.0,7.931269884109497,ok
B_alpha1,0.8,0.5,1.0,0.1,10.0,0.6,20,200,5,1.0,predictive,P1+P2 (protect),coarse,56.23413251903491,20,30.0,True,True,2.508389406220957e-10,3.08620634348532e-10,54.81245040812006,9.999999996913768,0.2789489643245794,8.407126862218483,1.313924176543169,49.99999998456893,1.096249008500727,0.49999999984568844,6.983639095460597,7.6558074341255935,3.5404063492445284,13.13924176543118,8.407126862218483,4.782294828531389,8.407126862218497,,0.0,8.085222959518433,ok
B_alpha1,0.8,0.5,1.0,0.1,10.0,0.6,20,200,5,1.0,predictive,P1+P2 (protect),coarse,237.13737056616552,20,30.0,True,True,2.521952903432379e-10,3.102882483704134e-10,54.830800987535454,9.999999996897072,0.27206748281510823,8.413359898253896,1.3145726220339236,49.9999999844853,1.0966160200909825,0.4999999998448536,6.984430212692155,7.659238062445685,3.541653014222503,13.145726220338558,8.413359898253896,4.7828687818053455,8.41335989825386,,0.0,7.981070280075073,ok
B_alpha1,0.8,0.5,1.0,0.1,10.0,0.6,20,200,5,1.0,predictive,P1+P2 (protect),coarse,1000.0,20,30.0,True,True,2.5251889619811354e-10,3.106861178654139e-10,54.83517876868794,9.999999996893104,0.27043440615482156,8.414839092212302,1.314726504739772,49.99999998446552,1.0967035757144932,0.4999999998446552,6.984617957537504,7.66005548903104,3.5419562193053498,13.147265047396655,8.414839092212302,4.783005192302205,8.414839092212373,,0.0,8.254628896713257,ok
B_alpha1,0.8,0.5,1.0,0.1,10.0,0.6,20,200,5,1.0,predictive,P1+P2 (protect),coarse,0.01,20,100.0,True,True,1.3027452137392382e-11,1.6104639956016973e-11,52.04085533392666,9.999999999838927,6.165241282592322,3.1330896392393117,0.7016690783294388,49.99999999919484,1.0408171066952936,0.49999999999194633,6.3285834929580735,6.586897960620217,3.0624063463927316,7.016690783294019,3.1330896392393117,3.8843492331252985,3.1330896392393117,,0.0,7.868135690689087,ok
B_alpha1,0.8,0.5,1.0,0.1,10.0,0.6,20,200,5,1.0,predictive,P1+P2 (protect),coarse,0.042169650342858224,20,100.0,True,True,5.607426444612983e-11,6.912063974128317e-11,52.37433397943813,9.999999999308793,2.9237607964057157,6.018354668342191,1.0578845359433005,49.999999996544126,1.0474866796611622,0.49999999996543965,6.682146338482989,6.999459281107538,3.4119009233965043,10.578845359433027,6.018354668342191,4.5647942803895845,6.018354668342205,,0.0,8.094390630722046,ok
B_alpha1,0.8,0.5,1.0,0.1,10.0,0.6,20,200,5,1.0,predictive,P1+P2 (protect),coarse,0.1778279410038923,20,100.0,True,True,1.4779394078458442e-10,1.8192895405817134e-10,53.43673451971662,9.999999998180716,1.0627543530471575,7.697603097030161,1.239642551741966,49.999999990903504,1.0687346905887674,0.49999999990903576,6.8936894407325875,7.367525051456394,3.4996045816836014,12.396425517419498,7.697603097030161,4.722327304595395,7.6976030970301474,,0.0,8.133790731430054,ok
B_alpha1,0.8,0.5,1.0,0.1,10.0,0.6,20,200,5,1.0,predictive,P1+P2 (protect),coarse,0.7498942093324559,20,100.0,True,True,2.1745077310012676e-10,2.675709437447094e-10,54.36064274565248,9.999999997324279,0.4694251201589363,8.234614047433183,1.2959608350836014,49.999999986621376,1.0872128552039577,0.49999999986621396,6.961746862554324,7.568900683644881,3.5191866737730084,12.959608350835678,8.234614047433183,4.766885762070272,8.234614047433187,,0.0,8.029106855392456,ok
B_alpha1,0.8,0.5,1.0,0.1,10.0,0.6,20,200,5,1.0,predictive,P1+P2 (protect),coarse,3.1622776601683795,20,100.0,True,True,2.433779767803509e-10,2.994475216087401e-10,54.71146949439831,9.999999997005618,0.31789359239041387,8.371852468525834,1.310253942078134,49.99999998502741,1.0942293902156353,0.49999999985028093,6.979162069710684,7.636804255755613,3.534198474072474,13.102539420782213,8.371852468525834,4.77907179301327,8.371852468525903,,0.0,8.428856611251831,ok
B_alpha1,0.8,0.5,1.0,0.1,10.0,0.6,20,200,5,1.0,predictive,P1+P2 (protect),coarse,13.33521432163324,20,100.0,True,True,2.5037073099732637e-10,3.080449774062759e-10,54.80611521069755,9.999999996919543,0.2813382832684207,8.40496269493234,1.3136990248796958,49.99999998459767,1.0961223045516078,0.49999999984597715,6.983364413528427,7.654621494480467,3.539984913275404,13.13699024879661,8.40496269493234,4.78209586694205,8.404962694932312,,0.0,8.075062274932861,ok
B_alpha1,0.8,0.5,1.0,0.1,10.0,0.6,20,200,5,1.0,predictive,P1+P2 (protect),coarse,56.23413251903491,20,100.0,True,True,2.5208301663142393e-10,3.1015020923066864e-10,54.829282096754795,9.999999996898408,0.272634856217775,8.412845987968518,1.3145191589152985,49.99999998449233,1.0965856422752058,0.4999999998449204,6.984364985334722,7.658954363327735,3.5415483428993983,13.145191589151498,8.412845987968518,4.782821407550766,8.412845987968534,,0.0,7.9627509117126465,ok
B_alpha1,0.8,0.5,1.0,0.1,10.0,0.6,20,200,5,1.0,predictive,P1+P2 (protect),coarse,237.13737056616552,20,100.0,True,True,2.5249220127177256e-10,3.1065329676987307e-10,54.83481764249627,9.99999999689344,0.2705689952351641,8.414717185246156,1.3147138226252406,49.99999998446737,1.0966963531906169,0.49999999984467197,6.984602484637955,7.6599880733885675,3.541931122067361,13.147138226251514,8.414717185246156,4.782993947147008,8.414717185246188,,0.0,8.145194292068481,ok
B_alpha1,0.8,0.5,1.0,0.1,10.0,0.6,20,200,5,1.0,predictive,P1+P2 (protect),coarse,1000.0,20,100.0,True,True,2.5258941204512725e-10,3.107728162684154e-10,54.83613269436409,9.999999996892317,0.2700789926123633,8.415161015738905,1.314759994756415,49.99999998446085,1.0967226542281245,0.49999999984461585,6.984658817314524,7.660233557003058,3.5420225887172845,13.147599947564036,8.415161015738905,4.783034890292597,8.415161015738935,,0.0,8.09475302696228,ok
B_alpha1,0.8,0.5,1.0,0.1,10.0,0.6,20,200,5,1.0,base,Base,fine,0.04869675251658631,0,1.0,False,False,2.3499722514383834e-10,2.8921854176850343e-10,52.93136161408372,9.999999997107746,3.742143270183755,0.18223022470974673,6.075626507998752,49.999999985539034,1.0586272325878499,0.49999999985538734,4.672497534833154,4.946433134573972,0.0,0.0,,,,,2.1367799939641736e-40,0.4062950611114502,ok
B_alpha1,0.8,0.5,1.0,0.1,10.0,0.6,20,200,5,1.0,base,Base,fine,0.05623413251903491,0,1.0,False,False,2.603654337281726e-10,3.203873301837134e-10,53.03029406688039,9.999999996796074,3.5880928616927017,0.20177328947502998,6.210133852036194,49.99999998398066,1.060605881677412,0.4999999998398037,4.645093412655743,4.926613394403683,0.0,0.0,,,,,1.112412644151305e-39,0.43903040885925293,ok
B_alpha1,0.8,0.5,1.0,0.1,10.0,0.6,20,200,5,1.0,base,Base,fine,0.06493816315762113,0,1.0,False,False,2.883781284416111e-10,3.5479966747499606e-10,53.137933046113005,9.999999996451946,3.4346832137583734,0.22304201892978343,6.342274770859897,49.999999982259965,1.0627586612993276,0.4999999998225973,4.618482653768546,4.908332442353226,0.0,0.0,,,,,5.573283041081409e-39,0.4110703468322754,ok
B_alpha1,0.8,0.5,1.0,0.1,10.0,0.6,20,200,5,1.0,base,Base,fine,0.07498942093324558,0,1.0,False,False,3.1926871032837966e-10,3.9274117959677185e-10,53.25472921643452,9.999999996072571,3.2821410768905657,0.2461258587772426,6.471733068259621,49.999999980362944,1.0650945847469968,0.4999999998036285,4.592750040160022,4.891713196870991,0.0,0.0,,,,,2.685139857786864e-38,0.4196624755859375,ok
B_alpha1,0.8,0.5,1.0,0.1,10.0,0.6,20,200,5,1.0,base,Base,fine,0.08659643233600653,0,1.0,False,False,3.5328007014444594e-10,4.3450901572806704e-10,53.38110227415126,9.999999995654925,3.1307074635639323,0.2711080970323442,6.598184443748799,49.99999997827454,1.0676220459469168,0.49999999978274623,4.567981255979019,4.876877494355487,0.0,0.0,,,,,1.2430881693622574e-37,0.44991159439086914,ok
B_alpha1,0.8,0.5,1.0,0.1,10.0,0.6,20,200,5,1.0,base,Base,fine,0.1,0,1.0,False,False,3.9066212949977457e-10,4.804088258270808e-10,53.51743002200762,9.999999995195903,2.9806369349136643,0.2980636934913635,6.7212993763990685,49.99999997597955,1.0703486009543577,0.49999999975979514,4.544261910545942,4.863944378323026,0.0,0.0,,,,,5.52563981747077e-37,0.4645578861236572,ok
B_alpha1,0.8,0.5,1.0,0.1,10.0,0.6,20,200,5,1.0,base,Base,fine,0.11547819846894582,0,1.0,False,False,4.316685821982336e-10,5.307507599857601e-10,53.66403665226169,9.999999994692482,2.8321965262982562,0.327056952566927,6.840746526442334,49.999999973462494,1.0732807336148777,0.4999999997346241,4.521676421005163,4.853028186305517,0.0,0.0,,,,,2.3565353940268698e-36,0.43624258041381836,ok
B_alpha1,0.8,0.5,1.0,0.1,10.0,0.6,20,200,5,1.0,base,Base,fine,0.1333521432163324,0,1.0,False,False,4.765527357628454e-10,5.85844367965653e-10,53.821180478498114,9.999999994141527,2.685664278304571,0.3581390874714574,6.956196640082444,49.9999999707078,1.0764236102005786,0.49999999970707637,4.500306765119021,4.844236455119503,0.0,0.0,,,,,9.634762742779715e-36,0.4609520435333252,ok
B_alpha1,0.8,0.5,1.0,0.1,10.0,0.6,20,200,5,1.0,base,Base,fine,0.1539926526059492,0,1.0,False,False,5.255623695583546e-10,6.45992297557658e-10,53.98904143398273,9.99999999354005,2.5413273457142944,0.39134573910657866,7.0673269216390775,49.99999996770042,1.079780829377184,0.4999999996770025,4.480231121825476,4.837667676526184,0.0,0.0,,,,,3.773545903727357e-35,0.4339141845703125,ok
B_alpha1,0.8,0.5,1.0,0.1,10.0,0.6,20,200,5,1.0,base,Base,fine,0.2053525026457146,0,1.0,False,False,6.368834298486112e-10,7.825805167812716e-10,54.35716915647926,9.99999999217417,2.2604191791963464,0.46418273547633865,7.275398093153146,49.99999996087099,1.0871433839803621,0.49999999960870845,4.4442468637385835,4.8315335746888755,0.0,0.0,,,,,5.0730490359014755e-34,0.45810961723327637,ok
B_alpha1,0.8,0.5,1.0,0.1,10.0,0.6,20,200,5,1.0,base,Base,fine,0.23713737056616552,0,1.0,False,False,6.996019765613323e-10,8.595171613597105e-10,54.55729650786077,9.99999999140483,2.1244446132317227,0.5037852094952203,7.371770185868228,49.99999995702415,1.0911459310950737,0.49999999957024144,4.428462371244118,4.832098697390661,0.0,0.0,,,,,1.738726948446086e-33,0.4220845699310303,ok
B_alpha1,0.8,0.5,1.0,0.1,10.0,0.6,20,200,5,1.0,base,Base,fine,0.27384196342643613,0,1.0,False,False,7.672429473791504e-10,9.424796862253998e-10,54.767842772245466,9.999999990575192,1.9918518552994127,0.5454526229097806,7.462695531215615,49.999999952876045,1.0953568564772602,0.4999999995287596,4.414217149951364,4.8351430211787365,0.0,0.0,,,,,5.691717084928237e-33,0.4064362049102783,ok
B_alpha1,0.8,0.5,1.0,0.1,10.0,0.6,20,200,5,1.0,base,Base,fine,0.31622776601683794,0,1.0,False,False,8.399141661718502e-10,1.0315988029841222e-09,54.988431583802914,9.999999989683985,1.8629299688777798,0.5891101823040368,7.547959859134199,49.99999994842007,1.099768632810578,0.49999999948419926,4.401548288283257,4.840684743255017,0.0,0.0,,,,,1.778303042055131e-32,0.4164083003997803,ok
B_alpha1,0.8,0.5,1.0,0.1,10.0,0.6,20,200,5,1.0,base,Base,fine,0.3651741272548377,0,1.0,False,False,9.176675612472338e-10,1.1269367382390226e-09,55.218554526565576,9.999999988730575,1.7379569283764191,0.6346569045263557,7.627386178366649,49.99999994365318,1.1043710917758676,0.4999999994365288,4.39048052628532,4.848719772234404,0.0,0.0,,,,,5.299524963085198e-32,0.43537330627441406,ok
B_alpha1,0.8,0.5,1.0,0.1,10.0,0.6,20,200,5,1.0,base,Base,fine,0.4216965034285822,0,1.0,False,False,1.000489396841348e-09,1.2284753146121201e-09,55.45757074748941,9.999999987715231,1.6171951762056977,0.6819655511675127,7.700839284911559,49.99999993857622,1.1091514163123537,0.49999999938576156,4.381025228719025,4.85922033733386,0.0,0.0,,,,,1.5054893400893085e-31,0.41816139221191406,ok
B_alpha1,0.8,0.5,1.0,0.1,10.0,0.6,20,200,5,1.0,base,Base,fine,0.4869675251658631,0,1.0,False,False,1.0882912829467793e-09,1.3361049915611662e-09,55.7047102368978,9.999999986638956,1.5008871304481268,0.730883291467621,7.768229591445295,49.999999933194765,1.1140942062265025,0.49999999933194783,4.3731796208860425,4.872134078416953,0.0,0.0,,,,,4.074724465189016e-31,0.7178075313568115,ok
B_alpha1,0.8,0.5,1.0,0.1,10.0,0.6,20,200,5,1.0,base,Base,fine,0.5623413251903491,0,1.0,False,False,1.1809026280167644e-09,1.4496156775214259e-09,55.959080973509884,9.999999985503823,1.3892507930744378,0.7812331319992212,7.829516089422517,49.99999992751919,1.1191816210925816,0.4999999992751912,4.366926335426871,4.887383695274932,0.0,0.0,,,,,1.0502824325419354e-30,0.4495415687561035,ok
B_alpha1,0.8,0.5,1.0,0.1,10.0,0.6,20,200,5,1.0,base,Base,fine,0.6493816315762113,0,1.0,False,False,1.2780652392818945e-09,1.5686901732065681e-09,56.219679937768646,9.999999984313051,1.2824756236758534,0.8328161129593435,7.884708279051751,49.999999921565475,1.1243936005191986,0.4999999992156526,4.362233307246263,4.904867214639397,0.0,0.0,,,,,2.577239948059731e-30,0.5635528564453125,ok
B_alpha1,0.8,0.5,1.0,0.1,10.0,0.6,20,200,5,1.0,predictive,P2 only,fine,0.016155980984398736,0,10.0,False,False,3.7554526573305305e-10,4.6183171868091044e-10,53.45744359831858,9.999999995381671,3.040079114124594,0.28621741057413136,6.673703479919602,49.99999997690843,1.0691488724601381,0.49999999976908355,4.553217387488401,4.868067235899121,0.0,0.0,0.28621741057413136,1.6764759291540412,0.286217410574132,,0.0,1.1361181735992432,ok
B_alpha1,0.8,0.5,1.0,0.1,10.0,0.6,20,200,5,1.0,predictive,P2 only,fine,0.026101572156825372,0,10.0,False,False,5.250725974524982e-10,6.453621550217032e-10,53.97704002612124,9.999999993546403,2.544461795951119,0.38899094216417185,7.066547268338306,49.99999996773191,1.0795408012191192,0.4999999996773202,4.480052859633482,4.836399853592736,0.0,0.0,0.38899094216417185,2.118738373608909,0.3889909421641721,,0.0,1.076951265335083,ok
B_alpha1,0.8,0.5,1.0,0.1,10.0,0.6,20,200,5,1.0,predictive,P2 only,fine,0.06812920690579616,0,10.0,False,False,9.810724298008412e-10,1.2045947060841952e-09,55.37177881047484,9.999999987954066,1.6486349508649853,0.6650113721308347,7.686353689050114,49.999999939770206,1.107435577543509,0.4999999993977033,4.38174323246045,4.8524983472872005,0.0,0.0,0.6650113721308347,3.1443327024436645,0.6650113721308365,,0.0,1.086247205734253,ok
B_alpha1,0.8,0.5,1.0,0.1,10.0,0.6,20,200,5,1.0,predictive,P2 only,fine,0.11006941712522098,0,10.0,False,False,1.2936363448441156e-09,1.5876589583684394e-09,56.21661591470066,9.999999984123411,1.2706424606590219,0.8322389009315752,7.897118654285992,49.99999992061684,1.1243323200790742,0.49999999920617055,4.359346867418122,4.901354577473661,0.0,0.0,0.8322389009315752,3.6931365469396,0.8322389009315747,,0.0,1.0236632823944092,ok
B_alpha1,0.8,0.5,1.0,0.1,10.0,0.6,20,200,5,1.0,predictive,P1 only (protect),fine,0.06812920690579612,10,1.0,True,True,2.9108482948683457e-10,3.5814339049353863e-10,53.1554474407514,9.999999996418572,3.3884572753932205,0.22834373513340922,6.383198993054799,49.99999998209283,1.0631089491957735,0.4999999998209286,4.6100479760303195,4.900983259539696,0.00807815367695221,0.00832234239999435,0.22834373513340922,1.4134644931518972,0.22834373513340955,,0.0,1.345093011856079,ok
B_alpha1,0.8,0.5,1.0,0.1,10.0,0.6,20,200,5,1.0,predictive,P1 only (protect),fine,0.11006941712522098,10,1.0,True,True,3.930516838491173e-10,4.833942953610732e-10,53.54671220700361,9.99999999516606,2.8977014443065037,0.31023436044383107,6.792064200083605,49.99999997583017,1.070934244657758,0.499999999758303,4.530128586440423,4.851469835922091,0.027283279120860208,0.02858595529333288,0.31023436044383107,1.7961538376681287,0.31023436044383124,,0.0,1.361818790435791,ok
B_alpha1,0.8,0.5,1.0,0.1,10.0,0.6,20,200,5,1.0,predictive,P1 only (protect),fine,0.2872984833353665,10,1.0,True,True,6.507977744143064e-10,7.998433763569213e-10,54.483663568526474,9.999999992001609,2.02952870449881,0.5285967620606983,7.441874541438883,49.99999996000776,1.089673272242099,0.49999999960008046,4.416379128982824,4.812410296940424,0.15418069475903043,0.1717396524387823,0.5285967620606983,2.6630457803679035,0.5285967620606971,,0.0,1.3122637271881104,ok
B_alpha1,0.8,0.5,1.0,0.1,10.0,0.6,20,200,5,1.0,predictive,P1 only (protect),fine,0.464158883361278,10,1.0,True,True,8.047621783620032e-10,9.887863933906767e-10,55.00853899958593,9.999999990112121,1.666639710471053,0.6682103561449515,7.665149943271874,49.9999999505606,1.1001707810795542,0.49999999950560603,4.387007644991478,4.82645762739225,0.27508245165922784,0.32170423806138776,0.6682103561449515,3.12352414536835,0.6682103561449529,,0.0,1.3170030117034912,ok
B_alpha1,0.8,0.5,1.0,0.1,10.0,0.6,20,200,5,1.0,predictive,P1+P2 (protect),fine,0.016155980984398736,10,10.0,True,True,3.601107028163242e-10,4.4291660682083916e-10,53.41562559964932,9.999999995570834,3.0492810803645027,0.28602230569750314,6.664696618367159,49.99999997785431,1.0683125124661568,0.4999999997785417,4.555219885188136,4.8663984003811365,0.0332829837283571,0.0355868452117707,0.28602230569750314,1.665445809369561,0.2860223056975028,,0.0,1.3923075199127197,ok
B_alpha1,0.8,0.5,1.0,0.1,10.0,0.6,20,200,5,1.0,predictive,P1+P2 (protect),fine,0.026101572156825372,10,10.0,True,True,4.82169501609235e-10,5.927931551851224e-10,53.865183613457795,9.999999994072045,2.5687110334471477,0.3896512546260459,7.041637717854762,49.99999997036031,1.077303672907775,0.49999999970360226,4.485771461098783,4.832538070866595,0.08943160262639609,0.09895347960354699,0.3896512546260459,2.0905547785728102,0.38965125462604505,,0.0,1.4549481868743896,ok
B_alpha1,0.8,0.5,1.0,0.1,10.0,0.6,20,200,5,1.0,predictive,P1+P2 (protect),fine,0.06812920690579616,10,10.0,True,True,8.036890662954439e-10,9.873540001888347e-10,54.95917050735722,9.999999990126442,1.7234899205328962,0.6811469954854512,7.5953630938552115,49.999999950632386,1.0991834112324257,0.4999999995063221,4.404696287843534,4.841569091114659,0.3319484727061195,0.4086851789659887,0.6811469954854512,3.0487991001523316,0.6811469954854491,,0.0,1.2832591533660889,ok
B_alpha1,0.8,0.5,1.0,0.1,10.0,0.6,20,200,5,1.0,predictive,P1+P2 (protect),fine,0.11006941712522098,10,10.0,True,True,1.0120929764007012e-09,1.2429557794923516e-09,55.60750048625846,9.999999987570456,1.3652092820561865,0.8699407561727761,7.764849974200581,49.999999937852365,1.112150011107519,0.4999999993785228,4.394855152353071,4.887738206505405,0.4921776132844274,0.6497652037671887,0.8699407561727761,3.5513232483036923,0.8699407561727757,,0.0,1.3209812641143799,ok
B_alpha1,0.8,0.5,1.0,0.5623413251903491,1.7782794100389228,0.6,20,200,5,1.0,base,Base,coarse,0.0017782794100389228,0,1.0,False,False,2.3385503798040216e-08,3.4571700724325564e-08,52.1408546524758,9.999999654282954,8.600320618537124,0.015293773075677744,1.3843859541042447,49.99999827141492,1.0428171291014787,0.4999999827141477,5.70567915051285,5.949979951311974,0.0,0.0,,,,,2.0191317040719524e-56,0.4070475101470947,ok
B_alpha1,0.8,0.5,1.0,0.5623413251903491,1.7782794100389228,0.6,20,200,5,1.0,base,Base,coarse,0.007498942093324558,0,1.0,False,False,5.1063981800617895e-08,7.54225098358426e-08,52.35952135808196,9.99999924577488,7.172727973534558,0.05378787172470475,2.773484908965857,49.9999962288745,1.0471905061433757,0.499999962288744,5.398104238531207,5.652843509762197,0.0,0.0,,,,,5.3603117707033235e-46,0.4299345016479492,ok
B_alpha1,0.8,0.5,1.0,0.5623413251903491,1.7782794100389228,0.6,20,200,5,1.0,base,Base,coarse,0.03162277660168379,0,1.0,False,False,1.2953566679577057e-07,1.911245425040218e-07,52.99595392623638,9.999998088754518,5.380292213917941,0.17013977873250485,4.449569918595036,49.99999044377289,1.0599192811013152,0.4999999044377259,5.037497795371091,5.3393410418191865,0.0,0.0,,,,,3.052621471373355e-37,0.4508183002471924,ok
B_alpha1,0.8,0.5,1.0,0.5623413251903491,1.7782794100389228,0.6,20,200,5,1.0,base,Base,coarse,0.1333521432163324,0,1.0,False,False,3.4188492800666157e-07,5.038534108632e-07,54.55259030007752,9.999994961465779,3.454407114557878,0.4606525922680382,6.0849453317083055,49.99997480732945,1.0910523557320013,0.49999974807328895,4.712267059411722,5.141330076009471,0.0,0.0,,,,,1.4619486587591011e-30,0.5285837650299072,ok
B_alpha1,0.8,0.5,1.0,0.5623413251903491,1.7782794100389228,0.6,20,200,5,1.0,base,Base,coarse,0.5623413251903491,0,1.0,False,False,8.100763916890572e-07,1.1925406978020847e-06,57.35493499248149,9.999988074592999,1.7572398568290244,0.9881685897665379,7.25460347881144,49.99994037296513,1.1471000678131447,0.4999994037296499,4.527739367488245,5.193770135486011,0.0,0.0,,,,,3.6327109815523645e-26,0.4678065776824951,ok
B_alpha1,0.8,0.5,1.0,0.5623413251903491,1.7782794100389228,0.6,20,200,5,1.0,base,Base,coarse,2.371373705661655,0,1.0,False,False,1.4323235052558724e-06,2.107097153385067e-06,60.533122080170415,9.999978929028426,0.6696424175814129,1.5879724212482587,7.742406232141903,49.99989464514231,1.2106649925921684,0.4999989464514213,4.507901242374383,5.4575582242054095,0.0,0.0,,,,,6.309063231097944e-24,0.4579453468322754,ok
B_alpha1,0.8,0.5,1.0,0.5623413251903491,1.7782794100389228,0.6,20,200,5,1.0,base,Base,coarse,10.0,0,1.0,False,False,1.8538010408478922e-06,2.72647848038889e-06,62.733346775204126,9.999972735215184,0.20039571022874358,2.0039571022874365,7.795674452268635,49.99986367607603,1.2546703563358077,0.49999863676075923,4.558444407783317,5.719345069450465,0.0,0.0,,,,,3.311884724804219e-29,0.49194836616516113,ok
B_alpha1,0.8,0.5,1.0,0.5623413251903491,1.7782794100389228,0.6,20,200,5,1.0,base,Base,coarse,42.169650342858226,0,1.0,False,False,2.032447610081219e-06,2.989091319969212e-06,63.80006740372262,9.999970109086826,0.05231053201602552,2.2059168443646917,7.741802514532456,49.999850545434,1.276005162170407,0.4999985054543413,4.6009700050551325,5.870861477441553,0.0,0.0,,,,,1.1372083582553676e-39,0.42827916145324707,ok
B_alpha1,0.8,0.5,1.0,0.5623413251903491,1.7782794100389228,0.6,20,200,5,1.0,base,Base,coarse,177.82794100389228,0,1.0,False,False,2.0904363210728045e-06,3.074364999914445e-06,64.17510650958775,9.999969256350013,0.012803576514804927,2.2768336491135526,7.710393518021629,49.999846281749996,1.283506076157913,0.49999846281750066,4.618720689615014,5.928156069197136,0.0,0.0,,,,,3.833361493440512e-51,0.41994404792785645,ok
B_alpha1,0.8,0.5,1.0,0.5623413251903491,1.7782794100389228,0.6,20,200,5,1.0,predictive,Check,check,0.5623413251903491,0,1.0,False,False,8.100763916890572e-07,1.1925406978020847e-06,57.35493499248149,9.999988074593047,1.7572398568290233,0.988168589766531,7.2546034788114,49.99994037296523,1.1471000678131424,0.49999940372965235,4.527739367488259,5.193770135486017,0.0,0.0,0.988168589766531,3.550488242496459,0.9881685897665331,6.965797966015314e-15,0.0,1.1730115413665771,ok
B_alpha1,0.8,0.5,1.0,0.5623413251903491,1.7782794100389228,0.6,20,200,5,1.0,predictive,P2 only,coarse,0.0017782794100389228,0,3.0,False,False,3.460133174299226e-08,5.112912144955011e-08,52.22751384023303,9.999999488708795,7.890581941722377,0.030345713633154997,2.0790728559356735,49.99999744354395,1.0445503302116008,0.49999997443543975,5.551229788245793,5.798538908392619,0.0,0.0,0.030345713633154997,0.24121161093039747,0.03034571363315503,,0.0,1.0588769912719727,ok
B_alpha1,0.8,0.5,1.0,0.5623413251903491,1.7782794100389228,0.6,20,200,5,1.0,predictive,P2 only,coarse,0.007498942093324558,0,3.0,False,False,8.389605878586396e-08,1.2384447819698505e-07,52.62763293047981,9.999998761555192,6.220431006960923,0.10245396991367162,3.6771162615702133,49.99999380777604,1.0525527889624482,0.4999999380777596,5.201574767975964,5.4749320290298,0.0,0.0,0.10245396991367162,0.6784123697626041,0.10245396991367144,,0.0,1.1738300323486328,ok
B_alpha1,0.8,0.5,1.0,0.5623413251903491,1.7782794100389228,0.6,20,200,5,1.0,predictive,P2 only,coarse,0.03162277660168379,0,3.0,False,False,2.2483465347719097e-07,3.3150490718118785e-07,53.71749393043208,9.999996684950956,4.2832330709209065,0.30449378630202534,5.412276457826112,49.99998342475462,1.074350234761017,0.4999998342475478,4.8405283093846005,5.200422725554694,0.0,0.0,0.30449378630202534,1.5731910399037086,0.3044937863020256,,0.0,0.9996836185455322,ok
B_alpha1,0.8,0.5,1.0,0.5623413251903491,1.7782794100389228,0.6,20,200,5,1.0,predictive,P2 only,coarse,0.1333521432163324,0,3.0,False,False,5.837861227488391e-07,8.597081177381776e-07,56.028152046560365,9.999991402918797,2.3916875979898364,0.7385136133327309,6.8698073857586355,49.99995701459414,1.1205640042891776,0.4999995701459398,4.57699913786558,5.128820481554768,0.0,0.0,0.7385136133327309,2.889836027510876,0.7385136133327289,,0.0,1.1034660339355469,ok
B_alpha1,0.8,0.5,1.0,0.5623413251903491,1.7782794100389228,0.6,20,200,5,1.0,predictive,P2 only,coarse,0.5623413251903491,0,3.0,False,False,1.185563856176301e-06,1.7443419452828675e-06,59.2175005806385,9.999982556580552,1.0036658716290674,1.3402154168375133,7.656136154952868,49.999912782902626,1.1843520775277794,0.49999912782902756,4.490102610694781,5.31786235528927,0.0,0.0,1.3402154168375133,4.2490784705041715,1.3402154168375164,,0.0,1.0239500999450684,ok
B_alpha1,0.8,0.5,1.0,0.5623413251903491,1.7782794100389228,0.6,20,200,5,1.0,predictive,P2 only,coarse,2.371373705661655,0,3.0,False,False,1.6886539963956853e-06,2.4836640660097895e-06,61.81005327501315,9.999975163359347,0.326067875098055,1.8302588363184922,7.8436981252241065,49.99987581679669,1.2362041358160538,0.49999875816796735,4.5214883790064935,5.589482634172052,0.0,0.0,1.8302588363184922,5.388359070937733,1.8302588363184944,,0.0,1.1281697750091553,ok
B_alpha1,0.8,0.5,1.0,0.5623413251903491,1.7782794100389228,0.6,20,200,5,1.0,predictive,P2 only,coarse,10.0,0,3.0,False,False,1.938621242113709e-06,2.851105699300938e-06,63.25973718230647,9.999971488943022,0.09257492811283667,2.1045563054067054,7.802897277537437,49.999857444715026,1.2651983508603586,0.49999857444715107,4.571944153002729,5.784416202604712,0.0,0.0,2.1045563054067054,6.197606240925881,2.1045563054067133,,0.0,1.131251335144043,ok
B_alpha1,0.8,0.5,1.0,0.5623413251903491,1.7782794100389228,0.6,20,200,5,1.0,predictive,P2 only,coarse,42.169650342858226,0,3.0,False,False,2.048295383925295e-06,3.0123853438815957e-06,63.93518054410993,9.99996987614656,0.024458048239322357,2.231944292080442,7.743627783533676,49.99984938073282,1.2787074628418185,0.49999849380732797,4.6044725311562,5.887773388039591,0.0,0.0,2.231944292080442,6.615501502100576,2.231944292080428,,0.0,1.0845236778259277,ok
B_alpha1,0.8,0.5,1.0,0.5623413251903491,1.7782794100389228,0.6,20,200,5,1.0,predictive,P2 only,coarse,177.82794100389228,0,3.0,False,False,2.09293250106624e-06,3.0780354988026372e-06,64.20398320760368,9.999969219645,0.0060997171716113754,2.2824314191343302,7.711499644049059,49.99984609822522,1.2840836166070249,0.49999846098225,4.619313015165561,5.931584162753695,0.0,0.0,2.2824314191343302,6.778334317601459,2.2824314191343227,,0.0,1.1354496479034424,ok
B_alpha1,0.8,0.5,1.0,0.5623413251903491,1.7782794100389228,0.6,20,200,5,1.0,predictive,P2 only,coarse,0.0017782794100389228,0,10.0,False,False,6.564045805847293e-08,9.692271295970728e-08,52.47867039200933,9.99999903077287,6.689827502426036,0.07534680781363474,3.23482665898746,49.999995153864404,1.0495735095676975,0.49999995153864346,5.297273335009038,5.559877765364817,0.0,0.0,0.07534680781363474,0.5256113040823225,0.07534680781363491,,0.0,1.1053428649902344,ok
B_alpha1,0.8,0.5,1.0,0.5623413251903491,1.7782794100389228,0.6,20,200,5,1.0,predictive,P2 only,coarse,0.007498942093324558,0,10.0,False,False,1.7470194048932905e-07,2.5766090706802564e-07,53.341698042123596,9.999997423390944,4.784658671196273,0.2345092942140246,4.980834611198758,49.99998711695466,1.0668342357239486,0.4999998711695472,4.92733141600294,5.256645845350098,0.0,0.0,0.2345092942140246,1.290093063319319,0.23450929421402456,,0.0,1.0836784839630127,ok
B_alpha1,0.8,0.5,1.0,0.5623413251903491,1.7782794100389228,0.6,20,200,5,1.0,predictive,P2 only,coarse,0.03162277660168379,0,10.0,False,False,4.7018802989131414e-07,6.925859464931749e-07,55.33007403777665,9.999993074140512,2.827361036678589,0.6072882826601202,6.565357606520779,49.99996537070252,1.106602247172701,0.4999996537070256,4.625944366072151,5.119080430791338,0.0,0.0,0.6072882826601202,2.516808869144274,0.6072882826601205,,0.0,1.1385743618011475,ok
B_alpha1,0.8,0.5,1.0,0.5623413251903491,1.7782794100389228,0.6,20,200,5,1.0,predictive,P2 only,coarse,0.1333521432163324,0,10.0,False,False,1.0339649904637952e-06,1.521470279982161e-06,58.401312687033034,9.999984785297189,1.2769388201598062,1.1864998000464502,7.536576594496555,49.99992392648592,1.1680280308605977,0.49999923926485945,4.493956548959712,5.2490672186545,0.0,0.0,1.1864998000464502,3.8729961354221434,1.186499800046453,,0.0,1.0472233295440674,ok
B_alpha1,0.8,0.5,1.0,0.5623413251903491,1.7782794100389228,0.6,20,200,5,1.0,predictive,P2 only,coarse,0.5623413251903491,0,10.0,False,False,1.5716054382720839e-06,2.3115570530289384e-06,61.14367044421162,9.999976884429469,0.4531261944217493,1.7049011983191922,7.841995722829591,49.99988442214728,1.2228762356324214,0.49999884422147345,4.503019893499054,5.506636016340031,0.0,0.0,1.7049011983191922,5.034110374077882,1.704901198319197,,0.0,1.3714520931243896,ok
B_alpha1,0.8,0.5,1.0,0.5623413251903491,1.7782794100389228,0.6,20,200,5,1.0,predictive,P2 only,coarse,2.371373705661655,0,10.0,False,False,1.849389987478763e-06,2.7198496235949165e-06,62.72602810275444,9.999972801503786,0.14873247395264433,2.0045404122334376,7.846754312310133,49.99986400751872,1.2545239741716503,0.4999986400751893,4.54700913943495,5.704331976198749,0.0,0.0,2.0045404122334376,5.88816541492468,2.004540412233441,,0.0,1.1363694667816162,ok
B_alpha1,0.8,0.5,1.0,0.5623413251903491,1.7782794100389228,0.6,20,200,5,1.0,predictive,P2 only,coarse,10.0,0,10.0,False,False,1.9768834464431117e-06,2.9073396687235707e-06,63.524076654937225,9.999970926603345,0.04792656334516324,2.155134745245717,7.796967764805776,49.99985463301651,1.2704852268308444,0.4999985463301672,4.5808882880737185,5.819950895760097,0.0,0.0,2.155134745245717,6.388179781374782,2.1551347452457223,,0.0,1.1320433616638184,ok
B_alpha1,0.8,0.5,1.0,0.5623413251903491,1.7782794100389228,0.6,20,200,5,1.0,predictive,P2 only,coarse,42.169650342858226,0,10.0,False,False,2.054223690472943e-06,3.0211002139981093e-06,63.98787308264355,9.999969788997866,0.014164891258945728,2.2420968940060457,7.743768425737142,49.99984894498919,1.2797613279400957,0.49999848944989334,4.605967660965134,5.894539290245876,0.0,0.0,2.2420968940060457,6.662831148702117,2.2420968940060466,,0.0,1.0867745876312256,ok
B_alpha1,0.8,0.5,1.0,0.5623413251903491,1.7782794100389228,0.6,20,200,5,1.0,predictive,P2 only,coarse,177.82794100389228,0,10.0,False,False,2.093819019749373e-06,3.0793391305384035e-06,64.21437012779323,9.999969206608684,0.0037196934647415417,2.284445033376052,7.711866066550522,49.999846033043504,1.2842913573244954,0.4999984603304342,4.619533184158785,5.932826543288834,0.0,0.0,2.284445033376052,6.789123011859393,2.2844450333760458,,0.0,1.1791038513183594,ok
B_alpha1,0.8,0.5,1.0,0.5623413251903491,1.7782794100389228,0.6,20,200,5,1.0,predictive,P2 only,coarse,0.0017782794100389228,0,30.0,False,False,1.3379427544946626e-07,1.9739038604896983e-07,53.02619679160402,9.99999802609615,5.310263635960501,0.17594205386147613,4.513796284081872,49.99999013048072,1.0605241451693503,0.49999990130480754,5.023881704371526,5.327947849960551,0.0,0.0,0.17594205386147613,1.0358112703082314,0.1759420538614764,,0.0,1.072589635848999,ok
B_alpha1,0.8,0.5,1.0,0.5623413251903491,1.7782794100389228,0.6,20,200,5,1.0,predictive,P2 only,coarse,0.007498942093324558,0,30.0,False,False,3.661199286961506e-07,5.394637985633547e-07,54.67299731141394,9.999994605362012,3.324946373710425,0.4837856817739399,6.191273339153623,49.99997302681006,1.0934605361106533,0.49999973026810063,4.691759714909963,5.130254093167814,0.0,0.0,0.4837856817739399,2.1551963805654752,0.48378568177393944,,0.0,1.0975050926208496,ok
B_alpha1,0.8,0.5,1.0,0.5623413251903491,1.7782794100389228,0.6,20,200,5,1.0,predictive,P2 only,coarse,0.03162277660168379,0,30.0,False,False,8.709185016202426e-07,1.2818025058521963e-06,57.54790900172041,9.999987181974959,1.6205182265238347,1.0255194535396062,7.3539751379616,49.99993590987481,1.1509596553373762,0.49999935909874793,4.510939450505825,5.191909315201958,0.0,0.0,1.0255194535396062,3.5095382245646305,1.0255194535396077,,0.0,1.0677316188812256,ok
B_alpha1,0.8,0.5,1.0,0.5623413251903491,1.7782794100389228,0.6,20,200,5,1.0,predictive,P2 only,coarse,0.1333521432163324,0,30.0,False,False,1.4494537972284618e-06,2.1320154687751057e-06,60.4848048587774,9.999978679845336,0.6150418443608995,1.5805035659120013,7.804475909881763,49.999893399226636,1.2096986762718367,0.4999989339922668,4.492775774345531,5.434904907011965,0.0,0.0,1.5805035659120013,4.7149299769261,1.5805035659119984,,0.0,1.1240646839141846,ok
B_alpha1,0.8,0.5,1.0,0.5623413251903491,1.7782794100389228,0.6,20,200,5,1.0,predictive,P2 only,coarse,0.5623413251903491,0,30.0,False,False,1.7769975901588217e-06,2.6133792297497027e-06,62.27965914346305,9.999973866207704,0.22084900707286081,1.9205537756974962,7.85862335102194,49.9998693310386,1.2455964380851188,0.49999869331038516,4.531700868611069,5.644670460409187,0.0,0.0,1.9205537756974962,5.615483272581868,1.9205537756974924,,0.0,1.0205280780792236,ok
B_alpha1,0.8,0.5,1.0,0.5623413251903491,1.7782794100389228,0.6,20,200,5,1.0,predictive,P2 only,coarse,2.371373705661655,0,30.0,False,False,1.910222855466868e-06,2.8092599303154538e-06,63.11413443646143,9.999971907400704,0.08803029435663226,2.0785069749649376,7.833490823277725,49.99985953700346,1.2622862348193693,0.4999985953700352,4.561125068235158,5.757445388922796,0.0,0.0,2.0785069749649376,6.140987448254864,2.0785069749649354,,0.0,1.1261045932769775,ok
B_alpha1,0.8,0.5,1.0,0.5623413251903491,1.7782794100389228,0.6,20,200,5,1.0,predictive,P2 only,coarse,10.0,0,30.0,False,False,1.98881138024798e-06,2.924872533441298e-06,63.61046324255928,9.999970751274642,0.0342918548173239,2.17166862311845,7.794068770789584,49.999853756373184,1.2722129859120084,0.4999985375637321,4.584028802928844,5.831860970880754,0.0,0.0,2.17166862311845,6.454254853627418,2.1716686231184514,,0.0,1.0731325149536133,ok
B_alpha1,0.8,0.5,1.0,0.5623413251903491,1.7782794100389228,0.6,20,200,5,1.0,predictive,P2 only,coarse,42.169650342858226,0,30.0,False,False,2.0559536880718487e-06,3.023643502686766e-06,64.00348089182961,9.999969763564962,0.011167395904212077,2.245104340939902,7.743758499590924,49.99984881782484,1.2800734883224787,0.4999984881782481,4.606422192318978,5.896558924407834,0.0,0.0,2.245104340939902,6.677053731350592,2.2451043409399065,,0.0,1.1542596817016602,ok
B_alpha1,0.8,0.5,1.0,0.5623413251903491,1.7782794100389228,0.6,20,200,5,1.0,predictive,P2 only,coarse,177.82794100389228,0,30.0,False,False,2.094073527601439e-06,3.0797133913122603e-06,64.21736499519014,9.999969202866062,0.003036408070507031,2.2850256297013236,7.711968759362108,49.99984601433032,1.2843512553375658,0.49999846014330307,4.619597334372495,5.933185635555386,0.0,0.0,2.2850256297013236,6.792243844451335,2.2850256297013147,,0.0,1.208207130432129,ok
B_alpha1,0.8,0.5,1.0,0.5623413251903491,1.7782794100389228,0.6,20,200,5,1.0,predictive,P2 only,coarse,0.0017782794100389228,0,100.0,False,False,3.086338399301619e-07,4.548592972159432e-07,54.29281601997141,9.999995451407035,3.663393734475299,0.4124271954044836,5.924183618713183,49.99997725703524,1.0858568143114935,0.4999997725703517,4.741280332521009,5.148351557629001,0.0,0.0,0.4124271954044836,1.9300937383078454,0.4124271954044848,,0.0,1.0458476543426514,ok
B_alpha1,0.8,0.5,1.0,0.5623413251903491,1.7782794100389228,0.6,20,200,5,1.0,predictive,P2 only,coarse,0.007498942093324558,0,100.0,False,False,7.667403032848517e-07,1.128653512654986e-06,56.993887345324495,9.999988713464903,1.8734965236376835,0.9210127024568858,7.205502060440526,49.99994356732443,1.1398790334349636,0.4999994356732452,4.528716446132652,5.16218892531871,0.0,0.0,0.9210127024568858,3.2722435286051352,0.9210127024568867,,0.0,1.1399400234222412,ok
B_alpha1,0.8,0.5,1.0,0.5623413251903491,1.7782794100389228,0.6,20,200,5,1.0,predictive,P2 only,coarse,0.03162277660168379,0,100.0,False,False,1.3621096514830544e-06,2.003652559258178e-06,60.03015791462435,9.99997996347441,0.740247519535387,1.494589181334659,7.765183335655545,49.999899817372054,1.2006055638888973,0.49999899817372045,4.488719064502262,5.389181083575582,0.0,0.0,1.494589181334659,4.511273913096206,1.4945891813346612,,0.0,1.0492398738861084,ok
B_alpha1,0.8,0.5,1.0,0.5623413251903491,1.7782794100389228,0.6,20,200,5,1.0,predictive,P2 only,coarse,0.1333521432163324,0,100.0,False,False,1.7313607423433867e-06,2.5462782132517345e-06,62.00465323887082,9.999974537217884,0.27358095447166586,1.868646262046663,7.857798246263786,49.9998726860894,1.2400962224074084,0.4999987268608942,4.524080628464838,5.61029529722578,0.0,0.0,1.868646262046663,5.451922999360067,1.8686462620466597,,0.0,1.1050388813018799,ok
B_alpha1,0.8,0.5,1.0,0.5623413251903491,1.7782794100389228,0.6,20,200,5,1.0,predictive,P2 only,coarse,0.5623413251903491,0,100.0,False,False,1.8738847048650307e-06,2.755785465271856e-06,62.87844916257201,9.999972442145348,0.12400104238771954,2.0344542199971816,7.841572295469751,49.999862210726846,1.2575724488513136,0.49999862210726737,4.552676883582508,5.725321017315622,0.0,0.0,2.0344542199971816,5.986177515967899,2.0344542199971762,,0.0,1.1158568859100342,ok
B_alpha1,0.8,0.5,1.0,0.5623413251903491,1.7782794100389228,0.6,20,200,5,1.0,predictive,P2 only,coarse,2.371373705661655,0,100.0,False,False,1.9336233931780794e-06,2.8436581325927208e-06,63.2713111500279,9.99997156341865,0.06528054164964175,2.1084748486629317,7.826273046268776,49.999857817093236,1.2654298214503643,0.4999985781709325,4.5672601888440925,5.779547245286337,0.0,0.0,2.1084748486629317,6.251254073447721,2.1084748486629357,,0.0,1.0655455589294434,ok
B_alpha1,0.8,0.5,1.0,0.5623413251903491,1.7782794100389228,0.6,20,200,5,1.0,predictive,P2 only,coarse,10.0,0,100.0,False,False,1.9930939485446016e-06,2.9311677764833975e-06,63.641963449399256,9.999970688322234,0.029416424608496708,2.177697918781402,7.792914968287867,49.99985344161117,1.272842999904371,0.4999985344161117,4.585195835293407,5.836234422143888,0.0,0.0,2.177697918781402,6.4788151723325145,2.1776979187814036,,0.0,1.09208345413208,ok
B_alpha1,0.8,0.5,1.0,0.5623413251903491,1.7782794100389228,0.6,20,200,5,1.0,predictive,P2 only,coarse,42.169650342858226,0,100.0,False,False,2.05656297493549e-06,3.0245392348076186e-06,64.00900309182057,9.999969754607667,0.01011214909668141,2.2461684254604135,7.743749670835238,49.99984877303824,1.2801839338029477,0.49999848773038336,4.606584212432419,5.897275098466288,0.0,0.0,2.2461684254604135,6.6821080847877194,2.2461684254604104,,0.0,1.015812635421753,ok
B_alpha1,0.8,0.5,1.0,0.5623413251903491,1.7782794100389228,0.6,20,200,5,1.0,predictive,P2 only,coarse,177.82794100389228,0,100.0,False,False,2.094162732852771e-06,3.07984457063685e-06,64.21841607043288,9.999969201554272,0.0027969113515031807,2.285229396133515,7.71200449096071,49.999846007771616,1.284372277075638,0.4999984600777136,4.619619918396617,5.933311753815036,0.0,0.0,2.285229396133515,6.793340201967103,2.2852293961335115,,0.0,1.1039597988128662,ok
B_alpha1,0.8,0.5,1.0,0.5623413251903491,1.7782794100389228,0.6,20,200,5,1.0,predictive,P2 only,coarse,0.0017782794100389228,0,1000.0,False,False,1.1335097930827592e-06,1.6677218666815962e-06,58.876184981728485,9.99998332278131,1.1046766206237253,1.2764540457523317,7.618886010842634,49.999916613906805,1.1775256634198639,0.4999991661390655,4.488916711314543,5.285814628527171,0.0,0.0,1.2764540457523317,4.036472023118842,1.2764540457523306,,0.0,1.2439165115356445,ok
B_alpha1,0.8,0.5,1.0,0.5623413251903491,1.7782794100389228,0.6,20,200,5,1.0,predictive,P2 only,coarse,0.007498942093324558,0,1000.0,False,False,1.6153423926711987e-06,2.3757665203326073e-06,61.350707703253285,9.99997624233481,0.4078037346873936,1.7446928702941198,7.847527152683676,49.99988121167408,1.2270170691711362,0.4999988121167405,4.507756321866884,5.531093950594765,0.0,0.0,1.7446928702941198,5.106104497127804,1.744692870294118,,0.0,1.140836238861084,ok
B_alpha1,0.8,0.5,1.0,0.5623413251903491,1.7782794100389228,0.6,20,200,5,1.0,predictive,P2 only,coarse,0.03162277660168379,0,1000.0,False,False,1.827744782305077e-06,2.6879344973285033e-06,62.581566894300934,9.999973120655067,0.1752684249231909,1.9783544560703912,7.8464039983513505,49.99986560327526,1.2516347021981096,0.49999865603275334,4.54315005573881,5.68636426705597,0.0,0.0,1.9783544560703912,5.790279036549082,1.9783544560703932,,0.0,1.0262377262115479,ok
B_alpha1,0.8,0.5,1.0,0.5623413251903491,1.7782794100389228,0.6,20,200,5,1.0,predictive,P2 only,coarse,0.1333521432163324,0,1000.0,False,False,1.8934874578498852e-06,2.7845832680225453e-06,63.005866976972605,9.99997215416733,0.10925979320963167,2.058979239087952,7.831788813535087,49.99986077083691,1.2601208484508746,0.49999860770836646,4.558572243066695,5.74435192265781,0.0,0.0,2.058979239087952,6.071206707117731,2.0589792390879618,,0.0,1.0866813659667969,ok
B_alpha1,0.8,0.5,1.0,0.5623413251903491,1.7782794100389228,0.6,20,200,5,1.0,predictive,P2 only,coarse,0.5623413251903491,0,1000.0,False,False,1.9163685240567158e-06,2.8182398956443845e-06,63.15977117597292,9.999971817601043,0.0833408515518443,2.0880054871428206,7.828681843704292,49.99985908800529,1.2631989835172281,0.49999859088005216,4.5636384030574755,5.764783391882389,0.0,0.0,2.0880054871428206,6.179605784479501,2.0880054871428113,,0.0,1.004988431930542,ok
B_alpha1,0.8,0.5,1.0,0.5623413251903491,1.7782794100389228,0.6,20,200,5,1.0,predictive,P2 only,coarse,2.371373705661655,0,1000.0,False,False,1.9429568339758496e-06,2.8573789023572847e-06,63.33531795126033,9.999971426210958,0.05626568344487723,2.1206797433356877,7.823083147008477,49.999857131054924,1.2667099784955735,0.4999985713105479,4.569815289723111,5.788630627373904,0.0,0.0,2.1206797433356877,6.297489869172844,2.1206797433356894,,0.0,1.2469291687011719,ok
B_alpha1,0.8,0.5,1.0,0.5623413251903491,1.7782794100389228,0.6,20,200,5,1.0,predictive,P2 only,coarse,10.0,0,1000.0,False,False,1.994760821877775e-06,2.9336180723141045e-06,63.654294362077,9.999970663819278,0.027521057066116423,2.1800581559406322,7.792450123173974,49.9998533190964,1.2730896220002623,0.4999985331909639,4.585655655874762,5.837950625560965,0.0,0.0,2.1800581559406322,6.488497418823485,2.180058155940631,,0.0,1.06660795211792,ok
B_alpha1,0.8,0.5,1.0,0.5623413251903491,1.7782794100389228,0.6,20,200,5,1.0,predictive,P2 only,coarse,42.169650342858226,0,1000.0,False,False,2.056798509867989e-06,3.0248855040378594e-06,64.01114138619886,9.999969751144928,0.009704268862443478,2.2465804606511677,7.743745519341461,49.99984875572478,1.2802267002631653,0.4999984875572464,4.606647115235236,5.897552635614436,0.0,0.0,2.2465804606511677,6.684068346257302,2.2465804606511837,,0.0,1.0822689533233643,ok
B_alpha1,0.8,0.5,1.0,0.5623413251903491,1.7782794100389228,0.6,20,200,5,1.0,predictive,P2 only,coarse,177.82794100389228,0,1000.0,False,False,2.09419715824986e-06,3.0798951944193856e-06,64.21882188387818,9.99996920104805,0.0027044858745847236,2.2853080691925856,7.71201824388478,49.99984600524021,1.284380393434567,0.49999846005240245,4.61962864762455,5.933360459957616,0.0,0.0,2.2853080691925856,6.793763647864571,2.2853080691925824,,0.0,1.0581116676330566,ok
B_alpha1,0.8,0.5,1.0,0.5623413251903491,1.7782794100389228,0.6,20,200,5,1.0,predictive,P1 only (protect),coarse,0.0017782794100389228,5,1.0,True,True,2.338550379804022e-08,3.457170072432557e-08,52.14085465247575,9.999999654282998,8.600320618537129,0.015293773075677782,1.3843859541041947,49.99999827141503,1.0428171291014754,0.4999999827141499,5.705679150512868,5.949979951311974,6.490765272722809e-24,6.496762619607164e-24,0.015293773075677782,0.13027872856976772,0.015293773075677796,,0.0,1.2481603622436523,ok
B_alpha1,0.8,0.5,1.0,0.5623413251903491,1.7782794100389228,0.6,20,200,5,1.0,predictive,P1 only (protect),coarse,0.007498942093324558,5,1.0,True,True,5.106398180061748e-08,7.542250983584199e-08,52.35952135808195,9.999999245774895,7.172727973534562,0.053787871724704776,2.7734849089658384,49.999996228874494,1.0471905061433755,0.4999999622887447,5.398104238531214,5.652843509762203,5.524037139117374e-16,5.545468907411774e-16,0.053787871724704776,0.3977180002183846,0.053787871724704846,,0.0,1.242466926574707,ok
B_alpha1,0.8,0.5,1.0,0.5623413251903491,1.7782794100389228,0.6,20,200,5,1.0,predictive,P1 only (protect),coarse,0.03162277660168379,5,1.0,True,True,1.295356660398395e-07,1.911245413950985e-07,52.995953924110275,9.99999808875461,5.380292213728889,0.17013977849044817,4.449569919026053,49.99999044377308,1.0599192810587887,0.4999999044377305,5.037497795237469,5.3393410414633315,1.0532461303870421e-09,1.070171793160267e-09,0.17013977849044817,1.022509663677762,0.17013977849044853,,0.0,1.1001338958740234,ok
B_alpha1,0.8,0.5,1.0,0.5623413251903491,1.7782794100389228,0.6,20,200,5,1.0,predictive,P1 only (protect),coarse,0.1333521432163324,5,1.0,True,True,3.418699179829423e-07,5.038313916517945e-07,54.55254787814331,9.99999496168606,3.45440654754427,0.4606477336217509,6.084950757147919,49.999974808430515,1.0910515072688634,0.499999748084303,4.712265104829247,5.141323945274419,2.0112794297478122e-05,2.1379675352032063e-05,0.4606477336217509,2.138951904877984,0.4606477336217523,,0.0,1.1276533603668213,ok
B_alpha1,0.8,0.5,1.0,0.5623413251903491,1.7782794100389228,0.6,20,200,5,1.0,predictive,P1 only (protect),coarse,0.5623413251903491,5,1.0,True,True,8.070368203285217e-07,1.188082139553713e-06,57.34654335931263,9.999988119178589,1.7574141088317428,0.9872154343974497,7.255382337592218,49.99994059589303,1.1469322298359501,0.49999940595892944,4.527420326056654,5.192644289968762,0.0037356722830789034,0.00449054169027327,0.9872154343974497,3.5494075712382824,0.9872154343974462,,0.0,1.0664482116699219,ok
B_alpha1,0.8,0.5,1.0,0.5623413251903491,1.7782794100389228,0.6,20,200,5,1.0,predictive,P1 only (protect),coarse,2.371373705661655,5,1.0,True,True,1.411462660018605e-06,2.0765027343823396e-06,60.478790149807345,9.999979234972697,0.6708354793200335,1.5819109552572057,7.747274330450064,49.99989617486323,1.209578314688826,0.49999896174863484,4.505891507831486,5.450228656213502,0.02430632044301841,0.03397335729357115,1.5819109552572057,4.843101383059459,1.5819109552572006,,0.0,1.1416983604431152,ok
B_alpha1,0.8,0.5,1.0,0.5623413251903491,1.7782794100389228,0.6,20,200,5,1.0,predictive,P1 only (protect),coarse,10.0,5,1.0,True,True,1.82299703429157e-06,2.6813063550490203e-06,62.6571387547126,9.99997318693644,0.20152099495351586,1.9954092678269428,7.803096550283101,49.99986593468216,1.25314613516295,0.499998659346822,4.555484613551511,5.708687937266361,0.03703081585655153,0.055144577443099155,1.9954092678269428,5.853926545190267,1.995409267826944,,0.0,1.2122371196746826,ok
B_alpha1,0.8,0.5,1.0,0.5623413251903491,1.7782794100389228,0.6,20,200,5,1.0,predictive,P1 only (protect),coarse,42.169650342858226,5,1.0,True,True,2.0001804865310703e-06,2.9417751477724404e-06,63.72204422101042,9.999970582248494,0.05314758778732007,2.196915372123838,7.7499664578403475,49.9998529112428,1.274444633549754,0.4999985291124247,4.597774639158676,5.85960921514693,0.039036302172985045,0.05888997653954901,2.196915372123838,6.48256731897718,2.1969153721238373,,0.0,1.0722203254699707,ok
B_alpha1,0.8,0.5,1.0,0.5623413251903491,1.7782794100389228,0.6,20,200,5,1.0,predictive,P1 only (protect),coarse,177.82794100389228,5,1.0,True,True,2.0577265159516457e-06,3.0263998660001847e-06,64.09646951710215,9.99996973600135,0.013547068961564478,2.2675895312280483,7.718893663809037,49.9998486800065,1.2819332699847246,0.49999848680006753,4.615412989485812,5.91665146594152,0.03913354864506687,0.05916961760298933,2.2675895312280483,6.731721449126802,2.2675895312280443,,0.0,1.1031956672668457,ok
B_alpha1,0.8,0.5,1.0,0.5623413251903491,1.7782794100389228,0.6,20,200,5,1.0,predictive,P1 only (protect),coarse,0.0017782794100389228,10,1.0,True,True,2.338550379643935e-08,3.457170072197117e-08,52.14085465246641,9.999999654282995,8.600320618536891,0.015293773074892953,1.3843859541052215,49.99999827141491,1.042817129101291,0.49999998271414975,5.705679150512518,5.949979951310557,3.015993524448579e-12,3.0317613859862114e-12,0.015293773074892953,0.13027872856650505,0.015293773074892937,,0.0,1.7008469104766846,ok
B_alpha1,0.8,0.5,1.0,0.5623413251903491,1.7782794100389228,0.6,20,200,5,1.0,predictive,P1 only (protect),coarse,0.007498942093324558,10,1.0,True,True,5.106386436092901e-08,7.542233711545752e-08,52.35952066837792,9.99999924577663,7.172728038506574,0.05378781476693144,2.7734849009498648,49.9999962288831,1.0471904923491138,0.4999999622888315,5.3981042317737895,5.652843428223029,2.169502147523364e-07,2.216999343604908e-07,0.05378781476693144,0.3977177566842717,0.053787814766931584,,0.0,1.4252150058746338,ok
B_alpha1,0.8,0.5,1.0,0.5623413251903491,1.7782794100389228,0.6,20,200,5,1.0,predictive,P1 only (protect),coarse,0.03162277660168379,10,1.0,True,True,1.2924982281881612e-07,1.907041690997976e-07,52.994307011374076,9.999998092958315,5.380598482896104,0.17000849198085718,4.449394932164724,49.999990464791416,1.0598863423522284,0.4999999046479157,5.037517526364995,5.339196025554241,0.0004964121763081999,0.0005409320060175724,0.17000849198085718,1.0219200712090406,0.17000849198085707,,0.0,1.3159019947052002,ok
B_alpha1,0.8,0.5,1.0,0.5623413251903491,1.7782794100389228,0.6,20,200,5,1.0,predictive,P1 only (protect),coarse,0.1333521432163324,10,1.0,True,True,3.185567745442853e-07,4.695548499326909e-07,54.426585428093865,9.99999530445151,3.479479714453049,0.4519787776772674,6.068546203418174,49.99997652225761,1.088532219687458,0.4999997652225755,4.714662085222812,5.132061584703886,0.0338356979521573,0.04524468326376069,0.4519787776772674,2.0955544050596893,0.45197877767726624,,0.0,1.301271915435791,ok
B_alpha1,0.8,0.5,1.0,0.5623413251903491,1.7782794100389228,0.6,20,200,5,1.0,predictive,P1 only (protect),coarse,0.5623413251903491,10,1.0,True,True,6.341948748683636e-07,9.340850952510288e-07,56.52361161054672,9.999990659149066,1.872142992725444,0.9510414838463045,7.176824864279184,49.999953295745335,1.1304732881691812,0.4999995329574533,4.539702058566347,5.132011913455899,0.18597960030658642,0.36601327802260525,0.9510414838463045,3.281693902779647,0.9510414838463043,,0.0,1.3058366775512695,ok
B_alpha1,0.8,0.5,1.0,0.5623413251903491,1.7782794100389228,0.6,20,200,5,1.0,predictive,P1 only (protect),coarse,2.371373705661655,10,1.0,True,True,1.0739220126234067e-06,1.5806986123736766e-06,59.073533830056874,9.999984193013887,0.7727311713162326,1.5644362542778323,7.662848381392047,49.999920965069606,1.1814725441531433,0.49999920965069433,4.522309679247627,5.34298472218908,0.3128201575033463,0.8442194729067238,1.5644362542778323,4.351300259790977,1.5644362542778303,,0.0,1.4408769607543945,ok
B_alpha1,0.8,0.5,1.0,0.5623413251903491,1.7782794100389228,0.6,20,200,5,1.0,predictive,P1 only (protect),coarse,10.0,10,1.0,True,True,1.4425396404594376e-06,2.122594347114104e-06,61.21935109794064,9.999978774056524,0.2539509103319059,2.0053278894637674,7.740742426147802,49.99989387028254,1.2243896208413032,0.4999989387028262,4.5710434773103135,5.596738190033087,0.35650420518616305,1.0707547469412002,2.0053278894637674,5.267130073738674,2.0053278894637683,,0.0,1.2786426544189453,ok
B_alpha1,0.8,0.5,1.0,0.5623413251903491,1.7782794100389228,0.6,20,200,5,1.0,predictive,P1 only (protect),coarse,42.169650342858226,10,1.0,True,True,1.61579526666749e-06,2.377335517622513e-06,62.329985772802864,9.999976226644847,0.08612839390270345,2.2111364723043945,7.702758907148055,49.999881133224115,1.2466026790488827,0.49999881133224233,4.610563684674659,5.747541041240918,0.36487680164837155,1.1162190482758358,2.2111364723043945,5.860337560264878,2.211136472304397,,0.0,1.4177992343902588,ok
B_alpha1,0.8,0.5,1.0,0.5623413251903491,1.7782794100389228,0.6,20,200,5,1.0,predictive,P1 only (protect),coarse,177.82794100389228,10,1.0,True,True,1.6713802410586371e-06,2.4590861413108144e-06,62.711682810595995,9.999975409138576,0.041378305699222066,2.279639164677482,7.6790071204847195,49.99987704569313,1.2542367404881014,0.4999987704569288,4.626223936689437,5.802380031121392,0.36601454239312237,1.1225274565180612,2.279639164677482,6.095707701152749,2.27963916467748,,0.0,1.3549351692199707,ok
B_alpha1,0.8,0.5,1.0,0.5623413251903491,1.7782794100389228,0.6,20,200,5,1.0,predictive,P1 only (protect),coarse,0.0017782794100389228,15,1.0,True,True,2.33555880930796e-08,3.45275933756732e-08,52.14060313799407,9.99999965472407,8.6007911010242,0.015275247542126016,1.3839339967096045,49.99999827362029,1.0428120987656744,0.4999999827362035,5.705778320651891,5.950054665650684,6.292258417533829e-05,6.361000476059567e-05,0.015275247542126016,0.13005921160328338,0.015275247542126036,,0.0,2.7076382637023926,ok
B_alpha1,0.8,0.5,1.0,0.5623413251903491,1.7782794100389228,0.6,20,200,5,1.0,predictive,P1 only (protect),coarse,0.007498942093324558,15,1.0,True,True,4.789151354679795e-08,7.074571609047183e-08,52.33306471680712,9.999999292542844,7.217282299851215,0.05197797459102986,2.730740433014912,49.99999646271418,1.0466613683829509,0.4999999646271422,5.407474692355829,5.659794860997328,0.006702988240332857,0.0070095312634889315,0.05197797459102986,0.37569056217379226,0.05197797459102977,,0.0,2.5307884216308594,ok
B_alpha1,0.8,0.5,1.0,0.5623413251903491,1.7782794100389228,0.6,20,200,5,1.0,predictive,P1 only (protect),coarse,0.03162277660168379,15,1.0,True,True,8.295700841486767e-08,1.2248489197125314e-07,52.62020866847564,9.999998775151074,5.864933913504684,0.15045801349191884,3.984609297852323,49.999993875755436,1.0524043022731393,0.49999993875755366,5.139427455073687,5.40875556494024,0.09463966541968717,0.11233942583472688,0.15045801349191884,0.7470949247717678,0.15045801349191937,,0.0,2.56487774848938,ok
B_alpha1,0.8,0.5,1.0,0.5623413251903491,1.7782794100389228,0.6,20,200,5,1.0,predictive,P1 only (protect),coarse,0.1333521432163324,15,1.0,True,True,1.176793819111585e-07,1.736921812946448e-07,52.90793542770944,9.99999826307819,4.763517815667462,0.43563452539907405,4.800849395855274,49.99999131539097,1.0581588923481142,0.4999999131539095,4.998181672812473,5.288870382657891,0.3560583883487237,0.6047000180073162,0.43563452539907405,1.1889843552689128,0.4356345253990742,,0.0,2.73052978515625,ok
B_alpha1,0.8,0.5,1.0,0.5623413251903491,1.7782794100389228,0.6,20,200,5,1.0,predictive,P1 only (protect),coarse,0.5623413251903491,15,1.0,True,True,1.9683178179892566e-07,2.9031339568496123e-07,53.54539603336894,9.999997096866062,3.2375577066998242,1.156402323419858,5.606042873014255,49.99998548433021,1.070908231566384,0.4999998548433031,4.9249372219781,5.274155810964027,0.5949678295021196,1.7781202155418898,1.156402323419858,1.8552022863573332,1.1564023234198573,,0.0,2.5638134479522705,ok
B_alpha1,0.8,0.5,1.0,0.5623413251903491,1.7782794100389228,0.6,20,200,5,1.0,predictive,P1 only (protect),coarse,2.371373705661655,15,1.0,True,True,4.0053959507039963e-07,5.901812974064593e-07,55.159318945428225,9.999994098187013,1.5378706596179872,2.1253456903796457,6.336789551815354,49.99997049093509,1.103187029988918,0.49999970490935064,4.905810420067195,5.412026427002615,0.681203041873374,3.1027797895606386,2.1253456903796457,2.6468639105432374,2.125345690379645,,0.0,2.573850154876709,ok
B_alpha1,0.8,0.5,1.0,0.5623413251903491,1.7782794100389228,0.6,20,200,5,1.0,predictive,P1 only (protect),coarse,10.0,15,1.0,True,True,6.310104864569909e-07,9.293177229930411e-07,57.09841695158226,9.999990706822755,0.625873316490148,2.7356124244616304,6.638523552225466,49.99995353411404,1.1419694002840437,0.4999995353411378,4.929521575020682,5.629362796713623,0.7018805541082306,3.7343090613052534,2.7356124244616304,3.3758387245668704,2.7356124244616327,,0.0,2.5461697578430176,ok
B_alpha1,0.8,0.5,1.0,0.5623413251903491,1.7782794100389228,0.6,20,200,5,1.0,predictive,P1 only (protect),coarse,42.169650342858226,15,1.0,True,True,7.535369170396121e-07,1.1096168854969361e-06,58.221596185904104,9.999988903831131,0.32997425470915004,2.973331980751538,6.696704860708181,49.99994451915567,1.1644332157928416,0.49999944519155654,4.95214741835672,5.766444943437334,0.7080535990727176,3.8964222288542456,2.973331980751538,3.8431363461787167,2.9733319807515524,,0.0,2.645658016204834,ok
B_alpha1,0.8,0.5,1.0,0.5623413251903491,1.7782794100389228,0.6,20,200,5,1.0,predictive,P1 only (protect),coarse,177.82794100389228,15,1.0,True,True,7.936432383309884e-07,1.1686409180933372e-06,58.60482746928615,9.99998831359083,0.25203070079219814,3.04309537398278,6.704885611634192,49.99994156795415,1.17209791914731,0.4999994156795415,4.960793706584235,5.814535980806453,0.710387038487923,3.9316333783892827,3.04309537398278,4.018683204261033,3.043095373982783,,0.0,2.544245958328247,ok
B_alpha1,0.8,0.5,1.0,0.5623413251903491,1.7782794100389228,0.6,20,200,5,1.0,predictive,P1 only (protect),coarse,0.0017782794100389228,20,1.0,True,True,1.0198946810312628e-08,1.5092924788646722e-08,52.048449916576125,9.999999849070756,9.977733536736215,0.010033672239487543,0.012232941953541854,49.999999245353706,1.0409690140427907,0.49999999245353777,6.014429356427474,6.260834597190324,0.02137608724489675,0.021753588800187088,0.010033672239487543,0.011728659801303755,0.01003367223948754,,0.0,8.088876247406006,ok
B_alpha1,0.8,0.5,1.0,0.5623413251903491,1.7782794100389228,0.6,20,200,5,1.0,predictive,P1 only (protect),coarse,0.007498942093324558,20,1.0,True,True,1.0303712540927969e-08,1.524775387787973e-08,52.04911474981347,9.999999847522469,9.907213408669268,0.041988949655581746,0.05079779415268071,49.99999923761227,1.0409823108689122,0.49999999237612347,6.010535406397886,6.256861036911488,0.08410599288855991,0.09033267141710934,0.041988949655581746,0.04838035653503405,0.04198894965558174,,0.0,8.156920909881592,ok
B_alpha1,0.8,0.5,1.0,0.5623413251903491,1.7782794100389228,0.6,20,200,5,1.0,predictive,P1 only (protect),coarse,0.03162277660168379,20,1.0,True,True,1.0744029677943996e-08,1.5898445199278997e-08,52.051949997600275,9.99999984101555,9.626558337624354,0.17164995788385465,0.20179186347624167,49.99999920507772,1.0410390165029078,0.4999999920507775,5.995972933658201,6.242041765833588,0.2751346781352214,0.3588423159331791,0.17164995788385465,0.18734314371747995,0.17164995788385456,,0.0,8.505764245986938,ok
B_alpha1,0.8,0.5,1.0,0.5623413251903491,1.7782794100389228,0.6,20,200,5,1.0,predictive,P1 only (protect),coarse,0.1333521432163324,20,1.0,True,True,1.2619784507682766e-08,1.866977391481391e-08,52.064791623477376,9.999999813302269,8.655125816531,0.64476900128658,0.700105368880152,49.9999990665113,1.0412958519103057,0.49999999066511347,5.9547127016087105,6.20061763550276,0.5797730697347092,1.2449829623372841,0.64476900128658,0.6008063334552532,0.6447690012865791,,0.0,8.074630975723267,ok
B_alpha1,0.8,0.5,1.0,0.5623413251903491,1.7782794100389228,0.6,20,200,5,1.0,predictive,P1 only (protect),coarse,0.5623413251903491,20,1.0,True,True,2.1568111345969394e-08,3.1879511924861165e-08,52.14406810815454,9.999999681204892,6.275137464195486,1.9007901977383417,1.8240726568612802,49.99999840602448,1.0428813954096392,0.4999999840602446,5.890054688958008,6.142628453059616,0.7545257454320297,3.2437108481114274,1.9007901977383417,1.3471550914395538,1.900790197738348,,0.0,8.241302013397217,ok
B_alpha1,0.8,0.5,1.0,0.5623413251903491,1.7782794100389228,0.6,20,200,5,1.0,predictive,P1 only (protect),coarse,2.371373705661655,20,1.0,True,True,5.8810537211806555e-08,8.679047209253856e-08,52.66303343539666,9.999999132095274,3.252556421358641,3.606334817775245,3.1411096287708395,49.99999566047631,1.0532607601209336,0.4999999566047637,5.849447136453771,6.160993137228517,0.8029398020178432,5.585770577518161,3.606334817775245,2.084201522963468,3.6063348177752603,,0.0,8.052019596099854,ok
B_alpha1,0.8,0.5,1.0,0.5623413251903491,1.7782794100389228,0.6,20,200,5,1.0,predictive,P1 only (protect),coarse,10.0,20,1.0,True,True,1.1969498203566387e-07,1.7651133533489492e-07,53.785134003504815,9.999998234886672,1.544227539552238,4.629709306377875,3.8260649191832155,49.999991174433355,1.0757028699438438,0.49999991174433356,5.848836643557155,6.29161036330715,0.819316432312414,6.803812467255753,4.629709306377875,2.6428205448152813,4.629709306377877,,0.0,8.179296731948853,ok
B_alpha1,0.8,0.5,1.0,0.5623413251903491,1.7782794100389228,0.6,20,200,5,1.0,predictive,P1 only (protect),coarse,42.169650342858226,20,1.0,True,True,1.5952983467890237e-07,2.3520772423203536e-07,54.63390260409354,9.999997647922768,0.9825613669630128,4.988562048869064,4.028878936245155,49.99998823961384,1.0926783090882481,0.4999998823961384,5.857052728450245,6.399874471563725,0.8284046442020289,7.164472457864316,4.988562048869064,2.959597832221868,4.9885620488690465,,0.0,8.216972589492798,ok
B_alpha1,0.8,0.5,1.0,0.5623413251903491,1.7782794100389228,0.6,20,200,5,1.0,predictive,P1 only (protect),coarse,177.82794100389228,20,1.0,True,True,1.737400804944126e-07,2.5614709740819225e-07,54.9508010018295,9.99999743852908,0.8345220128149804,5.086497083918614,4.078983464737325,49.999987192645094,1.0990163015464263,0.499999871926454,5.8604783623767895,6.440761255112196,0.8328003314772163,7.253572309231667,5.086497083918614,3.0670390902762437,5.086497083918584,,0.0,8.132208108901978,ok
B_alpha1,0.8,0.5,1.0,0.5623413251903491,1.7782794100389228,0.6,20,200,5,1.0,predictive,P1+P2 (protect),coarse,0.0017782794100389228,5,3.0,True,True,3.460133174299225e-08,5.11291214495501e-08,52.22751384023303,9.999999488708795,7.890581941722379,0.030345713633155,2.079072855935671,49.999997443543954,1.0445503302116008,0.49999997443543975,5.551229788245794,5.7985389083926195,1.8285807703495813e-18,1.8336773736936577e-18,0.030345713633155,0.2412116109303975,0.03034571363315505,,0.0,1.0467967987060547,ok
B_alpha1,0.8,0.5,1.0,0.5623413251903491,1.7782794100389228,0.6,20,200,5,1.0,predictive,P1+P2 (protect),coarse,0.007498942093324558,5,3.0,True,True,8.38960587783743e-08,1.2384447818599819e-07,52.62763293045887,9.999998761555199,6.22043100695813,0.10245396991241648,3.6771162615742554,49.99999380777611,1.052552788962028,0.49999993807775994,5.201574767974864,5.474932029026458,1.791325992646824e-11,1.8121142938433495e-11,0.10245396991241648,0.6784123697601963,0.10245396991241665,,0.0,1.2371888160705566,ok
B_alpha1,0.8,0.5,1.0,0.5623413251903491,1.7782794100389228,0.6,20,200,5,1.0,predictive,P1+P2 (protect),coarse,0.03162277660168379,5,3.0,True,True,2.2483384727025525e-07,3.315037245224983e-07,53.717491659848854,9.999996684962765,4.2832329740935595,0.30449364836926274,5.412276692574412,49.99998342481385,1.0743501893480647,0.49999983424813826,4.840528235685993,5.2004224265539,1.8695014426518262e-06,1.956322081702955e-06,0.30449364836926274,1.5731907172808783,0.30449364836926357,,0.0,1.1583290100097656,ok
B_alpha1,0.8,0.5,1.0,0.5623413251903491,1.7782794100389228,0.6,20,200,5,1.0,predictive,P1+P2 (protect),coarse,0.1333521432163324,5,3.0,True,True,5.831379645124465e-07,8.587573832573658e-07,56.026362534931096,9.999991412426157,2.3917026358177,0.7384065797414849,6.869899372014659,49.99995706213086,1.1205282129604974,0.49999957062130784,4.576962291304033,5.128615377062492,0.0013875131487193666,0.001609380574804036,0.7384065797414849,2.889527119557642,0.7384065797414844,,0.0,1.2675621509552002,ok
B_alpha1,0.8,0.5,1.0,0.5623413251903491,1.7782794100389228,0.6,20,200,5,1.0,predictive,P1+P2 (protect),coarse,0.5623413251903491,5,3.0,True,True,1.1758694713358735e-06,1.7301247106985688e-06,59.19237549612263,9.9999826987529,1.0041533387403176,1.3387884403862018,7.65707552212058,49.99991349376438,1.1838495581298287,0.49999913493764503,4.4896761162732695,5.315101086396155,0.019022346903292495,0.025860948322880946,1.3387884403862018,4.243736789333171,1.3387884403862012,,0.0,1.0691943168640137,ok
B_alpha1,0.8,0.5,1.0,0.5623413251903491,1.7782794100389228,0.6,20,200,5,1.0,predictive,P1+P2 (protect),coarse,2.371373705661655,5,3.0,True,True,1.6698784226719184e-06,2.456132987415053e-06,61.764443166685744,9.999975438670095,0.32673220454989826,1.8274875404248456,7.845804816355161,49.99987719335067,1.235291897374892,0.4999987719335047,4.520596395440118,5.5842560985893215,0.036259768959676995,0.053590476484882674,1.8274875404248456,5.376082778183572,1.8274875404248467,,0.0,1.2016303539276123,ok
B_alpha1,0.8,0.5,1.0,0.5623413251903491,1.7782794100389228,0.6,20,200,5,1.0,predictive,P1+P2 (protect),coarse,10.0,5,3.0,True,True,1.916067028049433e-06,2.818034711538111e-06,63.20623807927643,9.999971819652892,0.09315790755649248,2.1003091552242417,7.806561117566374,49.99985909826437,1.2641283239430265,0.4999985909826446,4.570478946984158,5.777671890867973,0.03958014681257661,0.05963153146860453,2.1003091552242417,6.182419883866493,2.100309155224236,,0.0,1.1593315601348877,ok
B_alpha1,0.8,0.5,1.0,0.5623413251903491,1.7782794100389228,0.6,20,200,5,1.0,predictive,P1+P2 (protect),coarse,42.169650342858226,5,3.0,True,True,2.020845023215851e-06,2.972133772411018e-06,63.86975887238609,9.9999702786623,0.02508589128676885,2.2252496835004414,7.74969414655049,49.999851393311516,1.27739897404835,0.499998513933115,4.602097277417546,5.878714340643879,0.03948614466018709,0.05968781243036552,2.2252496835004414,6.599177959990656,2.2252496835004445,,0.0,1.1260673999786377,ok
B_alpha1,0.8,0.5,1.0,0.5623413251903491,1.7782794100389228,0.6,20,200,5,1.0,predictive,P1+P2 (protect),coarse,177.82794100389228,5,3.0,True,True,2.061801717430934e-06,3.03238620371762e-06,64.12942109774808,9.999969676137948,0.006783575050391678,2.273934803614158,7.719311945197503,49.99984838068972,1.2825923112701936,0.4999984838068974,4.616272899425664,5.9207961275283205,0.039235725535244514,0.05934800752298963,2.273934803614158,6.761493242685485,2.273934803614155,,0.0,1.1587896347045898,ok
B_alpha1,0.8,0.5,1.0,0.5623413251903491,1.7782794100389228,0.6,20,200,5,1.0,predictive,P1+P2 (protect),coarse,0.0017782794100389228,5,10.0,True,True,6.564045805812617e-08,9.69227129591986e-08,52.47867039200837,9.99999903077287,6.689827502425883,0.07534680781361247,3.234826658987634,49.99999515386439,1.0495735095676786,0.49999995153864346,5.297273335008995,5.559877765364672,1.0654998884909656e-12,1.075336130273038e-12,0.07534680781361247,0.5256113040821828,0.07534680781361257,,0.0,1.1868603229522705,ok
B_alpha1,0.8,0.5,1.0,0.5623413251903491,1.7782794100389228,0.6,20,200,5,1.0,predictive,P1+P2 (protect),coarse,0.007498942093324558,5,10.0,True,True,1.7470183522170998e-07,2.576607526477263e-07,53.341697745841266,9.999997423392461,4.784658652593704,0.23450928710684182,4.980834636906993,49.999987116962416,1.0668342297981348,0.4999998711696231,4.927331409134837,5.256645808824522,3.1550469474329345e-07,3.2728714046131645e-07,0.23450928710684182,1.2900930132403226,0.2345092871068424,,0.0,1.1365480422973633,ok
B_alpha1,0.8,0.5,1.0,0.5623413251903491,1.7782794100389228,0.6,20,200,5,1.0,predictive,P1+P2 (protect),coarse,0.03162277660168379,5,10.0,True,True,4.699727331495276e-07,6.922701442032348e-07,55.32947869897413,9.999993077298571,2.8273599563770864,0.6072749613479148,6.565372004976427,49.99996538649287,1.1065903400389352,0.49999965386492856,4.6259391150094995,5.119019538277773,0.0006027811222105247,0.0006833873113609648,0.6072749613479148,2.516688432078285,0.6072749613479165,,0.0,1.0467631816864014,ok
B_alpha1,0.8,0.5,1.0,0.5623413251903491,1.7782794100389228,0.6,20,200,5,1.0,predictive,P1+P2 (protect),coarse,0.1333521432163324,5,10.0,True,True,1.028158993654872e-06,1.5129556815488858e-06,58.38628347380618,9.999984870443177,1.2771813142816923,1.1862725321112169,7.536561283163914,49.999924352215785,1.167727436195986,0.49999924352215885,4.493925836538579,5.2476804955560965,0.01493374857883134,0.01984712479969024,1.1862725321112169,3.8692085947319423,1.1862725321112153,,0.0,1.4024996757507324,ok
B_alpha1,0.8,0.5,1.0,0.5623413251903491,1.7782794100389228,0.6,20,200,5,1.0,predictive,P1+P2 (protect),coarse,0.5623413251903491,5,10.0,True,True,1.558130452146409e-06,2.2917998164085066e-06,61.11154681067355,9.999977082001843,0.453540019131121,1.704585937701185,7.841896961165852,49.99988541000907,1.2222337373285286,0.49999885410009215,4.502994789983695,5.503712151332664,0.035112503680862585,0.0515293728622315,1.704585937701185,5.0231655446731365,1.7045859377011876,,0.0,1.0597350597381592,ok
B_alpha1,0.8,0.5,1.0,0.5623413251903491,1.7782794100389228,0.6,20,200,5,1.0,predictive,P1+P2 (protect),coarse,2.371373705661655,5,10.0,True,True,1.8337613802653367e-06,2.6969363389249264e-06,62.69028469087157,9.999973030636584,0.1490664575641824,2.003766514654216,7.847193997145018,49.999865153182945,1.2538090752606914,0.4999986515318292,4.546793598267423,5.70081107684491,0.04009465335797093,0.06033100913008032,2.003766514654216,5.87387384691585,2.0037665146542163,,0.0,1.2739276885986328,ok
B_alpha1,0.8,0.5,1.0,0.5623413251903491,1.7782794100389228,0.6,20,200,5,1.0,predictive,P1+P2 (protect),coarse,10.0,5,10.0,True,True,1.957732747816436e-06,2.879260895045001e-06,63.479765593641645,9.999971207391033,0.04832642648285073,2.1525168421346867,7.799185523991429,49.99985603695519,1.2695989673794936,0.49999856036955165,4.579994318758094,5.814756057699223,0.040157596152711875,0.060689028778407116,2.1525168421346867,6.372706229303379,2.1525168421346934,,0.0,1.0371336936950684,ok
B_alpha1,0.8,0.5,1.0,0.5623413251903491,1.7782794100389228,0.6,20,200,5,1.0,predictive,P1+P2 (protect),coarse,42.169650342858226,5,10.0,True,True,2.028509572922171e-06,2.983395130652555e-06,63.926974671882654,9.999970166048726,0.014722175740607227,2.2362231139531783,7.749084544257489,49.999850830243325,1.2785433078375357,0.4999985083024363,4.6038850955960875,5.886266479027351,0.039619579606659086,0.05992582160489432,2.2362231139531783,6.646535759433691,2.2362231139531836,,0.0,1.184436321258545,ok
B_alpha1,0.8,0.5,1.0,0.5623413251903491,1.7782794100389228,0.6,20,200,5,1.0,predictive,P1+P2 (protect),coarse,177.82794100389228,5,10.0,True,True,2.0632442572908507e-06,3.0345053123360545e-06,64.14124160274396,9.999969654946872,0.004382900937094399,2.276210985739437,7.719436458376596,49.99984827473444,1.282828724805458,0.4999984827473436,4.616587127141835,5.922290577264652,0.039270133347171866,0.05940806677536256,2.276210985739437,6.772304437451901,2.2762109857394335,,0.0,1.0995235443115234,ok
B_alpha1,0.8,0.5,1.0,0.5623413251903491,1.7782794100389228,0.6,20,200,5,1.0,predictive,P1+P2 (protect),coarse,0.0017782794100389228,5,30.0,True,True,1.3379426843347354e-07,1.9739037575699698e-07,53.026196771854096,9.999998026096245,5.310263634265135,0.17594205366576654,4.513796285972854,49.9999901304813,1.0605241447743394,0.49999990130481226,5.023881703915524,5.327947847492463,2.2989319959681484e-08,2.361019467047174e-08,0.17594205366576654,1.035811266864113,0.1759420536657666,,0.0,1.2031636238098145,ok
B_alpha1,0.8,0.5,1.0,0.5623413251903491,1.7782794100389228,0.6,20,200,5,1.0,predictive,P1+P2 (protect),coarse,0.007498942093324558,5,30.0,True,True,3.660706999173694e-07,5.393915870153044e-07,54.672860263937395,9.99999460608412,3.3249444532096297,0.48378446472022535,6.191276475986024,49.99997303042064,1.0934577950806834,0.499999730304206,4.6917588243516715,5.130240259125918,0.00015275034826677962,0.00016819238725525846,0.48378446472022535,2.155168016536753,0.48378446472022696,,0.0,1.0627546310424805,ok
B_alpha1,0.8,0.5,1.0,0.5623413251903491,1.7782794100389228,0.6,20,200,5,1.0,predictive,P1+P2 (protect),coarse,0.03162277660168379,5,30.0,True,True,8.676244259351709e-07,1.276971488613391e-06,57.53924966892173,9.999987230285097,1.6206356759064184,1.0255111728214485,7.353865920987035,49.999936151425615,1.150786462899936,0.49999936151425484,4.510962850456376,5.191154982949706,0.00935418080511289,0.01197581405650287,1.0255111728214485,3.507337210096653,1.0255111728214485,,0.0,1.1134870052337646,ok
B_alpha1,0.8,0.5,1.0,0.5623413251903491,1.7782794100389228,0.6,20,200,5,1.0,predictive,P1+P2 (protect),coarse,0.1333521432163324,5,30.0,True,True,1.4382567555503205e-06,2.115598122555315e-06,60.45792242497678,9.999978844018775,0.6153859340425412,1.5807973829153503,7.803837839023334,49.99989422009387,1.209161006598291,0.49999894220093877,4.4929639278914815,5.432716785659075,0.03200001929158659,0.0463020331549215,1.5807973829153503,4.705538537272999,1.580797382915353,,0.0,1.4552257061004639,ok
B_alpha1,0.8,0.5,1.0,0.5623413251903491,1.7782794100389228,0.6,20,200,5,1.0,predictive,P1+P2 (protect),coarse,0.5623413251903491,5,30.0,True,True,1.763731107742847e-06,2.593930280121397e-06,62.24981578179171,9.999974060697221,0.221095005683324,1.9209792008575295,7.857951732761926,49.999870303486084,1.2449995450778506,0.49999870303486105,4.531916387421445,5.6422338406705554,0.03997388956249997,0.05998839969513797,1.9209792008575295,5.601853460598996,1.9209792008575304,,0.0,1.139085292816162,ok
B_alpha1,0.8,0.5,1.0,0.5623413251903491,1.7782794100389228,0.6,20,200,5,1.0,predictive,P1+P2 (protect),coarse,2.371373705661655,5,30.0,True,True,1.895968283300241e-06,2.7883624332292976e-06,63.08241817085063,9.999972116375641,0.08825984413705522,2.0783681905391016,7.8333998489482015,49.99986058187828,1.261651881359724,0.4999986058187821,4.561124750312995,5.754551622348791,0.04071371654248932,0.06150099700822295,2.0783681905391016,6.126056623416661,2.0783681905390976,,0.0,1.1150708198547363,ok
B_alpha1,0.8,0.5,1.0,0.5623413251903491,1.7782794100389228,0.6,20,200,5,1.0,predictive,P1+P2 (protect),coarse,10.0,5,30.0,True,True,1.97068078677677e-06,2.8982900069246184e-06,63.56888321149833,9.999971017099899,0.034641528063776524,2.169522709888876,7.795864744947449,49.999855085499746,1.2713813490618233,0.49999855085499495,4.5833009645060905,5.827123363410109,0.04027730548568424,0.06091503272587136,2.169522709888876,6.438697676615779,2.1695227098888763,,0.0,1.0697696208953857,ok
B_alpha1,0.8,0.5,1.0,0.5623413251903491,1.7782794100389228,0.6,20,200,5,1.0,predictive,P1+P2 (protect),coarse,42.169650342858226,5,30.0,True,True,2.0307399806144373e-06,2.986672352944373e-06,63.943884206734445,9.999970133276438,0.011704828699688854,2.2394660760636667,7.748858961960206,49.99985066638232,1.2788815037347196,0.4999985066638219,4.604423694884397,5.888512298745532,0.039655204033209546,0.05998949701981804,2.2394660760636667,6.660766225710338,2.2394660760636698,,0.0,1.1128911972045898,ok
B_alpha1,0.8,0.5,1.0,0.5623413251903491,1.7782794100389228,0.6,20,200,5,1.0,predictive,P1+P2 (protect),coarse,177.82794100389228,5,30.0,True,True,2.0636579368174293e-06,3.0351130189386133e-06,64.14464673463537,9.999969648869842,0.0036937375534679463,2.2768666844201166,7.719469929156573,49.99984824434904,1.2828968284295736,0.4999984824434921,4.61667818745757,5.922721804569309,0.039279831726305704,0.059424993785799525,2.2768666844201166,6.775431684071133,2.276866684420112,,0.0,1.1547763347625732,ok
B_alpha1,0.8,0.5,1.0,0.5623413251903491,1.7782794100389228,0.6,20,200,5,1.0,predictive,P1+P2 (protect),coarse,0.0017782794100389228,5,100.0,True,True,3.086181818472104e-07,4.5483632873571734e-07,54.29277226359474,9.999995451636735,3.663392704698327,0.41242702473610127,5.924184818928838,49.99997725818356,1.0858559391586238,0.49999977258183675,4.741280036134145,5.1483470864504755,5.068566305407174e-05,5.4868208107658165e-05,0.41242702473610127,1.9300847194917825,0.4124270247361006,,0.0,1.1918103694915771,ok
B_alpha1,0.8,0.5,1.0,0.5623413251903491,1.7782794100389228,0.6,20,200,5,1.0,predictive,P1+P2 (protect),coarse,0.007498942093324558,5,100.0,True,True,7.646608253570341e-07,1.1256036916722308e-06,56.988356238016344,9.999988743963085,1.873558665013919,0.9210314126636138,7.205421178359382,49.999943719815334,1.139768407687856,0.49999943719815426,4.528737510611666,5.161711941306124,0.006164301464701594,0.0076793554867149085,0.9210314126636138,3.2708583172666534,0.9210314126636134,,0.0,1.0765082836151123,ok
B_alpha1,0.8,0.5,1.0,0.5623413251903491,1.7782794100389228,0.6,20,200,5,1.0,predictive,P1+P2 (protect),coarse,0.03162277660168379,5,100.0,True,True,1.3521946707661933e-06,1.98911467500301e-06,60.006095274091436,9.999980108853244,0.7405623607532925,1.4950056785661667,7.764451851827298,49.99990054426635,1.2001242926666686,0.4999990054426622,4.488946738191563,5.3872940289905,0.029118018611983015,0.04159563941727394,1.4950056785661667,4.503050166420395,1.4950056785661654,,0.0,1.0842673778533936,ok
B_alpha1,0.8,0.5,1.0,0.5623413251903491,1.7782794100389228,0.6,20,200,5,1.0,predictive,P1+P2 (protect),coarse,0.1333521432163324,5,100.0,True,True,1.71884493574945e-06,2.5279300078654535e-06,61.976535042478424,9.999974720699932,0.2738058972949399,1.869424588532474,7.856794793472654,49.99987360349976,1.2395338343043403,0.49999873603499656,4.52442407704417,5.608176724237436,0.03958366656113935,0.05924564007422563,1.869424588532474,5.438763927426562,1.86942458853248,,0.0,1.2487766742706299,ok
B_alpha1,0.8,0.5,1.0,0.5623413251903491,1.7782794100389228,0.6,20,200,5,1.0,predictive,P1+P2 (protect),coarse,0.5623413251903491,5,100.0,True,True,1.8612623924813767e-06,2.7372820903102356e-06,62.85094129107135,9.999972627179122,0.12416117420822202,2.0351710691855165,7.840695129427139,49.99986313589549,1.2570222666459645,0.4999986313589561,4.55298259792646,5.723200505245151,0.04095109075700206,0.061831923862229125,2.0351710691855165,5.97147990926006,2.035171069185523,,0.0,1.2681679725646973,ok
B_alpha1,0.8,0.5,1.0,0.5623413251903491,1.7782794100389228,0.6,20,200,5,1.0,predictive,P1+P2 (protect),coarse,2.371373705661655,5,100.0,True,True,1.9199118034943087e-06,2.8235571638146836e-06,63.241149595554944,9.99997176442836,0.06547363159037767,2.108560689669798,7.825993914311466,49.99985882214185,1.2648265632212012,0.49999858822141796,4.567336097695035,5.776888019523744,0.04084222974018882,0.061764140382497744,2.108560689669798,6.236099910542255,2.108560689669791,,0.0,1.0963006019592285,ok
B_alpha1,0.8,0.5,1.0,0.5623413251903491,1.7782794100389228,0.6,20,200,5,1.0,predictive,P1+P2 (protect),coarse,10.0,5,100.0,True,True,1.975325024975783e-06,2.90511572936723e-06,63.60134906718222,9.999970948842693,0.02974882927228386,2.1757175635322215,7.794562658352802,49.99985474421329,1.2720306767399778,0.4999985474421346,4.584526345780596,5.8316581501555484,0.04031388825183022,0.060985096315718954,2.1757175635322215,6.46322877745194,2.1757175635322117,,0.0,1.0907678604125977,ok
B_alpha1,0.8,0.5,1.0,0.5623413251903491,1.7782794100389228,0.6,20,200,5,1.0,predictive,P1+P2 (protect),coarse,42.169650342858226,5,100.0,True,True,2.0315248475678144e-06,2.987825602039395e-06,63.94986293758722,9.999970121743983,0.010642668149339325,2.24061268346573,7.748774526640948,49.99985060871979,1.2790010801839196,0.49999850608719915,4.6046151813252205,5.889307790746232,0.03966740120553996,0.060011312645853236,2.24061268346573,6.66582332304316,2.240612683465727,,0.0,1.1044645309448242,ok
B_alpha1,0.8,0.5,1.0,0.5623413251903491,1.7782794100389228,0.6,20,200,5,1.0,predictive,P1+P2 (protect),coarse,177.82794100389228,5,100.0,True,True,2.0638028841156703e-06,3.035325951178616e-06,64.14584147146356,9.999969646740473,0.003452185897662986,2.277096745143043,7.719481422218822,49.999848233702416,1.2829207235118372,0.49999848233702365,4.616710193732646,5.922873181987961,0.039283212126080665,0.05943089356345593,2.277096745143043,6.776530284946131,2.2770967451430413,,0.0,1.0830440521240234,ok
B_alpha1,0.8,0.5,1.0,0.5623413251903491,1.7782794100389228,0.6,20,200,5,1.0,predictive,P1+P2 (protect),coarse,0.0017782794100389228,10,3.0,True,True,3.4601329861389966e-08,5.112911868227295e-08,52.22751382916477,9.999999488708816,7.890581942142254,0.0303457132219884,2.079072855926941,49.99999744354413,1.044550329990232,0.4999999744354408,5.55122978818593,5.798538907101219,4.974186192747888e-09,5.052556393894574e-09,0.0303457132219884,0.24121160715038603,0.03034571322198842,,0.0,1.4716737270355225,ok
B_alpha1,0.8,0.5,1.0,0.5623413251903491,1.7782794100389228,0.6,20,200,5,1.0,predictive,P1+P2 (protect),coarse,0.007498942093324558,10,3.0,True,True,8.387606598074072e-08,1.2381507562465205e-07,52.62751701986171,9.99999876184923,6.220447968693168,0.10244987774982547,3.6771033917077762,49.999993809246206,1.0525504707188507,0.4999999380924615,5.2015770558780074,5.47492237864477,5.00934348884814e-05,5.335409697389752e-05,0.10244987774982547,0.6783720323804796,0.10244987774982534,,0.0,1.2719230651855469,ok
B_alpha1,0.8,0.5,1.0,0.5623413251903491,1.7782794100389228,0.6,20,200,5,1.0,predictive,P1+P2 (protect),coarse,0.03162277660168379,10,3.0,True,True,2.1914149915773403e-07,3.231338645223319e-07,53.686155136522586,9.999996768661367,4.289178498930438,0.30364787073712834,5.407176861671067,49.999983843306914,1.0737234496868564,0.49999983843306833,4.841551510737766,5.198487389945965,0.012065104734765712,0.01511372537020303,0.30364787073712834,1.5624488659505213,0.3036478707371287,,0.0,1.4329981803894043,ok
B_alpha1,0.8,0.5,1.0,0.5623413251903491,1.7782794100389228,0.6,20,200,5,1.0,predictive,P1+P2 (protect),coarse,0.1333521432163324,10,3.0,True,True,4.939413818678263e-07,7.276696787210562e-07,55.59250484928569,9.999992723303201,2.455597927399413,0.7361067487291834,6.808302600568203,49.99996361651612,1.111850906045904,0.4999996361651601,4.590512104740914,5.103965042870875,0.13398416078116035,0.2401965147426083,0.7361067487291834,2.7479100600724546,0.736106748729181,,0.0,1.304473876953125,ok
B_alpha1,0.8,0.5,1.0,0.5623413251903491,1.7782794100389228,0.6,20,200,5,1.0,predictive,P1+P2 (protect),coarse,0.5623413251903491,10,3.0,True,True,9.222160063890055e-07,1.3575479019131601e-06,58.13817008273441,9.999986424520955,1.08769153547854,1.3649312566251277,7.547390783375378,49.999932122604925,1.162764980163847,0.49999932122604773,4.5183519078628365,5.253781366519412,0.2893747641847807,0.7430338105076595,1.3649312566251277,3.8786754739296985,1.3649312566251246,,0.0,1.7342469692230225,ok
B_alpha1,0.8,0.5,1.0,0.5623413251903491,1.7782794100389228,0.6,20,200,5,1.0,predictive,P1+P2 (protect),coarse,2.371373705661655,10,3.0,True,True,1.3412495686423504e-06,1.9735767589044442e-06,60.55042863473511,9.999980264232398,0.37410620797500205,1.8798769338000478,7.746036593992551,49.999901321161936,1.2110109627177958,0.49999901321161994,4.550982580560904,5.511289796196979,0.35297150218017004,1.0482163918246796,1.8798769338000478,4.874809667779752,1.8798769338000403,,0.0,1.3599491119384766,ok
B_alpha1,0.8,0.5,1.0,0.5623413251903491,1.7782794100389228,0.6,20,200,5,1.0,predictive,P1+P2 (protect),coarse,10.0,10,3.0,True,True,1.566520448742288e-06,2.3047999204335484e-06,61.973969640897415,9.999976952000823,0.12353939123596723,2.1474997595365783,7.728983897226631,49.999884760004,1.2394822495765379,0.49999884760004115,4.595077298193972,5.695516746543544,0.3660314901426666,1.1179594583443424,2.1474997595365783,5.613381119072072,2.147499759536578,,0.0,1.242429494857788,ok
B_alpha1,0.8,0.5,1.0,0.5623413251903491,1.7782794100389228,0.6,20,200,5,1.0,predictive,P1+P2 (protect),coarse,42.169650342858226,10,3.0,True,True,1.6521489682048892e-06,2.4307633977361866e-06,62.56745861541772,9.999975692366005,0.05181808252627919,2.254118479852295,7.694087745255421,49.99987846183014,1.2513522140495132,0.4999987846183003,4.618983864471574,5.779975685465481,0.36694046178516104,1.125100630078362,2.254118479852295,5.98822794605741,2.254118479852285,,0.0,1.382732629776001,ok
B_alpha1,0.8,0.5,1.0,0.5623413251903491,1.7782794100389228,0.6,20,200,5,1.0,predictive,P1+P2 (protect),coarse,177.82794100389228,10,3.0,True,True,1.6802900840162796e-06,2.4721804135864337e-06,62.77116648319955,9.999975278195842,0.03304068370243943,2.290306940488502,7.676677097613216,49.99987639097928,1.2554264333046312,0.49999876390979214,4.6283538903360055,5.810557816616146,0.3665116107356823,1.1244845558629954,2.290306940488502,6.129242088208675,2.290306940488501,,0.0,1.3671987056732178,ok
B_alpha1,0.8,0.5,1.0,0.5623413251903491,1.7782794100389228,0.6,20,200,5,1.0,predictive,P1+P2 (protect),coarse,0.0017782794100389228,10,10.0,True,True,6.563716714429994e-08,9.691787312464431e-08,52.478651248166805,9.99999903082128,6.689829784027269,0.0753465921008087,3.234824593050641,49.99999515410632,1.0495731266857318,0.499999951541064,5.297273768625391,5.559876192246461,9.674947082652853e-06,1.0177446613867643e-05,0.0753465921008087,0.5256047562616976,0.07534659210080843,,0.0,1.3885235786437988,ok
B_alpha1,0.8,0.5,1.0,0.5623413251903491,1.7782794100389228,0.6,20,200,5,1.0,predictive,P1+P2 (protect),coarse,0.007498942093324558,10,10.0,True,True,1.726081423252803e-07,2.545821222423971e-07,53.33004308264581,9.999997454178757,4.786756822266061,0.23445643301040767,4.978789290544774,49.99998727089387,1.0666011331904968,0.49999987270893786,4.927784870526739,5.255980927022804,0.0053054849448262225,0.006393446479029033,0.23445643301040767,1.2861242332172989,0.23445643301040792,,0.0,1.3680129051208496,ok
B_alpha1,0.8,0.5,1.0,0.5623413251903491,1.7782794100389228,0.6,20,200,5,1.0,predictive,P1+P2 (protect),coarse,0.03162277660168379,10,10.0,True,True,4.1437878735382e-07,6.105608063658513e-07,55.05401911281355,9.999993894391945,2.869087966711895,0.6114243485842669,6.519493790311893,49.99996947195966,1.101081054533208,0.49999969471959727,4.636912847228799,5.105616887605265,0.10015179803683755,0.1680519247468558,0.6114243485842669,2.4268278985523204,0.6114243485842658,,0.0,1.3922839164733887,ok
B_alpha1,0.8,0.5,1.0,0.5623413251903491,1.7782794100389228,0.6,20,200,5,1.0,predictive,P1+P2 (protect),coarse,0.1333521432163324,10,10.0,True,True,8.202772846623466e-07,1.2076050414269324e-06,57.51597718062664,9.999987923949567,1.349792873620481,1.2261576348373187,7.424061567592633,49.99993961974795,1.15032093274589,0.49999939619747835,4.52530328196699,5.205551092270306,0.26795737264625535,0.6595231661770509,1.2261576348373187,3.5725471941767606,1.2261576348373207,,0.0,1.3852124214172363,ok
B_alpha1,0.8,0.5,1.0,0.5623413251903491,1.7782794100389228,0.6,20,200,5,1.0,predictive,P1+P2 (protect),coarse,0.5623413251903491,10,10.0,True,True,1.2614108622097873e-06,1.8561249448844965e-06,60.03174230902174,9.999981438750572,0.4957472437997611,1.7806781563577485,7.723593161091919,49.99990719375271,1.2006370747128599,0.49999907193752857,4.541127023803126,5.452245465758501,0.34843759524829204,1.023918906233061,1.7806781563577485,4.578523282045473,1.7806781563577516,,0.0,1.730987310409546,ok
B_alpha1,0.8,0.5,1.0,0.5623413251903491,1.7782794100389228,0.6,20,200,5,1.0,predictive,P1+P2 (protect),coarse,2.371373705661655,10,10.0,True,True,1.517071658184939e-06,2.231997726889871e-06,61.613458613525395,9.99997768002274,0.17385797479259713,2.082986612208674,7.743177732975989,49.99988840011346,1.232271922698643,0.499998884001137,4.58217318741068,5.646483363788728,0.3673581811036276,1.1203704327804849,2.082986612208674,5.357817564955211,2.082986612208674,,0.0,1.3300645351409912,ok
B_alpha1,0.8,0.5,1.0,0.5623413251903491,1.7782794100389228,0.6,20,200,5,1.0,predictive,P1+P2 (protect),coarse,10.0,10,10.0,True,True,1.6216428200018471e-06,2.3858202718415044e-06,62.334082493672184,9.999976141797296,0.07111652630457857,2.2128940723041493,7.716013259593977,49.999880708986396,1.2466846242388931,0.49999880708986477,4.607837978033858,5.744520758198842,0.36892356091976924,1.1309568957386382,2.2128940723041493,5.808070913451198,2.2128940723041484,,0.0,1.4329502582550049,ok
B_alpha1,0.8,0.5,1.0,0.5623413251903491,1.7782794100389228,0.6,20,200,5,1.0,predictive,P1+P2 (protect),coarse,42.169650342858226,10,10.0,True,True,1.6656282919368055e-06,2.450574512704411e-06,62.65766977266283,9.999975494254853,0.039302773682691465,2.2703070096755575,7.690414722386898,49.999877471274296,1.2531564664065553,0.4999987747127427,4.622247049937287,5.792398779957535,0.36764105825357885,1.1279194544897897,2.2703070096755575,6.039450592514611,2.2703070096755544,,0.0,1.3712284564971924,ok
B_alpha1,0.8,0.5,1.0,0.5623413251903491,1.7782794100389228,0.6,20,200,5,1.0,predictive,P1+P2 (protect),coarse,177.82794100389228,10,10.0,True,True,1.6834487564984188e-06,2.47682258302262e-06,62.792387437743464,9.99997523177413,0.030091804320470938,2.2941050447791493,7.67582791912625,49.999876158870755,1.255850859274641,0.4999987615887065,4.629116652331548,5.813480125513124,0.3666851261275324,1.1251529942482406,2.2941050447791493,6.141368623556498,2.2941050447791485,,0.0,1.5816981792449951,ok
B_alpha1,0.8,0.5,1.0,0.5623413251903491,1.7782794100389228,0.6,20,200,5,1.0,predictive,P1+P2 (protect),coarse,0.0017782794100389228,10,30.0,True,True,1.332300717919129e-07,1.96560716076923e-07,53.02300842113443,9.999998034392817,5.310806282755525,0.17594609772772915,4.513249585123928,49.99999017196423,1.060460376867539,0.49999990171964087,5.024005642508936,5.3277589170396675,0.0015706352901850747,0.001805737727932219,0.17594609772772915,1.034724808133562,0.1759460977277292,,0.0,1.5212798118591309,ok
B_alpha1,0.8,0.5,1.0,0.5623413251903491,1.7782794100389228,0.6,20,200,5,1.0,predictive,P1+P2 (protect),coarse,0.007498942093324558,10,30.0,True,True,3.3600258510180965e-07,4.951931694353714e-07,54.518840491810046,9.99999504806827,3.3499667047998227,0.48646434969585384,6.163573897436054,49.99997524034155,1.0903773497836162,0.4999997524034135,4.698411293373737,5.123041254262268,0.06191053348503375,0.09450658871826523,0.48646434969585384,2.104597019142173,0.48646434969585356,,0.0,1.3876762390136719,ok
B_alpha1,0.8,0.5,1.0,0.5623413251903491,1.7782794100389228,0.6,20,200,5,1.0,predictive,P1+P2 (protect),coarse,0.03162277660168379,10,30.0,True,True,7.022862759552249e-07,1.0340839718127376e-06,56.8223497888916,9.999989659160283,1.6898002125766207,1.0592479910584902,7.250962137204606,49.99994829580127,1.1364481709606735,0.49999948295801416,4.539250822083989,5.158623294289083,0.23298423477976615,0.5316496451973806,1.0592479910584902,3.269307162250682,1.0592479910584887,,0.0,1.2853384017944336,ok
B_alpha1,0.8,0.5,1.0,0.5623413251903491,1.7782794100389228,0.6,20,200,5,1.0,predictive,P1+P2 (protect),coarse,0.1333521432163324,10,30.0,True,True,1.1609449137533403e-06,1.7084060214192766e-06,59.430879549825455,9.999982915939752,0.6610593491921747,1.6593065765790105,7.6796511582890625,49.99991457969883,1.1886196216414302,0.49999914579698757,4.532786719862768,5.387759235944583,0.33727216836819224,0.9688708932254985,1.6593065765790105,4.30006426448144,1.659306576579009,,0.0,1.378126621246338,ok
B_alpha1,0.8,0.5,1.0,0.5623413251903491,1.7782794100389228,0.6,20,200,5,1.0,predictive,P1+P2 (protect),coarse,0.5623413251903491,10,30.0,True,True,1.4614937401965735e-06,2.150227991262024e-06,61.232110130822065,9.999978497720123,0.24427202617647817,2.013576829520197,7.742172646583201,49.99989248860037,1.2246448358820483,0.49999892488600617,4.571961369776915,5.599028881349515,0.36646711567997275,1.1138925431685147,2.013576829520197,5.116920906161304,2.013576829520193,,0.0,1.2665095329284668,ok
B_alpha1,0.8,0.5,1.0,0.5623413251903491,1.7782794100389228,0.6,20,200,5,1.0,predictive,P1+P2 (protect),coarse,2.371373705661655,10,30.0,True,True,1.5855546298601418e-06,2.3326678399975207e-06,62.061641453358675,9.999976673321587,0.10633717647529588,2.1646454443761756,7.729040705826942,49.99988336660806,1.2412357244578283,0.49999883366607933,4.597643014778713,5.70675875824733,0.3707022153215748,1.1359240310044647,2.1646454443761756,5.602099845932537,2.1646454443761702,,0.0,1.394843578338623,ok
B_alpha1,0.8,0.5,1.0,0.5623413251903491,1.7782794100389228,0.6,20,200,5,1.0,predictive,P1+P2 (protect),coarse,10.0,10,30.0,True,True,1.6387820667798044e-06,2.411013884514561e-06,62.449656027277406,9.99997588986114,0.05529708800549844,2.2336389897316575,7.711088032401704,49.99987944930556,1.248996131892569,0.499998794493057,4.612068881918284,5.7604561935380225,0.3696901039799273,1.1341448042996305,2.2336389897316575,5.874970663814369,2.2336389897316677,,0.0,1.456817626953125,ok
B_alpha1,0.8,0.5,1.0,0.5623413251903491,1.7782794100389228,0.6,20,200,5,1.0,predictive,P1+P2 (protect),coarse,42.169650342858226,10,30.0,True,True,1.669552713570644e-06,2.456342502535654e-06,62.68416197519319,9.999975436574967,0.03567483552513775,2.275047948216485,7.689301779683409,49.99987718287497,1.2536863189868517,0.49999877182874836,4.623211107010334,5.796056514646914,0.3678395923461553,1.1286951059927681,2.275047948216485,6.054773578305522,2.275047948216492,,0.0,1.3324034214019775,ok
B_alpha1,0.8,0.5,1.0,0.5623413251903491,1.7782794100389228,0.6,20,200,5,1.0,predictive,P1+P2 (protect),coarse,177.82794100389228,10,30.0,True,True,1.6843550702841006e-06,2.4781545599789476e-06,62.79848934839048,9.999975218454397,0.029246284903654534,2.295196430975471,7.675582065666478,49.999876092272,1.2559728994627777,0.49999876092271983,4.629336247671487,5.814320869576093,0.3667346686402269,1.1253423698983522,2.295196430975471,6.14487146857806,2.2951964309754747,,0.0,1.3136391639709473,ok
B_alpha1,0.8,0.5,1.0,0.5623413251903491,1.7782794100389228,0.6,20,200,5,1.0,predictive,P1+P2 (protect),coarse,0.0017782794100389228,10,100.0,True,True,2.9008808000878447e-07,4.275958240655166e-07,54.195796615526426,9.999995724041767,3.6797575123608026,0.4140541741138215,5.906192589483608,49.999978620208765,1.0839163957886537,0.49999978620208835,4.745583618406987,5.143815891577379,0.04122765351455215,0.05922276885505634,0.4140541741138215,1.8980447792923842,0.41405417411382134,,0.0,1.4121272563934326,ok
B_alpha1,0.8,0.5,1.0,0.5623413251903491,1.7782794100389228,0.6,20,200,5,1.0,predictive,P1+P2 (protect),coarse,0.007498942093324558,10,100.0,True,True,6.2750317142575e-07,9.240953805104006e-07,56.37718489005724,9.999990759046199,1.938858708083154,0.9484854018465926,7.112665131024054,49.99995379523097,1.12754473976003,0.49999953795230995,4.5537913252115345,5.134603454707122,0.20566971009702642,0.4421070248968551,0.9484854018465926,3.0705435683763227,0.9484854018465917,,0.0,1.272420883178711,ok
B_alpha1,0.8,0.5,1.0,0.5623413251903491,1.7782794100389228,0.6,20,200,5,1.0,predictive,P1+P2 (protect),coarse,0.03162277660168379,10,100.0,True,True,1.0883308162291391e-06,1.601651449914515e-06,59.01032882358716,9.999983983485524,0.7901685338689158,1.5707916545458556,7.639055828099704,49.99991991742743,1.180208466754347,0.4999991991742762,4.528632763605459,5.3447307304283,0.32686766996077943,0.9190382544115832,1.5707916545458556,4.122793171232455,1.5707916545458513,,0.0,1.3899848461151123,ok
B_alpha1,0.8,0.5,1.0,0.5623413251903491,1.7782794100389228,0.6,20,200,5,1.0,predictive,P1+P2 (protect),coarse,0.1333521432163324,10,100.0,True,True,1.4219421551938232e-06,2.09205950434319e-06,60.97308969160014,9.999979079404957,0.29762962831529294,1.9655990486157233,7.736792243664026,49.9998953970248,1.2194643450239755,0.49999895397024785,4.565959737165605,5.568025100288498,0.3647309060589021,1.1047006485557314,1.9655990486157233,4.969024975930017,1.9655990486157244,,0.0,1.2544419765472412,ok
B_alpha1,0.8,0.5,1.0,0.5623413251903491,1.7782794100389228,0.6,20,200,5,1.0,predictive,P1+P2 (protect),coarse,0.5623413251903491,10,100.0,True,True,1.5613177707076715e-06,2.2969783518365705e-06,61.88086700157566,9.999977030216488,0.1396254587827329,2.1325514849185114,7.727846026082267,49.9998851510824,1.2376201828182811,0.4999988515108244,4.593085899116336,5.684495810164429,0.37151865999028416,1.1379487841967115,2.1325514849185114,5.4667005798867,2.132551484918521,,0.0,1.4836289882659912,ok
B_alpha1,0.8,0.5,1.0,0.5623413251903491,1.7782794100389228,0.6,20,200,5,1.0,predictive,P1+P2 (protect),coarse,2.371373705661655,10,100.0,True,True,1.6122087234852893e-06,2.3718528904623852e-06,62.242550483721345,9.999976281471078,0.08119412041929516,2.1971447920649867,7.721684806044641,49.999881407355524,1.2448539622848944,0.4999988140735539,4.604190000465237,5.7315441651916395,0.3717265446648946,1.1403470880403292,2.1971447920649867,5.70864342031677,2.197144792064987,,0.0,1.8588223457336426,ok
B_alpha1,0.8,0.5,1.0,0.5623413251903491,1.7782794100389228,0.6,20,200,5,1.0,predictive,P1+P2 (protect),coarse,10.0,10,100.0,True,True,1.6449333481933365e-06,2.4200561212557327e-06,62.491570660662184,9.999975799438795,0.0496622570174024,2.241137409650373,7.70922453389343,49.99987899719385,1.2498344378827277,0.49999878997193975,4.613616953589387,5.766257351795614,0.3699525826970223,1.1351990089135544,2.241137409650373,5.899773497109791,2.2411374096503733,,0.0,1.2739996910095215,ok
B_alpha1,0.8,0.5,1.0,0.5623413251903491,1.7782794100389228,0.6,20,200,5,1.0,predictive,P1+P2 (protect),coarse,42.169650342858226,10,100.0,True,True,1.6709339792579832e-06,2.4583726544710746e-06,62.69351112679113,9.999975416273475,0.034399433593933534,2.276719661115076,7.6889054890175155,49.99987708136736,1.2538733050236657,0.4999987708136738,4.623551914622135,5.797348320135754,0.36790893040539274,1.1289633775219492,2.276719661115076,6.060211676352915,2.276719661115068,,0.0,1.3401939868927002,ok
B_alpha1,0.8,0.5,1.0,0.5623413251903491,1.7782794100389228,0.6,20,200,5,1.0,predictive,P1+P2 (protect),coarse,177.82794100389228,10,100.0,True,True,1.6846726830378025e-06,2.4786213446477255e-06,62.80062910805646,9.999975213786556,0.02895003788126384,2.2955790715121185,7.675495676820062,49.99987606893266,1.2560156953484438,0.4999987606893278,4.629413281332154,5.814615741607726,0.36675200541662856,1.1254084815236183,2.2955790715121185,6.146101504180991,2.2955790715121216,,0.0,1.323939323425293,ok
B_alpha1,0.8,0.5,1.0,0.5623413251903491,1.7782794100389228,0.6,20,200,5,1.0,predictive,P1+P2 (protect),coarse,0.0017782794100389228,20,3.0,True,True,1.0264105113419242e-08,1.5189220031126127e-08,52.04886296532784,9.999999848107793,9.933695537769228,0.029957657140337865,0.03634695698264068,49.99999924053899,1.0409772751181898,0.4999999924053896,6.011985931797476,6.258340733331428,0.06139423897549552,0.06463504521979048,0.029957657140337865,0.034703512799300285,0.029957657140337917,,0.0,8.19180178642273,ok
B_alpha1,0.8,0.5,1.0,0.5623413251903491,1.7782794100389228,0.6,20,200,5,1.0,predictive,P1+P2 (protect),coarse,0.007498942093324558,20,3.0,True,True,1.0577622181634348e-08,1.5652538479815947e-08,52.050870663121266,9.999999843474619,9.729762257209538,0.12353074171213425,0.1467071576037089,49.99999921737309,1.0410174295569905,0.4999999921737309,6.001162637497901,6.247314903241514,0.21408770519093331,0.2608863176720146,0.12353074171213425,0.1374637847050677,0.12353074171213436,,0.0,8.208178997039795,ok
B_alpha1,0.8,0.5,1.0,0.5623413251903491,1.7782794100389228,0.6,20,200,5,1.0,predictive,P1+P2 (protect),coarse,0.03162277660168379,20,3.0,True,True,1.1902779257148079e-08,1.7610552488511493e-08,52.05973395746691,9.99999982389447,8.989905520548108,0.478085789196961,0.5320088663604619,49.999999119472356,1.0411946974853525,0.4999999911947235,5.967565435379523,6.213397488214029,0.511070665667471,0.9460604130069397,0.478085789196961,0.46840537815313327,0.47808578919696065,,0.0,7.930562496185303,ok
B_alpha1,0.8,0.5,1.0,0.5623413251903491,1.7782794100389228,0.6,20,200,5,1.0,predictive,P1+P2 (protect),coarse,0.1333521432163324,20,3.0,True,True,1.799141905936815e-08,2.6601270600881372e-08,52.108889145653464,9.999999733987272,6.972084102369681,1.5228970780740279,1.5050190855690193,49.9999986699365,1.0421778106363226,0.4999999866993636,5.905197251884179,6.154265543344282,0.7296265790059271,2.6763444515829407,1.5228970780740279,1.1555350842503969,1.5228970780740299,,0.0,8.00829005241394,ok
B_alpha1,0.8,0.5,1.0,0.5623413251903491,1.7782794100389228,0.6,20,200,5,1.0,predictive,P1+P2 (protect),coarse,0.5623413251903491,20,3.0,True,True,4.635215547049325e-08,6.842687889446853e-08,52.46811062912491,9.99999931573123,3.89503152348866,3.234998460288799,2.8699707004913106,49.99999657865617,1.0493622843870816,0.49999996578656153,5.85476683514877,6.143771500685437,0.7963907433658792,5.103609804098737,3.234998460288799,1.9258067351312502,3.2349984602888,,0.0,8.378193616867065,ok
B_alpha1,0.8,0.5,1.0,0.5623413251903491,1.7782794100389228,0.6,20,200,5,1.0,predictive,P1+P2 (protect),coarse,2.371373705661655,20,3.0,True,True,1.0592696178749659e-07,1.5622404634236666e-07,53.510804160155466,9.99999843775956,1.8104816597704327,4.465101740150618,3.7244181623193895,49.99999218879755,1.0702162503966253,0.499999921887978,5.847011301554961,6.257566511176842,0.8163753088398175,6.623056132427656,4.465101740150618,2.528917280050921,4.465101740150568,,0.0,8.346410751342773,ok
B_alpha1,0.8,0.5,1.0,0.5623413251903491,1.7782794100389228,0.6,20,200,5,1.0,predictive,P1+P2 (protect),coarse,10.0,20,3.0,True,True,1.5296050815758516e-07,2.255277487681606e-07,54.48924498456382,9.999997744722455,1.0586444216925959,4.938804549650719,4.002553283934231,49.999988723612475,1.0897851454680687,0.49999988723612276,5.855508364439215,6.381246034729883,0.8267002025922292,7.117658092403782,4.938804549650719,2.9086482915715717,4.938804549650728,,0.0,8.297929763793945,ok
B_alpha1,0.8,0.5,1.0,0.5623413251903491,1.7782794100389228,0.6,20,200,5,1.0,predictive,P1+P2 (protect),coarse,42.169650342858226,20,3.0,True,True,1.7179688585213361e-07,2.5328368111007745e-07,54.907219386346,9.99999746716314,0.8535657290806609,5.0738182045711655,4.0726185991850326,49.99998733581598,1.0981446658690426,0.49999987335815704,5.860007401950512,6.435135870405062,0.8321200485381047,7.242253799872127,5.0738182045711655,3.052611199573637,5.0738182045712295,,0.0,7.888078212738037,ok
B_alpha1,0.8,0.5,1.0,0.5623413251903491,1.7782794100389228,0.6,20,200,5,1.0,predictive,P1+P2 (protect),coarse,177.82794100389228,20,3.0,True,True,1.7703946366670941e-07,2.610089735682356e-07,55.02493302999925,9.999997389910297,0.8029780693071977,5.107548776851129,4.089475763931377,49.999986949551236,1.1004989478400875,0.49999986949551484,5.861277424477832,6.4503296386367115,0.8340338954376723,7.272230548852391,5.107548776851129,3.091320302457919,5.1075487768511225,,0.0,8.181137800216675,ok
B_alpha1,0.8,0.5,1.0,0.5623413251903491,1.7782794100389228,0.6,20,200,5,1.0,predictive,P1+P2 (protect),coarse,0.0017782794100389228,20,10.0,True,True,1.0491611934799733e-08,1.5525434647165906e-08,52.050316523623,9.999999844745664,9.784440181588543,0.09823920905577252,0.11732076461001917,49.999999223728295,1.0410063466345354,0.4999999922372832,6.0039882111324605,6.2501898329078225,0.1777583782426109,0.20862910007604957,0.09823920905577252,0.11047582930676497,0.09823920905577267,,0.0,8.063402652740479,ok
B_alpha1,0.8,0.5,1.0,0.5623413251903491,1.7782794100389228,0.6,20,200,5,1.0,predictive,P1+P2 (protect),coarse,0.007498942093324558,20,10.0,True,True,1.1536616745147423e-08,1.7069571254152678e-08,52.057222944598784,9.99999982930428,9.177012388060405,0.38647138296271216,0.4365163996726036,49.99999914652147,1.041144476663865,0.49999999146521396,5.975329316985913,6.221181114627548,0.4599391992658482,0.7762481256820932,0.38647138296271216,0.3901218805640446,0.3864713829627128,,0.0,8.422685384750366,ok
B_alpha1,0.8,0.5,1.0,0.5623413251903491,1.7782794100389228,0.6,20,200,5,1.0,predictive,P1+P2 (protect),coarse,0.03162277660168379,20,10.0,True,True,1.6225191348264193e-08,2.3994027648745633e-08,52.093174908806226,9.999999760059737,7.4109540228857,1.2886466284860556,1.3003995885685073,49.999998800298776,1.0418635231746234,0.49999998800298684,5.916127565280187,6.163797508713322,0.7072196447559415,2.3124738131744933,1.2886466284860556,1.0252809290810212,1.2886466284860572,,0.0,8.10307788848877,ok
B_alpha1,0.8,0.5,1.0,0.5623413251903491,1.7782794100389228,0.6,20,200,5,1.0,predictive,P1+P2 (protect),coarse,0.1333521432163324,20,10.0,True,True,3.9017966184699195e-08,5.761460091509966e-08,52.36151044746401,9.999999423854009,4.381657600924766,2.957092824984858,2.6612501502363672,49.999997119269985,1.0472302692850337,0.49999997119270045,5.860056918595852,6.136828984886759,0.7906526356831306,4.732446347128358,2.957092824984858,1.8104503954828473,2.957092824984848,,0.0,8.033645153045654,ok
B_alpha1,0.8,0.5,1.0,0.5623413251903491,1.7782794100389228,0.6,20,200,5,1.0,predictive,P1+P2 (protect),coarse,0.5623413251903491,20,10.0,True,True,9.582109600020724e-08,1.413326205297864e-07,53.31656630047147,9.999998586673815,2.0390728805780385,4.3257611141613115,3.635167418586835,49.99999293336885,1.066331476716854,0.49999992933369075,5.84618950530383,6.2339758883572065,0.8141031155701527,6.464343372517299,4.3257611141613115,2.4428561897111973,4.325761114161325,,0.0,8.185717821121216,ok
B_alpha1,0.8,0.5,1.0,0.5623413251903491,1.7782794100389228,0.6,20,200,5,1.0,predictive,P1+P2 (protect),coarse,2.371373705661655,20,10.0,True,True,1.4742907846765322e-07,2.1737719293818228e-07,54.36863934692456,9.99999782622808,1.1270390649381539,4.894410043302516,3.97855306553125,49.999989131140275,1.0873730233085883,0.499999891311404,5.854245959367381,6.365749128029396,0.8253635977795564,7.074978998181441,4.894410043302516,2.8652731996207526,4.894410043302521,,0.0,8.164984941482544,ok
B_alpha1,0.8,0.5,1.0,0.5623413251903491,1.7782794100389228,0.6,20,200,5,1.0,predictive,P1+P2 (protect),coarse,10.0,20,10.0,True,True,1.7005308156623477e-07,2.5071409045340426e-07,54.868165667878266,9.99999749285909,0.8709603964021113,5.0622575512050965,4.066784559533703,49.99998746429549,1.0973635884820792,0.4999998746429545,5.859584865370812,6.430095074878595,0.8315351163670236,7.231879247282902,5.0622575512050965,3.0395866619044765,5.062257551205125,,0.0,8.08170747756958,ok
B_alpha1,0.8,0.5,1.0,0.5623413251903491,1.7782794100389228,0.6,20,200,5,1.0,predictive,P1+P2 (protect),coarse,42.169650342858226,20,10.0,True,True,1.765943554721373e-07,2.603530724389536e-07,55.014923077531215,9.999997396469267,0.8071769173198867,5.104742967897987,4.088082718312859,49.99998698234627,1.1002987480167863,0.49999986982346334,5.861169708619158,6.449037692307572,0.833861164781571,7.269753324511626,5.104742967897987,3.0880608884998675,5.104742967898008,,0.0,8.163182973861694,ok
B_alpha1,0.8,0.5,1.0,0.5623413251903491,1.7782794100389228,0.6,20,200,5,1.0,predictive,P1+P2 (protect),coarse,177.82794100389228,20,10.0,True,True,1.7822658579893109e-07,2.627582931535477e-07,55.051642759804935,9.999997372417065,0.7918639764621203,5.114980867782509,4.093157783338306,49.999986862085265,1.10103314450169,0.4999998686208532,5.861564529472372,6.453776825584535,0.8345050811903688,7.27877820815103,5.114980867782509,3.099987946559096,5.114980867782533,,0.0,7.919354438781738,ok
B_alpha1,0.8,0.5,1.0,0.5623413251903491,1.7782794100389228,0.6,20,200,5,1.0,predictive,P1+P2 (protect),coarse,0.0017782794100389228,20,30.0,True,True,1.1140376951284535e-08,1.6484110185364865e-08,52.05455934020512,9.999999835158892,9.393564496093207,0.28199166832717676,0.3244440004207245,49.99999917579445,1.0410912039655653,0.49999999175794463,5.984898593025367,6.230825281824597,0.38434495885155645,0.5769520856588047,0.28199166832717676,0.29521005049607313,0.281991668327177,,0.0,8.105170965194702,ok
B_alpha1,0.8,0.5,1.0,0.5623413251903491,1.7782794100389228,0.6,20,200,5,1.0,predictive,P1+P2 (protect),coarse,0.007498942093324558,20,30.0,True,True,1.438232243420255e-08,2.1272972594389567e-08,52.078042620164716,9.999999787270276,7.972399650139452,0.9939411679932719,1.0336593945969996,49.99999893635144,1.0415608745603888,0.4999999893635138,5.931979612635647,6.178517873211181,0.665770075021118,1.8381352184051367,0.9939411679932719,0.8451735381213875,0.9939411679932721,,0.0,7.994464159011841,ok
B_alpha1,0.8,0.5,1.0,0.5623413251903491,1.7782794100389228,0.6,20,200,5,1.0,predictive,P1+P2 (protect),coarse,0.03162277660168379,20,30.0,True,True,3.0426949475151885e-08,4.4946925779892415e-08,52.24671191121101,9.999999550530744,5.125187297129399,2.5375521934535334,2.337260958886324,49.99999775265369,1.0449342851908043,0.4999999775265372,5.870049456688035,6.133815933058981,0.7798378643783523,4.156303039075376,2.5375521934535334,1.6344910529360928,2.5375521934535237,,0.0,8.081255197525024,ok
B_alpha1,0.8,0.5,1.0,0.5623413251903491,1.7782794100389228,0.6,20,200,5,1.0,predictive,P1+P2 (protect),coarse,0.1333521432163324,20,30.0,True,True,8.084328321231156e-08,1.1926127896285936e-07,53.04047529389156,9.999998807387202,2.444337082805019,4.082221753715089,3.47344235609269,49.99999403693586,1.0608096323913487,0.49999994036936013,5.846046400399057,6.201542332950091,0.8103475015462646,6.176751023796698,4.082221753715089,2.3089014884653483,4.082221753715106,,0.0,8.187847137451172,ok
B_alpha1,0.8,0.5,1.0,0.5623413251903491,1.7782794100389228,0.6,20,200,5,1.0,predictive,P1+P2 (protect),coarse,0.5623413251903491,20,30.0,True,True,1.3787425811747975e-07,2.032982673614231e-07,54.16334019998283,9.999997967017375,1.2556715057421104,4.81173889927819,3.9325916279623248,49.99998983508638,1.083267024225971,0.4999998983508688,5.852181250627157,6.3394749685979015,0.8231972457380026,6.993246720096948,4.81173889927819,2.7895182074339258,4.811738899278178,,0.0,7.997415542602539,ok
B_alpha1,0.8,0.5,1.0,0.5623413251903491,1.7782794100389228,0.6,20,200,5,1.0,predictive,P1+P2 (protect),coarse,2.371373705661655,20,30.0,True,True,1.667845425359499e-07,2.458977485329861e-07,54.79512428298685,9.999997541022502,0.9043718593862886,5.040107250816128,4.055523348775082,49.99998770511247,1.0959027551397593,0.4999998770511251,5.858794038650721,6.4206685287537235,0.8304960244727551,7.2118536680588194,5.040107250816128,3.0149866891179653,5.040107250816124,,0.0,8.144043207168579,ok
B_alpha1,0.8,0.5,1.0,0.5623413251903491,1.7782794100389228,0.6,20,200,5,1.0,predictive,P1+P2 (protect),coarse,10.0,20,30.0,True,True,1.757395153783694e-07,2.590934020761919e-07,54.99570639352036,9.99999740906598,0.8152899233516463,5.099324705601169,4.085387961981205,49.99998704533001,1.099914412850972,0.49999987045329897,5.860962751901606,6.446557403999271,0.8335351691175161,7.264961294811982,5.099324705601169,3.081786734762317,5.099324705601186,,0.0,8.306206226348877,ok
B_alpha1,0.8,0.5,1.0,0.5623413251903491,1.7782794100389228,0.6,20,200,5,1.0,predictive,P1+P2 (protect),coarse,42.169650342858226,20,30.0,True,True,1.7801896619779613e-07,2.6245234862259904e-07,55.04697010283569,9.999997375476545,0.7937989603670975,5.113686376707947,4.092517287448411,49.99998687738253,1.1009396910009221,0.49999986877382724,5.861514337017618,6.453173782993652,0.8344215399535142,7.277639227497868,5.113686376707947,3.0984747110947684,5.113686376707949,,0.0,8.191784143447876,ok
B_alpha1,0.8,0.5,1.0,0.5623413251903491,1.7782794100389228,0.6,20,200,5,1.0,predictive,P1+P2 (protect),coarse,177.82794100389228,20,30.0,True,True,1.7856893492483e-07,2.6326277308721177e-07,55.05934879705629,9.999997367372282,0.7886814140637297,5.117110483874958,4.09421073468903,49.999986836861275,1.1011872658427406,0.4999998683686141,5.861647272747746,6.454771333611648,0.8346439167209385,7.280650649857863,5.117110483874958,3.1024806644764715,5.11711048387492,,0.0,7.868026256561279,ok
B_alpha1,0.8,0.5,1.0,0.5623413251903491,1.7782794100389228,0.6,20,200,5,1.0,predictive,P1+P2 (protect),coarse,0.0017782794100389228,20,100.0,True,True,1.3464842928100352e-08,1.9917990240833728e-08,52.070997485489286,9.99999980082013,8.306023146187705,0.8219054036107619,0.8720716493814038,49.99999900410052,1.0414199704527778,0.4999999900410065,5.942559068264119,6.188699689285506,0.6304115741105609,1.5507870581736742,0.8219054036107619,0.7296584754010623,0.8219054036107621,,0.0,8.540969371795654,ok
B_alpha1,0.8,0.5,1.0,0.5623413251903491,1.7782794100389228,0.6,20,200,5,1.0,predictive,P1+P2 (protect),coarse,0.007498942093324558,20,100.0,True,True,2.5851737727261305e-08,3.8198985067108656e-08,52.19129115768637,9.999999618010149,5.647681910928101,2.2463460383511693,2.1059724327105807,49.9999980900507,1.043825863026817,0.49999998090050746,5.878430306801176,6.1360575882397335,0.7700337135931329,3.745007415198792,2.2463460383511693,1.5073296537382685,2.246346038351167,,0.0,8.281428337097168,ok
B_alpha1,0.8,0.5,1.0,0.5623413251903491,1.7782794100389228,0.6,20,200,5,1.0,predictive,P1+P2 (protect),coarse,0.03162277660168379,20,100.0,True,True,7.064626121300457e-08,1.0423402410932424e-07,52.861194450083914,9.99999895765976,2.7795300186332725,3.88348429335483,3.3369867303521388,49.9999947882989,1.0572239992003878,0.49999994788298796,5.846940650559907,6.181525977672262,0.8073208948281845,5.934094794158243,3.88348429335483,2.2106041161773677,3.8834842933548406,,0.0,8.132246017456055,ok
B_alpha1,0.8,0.5,1.0,0.5623413251903491,1.7782794100389228,0.6,20,200,5,1.0,predictive,P1+P2 (protect),coarse,0.1333521432163324,20,100.0,True,True,1.3020292644301969e-07,1.919946755789581e-07,54.00164098106905,9.999998080053244,1.3697904083861563,4.739226547694789,3.8909849638658116,49.99999040026623,1.0800330269819716,0.4999999040026622,5.8506619541877205,6.318908140229621,0.8215388162836357,6.919258446013604,4.739226547694789,2.728030551125247,4.739226547694785,,0.0,7.9956347942352295,ok
B_alpha1,0.8,0.5,1.0,0.5623413251903491,1.7782794100389228,0.6,20,200,5,1.0,predictive,P1+P2 (protect),coarse,0.5623413251903491,20,100.0,True,True,1.639008190407756e-07,2.4164847889596925e-07,54.73087785540254,9.999997583515198,0.9347632738273788,5.020023264499227,4.045215878158197,49.99998791757618,1.0946178216207796,0.4999998791757599,5.8580988158526335,6.412379364647878,0.8296330453475691,7.193524105291275,5.020023264499227,2.9930926600885357,5.020023264499207,,0.0,8.029873847961426,ok
B_alpha1,0.8,0.5,1.0,0.5623413251903491,1.7782794100389228,0.6,20,200,5,1.0,predictive,P1+P2 (protect),coarse,2.371373705661655,20,100.0,True,True,1.7496214187805305e-07,2.5794788698192174e-07,54.97824020509837,9.99999742052112,0.8227242993482955,5.09436328542958,4.082914994701004,49.999987102605715,1.099565087732457,0.49999987102605603,5.8607744674647275,6.444302991497997,0.8332450075427766,7.260563668015954,5.09436328542958,3.0760648967523587,5.094363285429595,,0.0,7.991196632385254,ok
B_alpha1,0.8,0.5,1.0,0.5623413251903491,1.7782794100389228,0.6,20,200,5,1.0,predictive,P1+P2 (protect),coarse,10.0,20,100.0,True,True,1.7782871263199144e-07,2.621719945247888e-07,55.04268876286197,9.99999737828003,0.7955753562589475,5.112498183988759,4.091929081472264,49.99998689140016,1.1008540638703475,0.4999998689140015,5.861468334969563,6.452621236798602,0.8343454151435103,7.276593232921535,5.112498183988759,3.0970870484023814,5.112498183988751,,0.0,8.14411211013794,ok
B_alpha1,0.8,0.5,1.0,0.5623413251903491,1.7782794100389228,0.6,20,200,5,1.0,predictive,P1+P2 (protect),coarse,42.169650342858226,20,100.0,True,True,1.785234765848971e-07,2.6319578641178966e-07,55.058325478302194,9.99999736804209,0.7891034282987882,5.116828056472375,4.094071147186747,49.9999868402107,1.101166799388505,0.4999998684021045,5.861636287292015,6.454639269656868,0.8346254032763266,7.28040242427654,5.116828056472375,3.1021498515951786,5.116828056472364,,0.0,8.033498287200928,ok
B_alpha1,0.8,0.5,1.0,0.5623413251903491,1.7782794100389228,0.6,20,200,5,1.0,predictive,P1+P2 (protect),coarse,177.82794100389228,20,100.0,True,True,1.7868909344434312e-07,2.634398367814638e-07,55.06205382375795,9.999997365601596,0.7875667678193963,5.117856498888057,4.094579367690951,49.99998682800807,1.1012413665860068,0.4999998682800798,5.861676307989661,6.455120427895354,0.8346929693229823,7.281306182334927,5.117856498888057,3.1033548265956865,5.11785649888803,,0.0,8.170902013778687,ok
B_alpha1,0.8,0.5,1.0,0.5623413251903491,1.7782794100389228,0.6,20,200,5,1.0,base,Base,fine,0.03651741272548377,0,1.0,False,False,1.427540340970485e-07,2.1060402122938102e-07,53.100508901635735,9.999997893959772,5.189043469559025,0.18949044202836274,4.62146819445284,49.999989469798926,1.062010401696376,0.4999998946979886,5.0016297627757,5.3117828335019714,0.0,0.0,,,,,1.784868740525484e-36,0.5843079090118408,ok
B_alpha1,0.8,0.5,1.0,0.5623413251903491,1.7782794100389228,0.6,20,200,5,1.0,base,Base,fine,0.042169650342858224,0,1.0,False,False,1.5737125337278527e-07,2.3214236707993336e-07,53.2149051409302,9.999997678576323,4.996607785504666,0.21070520321513428,4.792689332703877,49.99998839288169,1.0642983498873413,0.4999998839288161,4.966194826612378,5.285512959182605,0.0,0.0,,,,,9.937716272740321e-36,0.41019344329833984,ok
B_alpha1,0.8,0.5,1.0,0.5623413251903491,1.7782794100389228,0.6,20,200,5,1.0,base,Base,fine,0.04869675251658631,0,1.0,False,False,1.7352007233305966e-07,2.559346283958726e-07,53.339768280255356,9.999997440653667,4.803283568593027,0.23390431120675917,4.962814679546547,49.99998720326859,1.0667956386350523,0.49999987203268337,4.9313055143362465,5.260695215470891,0.0,0.0,,,,,5.264969616861346e-35,0.41298985481262207,ok
B_alpha1,0.8,0.5,1.0,0.5623413251903491,1.7782794100389228,0.6,20,200,5,1.0,base,Base,fine,0.05623413251903491,0,1.0,False,False,1.9134102852206112e-07,2.8218725021303645e-07,53.47570794427315,9.999997178127424,4.609388666216879,0.2592049730877763,5.1314091825679204,49.999985890637475,1.069514460688808,0.4999998589063712,4.897077595248424,5.237495303233364,0.0,0.0,,,,,2.6524053297644096e-34,0.4064817428588867,ok
B_alpha1,0.8,0.5,1.0,0.5623413251903491,1.7782794100389228,0.6,20,200,5,1.0,base,Base,fine,0.06493816315762113,0,1.0,False,False,2.109815058087094e-07,3.1111667899247805e-07,53.62330526203983,9.999996888833154,4.415261222953217,0.28671895367965267,5.298022934533976,49.99998444416611,1.072466438902992,0.4999998444416577,4.863629371231535,5.216079271908683,0.0,0.0,,,,,1.2698438024806097e-33,0.44536328315734863,ok
B_alpha1,0.8,0.5,1.0,0.5623413251903491,1.7782794100389228,0.6,20,200,5,1.0,base,Base,fine,0.07498942093324558,0,1.0,False,False,2.3259431854153684e-07,3.4294727320919034e-07,53.783098696283716,9.999996570527287,4.221260134184139,0.3165498530710604,5.462193442217513,49.9999828526363,1.0756623428211425,0.4999998285263644,4.831080755494838,5.196611643813712,0.0,0.0,,,,,5.77412930150006e-33,0.4256765842437744,ok
B_alpha1,0.8,0.5,1.0,0.5623413251903491,1.7782794100389228,0.6,20,200,5,1.0,base,Base,fine,0.08659643233600653,0,1.0,False,False,2.56335728522264e-07,3.7790838089552095e-07,53.955568282793955,9.999996220916184,4.027765030167557,0.3487900819002382,5.623448667016021,49.999981104580996,1.0791117734612614,0.4999998110458092,4.799552131758357,5.179253212721539,0.0,0.0,,,,,2.4925122643463694e-32,0.447115421295166,ok
B_alpha1,0.8,0.5,1.0,0.5623413251903491,1.7782794100389228,0.6,20,200,5,1.0,base,Base,fine,0.1,0,1.0,False,False,2.8236279811636336e-07,4.1623044268514735e-07,54.1411184707316,9.999995837695524,3.8351757243642677,0.3835175724364263,5.781310865503782,49.999979188477845,1.0828228201184542,0.49999979188477617,4.769162993249297,5.164158521954771,0.0,0.0,,,,,1.0209918109540395e-31,0.41390538215637207,ok
B_alpha1,0.8,0.5,1.0,0.5623413251903491,1.7782794100389228,0.6,20,200,5,1.0,base,Base,fine,0.11547819846894582,0,1.0,False,False,3.108299884478798e-07,4.581399873285261e-07,54.34005986541029,9.999995418600072,3.6439110625025126,0.42079228487885084,5.9353012340185645,49.99997709300063,1.0868016952155208,0.4999997709300036,4.740030369521822,5.151473040969368,0.0,0.0,,,,,3.967278228478042e-31,0.42305803298950195,ok
B_alpha1,0.8,0.5,1.0,0.5623413251903491,1.7782794100389228,0.6,20,200,5,1.0,base,Base,fine,0.1539926526059492,0,1.0,False,False,3.756633077440913e-07,5.535694759096098e-07,54.77877579793966,9.999994464305166,3.267114661302432,0.503111653061745,6.229779221330657,49.999972321526194,1.0955761224362934,0.4999997232152583,4.685979700221504,5.133847469783859,0.0,0.0,,,,,5.10806960731685e-30,0.4247927665710449,ok
B_alpha1,0.8,0.5,1.0,0.5623413251903491,1.7782794100389228,0.6,20,200,5,1.0,base,Base,fine,0.1778279410038923,0,1.0,False,False,4.122829073199536e-07,6.074605389938004e-07,55.01853212307929,9.999993925394612,3.0824959411244275,0.548153906363009,6.369356227117951,49.999969626973076,1.1003713108937347,0.4999996962697306,4.661266716150608,5.129124166875978,0.0,0.0,,,,,1.6920582823226207e-29,0.486919641494751,ok
B_alpha1,0.8,0.5,1.0,0.5623413251903491,1.7782794100389228,0.6,20,200,5,1.0,base,Base,fine,0.2053525026457146,0,1.0,False,False,4.518368261635601e-07,6.656626151188083e-07,55.271607749307066,9.999993343373774,2.901020642188672,0.5957318491003214,6.503254165337233,49.99996671686926,1.1054328908314899,0.4999996671686887,4.638216202496468,5.127236745027126,0.0,0.0,,,,,5.313594310134439e-29,0.4910144805908203,ok
B_alpha1,0.8,0.5,1.0,0.5623413251903491,1.7782794100389228,0.6,20,200,5,1.0,base,Base,fine,0.23713737056616552,0,1.0,False,False,4.943860830866706e-07,7.282645209474269e-07,55.537569187156365,9.999992717354784,2.7231611502463475,0.6457632747973481,6.63108285760152,49.99996358677397,1.1107521926645403,0.4999996358677392,4.616903815491132,5.128236036378057,0.0,0.0,,,,,1.5819348426907621e-28,0.44913554191589355,ok
B_alpha1,0.8,0.5,1.0,0.5623413251903491,1.7782794100389228,0.6,20,200,5,1.0,base,Base,fine,0.27384196342643613,0,1.0,False,False,5.39951856895659e-07,7.952964973055961e-07,55.81578968702142,9.99999204703499,2.5493870936283627,0.6981291672532026,6.752491692083444,49.99996023517511,1.1163166815431758,0.4999996023517495,4.59739074982551,5.1321439856025055,0.0,0.0,,,,,4.465398724020674e-28,0.4233858585357666,ok
B_alpha1,0.8,0.5,1.0,0.5623413251903491,1.7782794100389228,0.6,20,200,5,1.0,base,Base,fine,0.31622776601683794,0,1.0,False,False,5.885077611167598e-07,8.667188884399102e-07,56.10544236577396,9.999991332811046,2.3801592635569455,0.7526724466788943,6.867176956953114,49.99995666405556,1.1221098198692554,0.4999995666405523,4.579721895759912,5.138950911502439,0.0,0.0,,,,,1.1953084956777304e-27,0.4571371078491211,ok
B_alpha1,0.8,0.5,1.0,0.5623413251903491,1.7782794100389228,0.6,20,200,5,1.0,base,Base,fine,0.3651741272548377,0,1.0,False,False,6.399726668509001e-07,9.424116323595342e-07,56.40549877033275,9.999990575883643,2.2159230282910474,0.8091977579200801,6.974888637905229,49.99995287941836,1.1281110385516209,0.4999995287941822,4.563924273849644,5.1486133524434745,0.0,0.0,,,,,3.034997946663941e-27,0.41106247901916504,ok
B_alpha1,0.8,0.5,1.0,0.5623413251903491,1.7782794100389228,0.6,20,200,5,1.0,base,Base,fine,0.4216965034285822,0,1.0,False,False,6.942046920430976e-07,1.0221654689308109e-06,56.71473378159453,9.999989778345293,2.0571014010877318,0.8674724680367301,7.075436352530245,49.99994889172657,1.1342958350699244,0.49999948891726465,4.550005846263293,5.1610526809602595,0.0,0.0,,,,,7.312109955929679e-27,0.42437195777893066,ok
B_alpha1,0.8,0.5,1.0,0.5623413251903491,1.7782794100389228,0.6,20,200,5,1.0,base,Base,fine,0.4869675251658631,0,1.0,False,False,7.509970419939455e-07,1.1056758692853678e-06,57.031737565853476,9.999988943241275,1.904087960877105,0.9272290020064369,7.1686940938751835,49.999944716206535,1.1406360124907842,0.4999994471620638,4.537954797972579,5.176154665622864,0.0,0.0,,,,,1.6723281681625513e-26,0.4330432415008545,ok
B_alpha1,0.8,0.5,1.0,0.5623413251903491,1.7782794100389228,0.6,20,200,5,1.0,predictive,P2 only,fine,0.012115276586285882,0,10.0,False,False,2.446700853802623e-07,3.607031092817866e-07,53.85460340056268,9.999996392968889,4.118705003249343,0.33025126166854785,5.551047342113219,49.99998196484465,1.0770924565218492,0.4999998196484444,4.8130969374635955,5.184150403850453,0.0,0.0,0.33025126166854785,1.6568996519886567,0.330251261668548,,0.0,1.0618996620178223,ok
B_alpha1,0.8,0.5,1.0,0.5623413251903491,1.7782794100389228,0.6,20,200,5,1.0,predictive,P2 only,fine,0.019573417814876606,0,10.0,False,False,3.412693065998787e-07,5.028997630747771e-07,54.51543168687961,9.999994971002385,3.4601756526210425,0.4541276780066797,6.085701698369892,49.99997485501181,1.0903091820538224,0.49999974855011925,4.711115138697904,5.136572093435092,0.0,0.0,0.4541276780066797,2.0707500921359236,0.4541276780066804,,0.0,1.266822338104248,ok
B_alpha1,0.8,0.5,1.0,0.5623413251903491,1.7782794100389228,0.6,20,200,5,1.0,predictive,P2 only,fine,0.051089697745069294,0,10.0,False,False,6.335142424464331e-07,9.327976165596548e-07,56.28218185036742,9.999990672023845,2.2403959465807493,0.7866419760424546,6.972971405352951,49.99995336011919,1.125644687006029,0.49999953360119226,4.560964583817225,5.134025551396523,0.0,0.0,0.7866419760424546,2.976783645581077,0.786641976042454,,0.0,1.3823604583740234,ok
B_alpha1,0.8,0.5,1.0,0.5623413251903491,1.7782794100389228,0.6,20,200,5,1.0,predictive,P2 only,fine,0.08254041852680186,0,10.0,False,False,8.260971706100218e-07,1.2159382612696587e-06,57.32806320452872,9.999987840617415,1.7186377921150169,0.983904773216509,7.29746959405106,49.9999392030869,1.1465626582399802,0.49999939203087074,4.517428007196921,5.179514264339438,0.0,0.0,0.983904773216509,3.4332000903073117,0.9839047732165076,,0.0,1.0070383548736572,ok
B_alpha1,0.8,0.5,1.0,0.5623413251903491,1.7782794100389228,0.6,20,200,5,1.0,predictive,P1 only (protect),fine,0.2154434690031884,10,1.0,True,True,4.096695521772241e-07,6.03693044867021e-07,55.06747928803613,9.999993963069544,2.8949888877236702,0.5940159613049226,6.511001187901863,49.99996981534769,1.1013502506382105,0.4999996981534772,4.6362106045701195,5.10609171135483,0.07364833329524892,0.11050874532596884,0.5940159613049226,2.5000396055503393,0.5940159613049215,,0.0,1.3564550876617432,ok
B_alpha1,0.8,0.5,1.0,0.5623413251903491,1.7782794100389228,0.6,20,200,5,1.0,predictive,P1 only (protect),fine,0.3480700588428411,10,1.0,True,True,5.141355910862385e-07,7.574431768637576e-07,55.76567193612185,9.999992425568257,2.357874179942552,0.761045917675166,6.8810874768140255,49.99996212784109,1.1153142835096326,0.49999962127841285,4.5778433167975425,5.105734038893411,0.12765982908893816,0.21879749027168072,0.761045917675166,2.8977382139787227,0.7610459176751648,,0.0,1.383971929550171,ok
B_alpha1,0.8,0.5,1.0,0.5623413251903491,1.7782794100389228,0.6,20,200,5,1.0,predictive,P1 only (protect),fine,0.9085175756516869,10,1.0,True,True,7.711511975446128e-07,1.1355246182200116e-06,57.34352551537273,9.99998864475381,1.4415577837702258,1.1569518497630826,7.401501721712882,49.999943223769115,1.1468718126086312,0.4999994322376905,4.519984624453619,5.183842959210265,0.23896010190018996,0.5348275331152611,1.1569518497630826,3.6514078230239,1.1569518497630813,,0.0,1.3638792037963867,ok
B_alpha1,0.8,0.5,1.0,0.5623413251903491,1.7782794100389228,0.6,20,200,5,1.0,predictive,P1 only (protect),fine,1.4677992676220697,10,1.0,True,True,9.21085122442245e-07,1.3559963812377553e-06,58.207585528568586,9.999986440036178,1.0729540950501684,1.3662468985429277,7.560812566370727,49.99993220018089,1.16415328915902,0.4999993220018089,4.515521979033149,5.256759764161289,0.2815069497600075,0.7012480220193987,1.3662468985429277,4.007965632321295,1.366246898542926,,0.0,1.2793703079223633,ok
B_alpha1,0.8,0.5,1.0,0.5623413251903491,1.7782794100389228,0.6,20,200,5,1.0,predictive,P1+P2 (protect),fine,0.05108969774506927,10,3.0,True,True,2.9442136167232443e-07,4.3399457618145353e-07,54.23838470588612,9.999995660054225,3.6444706491720362,0.4183323135125293,5.93720137726121,49.99997830027115,1.0847681649012233,0.49999978300271125,4.73923179630705,5.140967778721526,0.03545505239840673,0.04904777339626884,0.4183323135125293,1.9465097087067857,0.4183323135125295,,0.0,1.2750611305236816,ok
B_alpha1,0.8,0.5,1.0,0.5623413251903491,1.7782794100389228,0.6,20,200,5,1.0,predictive,P1+P2 (protect),fine,0.08254041852680186,10,3.0,True,True,3.8572298821155e-07,5.684067315606284e-07,54.876897322512,9.999994315932685,3.0287161642274416,0.562291389251231,6.4089981305886425,49.9999715796634,1.097538570298552,0.49999971579663427,4.654450201490789,5.108438619670008,0.07754760308325695,0.1212355902222907,0.562291389251231,2.3474225706714953,0.5622913892512292,,0.0,1.5609419345855713,ok
B_alpha1,0.8,0.5,1.0,0.5623413251903491,1.7782794100389228,0.6,20,200,5,1.0,predictive,P1+P2 (protect),fine,0.2154434690031884,10,3.0,True,True,6.208805410913662e-07,9.144196329175598e-07,56.38371747439324,9.999990855803683,1.9345990255115368,0.9356982788104632,7.129711839874318,49.999954279018496,1.127675380656369,0.4999995427901841,4.548022725799322,5.128693258549569,0.19386375364882824,0.39874780685046757,0.9356982788104632,3.138320091102345,0.9356982788104646,,0.0,1.3633756637573242,ok
B_alpha1,0.8,0.5,1.0,0.5623413251903491,1.7782794100389228,0.6,20,200,5,1.0,predictive,P1+P2 (protect),fine,0.34807005884284115,10,3.0,True,True,7.65879462776505e-07,1.1276732680328871e-06,57.2424010089159,9.999988723267302,1.4752600097971413,1.1504696989139431,7.374281568021614,49.99994361633656,1.144849311194283,0.4999994361633651,4.525150312661823,5.180615218501482,0.24725791093172836,0.5752323645305705,1.1504696989139431,3.515383832566782,1.1504696989139496,,0.0,1.2925386428833008,ok
B_alpha1,0.8,0.5,1.0,3.1622776601683795,0.31622776601683794,0.6,20,200,5,1.0,base,Base,coarse,0.00031622776601683794,0,1.0,False,False,1.3134436070078593e-06,2.0684043012411602e-06,52.37387760054677,9.999979315956955,9.870293392400187,0.003121260829409461,0.12660603081344876,49.99989657978497,1.04747971862249,0.49999896579784775,5.987585500664911,6.271874375464582,0.0,0.0,,,,,8.112560554418043e-67,0.3995211124420166,ok
B_alpha1,0.8,0.5,1.0,3.1622776601683795,0.31622776601683794,0.6,20,200,5,1.0,base,Base,coarse,0.001333521432163324,0,1.0,False,False,1.5388046362268554e-06,2.42322684211828e-06,52.44714242036407,9.999975767731538,9.52300315403297,0.012699128804461828,0.4643219494310297,49.999878838657885,1.048945390239907,0.4999987883865769,5.912840743111595,6.202247040709613,0.0,0.0,,,,,8.164504395556065e-55,0.476487398147583,ok
B_alpha1,0.8,0.5,1.0,3.1622776601683795,0.31622776601683794,0.6,20,200,5,1.0,base,Base,coarse,0.005623413251903491,0,1.0,False,False,2.316913024648418e-06,3.648248533343136e-06,52.705444929804536,9.999963517514615,8.601000396193037,0.04836697960757904,1.3506691066847691,49.99981758757335,1.0541127442613636,0.49999817587573075,5.718253777684398,6.0276841819778095,0.0,0.0,,,,,6.882836575429003e-44,0.5087118148803711,ok
B_alpha1,0.8,0.5,1.0,3.1622776601683795,0.31622776601683794,0.6,20,200,5,1.0,base,Base,coarse,0.023713737056616554,0,1.0,False,False,4.71862193054274e-06,7.4288259497563055e-06,53.48314424559634,9.999925711740499,6.914950946048258,0.16397932849398947,2.921144013717254,49.99962855870253,1.0696708313103558,0.4999962855870249,5.381354971044497,5.756278445453283,0.0,0.0,,,,,4.395379773970444e-35,0.4348142147064209,ok
B_alpha1,0.8,0.5,1.0,3.1622776601683795,0.31622776601683794,0.6,20,200,5,1.0,base,Base,coarse,0.1,0,1.0,False,False,1.174898137547894e-05,1.8492521400884357e-05,55.370301560746775,9.999815074785948,4.59223990626611,0.459223990626611,4.948721028321331,49.99907537392995,1.1074265103233778,0.4999907537392974,4.968343723788573,5.5020755521222355,0.0,0.0,,,,,5.63751148581996e-29,0.41394948959350586,ok
B_alpha1,0.8,0.5,1.0,3.1622776601683795,0.31622776601683794,0.6,20,200,5,1.0,base,Base,coarse,0.4216965034285822,0,1.0,False,False,2.6128731553359243e-05,4.1116069629320346e-05,58.44306084370184,9.999588839303668,2.258189147912328,0.9522704677549976,6.789951545029007,49.99794419651855,1.168909277829294,0.4999794419651834,4.627100435767163,5.4086606288162065,0.0,0.0,,,,,2.962393810882343e-25,0.41164731979370117,ok
B_alpha1,0.8,0.5,1.0,3.1622776601683795,0.31622776601683794,0.6,20,200,5,1.0,base,Base,coarse,1.7782794100389228,0,1.0,False,False,4.026320413253816e-05,6.335093398191252e-05,61.435122812724615,9.999366490660142,0.8124677183299598,1.4447946148274693,7.743371176182428,49.99683245330096,1.2287803006341946,0.4999683245330071,4.486058660083851,5.512380509000466,0.0,0.0,,,,,2.4775051542193832e-23,0.4617466926574707,ok
B_alpha1,0.8,0.5,1.0,3.1622776601683795,0.31622776601683794,0.6,20,200,5,1.0,base,Base,coarse,7.498942093324558,0,1.0,False,False,4.8066287839715615e-05,7.562634974186893e-05,63.4693847246429,9.999243736502526,0.2383759755710273,1.7875676372468785,7.974812650679567,49.99621868251291,1.2694837009112145,0.49996218682512633,4.485380099879418,5.694116929188437,0.0,0.0,,,,,4.2857273921900076e-27,0.4506499767303467,ok
B_alpha1,0.8,0.5,1.0,3.1622776601683795,0.31622776601683794,0.6,20,200,5,1.0,base,Base,coarse,31.622776601683793,0,1.0,False,False,5.1547704417806325e-05,8.110382236702372e-05,64.58008275175673,9.999188961776301,0.06248181040955053,1.9758483322499785,7.962480895564169,49.99594480888164,1.291706417362959,0.4999594480888151,4.51646966845467,5.833952854568054,0.0,0.0,,,,,8.296484318727504e-37,0.4781510829925537,ok
B_alpha1,0.8,0.5,1.0,3.1622776601683795,0.31622776601683794,0.6,20,200,5,1.0,predictive,Check,check,0.1,0,1.0,False,False,1.174898137547894e-05,1.8492521400884357e-05,55.37030156074671,9.999815074785989,4.592239906266114,0.45922399062661123,4.948721028321286,49.99907537393002,1.107426510323375,0.49999075373929946,4.968343723788589,5.502075552122239,0.0,0.0,0.45922399062661123,1.8293541261098556,0.4592239906266119,9.153294183582569e-15,0.0,1.082665205001831,ok
B_alpha1,0.8,0.5,1.0,3.1622776601683795,0.31622776601683794,0.6,20,200,5,1.0,predictive,P2 only,coarse,0.00031622776601683794,0,3.0,False,False,1.4125991913978685e-06,2.224522330582008e-06,52.40598518257668,9.9999777547767,9.705115089323376,0.007285416600150429,0.2876217392997731,49.99988877388346,1.0481220352224063,0.49999888773883494,5.951888309944549,6.238305288835529,0.0,0.0,0.007285416600150429,0.057332473231350524,0.007285416600150423,,0.0,1.1003570556640625,ok
B_alpha1,0.8,0.5,1.0,3.1622776601683795,0.31622776601683794,0.6,20,200,5,1.0,predictive,P2 only,coarse,0.001333521432163324,0,3.0,False,False,1.8975746013529285e-06,2.9880706509032953e-06,52.56581475492891,9.999970119293494,9.038112953172073,0.028853320368109992,0.9330636071663232,49.99985059646751,1.05131943651533,0.49999850596467466,5.809526861724151,6.1076685066885075,0.0,0.0,0.028853320368109992,0.21121433057678632,0.028853320368109982,,0.0,1.1782705783843994,ok
B_alpha1,0.8,0.5,1.0,3.1622776601683795,0.31622776601683794,0.6,20,200,5,1.0,predictive,P2 only,coarse,0.005623413251903491,0,3.0,False,False,3.4757872194280017e-06,5.472513821076581e-06,53.08635602204654,9.999945274861792,7.623474911971236,0.10444106531405206,2.272138747852919,49.99972637430891,1.0617329307890695,0.4999972637430896,5.518811634621081,5.859504051299056,0.0,0.0,0.10444106531405206,0.6375198526624462,0.10444106531405196,,0.0,1.0340101718902588,ok
B_alpha1,0.8,0.5,1.0,3.1622776601683795,0.31622776601683794,0.6,20,200,5,1.0,predictive,P2 only,coarse,0.023713737056616554,0,3.0,False,False,8.387153932534084e-06,1.3202141774395392e-05,54.49259876957306,9.999867978582238,5.4599959465032555,0.32207257502345454,4.218063499891052,49.9993398929112,1.089866363961715,0.4999933989291119,5.112552774924444,5.57199930336928,0.0,0.0,0.32207257502345454,1.416338982578075,0.3220725750234551,,0.0,1.1376590728759766,ok
B_alpha1,0.8,0.5,1.0,3.1622776601683795,0.31622776601683794,0.6,20,200,5,1.0,predictive,P2 only,coarse,0.1,0,3.0,False,False,2.043356357164368e-05,3.215556984812916e-05,57.164598362158614,9.99967844430153,3.0038117191865563,0.7489727953711616,6.2475370411407525,49.9983922215076,1.1433287316300613,0.4999839222150765,4.718901771199995,5.39525597675294,0.0,0.0,0.7489727953711616,2.283460191720353,0.7489727953711616,,0.0,1.0573790073394775,ok
B_alpha1,0.8,0.5,1.0,3.1622776601683795,0.31622776601683794,0.6,20,200,5,1.0,predictive,P2 only,coarse,0.4216965034285822,0,3.0,False,False,3.50270941807425e-05,5.5112688178982065e-05,60.16802615309709,9.9994488731182,1.2279990802271905,1.241421642025615,7.531130404628994,49.99724436559112,1.2034268471505132,0.49997244365591,4.503364352794063,5.41946956465297,0.0,0.0,1.241421642025615,3.1106157370730925,1.2414216420256157,,0.0,1.133533239364624,ok
B_alpha1,0.8,0.5,1.0,3.1622776601683795,0.31622776601683794,0.6,20,200,5,1.0,predictive,P2 only,coarse,1.7782794100389228,0,3.0,False,False,4.425616892649426e-05,6.963112746386275e-05,62.44486994277923,9.999303688725352,0.40969093765415576,1.6233846908863416,7.967620682734151,49.99651844362677,1.2489843670452476,0.4999651844362676,4.462319736209929,5.573367591283675,0.0,0.0,1.6233846908863416,3.9808870652006254,1.623384690886339,,0.0,1.0133330821990967,ok
B_alpha1,0.8,0.5,1.0,3.1622776601683795,0.31622776601683794,0.6,20,200,5,1.0,predictive,P2 only,coarse,7.498942093324558,0,3.0,False,False,4.914233398470724e-05,7.731877541686382e-05,63.92865617110049,9.999226812245851,0.11999354687853446,1.872803270204427,8.007976370671187,49.99613406122914,1.278671988774342,0.4999613406122926,4.49071497465289,5.74215144765813,0.0,0.0,1.872803270204427,4.759963845635338,1.8728032702044264,,0.0,1.101696491241455,ok
B_alpha1,0.8,0.5,1.0,3.1622776601683795,0.31622776601683794,0.6,20,200,5,1.0,predictive,P2 only,coarse,31.622776601683793,0,3.0,False,False,5.172476960914656e-05,8.138233954901601e-05,64.72265634663437,9.999186176604507,0.03181678241122265,2.0030727356710805,7.965924305313189,49.995930883022524,1.2945584811305655,0.4999593088302253,4.5197867901479585,5.851128322087935,0.0,0.0,2.0030727356710805,5.222920070013569,2.003072735671078,,0.0,1.1283469200134277,ok
B_alpha1,0.8,0.5,1.0,3.1622776601683795,0.31622776601683794,0.6,20,200,5,1.0,predictive,P2 only,coarse,0.00031622776601683794,0,10.0,False,False,1.7283707661743957e-06,2.721680082616353e-06,52.50973785428645,9.999972783199174,9.244285381272238,0.021171162915092766,0.7345706726134953,49.99986391599579,1.0501976153876633,0.49999863915995874,5.853149551450484,6.1469637014406695,0.0,0.0,0.021171162915092766,0.1583678756835548,0.021171162915092807,,0.0,1.1391358375549316,ok
B_alpha1,0.8,0.5,1.0,3.1622776601683795,0.31622776601683794,0.6,20,200,5,1.0,predictive,P2 only,coarse,0.001333521432163324,0,10.0,False,False,2.948092856289239e-06,4.641844323989927e-06,52.91422785212612,9.999953581556754,8.003788584369385,0.07901388257367745,1.9172439515001827,49.99976790778374,1.0582894694574905,0.4999976790778377,5.59504884633448,5.921181275176061,0.0,0.0,0.07901388257367745,0.5051040110379693,0.07901388257367754,,0.0,1.1335220336914062,ok
B_alpha1,0.8,0.5,1.0,3.1622776601683795,0.31622776601683794,0.6,20,200,5,1.0,predictive,P2 only,coarse,0.005623413251903491,0,10.0,False,False,6.822961170061407e-06,1.074051723090063e-05,54.06746326559227,9.99989259482769,5.980253406732775,0.25594436934967657,3.7639096290898593,49.99946297413841,1.0813608796870073,0.49999462974138453,5.205062987309439,5.6285514907832175,0.0,0.0,0.25594436934967657,1.2017273419603605,0.25594436934967646,,0.0,1.0672109127044678,ok
B_alpha1,0.8,0.5,1.0,3.1622776601683795,0.31622776601683794,0.6,20,200,5,1.0,predictive,P2 only,coarse,0.023713737056616554,0,10.0,False,False,1.725091143327747e-05,2.7148125933267976e-05,56.45680790690262,9.999728518740673,3.529927224505348,0.636594592531221,5.833749664222758,49.998642593703465,1.1291668129008858,0.49998642593703363,4.795353986097719,5.41475457721352,0.0,0.0,0.636594592531221,2.025816387070163,0.63659459253122,,0.0,1.1110570430755615,ok
B_alpha1,0.8,0.5,1.0,3.1622776601683795,0.31622776601683794,0.6,20,200,5,1.0,predictive,P2 only,coarse,0.1,0,10.0,False,False,3.168647968608152e-05,4.985677443669622e-05,59.36768642643112,9.999501432255643,1.6024793873074368,1.1134272886799472,7.284591891756973,49.997507161278065,1.1874129291071944,0.49997507161278215,4.539739060521273,5.390544855235908,0.0,0.0,1.1134272886799472,2.7619295614578636,1.1134272886799468,,0.0,1.1150751113891602,ok
B_alpha1,0.8,0.5,1.0,3.1622776601683795,0.31622776601683794,0.6,20,200,5,1.0,predictive,P2 only,coarse,0.4216965034285822,0,10.0,False,False,4.12371571674351e-05,6.488040171249861e-05,61.590935983472946,9.999351195982882,0.6346177972881095,1.4877517712302266,7.878279235498782,49.99675597991443,1.2318986457484626,0.4999675597991441,4.462083133267415,5.496834169089185,0.0,0.0,1.4877517712302266,3.516579150594212,1.4877517712302246,,0.0,1.1416022777557373,ok
B_alpha1,0.8,0.5,1.0,3.1622776601683795,0.31622776601683794,0.6,20,200,5,1.0,predictive,P2 only,coarse,1.7782794100389228,0,10.0,False,False,4.628425916233901e-05,7.282101259071402e-05,63.12239626154132,9.99927178987409,0.23232003623304257,1.7463357267575284,8.022072447135338,49.996358949370475,1.262539864662207,0.4999635894937045,4.468522126436896,5.641687320751716,0.0,0.0,1.7463357267575284,4.3166083018709,1.7463357267575277,,0.0,1.0537981986999512,ok
B_alpha1,0.8,0.5,1.0,3.1622776601683795,0.31622776601683794,0.6,20,200,5,1.0,predictive,P2 only,coarse,7.498942093324558,0,10.0,False,False,4.958838252731659e-05,7.802036225291195e-05,64.15546602188967,9.999219796377448,0.07418054896813528,1.915217206452264,8.011382448202154,49.99609898188719,1.2832094369029112,0.4999609898188724,4.496324266004538,5.769725729512579,0.0,0.0,1.915217206452264,4.920832949215273,1.9152172064522623,,0.0,1.005488395690918,ok
B_alpha1,0.8,0.5,1.0,3.1622776601683795,0.31622776601683794,0.6,20,200,5,1.0,predictive,P2 only,coarse,31.622776601683793,0,10.0,False,False,5.1788425519295295e-05,8.148247112361643e-05,64.77748483788412,9.99918517528873,0.020728280019516182,2.0135551743773625,7.966531370314391,49.99592587644381,1.2956552699508024,0.4999592587644365,4.5212261679005,5.857950511079754,0.0,0.0,2.0135551743773625,5.269787520550984,2.0135551743773608,,0.0,1.0854933261871338,ok
B_alpha1,0.8,0.5,1.0,3.1622776601683795,0.31622776601683794,0.6,20,200,5,1.0,predictive,P2 only,coarse,0.00031622776601683794,0,30.0,False,False,2.4911255135793022e-06,3.922487446818707e-06,52.763465304923066,9.999960775125544,8.396426863452364,0.05699118740623935,1.5466211740158524,49.9998038756276,1.0552734453953052,0.4999980387562772,5.675345942145191,5.98904186617782,0.0,0.0,0.05699118740623935,0.3835590340498757,0.056991187406239326,,0.0,1.1895415782928467,ok
B_alpha1,0.8,0.5,1.0,3.1622776601683795,0.31622776601683794,0.6,20,200,5,1.0,predictive,P2 only,coarse,0.001333521432163324,0,30.0,False,False,5.38881528366923e-06,8.483483616114903e-06,53.66559239077791,9.999915165163848,6.5581662238043315,0.19343580091982185,3.248482810111998,49.99957582581913,1.073320953316282,0.4999957582581924,5.31193969832371,5.701416180963407,0.0,0.0,0.19343580091982185,0.9917398308547347,0.19343580091982218,,0.0,1.2522494792938232,ok
B_alpha1,0.8,0.5,1.0,3.1622776601683795,0.31622776601683794,0.6,20,200,5,1.0,predictive,P2 only,coarse,0.005623413251903491,0,30.0,False,False,1.3886417606682793e-05,2.1854721601442856e-05,55.73386767918545,9.999781452783978,4.15150409427821,0.5208577045891205,5.327856748348691,49.99890726391994,1.1147017150793606,0.4999890726391989,4.89207941600917,5.453209315329858,0.0,0.0,0.5208577045891205,1.803976723361022,0.5208577045891222,,0.0,1.0105090141296387,ok
B_alpha1,0.8,0.5,1.0,3.1622776601683795,0.31622776601683794,0.6,20,200,5,1.0,predictive,P2 only,coarse,0.023713737056616554,0,30.0,False,False,2.8116765189814045e-05,4.424119855275882e-05,58.60825978413981,9.999557588014467,2.0363536418258024,0.9891795666118501,6.97490920354788,49.99778794007232,1.1722170559703173,0.49997787940072336,4.590922340748601,5.381557470460683,0.0,0.0,0.9891795666118501,2.523711693345245,0.9891795666118495,,0.0,1.0519225597381592,ok
B_alpha1,0.8,0.5,1.0,3.1622776601683795,0.31622776601683794,0.6,20,200,5,1.0,predictive,P2 only,coarse,0.1,0,30.0,False,False,3.8799856988674746e-05,6.104562205762039e-05,60.919073803881986,9.99938954377942,0.8985961329507728,1.3782522223708957,7.723762100898912,49.99694771889705,1.2184558574734108,0.499969477188971,4.480478255677294,5.45926497491225,0.0,0.0,1.3782522223708957,3.172394029408421,1.3782522223708948,,0.0,1.0530166625976562,ok
B_alpha1,0.8,0.5,1.0,3.1622776601683795,0.31622776601683794,0.6,20,200,5,1.0,predictive,P2 only,coarse,0.4216965034285822,0,30.0,False,False,4.388212687561587e-05,6.904065637770551e-05,62.37889934107132,9.999309593436202,0.4137493369581165,1.6284891077039578,7.958451961901724,49.99654796718112,1.2476641263716497,0.4999654796718101,4.465156641080385,5.571015759706128,0.0,0.0,1.6284891077039578,3.8631046081814295,1.6284891077039565,,0.0,1.2480592727661133,ok
B_alpha1,0.8,0.5,1.0,3.1622776601683795,0.31622776601683794,0.6,20,200,5,1.0,predictive,P2 only,coarse,1.7782794100389228,0,30.0,False,False,4.69887338166801e-05,7.392908907242723e-05,63.41195019615047,9.999260709109269,0.17513077133282348,1.7996013895097585,8.02600713004815,49.996303545546546,1.268332770609377,0.49996303545546344,4.475643572282211,5.676605412292746,0.0,0.0,1.7996013895097585,4.5016924554087,1.7996013895097571,,0.0,1.0149555206298828,ok
B_alpha1,0.8,0.5,1.0,3.1622776601683795,0.31622776601683794,0.6,20,200,5,1.0,predictive,P2 only,coarse,7.498942093324558,0,30.0,False,False,4.9722898064613644e-05,7.823194653844736e-05,64.22907491900952,9.999217680534644,0.06051020407935688,1.9290155758352194,8.01125653955078,49.9960884026732,1.2846820015538516,0.49996088402673217,4.498427515647795,5.779048864647329,0.0,0.0,1.9290155758352194,4.977443399703014,1.929015575835215,,0.0,1.0598084926605225,ok
B_alpha1,0.8,0.5,1.0,3.1622776601683795,0.31622776601683794,0.6,20,200,5,1.0,predictive,P2 only,coarse,31.622776601683793,0,30.0,False,False,5.1806725908473913e-05,8.151125821223699e-05,64.79363476289775,9.999184887417867,0.017523075568264372,2.0166440869183346,7.966647950095534,49.99592443708929,1.2959783320824214,0.49995924437089334,4.521664373342219,5.859979052800556,0.0,0.0,2.0166440869183346,5.283868889574523,2.0166440869183306,,0.0,1.0509376525878906,ok
B_alpha1,0.8,0.5,1.0,3.1622776601683795,0.31622776601683794,0.6,20,200,5,1.0,predictive,P2 only,coarse,0.00031622776601683794,0,100.0,False,False,4.63407653452989e-06,7.295617374917603e-06,53.44321537591751,9.99992704382626,6.922226213315269,0.1591257430086582,2.918720999849813,49.999635219131264,1.0688721056002553,0.499996352191313,5.381171833803557,5.751784468594395,0.0,0.0,0.1591257430086582,0.8629561614784658,0.15912574300865817,,0.0,1.050102949142456,ok
B_alpha1,0.8,0.5,1.0,3.1622776601683795,0.31622776601683794,0.6,20,200,5,1.0,predictive,P2 only,coarse,0.001333521432163324,0,100.0,False,False,1.1890174564794975e-05,1.8713879125107566e-05,55.291332358265045,9.999812861208735,4.572626867472832,0.45018883578709795,4.977371435531336,49.99906430604379,1.1058473418587862,0.4999906430604367,4.960521387815954,5.485579390949931,0.0,0.0,0.45018883578709795,1.6624029757613665,0.45018883578709784,,0.0,1.305790662765503,ok
B_alpha1,0.8,0.5,1.0,3.1622776601683795,0.31622776601683794,0.6,20,200,5,1.0,predictive,P2 only,coarse,0.005623413251903491,0,100.0,False,False,2.5664682112201453e-05,4.038387085163852e-05,58.11043335748863,9.999596161291475,2.3452474783736026,0.9074906315141227,6.747665728820801,49.99798080645757,1.1622556035299587,0.49997980806457376,4.6299061805103925,5.381134402116192,0.0,0.0,0.9074906315141227,2.391571180161694,0.9074906315141233,,0.0,1.213501214981079,ok
B_alpha1,0.8,0.5,1.0,3.1622776601683795,0.31622776601683794,0.6,20,200,5,1.0,predictive,P2 only,coarse,0.023713737056616554,0,100.0,False,False,3.7263902266661164e-05,5.862929632128928e-05,60.53033691606531,9.999413707036807,1.0773011887849473,1.3138192239096853,7.60946588026856,49.9970685351839,1.2106777195040734,0.4999706853518403,4.4965755379528805,5.4439038178665955,0.0,0.0,1.3138192239096853,3.0046645730464285,1.3138192239096882,,0.0,1.0089061260223389,ok
B_alpha1,0.8,0.5,1.0,3.1622776601683795,0.31622776601683794,0.6,20,200,5,1.0,predictive,P2 only,coarse,0.1,0,100.0,False,False,4.259768005118217e-05,6.701928221982819e-05,61.964083426729346,9.99932980717781,0.5710035517997117,1.5626168893765113,7.867049751645966,49.99664903588892,1.2393647298691934,0.4999664903588905,4.475872268213887,5.547238224623919,0.0,0.0,1.5626168893765113,3.586771647186704,1.5626168893765129,,0.0,1.1646132469177246,ok
B_alpha1,0.8,0.5,1.0,3.1622776601683795,0.31622776601683794,0.6,20,200,5,1.0,predictive,P2 only,coarse,0.4216965034285822,0,100.0,False,False,4.502198224014603e-05,7.083357783000523e-05,62.80301733917191,9.999291664221696,0.3257286517447979,1.7056622389807867,7.969317445052718,49.996458321108506,1.2561493243343693,0.4999645832110848,4.474309043615874,5.620400282001238,0.0,0.0,1.7056622389807867,4.114219439079885,1.7056622389807818,,0.0,1.1310100555419922,ok
B_alpha1,0.8,0.5,1.0,3.1622776601683795,0.31622776601683794,0.6,20,200,5,1.0,predictive,P2 only,coarse,1.7782794100389228,0,100.0,False,False,4.725166114080358e-05,7.434266097025361e-05,63.52984866051274,9.999256573390287,0.154070797862745,1.821382182721414,8.025290446025553,49.996282866951496,1.270691439793161,0.49996282866951436,4.479080282671138,5.691528973336546,0.0,0.0,1.821382182721414,4.5854918898044055,1.8213821827214183,,0.0,1.1299545764923096,ok
B_alpha1,0.8,0.5,1.0,3.1622776601683795,0.31622776601683794,0.6,20,200,5,1.0,predictive,P2 only,coarse,7.498942093324558,0,100.0,False,False,4.977065896385438e-05,7.830707207462812e-05,64.25582149782007,9.999216929279243,0.05565631647604581,1.9340326543976798,8.011094099847032,49.99608464639624,1.2852170715422548,0.4999608464639621,4.499218575592047,5.782472521950925,0.0,0.0,1.9340326543976798,4.99855945150957,1.934032654397677,,0.0,1.0038511753082275,ok
B_alpha1,0.8,0.5,1.0,3.1622776601683795,0.31622776601683794,0.6,20,200,5,1.0,predictive,P2 only,coarse,31.622776601683793,0,100.0,False,False,5.1813140970284565e-05,8.152134934367678e-05,64.79933865104702,9.999184786506563,0.01639724552917605,2.0177351760104316,7.96668279195383,49.995923932532875,1.2960924322248881,0.49995923932532815,4.521820589331575,5.860697445711337,0.0,0.0,2.0177351760104316,5.288872496639282,2.0177351760104316,,0.0,1.094923734664917,ok
B_alpha1,0.8,0.5,1.0,3.1622776601683795,0.31622776601683794,0.6,20,200,5,1.0,predictive,P2 only,coarse,0.00031622776601683794,0,1000.0,False,False,1.9745730118574308e-05,3.107273153990112e-05,56.93520378492685,9.999689272684583,3.1568136229257986,0.7152112502930242,6.128285854096595,49.998446363423035,1.1387394594440534,0.4999844636342291,4.740727570197706,5.398453550658456,0.0,0.0,0.7152112502930242,2.1112043246105485,0.7152112502930211,,0.0,1.0105135440826416,ok
B_alpha1,0.8,0.5,1.0,3.1622776601683795,0.31622776601683794,0.6,20,200,5,1.0,predictive,P2 only,coarse,0.001333521432163324,0,1000.0,False,False,3.3364837058302705e-05,5.249615845864068e-05,59.66236409681522,9.999475038415405,1.479189700996686,1.166743626324189,7.35459163426372,49.99737519207704,1.1933099261232771,0.4999737519207702,4.531962339837232,5.408035644944642,0.0,0.0,1.166743626324189,2.7510074658531876,1.1667436263241877,,0.0,1.2124991416931152,ok
B_alpha1,0.8,0.5,1.0,3.1622776601683795,0.31622776601683794,0.6,20,200,5,1.0,predictive,P2 only,coarse,0.005623413251903491,0,1000.0,False,False,4.083285203326334e-05,6.42428976647202e-05,61.42750598615319,9.999357571023362,0.7662470892530068,1.470901444446102,7.763493895277529,49.99678785511675,1.2286290504134179,0.4999678785511681,4.485444133006616,5.510946965818355,0.0,0.0,1.470901444446102,3.30406213748699,1.470901444446104,,0.0,1.2328135967254639,ok
B_alpha1,0.8,0.5,1.0,3.1622776601683795,0.31622776601683794,0.6,20,200,5,1.0,predictive,P2 only,coarse,0.023713737056616554,0,1000.0,False,False,4.354388511596104e-05,6.850728771124262e-05,62.29636650511312,9.999314927122887,0.5322569739349179,1.625612768436637,7.842815330505558,49.99657463561449,1.2460126910521787,0.4999657463561443,4.4908111012125,5.5956076252287845,0.0,0.0,1.625612768436637,3.744945520354849,1.6256127684366364,,0.0,1.0586187839508057,ok
B_alpha1,0.8,0.5,1.0,3.1622776601683795,0.31622776601683794,0.6,20,200,5,1.0,predictive,P2 only,coarse,0.1,0,1000.0,False,False,4.4524258921928036e-05,7.004971679678677e-05,62.66877398869233,9.999299502832022,0.4209729350241616,1.69032818508531,7.889399377058506,49.99649751416016,1.2534632845219424,0.4999649751416011,4.490032660569389,5.628091086328102,0.0,0.0,1.69032818508531,4.0033505937158935,1.6903281850853116,,0.0,1.0407466888427734,ok
B_alpha1,0.8,0.5,1.0,3.1622776601683795,0.31622776601683794,0.6,20,200,5,1.0,predictive,P2 only,coarse,0.4216965034285822,0,1000.0,False,False,4.550301138110522e-05,7.159022948668909e-05,63.005723757339126,9.99928409770512,0.2893246367630874,1.7428261138172434,7.96856515171455,49.99642048852576,1.2602046934899873,0.499964204885256,4.480066763486288,5.6458011624939175,0.0,0.0,1.7428261138172434,4.254699883157802,1.7428261138172414,,0.0,1.1307926177978516,ok
B_alpha1,0.8,0.5,1.0,3.1622776601683795,0.31622776601683794,0.6,20,200,5,1.0,predictive,P2 only,coarse,1.7782794100389228,0,1000.0,False,False,4.735525265900981e-05,7.450560726915078e-05,63.57784927283705,9.999254943927278,0.14577667489894086,1.8302617743922571,8.024706606781525,49.99627471963652,1.2716517306411679,0.4999627471963639,4.48054716429088,5.697695555689875,0.0,0.0,1.8302617743922571,4.6210514557963505,1.830261774392261,,0.0,1.0420243740081787,ok
B_alpha1,0.8,0.5,1.0,3.1622776601683795,0.31622776601683794,0.6,20,200,5,1.0,predictive,P2 only,coarse,7.498942093324558,0,1000.0,False,False,4.97891712813871e-05,7.833619114047452e-05,64.26627644932688,9.999216638088575,0.053774124989998784,1.9359942247664592,8.011015012154967,49.99608319044306,1.2854262243809456,0.49996083190442875,4.4995313775244785,5.783815630094885,0.0,0.0,1.9359942247664592,5.00689316575343,1.9359942247664603,,0.0,1.1728835105895996,ok
B_alpha1,0.8,0.5,1.0,3.1622776601683795,0.31622776601683794,0.6,20,200,5,1.0,predictive,P2 only,coarse,31.622776601683793,0,1000.0,False,False,5.1815616641707536e-05,8.152524367235977e-05,64.80154587212016,9.999184747563287,0.015962436290549175,2.0181574113164995,7.966695404829664,49.995923737816256,1.296136585293355,0.4999592373781644,4.521881238973535,5.860975708185243,0.0,0.0,2.0181574113164995,5.29081298753802,2.0181574113164973,,0.0,1.0074665546417236,ok
B_alpha1,0.8,0.5,1.0,3.1622776601683795,0.31622776601683794,0.6,20,200,5,1.0,predictive,P1 only (protect),coarse,0.00031622776601683794,5,1.0,True,True,1.313443607007859e-06,2.0684043012411602e-06,52.373877600546784,9.999979315956987,9.870293392400201,0.0031212608294094745,0.12660603081340227,49.9998965797849,1.0474797186224918,0.4999989657978493,5.987585500664926,6.271874375464608,2.4701422368406565e-32,2.4710034181547215e-32,0.0031212608294094745,0.024980947058570957,0.0031212608294094715,,0.0,1.135185956954956,ok
B_alpha1,0.8,0.5,1.0,3.1622776601683795,0.31622776601683794,0.6,20,200,5,1.0,predictive,P1 only (protect),coarse,0.001333521432163324,5,1.0,True,True,1.5388046362268554e-06,2.42322684211828e-06,52.447142420364045,9.99997576773158,9.52300315403296,0.012699128804461876,0.4643219494309978,49.9998788386579,1.0489453902399064,0.499998788386579,5.912840743111609,6.202247040709625,7.88985909978416e-23,7.901440667107731e-23,0.012699128804461876,0.0982428706761519,0.012699128804461871,,0.0,1.1838929653167725,ok
B_alpha1,0.8,0.5,1.0,3.1622776601683795,0.31622776601683794,0.6,20,200,5,1.0,predictive,P1 only (protect),coarse,0.005623413251903491,5,1.0,True,True,2.3169130246481213e-06,3.648248533342669e-06,52.70544492980449,9.999963517514667,8.601000396193024,0.04836697960757732,1.350669106684732,49.999817587573304,1.0541127442613636,0.49999817587573336,5.718253777684413,6.0276841819778255,2.135636935262892e-14,2.1487708426055673e-14,0.04836697960757732,0.338224482143243,0.04836697960757722,,0.0,1.267568826675415,ok
B_alpha1,0.8,0.5,1.0,3.1622776601683795,0.31622776601683794,0.6,20,200,5,1.0,predictive,P1 only (protect),coarse,0.023713737056616554,5,1.0,True,True,4.718621278615276e-06,7.4288249245594036e-06,53.483144178035396,9.99992571175077,6.914950940711012,0.16397932441075133,2.921144023127466,49.99962855875384,1.069670829958029,0.4999962855875385,5.381354968309124,5.7562784352499845,4.5949264086574504e-08,4.710918524249968e-08,0.16397932441075133,0.9204756621500344,0.16397932441075158,,0.0,1.1414473056793213,ok
B_alpha1,0.8,0.5,1.0,3.1622776601683795,0.31622776601683794,0.6,20,200,5,1.0,predictive,P1 only (protect),coarse,0.1,5,1.0,True,True,1.1745285076946905e-05,1.8486708772091432e-05,55.369919194620316,9.999815132912275,4.592229783681223,0.4591998694847769,4.948755213921725,49.999075664561445,1.1074188564222927,0.49999075664561377,4.968332393042323,5.502024977028762,0.00023993573248598933,0.0002629168120789517,0.4591998694847769,1.829312788986428,0.4591998694847761,,0.0,1.1576108932495117,ok
B_alpha1,0.8,0.5,1.0,3.1622776601683795,0.31622776601683794,0.6,20,200,5,1.0,predictive,P1 only (protect),coarse,0.4216965034285822,5,1.0,True,True,2.594759922662221e-05,4.0831236886757825e-05,58.424981975401046,9.999591687631114,2.258236638530403,0.9510513684931874,6.791120305345296,49.997958438155855,1.1685473527417896,0.49997958438155565,4.62665386305441,5.406464123724805,0.009665602886321966,0.012416389458053812,0.9510513684931874,2.7589567381442492,0.9510513684931863,,0.0,1.1988110542297363,ok
B_alpha1,0.8,0.5,1.0,3.1622776601683795,0.31622776601683794,0.6,20,200,5,1.0,predictive,P1 only (protect),coarse,1.7782794100389228,5,1.0,True,True,3.963432051720456e-05,6.23620494335341e-05,61.37646791294844,9.999376379505664,0.8130310652942445,1.4405473783350708,7.747045176865021,49.99688189752832,1.2276059142796802,0.4999688189752832,4.484592586430557,5.505312382236959,0.027671328011885207,0.04203148739644705,1.4405473783350708,3.6426382854649666,1.440547378335069,,0.0,1.0776569843292236,ok
B_alpha1,0.8,0.5,1.0,3.1622776601683795,0.31622776601683794,0.6,20,200,5,1.0,predictive,P1 only (protect),coarse,7.498942093324558,5,1.0,True,True,4.7281982315335434e-05,7.439311054939004e-05,63.40011590386507,9.999256068894482,0.23895561767597615,1.7822266790756673,7.9795616343538756,49.99628034447251,1.268096655731999,0.4999628034447241,4.483507403462105,5.685520744279954,0.032521507011519166,0.052645000451022814,1.7822266790756673,4.483109320231702,1.7822266790756705,,0.0,1.1649439334869385,ok
B_alpha1,0.8,0.5,1.0,3.1622776601683795,0.31622776601683794,0.6,20,200,5,1.0,predictive,P1 only (protect),coarse,31.622776601683793,5,1.0,True,True,5.075008140292131e-05,7.984965675673057e-05,64.51125184520149,9.999201503432419,0.06295580898214763,1.9702343462799703,7.967608341305464,49.99600751716223,1.290328069157454,0.49996007517162094,4.5144705658115285,5.825148088451748,0.03229942045998403,0.052872614042821606,1.9702343462799703,5.099808133479233,1.9702343462799632,,0.0,1.4551420211791992,ok
B_alpha1,0.8,0.5,1.0,3.1622776601683795,0.31622776601683794,0.6,20,200,5,1.0,predictive,P1 only (protect),coarse,0.00031622776601683794,10,1.0,True,True,1.3134436070078593e-06,2.0684043012411602e-06,52.37387760054679,9.999979315956988,9.870293392400203,0.0031212608294094754,0.12660603081339872,49.9998965797849,1.047479718622492,0.4999989657978494,5.987585500664927,6.27187437546461,1.9890814690765307e-19,1.999559042824233e-19,0.0031212608294094754,0.024980947058570964,0.0031212608294094724,,0.0,1.430192232131958,ok
B_alpha1,0.8,0.5,1.0,3.1622776601683795,0.31622776601683794,0.6,20,200,5,1.0,predictive,P1 only (protect),coarse,0.001333521432163324,10,1.0,True,True,1.5388046362183618e-06,2.423226842104917e-06,52.44714242036237,9.999975767731586,9.523003154032981,0.012699128804410655,0.4643219494310227,49.999878838657885,1.048945390239873,0.4999987883865793,5.912840743111596,6.202247040709414,5.045952480596267e-13,5.157588718235254e-13,0.012699128804410655,0.09824287067578244,0.012699128804410686,,0.0,1.4330954551696777,ok
B_alpha1,0.8,0.5,1.0,3.1622776601683795,0.31622776601683794,0.6,20,200,5,1.0,predictive,P1 only (protect),coarse,0.005623413251903491,10,1.0,True,True,2.316910681178579e-06,3.648244846369795e-06,52.705444467346986,9.999963517551535,8.60100042000089,0.04836696572023631,1.350669096727339,49.99981758775771,1.0541127350082922,0.4999981758775768,5.718253777847681,6.027684129238518,1.2933475240008822e-07,1.411983590535194e-07,0.04836696572023631,0.3382243799628783,0.04836696572023632,,0.0,1.5507590770721436,ok
B_alpha1,0.8,0.5,1.0,3.1622776601683795,0.31622776601683794,0.6,20,200,5,1.0,predictive,P1 only (protect),coarse,0.023713737056616554,10,1.0,True,True,4.707301691372427e-06,7.411016410917707e-06,53.48100409895387,9.999925889835891,6.915141869602171,0.16391734804459523,2.9210148925173423,49.99962944917945,1.0696280090098058,0.49999629449179456,5.38137480465812,5.756069218041997,0.0004919814198834819,0.0006693239183796035,0.16391734804459523,0.9200031720875661,0.16391734804459548,,0.0,1.3484735488891602,ok
B_alpha1,0.8,0.5,1.0,3.1622776601683795,0.31622776601683794,0.6,20,200,5,1.0,predictive,P1 only (protect),coarse,0.1,10,1.0,True,True,1.0910684112557008e-05,1.717378430974262e-05,55.22810763565196,9.999828262156898,4.603935610638081,0.455490946899057,4.9407451803059645,49.999141310784545,1.1045811225509898,0.4999914131078449,4.969583542753481,5.489308168265565,0.022140136121796314,0.048012696421133955,0.455490946899057,1.7999904425750681,0.4554909468990575,,0.0,1.3581738471984863,ok
B_alpha1,0.8,0.5,1.0,3.1622776601683795,0.31622776601683794,0.6,20,200,5,1.0,predictive,P1 only (protect),coarse,0.4216965034285822,10,1.0,True,True,2.139185077940109e-05,3.366531063527131e-05,57.760696566441396,9.99966334689365,2.2917063299891165,0.9361766550107449,6.772453668106488,49.99831673446823,1.1552528232739858,0.4999831673446825,4.628638571485598,5.347247777623606,0.07519362381278424,0.26027810858014727,0.9361766550107449,2.637842463211153,0.9361766550107458,,0.0,1.2997515201568604,ok
B_alpha1,0.8,0.5,1.0,3.1622776601683795,0.31622776601683794,0.6,20,200,5,1.0,predictive,P1 only (protect),coarse,1.7782794100389228,10,1.0,True,True,3.214948653882955e-05,5.058985561558384e-05,60.42569057368167,9.999494101443839,0.8391628395693319,1.423706669520453,7.737636389466377,49.99747050721918,1.2085749531060128,0.49997470507219194,4.48420009251992,5.41949191653524,0.10480241212455195,0.4419379520692137,1.423706669520453,3.4768452808802754,1.4237066695204497,,0.0,1.3953220844268799,ok
B_alpha1,0.8,0.5,1.0,3.1622776601683795,0.31622776601683794,0.6,20,200,5,1.0,predictive,P1 only (protect),coarse,7.498942093324558,10,1.0,True,True,3.9057536506657665e-05,6.14581821539518e-05,62.43346919312861,9.99938541817847,0.255747161445975,1.7654629444163135,7.9794044759592415,49.996927090892235,1.2487461295296665,0.4999692709089235,4.48104117802466,5.595682827321352,0.11409521907634686,0.4943193821615719,1.7654629444163135,4.30567434575735,1.7654629444163124,,0.0,1.2890369892120361,ok
B_alpha1,0.8,0.5,1.0,3.1622776601683795,0.31622776601683794,0.6,20,200,5,1.0,predictive,P1 only (protect),coarse,31.622776601683793,10,1.0,True,True,4.238652099001728e-05,6.669608859376026e-05,63.554084291030684,9.99933303911405,0.0761984135665959,1.9505480192621032,7.973920528057251,49.99666519557013,1.2711664676519623,0.49996665195570256,4.510105728047928,5.733095167059567,0.1157611502624224,0.49841841376930696,1.9505480192621032,4.917458602460096,1.9505480192621025,,0.0,1.5793657302856445,ok
B_alpha1,0.8,0.5,1.0,3.1622776601683795,0.31622776601683794,0.6,20,200,5,1.0,predictive,P1 only (protect),coarse,0.00031622776601683794,15,1.0,True,True,1.3134435936792688e-06,2.0684042802623145e-06,52.37387759625345,9.9999793159572,9.870293395737741,0.003121260679697622,0.12660602762536044,49.99989657978596,1.047479718536603,0.49999896579785996,5.987585501361625,6.271874375680119,7.485695995075363e-10,7.565401914060677e-10,0.003121260679697622,0.02498094437076309,0.0031212606796976235,,0.0,2.726973533630371,ok
B_alpha1,0.8,0.5,1.0,3.1622776601683795,0.31622776601683794,0.6,20,200,5,1.0,predictive,P1 only (protect),coarse,0.001333521432163324,15,1.0,True,True,1.5387724470711648e-06,2.423176177502001e-06,52.44713209838409,9.99997576823822,9.523011088092877,0.012698774545360232,0.4643143691235423,49.99987884119116,1.0489451837466617,0.49999878841191103,5.9128423999364665,6.202247557666409,1.7501208878360442e-06,1.8284282356446477e-06,0.012698774545360232,0.09823647503133022,0.012698774545360217,,0.0,2.538221597671509,ok
B_alpha1,0.8,0.5,1.0,3.1622776601683795,0.31622776601683794,0.6,20,200,5,1.0,predictive,P1 only (protect),coarse,0.005623413251903491,15,1.0,True,True,2.3015678560941236e-06,3.624096266986067e-06,52.70061297839912,9.999963759037334,8.604493916121246,0.04821141217181221,1.3473309126696087,49.99981879518659,1.0540160794237226,0.4999981879518667,5.718983474421174,6.027900539998465,0.0007366381142791867,0.0008735663624419154,0.04821141217181221,0.33534896725461055,0.04821141217181214,,0.0,2.652742862701416,ok
B_alpha1,0.8,0.5,1.0,3.1622776601683795,0.31622776601683794,0.6,20,200,5,1.0,predictive,P1 only (protect),coarse,0.023713737056616554,15,1.0,True,True,4.032233674091298e-06,6.348573879715614e-06,53.28111085798823,9.999936514261197,7.031230473640213,0.158794125298518,2.810038886800071,49.99968257130604,1.0656289823840872,0.49999682571305987,5.40564076594921,5.760407468552394,0.02237035505925249,0.038820387887368774,0.158794125298518,0.8147257314236642,0.15879412529851808,,0.0,2.9407169818878174,ok
B_alpha1,0.8,0.5,1.0,3.1622776601683795,0.31622776601683794,0.6,20,200,5,1.0,predictive,P1 only (protect),coarse,0.1,15,1.0,True,True,6.397092286460768e-06,1.0070990767104523e-05,54.04729047346911,9.99989929009233,5.041192628412738,0.4411755810638657,4.517732500431067,49.99949645046166,1.0809566957742847,0.4999949645046165,5.062867892715679,5.472740948451656,0.08355468332772667,0.28541319678704463,0.4411755810638657,1.2945917753734746,0.4411755810638649,,0.0,2.626528739929199,ok
B_alpha1,0.8,0.5,1.0,3.1622776601683795,0.31622776601683794,0.6,20,200,5,1.0,predictive,P1 only (protect),coarse,0.4216965034285822,15,1.0,True,True,1.050917698322903e-05,1.6542279193529107e-05,55.36248168438692,9.999834577208079,2.747709848021221,0.9372202683155705,6.315235306455129,49.99917288604019,1.1072679504233194,0.49999172886040394,4.731964250015393,5.239552356590964,0.12298191221651514,0.7487946739553091,0.9372202683155705,1.7960212881083388,0.9372202683155699,,0.0,2.5617799758911133,ok
B_alpha1,0.8,0.5,1.0,3.1622776601683795,0.31622776601683794,0.6,20,200,5,1.0,predictive,P1 only (protect),coarse,1.7782794100389228,15,1.0,True,True,1.5747737064585665e-05,2.4785401523098388e-05,57.2688744080631,9.999752145984752,1.1679102037248674,1.4194609893200565,7.4128766609703245,49.998760729923866,1.1454058775058424,0.49998760729923764,4.556862281649788,5.219456840386351,0.13779976394246152,1.070754907731285,1.4194609893200565,2.454481735820189,1.419460989320063,,0.0,2.667703151702881,ok
B_alpha1,0.8,0.5,1.0,3.1622776601683795,0.31622776601683794,0.6,20,200,5,1.0,predictive,P1 only (protect),coarse,7.498942093324558,15,1.0,True,True,1.9496556156034838e-05,3.068429822863174e-05,58.86527913396694,9.999693157017715,0.5266152720668515,1.7255727871050959,7.748118783810338,49.998465785088506,1.1773417085834434,0.49998465785088575,4.5272635756663115,5.330136233382564,0.14309058378488754,1.175526855521753,1.7255727871050959,3.137027438000548,1.7255727871050925,,0.0,2.7296359539031982,ok
B_alpha1,0.8,0.5,1.0,3.1622776601683795,0.31622776601683794,0.6,20,200,5,1.0,predictive,P1 only (protect),coarse,31.622776601683793,15,1.0,True,True,2.1382652976860482e-05,3.365230464660839e-05,59.764643906609635,9.999663476953517,0.3280102828755428,1.877723997217388,7.7946022429535535,49.99831738476771,1.1953331038459565,0.4999831738476758,4.539655326232105,5.426400291495851,0.14473896483223164,1.193952568665734,1.877723997217388,3.6465415740704685,1.8777239972173905,,0.0,2.505629777908325,ok
B_alpha1,0.8,0.5,1.0,3.1622776601683795,0.31622776601683794,0.6,20,200,5,1.0,predictive,P1 only (protect),coarse,0.00031622776601683794,20,1.0,True,True,1.237766082382095e-06,1.9492500553867026e-06,52.34958353240303,9.999980507499437,9.989242104289646,0.0021556960682132713,0.008621692142703807,49.999902537497235,1.0469937115006107,0.4999990253749719,6.014056317639858,6.29667914517945,0.002683689640781544,0.0027264184455719313,0.0021556960682132713,0.000572206439004504,0.0021556960682132726,,0.0,8.100957155227661,ok
B_alpha1,0.8,0.5,1.0,3.1622776601683795,0.31622776601683794,0.6,20,200,5,1.0,predictive,P1 only (protect),coarse,0.001333521432163324,20,1.0,True,True,1.2394513042131617e-06,1.951903450269752e-06,52.350122992314645,9.999980480965492,9.954793218938507,0.009053430505808433,0.03617286959019239,49.999902404827466,1.0470045034979962,0.4999990240482746,6.0088784627088785,6.291322811428312,0.010721558951441574,0.011438865740922923,0.009053430505808433,0.002391682399971877,0.009053430505808441,,0.0,7.953287839889526,ok
B_alpha1,0.8,0.5,1.0,3.1622776601683795,0.31622776601683794,0.6,20,200,5,1.0,predictive,P1 only (protect),coarse,0.005623413251903491,20,1.0,True,True,1.2465748334513217e-06,1.9631194550570712e-06,52.35241033189651,9.999980368805453,9.813098167419897,0.03753509617067724,0.14938636760397372,49.999901844027214,1.047050262122671,0.4999990184402726,5.987622253913644,6.269341450451819,0.036969581668550196,0.047240117300776034,0.03753509617067724,0.009731179407229241,0.03753509617067729,,0.0,8.194893598556519,ok
B_alpha1,0.8,0.5,1.0,3.1622776601683795,0.31622776601683794,0.6,20,200,5,1.0,predictive,P1 only (protect),coarse,0.023713737056616554,20,1.0,True,True,1.2770918888012343e-06,2.011167671824804e-06,52.362350277635734,9.999979888323272,9.270757803657018,0.1479064235848456,0.5813558844348634,49.9998994416164,1.0472491117462728,0.49999899441616363,5.906774006962593,6.185863832077548,0.08774913997211536,0.18384087259557785,0.1479064235848456,0.03604351386449368,0.14790642358484585,,0.0,8.304824590682983,ok
B_alpha1,0.8,0.5,1.0,3.1622776601683795,0.31622776601683794,0.6,20,200,5,1.0,predictive,P1 only (protect),coarse,0.1,20,1.0,True,True,1.4189607195981482e-06,2.2345151660229124e-06,52.41473273606946,9.999977654848347,7.628072389359903,0.4911073873076826,1.8808425684840673,49.99988827424165,1.048296997156929,0.4999988827424174,5.6652397483207455,5.938853816338713,0.1297792754806309,0.5947746436610946,0.4911073873076826,0.10719709860027767,0.4911073873076832,,0.0,8.190003156661987,ok
B_alpha1,0.8,0.5,1.0,3.1622776601683795,0.31622776601683794,0.6,20,200,5,1.0,predictive,P1 only (protect),coarse,0.4216965034285822,20,1.0,True,True,1.9961564095404737e-06,3.1430409243766506e-06,52.784334688382664,9.999968569590775,4.826759721876691,1.1175066783790257,4.055765030153507,49.99984284795385,1.0556900118445625,0.4999984284795388,5.2688074158704055,5.562227363266947,0.1471866223688297,1.2825455149746663,1.1175066783790257,0.29580372713721187,1.1175066783790288,,0.0,8.097297430038452,ok
B_alpha1,0.8,0.5,1.0,3.1622776601683795,0.31622776601683794,0.6,20,200,5,1.0,predictive,P1 only (protect),coarse,1.7782794100389228,20,1.0,True,True,3.0104665909835064e-06,4.739422920080263e-06,53.78321854334469,9.999952605770819,2.708175453358253,1.6892274478930072,5.602644492977921,49.999763028854176,1.0756694689194253,0.49999763028854094,5.005829800748707,5.384618283272394,0.15294809011925442,1.771711751800951,1.6892274478930072,0.6734366813700708,1.6892274478929965,,0.0,8.20081901550293,ok
B_alpha1,0.8,0.5,1.0,3.1622776601683795,0.31622776601683794,0.6,20,200,5,1.0,predictive,P1 only (protect),coarse,7.498942093324558,20,1.0,True,True,3.840542437986224e-06,6.045803425974399e-06,54.807188652882445,9.999939541965736,1.8439804027302467,2.008392284104166,6.147687771199851,49.999697709828716,1.0961504001674933,0.4999969770982868,4.930872451056872,5.404977810400859,0.15505521626926935,1.9440695700555686,2.008392284104166,1.1164883368854046,2.0083922841041724,,0.0,8.113327026367188,ok
B_alpha1,0.8,0.5,1.0,3.1622776601683795,0.31622776601683794,0.6,20,200,5,1.0,predictive,P1 only (protect),coarse,31.622776601683793,20,1.0,True,True,4.256723815056398e-06,6.700795043691172e-06,55.408451730267274,9.999932992049583,1.5824910570211974,2.146506929781737,6.271069021147483,49.99966496024787,1.1081764602686768,0.49999664960247914,4.923809474381438,5.456449754357395,0.15589484046823196,1.983086147094879,2.146506929781737,1.4570640128369485,2.146506929781739,,0.0,8.40332293510437,ok
B_alpha1,0.8,0.5,1.0,3.1622776601683795,0.31622776601683794,0.6,20,200,5,1.0,predictive,P1+P2 (protect),coarse,0.00031622776601683794,5,3.0,True,True,1.4125991913978685e-06,2.224522330582008e-06,52.40598518257668,9.9999777547767,9.705115089323376,0.007285416600150429,0.2876217392997731,49.99988877388346,1.0481220352224063,0.49999888773883494,5.951888309944549,6.238305288835529,2.439507146887469e-25,2.4420564638719063e-25,0.007285416600150429,0.057332473231350524,0.007285416600150423,,0.0,1.0697383880615234,ok
B_alpha1,0.8,0.5,1.0,3.1622776601683795,0.31622776601683794,0.6,20,200,5,1.0,predictive,P1+P2 (protect),coarse,0.001333521432163324,5,3.0,True,True,1.8975746013529262e-06,2.9880706509032923e-06,52.56581475492891,9.999970119293492,9.038112953172073,0.028853320368109982,0.933063607166325,49.9998505964675,1.0513194365153302,0.4999985059646746,5.80952686172415,6.1076685066885075,1.7864956320876335e-16,1.7943318469775328e-16,0.028853320368109982,0.21121433057678626,0.02885332036810998,,0.0,1.2392315864562988,ok
B_alpha1,0.8,0.5,1.0,3.1622776601683795,0.31622776601683794,0.6,20,200,5,1.0,predictive,P1+P2 (protect),coarse,0.005623413251903491,5,3.0,True,True,3.4757871995593557e-06,5.472513789831936e-06,53.086356019989324,9.99994527486208,7.623474911761709,0.10444106525941323,2.272138748116798,49.999726374310576,1.0617329307478898,0.499997263743104,5.518811634553379,5.859504050999911,1.897951113213261e-09,1.932385862046586e-09,0.10444106525941323,0.6375198523487701,0.10444106525941318,,0.0,1.095290184020996,ok
B_alpha1,0.8,0.5,1.0,3.1622776601683795,0.31622776601683794,0.6,20,200,5,1.0,predictive,P1+P2 (protect),coarse,0.023713737056616554,5,3.0,True,True,8.38662054701407e-06,1.3201302997095848e-05,54.49254358269773,9.999867986970028,5.459993450462447,0.32207099602963607,4.21806756653789,49.99933993485013,1.089865259295469,0.4999933993485014,5.112551621331136,5.571992398443529,4.814395191624785e-05,5.1553782292511524e-05,0.32207099602963607,1.4163298122103687,0.3220709960296361,,0.0,1.2223923206329346,ok
B_alpha1,0.8,0.5,1.0,3.1622776601683795,0.31622776601683794,0.6,20,200,5,1.0,predictive,P1+P2 (protect),coarse,0.1,5,3.0,True,True,2.036304594767954e-05,3.204467971876885e-05,57.1575153119724,9.999679553202801,3.003759370182318,0.7487474879271859,6.247813588687694,49.99839776601407,1.1431869392987764,0.4999839776601401,4.718805667724741,5.3944770084319655,0.005458041849871215,0.006702803440085023,0.7487474879271859,2.2822680375382127,0.7487474879271873,,0.0,1.2040283679962158,ok
B_alpha1,0.8,0.5,1.0,3.1622776601683795,0.31622776601683794,0.6,20,200,5,1.0,predictive,P1+P2 (protect),coarse,0.4216965034285822,5,3.0,True,True,3.464003004545185e-05,5.450405168529062e-05,60.13181158393898,9.99945495948315,1.2282147030939516,1.2401201213663795,7.5322102160565185,49.997274797415734,1.202701783798966,0.4999727479741575,4.502925937339365,5.415677057152685,0.02462130256817028,0.03627103139113165,1.2401201213663795,3.10463223246803,1.240120121366381,,0.0,1.2357151508331299,ok
B_alpha1,0.8,0.5,1.0,3.1622776601683795,0.31622776601683794,0.6,20,200,5,1.0,predictive,P1+P2 (protect),coarse,1.7782794100389228,5,3.0,True,True,4.3700739733287346e-05,6.875777997734765e-05,62.396237939198684,9.999312422200223,0.4100441691527415,1.6213081456530476,7.9693352629939875,49.99656211100116,1.248010569220101,0.49996562111001114,4.461621965132301,5.568151368349668,0.032393926611597776,0.05204059555875811,1.6213081456530476,3.97222768237346,1.6213081456530423,,0.0,1.133150577545166,ok
B_alpha1,0.8,0.5,1.0,3.1622776601683795,0.31622776601683794,0.6,20,200,5,1.0,predictive,P1+P2 (protect),coarse,7.498942093324558,5,3.0,True,True,4.853865010546691e-05,7.636956543695018e-05,63.87724465070637,9.999236304345622,0.12033286113891024,1.8699649504105937,8.010465884104873,49.996181521728076,1.2776424660140426,0.4999618152172811,4.489727937241846,5.736267073469813,0.032558026986273504,0.05324136127757981,1.8699649504105937,4.750784219356746,1.8699649504105953,,0.0,1.0671603679656982,ok
B_alpha1,0.8,0.5,1.0,3.1622776601683795,0.31622776601683794,0.6,20,200,5,1.0,predictive,P1+P2 (protect),coarse,31.622776601683793,5,3.0,True,True,5.1036499975179846e-05,8.030012698010311e-05,64.66402253883808,9.999196998730202,0.032186306302074225,1.998900030875467,7.969716664092257,49.99598499365106,1.293384309701063,0.4999598499365101,4.518305365657212,5.843905266379163,0.03209580947535214,0.05261087832161442,1.998900030875467,5.214154879474169,1.998900030875465,,0.0,1.1816389560699463,ok
B_alpha1,0.8,0.5,1.0,3.1622776601683795,0.31622776601683794,0.6,20,200,5,1.0,predictive,P1+P2 (protect),coarse,0.00031622776601683794,5,10.0,True,True,1.728370766174396e-06,2.7216800826163534e-06,52.509737854286456,9.999972783199176,9.244285381272242,0.02117116291509277,0.73457067261349,49.99986391599579,1.0501976153876633,0.4999986391599588,5.853149551450485,6.146963701440671,6.35628730771582e-18,6.3783549445221045e-18,0.02117116291509277,0.1583678756835548,0.02117116291509281,,0.0,1.1377027034759521,ok
B_alpha1,0.8,0.5,1.0,3.1622776601683795,0.31622776601683794,0.6,20,200,5,1.0,predictive,P1+P2 (protect),coarse,0.001333521432163324,5,10.0,True,True,2.948092854659965e-06,4.641844321427797e-06,52.914227851957314,9.999953581556781,8.00378858435,0.07901388257208211,1.9172439515211366,49.999767907783934,1.0582894694541103,0.49999767907783904,5.595048846329517,5.921181275151897,1.7647700453438416e-10,1.7902138790718185e-10,0.07901388257208211,0.5051040110073414,0.07901388257208211,,0.0,1.1649599075317383,ok
B_alpha1,0.8,0.5,1.0,3.1622776601683795,0.31622776601683794,0.6,20,200,5,1.0,predictive,P1+P2 (protect),coarse,0.005623413251903491,5,10.0,True,True,6.822833097304484e-06,1.07403158295643e-05,54.067450006392484,9.999892596841697,5.980252643059436,0.25594422334029665,3.76391053675857,49.99946298420854,1.0813606142823724,0.49999462984208487,5.205062760894518,5.628549864499197,1.3278209002031445e-05,1.4037055474881212e-05,0.25594422334029665,1.2017247515966967,0.25594422334029654,,0.0,1.0603325366973877,ok
B_alpha1,0.8,0.5,1.0,3.1622776601683795,0.31622776601683794,0.6,20,200,5,1.0,predictive,P1+P2 (protect),coarse,0.023713737056616554,5,10.0,True,True,1.7214791560569005e-05,2.7091326662456317e-05,56.45316053680207,9.999729086733383,3.5298709723393182,0.6365470234296895,5.833852917497608,49.99864543366682,1.1290937993849943,0.49998645433666916,4.795323624807194,5.414370170814178,0.0032978440470535614,0.003933612694597414,0.6365470234296895,2.025081871981856,0.6365470234296888,,0.0,1.1362359523773193,ok
B_alpha1,0.8,0.5,1.0,3.1622776601683795,0.31622776601683794,0.6,20,200,5,1.0,predictive,P1+P2 (protect),coarse,0.1,5,10.0,True,True,3.1398303638263993e-05,4.940363300511316e-05,59.34058670053677,9.999505963669945,1.6025257318525639,1.1130344186881447,7.284933885789346,49.99752981834984,1.1868703697189034,0.49997529818349723,4.5396035077561505,5.387920893627773,0.021854664095528577,0.03139495785762912,1.1130344186881447,2.7564496621098984,1.1130344186881482,,0.0,1.2503423690795898,ok
B_alpha1,0.8,0.5,1.0,3.1622776601683795,0.31622776601683794,0.6,20,200,5,1.0,predictive,P1+P2 (protect),coarse,0.4216965034285822,5,10.0,True,True,4.0781604141112017e-05,6.416410235085811e-05,61.55131830331527,9.999358358976457,0.6348105063469011,1.487088642862931,7.8787424918137114,49.996791794882434,1.231105358836555,0.49996791794882284,4.461879976257357,5.493044349255953,0.032115617464507105,0.05121458439120164,1.487088642862931,3.507585603132691,1.4870886428629302,,0.0,1.2688870429992676,ok
B_alpha1,0.8,0.5,1.0,3.1622776601683795,0.31622776601683794,0.6,20,200,5,1.0,predictive,P1+P2 (protect),coarse,1.7782794100389228,5,10.0,True,True,4.5806869119593285e-05,7.207039339429628e-05,63.0825437258014,9.99927929606604,0.23252707158865515,1.7453689191375452,8.022824713207758,49.99639648033048,1.2617418087445413,0.499963964803302,4.468208152977786,5.637725036785298,0.032835322635753575,0.05363787151927293,1.7453689191375452,4.306600697958696,1.745368919137544,,0.0,1.0445377826690674,ok
B_alpha1,0.8,0.5,1.0,3.1622776601683795,0.31622776601683794,0.6,20,200,5,1.0,predictive,P1+P2 (protect),coarse,7.498942093324558,5,10.0,True,True,4.9060171076513464e-05,7.718983205747279e-05,64.1113745170648,9.999228101679428,0.07443089374153149,1.9133263938554252,8.013014610723616,49.9961405083972,1.2823264729063808,0.4999614050839714,4.495672955688558,5.7649204446087134,0.03229112474176412,0.05292279391758022,1.9133263938554252,4.910948347319088,1.9133263938554228,,0.0,1.1070456504821777,ok
B_alpha1,0.8,0.5,1.0,3.1622776601683795,0.31622776601683794,0.6,20,200,5,1.0,predictive,P1+P2 (protect),coarse,31.622776601683793,5,10.0,True,True,5.113986322103365e-05,8.046269642689813e-05,64.72254229302047,9.99919537303573,0.021061359922789673,2.009899450604323,7.969843816437157,49.995976865178676,1.2945550092471259,0.49995976865178654,4.51993066185445,5.851298879753355,0.032006275631588255,0.052483770011298614,2.009899450604323,5.260701159548853,2.0098994506043155,,0.0,1.0487709045410156,ok
B_alpha1,0.8,0.5,1.0,3.1622776601683795,0.31622776601683794,0.6,20,200,5,1.0,predictive,P1+P2 (protect),coarse,0.00031622776601683794,5,30.0,True,True,2.4911255135372928e-06,3.922487446752644e-06,52.76346530491871,9.999960775125539,8.396426863451795,0.05699118740622333,1.5466211740164422,49.999803875627684,1.0552734453952162,0.4999980387562769,5.675345942145055,5.989041866177172,4.742658506979496e-12,4.791585360922086e-12,0.05699118740622333,0.38355903404905334,0.05699118740622335,,0.0,1.3031795024871826,ok
B_alpha1,0.8,0.5,1.0,3.1622776601683795,0.31622776601683794,0.6,20,200,5,1.0,predictive,P1+P2 (protect),coarse,0.001333521432163324,5,30.0,True,True,5.388800504764184e-06,8.483460375455187e-06,53.66559085922758,9.99991516539623,6.558166113790141,0.1934357933703479,3.2484829274432814,49.99957582698116,1.0733209226600706,0.49999575826981146,5.3119396707547475,5.701415988529117,1.6158803984761444e-06,1.6831008718654145e-06,0.1934357933703479,0.9917395207388772,0.19343579337034858,,0.0,1.0914115905761719,ok
B_alpha1,0.8,0.5,1.0,3.1622776601683795,0.31622776601683794,0.6,20,200,5,1.0,predictive,P1+P2 (protect),coarse,0.005623413251903491,5,30.0,True,True,1.3872784801857407e-05,2.183328358094778e-05,55.73247812913923,9.999781667164193,4.151470132256697,0.5208485072681477,5.327899693310962,49.99890833582105,1.114673899574132,0.49998908335820963,4.892068377178595,5.453060934972961,0.001348145742016064,0.0015481290016143574,0.5208485072681477,1.8036822627668783,0.5208485072681478,,0.0,1.1253666877746582,ok
B_alpha1,0.8,0.5,1.0,3.1622776601683795,0.31622776601683794,0.6,20,200,5,1.0,predictive,P1+P2 (protect),coarse,0.023713737056616554,5,30.0,True,True,2.7909317617617513e-05,4.39149947845394e-05,58.588405039234395,9.999560850052147,2.036312813109825,0.9890352200350955,6.975091116802933,49.9978042502609,1.171819561234605,0.49997804250260736,4.59086008531522,5.379659650863542,0.017109753970254635,0.02357843952632991,0.9890352200350955,2.5194840593582435,0.9890352200350965,,0.0,1.0584385395050049,ok
B_alpha1,0.8,0.5,1.0,3.1622776601683795,0.31622776601683794,0.6,20,200,5,1.0,predictive,P1+P2 (protect),coarse,0.1,5,30.0,True,True,3.838627043721057e-05,6.0395306220794016e-05,60.882721984480625,9.999396046937779,0.8986945009486841,1.3779991830082143,7.723910269105323,49.99698023468894,1.2177279847441451,0.4999698023468889,4.480407753635106,5.45591790466612,0.03107930723099841,0.04884350166058268,1.3779991830082143,3.163791838624163,1.377999183008217,,0.0,1.3942928314208984,ok
B_alpha1,0.8,0.5,1.0,3.1622776601683795,0.31622776601683794,0.6,20,200,5,1.0,predictive,P1+P2 (protect),coarse,0.4216965034285822,5,30.0,True,True,4.3444276284829134e-05,6.835220988880958e-05,62.342539999654015,9.999316477901113,0.4138714903731608,1.628176069487155,7.958635962238571,49.99658238950553,1.2469360308263782,0.4999658238950556,4.465069089737341,5.567655528122629,0.03306270679453512,0.05388280482314383,1.628176069487155,3.8529708200246082,1.628176069487154,,0.0,1.1986026763916016,ok
B_alpha1,0.8,0.5,1.0,3.1622776601683795,0.31622776601683794,0.6,20,200,5,1.0,predictive,P1+P2 (protect),coarse,1.7782794100389228,5,30.0,True,True,4.654568279230463e-05,7.323247043524251e-05,63.375711431237306,9.99926767529563,0.1752862988437062,1.7989875583889958,8.026458467471667,49.99633837647832,1.267607058621188,0.49996338376478155,4.4754504883443,5.673112629534877,0.03255867860854607,0.053344061091411446,1.7989875583889958,4.4912266602235675,1.7989875583889985,,0.0,1.091083288192749,ok
B_alpha1,0.8,0.5,1.0,3.1622776601683795,0.31622776601683794,0.6,20,200,5,1.0,predictive,P1+P2 (protect),coarse,7.498942093324558,5,30.0,True,True,4.921754461574839e-05,7.74373602104325e-05,64.18718289642665,9.99922562639793,0.06073513368815261,1.9274015798724162,8.0126376600415,49.99612813198937,1.283843075347215,0.4999612813198965,4.497874414351968,5.774564920647184,0.03218307066155921,0.05277046583027509,1.9274015798724162,4.967346703983471,1.9274015798724153,,0.0,1.044705867767334,ok
B_alpha1,0.8,0.5,1.0,3.1622776601683795,0.31622776601683794,0.6,20,200,5,1.0,predictive,P1+P2 (protect),coarse,31.622776601683793,5,30.0,True,True,5.116964089379257e-05,8.050953098787265e-05,64.73975809105924,9.999194904690105,0.017845773730943173,2.0131372202760325,7.96982210130292,49.99597452345062,1.294899413565647,0.49995974523450526,4.520422424749184,5.8534923468767195,0.03197905288960103,0.05244419345850011,2.0131372202760325,5.274689696809742,2.0131372202760325,,0.0,1.1461236476898193,ok
B_alpha1,0.8,0.5,1.0,3.1622776601683795,0.31622776601683794,0.6,20,200,5,1.0,predictive,P1+P2 (protect),coarse,0.00031622776601683794,5,100.0,True,True,4.634073770148074e-06,7.2956130277686375e-06,53.44321508936406,9.999927043869716,6.922226189934778,0.15912574225915027,2.9187210239363557,49.999635219348654,1.0688720998644972,0.4999963521934858,5.381171828263738,5.751784431807937,3.088592158998181e-07,3.191387845543816e-07,0.15912574225915027,0.8629561030447054,0.1591257422591501,,0.0,1.293534755706787,ok
B_alpha1,0.8,0.5,1.0,3.1622776601683795,0.31622776601683794,0.6,20,200,5,1.0,predictive,P1+P2 (protect),coarse,0.001333521432163324,5,100.0,True,True,1.188398806223955e-05,1.8704150613592333e-05,55.29069851809748,9.999812958493862,4.572607146718856,0.45018616958019336,4.9773937252070874,49.99906479246935,1.1058346540598722,0.4999906479246931,4.960515973187297,5.485510465168045,0.0006352187079168188,0.0007129860156839618,0.45018616958019336,1.6622666220163675,0.45018616958019203,,0.0,1.1203782558441162,ok
B_alpha1,0.8,0.5,1.0,3.1622776601683795,0.31622776601683794,0.6,20,200,5,1.0,predictive,P1+P2 (protect),coarse,0.005623413251903491,5,100.0,True,True,2.5506990304545666e-05,4.013590418931578e-05,58.09514833151076,9.999598640958121,2.3451754501319977,0.9074175701432119,6.74780833876667,49.99799320479045,1.161949602528137,0.49997993204790603,4.629863394494256,5.379667930992173,0.013605890217391147,0.018176059475127602,0.9074175701432119,2.388259650470631,0.9074175701432119,,0.0,1.0894646644592285,ok
B_alpha1,0.8,0.5,1.0,3.1622776601683795,0.31622776601683794,0.6,20,200,5,1.0,predictive,P1+P2 (protect),coarse,0.023713737056616554,5,100.0,True,True,3.687541728522307e-05,5.801844594065203e-05,60.49581188329644,9.999419815540593,1.0773504931726676,1.3136911482906968,7.609538542996042,49.997099077702956,1.2099864391987407,0.49997099077702967,4.496540803235124,5.440753395218313,0.029927952133821573,0.046411722168263704,1.3136911482906968,2.9964972012436117,1.3136911482906954,,0.0,1.0801513195037842,ok
B_alpha1,0.8,0.5,1.0,3.1622776601683795,0.31622776601683794,0.6,20,200,5,1.0,predictive,P1+P2 (protect),coarse,0.1,5,100.0,True,True,4.217109312717272e-05,6.634854566210599e-05,61.928589533323,9.999336514543407,0.5710613294630499,1.5625104314056775,7.867091724587866,49.99668257271689,1.2386539735561841,0.4999668257271703,4.475847797928847,5.544026659937264,0.03313205100272658,0.053864650307972016,1.5625104314056775,3.576713531028325,1.5625104314056695,,0.0,1.3423736095428467,ok
B_alpha1,0.8,0.5,1.0,3.1622776601683795,0.31622776601683794,0.6,20,200,5,1.0,predictive,P1+P2 (protect),coarse,0.4216965034285822,5,100.0,True,True,4.460596355186969e-05,7.017946692233506e-05,62.76930258062997,9.999298205330803,0.32581072597765265,1.7054930744119354,7.96939799427961,49.99649102665383,1.2554741601198927,0.4999649102665401,4.474266415409521,5.617325870038911,0.032772086232830566,0.05367646763536693,1.7054930744119354,4.103602596499877,1.7054930744119379,,0.0,1.2425086498260498,ok
B_alpha1,0.8,0.5,1.0,3.1622776601683795,0.31622776601683794,0.6,20,200,5,1.0,predictive,P1+P2 (protect),coarse,1.7782794100389228,5,100.0,True,True,4.682231603122134e-05,7.366759549680935e-05,63.49501865582416,9.99926332404501,0.15420751768416213,1.8208946002137296,8.025634558057098,49.99631662022513,1.2699939305156407,0.4999631662022505,4.478930341862135,5.6882143493672555,0.03240168983379813,0.05312588520248959,1.8208946002137296,4.574852376493757,1.8208946002137265,,0.0,1.1095256805419922,ok
B_alpha1,0.8,0.5,1.0,3.1622776601683795,0.31622776601683794,0.6,20,200,5,1.0,predictive,P1+P2 (protect),coarse,7.498942093324558,5,100.0,True,True,4.927343645618877e-05,7.752527151357595e-05,64.21470992166269,9.999224747284854,0.05587238424123256,1.9325161136207498,8.012386754853162,49.99612373642431,1.284393771409113,0.4999612373642427,4.498700068299501,5.77810234716163,0.032142116791325226,0.052710959848584385,1.9325161136207498,4.9883873548400715,1.9325161136207445,,0.0,1.1387791633605957,ok
B_alpha1,0.8,0.5,1.0,3.1622776601683795,0.31622776601683794,0.6,20,200,5,1.0,predictive,P1+P2 (protect),coarse,31.622776601683793,5,100.0,True,True,5.1180086695452935e-05,8.052596026215543e-05,64.74583619424492,9.999194740397359,0.01671631401753679,2.0142805277008597,7.969808417884244,49.995973701986784,1.295021006695025,0.49995973701986796,4.5205974311461565,5.854268636145839,0.03196935589511796,0.05243000242721708,2.0142805277008597,5.279660702537067,2.0142805277008575,,0.0,1.1534180641174316,ok
B_alpha1,0.8,0.5,1.0,3.1622776601683795,0.31622776601683794,0.6,20,200,5,1.0,predictive,P1+P2 (protect),coarse,0.00031622776601683794,10,3.0,True,True,1.4125991913977425e-06,2.22452233058181e-06,52.405985182576615,9.999977754776703,9.705115089323375,0.007285416600150142,0.2876217392997731,49.99988877388344,1.0481220352224054,0.49999888773883516,5.95188830994455,6.238305288835525,8.61253841502966e-15,8.748353797450875e-15,0.007285416600150142,0.05733247323134461,0.007285416600150142,,0.0,1.4954028129577637,ok
B_alpha1,0.8,0.5,1.0,3.1622776601683795,0.31622776601683794,0.6,20,200,5,1.0,predictive,P1+P2 (protect),coarse,0.001333521432163324,10,3.0,True,True,1.8975745151496659e-06,2.988070515279783e-06,52.565814737862944,9.999970119294844,9.038112953713098,0.02885332018026607,0.9330636068117926,49.99985059647421,1.0513194361738687,0.49999850596474216,5.809526861776082,6.107668504759375,5.588264934746045e-09,5.955434498154251e-09,0.02885332018026607,0.21121432658878123,0.028853320180266078,,0.0,1.330099105834961,ok
B_alpha1,0.8,0.5,1.0,3.1622776601683795,0.31622776601683794,0.6,20,200,5,1.0,predictive,P1+P2 (protect),coarse,0.005623413251903491,10,3.0,True,True,3.474220889157962e-06,5.470049575073508e-06,53.08605646634946,9.999945299504258,7.623496230961141,0.10443796209224149,2.2721205074423594,49.99972649752125,1.0617269370259699,0.4999972649752129,5.518815286445113,5.85947485008947,8.405416666438752e-05,0.00010619776740694161,0.10443796209224149,0.6374499725086481,0.1044379620922414,,0.0,1.30873441696167,ok
B_alpha1,0.8,0.5,1.0,3.1622776601683795,0.31622776601683794,0.6,20,200,5,1.0,predictive,P1+P2 (protect),coarse,0.023713737056616554,10,3.0,True,True,8.055200101161306e-06,1.2679930664345815e-05,54.434936059089004,9.999873200693349,5.464417409269398,0.32159978083150836,4.214109609205744,49.99936600346684,1.0887125259811217,0.49999366003466744,5.11337440611598,5.5669947659697465,0.011339021389758846,0.0216883171299971,0.32159978083150836,1.4035658325577776,0.32159978083150725,,0.0,1.4618945121765137,ok
B_alpha1,0.8,0.5,1.0,3.1622776601683795,0.31622776601683794,0.6,20,200,5,1.0,predictive,P1+P2 (protect),coarse,0.1,10,3.0,True,True,1.7240132787289842e-05,2.7132451132547443e-05,56.692980081486816,9.999728675488697,3.0263945663952385,0.7463255297399223,6.227551228376143,49.998643377443265,1.1338903668547071,0.49998643377443486,4.723019757525826,5.355386605522988,0.06252789582786772,0.19814596851347857,0.7463255297399223,2.191157696082825,0.7463255297399211,,0.0,1.4170401096343994,ok
B_alpha1,0.8,0.5,1.0,3.1622776601683795,0.31622776601683794,0.6,20,200,5,1.0,predictive,P1+P2 (protect),coarse,0.4216965034285822,10,3.0,True,True,2.814747331496174e-05,4.4292506541892905e-05,59.30415202874634,9.999557074934584,1.2500686279617388,1.2379610786639403,7.512413218439738,49.99778537467294,1.1861355774927518,0.4999778537467292,4.507082557034606,5.34601097159575,0.10018655760394533,0.41303178056903694,1.2379610786639403,2.9547644535359034,1.2379610786639377,,0.0,1.3100061416625977,ok
B_alpha1,0.8,0.5,1.0,3.1622776601683795,0.31622776601683794,0.6,20,200,5,1.0,predictive,P1+P2 (protect),coarse,1.7782794100389228,10,3.0,True,True,3.606047039834325e-05,5.674172581752673e-05,61.510977504610636,9.999432582741829,0.4247086254653495,1.6189423735553108,7.956916418237512,49.997162913709346,1.2302893588336825,0.4999716291370914,4.4640857854700755,5.492117238784536,0.11344208922633216,0.4914622581802442,1.6189423735553108,3.8045444406267985,1.618942373555314,,0.0,1.263913631439209,ok
B_alpha1,0.8,0.5,1.0,3.1622776601683795,0.31622776601683794,0.6,20,200,5,1.0,predictive,P1+P2 (protect),coarse,7.498942093324558,10,3.0,True,True,4.057849089814228e-05,6.385056790350971e-05,62.98157079620054,9.999361494320961,0.13261357221276474,1.8613006447438716,8.006724288722403,49.99680747160491,1.2597118492409776,0.4999680747160481,4.489287781573928,5.655209013101419,0.11600339278496931,0.5002315237795892,1.8613006447438716,4.574322702487935,1.8613006447438667,,0.0,1.3874242305755615,ok
B_alpha1,0.8,0.5,1.0,3.1622776601683795,0.31622776601683794,0.6,20,200,5,1.0,predictive,P1+P2 (protect),coarse,31.622776601683793,10,3.0,True,True,4.282188375705337e-05,6.738089709863584e-05,63.73712332056707,9.999326191029015,0.044102305306705156,1.9825150829083529,7.974056420755927,49.99663095514507,1.2748283654902548,0.4999663095514507,4.5148816330245,5.755699172610596,0.1161144885882731,0.49840821286727993,1.9825150829083529,5.032105905962591,1.982515082908352,,0.0,1.3441135883331299,ok
B_alpha1,0.8,0.5,1.0,3.1622776601683795,0.31622776601683794,0.6,20,200,5,1.0,predictive,P1+P2 (protect),coarse,0.00031622776601683794,10,10.0,True,True,1.7283707571792838e-06,2.7216800684643357e-06,52.509737852501885,9.999972783199306,9.24428538131185,0.021171162909054613,0.7345706725797907,49.99986391599652,1.0501976153519565,0.4999986391599653,5.853149551457198,6.1469637012387235,6.213933633830084e-10,6.537775446441233e-10,0.021171162909054613,0.15836787525711427,0.021171162909054634,,0.0,1.3406133651733398,ok
B_alpha1,0.8,0.5,1.0,3.1622776601683795,0.31622776601683794,0.6,20,200,5,1.0,predictive,P1+P2 (protect),coarse,0.001333521432163324,10,10.0,True,True,2.9477261029466277e-06,4.641267322176724e-06,52.9141571710731,9.999953587326777,8.003792880868884,0.07901367700066686,1.9172398548036718,49.99976793663392,1.0582880552192295,0.4999976793663389,5.595049740451282,5.921174308677042,2.1638425483612913e-05,2.6207674836944404e-05,0.07901367700066686,0.5050871468174197,0.07901367700066668,,0.0,1.3149054050445557,ok
B_alpha1,0.8,0.5,1.0,3.1622776601683795,0.31622776601683794,0.6,20,200,5,1.0,predictive,P1+P2 (protect),coarse,0.005623413251903491,10,10.0,True,True,6.658426005950504e-06,1.0481676120391352e-05,54.038365461753585,9.999895183238786,5.982394845474835,0.2559136907554447,3.761796280530933,49.99947591619404,1.0807786376067077,0.4999947591619393,5.205535508845328,5.626031575263193,0.006442057930914626,0.011334016629783124,0.2559136907554447,1.1950780686050742,0.2559136907554452,,0.0,1.5487749576568604,ok
B_alpha1,0.8,0.5,1.0,3.1622776601683795,0.31622776601683794,0.6,20,200,5,1.0,predictive,P1+P2 (protect),coarse,0.023713737056616554,10,10.0,True,True,1.4861942225866413e-05,2.3390326241107308e-05,56.095862788423155,9.999766096737575,3.5470917604323975,0.6372236513278412,5.815918491502185,49.99883048368792,1.1219434983929153,0.4999883048368788,4.799476741530059,5.384741725847664,0.05287644003745786,0.15605640104697566,0.6372236513278412,1.952321637769406,0.6372236513278425,,0.0,1.3358006477355957,ok
B_alpha1,0.8,0.5,1.0,3.1622776601683795,0.31622776601683794,0.6,20,200,5,1.0,predictive,P1+P2 (protect),coarse,0.1,10,10.0,True,True,2.5515002775697765e-05,4.015027279902221e-05,58.58233237914037,9.999598497272,1.6212238072275071,1.116360766223551,7.2628169292769424,49.99799248636,1.1716936914041554,0.4999799248636,4.545107000113896,5.325473198790318,0.09588093884866523,0.3865485983638488,1.116360766223551,2.6172787388163856,1.1163607662235533,,0.0,1.298901081085205,ok
B_alpha1,0.8,0.5,1.0,3.1622776601683795,0.31622776601683794,0.6,20,200,5,1.0,predictive,P1+P2 (protect),coarse,0.4216965034285822,10,10.0,True,True,3.346360907001284e-05,5.265493929351282e-05,60.707489389524206,9.999473450607084,0.6470311213513369,1.4921095232971273,7.861385904744451,49.99736725303533,1.2142137221403126,0.4999736725303542,4.4665678231319115,5.423367941717152,0.1127097693040226,0.487802637506554,1.4921095232971273,3.3468151197257536,1.4921095232971255,,0.0,1.3112328052520752,ok
B_alpha1,0.8,0.5,1.0,3.1622776601683795,0.31622776601683794,0.6,20,200,5,1.0,predictive,P1+P2 (protect),coarse,1.7782794100389228,10,10.0,True,True,3.82363732213548e-05,6.016438245083775e-05,62.25026775754903,9.999398356175513,0.24240091557625829,1.7481030434647762,8.010097684783453,49.996991780877416,1.2450802646362054,0.49996991780877564,4.471508313979773,5.567386754892928,0.11641957993094193,0.5026542819825526,1.7481030434647762,4.1375128046732295,1.748103043464773,,0.0,1.427220106124878,ok
B_alpha1,0.8,0.5,1.0,3.1622776601683795,0.31622776601683794,0.6,20,200,5,1.0,predictive,P1+P2 (protect),coarse,7.498942093324558,10,10.0,True,True,4.122949044395838e-05,6.487457785198503e-05,63.24683967839474,9.999351254221471,0.08504487613168392,1.9075332115903278,8.008070658056516,49.99675627110731,1.265018861132488,0.49996756271107357,4.495935524972714,5.687443237526078,0.11654470082036825,0.5004877695052132,1.9075332115903278,4.734350710764169,1.9075332115903283,,0.0,1.2714102268218994,ok
B_alpha1,0.8,0.5,1.0,3.1622776601683795,0.31622776601683794,0.6,20,200,5,1.0,predictive,P1+P2 (protect),coarse,31.622776601683793,10,10.0,True,True,4.298163429919797e-05,6.763218055337197e-05,63.80686919102457,9.999323678194463,0.03250819948480205,1.9946970806117181,7.973471041709017,49.996618390972294,1.2762236976120356,0.49996618390972314,4.516845384601326,5.764505118277761,0.11622671163877751,0.4982692740582517,1.9946970806117181,5.078692462395203,1.9946970806117197,,0.0,1.3935017585754395,ok
B_alpha1,0.8,0.5,1.0,3.1622776601683795,0.31622776601683794,0.6,20,200,5,1.0,predictive,P1+P2 (protect),coarse,0.00031622776601683794,10,30.0,True,True,2.4910835578852393e-06,3.922421438729762e-06,52.763457136407844,9.999960775785611,8.39642727719041,0.05699118076377018,1.546620766260208,49.99980387892807,1.0552732819547015,0.49999803878928056,5.675346033230266,5.989041034715499,2.653124043244336e-06,3.0577543686221214e-06,0.05699118076377018,0.3835570683613406,0.05699118076377026,,0.0,1.517798900604248,ok
B_alpha1,0.8,0.5,1.0,3.1622776601683795,0.31622776601683794,0.6,20,200,5,1.0,predictive,P1+P2 (protect),coarse,0.001333521432163324,10,30.0,True,True,5.333778193761888e-06,8.396899354256532e-06,53.6555971582737,9.999916031006446,6.558898279422191,0.19344210363778994,3.2477435859335735,49.99958015503225,1.073120954054121,0.4999958015503223,5.312107536521832,5.700533907630395,0.00246920335082983,0.0038830151381995777,0.19344210363778994,0.9894058590810739,0.1934421036377899,,0.0,1.2908909320831299,ok
B_alpha1,0.8,0.5,1.0,3.1622776601683795,0.31622776601683794,0.6,20,200,5,1.0,predictive,P1+P2 (protect),coarse,0.005623413251903491,10,30.0,True,True,1.2351961606256688e-05,1.9440983185866766e-05,55.49252225095432,9.99980559016816,4.16430201900294,0.5216889316845477,5.314203459144353,49.99902795084073,1.1098720220224045,0.499990279508408,4.895288074189017,5.433143273282327,0.039114961241411554,0.10289721417478569,0.5216889316845477,1.7529606315111137,0.5216889316845479,,0.0,1.5509350299835205,ok
B_alpha1,0.8,0.5,1.0,3.1622776601683795,0.31622776601683794,0.6,20,200,5,1.0,predictive,P1+P2 (protect),coarse,0.023713737056616554,10,30.0,True,True,2.2782134250923905e-05,3.585071052433547e-05,57.90584646321889,9.999641492894774,2.0546308857310334,0.9932283712542168,6.952499250119976,49.99820746447375,1.1581584500677133,0.4999820746447387,4.59659928377303,5.323590302076934,0.08831210681320864,0.3400770581252739,0.9932283712542168,2.3923269960247993,0.9932283712542165,,0.0,1.3017590045928955,ok
B_alpha1,0.8,0.5,1.0,3.1622776601683795,0.31622776601683794,0.6,20,200,5,1.0,predictive,P1+P2 (protect),coarse,0.1,10,30.0,True,True,3.129749076761384e-05,4.924654876679789e-05,60.05236786175603,9.999507534512327,0.9101257254619168,1.3848679088999318,7.705498831125825,49.997537672561684,1.20110650758532,0.49997537672561637,4.485610921369644,5.387696468152862,0.11050305008785415,0.47604444356844944,1.3848679088999318,3.0081818174098993,1.3848679088999343,,0.0,1.4395158290863037,ok
B_alpha1,0.8,0.5,1.0,3.1622776601683795,0.31622776601683794,0.6,20,200,5,1.0,predictive,P1+P2 (protect),coarse,0.4216965034285822,10,30.0,True,True,3.601213871277658e-05,5.666382598539978e-05,61.52835375063428,9.999433361740136,0.42197953637547053,1.6353937310231275,7.943193370861266,49.99716680870075,1.2306368076026024,0.4999716680870068,4.469655809989002,5.500522957087289,0.11648277033319648,0.5038792129841431,1.6353937310231275,3.68842591850537,1.6353937310231221,,0.0,1.2979378700256348,ok
B_alpha1,0.8,0.5,1.0,3.1622776601683795,0.31622776601683794,0.6,20,200,5,1.0,predictive,P1+P2 (protect),coarse,1.7782794100389228,10,30.0,True,True,3.9040347793257524e-05,6.142904372334002e-05,62.56676631109837,9.999385709562763,0.18361534309841107,1.8031048606948625,8.013894086643964,49.996928547814,1.2514121992766685,0.4999692854781381,4.478921822624346,5.6049774084385975,0.11709904824340275,0.5033047206334905,1.8031048606948625,4.321148834809274,1.803104860694861,,0.0,1.3279521465301514,ok
B_alpha1,0.8,0.5,1.0,3.1622776601683795,0.31622776601683794,0.6,20,200,5,1.0,predictive,P1+P2 (protect),coarse,7.498942093324558,10,30.0,True,True,4.1428981224814424e-05,6.518837686637959e-05,63.33232337753637,9.999348116231353,0.07086304639331178,1.922430176367869,8.007358661007467,49.99674058115674,1.266729043561005,0.4999674058115676,4.4983360553612295,5.698172929023714,0.1166799165900994,0.5003308916924092,1.922430176367869,4.790601482813388,1.9224301763678657,,0.0,1.607372760772705,ok
B_alpha1,0.8,0.5,1.0,3.1622776601683795,0.31622776601683794,0.6,20,200,5,1.0,predictive,P1+P2 (protect),coarse,31.622776601683793,10,30.0,True,True,4.3027954941893295e-05,6.770504195396794e-05,63.82735484451041,9.999322949580469,0.02915817431117458,1.9982755204100169,7.97324335569834,49.99661474790237,1.276633531417011,0.49996614747902346,4.517434806973531,5.767108750572743,0.11625763649288438,0.4982167418469572,1.9982755204100169,5.092684822968003,1.9982755204100118,,0.0,1.4080636501312256,ok
B_alpha1,0.8,0.5,1.0,3.1622776601683795,0.31622776601683794,0.6,20,200,5,1.0,predictive,P1+P2 (protect),coarse,0.00031622776601683794,10,100.0,True,True,4.611186682852762e-06,7.259606648706685e-06,53.43899085035217,9.999927403933514,6.922530107873306,0.1591303228189314,2.9184121653742485,49.99963701966749,1.0687875759844376,0.4999963701966757,5.3812422460793075,5.751404855972154,0.0011137181773060699,0.0016337079141967707,0.1591303228189314,0.861958909238576,0.15913032281893155,,0.0,1.253197431564331,ok
B_alpha1,0.8,0.5,1.0,3.1622776601683795,0.31622776601683794,0.6,20,200,5,1.0,predictive,P1+P2 (protect),coarse,0.001333521432163324,10,100.0,True,True,1.0825337187104175e-05,1.7038828745038685e-05,55.119212449827565,9.999829611712547,4.582502752108334,0.45084203051319804,4.96682560566592,49.99914805856281,1.1024030326530314,0.49999148058562737,4.96300115488665,5.47122752420754,0.02996390479011758,0.07239506135291435,0.45084203051319804,1.6251750344514977,0.45084203051319843,,0.0,1.3262231349945068,ok
B_alpha1,0.8,0.5,1.0,3.1622776601683795,0.31622776601683794,0.6,20,200,5,1.0,predictive,P1+P2 (protect),coarse,0.005623413251903491,10,100.0,True,True,2.0954921508676504e-05,3.297607329836278e-05,57.4735470434572,9.999670239267001,2.3634892702420243,0.9115050068392423,6.725335483651733,49.9983511963351,1.1495088471571446,0.49998351196335006,4.635558486526382,5.32861549177646,0.08209556915256162,0.3032927937541204,0.9115050068392423,2.270634800382237,0.91150500683924,,0.0,1.3799710273742676,ok
B_alpha1,0.8,0.5,1.0,3.1622776601683795,0.31622776601683794,0.6,20,200,5,1.0,predictive,P1+P2 (protect),coarse,0.023713737056616554,10,100.0,True,True,2.9973154037471783e-05,4.716294486201988e-05,59.67520036282212,9.999528370551365,1.0887470260607406,1.3209583669695668,7.590766236418327,49.99764185275701,1.1935602990750145,0.49997641852756824,4.50188486768811,5.3732710490791025,0.10836185949079252,0.46393501857511454,1.3209583669695668,2.8443258819000774,1.3209583669695666,,0.0,1.3619685173034668,ok
B_alpha1,0.8,0.5,1.0,3.1622776601683795,0.31622776601683794,0.6,20,200,5,1.0,predictive,P1+P2 (protect),coarse,0.1,10,100.0,True,True,3.4780050907942374e-05,5.4724773669718256e-05,61.11548740877542,9.999452752263295,0.5778595417650544,1.5708935724305397,7.8517941335411106,49.99726376131643,1.2223766424606082,0.49997263761316474,4.4805769894660825,5.47695265666981,0.11626069181834169,0.5035327668415209,1.5708935724305397,3.4145397967494917,1.5708935724305357,,0.0,1.2987816333770752,ok
B_alpha1,0.8,0.5,1.0,3.1622776601683795,0.31622776601683794,0.6,20,200,5,1.0,predictive,P1+P2 (protect),coarse,0.4216965034285822,10,100.0,True,True,3.7201342632618524e-05,5.8534490085021765e-05,61.97834963939112,9.99941465509916,0.33214437783021034,1.7133864509650132,7.9550545161056165,49.997073275495666,1.2396395544570338,0.499970732754958,4.4787067457639695,5.551982034862559,0.11755334325346244,0.5056453318063757,1.7133864509650132,3.9370064172733903,1.7133864509650163,,0.0,1.254608154296875,ok
B_alpha1,0.8,0.5,1.0,3.1622776601683795,0.31622776601683794,0.6,20,200,5,1.0,predictive,P1+P2 (protect),coarse,1.7782794100389228,10,100.0,True,True,3.934798472720068e-05,6.191296682902301e-05,62.69551509160745,9.999380870331718,0.16197096936262775,1.8254751136167229,8.013173046688932,49.99690435165849,1.2539879399458802,0.4999690435165859,4.48244805988151,5.620935808525222,0.11730033856439347,0.5031042100350569,1.8254751136167229,4.404241354286077,1.8254751136167224,,0.0,1.658447504043579,ok
B_alpha1,0.8,0.5,1.0,3.1622776601683795,0.31622776601683794,0.6,20,200,5,1.0,predictive,P1+P2 (protect),coarse,7.498942093324558,10,100.0,True,True,4.15001944839476e-05,6.530039582105135e-05,63.363320446977326,9.999346996041805,0.065829269169209,1.927832319569632,8.006991415219355,49.996734980208856,1.2673491673418198,0.49996734980209023,4.499231172256931,5.702096879838182,0.11672502944277315,0.5002516353105946,1.927832319569632,4.81157517786448,1.9278323195696272,,0.0,1.2380752563476562,ok
B_alpha1,0.8,0.5,1.0,3.1622776601683795,0.31622776601683794,0.6,20,200,5,1.0,predictive,P1+P2 (protect),coarse,31.622776601683793,10,100.0,True,True,4.304423719128319e-05,6.773065361660674e-05,63.834584030931445,9.999322693463808,0.027981622413165236,1.999538364272266,7.97315731985076,49.996613467319136,1.27677815763777,0.4999661346731904,4.51764409872455,5.768029309232674,0.1162683392770198,0.4981970094258253,1.999538364272266,5.097656301689192,1.999538364272264,,0.0,1.3139464855194092,ok
B_alpha1,0.8,0.5,1.0,3.1622776601683795,0.31622776601683794,0.6,20,200,5,1.0,predictive,P1+P2 (protect),coarse,0.00031622776601683794,20,3.0,True,True,1.2388136350384213e-06,1.9508994356925252e-06,52.3499187932705,9.999980491005642,9.967785616330133,0.0064506648641220075,0.025783227800102893,49.99990245502819,1.047000418457936,0.4999990245502821,6.010830807600596,6.293342370837677,0.007782460452128713,0.008153372527928367,0.0064506648641220075,0.0017071549308608487,0.006450664864122025,,0.0,8.469353675842285,ok
B_alpha1,0.8,0.5,1.0,3.1622776601683795,0.31622776601683794,0.6,20,200,5,1.0,predictive,P1+P2 (protect),coarse,0.001333521432163324,20,3.0,True,True,1.2438764531291762e-06,1.9588708613126327e-06,52.35154253991301,9.999980411291373,9.86603833477769,0.026873806445904074,0.10710744748503309,49.999902056456904,1.0470329018005031,0.4999990205645687,5.995556504650691,6.277544924973294,0.02825334801390988,0.03387034884195548,0.026873806445904074,0.007015200280353905,0.02687380644590413,,0.0,8.09396743774414,ok
B_alpha1,0.8,0.5,1.0,3.1622776601683795,0.31622776601683794,0.6,20,200,5,1.0,predictive,P1+P2 (protect),coarse,0.005623413251903491,20,3.0,True,True,1.2654372639241432e-06,1.992817986784857e-06,52.35852530684332,9.99998007182013,9.466335771542244,0.10788495938349955,0.4257991972541273,49.999900359100614,1.0471725929612459,0.49999900359100646,5.935846848462612,6.215856135725433,0.07483787311705757,0.13464952891943394,0.10788495938349955,0.026841923784608923,0.10788495938349967,,0.0,8.119394302368164,ok
B_alpha1,0.8,0.5,1.0,3.1622776601683795,0.31622776601683794,0.6,20,200,5,1.0,predictive,P1+P2 (protect),coarse,0.023713737056616554,20,3.0,True,True,1.3628747251066078e-06,2.146221475960433e-06,52.392335155366716,9.99997853778524,8.155438228379401,0.37967359247194205,1.4649096413634162,49.99989268892618,1.0478489520232592,0.49999892688926206,5.742310606997748,6.017074151734636,0.12234824559710876,0.46324510330487917,0.37967359247194205,0.08462714531045532,0.37967359247194277,,0.0,8.198151350021362,ok
B_alpha1,0.8,0.5,1.0,3.1622776601683795,0.31622776601683794,0.6,20,200,5,1.0,predictive,P1+P2 (protect),coarse,0.1,20,3.0,True,True,1.8023146000276462e-06,2.837942908421856e-06,52.63637671886908,9.999971620570921,5.5026025137624766,0.9584926354065982,3.538933230260004,49.99985810285463,1.0527305219664997,0.49999858102854605,5.361484486837077,5.644198362343287,0.14460569951007496,1.11910894948788,0.9584926354065982,0.23209526061980268,0.9584926354065996,,0.0,8.3503098487854,ok
B_alpha1,0.8,0.5,1.0,3.1622776601683795,0.31622776601683794,0.6,20,200,5,1.0,predictive,P1+P2 (protect),coarse,0.4216965034285822,20,3.0,True,True,2.7663242844690217e-06,4.355185716618859e-06,53.51648044428205,9.999956448142823,3.0791989235477244,1.576459179500243,5.34438544880921,49.99978224071419,1.070334270390167,0.4999978224071412,5.047131074446524,5.40211735613126,0.15207945686860294,1.6900430712098342,1.576459179500243,0.5736193705086716,1.5764591795002434,,0.0,8.100354671478271,ok
B_alpha1,0.8,0.5,1.0,3.1622776601683795,0.31622776601683794,0.6,20,200,5,1.0,predictive,P1+P2 (protect),coarse,1.7782794100389228,20,3.0,True,True,3.6813978152682865e-06,5.795340776763917e-06,54.5945905235436,9.999942046592228,1.9701132860060224,1.9528353476271525,6.077109319774598,49.9997102329613,1.0918981383926745,0.49999710232961136,4.938439160642129,5.392272526070622,0.15471508396066427,1.9217507040324195,1.9528353476271525,1.0128246233675602,1.9528353476271463,,0.0,8.348589181900024,ok
B_alpha1,0.8,0.5,1.0,3.1622776601683795,0.31622776601683794,0.6,20,200,5,1.0,predictive,P1+P2 (protect),coarse,7.498942093324558,20,3.0,True,True,4.191533919242492e-06,6.598197747375833e-06,55.30996741286231,9.999934018022534,1.6178090589271168,2.125412455078856,6.256844467971494,49.99967009011269,1.106206647227453,0.4999967009011267,4.923846076941911,5.4467912602379585,0.15576205997571513,1.9785879484214377,2.125412455078856,1.3960084391545073,2.125412455078867,,0.0,8.055429220199585,ok
B_alpha1,0.8,0.5,1.0,3.1622776601683795,0.31622776601683794,0.6,20,200,5,1.0,predictive,P1+P2 (protect),coarse,31.622776601683793,20,3.0,True,True,4.375363839474132e-06,6.887514319763876e-06,55.59090511961632,9.999931124856788,1.522458778193748,2.1844011976999895,6.293208899249475,49.99965562428398,1.111825760108171,0.4999965562428394,4.9245136974900685,5.475201184874995,0.1561517531873268,1.9900873912869468,2.1844011976999895,1.5757072192373047,2.184401197700003,,0.0,8.472092390060425,ok
B_alpha1,0.8,0.5,1.0,3.1622776601683795,0.31622776601683794,0.6,20,200,5,1.0,predictive,P1+P2 (protect),coarse,0.00031622776601683794,20,10.0,True,True,1.2424843826732174e-06,1.956679045151724e-06,52.351095502578914,9.999980433209545,9.893696603503324,0.021313182090409413,0.08500978119672098,49.999902166047676,1.0470239587414196,0.49999902166047727,5.999705202871585,6.281835092792099,0.023222074812419332,0.02688245319741967,0.021313182090409413,0.005584039740506707,0.021313182090409482,,0.0,7.961949110031128,ok
B_alpha1,0.8,0.5,1.0,3.1622776601683795,0.31622776601683794,0.6,20,200,5,1.0,predictive,P1+P2 (protect),coarse,0.001333521432163324,20,10.0,True,True,1.25947372424452e-06,1.983428571450136e-06,52.3565824048716,9.999980165714273,9.571740385889221,0.08641272873116485,0.3418667196653402,49.999900828571405,1.047133725012381,0.49999900828571364,5.9515517706255725,6.232070575179187,0.06591224705229683,0.10810774903527169,0.08641272873116485,0.021756373575386862,0.08641272873116486,,0.0,8.17402720451355,ok
B_alpha1,0.8,0.5,1.0,3.1622776601683795,0.31622776601683794,0.6,20,200,5,1.0,predictive,P1+P2 (protect),coarse,0.005623413251903491,20,10.0,True,True,1.3349351629794822e-06,2.102235719031918e-06,52.38210554310564,9.999978977642806,8.467520166714179,0.314284207029906,1.218216648613108,49.99989488821404,1.0476443132574091,0.4999989488821403,5.788127611541964,6.063898976640129,0.11626413412817319,0.38523392931544004,0.314284207029906,0.07143844822506547,0.31428420702990634,,0.0,7.960447788238525,ok
B_alpha1,0.8,0.5,1.0,3.1622776601683795,0.31622776601683794,0.6,20,200,5,1.0,predictive,P1+P2 (protect),coarse,0.023713737056616554,20,10.0,True,True,1.688993939380729e-06,2.659575959606847e-06,52.55972290027402,9.999973404240414,5.982295836236137,0.8494490802391169,3.1682816792843322,49.99986702120202,1.0511972537444252,0.4999986702120207,5.428700018819452,5.706634551185317,0.14237498140487392,1.0018986375521552,0.8494490802391169,0.19582975451326348,0.8494490802391189,,0.0,8.09169864654541,ok
B_alpha1,0.8,0.5,1.0,3.1622776601683795,0.31622776601683794,0.6,20,200,5,1.0,predictive,P1+P2 (protect),coarse,0.1,20,10.0,True,True,2.5940516653109125e-06,4.084056531323986e-06,53.33712962101132,9.999959159434692,3.3831752277893616,1.4894812811032,5.127384331672745,49.99979579717339,1.066746949075072,0.4999979579717346,5.083003550119983,5.422278529228252,0.1513437370850198,1.6214212927146137,1.4894812811032,0.507450637579207,1.4894812811032063,,0.0,8.125253915786743,ok
B_alpha1,0.8,0.5,1.0,3.1622776601683795,0.31622776601683794,0.6,20,200,5,1.0,predictive,P1+P2 (protect),coarse,0.4216965034285822,20,10.0,True,True,3.5571202107959578e-06,5.599752060245105e-06,54.4345792432426,9.999944002479381,2.080330397156747,1.9079739949213848,6.0117516054424875,49.99972001239695,1.0886976813019367,0.4999972001239691,4.946436582296537,5.385174037853315,0.1544340272060754,1.9010827800372163,1.9079739949213848,0.9395980335552937,1.9079739949213848,,0.0,8.057054996490479,ok
B_alpha1,0.8,0.5,1.0,3.1622776601683795,0.31622776601683794,0.6,20,200,5,1.0,predictive,P1+P2 (protect),coarse,1.7782794100389228,20,10.0,True,True,4.135720406127275e-06,6.510357450256515e-06,55.22683684288981,9.999934896425495,1.6495365933663872,2.1072061621482088,6.243322348059908,49.99967448212756,1.1045439278335842,0.49999674482127476,4.924158556226877,5.438949432970186,0.1556503444494677,1.9743118786499805,2.1072061621482088,1.346132177942875,2.1072061621482003,,0.0,8.224164009094238,ok
B_alpha1,0.8,0.5,1.0,3.1622776601683795,0.31622776601683794,0.6,20,200,5,1.0,predictive,P1+P2 (protect),coarse,7.498942093324558,20,10.0,True,True,4.358747000742921e-06,6.861362145616818e-06,55.565142641671414,9.999931386378544,1.5305693419039907,2.17913507001286,6.290364201704605,49.999656931892666,1.1113104779370748,0.49999656931892716,4.924363482975477,5.472496735801355,0.15611387504346877,1.9891878189373213,2.17913507001286,1.5585343874413964,2.1791350700128627,,0.0,8.255139589309692,ok
B_alpha1,0.8,0.5,1.0,3.1622776601683795,0.31622776601683794,0.6,20,200,5,1.0,predictive,P1+P2 (protect),coarse,31.622776601683793,20,10.0,True,True,4.420641282117072e-06,6.958773739751261e-06,55.66137266490522,9.99993041226261,1.5008010047813143,2.198675685847196,6.30059289710888,49.99965206131308,1.1132352000499792,0.49999652061313055,4.924994617833931,5.482677368629427,0.15625986802403613,1.9924224164342945,2.198675685847196,1.6233465607583197,2.1986756858471894,,0.0,8.112289428710938,ok
B_alpha1,0.8,0.5,1.0,3.1622776601683795,0.31622776601683794,0.6,20,200,5,1.0,predictive,P1+P2 (protect),coarse,0.00031622776601683794,20,30.0,True,True,1.2530196584622554e-06,1.9732667716759857e-06,52.354489844342005,9.999980267332282,9.690144029722251,0.06238143298680056,0.24749426995866664,49.99990133666138,1.0470918630784212,0.49999901336661406,5.969226963462951,6.250328982310368,0.05353147368800957,0.07826456009099764,0.06238143298680056,0.01592699913580116,0.06238143298680057,,0.0,8.106659173965454,ok
B_alpha1,0.8,0.5,1.0,3.1622776601683795,0.31622776601683794,0.6,20,200,5,1.0,predictive,P1+P2 (protect),coarse,0.001333521432163324,20,30.0,True,True,1.3055286321188408e-06,2.0559390380822063e-06,52.37187086290229,9.999979440609618,8.844812662961834,0.23576925870115284,0.9194386377273958,49.99989720304811,1.047439570729949,0.4999989720304809,5.843720394979098,6.120943981982754,0.10607350517206089,0.2907520263980991,0.23576925870115284,0.05519939831196989,0.23576925870115356,,0.0,8.065612316131592,ok
B_alpha1,0.8,0.5,1.0,3.1622776601683795,0.31622776601683794,0.6,20,200,5,1.0,predictive,P1+P2 (protect),coarse,0.005623413251903491,20,30.0,True,True,1.556403597935942e-06,2.4508710920964252e-06,52.48118803239832,9.999975491289094,6.6680120488896435,0.6977113193144243,2.634301140506839,49.99987745644547,1.0496263331468023,0.4999987745644547,5.526339789135628,5.800591768593702,0.13833524634373098,0.8330391646780921,0.6977113193144243,0.15368967840750924,0.6977113193144252,,0.0,8.024839401245117,ok
B_alpha1,0.8,0.5,1.0,3.1622776601683795,0.31622776601683794,0.6,20,200,5,1.0,predictive,P1+P2 (protect),coarse,0.023713737056616554,20,30.0,True,True,2.3468757832212944e-06,3.6950370934909894e-06,53.09400146949479,9.999963049629075,3.8940981859021706,1.351316452858597,4.754622311610157,49.99981524814544,1.061883953090489,0.49999815248145374,5.146315888906614,5.464790259964549,0.1500231772180446,1.5035435918542934,1.351316452858597,0.41701310240416756,1.3513164528585946,,0.0,8.384503841400146,ok
B_alpha1,0.8,0.5,1.0,3.1622776601683795,0.31622776601683794,0.6,20,200,5,1.0,predictive,P1+P2 (protect),coarse,0.1,20,30.0,True,True,3.3572512149424464e-06,5.285196945216851e-06,54.187148983865036,9.999947148030563,2.281192071137894,1.8324978991549477,5.886362881676595,49.99973574015273,1.0837487075026593,0.4999973574015281,4.963372245784663,5.3790482562237,0.15394524456306735,1.8614313840370258,1.8324978991549477,0.8332834451040871,1.832497899154937,,0.0,8.379021406173706,ok
B_alpha1,0.8,0.5,1.0,3.1622776601683795,0.31622776601683794,0.6,20,200,5,1.0,predictive,P1+P2 (protect),coarse,0.4216965034285822,20,30.0,True,True,4.037149551838628e-06,6.3552253146203626e-06,55.08291463282455,9.999936447746874,1.709242938700435,2.0747126714471924,6.216107942105498,49.99968223873423,1.1016652939876563,0.4999968223873437,4.925411271890138,5.426154656856966,0.15545418522990512,1.9657059278515532,2.0747126714471924,1.2633210071736818,2.074712671447195,,0.0,8.357046365737915,ok
B_alpha1,0.8,0.5,1.0,3.1622776601683795,0.31622776601683794,0.6,20,200,5,1.0,predictive,P1+P2 (protect),coarse,1.7782794100389228,20,30.0,True,True,4.3273765617744145e-06,6.8119903113115415e-06,55.51667372751612,9.999931880096897,1.5461332049485925,2.169155208483414,6.284779706471097,49.99965940048451,1.110341038182715,0.49999659400484486,4.924122461002368,5.467455245488195,0.15604438447108587,1.987421846485316,2.169155208483414,1.526592626335933,2.1691552084834145,,0.0,7.998369216918945,ok
B_alpha1,0.8,0.5,1.0,3.1622776601683795,0.31622776601683794,0.6,20,200,5,1.0,predictive,P1+P2 (protect),coarse,7.498942093324558,20,30.0,True,True,4.412620986687225e-06,6.9461510652815295e-06,55.648863841318,9.999930538489354,1.5045918540448613,2.1961553343216926,6.299322273144092,49.99965269244688,1.1129850077883543,0.49999652692446767,4.924902233629769,5.481342350853312,0.15624010911502992,1.9920206098564668,2.1961553343216926,1.6148203022071643,2.1961553343216904,,0.0,8.044061660766602,ok
B_alpha1,0.8,0.5,1.0,3.1622776601683795,0.31622776601683794,0.6,20,200,5,1.0,predictive,P1+P2 (protect),coarse,31.622776601683793,20,30.0,True,True,4.433961181867194e-06,6.979737169690166e-06,55.68216993005727,9.999930202628313,1.4945470890749224,2.202853407330793,6.302669300965972,49.999651013141495,1.1136511715936224,0.49999651013141566,4.925154470402658,5.484904046243487,0.1562933656972353,1.9930790329873749,2.202853407330793,1.6375873024282306,2.2028534073307906,,0.0,8.05351972579956,ok
B_alpha1,0.8,0.5,1.0,3.1622776601683795,0.31622776601683794,0.6,20,200,5,1.0,predictive,P1+P2 (protect),coarse,0.00031622776601683794,20,100.0,True,True,1.2907667370708297e-06,2.032697803620657e-06,52.366891359027605,9.999979673021963,9.057462584716422,0.19179302414668883,0.750764718114926,49.99989836510975,1.047339956106182,0.4999989836510982,5.875157568242478,6.153287269639979,0.09816939445976167,0.23741264961374262,0.19179302414668883,0.04577118196758757,0.1917930241466886,,0.0,8.116041421890259,ok
B_alpha1,0.8,0.5,1.0,3.1622776601683795,0.31622776601683794,0.6,20,200,5,1.0,predictive,P1+P2 (protect),coarse,0.001333521432163324,20,100.0,True,True,1.4855942847720005e-06,2.3394085909676627e-06,52.4449084126545,9.999976605914098,7.118633536848676,0.6000399652558358,2.2813498919813915,49.99988302957037,1.048900622060218,0.4999988302957049,5.59127253273909,5.864689237698242,0.13487925119735417,0.7214261798440291,0.6000399652558358,0.13055628142736092,0.6000399652558353,,0.0,8.001509428024292,ok
B_alpha1,0.8,0.5,1.0,3.1622776601683795,0.31622776601683794,0.6,20,200,5,1.0,predictive,P1+P2 (protect),coarse,0.005623413251903491,20,100.0,True,True,2.182985678116832e-06,3.437093472550061e-06,52.94346004044937,9.999965629065269,4.293479798253596,1.2487404437124994,4.457814128968636,49.9998281453264,1.0588728402539143,0.4999982814532634,5.1978460299714175,5.503857988958368,0.1488892042883856,1.4096846033220432,1.2487404437124994,0.35941061725954215,1.2487404437124991,,0.0,8.355696439743042,ok
B_alpha1,0.8,0.5,1.0,3.1622776601683795,0.31622776601683794,0.6,20,200,5,1.0,predictive,P1+P2 (protect),coarse,0.023713737056616554,20,100.0,True,True,3.2066319468645555e-06,5.0481508808515035e-06,54.00798097943923,9.999949518491192,2.453567514529174,1.7724063671824417,5.774076599797192,49.99974759245599,1.0801650724250458,0.4999974759245596,4.97966575436318,5.378861020214225,0.1535393314980995,1.8259233439639568,1.7724063671824417,0.760645398354208,1.772406367182444,,0.0,8.09381914138794,ok
B_alpha1,0.8,0.5,1.0,3.1622776601683795,0.31622776601683794,0.6,20,200,5,1.0,predictive,P1+P2 (protect),coarse,0.1,20,100.0,True,True,3.95578325219892e-06,6.227170240045224e-06,54.96698206428047,9.999937728297576,1.762350684824573,2.047532580866172,6.19017900601168,49.99968864148794,1.0993464871033387,0.4999968864148788,4.927173053127592,5.41667038730605,0.1552910821219449,1.957506478315383,2.047532580866172,1.1997622751701893,2.0475325808661844,,0.0,8.095964193344116,ok
B_alpha1,0.8,0.5,1.0,3.1622776601683795,0.31622776601683794,0.6,20,200,5,1.0,predictive,P1+P2 (protect),coarse,0.4216965034285822,20,100.0,True,True,4.299460162143737e-06,6.768054644285827e-06,55.47374610319654,9.999932319453567,1.5602748535397526,2.1602339756236333,6.279558851383047,49.999661597267746,1.1094824311016522,0.49999661597267836,4.923958607283451,5.463045566252749,0.15598433619158586,1.985770867144123,2.1602339756236333,1.4987126817482184,2.160233975623632,,0.0,8.078128099441528,ok
B_alpha1,0.8,0.5,1.0,3.1622776601683795,0.31622776601683794,0.6,20,200,5,1.0,predictive,P1+P2 (protect),coarse,1.7782794100389228,20,100.0,True,True,4.405309538809083e-06,6.934644011473234e-06,55.63747002112802,9.999930653559886,1.50806443289952,2.193854619044642,6.298150294495952,49.999653267799395,1.1127571169970387,0.4999965326779943,4.924820626082787,5.480129201607433,0.1562223441584872,1.9916499976667448,2.193854619044642,1.6070799026783993,2.193854619044639,,0.0,8.102528095245361,ok
B_alpha1,0.8,0.5,1.0,3.1622776601683795,0.31622776601683794,0.6,20,200,5,1.0,predictive,P1+P2 (protect),coarse,7.498942093324558,20,100.0,True,True,4.432185679050072e-06,6.976942805850763e-06,55.679396111786154,9.999930230571918,1.4953777342141832,2.2022971127214293,6.30239492249247,49.99965115285966,1.113595691729174,0.4999965115285959,4.925132708837342,5.484606565755701,0.15628884845891747,1.9929922668956412,2.2022971127214293,1.6356833107663231,2.2022971127214266,,0.0,8.05347228050232,ok
B_alpha1,0.8,0.5,1.0,3.1622776601683795,0.31622776601683794,0.6,20,200,5,1.0,predictive,P1+P2 (protect),coarse,31.622776601683793,20,100.0,True,True,4.438664432025349e-06,6.987139352048852e-06,55.68952000796286,9.999930128606477,1.4923511276713632,2.204326139785048,6.3033926039371115,49.999650643032346,1.113798182422369,0.4999965064303239,4.925212777978973,5.4856930401564075,0.15630541337776535,1.993307761470089,2.204326139785048,1.642639365008016,2.204326139785038,,0.0,8.040442943572998,ok
B_alpha1,0.8,0.5,1.0,3.1622776601683795,0.31622776601683794,0.6,20,200,5,1.0,base,Base,fine,0.11547819846894582,0,1.0,False,False,1.2883144996930354e-05,2.0277102735367525e-05,55.63635459609966,9.999797228972637,4.3423904582837904,0.501451427171352,5.15636088557222,49.99898614486324,1.1127496552610714,0.4999898614486319,4.927850648440341,5.483464110230036,0.0,0.0,,,,,1.6609845118676972e-28,0.4033846855163574,ok
B_alpha1,0.8,0.5,1.0,3.1622776601683795,0.31622776601683794,0.6,20,200,5,1.0,base,Base,fine,0.1333521432163324,0,1.0,False,False,1.4103552006110682e-05,2.219733143595804e-05,55.91518549355548,9.99977802668558,4.092967573569319,0.5458059980504182,5.361448401694684,49.99889013342816,1.1183285337802291,0.499988901334279,4.888253050606595,5.466672866831606,0.0,0.0,,,,,4.637596785405568e-28,0.4531097412109375,ok
B_alpha1,0.8,0.5,1.0,3.1622776601683795,0.31622776601683794,0.6,20,200,5,1.0,base,Base,fine,0.1539926526059492,0,1.0,False,False,1.5406714667619047e-05,2.424771479231404e-05,56.20574781764034,9.999757522852034,3.845176956478555,0.5921289992674035,5.562936521402007,49.99878761426037,1.1241422142326036,0.4999878761426017,4.84976327384455,5.451823625163573,0.0,0.0,,,,,1.2289969776142033e-27,0.6360921859741211,ok
B_alpha1,0.8,0.5,1.0,3.1622776601683795,0.31622776601683794,0.6,20,200,5,1.0,base,Base,fine,0.1778279410038923,0,1.0,False,False,1.6786933667973096e-05,2.6419281757318837e-05,56.50677980239933,9.999735807182386,3.6002676124245725,0.6402281765804593,5.759768403812583,49.99867903591215,1.1301654542075534,0.4999867903591193,4.812590828766789,5.439023899908324,0.0,0.0,,,,,3.0960932220764727e-27,0.41633129119873047,ok
B_alpha1,0.8,0.5,1.0,3.1622776601683795,0.31622776601683794,0.6,20,200,5,1.0,base,Base,fine,0.2053525026457146,0,1.0,False,False,1.823636128848248e-05,2.8699682635221767e-05,56.81683080020218,9.999713003173712,3.3594988264064956,0.6898814916379143,5.9509066787818785,49.99856501586822,1.1363692294402854,0.49998565015868557,4.776936359410664,5.4283634898287785,0.0,0.0,,,,,7.425783317262326e-27,0.4061105251312256,ok
B_alpha1,0.8,0.5,1.0,3.1622776601683795,0.31622776601683794,0.6,20,200,5,1.0,base,Base,fine,0.23713737056616552,0,1.0,False,False,1.9745189759419537e-05,3.1073485639109546e-05,57.13429540921159,9.999689265143562,3.1241046359348537,0.7408419587391584,6.135364140182425,49.998446325717985,1.142721416521759,0.4999844632571781,4.7429854461666965,5.419911047585694,0.0,0.0,,,,,1.698136182598978e-26,0.4421122074127197,ok
B_alpha1,0.8,0.5,1.0,3.1622776601683795,0.31622776601683794,0.6,20,200,5,1.0,base,Base,fine,0.27384196342643613,0,1.0,False,False,2.1301950487265525e-05,3.352264778695861e-05,57.457453130311684,9.999664773522111,2.8952585228941605,0.7928432785364591,6.312233425047269,49.998323867610665,1.149187586416934,0.49998323867610556,4.710902757075629,5.413710969248622,0.0,0.0,,,,,3.7077789777590095e-26,0.45412492752075195,ok
B_alpha1,0.8,0.5,1.0,3.1622776601683795,0.31622776601683794,0.6,20,200,5,1.0,base,Base,fine,0.31622776601683794,0,1.0,False,False,2.2893900759850893e-05,3.602712331806279e-05,57.784511277937455,9.99963972876679,2.674040928653364,0.8456059891056426,6.480713353474204,49.998198643834094,1.1557318632531093,0.49998198643833947,4.680827030018732,5.409780944969067,0.0,0.0,,,,,7.740068373479608e-26,0.45676136016845703,ok
B_alpha1,0.8,0.5,1.0,3.1622776601683795,0.31622776601683794,0.6,20,200,5,1.0,base,Base,fine,0.3651741272548377,0,1.0,False,False,2.4507469403806394e-05,3.856556474924208e-05,58.11364903132697,9.999614344352521,2.4614117333225836,0.8988438815308935,6.640130040794002,49.99807172176253,1.1623178060691488,0.49998071721762605,4.652867273864421,5.408110481689035,0.0,0.0,,,,,1.5467274916839e-25,0.4216632843017578,ok
B_alpha1,0.8,0.5,1.0,3.1622776601683795,0.31622776601683794,0.6,20,200,5,1.0,base,Base,fine,0.4869675251658631,0,1.0,False,False,2.7743884226659786e-05,4.365692847621814e-05,58.77099777772359,9.999563430715202,2.0650356949840076,1.0056053217655274,6.929795552535262,49.997817153576186,1.175471273019764,0.49997817153576013,4.603570619917757,5.41136501703111,0.0,0.0,,,,,5.444201310699134e-25,0.41536378860473633,ok
B_alpha1,0.8,0.5,1.0,3.1622776601683795,0.31622776601683794,0.6,20,200,5,1.0,base,Base,fine,0.5623413251903491,0,1.0,False,False,2.9339697487111763e-05,4.616733423506467e-05,59.09580558180491,9.999538326657644,1.8824512412056909,1.0585801255858294,7.059430306550835,49.997691633288255,1.1819706800715408,0.4999769163328822,4.58228978627561,5.416132174969058,0.0,0.0,,,,,9.61126839189548e-25,0.41548895835876465,ok
B_alpha1,0.8,0.5,1.0,3.1622776601683795,0.31622776601683794,0.6,20,200,5,1.0,base,Base,fine,0.6493816315762113,0,1.0,False,False,3.0903919475672195e-05,4.862801912069133e-05,59.41595840909991,9.999513719808808,1.7107724969716538,1.1109442353391639,7.178769547880374,49.99756859904397,1.188376956599366,0.4999756859904404,4.563239728023375,5.422848940221737,0.0,0.0,,,,,1.631838746251445e-24,0.41477227210998535,ok
B_alpha1,0.8,0.5,1.0,3.1622776601683795,0.31622776601683794,0.6,20,200,5,1.0,base,Base,fine,0.7498942093324559,0,1.0,False,False,3.242561700021161e-05,5.102179006082956e-05,59.73008704358442,9.999489782099417,1.5501780593800554,1.162469550163326,7.287862608357202,49.99744891049698,1.1946626947008905,0.49997448910497083,4.546375037803573,5.4313846537832795,0.0,0.0,,,,,2.6676759149715534e-24,0.4719820022583008,ok
B_alpha1,0.8,0.5,1.0,3.1622776601683795,0.31622776601683794,0.6,20,200,5,1.0,base,Base,fine,0.8659643233600653,0,1.0,False,False,3.3895436795431774e-05,5.3333939350093816e-05,60.037000442284366,9.999466660606483,1.4006979342141004,1.2129544388335434,7.386880966345872,49.99733330303248,1.200804052456193,0.49997333303032415,4.531626730550951,5.441595742264391,0.0,0.0,,,,,4.20419656737251e-24,0.44000959396362305,ok
B_alpha1,0.8,0.5,1.0,3.1622776601683795,0.31622776601683794,0.6,20,200,5,1.0,base,Base,fine,1.0,0,1.0,False,False,3.530577659602167e-05,5.555251346245201e-05,60.33569946383298,9.999444474865344,1.2622264793240119,1.2622264793240068,7.476102566486638,49.99722237432691,1.2067810289960184,0.4999722237432672,4.518906192373858,5.453330264769403,0.0,0.0,,,,,6.395811584445404e-24,0.46816062927246094,ok
B_alpha1,0.8,0.5,1.0,3.1622776601683795,0.31622776601683794,0.6,20,200,5,1.0,base,Base,fine,1.1547819846894583,0,1.0,False,False,3.6650860376012226e-05,5.766843116225957e-05,60.62538193802991,9.999423315688338,1.1345378003118767,1.3101438127493552,7.55589507125043,49.99711657844192,1.212577566206503,0.4999711657844169,4.508109162246759,5.466432036150413,0.0,0.0,,,,,9.40540098042211e-24,0.4128713607788086,ok
B_alpha1,0.8,0.5,1.0,3.1622776601683795,0.31622776601683794,0.6,20,200,5,1.0,base,Base,fine,1.333521432163324,0,1.0,False,False,3.792671865316265e-05,5.967545234423208e-05,60.90543877352726,9.999403245476545,1.0173027420354206,1.3565950095027508,7.6266990029852835,49.99701622738277,1.218181471000865,0.49997016227382723,4.4991195148774015,5.480744028842051,0.0,0.0,,,,,1.3389706999612324e-23,0.4109776020050049,ok
B_alpha1,0.8,0.5,1.0,3.1622776601683795,0.31622776601683794,0.6,20,200,5,1.0,base,Base,fine,1.539926526059492,0,1.0,False,False,3.91310821377701e-05,6.157001063387653e-05,61.1754415449144,9.999384299893693,0.9101067204891367,1.4014974804262295,7.68901149919094,49.99692149946827,1.2235841669884617,0.49996921499468466,4.491812686626388,5.4961108844339535,0.0,0.0,,,,,1.8482098725180045e-23,0.4840102195739746,ok
B_alpha1,0.8,0.5,1.0,3.1622776601683795,0.31622776601683794,0.6,20,200,5,1.0,predictive,P2 only,fine,0.0021544346900318843,0,100.0,False,False,1.6018742356293182e-05,2.5209441873187517e-05,56.179276466185215,9.99974790558128,3.7593964510536133,0.5926937545570489,5.648161888808058,49.99873952790634,1.12361385500187,0.499987395279064,4.830620941979091,5.42775261866989,0.0,0.0,0.5926937545570489,1.9220383121120914,0.5926937545570504,,0.0,1.0307586193084717,ok
B_alpha1,0.8,0.5,1.0,3.1622776601683795,0.31622776601683794,0.6,20,200,5,1.0,predictive,P2 only,fine,0.0034807005884284095,0,100.0,False,False,2.0761279338889385e-05,3.267036685913379e-05,57.14090032090656,9.999673296331405,3.0037393637241756,0.7485646846389032,6.248022655305515,49.998366481657065,1.1428553439214835,0.49998366481657025,4.718730071669025,5.39282587892995,0.0,0.0,0.7485646846389032,2.1649599872046204,0.7485646846389047,,0.0,1.0582013130187988,ok
B_alpha1,0.8,0.5,1.0,3.1622776601683795,0.31622776601683794,0.6,20,200,5,1.0,predictive,P2 only,fine,0.009085175756516871,0,100.0,False,False,3.0246893993782755e-05,4.75917799452473e-05,59.024498580059245,9.999524082200546,1.8058501943457643,1.0591732752313776,7.135452448222312,49.997620411002835,1.180546155894049,0.4999762041100273,4.565227166089326,5.389461381709838,0.0,0.0,1.0591732752313776,2.6043785201988947,1.0591732752313772,,0.0,1.0696370601654053,ok
B_alpha1,0.8,0.5,1.0,3.1622776601683795,0.31622776601683794,0.6,20,200,5,1.0,predictive,P2 only,fine,0.014677992676220698,0,100.0,False,False,3.415901837211715e-05,5.3745453129670695e-05,59.83768554822803,9.99946254546871,1.3876556824535025,1.195863524774474,7.417018247303314,49.997312727343534,1.1968180344921378,0.49997312727343546,4.522257165983352,5.412318932860181,0.0,0.0,1.195863524774474,2.807227111171181,1.1958635247744709,,0.0,1.3079700469970703,ok
B_alpha1,0.8,0.5,1.0,3.1622776601683795,0.31622776601683794,0.6,20,200,5,1.0,predictive,P1 only (protect),fine,0.6812920690579612,15,1.0,True,True,1.2288999126515126e-05,1.934296970585903e-05,55.976299405070115,9.999806570302926,2.0988799399325804,1.1132273427675432,6.788086146996951,49.99903285151466,1.1195476434775553,0.4999903285151463,4.651760618525746,5.207867638492194,0.12967067777166388,0.8850165714783743,1.1132273427675432,2.0034142095691627,1.1132273427675443,,0.0,2.5124900341033936,ok
B_alpha1,0.8,0.5,1.0,3.1622776601683795,0.31622776601683794,0.6,20,200,5,1.0,predictive,P1 only (protect),fine,1.1006941712522096,15,1.0,True,True,1.4076315407060376e-05,2.2155383254587995e-05,56.626662843456145,9.999778446167445,1.5713157139869296,1.2760424205968117,7.152863419248814,49.99889223083729,1.1325583491334057,0.4999889223083723,4.593953098772909,5.202919937542539,0.13441904776276262,0.9926172354772762,1.2760424205968117,2.22506355097366,1.2760424205968113,,0.0,2.6740176677703857,ok
B_alpha1,0.8,0.5,1.0,3.1622776601683795,0.31622776601683794,0.6,20,200,5,1.0,predictive,P1 only (protect),fine,2.872984833353665,15,1.0,True,True,1.7224763513659126e-05,2.710953318179703e-05,57.868575031095645,9.999728904668173,0.874119243679711,1.5415078560922413,7.584643995559874,49.99864452334101,1.157402877273617,0.4999864452334086,4.536465009253918,5.25051765436157,0.14020833795989715,1.1233581409830926,1.5415078560922413,2.6867959730401596,1.541507856092238,,0.0,2.5180633068084717,ok
B_alpha1,0.8,0.5,1.0,3.1622776601683795,0.31622776601683794,0.6,20,200,5,1.0,predictive,P1 only (protect),fine,4.641588833612779,15,1.0,True,True,1.8474780441594088e-05,2.9076476307032584e-05,58.40461396040191,9.999709235236946,0.6678020075314284,1.6429633989987278,7.689525358232899,49.998546176184746,1.168126244203099,0.49998546176184727,4.528060176294929,5.289345927261018,0.14191061130068805,1.1563101227588042,1.6429633989987278,2.916814275105041,1.6429633989987251,,0.0,2.715287446975708,ok
B_alpha1,0.8,0.5,1.0,3.1622776601683795,0.31622776601683794,0.6,20,200,5,1.0,predictive,P1+P2 (protect),fine,0.009085175756516871,10,30.0,True,True,1.5663548736309374e-05,2.465141794639528e-05,56.26765840325394,9.999753485820545,3.375546983766545,0.673582674268128,5.9511168561447825,49.99876742910264,1.1253809103002483,0.49998767429102725,4.774443822444066,5.373067935079501,0.05802230419873205,0.17885687592987684,0.673582674268128,1.9773530622633153,0.6735826742681298,,0.0,1.389742374420166,ok
B_alpha1,0.8,0.5,1.0,3.1622776601683795,0.31622776601683794,0.6,20,200,5,1.0,predictive,P1+P2 (protect),fine,0.014677992676220698,10,30.0,True,True,1.9225999760471932e-05,3.0256177607852287e-05,57.08405246144939,9.999697438223896,2.661874257887735,0.8343420681334448,6.504086235754924,49.99848719111954,1.1417155931787542,0.4999848719111948,4.673869063688611,5.33622919048907,0.07487251145936764,0.26250541568038777,0.8343420681334448,2.188325127316194,0.8343420681334449,,0.0,1.306262731552124,ok
B_alpha1,0.8,0.5,1.0,3.1622776601683795,0.31622776601683794,0.6,20,200,5,1.0,predictive,P1+P2 (protect),fine,0.03831186849557289,10,30.0,True,True,2.60772951673692e-05,4.103450354461855e-05,58.69298880281922,9.999589654964572,1.5662151171424552,1.1409759435977154,7.293219284295258,49.99794827482284,1.1739079467861862,0.49997948274822857,4.541949189593381,5.331830247562748,0.09837958267825837,0.40263422043943525,1.1409759435977154,2.593994741393329,1.1409759435977174,,0.0,1.3099172115325928,ok
B_alpha1,0.8,0.5,1.0,3.1622776601683795,0.31622776601683794,0.6,20,200,5,1.0,predictive,P1+P2 (protect),fine,0.061896581889126064,10,30.0,True,True,2.893575453448654e-05,4.553122691019981e-05,59.41347904167178,9.999544687730896,1.1907524229947544,1.271982309514188,7.537720579760161,49.997723438654425,1.1883236866688576,0.49997723438654484,4.506488178022747,5.355166645637613,0.10559111899607258,0.4473895082121009,1.271982309514188,2.7977386172597796,1.2719823095141851,,0.0,1.3311612606048584,ok
B_alpha1,0.8,0.5,1.0,17.78279410038923,0.056234132519034905,0.6,20,200,5,1.0,base,Base,coarse,5.623413251903491e-05,0,1.0,False,False,5.6310055215462735e-06,8.983565976824765e-06,52.72332742209727,9.999910164340195,9.977593353580172,0.0005610813068662664,0.02193540077276713,49.99955082170119,1.0544760213968538,0.4999955082170097,6.010802508385826,6.338247114444915,0.0,0.0,,,,,2.0473262436917041e-75,0.5256819725036621,ok
B_alpha1,0.8,0.5,1.0,17.78279410038923,0.056234132519034905,0.6,20,200,5,1.0,base,Base,coarse,0.00023713737056616554,0,1.0,False,False,5.744876565789345e-06,9.165227886049315e-06,52.73923503821892,9.999908347721147,9.907323664785356,0.0023493966832151374,0.09041859081028188,49.999541738605686,1.0547943681951362,0.49999541738605735,5.99562219763275,6.32414852788877,0.0,0.0,,,,,3.89281798274021e-63,0.418489933013916,ok
B_alpha1,0.8,0.5,1.0,17.78279410038923,0.056234132519034905,0.6,20,200,5,1.0,base,Base,coarse,0.001,0,1.0,False,False,6.196762007304151e-06,9.886132282857155e-06,52.80271485154013,9.99990113867714,9.639996208554937,0.009639996208554921,0.3504626565593678,49.99950569338587,1.0560647374264958,0.49999505693385704,5.9380547405898145,6.2709702204451405,0.0,0.0,,,,,1.8025153583722483e-51,0.41676974296569824,ok
B_alpha1,0.8,0.5,1.0,17.78279410038923,0.056234132519034905,0.6,20,200,5,1.0,base,Base,coarse,0.004216965034285823,0,1.0,False,False,7.804477904873385e-06,1.2450936006668297e-05,53.02876602240384,9.999875490639882,8.803463921639121,0.0371238995381489,1.159536688182848,49.99937745319969,1.0605885257679402,0.4999937745319941,5.759666849873862,6.108636573222196,0.0,0.0,,,,,1.724538445702075e-41,0.458585262298584,ok
B_alpha1,0.8,0.5,1.0,17.78279410038923,0.056234132519034905,0.6,20,200,5,1.0,base,Base,coarse,0.01778279410038923,0,1.0,False,False,1.2866816856155135e-05,2.0526686046002074e-05,53.67742076322318,9.999794733139558,6.87674573383054,0.12228775346543815,3.0011717795644643,49.99897366569769,1.0735704521080824,0.4999897366569779,5.35701188991711,5.751129676606685,0.0,0.0,,,,,3.1480223686002487e-34,0.4157412052154541,ok
B_alpha1,0.8,0.5,1.0,17.78279410038923,0.056234132519034905,0.6,20,200,5,1.0,base,Base,coarse,0.07498942093324558,0,1.0,False,False,2.46593057684457e-05,3.9338068001137255e-05,54.99614836946319,9.99960661931995,4.081918280535303,0.30610068815417063,5.612374411990576,49.99803309659996,1.0999662379359303,0.4999803309659975,4.795571614533517,5.274966867590768,0.0,0.0,,,,,1.9398284081929702e-29,0.4659082889556885,ok
B_alpha1,0.8,0.5,1.0,17.78279410038923,0.056234132519034905,0.6,20,200,5,1.0,base,Base,coarse,0.31622776601683794,0,1.0,False,False,4.032832393473887e-05,6.43329605526607e-05,56.96749487009071,9.999356670394448,1.897683190554016,0.6001001159565996,7.502860023094937,49.99678335197238,1.1394231998695838,0.4999678335197224,4.413278318122966,5.028591703150726,0.0,0.0,,,,,2.4820859416056664e-26,0.43550539016723633,ok
B_alpha1,0.8,0.5,1.0,17.78279410038923,0.056234132519034905,0.6,20,200,5,1.0,base,Base,coarse,1.333521432163324,0,1.0,False,False,5.6415074545154996e-05,8.999438153922631e-05,59.410402917761274,9.999100056184606,0.7349958439684323,0.980132710482875,8.285771389364086,49.995500280923075,1.188315000028726,0.4999550028092303,4.29377817806079,5.10236101578565,0.0,0.0,,,,,1.726641630269023e-24,0.4113759994506836,ok
B_alpha1,0.8,0.5,1.0,17.78279410038923,0.056234132519034905,0.6,20,200,5,1.0,base,Base,coarse,5.623413251903491,0,1.0,False,False,7.000245191861254e-05,0.0001116690290935466,61.64965529833413,9.99888330970908,0.23691663732794127,1.3322801579463577,8.431919895016621,49.99441654854529,1.2331308084868124,0.49994416548545406,4.313736390950627,5.3194012433719315,0.0,0.0,,,,,2.5894805132217455e-25,0.598219633102417,ok
B_alpha1,0.8,0.5,1.0,17.78279410038923,0.056234132519034905,0.6,20,200,5,1.0,predictive,Check,check,0.01778279410038923,0,1.0,False,False,1.2866816856155135e-05,2.0526686046002074e-05,53.677420763223175,9.999794733139549,6.876745733830553,0.12228775346543866,3.0011717795644586,49.99897366569769,1.0735704521080824,0.49998973665697743,5.357011889917109,5.751129676606683,0.0,0.0,0.12228775346543866,0.6172887578920608,0.12228775346543878,4.198933534536274e-15,0.0,1.0389513969421387,ok
B_alpha1,0.8,0.5,1.0,17.78279410038923,0.056234132519034905,0.6,20,200,5,1.0,predictive,P2 only,coarse,5.623413251903491e-05,0,3.0,False,False,5.6857306273631e-06,9.070870601878525e-06,52.730969526985795,9.999909291293985,9.939638490022938,0.0014190920477689462,0.05903312663530791,49.99954645646993,1.054628956942517,0.49999546456469923,6.002562613256128,6.330476347800459,0.0,0.0,0.0014190920477689462,0.010828574637012856,0.0014190920477689464,,0.0,1.0224065780639648,ok
B_alpha1,0.8,0.5,1.0,17.78279410038923,0.056234132519034905,0.6,20,200,5,1.0,predictive,P2 only,coarse,0.00023713737056616554,0,3.0,False,False,5.964861837676891e-06,9.516176218764143e-06,52.77011375545636,9.999904838237818,9.759319436549637,0.005881597445380708,0.23489412776716456,49.99952419118906,1.0554123185987345,0.4999952419118909,5.963560937140528,6.294015675772327,0.0,0.0,0.005881597445380708,0.04380793956586955,0.005881597445380705,,0.0,1.178107738494873,ok
B_alpha1,0.8,0.5,1.0,17.78279410038923,0.056234132519034905,0.6,20,200,5,1.0,predictive,P2 only,coarse,0.001,0,3.0,False,False,6.997215751542534e-06,1.1163105389075592e-05,52.915686402604784,9.999888368946113,9.152471943938892,0.023306440402133057,0.8243332467128628,49.99944184473056,1.0583255422516595,0.49999441844730563,5.833208625308039,6.173433681446188,0.0,0.0,0.023306440402133057,0.15880021016015422,0.023306440402133057,,0.0,1.0016820430755615,ok
B_alpha1,0.8,0.5,1.0,17.78279410038923,0.056234132519034905,0.6,20,200,5,1.0,predictive,P2 only,coarse,0.004216965034285823,0,3.0,False,False,1.0375717360346799e-05,1.6552735765557208e-05,53.362521457319104,9.999834472642341,7.612019231440746,0.08136660031529105,2.3067796956016213,49.999172363211756,1.0672680953531548,0.4999917236321171,5.507510173792865,5.877989893322034,0.0,0.0,0.08136660031529105,0.4335982745724905,0.08136660031529125,,0.0,1.036672592163086,ok
B_alpha1,0.8,0.5,1.0,17.78279410038923,0.056234132519034905,0.6,20,200,5,1.0,predictive,P2 only,coarse,0.01778279410038923,0,3.0,False,False,1.92220959248486e-05,3.066449760365409e-05,54.34043810561983,9.99969335502397,5.025486248427144,0.21746157275449146,4.757358823794395,49.998466775119894,1.0868420895790465,0.4999846677511985,4.975135301556328,5.407186447081959,0.0,0.0,0.21746157275449146,0.8210893776515347,0.21746157275449154,,0.0,1.2060678005218506,ok
B_alpha1,0.8,0.5,1.0,17.78279410038923,0.056234132519034905,0.6,20,200,5,1.0,predictive,P2 only,coarse,0.07498942093324558,0,3.0,False,False,3.1868058092950996e-05,5.083686712352402e-05,55.8168399668955,9.99949163132875,2.660336082340582,0.43868125107458533,6.9014910352560825,49.99745815664385,1.1163935532886355,0.4999745815664375,4.524684136469053,5.051328200621407,0.0,0.0,0.43868125107458533,1.396204581257938,0.43868125107458517,,0.0,1.0280287265777588,ok
B_alpha1,0.8,0.5,1.0,17.78279410038923,0.056234132519034905,0.6,20,200,5,1.0,predictive,P2 only,coarse,0.31622776601683794,0,3.0,False,False,4.4833781281124996e-05,7.151947249334044e-05,57.801226895248064,9.999284805275071,1.228652240373643,0.7506562459047919,8.021406708446493,49.99642402637528,1.1561072220836317,0.4999642402637535,4.3189320380240135,4.9931485208479405,0.0,0.0,0.7506562459047919,2.2919980171130803,0.7506562459047913,,0.0,1.1222610473632812,ok
B_alpha1,0.8,0.5,1.0,17.78279410038923,0.056234132519034905,0.6,20,200,5,1.0,predictive,P2 only,coarse,1.333521432163324,0,3.0,False,False,5.839121553025672e-05,9.314640340294253e-05,60.1025079109816,9.999068535965963,0.4804845384640004,1.112064855226236,8.4083820703438,49.995342679829726,1.2021621352988454,0.49995342679829813,4.2859554784834595,5.15241338980946,0.0,0.0,1.112064855226236,3.3450264411497264,1.1120648552262375,,0.0,1.2522692680358887,ok
B_alpha1,0.8,0.5,1.0,17.78279410038923,0.056234132519034905,0.6,20,200,5,1.0,predictive,P2 only,coarse,5.623413251903491,0,3.0,False,False,7.06074496048375e-05,0.00011263402061230686,62.06252813850059,9.998873659793881,0.15484747671794086,1.4128084318316545,8.433470431656524,49.99436829896928,1.2413903855602895,0.49994368298969405,4.325495965387216,5.369629104211512,0.0,0.0,1.4128084318316545,4.254574010751492,1.4128084318316556,,0.0,1.0702788829803467,ok
B_alpha1,0.8,0.5,1.0,17.78279410038923,0.056234132519034905,0.6,20,200,5,1.0,predictive,P2 only,coarse,5.623413251903491e-05,0,10.0,False,False,5.871392181082326e-06,9.367061642370757e-06,52.75698884874771,9.999906329383581,9.813557610618425,0.004377269084893015,0.1821587909131015,49.999531646917895,1.0551496606268669,0.49999531646917905,5.975231381616366,6.304763364479514,0.0,0.0,0.004377269084893015,0.0328086394413454,0.004377269084893018,,0.0,1.0921947956085205,ok
B_alpha1,0.8,0.5,1.0,17.78279410038923,0.056234132519034905,0.6,20,200,5,1.0,predictive,P2 only,coarse,0.00023713737056616554,0,10.0,False,False,6.661097163784602e-06,1.0626891913843825e-05,52.86838355077759,9.999893731080862,9.322923808429179,0.017575535491060407,0.659606924998899,49.99946865540429,1.0573789076669158,0.4999946865540431,5.869507830941632,6.206293778823471,0.0,0.0,0.017575535491060407,0.12231481620295354,0.017575535491060418,,0.0,1.1454102993011475,ok
B_alpha1,0.8,0.5,1.0,17.78279410038923,0.056234132519034905,0.6,20,200,5,1.0,predictive,P2 only,coarse,0.001,0,10.0,False,False,9.295343824556598e-06,1.4829255619273947e-05,53.22407691008813,9.999851707443804,8.005003600393106,0.06332815131537387,1.9318165408477146,49.99925853721901,1.0644973239046853,0.4999925853721902,5.589387115501756,5.949887626718947,0.0,0.0,0.06332815131537387,0.3527450755240446,0.06332815131537392,,0.0,1.0832626819610596,ok
B_alpha1,0.8,0.5,1.0,17.78279410038923,0.056234132519034905,0.6,20,200,5,1.0,predictive,P2 only,coarse,0.004216965034285823,0,10.0,False,False,1.6623025921873402e-05,2.6518428824645318e-05,54.04306984587334,9.999734815711767,5.606169669844968,0.17709615025342723,4.216999364189837,49.99867407855871,1.0808900604236027,0.49998674078558836,5.09096951006458,5.5027783413484235,0.0,0.0,0.17709615025342723,0.6776664616805627,0.1770961502534276,,0.0,1.0536057949066162,ok
B_alpha1,0.8,0.5,1.0,17.78279410038923,0.056234132519034905,0.6,20,200,5,1.0,predictive,P2 only,coarse,0.01778279410038923,0,10.0,False,False,2.7697865408296175e-05,4.418446905668467e-05,55.2598770771522,9.999558155309435,3.2251945502548582,0.36126748765645234,6.413979806779254,49.99779077654715,1.1052463762673566,0.49997790776547174,4.623028413445207,5.1095854013413415,0.0,0.0,0.36126748765645234,1.074533848439423,0.36126748765645184,,0.0,1.151702642440796,ok
B_alpha1,0.8,0.5,1.0,17.78279410038923,0.056234132519034905,0.6,20,200,5,1.0,predictive,P2 only,coarse,0.07498942093324558,0,10.0,False,False,3.781991666919364e-05,6.033057336171061e-05,56.774111956911995,9.999396694266386,1.7445435432870495,0.6073337183250896,7.648726044121476,49.996983471331966,1.1355507475659208,0.4999698347133193,4.3814665893691815,4.97537766099328,0.0,0.0,0.6073337183250896,1.6856685790485657,0.6073337183250904,,0.0,1.0760362148284912,ok
B_alpha1,0.8,0.5,1.0,17.78279410038923,0.056234132519034905,0.6,20,200,5,1.0,predictive,P2 only,coarse,0.31622776601683794,0,10.0,False,False,4.773229814668102e-05,7.61427506328554e-05,58.625897063906734,9.999238572493647,0.8721864991163876,0.9057145831702291,8.222860345219736,49.99619286246831,1.1726072268177976,0.49996192862468236,4.296799095429172,5.038457671484423,0.0,0.0,0.9057145831702291,2.5704224486769105,0.9057145831702276,,0.0,1.1724531650543213,ok
B_alpha1,0.8,0.5,1.0,17.78279410038923,0.056234132519034905,0.6,20,200,5,1.0,predictive,P2 only,coarse,1.333521432163324,0,10.0,False,False,5.943710634480013e-05,9.481463784960369e-05,60.63268813689695,9.999051853621513,0.3637809780120046,1.214603753826396,8.422563414540088,49.9952592681075,1.2127687509678577,0.4999525926810756,4.298174858556036,5.212692154652453,0.0,0.0,1.214603753826396,3.572479474040221,1.2146037538263954,,0.0,1.1575233936309814,ok
B_alpha1,0.8,0.5,1.0,17.78279410038923,0.056234132519034905,0.6,20,200,5,1.0,predictive,P2 only,coarse,5.623413251903491,0,10.0,False,False,7.086634852712046e-05,0.00011304697547259662,62.2766818579302,9.998869530245281,0.12176042826254152,1.4547159953865836,8.424654046105593,49.994347651226384,1.2456744568883784,0.49994347651226406,4.333786777417958,5.398487490230151,0.0,0.0,1.4547159953865836,4.368320016268711,1.454715995386581,,0.0,1.114694595336914,ok
B_alpha1,0.8,0.5,1.0,17.78279410038923,0.056234132519034905,0.6,20,200,5,1.0,predictive,P2 only,coarse,5.623413251903491e-05,0,30.0,False,False,6.361663097880628e-06,1.0149200877368042e-05,52.82612000213243,9.999898507991235,9.498173965404513,0.012485598872457095,0.48944192773179473,49.99949253995613,1.0565331230095476,0.49999492539956175,5.907130245006284,6.241078765780643,0.0,0.0,0.012485598872457095,0.08921081541098716,0.0124855988724571,,0.0,1.0115201473236084,ok
B_alpha1,0.8,0.5,1.0,17.78279410038923,0.056234132519034905,0.6,20,200,5,1.0,predictive,P2 only,coarse,0.00023713737056616554,0,30.0,False,False,8.323777996679863e-06,1.3279349831036694e-05,53.097290044535136,9.99986720650169,8.433008531039894,0.04667085401794551,1.5204534084404706,49.999336032508445,1.0619599030277616,0.4999933603250845,5.679682908494399,6.031595510733147,0.0,0.0,0.04667085401794551,0.27863998534423035,0.04667085401794555,,0.0,1.2168681621551514,ok
B_alpha1,0.8,0.5,1.0,17.78279410038923,0.056234132519034905,0.6,20,200,5,1.0,predictive,P2 only,coarse,0.001,0,30.0,False,False,1.4181020203847037e-05,2.2622962911717245e-05,53.78121225495252,9.99977377037088,6.270806983678418,0.14033042910269122,3.589088816848011,49.998868851854404,1.0756485794569697,0.49998868851854394,5.2270951827521195,5.622517508013686,0.0,0.0,0.14033042910269122,0.5812976290209515,0.14033042910269095,,0.0,1.044968843460083,ok
B_alpha1,0.8,0.5,1.0,17.78279410038923,0.056234132519034905,0.6,20,200,5,1.0,predictive,P2 only,coarse,0.004216965034285823,0,30.0,False,False,2.4521442335626573e-05,3.91175492146728e-05,54.87223215284394,9.999608824507856,3.7945498885877837,0.3031696214249784,5.9026716654793825,49.998044122539284,1.0974875740810701,0.4999804412253928,4.729643560368568,5.190725037337055,0.0,0.0,0.3031696214249784,0.9094637767915642,0.30316962142497866,,0.0,1.1055662631988525,ok
B_alpha1,0.8,0.5,1.0,17.78279410038923,0.056234132519034905,0.6,20,200,5,1.0,predictive,P2 only,coarse,0.01778279410038923,0,30.0,False,False,3.390063066659791e-05,5.407846281094829e-05,56.155956246092664,9.999459215371884,2.2118923804616397,0.5154770729203154,7.273171331246161,49.99729607685952,1.1231798647623983,0.4999729607685942,4.452382123995681,5.000825951899989,0.0,0.0,0.5154770729203154,1.3430638769759675,0.5154770729203191,,0.0,1.0717079639434814,ok
B_alpha1,0.8,0.5,1.0,17.78279410038923,0.056234132519034905,0.6,20,200,5,1.0,predictive,P2 only,coarse,0.07498942093324558,0,30.0,False,False,4.108431412826215e-05,6.553747766658106e-05,57.57948443735607,9.999344625223323,1.3322857954120075,0.7568864859242846,7.911483093440385,49.99672312611666,1.1516651659772161,0.49996723126116616,4.344675461184681,5.003611386122394,0.0,0.0,0.7568864859242846,1.9469471003802994,0.7568864859242856,,0.0,1.0014445781707764,ok
B_alpha1,0.8,0.5,1.0,17.78279410038923,0.056234132519034905,0.6,20,200,5,1.0,predictive,P2 only,coarse,0.31622776601683794,0,30.0,False,False,4.9017097927063406e-05,7.819205971206914e-05,59.17872420602116,9.99921807940288,0.7346049486068728,1.0119380309593762,8.254238941030872,49.99609039701447,1.1836670374840956,0.499960903970144,4.305692535520328,5.096506327836731,0.0,0.0,1.0119380309593762,2.7941167147759662,1.0119380309593755,,0.0,1.491445779800415,ok
B_alpha1,0.8,0.5,1.0,17.78279410038923,0.056234132519034905,0.6,20,200,5,1.0,predictive,P2 only,coarse,1.333521432163324,0,30.0,False,False,5.981446230490965e-05,9.541653675169967e-05,60.879422738475945,9.999045834632469,0.3242784357433833,1.262636621765937,8.41403910785821,49.99522917316241,1.2177046439294292,0.4999522917316234,4.307320693719151,5.245044411635141,0.0,0.0,1.262636621765937,3.698058345813473,1.2626366217659373,,0.0,1.2045025825500488,ok
B_alpha1,0.8,0.5,1.0,17.78279410038923,0.056234132519034905,0.6,20,200,5,1.0,predictive,P2 only,coarse,5.623413251903491,0,30.0,False,False,7.094556607974717e-05,0.00011317333137657011,62.3474952526386,9.998868266686252,0.11167009196681067,1.4685873110557786,8.42087433029116,49.99434133343124,1.2470910425005801,0.4999434133343126,4.336725380826057,5.408291376213093,0.0,0.0,1.4685873110557786,4.4088645350826425,1.4685873110557779,,0.0,1.0490965843200684,ok
B_alpha1,0.8,0.5,1.0,17.78279410038923,0.056234132519034905,0.6,20,200,5,1.0,predictive,P2 only,coarse,5.623413251903491e-05,0,100.0,False,False,7.813711375230147e-06,1.246565164910249e-05,53.0285822665088,9.999875343483508,8.681477674293733,0.03776475320629147,1.280882229016468,49.99937671741757,1.060584866211662,0.4999937671741754,5.732389109142005,6.079685136392562,0.0,0.0,0.03776475320629147,0.23518358351170812,0.03776475320629146,,0.0,1.0613038539886475,ok
B_alpha1,0.8,0.5,1.0,17.78279410038923,0.056234132519034905,0.6,20,200,5,1.0,predictive,P2 only,coarse,0.00023713737056616554,0,100.0,False,False,1.2776547899623258e-05,2.038254991067594e-05,53.62867339659085,9.999796174500904,6.699858436974032,0.11901656382423711,3.1813288247008265,49.998980872504404,1.0725953301596691,0.4999898087250452,5.315878878435584,5.701786860704427,0.0,0.0,0.11901656382423711,0.5251925874615668,0.11901656382423698,,0.0,1.1063852310180664,ok
B_alpha1,0.8,0.5,1.0,17.78279410038923,0.056234132519034905,0.6,20,200,5,1.0,predictive,P2 only,coarse,0.001,0,100.0,False,False,2.259691808385752e-05,3.604764727864779e-05,54.65489596796913,9.999639523527215,4.1795551774515065,0.27007746632519103,5.550727832696088,49.99819761763602,1.0931373243880802,0.49998197617636075,4.804065687215638,5.251503511507486,0.0,0.0,0.27007746632519103,0.8336897864365566,0.2700774663251912,,0.0,1.182044267654419,ok
B_alpha1,0.8,0.5,1.0,17.78279410038923,0.056234132519034905,0.6,20,200,5,1.0,predictive,P2 only,coarse,0.004216965034285823,0,100.0,False,False,3.200152806347899e-05,5.1049067457682945e-05,55.85876386357655,9.99948950932543,2.4876959908150615,0.4689177438651272,7.043896755994381,49.9974475466271,1.1172323109391384,0.4999744754662715,4.497106122230574,5.024312265478211,0.0,0.0,0.4689177438651272,1.2014979195592055,0.46891774386512886,,0.0,1.0504918098449707,ok
B_alpha1,0.8,0.5,1.0,17.78279410038923,0.056234132519034905,0.6,20,200,5,1.0,predictive,P2 only,coarse,0.01778279410038923,0,100.0,False,False,3.815395741895718e-05,6.0862800469390134e-05,57.08239549223207,9.99939137199529,1.6467322520078131,0.6852699061025945,7.668606469894303,49.99695685997646,1.1417173979628277,0.49996956859976455,4.3887019826051805,5.01065740801429,0.0,0.0,0.6852699061025945,1.6365085748500523,0.685269906102596,,0.0,1.1232178211212158,ok
B_alpha1,0.8,0.5,1.0,17.78279410038923,0.056234132519034905,0.6,20,200,5,1.0,predictive,P2 only,coarse,0.07498942093324558,0,100.0,False,False,4.287419228023119e-05,6.83924158914546e-05,58.25529919707726,9.999316075841076,1.135608509926708,0.8859077271972865,7.979167687034929,49.99658037920545,1.1651856738047384,0.4999658037920538,4.34880609800371,5.067166563548608,0.0,0.0,0.8859077271972865,2.205710221246278,0.8859077271972866,,0.0,1.0180964469909668,ok
B_alpha1,0.8,0.5,1.0,17.78279410038923,0.056234132519034905,0.6,20,200,5,1.0,predictive,P2 only,coarse,0.31622776601683794,0,100.0,False,False,4.9594879898291937e-05,7.911364725458133e-05,59.51355802747531,9.99920886352743,0.6768409292962663,1.0769020522477637,8.247048154928539,49.99604431763729,1.1903653346926988,0.4999604431763715,4.3170833736712435,5.138906394996455,0.0,0.0,1.0769020522477637,2.9573809921145404,1.0769020522477637,,0.0,1.1329224109649658,ok
B_alpha1,0.8,0.5,1.0,17.78279410038923,0.056234132519034905,0.6,20,200,5,1.0,predictive,P2 only,coarse,1.333521432163324,0,100.0,False,False,5.995777917187593e-05,9.564513411824052e-05,60.98324681490628,9.999043548658815,0.30934257858353875,1.282887602412329,8.408726270345317,49.995217743294134,1.219781602473088,0.49995217743294074,4.311564447797232,5.259166991300103,0.0,0.0,1.282887602412329,3.7559921794365865,1.2828876024123281,,0.0,1.2858586311340332,ok
B_alpha1,0.8,0.5,1.0,17.78279410038923,0.056234132519034905,0.6,20,200,5,1.0,predictive,P2 only,coarse,5.623413251903491,0,100.0,False,False,7.097380853927178e-05,0.00011321837956145845,62.37331496173518,9.99886781620439,0.10806009960602521,1.473646235036021,8.419425849153564,49.994339081021906,1.2476075513399956,0.4999433908102195,4.337812894735293,5.4118881237717575,0.0,0.0,1.473646235036021,4.42403570350903,1.4736462350360189,,0.0,1.1554358005523682,ok
B_alpha1,0.8,0.5,1.0,17.78279410038923,0.056234132519034905,0.6,20,200,5,1.0,predictive,P2 only,coarse,5.623413251903491e-05,0,1000.0,False,False,1.8300094634339513e-05,2.919358150883037e-05,54.20400822316802,9.999708064184905,5.153103729139964,0.20188436644532903,4.645303840229802,49.9985403209245,1.084111813569956,0.4999854032092452,4.998073086117581,5.418470077746117,0.0,0.0,0.20188436644532903,0.7033512270842096,0.2018843664453289,,0.0,1.198472261428833,ok
B_alpha1,0.8,0.5,1.0,17.78279410038923,0.056234132519034905,0.6,20,200,5,1.0,predictive,P2 only,coarse,0.00023713737056616554,0,1000.0,False,False,2.8476974463590267e-05,4.542702008365264e-05,55.34837682040028,9.999545729799175,3.057380485743414,0.38288905428582143,6.56018473017159,49.997728648995825,1.1070178249289715,0.49997728648995876,4.593296179138163,5.084860745484084,0.0,0.0,0.38288905428582143,1.0305675403147907,0.38288905428582237,,0.0,1.2191851139068604,ok
B_alpha1,0.8,0.5,1.0,17.78279410038923,0.056234132519034905,0.6,20,200,5,1.0,predictive,P2 only,coarse,0.001,0,1000.0,False,False,3.553059455990196e-05,5.6678147554688684e-05,56.529207388238056,9.999433218524473,1.9899399288415196,0.5912006554806404,7.419426197153366,49.997166092622216,1.1306482308120207,0.49997166092622364,4.430773092615943,5.009645758295721,0.0,0.0,0.5912006554806404,1.3958207497358979,0.5912006554806419,,0.0,1.148958444595337,ok
B_alpha1,0.8,0.5,1.0,17.78279410038923,0.056234132519034905,0.6,20,200,5,1.0,predictive,P2 only,coarse,0.004216965034285823,0,1000.0,False,False,3.913923576570921e-05,6.243418049498915e-05,57.53324909115678,9.99937565819505,1.547993837147338,0.7777217611362154,7.674908743521398,49.99687829097526,1.150736827133903,0.49996878290975244,4.401181921454562,5.064602119933717,0.0,0.0,0.7777217611362154,1.7523823197495318,0.777721761136215,,0.0,1.1338930130004883,ok
B_alpha1,0.8,0.5,1.0,17.78279410038923,0.056234132519034905,0.6,20,200,5,1.0,predictive,P2 only,coarse,0.01778279410038923,0,1000.0,False,False,4.11181203143852e-05,6.559078383812585e-05,58.232336854055426,9.999344092161628,1.3193136021410572,0.9049539953443169,7.776388310352998,49.99672046080808,1.1647231321843032,0.4999672046080814,4.397419311820282,5.1217759943910615,0.0,0.0,0.9049539953443169,2.094185548676012,0.904953995344315,,0.0,1.084052562713623,ok
B_alpha1,0.8,0.5,1.0,17.78279410038923,0.056234132519034905,0.6,20,200,5,1.0,predictive,P2 only,coarse,0.07498942093324558,0,1000.0,False,False,4.383324743241265e-05,6.992215300421986e-05,58.79766341766767,9.999300778469957,1.039446769228241,0.9910273161955003,7.9702251361063015,49.99650389234985,1.1760354992874715,0.49996503892349786,4.366630274808979,5.135312215438766,0.0,0.0,0.9910273161955003,2.4718520438095006,0.9910273161955007,,0.0,1.1146354675292969,ok
B_alpha1,0.8,0.5,1.0,17.78279410038923,0.056234132519034905,0.6,20,200,5,1.0,predictive,P2 only,coarse,0.31622776601683794,0,1000.0,False,False,4.9844887876870766e-05,7.951242251064929e-05,59.68301384035245,9.999204875774868,0.6520537549443518,1.109897344831312,8.238844024449469,49.99602437887443,1.193755195174503,0.49996024378874343,4.323895755373898,5.161673021370572,0.0,0.0,1.109897344831312,3.0515645596109544,1.1098973448313105,,0.0,1.0971667766571045,ok
B_alpha1,0.8,0.5,1.0,17.78279410038923,0.056234132519034905,0.6,20,200,5,1.0,predictive,P2 only,coarse,1.333521432163324,0,1000.0,False,False,6.001459246949219e-05,9.573575425446874e-05,61.025872221533604,9.999042642457447,0.3033923293563252,1.2912062186547344,8.406358809531493,49.99521321228734,1.2206343027763158,0.4999521321228723,4.313349435595792,5.2650222809490845,0.0,0.0,1.2912062186547344,3.7807319631845915,1.2912062186547362,,0.0,1.2606170177459717,ok
B_alpha1,0.8,0.5,1.0,17.78279410038923,0.056234132519034905,0.6,20,200,5,1.0,predictive,P2 only,coarse,5.623413251903491,0,1000.0,False,False,7.098477059073277e-05,0.0001132358646111199,62.383416127927234,9.998867641353888,0.1066563119254049,1.4756255392967,8.418850507424006,49.99433820676938,1.2478096193596646,0.4999433820676944,4.338240330155636,5.41329801506225,0.0,0.0,1.4756255392967,4.4300283400359834,1.4756255392966997,,0.0,1.1000518798828125,ok
B_alpha1,0.8,0.5,1.0,17.78279410038923,0.056234132519034905,0.6,20,200,5,1.0,predictive,P1 only (protect),coarse,5.623413251903491e-05,5,1.0,True,True,5.6310055215462735e-06,8.983565976824765e-06,52.723327422097256,9.999910164340234,9.977593353580156,0.0005610813068662689,0.021935400772743918,49.9995508217012,1.0544760213968534,0.49999550821701166,6.0108025083858365,6.338247114444923,1.3171167821678035e-37,1.3172197883251422e-37,0.0005610813068662689,0.004303669415576229,0.000561081306866268,,0.0,1.0906038284301758,ok
B_alpha1,0.8,0.5,1.0,17.78279410038923,0.056234132519034905,0.6,20,200,5,1.0,predictive,P1 only (protect),coarse,0.00023713737056616554,5,1.0,True,True,5.744876565789346e-06,9.165227886049315e-06,52.73923503821894,9.99990834772113,9.907323664785348,0.002349396683215144,0.09041859081030701,49.999541738605735,1.0547943681951355,0.49999541738605646,5.995622197632742,6.324148527888758,7.925672792716824e-28,7.928285645199103e-28,0.002349396683215144,0.017871685809445682,0.002349396683215147,,0.0,1.1339492797851562,ok
B_alpha1,0.8,0.5,1.0,17.78279410038923,0.056234132519034905,0.6,20,200,5,1.0,predictive,P1 only (protect),coarse,0.001,5,1.0,True,True,6.196762007304153e-06,9.886132282857158e-06,52.8027148515401,9.999901138677174,9.639996208554942,0.009639996208554942,0.35046265655932807,49.99950569338586,1.0560647374264953,0.4999950569338587,5.938054740589829,6.270970220445153,1.164291667563684e-18,1.1659077590369037e-18,0.009639996208554942,0.07095495926032648,0.009639996208554946,,0.0,1.1647686958312988,ok
B_alpha1,0.8,0.5,1.0,17.78279410038923,0.056234132519034905,0.6,20,200,5,1.0,predictive,P1 only (protect),coarse,0.004216965034285823,5,1.0,True,True,7.804477903660161e-06,1.2450936004733167e-05,53.028766022352364,9.999875490639955,8.80346392163232,0.03712389953625685,1.1595366881914693,49.99937745319977,1.0605885257669088,0.4999937745319977,5.7596668498716435,6.108636573213902,3.570962017667764e-11,3.591728254075694e-11,0.03712389953625685,0.24411276671937965,0.037123899536256846,,0.0,1.1540498733520508,ok
B_alpha1,0.8,0.5,1.0,17.78279410038923,0.056234132519034905,0.6,20,200,5,1.0,predictive,P1 only (protect),coarse,0.01778279410038923,5,1.0,True,True,1.2866740806561865e-05,2.0526564744584013e-05,53.67741752471919,9.999794734352562,6.876745453627314,0.12228763045686623,3.001172181563258,49.998973671762755,1.073570387206445,0.49998973671762814,5.357011780913927,5.751129211905253,2.181795192899854e-06,2.2338755134638364e-06,0.12228763045686623,0.6172885808425852,0.12228763045686647,,0.0,1.1675775051116943,ok
B_alpha1,0.8,0.5,1.0,17.78279410038923,0.056234132519034905,0.6,20,200,5,1.0,predictive,P1 only (protect),coarse,0.07498942093324558,5,1.0,True,True,2.4639031293349028e-05,3.9305729639144e-05,54.995291032606914,9.999606942703611,4.081890064691111,0.3060657670002994,5.612437225604978,49.99803471351806,1.0999490549523088,0.4999803471351806,4.795552241308014,5.274863155801176,0.0005333931707938627,0.000581712792196145,0.3060657670002994,1.171780649129202,0.30606576700029975,,0.0,1.0571825504302979,ok
B_alpha1,0.8,0.5,1.0,17.78279410038923,0.056234132519034905,0.6,20,200,5,1.0,predictive,P1 only (protect),coarse,0.31622776601683794,5,1.0,True,True,4.0106022048508444e-05,6.397838450600446e-05,56.958431365393245,9.99936021615494,1.8976658484327293,0.5996883063600634,7.503285629052267,49.99680108077471,1.1392415141395016,0.499968010807747,4.413120906911433,5.0276105440704715,0.004781747791342023,0.00607536158747003,0.5996883063600634,2.0336760869720463,0.5996883063600638,,0.0,1.181570053100586,ok
B_alpha1,0.8,0.5,1.0,17.78279410038923,0.056234132519034905,0.6,20,200,5,1.0,predictive,P1 only (protect),coarse,1.333521432163324,5,1.0,True,True,5.59008336288387e-05,8.917416311280211e-05,59.39067101682098,9.999108258368855,0.7351276315791306,0.9791194828389901,8.286644627213024,49.99554129184437,1.187919352050484,0.49995541291844275,4.293430038291998,5.100248629161915,0.008829434491760468,0.013366995600640353,0.9791194828389901,3.0964716378372383,0.9791194828389937,,0.0,1.2332243919372559,ok
B_alpha1,0.8,0.5,1.0,17.78279410038923,0.056234132519034905,0.6,20,200,5,1.0,predictive,P1 only (protect),coarse,5.623413251903491,5,1.0,True,True,6.938969962677976e-05,0.00011069169020409127,61.62732192101394,9.998893083097967,0.23706687723813225,1.3310171295741402,8.433022910089761,49.99446541548977,1.2326828861724355,0.4999446541548983,4.313299084462854,5.316929964360595,0.009547046940660069,0.015656677178311203,1.3310171295741402,4.063848715583219,1.3310171295741369,,0.0,1.2075104713439941,ok
B_alpha1,0.8,0.5,1.0,17.78279410038923,0.056234132519034905,0.6,20,200,5,1.0,predictive,P1 only (protect),coarse,5.623413251903491e-05,10,1.0,True,True,5.6310055215462735e-06,8.983565976824765e-06,52.723327422097256,9.999910164340234,9.977593353580156,0.0005610813068662689,0.021935400772743918,49.9995508217012,1.0544760213968534,0.49999550821701166,6.0108025083858365,6.338247114444923,3.610987881817069e-23,3.628088286976349e-23,0.0005610813068662689,0.004303669415576229,0.000561081306866268,,0.0,1.3022336959838867,ok
B_alpha1,0.8,0.5,1.0,17.78279410038923,0.056234132519034905,0.6,20,200,5,1.0,predictive,P1 only (protect),coarse,0.00023713737056616554,10,1.0,True,True,5.744876565789337e-06,9.165227886049301e-06,52.73923503821895,9.99990834772113,9.907323664785352,0.00234939668321514,0.09041859081030346,49.99954173860573,1.0547943681951357,0.49999541738605646,5.995622197632743,6.32414852788876,1.6877919491723183e-16,1.7213277680835771e-16,0.00234939668321514,0.01787168580944558,0.0023493966832151434,,0.0,1.310225486755371,ok
B_alpha1,0.8,0.5,1.0,17.78279410038923,0.056234132519034905,0.6,20,200,5,1.0,predictive,P1 only (protect),coarse,0.001,10,1.0,True,True,6.196761997628681e-06,9.886132267423353e-06,52.80271485076321,9.999901138677327,9.639996208552484,0.009639996203676941,0.35046265656651165,49.99950569338663,1.056064737410941,0.49999505693386637,5.938054740587497,6.270970220350329,2.1477938062061052e-10,2.3240092431758608e-10,0.009639996203676941,0.07095495912790978,0.009639996203676945,,0.0,1.321373462677002,ok
B_alpha1,0.8,0.5,1.0,17.78279410038923,0.056234132519034905,0.6,20,200,5,1.0,predictive,P1 only (protect),coarse,0.004216965034285823,10,1.0,True,True,7.804000071388291e-06,1.2450173794987056e-05,53.02872906073287,9.999875498262051,8.803464016132613,0.03712366155833551,1.1595368240469988,49.999377491310284,1.0605877857169137,0.4999937749131026,5.759666784580593,6.108632241525587,8.536014585341152e-06,1.1250406693346001e-05,0.03712366155833551,0.24410676423458028,0.03712366155833563,,0.0,1.4037909507751465,ok
B_alpha1,0.8,0.5,1.0,17.78279410038923,0.056234132519034905,0.6,20,200,5,1.0,predictive,P1 only (protect),coarse,0.01778279410038923,10,1.0,True,True,1.2681044017325201e-05,2.0230355343576027e-05,53.66427628929692,9.999797696446565,6.876771173142686,0.12219324490082716,3.001237885509921,49.99898848223281,1.07330723917278,0.49998988482232826,5.356983209534705,5.749688858920632,0.0020832879012134147,0.004181717501311571,0.12219324490082716,0.6154085571016205,0.12219324490082722,,0.0,1.2798736095428467,ok
B_alpha1,0.8,0.5,1.0,17.78279410038923,0.056234132519034905,0.6,20,200,5,1.0,predictive,P1 only (protect),coarse,0.07498942093324558,10,1.0,True,True,2.256574166683518e-05,3.599862427860309e-05,54.86616353470273,9.999640013757222,4.082758803589334,0.304897119341364,5.61270406331208,49.998200068786076,1.0973627742442618,0.49998200068786114,4.795321264286517,5.262207045969952,0.01380311865258004,0.043963634167212585,0.304897119341364,1.1570557613687544,0.30489711934136404,,0.0,1.3622825145721436,ok
B_alpha1,0.8,0.5,1.0,17.78279410038923,0.056234132519034905,0.6,20,200,5,1.0,predictive,P1 only (protect),coarse,0.31622776601683794,10,1.0,True,True,3.539970153788768e-05,5.647143723269575e-05,56.70059653422568,9.999435285627689,1.90114374535917,0.5969206931846723,7.502500275828468,49.9971764281384,1.1340759735846722,0.49997176428138446,4.412893136141956,5.0045560796953055,0.02256996719680227,0.09611446051383146,0.5969206931846723,2.0107339769944885,0.5969206931846724,,0.0,1.3971960544586182,ok
B_alpha1,0.8,0.5,1.0,17.78279410038923,0.056234132519034905,0.6,20,200,5,1.0,predictive,P1 only (protect),coarse,1.333521432163324,10,1.0,True,True,4.98877725481818e-05,7.95829673423418e-05,59.09230014262903,9.999204170326534,0.7393249010021378,0.9749625286940888,8.286508399977238,49.99602085163291,1.1819400651501852,0.4999602085163267,4.292850021265044,5.07389143381398,0.025280776840122955,0.12024810069384866,0.9749625286940888,3.073359638342618,0.974962528694091,,0.0,1.3812282085418701,ok
B_alpha1,0.8,0.5,1.0,17.78279410038923,0.056234132519034905,0.6,20,200,5,1.0,predictive,P1 only (protect),coarse,5.623413251903491,10,1.0,True,True,6.263819955609514e-05,9.992266785207472e-05,61.298663807487785,9.999000773321475,0.24189988010554475,1.3214020889638922,8.43769725760909,49.99500386660739,1.2260957909122259,0.49995003866607374,4.310814778315302,5.285471855094611,0.025925548022689187,0.12490192337219594,1.3214020889638922,4.03962667647194,1.3214020889638907,,0.0,1.3724520206451416,ok
B_alpha1,0.8,0.5,1.0,17.78279410038923,0.056234132519034905,0.6,20,200,5,1.0,predictive,P1 only (protect),coarse,5.623413251903491e-05,15,1.0,True,True,5.631005521509049e-06,8.983565976765382e-06,52.72332742209232,9.99991016434023,9.977593353582707,0.0005610813068243373,0.021935400770239255,49.99955082170114,1.054476021396756,0.4999955082170115,6.010802508386394,6.3382471144449255,8.113139975061313e-13,8.19567054597694e-13,0.0005610813068243373,0.004303669412919814,0.000561081306824338,,0.0,2.5299971103668213,ok
B_alpha1,0.8,0.5,1.0,17.78279410038923,0.056234132519034905,0.6,20,200,5,1.0,predictive,P1 only (protect),coarse,0.00023713737056616554,15,1.0,True,True,5.744876410951577e-06,9.165227639044038e-06,52.73923501774254,9.999908347723617,9.90732367523962,0.0023493965107566424,0.0904185805260056,49.999541738618014,1.0547943677853446,0.4999954173861808,5.995622199927195,6.324148527851983,3.2653990042872664e-09,3.4050366024511833e-09,0.0023493965107566424,0.017871674868169003,0.0023493965107566454,,0.0,2.5834171772003174,ok
B_alpha1,0.8,0.5,1.0,17.78279410038923,0.056234132519034905,0.6,20,200,5,1.0,predictive,P1 only (protect),coarse,0.001,15,1.0,True,True,6.196473093063406e-06,9.885671392767585e-06,52.802677108417186,9.99990114328608,9.64001450059046,0.009639688847154394,0.35044466727630486,49.99950571643036,1.05606398206984,0.499995057164304,5.938058753224654,6.270969972695098,5.363722368540201e-06,6.3182967470367e-06,0.009639688847154394,0.07093535809324297,0.009639688847154385,,0.0,2.667492151260376,ok
B_alpha1,0.8,0.5,1.0,17.78279410038923,0.056234132519034905,0.6,20,200,5,1.0,predictive,P1 only (protect),coarse,0.004216965034285823,15,1.0,True,True,7.727227962383673e-06,1.232770412532085e-05,53.01917289394435,9.999876722958756,8.807309942151322,0.03705427051888963,1.155759064371031,49.9993836147937,1.0603965301335667,0.4999938361479378,5.760508750157758,6.108423490471336,0.0009606527774578383,0.0016429968332023386,0.03705427051888963,0.23962593687575526,0.03705427051888961,,0.0,2.8174848556518555,ok
B_alpha1,0.8,0.5,1.0,17.78279410038923,0.056234132519034905,0.6,20,200,5,1.0,predictive,P1 only (protect),coarse,0.01778279410038923,15,1.0,True,True,1.1029873846428513e-05,1.7596393897448132e-05,53.481912208489625,9.999824036061026,6.923679244616599,0.12113775789702355,2.9553589614253504,49.99912018030511,1.0696570662768663,0.49999120180305134,5.367178168726917,5.741040054145677,0.010394565526678346,0.03533041263592331,0.12113775789702355,0.547450539406988,0.12113775789702375,,0.0,2.5703284740448,ok
B_alpha1,0.8,0.5,1.0,17.78279410038923,0.056234132519034905,0.6,20,200,5,1.0,predictive,P1 only (protect),coarse,0.07498942093324558,15,1.0,True,True,1.6404153684511658e-05,2.616980400815376e-05,54.284633453413214,9.999738301959914,4.163127941527703,0.3010289421937394,5.536104814318644,49.99869150979952,1.085721082176194,0.4999869150979957,4.8120341745302415,5.2245269514398025,0.02154558053513479,0.13563082062815665,0.3010289421937394,0.9923698532282124,0.30102894219373993,,0.0,2.6263668537139893,ok
B_alpha1,0.8,0.5,1.0,17.78279410038923,0.056234132519034905,0.6,20,200,5,1.0,predictive,P1 only (protect),coarse,0.31622776601683794,15,1.0,True,True,2.411775266440999e-05,3.847494388680346e-05,55.73058879392905,9.99961525056117,2.000451991913499,0.5717279177815029,7.428204839743827,49.99807625280565,1.1146546621541606,0.4999807625280585,4.425891568385261,4.933340670889421,0.025793028746659313,0.2188923542081584,0.5717279177815029,1.7616523118974983,0.5717279177815039,,0.0,2.6145482063293457,ok
B_alpha1,0.8,0.5,1.0,17.78279410038923,0.056234132519034905,0.6,20,200,5,1.0,predictive,P1 only (protect),coarse,1.333521432163324,15,1.0,True,True,3.161879190249671e-05,5.044095955165817e-05,57.467838768818424,9.999495590404461,0.9112396849230763,0.8686579670393034,8.22060675763316,49.997477952022365,1.1494147529594319,0.49997477952022307,4.291773112570133,4.933027331942731,0.027032626743516384,0.25275348975097045,0.8686579670393034,2.6107193784870506,0.8686579670393012,,0.0,2.6217141151428223,ok
B_alpha1,0.8,0.5,1.0,17.78279410038923,0.056234132519034905,0.6,20,200,5,1.0,predictive,P1 only (protect),coarse,5.623413251903491,15,1.0,True,True,3.7329474433488584e-05,5.9550926383010515e-05,58.95735192616591,9.999404490736147,0.4723485438380882,1.1161864826502426,8.412060482775523,49.99702245368093,1.1792172620036756,0.49997022453680734,4.2857960574811615,5.053884692409083,0.027426232133139244,0.2605481898620548,1.1161864826502426,3.3390633767191416,1.1161864826502435,,0.0,2.5069162845611572,ok
B_alpha1,0.8,0.5,1.0,17.78279410038923,0.056234132519034905,0.6,20,200,5,1.0,predictive,P1 only (protect),coarse,5.623413251903491e-05,20,1.0,True,True,5.5953921220173056e-06,8.926750803549815e-06,52.71836173422312,9.99991073249196,9.991593520017036,0.00043196469958137743,0.008063782791422724,49.99955366245975,1.0543766468420435,0.499995536624598,6.013912446283679,6.340928839514216,0.000446649792377536,0.0004534598300977694,0.00043196469958137743,2.157991046754506e-05,0.00043196469958137787,,0.0,8.245261192321777,ok
B_alpha1,0.8,0.5,1.0,17.78279410038923,0.056234132519034905,0.6,20,200,5,1.0,predictive,P1 only (protect),coarse,0.00023713737056616554,20,1.0,True,True,5.596692597378063e-06,8.928825492754316e-06,52.71854306799557,9.999910711745075,9.964388271486822,0.0018154543341317227,0.03388556243397112,49.99955355872535,1.0543802757373966,0.49999553558725374,6.008295425310629,6.335028187250759,0.0017907420929797035,0.0019055252083940747,0.0018154543341317227,9.0428067662615e-05,0.0018154543341317257,,0.0,8.149470329284668,ok
B_alpha1,0.8,0.5,1.0,17.78279410038923,0.056234132519034905,0.6,20,200,5,1.0,predictive,P1 only (protect),coarse,0.001,20,1.0,True,True,5.602200202766436e-06,8.937611944291526e-06,52.71931228764207,9.999910623880549,9.851721605969265,0.0075487282817791644,0.1408190418684061,49.999553119402734,1.0543956695321726,0.49999553119402745,5.985034740873386,6.310594712776507,0.006251073027225253,0.00791883666163149,0.0075487282817791644,0.00037160920386128713,0.007548728281779189,,0.0,8.01456356048584,ok
B_alpha1,0.8,0.5,1.0,17.78279410038923,0.056234132519034905,0.6,20,200,5,1.0,predictive,P1 only (protect),coarse,0.004216965034285823,20,1.0,True,True,5.625897546246599e-06,8.975416955278724e-06,52.72264821481146,9.999910245830453,9.410216400239433,0.030064883431693987,0.559808470498421,49.99955122915222,1.0544624285361892,0.4999955122915226,5.893901946397195,6.214898159952159,0.015244126379460939,0.031480343715286734,0.030064883431693987,0.0014231114329542383,0.03006488343169399,,0.0,8.089543104171753,ok
B_alpha1,0.8,0.5,1.0,17.78279410038923,0.056234132519034905,0.6,20,200,5,1.0,predictive,P1 only (protect),coarse,0.01778279410038923,20,1.0,True,True,5.733767549496461e-06,9.147503003173194e-06,52.74032894384619,9.999908524969968,7.996139825504196,0.10290499444648808,1.9010466550793481,49.99954262484986,1.0548162278115352,0.49999542624849835,5.60228901798604,5.909385369062025,0.023080694719395962,0.10690370952659975,0.10290499444648808,0.006356457145977684,0.1029049944464879,,0.0,8.131170272827148,ok
B_alpha1,0.8,0.5,1.0,17.78279410038923,0.056234132519034905,0.6,20,200,5,1.0,predictive,P1 only (protect),coarse,0.07498942093324558,20,1.0,True,True,6.108740981738321e-06,9.7456891719451e-06,52.88770957222617,9.999902543108286,5.442618742795542,0.25216286099742724,4.305315853098746,49.9995127155414,1.0577645000885585,0.4999951271554143,5.082361027585426,5.375941071613471,0.02635798400591932,0.24210570221945724,0.25216286099742724,0.0795492674736437,0.2521628609974278,,0.0,8.065350532531738,ok
B_alpha1,0.8,0.5,1.0,17.78279410038923,0.056234132519034905,0.6,20,200,5,1.0,predictive,P1 only (protect),coarse,0.31622776601683794,20,1.0,True,True,6.700507805668605e-06,1.0689703812922878e-05,53.442681412352265,9.999893102961876,3.3950254608344634,0.4497548368606078,6.155326599343053,49.999465514809366,1.0688650540978892,0.49999465514809377,4.694735636073182,5.0180388596266505,0.027451897867442534,0.3461394516853995,0.4497548368606078,0.34801665352282374,0.4497548368606082,,0.0,8.102591276168823,ok
B_alpha1,0.8,0.5,1.0,17.78279410038923,0.056234132519034905,0.6,20,200,5,1.0,predictive,P1 only (protect),coarse,1.333521432163324,20,1.0,True,True,7.271748129827637e-06,1.1600962212948368e-05,54.33707416674323,9.999883990377866,2.4115604633036414,0.6610205383497078,6.9275350079687845,49.99941995188938,1.0867540907280053,0.4999941995188933,4.552305986506735,4.947237153081781,0.027843758719752268,0.38956392166836823,0.6610205383497078,0.7040682696722224,0.6610205383497079,,0.0,8.106726169586182,ok
B_alpha1,0.8,0.5,1.0,17.78279410038923,0.056234132519034905,0.6,20,200,5,1.0,predictive,P1 only (protect),coarse,5.623413251903491,20,1.0,True,True,7.690904797155809e-06,1.2269608725449293e-05,55.17620831442602,9.999877303912761,2.0382807418755733,0.8347267035079482,7.127115250703717,49.99938651956369,1.1035377062643907,0.49999386519563804,4.533406090708264,5.0027845589052164,0.027987960016700085,0.4007871434865109,0.8347267035079482,1.0339785502311798,0.8347267035079491,,0.0,8.137591123580933,ok
B_alpha1,0.8,0.5,1.0,17.78279410038923,0.056234132519034905,0.6,20,200,5,1.0,predictive,P1+P2 (protect),coarse,5.623413251903491e-05,5,3.0,True,True,5.6857306273631e-06,9.070870601878525e-06,52.730969526985795,9.999909291293985,9.939638490022938,0.001419092047768946,0.05903312663530791,49.99954645646993,1.054628956942517,0.49999546456469923,6.002562613256128,6.330476347800459,3.623238106044407e-30,3.624087986719955e-30,0.001419092047768946,0.010828574637012856,0.0014190920477689464,,0.0,1.1473426818847656,ok
B_alpha1,0.8,0.5,1.0,17.78279410038923,0.056234132519034905,0.6,20,200,5,1.0,predictive,P1+P2 (protect),coarse,0.00023713737056616554,5,3.0,True,True,5.964861837676893e-06,9.516176218764146e-06,52.77011375545637,9.999904838237821,9.759319436549639,0.005881597445380711,0.23489412776715923,49.99952419118908,1.0554123185987343,0.49999524191189104,5.96356093714053,6.294015675772328,8.89034291890299e-21,8.899127063418937e-21,0.005881597445380711,0.04380793956586956,0.005881597445380706,,0.0,1.2182185649871826,ok
B_alpha1,0.8,0.5,1.0,17.78279410038923,0.056234132519034905,0.6,20,200,5,1.0,predictive,P1+P2 (protect),coarse,0.001,5,3.0,True,True,6.997215751516844e-06,1.1163105389034618e-05,52.915686402603676,9.999888368946106,9.152471943938735,0.02330644040211682,0.8243332467130422,49.999441844730484,1.0583255422516389,0.4999944184473053,5.8332086253079956,6.173433681446022,9.29805843706358e-13,9.336620057365157e-13,0.02330644040211682,0.15880021016005386,0.02330644040211681,,0.0,1.2960422039031982,ok
B_alpha1,0.8,0.5,1.0,17.78279410038923,0.056234132519034905,0.6,20,200,5,1.0,predictive,P1+P2 (protect),coarse,0.004216965034285823,5,3.0,True,True,1.037570970858526e-05,1.6552723560765614e-05,53.362521131961394,9.9998344727644,7.612019197369951,0.08136659517195054,2.3067797346936993,49.99917236382193,1.0672680888328683,0.49999172363822,5.507510164219001,5.87798984719361,2.724252207777061e-07,2.7709845150426376e-07,0.08136659517195054,0.43359824256899626,0.0813665951719506,,0.0,1.0755605697631836,ok
B_alpha1,0.8,0.5,1.0,17.78279410038923,0.056234132519034905,0.6,20,200,5,1.0,predictive,P1+P2 (protect),coarse,0.01778279410038923,5,3.0,True,True,1.9215935584495718e-05,3.06546716837417e-05,54.34017736693893,9.999693453283163,5.025472604952195,0.21745694062995,4.757377001134693,49.99846726641576,1.0868368639660184,0.49998467266415814,4.975130519109407,5.407155251210497,0.00020678972296031897,0.00022063849447616926,0.21745694062995,0.8210628257727917,0.2174569406299496,,0.0,1.110893726348877,ok
B_alpha1,0.8,0.5,1.0,17.78279410038923,0.056234132519034905,0.6,20,200,5,1.0,predictive,P1+P2 (protect),coarse,0.07498942093324558,5,3.0,True,True,3.174870887621926e-05,5.064650250645675e-05,55.81194528758103,9.999493534974915,2.6602676907096314,0.4385797836145829,6.90165899070087,49.997467674874684,1.1162954422115323,0.49997467674874574,4.524631274135084,5.050825269004752,0.0034345664126007695,0.004176892385271329,0.4385797836145829,1.3957288557674612,0.4385797836145831,,0.0,1.2432045936584473,ok
B_alpha1,0.8,0.5,1.0,17.78279410038923,0.056234132519034905,0.6,20,200,5,1.0,predictive,P1+P2 (protect),coarse,0.31622776601683794,5,3.0,True,True,4.448060458261929e-05,7.09561523571393e-05,57.787602095753876,9.999290438476425,1.2286724298168883,0.7503160142958807,8.021721117410806,49.99645219238215,1.1558340554524156,0.49996452192382124,4.318810790210864,4.991828590381075,0.008247706665228649,0.012059724294727368,0.7503160142958807,2.290760977769343,0.7503160142958815,,0.0,1.1895802021026611,ok
B_alpha1,0.8,0.5,1.0,17.78279410038923,0.056234132519034905,0.6,20,200,5,1.0,predictive,P1+P2 (protect),coarse,1.333521432163324,5,3.0,True,True,5.793344196986618e-05,9.241625559382512e-05,60.085863263049674,9.999075837444062,0.48057081115446304,1.111555541844022,8.408797809557454,49.995379187220294,1.2018283337354643,0.4999537918722031,4.285786194131447,5.150779280439454,0.009560251011753167,0.015515557421623532,1.111555541844022,3.343439349165584,1.1115555418440242,,0.0,1.0567588806152344,ok
B_alpha1,0.8,0.5,1.0,17.78279410038923,0.056234132519034905,0.6,20,200,5,1.0,predictive,P1+P2 (protect),coarse,5.623413251903491,5,3.0,True,True,7.012925768752748e-05,0.00011187130815449846,62.045662717416825,9.998881286918463,0.15493645085945248,1.4121479493680351,8.434034312854049,49.99440643459218,1.2410520924694113,0.49994406434592314,4.3252705763354795,5.3678860992575235,0.009384201719614302,0.015613148201149915,1.4121479493680351,4.252932711231271,1.412147949368031,,0.0,1.359675407409668,ok
B_alpha1,0.8,0.5,1.0,17.78279410038923,0.056234132519034905,0.6,20,200,5,1.0,predictive,P1+P2 (protect),coarse,5.623413251903491e-05,5,10.0,True,True,5.871392181082325e-06,9.367061642370757e-06,52.7569888487477,9.999906329383577,9.813557610618421,0.004377269084893015,0.1821587909131086,49.99953164691789,1.0551496606268669,0.4999953164691789,5.975231381616363,6.304763364479511,2.8637772734018902e-22,2.8660146079672606e-22,0.004377269084893015,0.03280863944134539,0.004377269084893016,,0.0,1.1813926696777344,ok
B_alpha1,0.8,0.5,1.0,17.78279410038923,0.056234132519034905,0.6,20,200,5,1.0,predictive,P1+P2 (protect),coarse,0.00023713737056616554,5,10.0,True,True,6.661097163783018e-06,1.0626891913841296e-05,52.868383550777466,9.999893731080858,9.322923808429172,0.017575535491060088,0.6596069249989096,49.99946865540429,1.0573789076669133,0.4999946865540429,5.86950783094163,6.206293778823454,6.225359820241111e-14,6.2457941122529e-14,0.017575535491060088,0.1223148162029459,0.017575535491060088,,0.0,1.3411917686462402,ok
B_alpha1,0.8,0.5,1.0,17.78279410038923,0.056234132519034905,0.6,20,200,5,1.0,predictive,P1+P2 (protect),coarse,0.001,5,10.0,True,True,9.295342445818872e-06,1.482925342014554e-05,53.224076851496335,9.9998517074658,8.00500359368489,0.06332815098277242,1.9318165478665374,49.99925853732897,1.064497322730491,0.49999258537328994,5.58938711387168,5.94988761842071,5.348884661887807e-08,5.4217966584198735e-08,0.06332815098277242,0.35274506859676014,0.06332815098277243,,0.0,1.1395537853240967,ok
B_alpha1,0.8,0.5,1.0,17.78279410038923,0.056234132519034905,0.6,20,200,5,1.0,predictive,P1+P2 (protect),coarse,0.004216965034285823,5,10.0,True,True,1.6620456144288926e-05,2.6514329954779577e-05,54.042960979488704,9.999734856700451,5.606162621002116,0.17709536985635305,4.21700715244108,49.998674283502254,1.0808878786076317,0.49998674283502254,5.0909676419274525,5.502765214543062,9.527398795578773e-05,0.0001004220714025669,0.17709536985635305,0.677653138990424,0.17709536985635335,,0.0,1.1132361888885498,ok
B_alpha1,0.8,0.5,1.0,17.78279410038923,0.056234132519034905,0.6,20,200,5,1.0,predictive,P1+P2 (protect),coarse,0.01778279410038923,5,10.0,True,True,2.7619340999273158e-05,4.40592208190955e-05,55.25664265097173,9.999559407791814,3.2251148266077685,0.3612385844707962,6.414087181129622,49.99779703895899,1.1051815464572363,0.4999779703895907,4.623000032635689,5.1092543253401645,0.0025640124952954002,0.0030319609003620837,0.3612385844707962,1.0741488724618868,0.36123858447079615,,0.0,1.1621708869934082,ok
B_alpha1,0.8,0.5,1.0,17.78279410038923,0.056234132519034905,0.6,20,200,5,1.0,predictive,P1+P2 (protect),coarse,0.07498942093324558,5,10.0,True,True,3.7534403654197575e-05,5.987517713194213e-05,56.763055965802025,9.999401248228676,1.7444721217085277,0.6072144290378654,7.648912201024931,49.99700624114345,1.135329097346846,0.49997006241143377,4.381407339330657,4.974339239671121,0.007692654487845815,0.010944520614129248,0.6072144290378654,1.6843996254107554,0.6072144290378643,,0.0,1.2109711170196533,ok
B_alpha1,0.8,0.5,1.0,17.78279410038923,0.056234132519034905,0.6,20,200,5,1.0,predictive,P1+P2 (protect),coarse,0.31622776601683794,5,10.0,True,True,4.733997276735635e-05,7.551699267806102e-05,58.61167214738728,9.999244830073215,0.8721999364137751,0.9055244713010299,8.22303076221198,49.99622415036605,1.1723219731776116,0.49996224150366075,4.296733001186399,5.0371545101682,0.009534508526003078,0.015322638590323075,0.9055244713010299,2.568610674594385,0.9055244713010293,,0.0,1.1627781391143799,ok
B_alpha1,0.8,0.5,1.0,17.78279410038923,0.056234132519034905,0.6,20,200,5,1.0,predictive,P1+P2 (protect),coarse,1.333521432163324,5,10.0,True,True,5.903989930685572e-05,9.418109655085882e-05,60.618835018802834,9.999058189034486,0.3638315063178372,1.2143525649574252,8.422757739690253,49.99529094517248,1.2124908940980204,0.49995290945172427,4.298094197133106,5.211400075999433,0.009450098384580632,0.015698799390557596,1.2143525649574252,3.5704409530162735,1.214352564957426,,0.0,1.055518388748169,ok
B_alpha1,0.8,0.5,1.0,17.78279410038923,0.056234132519034905,0.6,20,200,5,1.0,predictive,P1+P2 (protect),coarse,5.623413251903491,5,10.0,True,True,7.044780405328935e-05,0.00011237940162984687,62.26219685640832,9.998876205983697,0.12182522781066528,1.4542915257573155,8.425007040448323,49.994381029918486,1.2453838926248195,0.49994381029918483,4.333644313271338,5.397050824113272,0.009230051557216805,0.015404554555719551,1.4542915257573155,4.366353781662038,1.4542915257573112,,0.0,1.1121740341186523,ok
B_alpha1,0.8,0.5,1.0,17.78279410038923,0.056234132519034905,0.6,20,200,5,1.0,predictive,P1+P2 (protect),coarse,5.623413251903491e-05,5,30.0,True,True,6.3616630978806134e-06,1.014920087736802e-05,52.82612000213244,9.999898507991235,9.498173965404517,0.012485598872457098,0.4894419277317912,49.99949253995612,1.056533123009548,0.49999492539956175,5.907130245006285,6.241078765780647,9.804213898236575e-16,9.827140115070987e-16,0.012485598872457098,0.08921081541098706,0.012485598872457102,,0.0,1.1662859916687012,ok
B_alpha1,0.8,0.5,1.0,17.78279410038923,0.056234132519034905,0.6,20,200,5,1.0,predictive,P1+P2 (protect),coarse,0.00023713737056616554,5,30.0,True,True,8.32377790135274e-06,1.3279349678987048e-05,53.097290040486016,9.999867206503222,8.433008530534273,0.04667085400852303,1.5204534089539816,49.99933603251608,1.061959902946616,0.49999336032516106,5.679682908377371,6.031595510147987,3.806500684777906e-09,3.843627561748745e-09,0.04667085400852303,0.27863998484471997,0.046670854008523034,,0.0,1.372725009918213,ok
B_alpha1,0.8,0.5,1.0,17.78279410038923,0.056234132519034905,0.6,20,200,5,1.0,predictive,P1+P2 (protect),coarse,0.001,5,30.0,True,True,1.4180353846120935e-05,2.262190005145834e-05,53.781183973158896,9.999773780999481,6.270804776727543,0.14033032834293094,3.5890911139300457,49.99886890499742,1.075648012665011,0.49998868904997407,5.2270946510029725,5.622513973363256,2.574221818651957e-05,2.675468279826101e-05,0.14033032834293094,0.5812939933430838,0.140330328342931,,0.0,1.0814414024353027,ok
B_alpha1,0.8,0.5,1.0,17.78279410038923,0.056234132519034905,0.6,20,200,5,1.0,predictive,P1+P2 (protect),coarse,0.004216965034285823,5,30.0,True,True,2.4477844597008793e-05,3.9048009735500434e-05,54.87042005049047,9.99960951990264,3.7944876992016776,0.30316052670774374,5.902742254187938,49.99804759951318,1.0974512542970725,0.49998047599513196,4.72962637321208,5.19053439563811,0.0015220082812711683,0.0017355877048657487,0.30316052670774374,0.9092339022667049,0.3031605267077431,,0.0,1.1170401573181152,ok
B_alpha1,0.8,0.5,1.0,17.78279410038923,0.056234132519034905,0.6,20,200,5,1.0,predictive,P1+P2 (protect),coarse,0.01778279410038923,5,30.0,True,True,3.367135645679739e-05,5.3712767392464444e-05,56.146954316509714,9.999462872326072,2.2117673799184274,0.5154232950389382,7.273346452716563,49.99731436163036,1.1229994057360568,0.49997314361630363,4.452335080906934,4.999969649996285,0.006668631245974211,0.009085634908144617,0.5154232950389382,1.341971051338299,0.5154232950389395,,0.0,1.1410033702850342,ok
B_alpha1,0.8,0.5,1.0,17.78279410038923,0.056234132519034905,0.6,20,200,5,1.0,predictive,P1+P2 (protect),coarse,0.07498942093324558,5,30.0,True,True,4.0719076389956454e-05,6.495492376507142e-05,57.56613403397824,9.999350450762352,1.3322114482165917,0.7567955157294526,7.911642585291604,49.99675225381176,1.1513974696144265,0.4999675225381176,4.344626676661873,5.0023921619278156,0.009389617098219045,0.01480937401426287,0.7567955157294526,1.9451966258660263,0.7567955157294561,,0.0,1.1815972328186035,ok
B_alpha1,0.8,0.5,1.0,17.78279410038923,0.056234132519034905,0.6,20,200,5,1.0,predictive,P1+P2 (protect),coarse,0.31622776601683794,5,30.0,True,True,4.8642647563970545e-05,7.759481516404227e-05,59.16568473401831,9.999224051848365,0.7346032510593121,1.01182632882089,8.254346368271433,49.99612025924187,1.183405520813016,0.4999612025924183,4.305652400323995,5.09533282124523,0.009533286374603335,0.01578354182473663,1.01182632882089,2.792022422171412,1.0118263288208924,,0.0,1.1509344577789307,ok
B_alpha1,0.8,0.5,1.0,17.78279410038923,0.056234132519034905,0.6,20,200,5,1.0,predictive,P1+P2 (protect),coarse,1.333521432163324,5,30.0,True,True,5.9446650815779706e-05,9.48298822780157e-05,60.866832062510035,9.99905170117721,0.3243151818044594,1.2624709241775318,8.414162192840799,49.99525850588601,1.2174520920887748,0.49995258505886053,4.30726888991378,5.243893521214425,0.009284950929010462,0.01548940245483145,1.2624709241775318,3.695843799611547,1.2624709241775323,,0.0,1.0876517295837402,ok
B_alpha1,0.8,0.5,1.0,17.78279410038923,0.056234132519034905,0.6,20,200,5,1.0,predictive,P1+P2 (protect),coarse,5.623413251903491,5,30.0,True,True,7.05455582660005e-05,0.00011253532376975087,62.33374427821244,9.998874646762307,0.11172781837722243,1.4682329022972145,8.421164632563256,49.99437323381145,1.2468151963160488,0.49994373233811534,4.3366075513874796,5.40694819552884,0.009174296256910405,0.015321019727344324,1.4682329022972145,4.406797790672514,1.4682329022972138,,0.0,1.0687599182128906,ok
B_alpha1,0.8,0.5,1.0,17.78279410038923,0.056234132519034905,0.6,20,200,5,1.0,predictive,P1+P2 (protect),coarse,5.623413251903491e-05,5,100.0,True,True,7.813711362983828e-06,1.246565162956924e-05,53.02858226598884,9.999875343483708,8.68147767422556,0.037764753205731805,1.280882229085,49.99937671741854,1.060584866201242,0.4999937671741854,5.7323891091264905,6.0796851363163755,4.943989256902268e-10,4.982220596021332e-10,0.037764753205731805,0.23518358344682228,0.037764753205731756,,0.0,1.2281153202056885,ok
B_alpha1,0.8,0.5,1.0,17.78279410038923,0.056234132519034905,0.6,20,200,5,1.0,predictive,P1+P2 (protect),coarse,0.00023713737056616554,5,100.0,True,True,1.2776319967351354e-05,2.0382186351910806e-05,53.628663715075476,9.99979617813647,6.699857597099786,0.11901654281823534,3.181329681945508,49.99898089068241,1.0725951361354542,0.49998980890682354,5.315878682439096,5.701785619070321,8.96000250859398e-06,9.24194415931377e-06,0.11901654281823534,0.5251913248432715,0.11901654281823551,,0.0,1.2790770530700684,ok
B_alpha1,0.8,0.5,1.0,17.78279410038923,0.056234132519034905,0.6,20,200,5,1.0,predictive,P1+P2 (protect),coarse,0.001,5,100.0,True,True,2.25697790005047e-05,3.600435973307288e-05,54.653761741731586,9.999639956402666,4.179508954756051,0.2700734205153076,5.550777668325975,49.99819978201329,1.0931145917256229,0.4999819978201333,4.8040539015391275,5.251381419208829,0.00097906207370208,0.0010924219186340914,0.2700734205153076,0.8335423532628353,0.270073420515307,,0.0,1.1573805809020996,ok
B_alpha1,0.8,0.5,1.0,17.78279410038923,0.056234132519034905,0.6,20,200,5,1.0,predictive,P1+P2 (protect),coarse,0.004216965034285823,5,100.0,True,True,3.180927021697493e-05,5.074241322128123e-05,55.85113619030636,9.999492575867796,2.487558022550574,0.46888489074778356,7.044064510833846,49.99746287933888,1.117079407111005,0.49997462879338983,4.497063799089264,5.023577362426999,0.005834438051124666,0.007703872578387707,0.46888489074778356,1.2005511295687727,0.4688848907477841,,0.0,1.1230859756469727,ok
B_alpha1,0.8,0.5,1.0,17.78279410038923,0.056234132519034905,0.6,20,200,5,1.0,predictive,P1+P2 (protect),coarse,0.01778279410038923,5,100.0,True,True,3.78050463329691e-05,6.030628697231989e-05,57.06953851912922,9.999396937130275,1.6465897329917518,0.6852124392223844,7.668800890655589,49.996984685651434,1.1414596075732448,0.49996984685651374,4.388650318007215,5.0094670697687125,0.009204604801661683,0.01428034210465443,0.6852124392223844,1.6348421216605766,0.6852124392223846,,0.0,1.1386103630065918,ok
B_alpha1,0.8,0.5,1.0,17.78279410038923,0.056234132519034905,0.6,20,200,5,1.0,predictive,P1+P2 (protect),coarse,0.07498942093324558,5,100.0,True,True,4.250565392211595e-05,6.780460081707809e-05,58.24245994379289,9.999321953991814,1.1355279398191784,0.8858453891823264,7.979304717006681,49.99660976995914,1.164928186366515,0.49996609769959066,4.348766694574542,5.066000898441826,0.009582254705525548,0.015809493442894087,0.8858453891823264,2.2036686431228474,0.8858453891823266,,0.0,1.1643567085266113,ok
B_alpha1,0.8,0.5,1.0,17.78279410038923,0.056234132519034905,0.6,20,200,5,1.0,predictive,P1+P2 (protect),coarse,0.31622776601683794,5,100.0,True,True,4.9242117544699574e-05,7.855099627611014e-05,59.50154689881204,9.999214490037268,0.6768305803725985,1.0768248880992797,8.247130041490854,49.996072450186205,1.1901244234353938,0.4999607245018634,4.317054142356873,5.1378315721118515,0.009334617383097833,0.015565390157278404,1.0768248880992797,2.955130745471584,1.0768248880992812,,0.0,1.0862360000610352,ok
B_alpha1,0.8,0.5,1.0,17.78279410038923,0.056234132519034905,0.6,20,200,5,1.0,predictive,P1+P2 (protect),coarse,1.333521432163324,5,100.0,True,True,5.960223446291976e-05,9.50780454728549e-05,60.97116956858435,9.999049219545245,0.30937410092674544,1.2827531027693955,8.408823576758612,49.995246097726486,1.2195393427887735,0.49995246097726226,4.311523121823721,5.258072074407502,0.009205067868408,0.015371250561217216,1.2827531027693955,3.753706288344484,1.2827531027693948,,0.0,1.1655588150024414,ok
B_alpha1,0.8,0.5,1.0,17.78279410038923,0.056234132519034905,0.6,20,200,5,1.0,predictive,P1+P2 (protect),coarse,5.623413251903491,5,100.0,True,True,7.058044074802908e-05,0.0001125909628814824,62.359826288143694,9.998874090371178,0.10811534512949751,1.473316618229472,8.419693946269852,49.99437045185599,1.247336964632758,0.4999437045185589,4.3377037870967445,5.410578275273272,0.009153729460917538,0.015289550635783557,1.473316618229472,4.421932889710803,1.4733166182294708,,0.0,1.1123764514923096,ok
B_alpha1,0.8,0.5,1.0,17.78279410038923,0.056234132519034905,0.6,20,200,5,1.0,predictive,P1+P2 (protect),coarse,5.623413251903491e-05,10,3.0,True,True,5.6857306273631e-06,9.070870601878525e-06,52.730969526985795,9.999909291293985,9.939638490022938,0.001419092047768946,0.05903312663530791,49.99954645646993,1.054628956942517,0.49999546456469923,6.002562613256128,6.330476347800459,4.183368477528389e-18,4.242615348447902e-18,0.001419092047768946,0.010828574637012853,0.0014190920477689464,,0.0,1.441741704940796,ok
B_alpha1,0.8,0.5,1.0,17.78279410038923,0.056234132519034905,0.6,20,200,5,1.0,predictive,P1+P2 (protect),coarse,0.00023713737056616554,10,3.0,True,True,5.964861837312337e-06,9.516176218182627e-06,52.770113755427,9.999904838237814,9.75931943654947,0.005881597445317867,0.23489412776739726,49.99952419118911,1.055412318598146,0.4999952419118907,5.963560937140466,6.294015675768752,8.53822591430434e-12,9.04054388053182e-12,0.005881597445317867,0.04380793956070996,0.005881597445317868,,0.0,1.3839235305786133,ok
B_alpha1,0.8,0.5,1.0,17.78279410038923,0.056234132519034905,0.6,20,200,5,1.0,predictive,P1+P2 (protect),coarse,0.001,10,3.0,True,True,6.997165087537073e-06,1.1163024572742444e-05,52.91568243644243,9.999888369754283,9.152471936096315,0.02330643167174529,0.8243332624776567,49.99944184877139,1.0583254628419958,0.49999441848771414,5.833208620560253,6.17343321320835,1.0030555787948106e-06,1.2371288370426584e-06,0.02330643167174529,0.1587995407482818,0.023306431671745325,,0.0,1.4182283878326416,ok
B_alpha1,0.8,0.5,1.0,17.78279410038923,0.056234132519034905,0.6,20,200,5,1.0,predictive,P1+P2 (protect),coarse,0.004216965034285823,10,3.0,True,True,1.0312856054913641e-05,1.645246391292541e-05,53.35796689424333,9.999835475360875,7.611997992465289,0.08135507033218134,2.3068114618416544,49.999177376804354,1.0671768955742298,0.49999177376804377,5.507501424493935,5.877478272562086,0.0008258550627114272,0.0014779131901647956,0.08135507033218134,0.4329098384722464,0.0813550703321814,,0.0,1.377988576889038,ok
B_alpha1,0.8,0.5,1.0,17.78279410038923,0.056234132519034905,0.6,20,200,5,1.0,predictive,P1+P2 (protect),coarse,0.01778279410038923,10,3.0,True,True,1.786229371472719e-05,2.8495470321696706e-05,54.25359903146994,9.999715045296785,5.025026443618094,0.21714180244194428,4.758116708643177,49.998575226483936,1.085102901146914,0.49998575226483927,4.974919502975726,5.398299585651324,0.01041048553087638,0.03007393346042796,0.21714180244194428,0.810523972579965,0.21714180244194414,,0.0,1.308551549911499,ok
B_alpha1,0.8,0.5,1.0,17.78279410038923,0.056234132519034905,0.6,20,200,5,1.0,predictive,P1+P2 (protect),coarse,0.07498942093324558,10,3.0,True,True,2.7735986631193667e-05,4.424588327228486e-05,55.58751642431012,9.999557541167286,2.6610749290823636,0.4374577920481839,6.901909737702166,49.997787705836465,1.1117995210380307,0.49997787705836433,4.524415596084184,5.030243092703392,0.021069786408332562,0.08530886226968504,0.4374577920481839,1.3749278509918623,0.43745779204818447,,0.0,1.2983269691467285,ok
B_alpha1,0.8,0.5,1.0,17.78279410038923,0.056234132519034905,0.6,20,200,5,1.0,predictive,P1+P2 (protect),coarse,0.31622776601683794,10,3.0,True,True,3.889121178792484e-05,6.204072766805858e-05,57.50931939967857,9.999379592723324,1.231075640630848,0.7487134216896426,8.020831344956186,49.996897963616554,1.150257750821439,0.4999689796361662,4.318783903177619,4.967714658752923,0.024922483379187742,0.11698475454447137,0.7487134216896426,2.2689008246612303,0.7487134216896439,,0.0,1.4901609420776367,ok
B_alpha1,0.8,0.5,1.0,17.78279410038923,0.056234132519034905,0.6,20,200,5,1.0,predictive,P1+P2 (protect),coarse,1.333521432163324,10,3.0,True,True,5.1857292514251883e-05,8.27244947776524e-05,59.80322307696933,9.99917275505224,0.48353336896197996,1.1087948213392573,8.408499054646523,49.99586377526108,1.1961634135534454,0.49995863775261196,4.285452975009069,5.126102059209616,0.025901122159392744,0.12492642845054693,1.1087948213392573,3.3211951492930747,1.1087948213392562,,0.0,1.3483812808990479,ok
B_alpha1,0.8,0.5,1.0,17.78279410038923,0.056234132519034905,0.6,20,200,5,1.0,predictive,P1+P2 (protect),coarse,5.623413251903491,10,3.0,True,True,6.350758224292269e-05,0.00010130939224632958,61.73181185184442,9.998986906077546,0.15915125569402858,1.403399876015017,8.438461962213408,49.99493453038766,1.234761329956796,0.4999493453038773,4.322971995800666,5.3378386509008156,0.026034759755394956,0.1244793502560989,1.403399876015017,4.228707210510082,1.4033998760150168,,0.0,1.6309597492218018,ok
B_alpha1,0.8,0.5,1.0,17.78279410038923,0.056234132519034905,0.6,20,200,5,1.0,predictive,P1+P2 (protect),coarse,5.623413251903491e-05,10,10.0,True,True,5.871392181046157e-06,9.367061642313062e-06,52.756988848744804,9.99990632938357,9.813557610618398,0.004377269084891112,0.18215879091314058,49.999531646917866,1.0551496606268094,0.4999953164691785,5.975231381616355,6.304763364479158,8.668547443241071e-13,9.073329655550947e-13,0.004377269084891112,0.03280863944082641,0.0043772690848911154,,0.0,1.4480748176574707,ok
B_alpha1,0.8,0.5,1.0,17.78279410038923,0.056234132519034905,0.6,20,200,5,1.0,predictive,P1+P2 (protect),coarse,0.00023713737056616554,10,10.0,True,True,6.661087778007967e-06,1.062687694217573e-05,52.86838281079317,9.999893731230582,9.322923805814698,0.01757553498491679,0.6596069279698025,49.999468656152885,1.057378892851239,0.4999946865615291,5.869507830217829,6.2062936910974065,1.9577377104288748e-07,2.3248548939741805e-07,0.01757553498491679,0.12231468904051938,0.0175755349849168,,0.0,1.3741438388824463,ok
B_alpha1,0.8,0.5,1.0,17.78279410038923,0.056234132519034905,0.6,20,200,5,1.0,predictive,P1+P2 (protect),coarse,0.001,10,10.0,True,True,9.268836658232383e-06,1.4786973206728916e-05,53.22212564468188,9.99985213026793,8.004991337535113,0.06332645964428875,1.9318300725526676,49.99926065133964,1.064458253009305,0.4999926065133965,5.589383872087067,5.949665791880184,0.00038262133967356275,0.0006349182718478461,0.06332645964428875,0.35244100382803156,0.0633264596442888,,0.0,1.3310797214508057,ok
B_alpha1,0.8,0.5,1.0,17.78279410038923,0.056234132519034905,0.6,20,200,5,1.0,predictive,P1+P2 (protect),coarse,0.004216965034285823,10,10.0,True,True,1.565918879180558e-05,2.498100375621544e-05,53.9802190397967,9.999750189962448,5.605472426989701,0.17699381047809767,4.217783572569752,49.99875094981227,1.0796313510707687,0.49998750949812243,5.090779523145389,5.496165174576859,0.008122908065134401,0.021814326357177678,0.17699381047809767,0.6696864915542803,0.17699381047809737,,0.0,1.2970261573791504,ok
B_alpha1,0.8,0.5,1.0,17.78279410038923,0.056234132519034905,0.6,20,200,5,1.0,predictive,P1+P2 (protect),coarse,0.01778279410038923,10,10.0,True,True,2.407907945354243e-05,3.8412204121751014e-05,55.055184656558666,9.999615877958787,3.2240781950377944,0.36070855316273376,6.415597373840685,49.99807938979387,1.1011459905757321,0.49998079389793937,4.622588131475255,5.0901443870569425,0.019732804728338944,0.07665353113714463,0.36070855316273376,1.0550715939100832,0.3607085531627334,,0.0,1.3327970504760742,ok
B_alpha1,0.8,0.5,1.0,17.78279410038923,0.056234132519034905,0.6,20,200,5,1.0,predictive,P1+P2 (protect),coarse,0.07498942093324558,10,10.0,True,True,3.2175285534386706e-05,5.1327044471516074e-05,56.49344180823506,9.9994867295553,1.7446456609226118,0.6063401170807261,7.6495274924413605,49.99743364777645,1.1299268319694549,0.499974336477765,4.381149903154423,4.950378830454561,0.024551062988792872,0.11376634397895051,0.6063401170807261,1.664060389742668,0.6063401170807248,,0.0,1.3901116847991943,ok
B_alpha1,0.8,0.5,1.0,17.78279410038923,0.056234132519034905,0.6,20,200,5,1.0,predictive,P1+P2 (protect),coarse,0.31622776601683794,10,10.0,True,True,4.144624233939551e-05,6.611620464756161e-05,58.33965514874318,9.99933883795354,0.8735798167419951,0.9045364379945946,8.22254490730987,49.99669418976761,1.1668702520072427,0.499966941897677,4.296708149950172,5.013700921733931,0.025869861339263774,0.12477297878251642,0.9045364379945946,2.547961579245351,0.9045364379945967,,0.0,1.2663614749908447,ok
B_alpha1,0.8,0.5,1.0,17.78279410038923,0.056234132519034905,0.6,20,200,5,1.0,predictive,P1+P2 (protect),coarse,1.333521432163324,10,10.0,True,True,5.3031145245710534e-05,8.459687150713274e-05,60.35002738683856,9.999154031284938,0.3661317495448297,1.2121252373001257,8.422588981870108,49.99577015642464,1.2071026648458052,0.4999577015642469,4.297811708518931,5.187899966358705,0.026085377152385392,0.12493514720033284,1.2121252373001257,3.5483793595271114,1.2121252373001208,,0.0,1.7874526977539062,ok
B_alpha1,0.8,0.5,1.0,17.78279410038923,0.056234132519034905,0.6,20,200,5,1.0,predictive,P1+P2 (protect),coarse,5.623413251903491,10,10.0,True,True,6.390217496409582e-05,0.00010193879570963304,61.95559744632939,9.998980612042937,0.1257758871468844,1.445870695156712,8.429372805653466,49.994903060214504,1.2392382753839781,0.49994903060214685,4.331408725310615,5.367647478737041,0.02605604367217337,0.123844897418998,1.445870695156712,4.342007580135233,1.44587069515671,,0.0,1.2996032238006592,ok
B_alpha1,0.8,0.5,1.0,17.78279410038923,0.056234132519034905,0.6,20,200,5,1.0,predictive,P1+P2 (protect),coarse,5.623413251903491e-05,10,30.0,True,True,6.361662414486516e-06,1.0149199787254744e-05,52.82611994779096,9.99989850800212,9.498173965164918,0.012485598859390172,0.4894419279735711,49.999492540010614,1.056533121921556,0.49999492540010604,5.907130244951414,6.241078759295763,1.5015071917684933e-08,1.7054994926949273e-08,0.012485598859390172,0.08921080593823076,0.012485598859390186,,0.0,1.4252235889434814,ok
B_alpha1,0.8,0.5,1.0,17.78279410038923,0.056234132519034905,0.6,20,200,5,1.0,predictive,P1+P2 (protect),coarse,0.00023713737056616554,10,30.0,True,True,8.317460897523783e-06,1.3269273202503217e-05,53.096814992371144,9.999867307267966,8.433006010753084,0.04667069020904604,1.5204559917699036,49.99933653633991,1.0619503911572898,0.4999933653633983,5.679682316245174,6.031540857385704,0.00010220117242121148,0.00015332883353971904,0.04667069020904604,0.27856344745273276,0.046670690209046,,0.0,1.2805089950561523,ok
B_alpha1,0.8,0.5,1.0,17.78279410038923,0.056234132519034905,0.6,20,200,5,1.0,predictive,P1+P2 (protect),coarse,0.001,10,30.0,True,True,1.3639395302874818e-05,2.1759009136942067e-05,53.7447595852913,9.999782409908628,6.27035212850224,0.14029829849034017,3.589567163098793,49.998912049543144,1.0749185808690487,0.49998912049543137,5.226983740708407,5.618581944787873,0.005200037451936812,0.012485818417308878,0.14029829849034017,0.576385520804305,0.14029829849034053,,0.0,1.3544590473175049,ok
B_alpha1,0.8,0.5,1.0,17.78279410038923,0.056234132519034905,0.6,20,200,5,1.0,predictive,P1+P2 (protect),coarse,0.004216965034285823,10,30.0,True,True,2.1582230322984187e-05,3.4429244289084545e-05,54.70046732944062,9.999655707557102,3.792846263250575,0.3028563853144326,5.90464164387789,49.99827853778558,1.0940470138007135,0.49998278537785507,4.72915909951201,5.173922390609586,0.017520487809007126,0.06348330717165146,0.3028563853144326,0.8920535147099874,0.30285638531443243,,0.0,1.3458600044250488,ok
B_alpha1,0.8,0.5,1.0,17.78279410038923,0.056234132519034905,0.6,20,200,5,1.0,predictive,P1+P2 (protect),coarse,0.01778279410038923,10,30.0,True,True,2.8633441538666945e-05,4.567695341584341e-05,55.88736101005875,9.999543230465845,2.210260116468319,0.5148263807440181,7.275370272321817,49.99771615232926,1.117798277821038,0.49997716152329225,4.451800845576539,4.9762153183876965,0.023847340097597876,0.107686333289202,0.5148263807440181,1.3223479333486148,0.5148263807440185,,0.0,1.4163122177124023,ok
B_alpha1,0.8,0.5,1.0,17.78279410038923,0.056234132519034905,0.6,20,200,5,1.0,predictive,P1+P2 (protect),coarse,0.07498942093324558,10,30.0,True,True,3.490034400397688e-05,5.567374921606263e-05,57.29428947838547,9.999443262507834,1.3316817967055625,0.7561242093094946,7.91275073147711,49.99721631253919,1.1459495888777351,0.49997216312539167,4.344289691209093,4.978336985606844,0.02572109930387342,0.12379076716312606,0.7561242093094946,1.9261045834057666,0.7561242093094938,,0.0,1.464611530303955,ok
B_alpha1,0.8,0.5,1.0,17.78279410038923,0.056234132519034905,0.6,20,200,5,1.0,predictive,P1+P2 (protect),coarse,0.31622776601683794,10,30.0,True,True,4.2749306798701183e-05,6.819468679518942e-05,58.904664574921526,9.999318053132054,0.7354461923552399,1.0110707235736096,8.254165030939095,49.99659026566028,1.1781736366805733,0.4999659026566027,4.3055938079068286,5.072737114730946,0.026119311808352478,0.12542607574130146,1.0110707235736096,2.7716186669026817,1.0110707235736085,,0.0,1.3484339714050293,ok
B_alpha1,0.8,0.5,1.0,17.78279410038923,0.056234132519034905,0.6,20,200,5,1.0,predictive,P1+P2 (protect),coarse,1.333521432163324,10,30.0,True,True,5.3494842083946626e-05,8.533650120035329e-05,60.604659602309745,9.99914663498801,0.326362298999034,1.260407451053135,8.414083614959821,49.99573317493995,1.2121966366659356,0.4999573317494005,4.306990563576344,5.220919475319167,0.02611574902030905,0.12427866965052163,1.260407451053135,3.6736972074496177,1.2604074510531387,,0.0,1.2852981090545654,ok
B_alpha1,0.8,0.5,1.0,17.78279410038923,0.056234132519034905,0.6,20,200,5,1.0,predictive,P1+P2 (protect),coarse,5.623413251903491,10,30.0,True,True,6.402621891876946e-05,0.00010213665496644475,62.029498066716805,9.998978633450337,0.11559650927517476,1.4599091331566347,8.425515724117854,49.99489316725161,1.2407166839862012,0.49994893167251686,4.334389807823257,5.3777497494660595,0.026059395407056474,0.12359989505089605,1.4599091331566347,4.382390541256389,1.459909133156634,,0.0,1.4347634315490723,ok
B_alpha1,0.8,0.5,1.0,17.78279410038923,0.056234132519034905,0.6,20,200,5,1.0,predictive,P1+P2 (protect),coarse,5.623413251903491e-05,10,100.0,True,True,7.811707599554234e-06,1.246245535069815e-05,53.0284296274616,9.9998753754465,8.681476967765045,0.03776472921596836,1.2808829275724865,49.999376877232514,1.0605818100026838,0.499993768772325,5.7323889527551755,6.079667451152473,3.475446336412881e-05,4.899075331710684e-05,0.03776472921596836,0.23515851332182147,0.037764729215968344,,0.0,1.3528060913085938,ok
B_alpha1,0.8,0.5,1.0,17.78279410038923,0.056234132519034905,0.6,20,200,5,1.0,predictive,P1+P2 (protect),coarse,0.00023713737056616554,10,100.0,True,True,1.2441954782062235e-05,1.984883424399095e-05,53.60567440046549,9.999801511657575,6.699576775257821,0.11900332425360413,3.1816183888309997,49.99900755828776,1.0721347686346205,0.4999900755828787,5.315812367782746,5.699267263037808,0.003518756663324169,0.007798199113564164,0.11900332425360413,0.5219742294152496,0.11900332425360381,,0.0,1.2632155418395996,ok
B_alpha1,0.8,0.5,1.0,17.78279410038923,0.056234132519034905,0.6,20,200,5,1.0,predictive,P1+P2 (protect),coarse,0.001,10,100.0,True,True,2.0126941411520973e-05,3.210780428876288e-05,54.507158399398406,9.999678921957114,4.177822833163508,0.26986227684821285,5.552635968031164,49.99839460978554,1.0901781712153298,0.49998394609785574,4.803608797214516,5.236789453781191,0.01574030032053969,0.053997361529480606,0.26986227684821285,0.8179639387689438,0.2698622768482127,,0.0,1.332773208618164,ok
B_alpha1,0.8,0.5,1.0,17.78279410038923,0.056234132519034905,0.6,20,200,5,1.0,predictive,P1+P2 (protect),coarse,0.004216965034285823,10,100.0,True,True,2.7034317546923234e-05,4.312602635456194e-05,55.60042334697533,9.999568739736452,2.4853583251388573,0.46839601146685783,7.046676923657833,49.997843698682296,1.1120564255142207,0.4999784369868226,4.496412401008845,5.0002643023037106,0.023225403158036523,0.10247377988723264,0.46839601146685783,1.1811076972283905,0.4683960114668578,,0.0,1.4519991874694824,ok
B_alpha1,0.8,0.5,1.0,17.78279410038923,0.056234132519034905,0.6,20,200,5,1.0,predictive,P1+P2 (protect),coarse,0.01778279410038923,10,100.0,True,True,3.205460357621324e-05,5.1134027712692745e-05,56.798022908776744,9.999488659722878,1.644452199020844,0.6846816210409705,7.671377520215307,49.99744329861431,1.13601854737942,0.4999744329861439,4.3880030248343065,4.98485282216877,0.025560051458082805,0.1225998856109571,0.6846816210409705,1.6166936316429004,0.6846816210409693,,0.0,1.5062987804412842,ok
B_alpha1,0.8,0.5,1.0,17.78279410038923,0.056234132519034905,0.6,20,200,5,1.0,predictive,P1+P2 (protect),coarse,0.07498942093324558,10,100.0,True,True,3.661827456309643e-05,5.841397896337651e-05,57.98117870800184,9.999415860210338,1.1345169310539134,0.8853152714931518,7.980751937242597,49.997079301051876,1.1596913163441926,0.4999707930105169,4.348374616340468,5.042772282781551,0.026125910726219847,0.12568047560019963,0.8853152714931518,2.1849119629514733,0.8853152714931575,,0.0,1.328796625137329,ok
B_alpha1,0.8,0.5,1.0,17.78279410038923,0.056234132519034905,0.6,20,200,5,1.0,predictive,P1+P2 (protect),coarse,0.31622776601683794,10,100.0,True,True,4.340253833123683e-05,6.923663833255611e-05,59.248365232653356,9.999307633616683,0.6774054235297702,1.0761650314985878,8.24712191135496,49.99653816808354,1.1850493534865567,0.49996538168083415,4.316970747313273,5.115823393123971,0.026174248693740264,0.12468854502691876,1.0761650314985878,2.934615752538572,1.0761650314985851,,0.0,1.333326816558838,ok
B_alpha1,0.8,0.5,1.0,17.78279410038923,0.056234132519034905,0.6,20,200,5,1.0,predictive,P1+P2 (protect),coarse,1.333521432163324,10,100.0,True,True,5.36778675058036e-05,8.562844036389205e-05,60.71179291252901,9.999143715596373,0.3113215128876801,1.2807483691546722,8.408786402361274,49.99571857798176,1.214339840277176,0.4999571857798187,4.311244223474004,5.2353156217293195,0.026121453571031215,0.12393106754945361,1.2807483691546722,3.7314875669318885,1.2807483691546728,,0.0,1.4454381465911865,ok
B_alpha1,0.8,0.5,1.0,17.78279410038923,0.056234132519034905,0.6,20,200,5,1.0,predictive,P1+P2 (protect),coarse,5.623413251903491,10,100.0,True,True,6.407080951538272e-05,0.00010220778030176284,62.05643373249944,9.998977922196994,0.11195464757184327,1.4650272449827648,8.424040185248396,49.994889610985005,1.241255540623581,0.4999488961098497,4.3354922877926825,5.381453823553472,0.026060253734016568,0.1235078973539029,1.4650272449827648,4.397500574611853,1.4650272449827635,,0.0,1.3303935527801514,ok
B_alpha1,0.8,0.5,1.0,17.78279410038923,0.056234132519034905,0.6,20,200,5,1.0,predictive,P1+P2 (protect),coarse,5.623413251903491e-05,20,3.0,True,True,5.596200387728269e-06,8.92804025528051e-06,52.71847442286679,9.999910719597453,9.974657519596347,0.0012931811906134961,0.02413857961558641,49.99955359798723,1.0543789019946173,0.4999955359798727,6.010415683148999,6.337255488529869,0.0012981473252508605,0.0013574120849244274,0.0012931811906134961,6.448509194137457e-05,0.0012931811906135003,,0.0,8.065449476242065,ok
B_alpha1,0.8,0.5,1.0,17.78279410038923,0.056234132519034905,0.6,20,200,5,1.0,predictive,P1+P2 (protect),coarse,0.00023713737056616554,20,3.0,True,True,5.600112127685161e-06,8.934280775015593e-06,52.719020413805765,9.999910657192249,9.893957426782695,0.005398787027838217,0.1007331289972182,49.99955328596122,1.05438982849089,0.49999553285961246,5.993754312830923,6.3197535819223285,0.004757233352044565,0.005664640125086385,0.005398787027838217,0.0002669222238334515,0.005398787027838226,,0.0,8.160123348236084,ok
B_alpha1,0.8,0.5,1.0,17.78279410038923,0.056234132519034905,0.6,20,200,5,1.0,predictive,P1+P2 (protect),coarse,0.001,20,3.0,True,True,5.616836866736292e-06,8.960962226300155e-06,52.72136712329699,9.999910390377732,9.571193471006794,0.02184708008766476,0.40704905852780904,49.999551951888705,1.0544367912341956,0.4999955195188866,5.92712676648306,6.249780528888711,0.012906886852666048,0.02289005069900152,0.02184708008766476,0.0010475725000631325,0.021847080087664745,,0.0,8.196998596191406,ok
B_alpha1,0.8,0.5,1.0,17.78279410038923,0.056234132519034905,0.6,20,200,5,1.0,predictive,P1+P2 (protect),coarse,0.004216965034285823,20,3.0,True,True,5.691954644764036e-06,9.08079881268217e-06,52.73265633847456,9.999909192011872,8.460364033044248,0.078784442111794,1.4609423328320865,49.99954596005937,1.0546627039493208,0.4999954596005936,5.697943834044201,6.009408850964418,0.02167728520909018,0.08215482474714775,0.078784442111794,0.0039825590716225535,0.0787844421117941,,0.0,7.9741997718811035,ok
B_alpha1,0.8,0.5,1.0,17.78279410038923,0.056234132519034905,0.6,20,200,5,1.0,predictive,P1+P2 (protect),coarse,0.01778279410038923,20,3.0,True,True,5.990667816143829e-06,9.557331142494366e-06,52.82502483244612,9.99990442668858,6.068730452767681,0.21109158867181557,3.720273531871924,49.99952213344288,1.0565105940705253,0.49999522133442903,5.208163047234157,5.5024794350495165,0.02587285263494959,0.20920635479834387,0.21109158867181557,0.04661613670940937,0.21109158867181582,,0.0,8.098211765289307,ok
B_alpha1,0.8,0.5,1.0,17.78279410038923,0.056234132519034905,0.6,20,200,5,1.0,predictive,P1+P2 (protect),coarse,0.07498942093324558,20,3.0,True,True,6.555596755801186e-06,1.0458536145000211e-05,53.26916991794812,9.999895414638553,3.772326198485291,0.4002624941138384,5.827515892762318,49.999477073192786,1.0653945408262755,0.49999477073192766,4.7612428929966235,5.072602185746505,0.027286068874250585,0.32770530097037626,0.4002624941138384,0.2695258527577037,0.40026249411383835,,0.0,8.420356273651123,ok
B_alpha1,0.8,0.5,1.0,17.78279410038923,0.056234132519034905,0.6,20,200,5,1.0,predictive,P1+P2 (protect),coarse,0.31622776601683794,20,3.0,True,True,7.146617898904783e-06,1.1401351665857035e-05,54.11555320684205,9.999885986483337,2.5713858717243854,0.6124732955249912,6.816254846267287,49.999429932416696,1.0823234040865874,0.49999429932416684,4.570108638880051,4.946335539078178,0.027782715520375673,0.38330617830850516,0.6124732955249912,0.6202607156552523,0.6124732955249895,,0.0,8.060868263244629,ok
B_alpha1,0.8,0.5,1.0,17.78279410038923,0.056234132519034905,0.6,20,200,5,1.0,predictive,P1+P2 (protect),coarse,1.333521432163324,20,3.0,True,True,7.609657736412032e-06,1.2140002027607839e-05,55.00113855262939,9.999878599979715,2.094004122901387,0.7994358391959923,7.106681437922907,49.99939299989873,1.1000361254933793,0.49999392999898573,4.53270844491836,4.986143035739113,0.02796576445028538,0.3996380657507224,0.7994358391959923,0.9609023613167191,0.799435839195984,,0.0,7.967483282089233,ok
B_alpha1,0.8,0.5,1.0,17.78279410038923,0.056234132519034905,0.6,20,200,5,1.0,predictive,P1+P2 (protect),coarse,5.623413251903491,20,3.0,True,True,7.874664561448695e-06,1.2562745441435361e-05,55.59730588585228,9.999874372545609,1.9353980343692034,0.9183297063712623,7.146397886713926,49.999371862728026,1.1119600869885573,0.4999937186272804,4.541628941368445,5.0501101127138055,0.028031121310041658,0.40187148579522175,0.9183297063712623,1.2284304395386694,0.9183297063712644,,0.0,8.105250597000122,ok
B_alpha1,0.8,0.5,1.0,17.78279410038923,0.056234132519034905,0.6,20,200,5,1.0,predictive,P1+P2 (protect),coarse,5.623413251903491e-05,20,10.0,True,True,5.599035727778035e-06,8.932563561311162e-06,52.71887006986504,9.999910674364386,9.915956933176648,0.004279260589977809,0.07985313186898679,49.999553371821904,1.0543868197745874,0.4999955337182193,5.998296224385595,6.3245244800958424,0.003900826852284034,0.004490471599580998,0.004279260589977809,0.00021205670949551642,0.00427926058997782,,0.0,8.260047912597656,ok
B_alpha1,0.8,0.5,1.0,17.78279410038923,0.056234132519034905,0.6,20,200,5,1.0,predictive,P1+P2 (protect),coarse,0.00023713737056616554,20,10.0,True,True,5.612203750961503e-06,8.953570892191885e-06,52.72071491241754,9.999910464291085,9.657149577590406,0.017462742984961168,0.32547721513354766,49.99955232145538,1.0544237391060496,0.49999552321455426,5.944869037381112,6.268411038891174,0.0113121533367761,0.018302928847746286,0.017462742984961168,0.0008437490052895064,0.017462742984961192,,0.0,8.06869125366211,ok
B_alpha1,0.8,0.5,1.0,17.78279410038923,0.056234132519034905,0.6,20,200,5,1.0,predictive,P1+P2 (protect),coarse,0.001,20,10.0,True,True,5.670658032306616e-06,9.04682414279735e-06,52.72922600914083,9.999909531758574,8.731017379666964,0.06484578526105941,1.2042273033134023,49.9995476587929,1.054594060909827,0.4999954765879287,5.753759452737352,6.067880546760588,0.020531154235969823,0.06771867775756593,0.06484578526105941,0.003088276921546803,0.06484578526105927,,0.0,8.152577638626099,ok
B_alpha1,0.8,0.5,1.0,17.78279410038923,0.056234132519034905,0.6,20,200,5,1.0,predictive,P1+P2 (protect),coarse,0.004216965034285823,20,10.0,True,True,5.9188032802857136e-06,9.442687663738234e-06,52.79434299216981,9.999905573123355,6.509493384652267,0.18450277145657668,3.3060982707678006,49.999527865616805,1.0558968303473704,0.4999952786561678,5.297597443052099,5.593716348575045,0.025454020247287233,0.18591556827930852,0.18450277145657668,0.03083263425161623,0.18450277145657615,,0.0,8.036047458648682,ok
B_alpha1,0.8,0.5,1.0,17.78279410038923,0.056234132519034905,0.6,20,200,5,1.0,predictive,P1+P2 (protect),coarse,0.01778279410038923,20,10.0,True,True,6.455717884124345e-06,1.0299205074820597e-05,53.16369890474458,9.999897007949265,4.0723321087339,0.36691145631061767,5.560859427006217,49.99948503974622,1.06328492908443,0.4999948503974633,4.816381902137493,5.121186289257796,0.02714554657869509,0.3127101059379915,0.36691145631061767,0.2194728989048089,0.36691145631061683,,0.0,8.216692447662354,ok
B_alpha1,0.8,0.5,1.0,17.78279410038923,0.056234132519034905,0.6,20,200,5,1.0,predictive,P1+P2 (protect),coarse,0.07498942093324558,20,10.0,True,True,7.055772007347518e-06,1.1256432065949318e-05,53.96312083660882,9.999887435679353,2.7045760950131865,0.5780278157437004,6.71750865356376,49.99943717839676,1.0792745655130025,0.49999437178396766,4.587204488351874,4.950853131085264,0.02773136604735534,0.37775327182227003,0.5780278157437004,0.5616681124587218,0.5780278157437027,,0.0,8.049217939376831,ok
B_alpha1,0.8,0.5,1.0,17.78279410038923,0.056234132519034905,0.6,20,200,5,1.0,predictive,P1+P2 (protect),coarse,0.31622776601683794,20,10.0,True,True,7.546780901938509e-06,1.2039699801671571e-05,54.869999118048014,9.999879603001986,2.142090908761783,0.7727337638061209,7.085295724430109,49.999398015009916,1.097413194886385,0.4999939801500993,4.533517177578265,4.9751415699184705,0.027946945291440834,0.3984354587041525,0.7727337638061209,0.9082003905707653,0.772733763806126,,0.0,8.026642799377441,ok
B_alpha1,0.8,0.5,1.0,17.78279410038923,0.056234132519034905,0.6,20,200,5,1.0,predictive,P1+P2 (protect),coarse,1.333521432163324,20,10.0,True,True,7.844906712587166e-06,1.2515275198534896e-05,55.52669153000708,9.999874847248016,1.9501506288469141,0.9044123860243629,7.145562137880707,49.99937423624007,1.1105477294105963,0.4999937423624008,4.539724494026066,5.041580728990316,0.02802463742847762,0.4018244881845776,0.9044123860243629,1.193487021704531,0.9044123860243615,,0.0,8.000685930252075,ok
B_alpha1,0.8,0.5,1.0,17.78279410038923,0.056234132519034905,0.6,20,200,5,1.0,predictive,P1+P2 (protect),coarse,5.623413251903491,20,10.0,True,True,7.965157731143836e-06,1.2707101822582669e-05,55.81717338101672,9.99987292898179,1.8940312964469863,0.9614684672287327,7.144627307342493,49.99936464490896,1.1163576532907034,0.49999364644908945,4.548515870250114,5.0777705028679385,0.028050498687055968,0.4017719188002147,0.9614684672287327,1.3450663028899816,0.9614684672287326,,0.0,7.948365926742554,ok
B_alpha1,0.8,0.5,1.0,17.78279410038923,0.056234132519034905,0.6,20,200,5,1.0,predictive,P1+P2 (protect),coarse,5.623413251903491e-05,20,30.0,True,True,5.607194540403295e-06,8.94557955775828e-06,52.72001164345568,9.999910544204422,9.753004437280087,0.012576753915320196,0.23450826460017105,49.99955272102204,1.0544096651746613,0.4999955272102211,5.964655739344201,6.2891906610040405,0.00912732438002113,0.01318736882833488,0.012576753915320196,0.0006131410049209774,0.012576753915320186,,0.0,8.068734645843506,ok
B_alpha1,0.8,0.5,1.0,17.78279410038923,0.056234132519034905,0.6,20,200,5,1.0,predictive,P1+P2 (protect),coarse,0.00023713737056616554,20,30.0,True,True,5.647979140721421e-06,9.010644180100054e-06,52.72582058331666,9.999909893558197,9.053432242798895,0.048310055060508866,0.8983478085824004,49.999549467790935,1.054525913624121,0.4999954946779098,5.820275409070177,6.137631243293733,0.018623363499559144,0.05051780971600751,0.048310055060508866,0.002252140451480806,0.04831005506050891,,0.0,7.770125150680542,ok
B_alpha1,0.8,0.5,1.0,17.78279410038923,0.056234132519034905,0.6,20,200,5,1.0,predictive,P1+P2 (protect),coarse,0.001,20,30.0,True,True,5.830894713055254e-06,9.302448980174792e-06,52.764313675354565,9.999906975510191,7.134359243475564,0.1490550095642856,2.716678771449959,49.99953487755098,1.055296090345131,0.49999534877550955,5.425232560165467,5.725226709955723,0.024694638745671398,0.1527700740453659,0.1490550095642856,0.01623407537459954,0.14905500956428588,,0.0,7.805213212966919,ok
B_alpha1,0.8,0.5,1.0,17.78279410038923,0.056234132519034905,0.6,20,200,5,1.0,predictive,P1+P2 (protect),coarse,0.004216965034285823,20,30.0,True,True,6.313559442047685e-06,1.0072427099895972e-05,53.033741964101154,9.999899275729014,4.564916857995573,0.32008373837393816,5.115100127901475,49.999496378644935,1.0606855229596306,0.4999949637864507,4.909897677803933,5.20785738605974,0.0268941071445804,0.28764321844054247,0.32008373837393816,0.15514744497374203,0.32008373837393933,,0.0,7.63397741317749,ok
B_alpha1,0.8,0.5,1.0,17.78279410038923,0.056234132519034905,0.6,20,200,5,1.0,predictive,P1+P2 (protect),coarse,0.01778279410038923,20,30.0,True,True,6.918998807664913e-06,1.1038247723898745e-05,53.747799390039205,9.999889617522769,2.935836501733643,0.5274276724996086,6.536846208243979,49.999448087613764,1.0749678535622478,0.4999944808761384,4.620350239455702,4.9667279796135135,0.02764057769086267,0.36759387593094095,0.5274276724996086,0.47644245137320773,0.5274276724996079,,0.0,7.756189584732056,ok
B_alpha1,0.8,0.5,1.0,17.78279410038923,0.056234132519034905,0.6,20,200,5,1.0,predictive,P1+P2 (protect),coarse,0.07498942093324558,20,30.0,True,True,7.44627251290893e-06,1.1879366988373304e-05,54.667784328746585,9.99988120633013,2.2287838602718457,0.731023178803134,7.04031175459489,49.999406031650594,1.0933686751026765,0.4999940603165065,4.5373923241934095,4.961042633924403,0.02791348839549165,0.39590582418320786,0.731023178803134,0.829414100457535,0.7310231788031327,,0.0,7.803954362869263,ok
B_alpha1,0.8,0.5,1.0,17.78279410038923,0.056234132519034905,0.6,20,200,5,1.0,predictive,P1+P2 (protect),coarse,0.31622776601683794,20,30.0,True,True,7.79289399821563e-06,1.2432303623031692e-05,55.40550581085456,9.999875676963802,1.9775843750568884,0.8804413696800177,7.142098578299292,49.99937838481886,1.1081238927497774,0.4999937838481901,4.536900907197477,5.027448294303666,0.02801291492589887,0.40162971791609675,0.8804413696800177,1.1359352236299198,0.8804413696800105,,0.0,7.927928924560547,ok
B_alpha1,0.8,0.5,1.0,17.78279410038923,0.056234132519034905,0.6,20,200,5,1.0,predictive,P1+P2 (protect),coarse,1.333521432163324,20,30.0,True,True,7.948046388621035e-06,1.267980547878009e-05,55.77508514107592,9.999873201945235,1.9015108795831348,0.9532304234184915,7.145385495053139,49.99936600972611,1.11551584734547,0.49999366009726176,4.547105937367654,5.072368732692296,0.028046802300759295,0.4018145548284064,0.9532304234184915,1.3217425870916961,0.9532304234185022,,0.0,7.702690839767456,ok
B_alpha1,0.8,0.5,1.0,17.78279410038923,0.056234132519034905,0.6,20,200,5,1.0,predictive,P1+P2 (protect),coarse,5.623413251903491,20,30.0,True,True,7.994622376612556e-06,1.275410441177182e-05,55.890055716640724,9.99987245895587,1.8814365794727899,0.9757154248594644,7.142975536711876,49.999362294779374,1.117815371066771,0.49999362294779354,4.551031047646997,5.087212459261924,0.02805705651135438,0.4016790329116786,0.9757154248594644,1.3866493776015099,0.9757154248594674,,0.0,7.78484582901001,ok
B_alpha1,0.8,0.5,1.0,17.78279410038923,0.056234132519034905,0.6,20,200,5,1.0,predictive,P1+P2 (protect),coarse,5.623413251903491e-05,20,100.0,True,True,5.636526371843815e-06,8.992373358049536e-06,52.72416375662434,9.999910076266415,9.232571518712547,0.039143608203900546,0.7283747968171372,49.99955038133208,1.0544927575250662,0.49999550381332075,5.857240748050475,6.176417947899927,0.017157026081160105,0.04095952484773992,0.039143608203900546,0.0018328525774631572,0.03914360820390053,,0.0,7.756523847579956,ok
B_alpha1,0.8,0.5,1.0,17.78279410038923,0.056234132519034905,0.6,20,200,5,1.0,predictive,P1+P2 (protect),coarse,0.00023713737056616554,20,100.0,True,True,5.781746399829316e-06,9.224043343464377e-06,52.751020598120235,9.999907759566563,7.541089118755111,0.12697964458150512,2.332023477096821,49.99953879783279,1.0550301436061786,0.49999538797832815,5.508686338333318,5.811830138613194,0.02404349031629039,0.13113931724856337,0.12697964458150512,0.010420125251188864,0.12697964458150496,,0.0,8.027604579925537,ok
B_alpha1,0.8,0.5,1.0,17.78279410038923,0.056234132519034905,0.6,20,200,5,1.0,predictive,P1+P2 (protect),coarse,0.001,20,100.0,True,True,6.218752638818795e-06,9.921186221062388e-06,52.96016982825371,9.999900788137795,4.9432864852171905,0.28889332059799977,4.767919406047015,49.999503940688925,1.0592139052234764,0.4999950394068898,4.98352692062966,5.278621011386468,0.026679208155887618,0.26811981171972543,0.28889332059799977,0.11743793251520986,0.2888933205979998,,0.0,7.627823352813721,ok
B_alpha1,0.8,0.5,1.0,17.78279410038923,0.056234132519034905,0.6,20,200,5,1.0,predictive,P1+P2 (protect),coarse,0.004216965034285823,20,100.0,True,True,6.821725608873878e-06,1.0883074552839768e-05,53.60577122243235,9.999891169254477,3.1254890877687584,0.4923699521354737,6.38224979084129,49.99945584627241,1.0721270924877235,0.49999455846272384,4.649953168751772,4.985340771017913,0.027564167083738666,0.35890028050775263,0.4923699521354737,0.41799015826051855,0.4923699521354771,,0.0,7.790355205535889,ok
B_alpha1,0.8,0.5,1.0,17.78279410038923,0.056234132519034905,0.6,20,200,5,1.0,predictive,P1+P2 (protect),coarse,0.01778279410038923,20,100.0,True,True,7.3706642154565735e-06,1.1758755178132606e-05,54.52139698466531,9.999882412448242,2.302645530476742,0.7003464014738268,6.99712565560119,49.99941206224117,1.0904407619192602,0.4999941206224121,4.5425212293876065,4.953350310407836,0.02788524838818302,0.3934772913694146,0.7003464014738268,0.7736272773720286,0.700346401473822,,0.0,7.88089919090271,ok
B_alpha1,0.8,0.5,1.0,17.78279410038923,0.056234132519034905,0.6,20,200,5,1.0,predictive,P1+P2 (protect),coarse,0.07498942093324558,20,100.0,True,True,7.750429435481453e-06,1.2364563433354977e-05,55.30870616586665,9.999876354365666,2.001684532406882,0.8612049170715056,7.137234196155946,49.999381771828396,1.1061878008465644,0.49999381771828333,4.535105346731551,5.01667821010847,0.02800287677025632,0.4013561736060219,0.8612049170715056,1.0918951026570693,0.8612049170715063,,0.0,7.9195942878723145,ok
B_alpha1,0.8,0.5,1.0,17.78279410038923,0.056234132519034905,0.6,20,200,5,1.0,predictive,P1+P2 (protect),coarse,0.31622776601683794,20,100.0,True,True,7.932863035400272e-06,1.2655584706516872e-05,55.73791669885529,9.99987344415294,1.908266513135661,0.9459482005521266,7.145911842159272,49.99936722076486,1.1147724420741707,0.49999367220764696,4.545892048141458,5.067635179912207,0.028043555901579885,0.40184415350132435,0.9459482005521266,1.3015531982314297,0.945948200552126,,0.0,7.867091178894043,ok
B_alpha1,0.8,0.5,1.0,17.78279410038923,0.056234132519034905,0.6,20,200,5,1.0,predictive,P1+P2 (protect),coarse,1.333521432163324,20,100.0,True,True,7.990620382306514e-06,1.2747720349322742e-05,55.880130854439486,9.99987252279653,1.883128492247336,0.9737766207549312,7.143222364201204,49.99936261398252,1.117616864156032,0.49999362613982645,4.55068379530157,5.085920953070611,0.02805614493435707,0.4016929130414228,0.9737766207549312,1.3808962384163046,0.9737766207549299,,0.0,7.622413635253906,ok
B_alpha1,0.8,0.5,1.0,17.78279410038923,0.056234132519034905,0.6,20,200,5,1.0,predictive,P1+P2 (protect),coarse,5.623413251903491,20,100.0,True,True,8.005332395568273e-06,1.2771189253486413e-05,55.916649706150686,9.999872288107468,1.8769345417849141,0.9809085923961759,7.142284577711441,49.99936144053724,1.118347276747738,0.49999361440537343,4.551967904863935,5.090680910247689,0.028059540954200955,0.4016401774316805,0.9809085923961759,1.4022076858655723,0.9809085923961784,,0.0,7.799991130828857,ok
B_alpha1,0.8,0.5,1.0,17.78279410038923,0.056234132519034905,0.6,20,200,5,1.0,base,Base,fine,0.08659643233600653,0,1.0,False,False,2.6139767967179068e-05,4.169967383128664e-05,55.164698699814345,9.999583003261701,3.8156726132464738,0.3304236352693499,5.8543207482224755,49.99791501630845,1.1033399829136992,0.4999791501630851,4.74464584943195,5.234957470443801,0.0,0.0,,,,,4.610860117531878e-29,0.4079270362854004,ok
B_alpha1,0.8,0.5,1.0,17.78279410038923,0.056234132519034905,0.6,20,200,5,1.0,base,Base,fine,0.1,0,1.0,False,False,2.7650063483609575e-05,4.410886672240311e-05,55.33964079474595,9.999558911332764,3.5585921540493985,0.35585921540494103,6.085989719212897,49.99779455666388,1.106841637425187,0.4999779455666382,4.696205794138537,5.197956110869949,0.0,0.0,,,,,1.0569124057550905e-28,0.40552830696105957,ok
B_alpha1,0.8,0.5,1.0,17.78279410038923,0.056234132519034905,0.6,20,200,5,1.0,base,Base,fine,0.11547819846894582,0,1.0,False,False,2.9184903895856313e-05,4.655721137227245e-05,55.52097861815197,9.999534427886294,3.3116308014247937,0.38242115894280565,6.306413611746106,49.99767213943139,1.1104712728088104,0.4999767213943147,4.650471830767821,5.164215373074261,0.0,0.0,,,,,2.339344042241383e-28,0.40701723098754883,ok
B_alpha1,0.8,0.5,1.0,17.78279410038923,0.056234132519034905,0.6,20,200,5,1.0,base,Base,fine,0.1333521432163324,0,1.0,False,False,3.073980930105548e-05,4.903756221547029e-05,55.70872464173871,9.99950962437777,3.0754786125026197,0.41012166439321546,6.5148900987263945,49.99754812188925,1.1142291319151523,0.4999754812188885,4.607604241189356,5.13392687386899,0.0,0.0,,,,,5.005543618719733e-28,0.40087080001831055,ok
B_alpha1,0.8,0.5,1.0,17.78279410038923,0.056234132519034905,0.6,20,200,5,1.0,base,Base,fine,0.1539926526059492,0,1.0,False,False,3.231110106047161e-05,5.154405182352269e-05,55.90288468171721,9.999484559481678,2.850584004128854,0.4389689922718894,6.710962444117579,49.99742279740883,1.1181153258286431,0.49997422797408386,4.567707310711726,5.107223548006317,0.0,0.0,,,,,1.0364803361288953e-27,0.4679718017578125,ok
B_alpha1,0.8,0.5,1.0,17.78279410038923,0.056234132519034905,0.6,20,200,5,1.0,base,Base,fine,0.1778279410038923,0,1.0,False,False,3.389583041588996e-05,5.407197701401813e-05,56.10344088810595,9.999459280229827,2.637183244659118,0.46896486644769436,6.8943926086633605,49.99729640114929,1.1221294935222996,0.4999729640114913,4.530835004463976,5.084183588792267,0.0,0.0,,,,,2.078851759877815e-27,0.4010944366455078,ok
B_alpha1,0.8,0.5,1.0,17.78279410038923,0.056234132519034905,0.6,20,200,5,1.0,base,Base,fine,0.2053525026457146,0,1.0,False,False,3.549165967025824e-05,5.66176092970404e-05,56.31033424118381,9.999433823906942,2.4353336937639076,0.5001018687918503,7.0651306135373,49.99716911953514,1.1262704515640658,0.4999716911953471,4.496997487049704,5.06483539042194,0.0,0.0,,,,,4.0419516270320996e-27,0.43018031120300293,ok
B_alpha1,0.8,0.5,1.0,17.78279410038923,0.056234132519034905,0.6,20,200,5,1.0,base,Base,fine,0.23713737056616552,0,1.0,False,False,3.709671319221538e-05,5.9177957190717787e-05,56.52344788382144,9.999408220428066,2.2449477876945756,0.5323610154322219,7.2232829764451365,49.997041102140464,1.1305358604791829,0.49997041102140327,4.466167878829195,5.049162945936651,0.0,0.0,,,,,7.623816838283324e-27,0.40722203254699707,ok
B_alpha1,0.8,0.5,1.0,17.78279410038923,0.056234132519034905,0.6,20,200,5,1.0,base,Base,fine,0.27384196342643613,0,1.0,False,False,3.8709414528457754e-05,6.175050638094928e-05,56.74259251265411,9.999382494936116,2.065825436558653,0.5657096936434981,7.369082374861733,49.99691247468095,1.134921932257102,0.49996912474680577,4.438288789644556,5.037111289058434,0.0,0.0,,,,,1.3958424304586814e-26,0.40565943717956543,ok
B_alpha1,0.8,0.5,1.0,17.78279410038923,0.056234132519034905,0.6,20,200,5,1.0,base,Base,fine,0.3651741272548377,0,1.0,False,False,4.195198807746934e-05,6.692300163812698e-05,57.19779012653608,9.999330769983585,1.7401791752860045,0.6354684116021114,7.625021643128299,49.99665384991806,1.1440323646105333,0.49996653849917927,4.391035336087009,5.023486538632029,0.0,0.0,,,,,4.288627068445322e-26,0.45236682891845703,ok
B_alpha1,0.8,0.5,1.0,17.78279410038923,0.056234132519034905,0.6,20,200,5,1.0,base,Base,fine,0.4216965034285822,0,1.0,False,False,4.35788108031263e-05,6.95180836741443e-05,57.43301862873484,9.999304819163266,1.5929333554602487,0.6717344261923436,7.736027399184143,49.99652409581631,1.1487402307941805,0.4999652409581633,4.371443985260369,5.021653572531828,0.0,0.0,,,,,7.203154475703649e-26,0.40477442741394043,ok
B_alpha1,0.8,0.5,1.0,17.78279410038923,0.056234132519034905,0.6,20,200,5,1.0,base,Base,fine,0.4869675251658631,0,1.0,False,False,4.5206950943257394e-05,7.211526978706709e-05,57.672627139813656,9.999278847302032,1.4555431446398783,0.7088022429174184,7.836375765140673,49.99639423651066,1.1535357303366751,0.49996394236510155,4.35437739521373,5.022929908749378,0.0,0.0,,,,,1.176514010083632e-25,0.5606567859649658,ok
B_alpha1,0.8,0.5,1.0,17.78279410038923,0.056234132519034905,0.6,20,200,5,1.0,base,Base,fine,0.5623413251903491,0,1.0,False,False,4.6834250320380356e-05,7.471111735449324e-05,57.91597434601033,9.999252888826458,1.327594729471138,0.7465613794865209,7.926591002215884,49.99626444413226,1.1584060327292625,0.4999626444413229,4.339700688432249,5.02713545771925,0.0,0.0,,,,,1.8693982256616505e-25,0.3998110294342041,ok
B_alpha1,0.8,0.5,1.0,17.78279410038923,0.056234132519034905,0.6,20,200,5,1.0,base,Base,fine,0.6493816315762113,0,1.0,False,False,4.845819263870024e-05,7.730161243436174e-05,58.162340096083575,9.999226983875602,1.208670717683882,0.7848885626879477,8.007213735752568,49.996134919378285,1.1633367297266834,0.4999613491937801,4.327273373057834,5.034076054446456,0.0,0.0,,,,,2.8906771066765505e-25,0.40748023986816406,ok
B_alpha1,0.8,0.5,1.0,17.78279410038923,0.056234132519034905,0.6,20,200,5,1.0,base,Base,fine,0.7498942093324559,0,1.0,False,False,5.0075891943617256e-05,7.988215136211469e-05,58.41093760858604,9.999201178486315,1.0983548527588836,0.8236499438760895,8.078794024878713,49.99600589243186,1.1683120794540907,0.4999600589243157,4.316951239509987,5.043546279533827,0.0,0.0,,,,,4.351748905541159e-25,0.46727919578552246,ok
B_alpha1,0.8,0.5,1.0,17.78279410038923,0.056234132519034905,0.6,20,200,5,1.0,base,Base,fine,0.8659643233600653,0,1.0,False,False,5.168410790187949e-05,8.24475651321596e-05,58.660927752135876,9.9991755243486,0.9962345735005721,0.8627035983493244,8.141886303801504,49.99587762174342,1.1733152920316772,0.49995877621742996,4.3085878775188124,5.055332043755129,0.0,0.0,,,,,6.380963801842103e-25,0.41465330123901367,ok
B_alpha1,0.8,0.5,1.0,17.78279410038923,0.056234132519034905,0.6,20,200,5,1.0,base,Base,fine,1.0,0,1.0,False,False,5.327928427789761e-05,8.499218078191858e-05,58.91143447919831,9.999150078192136,0.9019021504627505,0.9019021504627497,8.197045620882363,49.99575039096087,1.1783288383216142,0.4999575039096068,4.3020359192482545,5.0692129871456535,0.0,0.0,,,,,9.117646697082542e-25,0.403839111328125,ok
B_alpha1,0.8,0.5,1.0,17.78279410038923,0.056234132519034905,0.6,20,200,5,1.0,base,Base,fine,1.1547819846894583,0,1.0,False,False,5.485760655805924e-05,8.750991332078637e-05,59.1615605623162,9.999124900866752,0.8149550258210052,0.9410953821502259,8.244824691162016,49.995624504333954,1.1833347647690184,0.4999562450433376,4.297148096373632,5.084964731799927,0.0,0.0,,,,,1.2702727281566816e-24,0.40509772300720215,ok
B_alpha1,0.8,0.5,1.0,17.78279410038923,0.056234132519034905,0.6,20,200,5,1.0,predictive,P2 only,fine,0.02872984833353664,0,10.0,False,False,3.124543315885346e-05,4.984331682186249e-05,55.728611443882755,9.999501566831777,2.637754082738765,0.4364461187418635,6.926298231687596,49.99750783415892,1.1146277856235123,0.49997507834158883,4.518753278838849,5.036727960971132,0.0,0.0,0.4364461187418635,1.2494689142613327,0.43644611874186207,,0.0,1.0519990921020508,ok
B_alpha1,0.8,0.5,1.0,17.78279410038923,0.056234132519034905,0.6,20,200,5,1.0,predictive,P2 only,fine,0.046415888336127795,0,10.0,False,False,3.460014045403437e-05,5.519454043752666e-05,56.23240189159135,9.999448054595621,2.150269267631199,0.5185758345591555,7.3317068432140236,49.997240272978146,1.1247101156897874,0.49997240272978105,4.4396415653908,4.993309778631875,0.0,0.0,0.5185758345591555,1.452371446533988,0.5185758345591553,,0.0,1.045480489730835,ok
B_alpha1,0.8,0.5,1.0,17.78279410038923,0.056234132519034905,0.6,20,200,5,1.0,predictive,P2 only,fine,0.12115276586285885,0,10.0,False,False,4.100561868945563e-05,6.541231809909713e-05,57.35488914072059,9.999345876819024,1.4039020714403283,0.7020776355806675,7.89467441615998,49.99672938409505,1.1471728220479622,0.49996729384095123,4.3402246726841165,4.978987786085231,0.0,0.0,0.7020776355806675,1.9510497420471797,0.7020776355806669,,0.0,1.1433978080749512,ok
B_alpha1,0.8,0.5,1.0,17.78279410038923,0.056234132519034905,0.6,20,200,5,1.0,predictive,P2 only,fine,0.19573417814876606,0,10.0,False,False,4.4274898299720995e-05,7.062745720936206e-05,57.97377473776856,9.999293725427902,1.1158794454142233,0.8019597488539357,8.082867080303938,49.99646862713961,1.1595573913454083,0.4999646862713951,4.312784293592589,5.000920904913672,0.0,0.0,0.8019597488539357,2.2477522996551462,0.8019597488539348,,0.0,1.0069692134857178,ok
B_alpha1,0.8,0.5,1.0,17.78279410038923,0.056234132519034905,0.6,20,200,5,1.0,predictive,P1 only (protect),fine,0.5108969774506928,15,1.0,True,True,2.6780504704379988e-05,4.272269562623874e-05,56.31023321839973,9.99957277304376,1.5350451919136838,0.6722426686087484,7.79313936643381,49.99786386521869,1.126252780922752,0.49997863865218795,4.358676944505934,4.908972029893692,0.02637648458560158,0.23465995056104771,0.6722426686087484,2.0529360802441343,0.672242668608747,,0.0,2.429671049118042,ok
B_alpha1,0.8,0.5,1.0,17.78279410038923,0.056234132519034905,0.6,20,200,5,1.0,predictive,P1 only (protect),fine,0.8254041852680185,15,1.0,True,True,2.9296470976833012e-05,4.673628414332237e-05,56.896135143253126,9.999532637158557,1.1784304324583672,0.7721846037467817,8.049852326636294,49.9976631857928,1.1379758876294956,0.49997663185792784,4.315790012633007,4.911264970448559,0.026767064096887744,0.2455910370539529,0.7721846037467817,2.3378982118340352,0.772184603746782,,0.0,2.549440383911133,ok
B_alpha1,0.8,0.5,1.0,17.78279410038923,0.056234132519034905,0.6,20,200,5,1.0,predictive,P1 only (protect),fine,2.154434690031884,15,1.0,True,True,3.3733159431419086e-05,5.3813899795116564e-05,58.00985250829512,9.999461861002041,0.7149148924720239,0.9593647939719055,8.326258452554029,49.99730930501025,1.1602594882537396,0.49997309305010207,4.2815758665000825,4.967739023784947,0.027215187068779723,0.2571099113892163,0.9593647939719055,2.8695638727758768,0.9593647939719083,,0.0,2.4791200160980225,ok
B_alpha1,0.8,0.5,1.0,17.78279410038923,0.056234132519034905,0.6,20,200,5,1.0,predictive,P1 only (protect),fine,3.4807005884284115,15,1.0,True,True,3.563706133483291e-05,5.685109920960435e-05,58.509830371889805,9.999431489007891,0.5731439386322549,1.0424170363836116,8.385007535976243,49.99715744503941,1.1702631381835689,0.4999715744503946,4.2808086034048705,5.009672510183805,0.027340825935064518,0.25948201144245914,1.0424170363836116,3.113203700727676,1.0424170363836147,,0.0,2.4388766288757324,ok
B_alpha1,0.8,0.5,1.0,17.78279410038923,0.056234132519034905,0.6,20,200,5,1.0,predictive,P1+P2 (protect),fine,0.12115276586285885,20,3.0,True,True,6.75936579705968e-06,1.0783596130854897e-05,53.51988728574663,9.999892164038686,3.2592854114880825,0.470300646060004,6.270521778413228,49.99946082019341,1.0704092885763963,0.4999946082019343,4.671838770147679,5.000779614297404,0.027509017273909742,0.35261735265078314,0.470300646060004,0.38156016495648665,0.4703006460600044,,0.0,7.827967166900635,ok
B_alpha1,0.8,0.5,1.0,17.78279410038923,0.056234132519034905,0.6,20,200,5,1.0,predictive,P1+P2 (protect),fine,0.19573417814876606,20,3.0,True,True,6.958082232563443e-06,1.1100594719429799e-05,53.80752031427218,9.999888994052801,2.8657309063064402,0.5417315714347565,6.592648528206002,49.99944497026406,1.0761623523275685,0.49999444970264006,4.609913003903869,4.961014822306635,0.027668352351710456,0.3707318709865565,0.5417315714347565,0.5004419429124687,0.5417315714347525,,0.0,7.8962767124176025,ok
B_alpha1,0.8,0.5,1.0,17.78279410038923,0.056234132519034905,0.6,20,200,5,1.0,predictive,P1+P2 (protect),fine,0.5108969774506928,20,3.0,True,True,7.3204256437275236e-06,1.167861359874861e-05,54.426769629401086,9.999883213864031,2.356149041676387,0.6802638398870429,6.963703904572538,49.99941606932003,1.0885481053207282,0.4999941606932016,4.547040639283021,4.949672472707886,0.027864859697974104,0.39159784819305277,0.6802638398870429,0.7378720976031133,0.680263839887041,,0.0,7.629502534866333,ok
B_alpha1,0.8,0.5,1.0,17.78279410038923,0.056234132519034905,0.6,20,200,5,1.0,predictive,P1+P2 (protect),fine,0.8254041852680186,20,3.0,True,True,7.47569367618803e-06,1.1926300174962295e-05,54.72606110085251,9.999880736998255,2.202096475565378,0.7431172969660073,7.054905490470359,49.99940368499118,1.0945342757613763,0.4999940368499128,4.535918940539725,4.964718752495957,0.027923740440809246,0.39672649026037776,0.7431172969660073,0.8518713255088982,0.7431172969660075,,0.0,7.762165784835815,ok
B_alpha1,0.8,0.5,1.0,100.0,0.01,0.6,20,200,5,1.0,base,Base,coarse,1e-05,0,1.0,False,False,7.735181123720048e-06,1.2369891492040394e-05,52.84630221577488,9.999876301085074,9.989778845379956,9.989778845379955e-05,0.01024495574651681,49.99938150542539,1.0569391185377077,0.49999381505425367,6.013365281424042,6.355760999993581,0.0,0.0,,,,,5.9446700388441795e-83,0.41066765785217285,ok
B_alpha1,0.8,0.5,1.0,100.0,0.01,0.6,20,200,5,1.0,base,Base,coarse,4.216965034285822e-05,0,1.0,False,False,7.760240538710745e-06,1.2409965640496405e-05,52.84925796571588,9.999875900343538,9.956790779281627,0.00041987438569929963,0.04291344598913543,49.999379501718,1.056998276626612,0.4999937950171769,6.006043723699282,6.34837786529422,0.0,0.0,,,,,1.2480578484872991e-70,0.4098680019378662,ok
B_alpha1,0.8,0.5,1.0,100.0,0.01,0.6,20,200,5,1.0,base,Base,coarse,0.00017782794100389227,0,1.0,False,False,7.862492937811284e-06,1.2573484089302794e-05,52.861355287689435,9.99987426515907,9.822196110913636,0.0017466609105402113,0.1761829630167543,49.99937132579555,1.057240398949123,0.4999937132579535,5.976179012052437,6.318257882893695,0.0,0.0,,,,,8.147007263852939e-59,0.40563392639160156,ok
B_alpha1,0.8,0.5,1.0,100.0,0.01,0.6,20,200,5,1.0,base,Base,coarse,0.0007498942093324559,0,1.0,False,False,8.249482438525554e-06,1.3192343421277022e-05,52.90722320336788,9.999868076565788,9.316914577007818,0.006986700290143298,0.676230646136251,49.99934038282894,1.0581584236566766,0.4999934038282894,5.864161384600332,6.205211766797041,0.0,0.0,,,,,1.7918977797146967e-48,0.4755442142486572,ok
B_alpha1,0.8,0.5,1.0,100.0,0.01,0.6,20,200,5,1.0,base,Base,coarse,0.0031622776601683794,0,1.0,False,False,9.538286552785295e-06,1.5253343676008653e-05,53.05183395784665,9.999847466563281,7.806174167674473,0.024685290181820443,2.169293075580425,49.99923733281618,1.0610528637609227,0.49999237332816404,5.530003044018372,5.867625566462313,0.0,0.0,,,,,1.2010366364688212e-40,0.4013497829437256,ok
B_alpha1,0.8,0.5,1.0,100.0,0.01,0.6,20,200,5,1.0,base,Base,coarse,0.01333521432163324,0,1.0,False,False,1.2713703032643618e-05,2.0331312813891058e-05,53.397774863544,9.999796686871823,5.247457839282568,0.06997597493056774,4.682769498915041,49.99898343435933,1.0679772106496273,0.4999898343435912,4.969796644432539,5.307629557816941,0.0,0.0,,,,,4.1017667565866806e-35,0.39849305152893066,ok
B_alpha1,0.8,0.5,1.0,100.0,0.01,0.6,20,200,5,1.0,base,Base,coarse,0.05623413251903491,0,1.0,False,False,1.8284315189581076e-05,2.9239567865370333e-05,54.142190027006144,9.999707604321307,3.10165151449018,0.17441868229370483,6.724222198894807,49.998538021606734,1.0828754633507232,0.4999853802160653,4.524963363092322,4.899971798453644,0.0,0.0,,,,,4.6418159311616865e-31,0.41461634635925293,ok
B_alpha1,0.8,0.5,1.0,100.0,0.01,0.6,20,200,5,1.0,base,Base,coarse,0.23713737056616552,0,1.0,False,False,2.80962170811585e-05,4.4930307594116314e-05,55.66513841962713,9.999550696924043,1.6828345990549067,0.3990629719176467,7.918551732103404,49.99775348462029,1.1133527916759334,0.49997753484620217,4.2892980587426965,4.775501968031342,0.0,0.0,,,,,4.318337887830704e-28,0.5280063152313232,ok
B_alpha1,0.8,0.5,1.0,100.0,0.01,0.6,20,200,5,1.0,base,Base,coarse,1.0,0,1.0,False,False,4.3244981788751055e-05,6.915548351264467e-05,58.03819540617181,9.999308445164829,0.7595328956445853,0.7595328956445866,8.481625763545999,49.9965422258244,1.160844186864461,0.4999654222582414,4.216450674180194,4.894642254322816,0.0,0.0,,,,,3.836527800208474e-26,0.47313690185546875,ok
B_alpha1,0.8,0.5,1.0,100.0,0.01,0.6,20,200,5,1.0,predictive,Check,check,0.0031622776601683794,0,1.0,False,False,9.538286552785294e-06,1.5253343676008653e-05,53.05183395784666,9.999847466563246,7.806174167674462,0.024685290181820453,2.1692930755804722,49.99923733281621,1.0610528637609224,0.49999237332816227,5.530003044018357,5.867625566462296,0.0,0.0,0.024685290181820453,0.1391373307142979,0.02468529018182046,2.1699906192486437e-14,0.0,1.0241498947143555,ok
B_alpha1,0.8,0.5,1.0,100.0,0.01,0.6,20,200,5,1.0,predictive,P2 only,coarse,1e-05,0,3.0,False,False,7.747564536135066e-06,1.2389694616378635e-05,52.847762720298384,9.999876103053836,9.970108284138778,0.0002579543706351121,0.02975765843675049,49.999380515269166,1.0569683499210427,0.4999938051526918,6.008987190512751,6.3513092754529445,0.0,0.0,0.0002579543706351121,0.0019530666988971778,0.00025795437063511214,,0.0,1.054776668548584,ok
B_alpha1,0.8,0.5,1.0,100.0,0.01,0.6,20,200,5,1.0,predictive,P2 only,coarse,4.216965034285822e-05,0,3.0,False,False,7.810910837513714e-06,1.2490995806443995e-05,52.85525228984834,9.999875090041947,9.875960056081212,0.0010766732626165622,0.123088180614225,49.99937545020969,1.0571182502565974,0.4999937545020973,5.988055921098498,6.3300831977503025,0.0,0.0,0.0010766732626165622,0.008025273228055303,0.001076673262616562,,0.0,1.0057904720306396,ok
B_alpha1,0.8,0.5,1.0,100.0,0.01,0.6,20,200,5,1.0,predictive,P2 only,coarse,0.00017782794100389227,0,3.0,False,False,8.054611172985155e-06,1.2880712501083665e-05,52.88419200043473,9.999871192874982,9.512201184451493,0.004357495375306518,0.48357012729821847,49.99935596437494,1.0576974639056405,0.49999355964374914,5.907228343006387,6.248060437109374,0.0,0.0,0.004357495375306518,0.03049815260889173,0.0043574953753065145,,0.0,1.0688493251800537,ok
B_alpha1,0.8,0.5,1.0,100.0,0.01,0.6,20,200,5,1.0,predictive,P2 only,coarse,0.0007498942093324559,0,3.0,False,False,8.877509027484573e-06,1.4196656155615811e-05,52.97806398999812,9.999858033438434,8.339905635621827,0.015843732630973204,1.644392598308766,49.99929016719222,1.0595763222406798,0.4999929016719217,5.647086182535432,5.983518808667053,0.0,0.0,0.015843732630973204,0.09088345287031892,0.01584373263097322,,0.0,0.9982843399047852,ok
B_alpha1,0.8,0.5,1.0,100.0,0.01,0.6,20,200,5,1.0,predictive,P2 only,coarse,0.0031622776601683794,0,3.0,False,False,1.0983597606576102e-05,1.7564604109902242e-05,53.19810146282215,9.999824353958898,6.001961762904708,0.04525904510006587,3.9529548380363284,49.999121769794534,1.0639807176565286,0.4999912176979449,5.130721006548336,5.458988218642726,0.0,0.0,0.04525904510006587,0.1982442575000692,0.04525904510006588,,0.0,1.2891223430633545,ok
B_alpha1,0.8,0.5,1.0,100.0,0.01,0.6,20,200,5,1.0,predictive,P2 only,coarse,0.01333521432163324,0,3.0,False,False,1.4231079763696793e-05,2.275780125769967e-05,53.61917201769903,9.99977242198743,3.80626372902363,0.10736874875492494,6.086595100234014,49.998862109937065,1.0724078459986082,0.4999886210993715,4.658730359478692,4.996058989896866,0.0,0.0,0.10736874875492494,0.4379193466543646,0.10736874875492491,,0.0,1.002199411392212,ok
B_alpha1,0.8,0.5,1.0,100.0,0.01,0.6,20,200,5,1.0,predictive,P2 only,coarse,0.05623413251903491,0,3.0,False,False,1.9351271996999785e-05,3.0945764676290525e-05,54.51760908160021,9.999690542353237,2.3546027475538476,0.2456828507248134,7.400023859368101,49.9984527117662,1.0903859244582286,0.49998452711766184,4.3832256129446625,4.7794075120796515,0.0,0.0,0.2456828507248134,0.9904182222625383,0.24568285072481327,,0.0,1.0423026084899902,ok
B_alpha1,0.8,0.5,1.0,100.0,0.01,0.6,20,200,5,1.0,predictive,P2 only,coarse,0.23713737056616552,0,3.0,False,False,2.8831444392745532e-05,4.6106021956002096e-05,56.25109993404318,9.999538939780432,1.2956065743027299,0.5140424559714749,8.190812029945363,49.9976946989021,1.125073871361481,0.4999769469890216,4.245169629058606,4.776129429151148,0.0,0.0,0.5140424559714749,1.9437492987455791,0.5140424559714771,,0.0,1.1654973030090332,ok
B_alpha1,0.8,0.5,1.0,100.0,0.01,0.6,20,200,5,1.0,predictive,P2 only,coarse,1.0,0,3.0,False,False,4.366285837862226e-05,6.98237151384977e-05,58.67519935801477,9.999301762848628,0.5708146528484549,0.8857604256667939,8.544123158636124,49.99650881424307,1.1735859312900525,0.4999650881424314,4.221334617544805,4.954098918418258,0.0,0.0,0.8857604256667939,3.092457590214385,0.8857604256667935,,0.0,1.0741403102874756,ok
B_alpha1,0.8,0.5,1.0,100.0,0.01,0.6,20,200,5,1.0,predictive,P2 only,coarse,1e-05,0,10.0,False,False,7.790014472894645e-06,1.2457579073001623e-05,52.85278019696358,9.999875424209284,9.902491959358493,0.0008056599915098918,0.09682695644071337,49.99937712104635,1.05706877245709,0.4999937712104642,5.993939430165577,6.3360061956272755,0.0,0.0,0.0008056599915098918,0.006026504816795793,0.0008056599915098922,,0.0,1.0060153007507324,ok
B_alpha1,0.8,0.5,1.0,100.0,0.01,0.6,20,200,5,1.0,predictive,P2 only,coarse,4.216965034285822e-05,0,10.0,False,False,7.975351630620652e-06,1.2753963560847083e-05,52.8747922897516,9.999872460364385,9.611493398154451,0.0032842067374797223,0.38534993474368484,49.99936230182199,1.0575093332305328,0.49999362301821926,5.9292244163998244,6.270210159161173,0.0,0.0,0.0032842067374797223,0.02329732167400099,0.003284206737479724,,0.0,1.049025297164917,ok
B_alpha1,0.8,0.5,1.0,100.0,0.01,0.6,20,200,5,1.0,predictive,P2 only,coarse,0.00017782794100389227,0,10.0,False,False,8.610463767035389e-06,1.3769608825310284e-05,52.94821607715423,9.999862303911748,8.633017004846183,0.012202508118838258,1.3549181831232318,49.99931151955874,1.0589789032683368,0.49999311519558737,5.7118411681165,6.048719295854947,0.0,0.0,0.012202508118838258,0.07213022989805268,0.012202508118838258,,0.0,1.0158956050872803,ok
B_alpha1,0.8,0.5,1.0,100.0,0.01,0.6,20,200,5,1.0,predictive,P2 only,coarse,0.0007498942093324559,0,10.0,False,False,1.0305075331331373e-05,1.6479543765467216e-05,53.1234243379432,9.999835204562334,6.466641057925672,0.03570313653396679,3.4978206009780273,49.99917602281174,1.0624859960433357,0.4999917602281167,5.231958328460723,5.558882455871817,0.0,0.0,0.03570313653396679,0.15334144957933252,0.03570313653396676,,0.0,1.0488176345825195,ok
B_alpha1,0.8,0.5,1.0,100.0,0.01,0.6,20,200,5,1.0,predictive,P2 only,coarse,0.0031622776601683794,0,10.0,False,False,1.274405773858706e-05,2.037981935072212e-05,53.42411161517446,9.999796201806486,4.232038158421376,0.08195290686471632,5.686212732907422,49.998981009032484,1.068504008222152,0.4999898100903243,4.74523305396016,5.070300538104674,0.0,0.0,0.08195290686471632,0.2999717995068077,0.08195290686471629,,0.0,1.0105195045471191,ok
B_alpha1,0.8,0.5,1.0,100.0,0.01,0.6,20,200,5,1.0,predictive,P2 only,coarse,0.01333521432163324,0,10.0,False,False,1.552707134775478e-05,2.4830256220271807e-05,53.99111309710428,9.999751697437809,2.8352993982567867,0.17682144719467408,6.98812745711073,49.99875848718898,1.0798490748712941,0.49998758487189043,4.465797491572872,4.822387289837512,0.0,0.0,0.17682144719467408,0.6233981277015085,0.176821447194674,,0.0,1.072768211364746,ok
B_alpha1,0.8,0.5,1.0,100.0,0.01,0.6,20,200,5,1.0,predictive,P2 only,coarse,0.05623413251903491,0,10.0,False,False,2.025429740117566e-05,3.238980939528821e-05,55.12138130965859,9.999676101906037,1.85813692438648,0.36361280942571983,7.778574164281764,49.99838050953023,1.1024633347704504,0.4999838050953018,4.315562757381011,4.75774970891343,0.0,0.0,0.36361280942571983,1.2441832270248716,0.36361280942572183,,0.0,1.0299465656280518,ok
B_alpha1,0.8,0.5,1.0,100.0,0.01,0.6,20,200,5,1.0,predictive,P2 only,coarse,0.23713737056616552,0,10.0,False,False,2.939013012105389e-05,4.699942377011221e-05,56.962022881671494,9.999530005762285,1.049486901393219,0.6546448948937331,8.296338197950762,49.99765002881152,1.1392940037951125,0.49997650028811425,4.242508330260143,4.833464301716195,0.0,0.0,0.6546448948937331,2.2030802695574176,0.6546448948937345,,0.0,1.0076658725738525,ok
B_alpha1,0.8,0.5,1.0,100.0,0.01,0.6,20,200,5,1.0,predictive,P2 only,coarse,1.0,0,10.0,False,False,4.391044359276322e-05,7.021963153508669e-05,59.21792620308787,9.99929780368466,0.4713392857531684,0.9936059416177578,8.535756968944412,49.99648901842331,1.184441695121162,0.499964890184233,4.239440436953289,5.021370017510153,0.0,0.0,0.9936059416177578,3.3008019160898274,0.9936059416177603,,0.0,1.198256254196167,ok
B_alpha1,0.8,0.5,1.0,100.0,0.01,0.6,20,200,5,1.0,predictive,P2 only,coarse,1e-05,0,30.0,False,False,7.90461175139438e-06,1.2640838940321056e-05,52.866383917373724,9.999873591610598,9.718713248461551,0.002325462855495028,0.2790876970723559,49.99936795805303,1.0573410440253161,0.49999367958052987,5.953051884792106,6.294406095002961,0.0,0.0,0.002325462855495028,0.016812283236344296,0.0023254628554950276,,0.0,1.005753993988037,ok
B_alpha1,0.8,0.5,1.0,100.0,0.01,0.6,20,200,5,1.0,predictive,P2 only,coarse,4.216965034285822e-05,0,30.0,False,False,8.376070720019783e-06,1.3394777574396304e-05,52.92173950684829,9.999866052224252,8.969269117800382,0.008918112216157433,1.0219467177592083,49.99933026112127,1.0584489678254638,0.4999933026112126,5.786462151892657,6.124674892031895,0.0,0.0,0.008918112216157433,0.05585310616826731,0.008918112216157435,,0.0,1.0606446266174316,ok
B_alpha1,0.8,0.5,1.0,100.0,0.01,0.6,20,200,5,1.0,predictive,P2 only,coarse,0.00017782794100389227,0,30.0,False,False,9.743279537718512e-06,1.5581150131441715e-05,53.06556709664531,9.99984418849869,7.067643388010835,0.02781318828285732,2.904699235207617,49.99922094249346,1.0613278786419214,0.4999922094249345,5.364574157136914,5.693572110011394,0.0,0.0,0.02781318828285732,0.12658685406449435,0.027813188282857296,,0.0,1.0127263069152832,ok
B_alpha1,0.8,0.5,1.0,100.0,0.01,0.6,20,200,5,1.0,predictive,P2 only,coarse,0.0007498942093324559,0,30.0,False,False,1.1955466125379844e-05,1.9118746408587626e-05,53.31442056063263,9.999808812535916,4.716064199414122,0.06548402507081899,5.218642962979143,49.999044062679516,1.0663087977001502,0.49999044062679576,4.848236291700813,5.169717011169729,0.0,0.0,0.06548402507081899,0.2350677271237947,0.06548402507081894,,0.0,1.0558900833129883,ok
B_alpha1,0.8,0.5,1.0,100.0,0.01,0.6,20,200,5,1.0,predictive,P2 only,coarse,0.0031622776601683794,0,30.0,False,False,1.40299139119087e-05,2.2436069077860822e-05,53.72883999758725,9.999775639309222,3.205661656945313,0.13773926746167794,6.656823436283787,49.99887819654608,1.0746009097719884,0.4999887819654611,4.534661656514702,4.872951541598851,0.0,0.0,0.13773926746167794,0.4535773580143454,0.13773926746167803,,0.0,1.012148380279541,ok
B_alpha1,0.8,0.5,1.0,100.0,0.01,0.6,20,200,5,1.0,predictive,P2 only,coarse,0.01333521432163324,0,30.0,False,False,1.6427594742839508e-05,2.6270301436508683e-05,54.50246195144083,9.999737296985625,2.3097320090241467,0.27616218636105705,7.41436850762917,49.99868648492814,1.0900778757032012,0.49998686484928123,4.384580512200424,4.779534210589092,0.0,0.0,0.27616218636105705,0.8474852764274837,0.2761621863610585,,0.0,1.069742202758789,ok
B_alpha1,0.8,0.5,1.0,100.0,0.01,0.6,20,200,5,1.0,predictive,P2 only,coarse,0.05623413251903491,0,30.0,False,False,2.0839602080417025e-05,3.3325778450081675e-05,55.77290685306923,9.999666742215503,1.5929056208888757,0.49224085425284964,7.915186782642771,49.99833371107755,1.115495311811007,0.49998333711077514,4.3040878113252505,4.801189775156215,0.0,0.0,0.49224085425284964,1.4845857563460871,0.4922408542528501,,0.0,1.0366778373718262,ok
B_alpha1,0.8,0.5,1.0,100.0,0.01,0.6,20,200,5,1.0,predictive,P2 only,coarse,0.23713737056616552,0,30.0,False,False,2.9675225464073843e-05,4.745532307659483e-05,57.50638767955332,9.999525446769235,0.937964097069678,0.7627236870414886,8.2997867691196,49.997627233846174,1.1501823358654117,0.49997627233846176,4.25798387405991,4.897457838343483,0.0,0.0,0.7627236870414886,2.40700511540954,0.762723687041488,,0.0,1.0597286224365234,ok
B_alpha1,0.8,0.5,1.0,100.0,0.01,0.6,20,200,5,1.0,predictive,P2 only,coarse,1.0,0,30.0,False,False,4.40065526767441e-05,7.037332076669882e-05,59.493794497952365,9.999296266792328,0.43448730915418216,1.0484983736309095,8.51771805042258,49.99648133396166,1.1899596313698853,0.4999648133396164,4.2517649520038026,5.059428654957843,0.0,0.0,1.0484983736309095,3.418890276987209,1.0484983736309095,,0.0,1.0850000381469727,ok
B_alpha1,0.8,0.5,1.0,100.0,0.01,0.6,20,200,5,1.0,predictive,P2 only,coarse,1e-05,0,100.0,False,False,8.253097364085343e-06,1.3198123677554402e-05,52.90753925861138,9.999868018763227,9.157607152425287,0.007180740276352419,0.835344088535134,49.999340093816116,1.0581647509614822,0.49999340093816136,5.8282964747250166,6.167297887707082,0.0,0.0,0.007180740276352419,0.04657539353223404,0.007180740276352433,,0.0,1.2377355098724365,ok
B_alpha1,0.8,0.5,1.0,100.0,0.01,0.6,20,200,5,1.0,predictive,P2 only,coarse,4.216965034285822e-05,0,100.0,False,False,9.421835599498349e-06,1.5067114093464409e-05,53.032978033146414,9.99984932885907,7.460380223637916,0.023401034669448803,2.516369412833564,49.9992466442953,1.0606755419823362,0.49999246644295353,5.451513925569483,5.782287487627664,0.0,0.0,0.023401034669448803,0.11227186820755866,0.02340103466944877,,0.0,1.0180644989013672,ok
B_alpha1,0.8,0.5,1.0,100.0,0.01,0.6,20,200,5,1.0,predictive,P2 only,coarse,0.00017782794100389227,0,100.0,False,False,1.153288771913792e-05,1.8442984132865994e-05,53.25939557417401,9.999815570158681,5.064637208517762,0.05693317394878659,4.878614047374771,49.99907785079328,1.0652075570895554,0.49999077850793405,4.92365777140463,5.244717466622931,0.0,0.0,0.05693317394878659,0.20655690659315962,0.05693317394878659,,0.0,1.0524067878723145,ok
B_alpha1,0.8,0.5,1.0,100.0,0.01,0.6,20,200,5,1.0,predictive,P2 only,coarse,0.0007498942093324559,0,100.0,False,False,1.3472488794676203e-05,2.1544664048645948e-05,53.61554993268878,9.999784553359513,3.427538834586847,0.1193132191561243,6.453363392897516,49.99892276679755,1.0723341017317458,0.49998922766797566,4.577790011127207,4.9089203394986525,0.0,0.0,0.1193132191561243,0.3857695901129667,0.11931321915612444,,0.0,1.025573968887329,ok
B_alpha1,0.8,0.5,1.0,100.0,0.01,0.6,20,200,5,1.0,predictive,P2 only,coarse,0.0031622776601683794,0,100.0,False,False,1.5095902717909008e-05,2.414071522924759e-05,54.24151655793007,9.999758592847712,2.541619425603955,0.23665880457132943,7.221963176977004,49.99879296423863,1.0848565203709222,0.4999879296423856,4.4220470560647565,4.7972865821588915,0.0,0.0,0.23665880457132943,0.6873364705525257,0.23665880457132896,,0.0,1.070633888244629,ok
B_alpha1,0.8,0.5,1.0,100.0,0.01,0.6,20,200,5,1.0,predictive,P2 only,coarse,0.01333521432163324,0,100.0,False,False,1.714482859617328e-05,2.7417241075205983e-05,55.20416498082992,9.99972582758925,1.9690174978106931,0.41440714341080137,7.616849531189255,49.9986291379462,1.1041135713645598,0.4999862913794625,4.359692433732718,4.813595583059681,0.0,0.0,0.41440714341080137,1.112498165312654,0.41440714341080154,,0.0,1.083733081817627,ok
B_alpha1,0.8,0.5,1.0,100.0,0.01,0.6,20,200,5,1.0,predictive,P2 only,coarse,0.05623413251903491,0,100.0,False,False,2.1215521443763954e-05,3.3926915596909644e-05,56.41335551423927,9.999660730844043,1.442818933863735,0.6192909836582519,7.938229351633971,49.998303654220116,1.1283053902065274,0.49998303654220216,4.317996103271025,4.8720182782114785,0.0,0.0,0.6192909836582519,1.7201128313460423,0.6192909836582529,,0.0,1.0988471508026123,ok
B_alpha1,0.8,0.5,1.0,100.0,0.01,0.6,20,200,5,1.0,predictive,P2 only,coarse,0.23713737056616552,0,100.0,False,False,2.9814815816329283e-05,4.7678543672908925e-05,57.86929481299805,9.999523214563252,0.8860758852791889,0.8349083752161254,8.279492524941434,49.99761607281634,1.157441081365108,0.49997616072816264,4.273417675933612,4.946229175957367,0.0,0.0,0.8349083752161254,2.557984506871128,0.8349083752161245,,0.0,1.019951581954956,ok
B_alpha1,0.8,0.5,1.0,100.0,0.01,0.6,20,200,5,1.0,predictive,P2 only,coarse,1.0,0,100.0,False,False,4.4044367434507964e-05,7.043379085748706e-05,59.61588799984543,9.999295662091418,0.4199141646546755,1.0728030807569042,8.507987092497002,49.99647831045714,1.1924017453720597,0.49996478310457093,4.257615281912231,5.076787893274898,0.0,0.0,1.0728030807569042,3.4753454296401043,1.0728030807569047,,0.0,1.0829648971557617,ok
B_alpha1,0.8,0.5,1.0,100.0,0.01,0.6,20,200,5,1.0,predictive,P2 only,coarse,1e-05,0,1000.0,False,False,1.0633198278624845e-05,1.700425609864971e-05,53.15602009807477,9.99982995743901,5.992078868946476,0.040948455926294466,3.96714271768822,49.99914978719505,1.0631384798404753,0.4999914978719505,5.126872955744984,5.450575920505966,0.0,0.0,0.040948455926294466,0.16144007643585834,0.04094845592629444,,0.0,1.162327766418457,ok
B_alpha1,0.8,0.5,1.0,100.0,0.01,0.6,20,200,5,1.0,predictive,P2 only,coarse,4.216965034285822e-05,0,1000.0,False,False,1.2706325466376614e-05,2.0319466875246915e-05,53.44387210833793,9.999796805331245,3.972607746342518,0.08867173625190956,5.9389237120743275,49.998984026656224,1.0688991616278665,0.49998984026656224,4.68923503854635,5.0123194013782095,0.0,0.0,0.08867173625190956,0.2952969008527517,0.08867173625190947,,0.0,1.045097827911377,ok
B_alpha1,0.8,0.5,1.0,100.0,0.01,0.6,20,200,5,1.0,predictive,P2 only,coarse,0.00017782794100389227,0,1000.0,False,False,1.424025669939718e-05,2.2772417281228913e-05,53.925113527043344,9.999772275827194,2.8665646879491784,0.17901568814590624,6.954647348077721,49.99886137913591,1.0785268312039167,0.4999886137913597,4.473683293519685,4.824987466369688,0.0,0.0,0.17901568814590624,0.5319914185428497,0.17901568814590643,,0.0,1.0366616249084473,ok
B_alpha1,0.8,0.5,1.0,100.0,0.01,0.6,20,200,5,1.0,predictive,P2 only,coarse,0.0007498942093324559,0,1000.0,False,False,1.537580832207367e-05,2.4588302202549432e-05,54.68604811296051,9.99975411697797,2.2847872874057598,0.3270862133557042,7.388372382260567,49.998770584889876,1.0937478556620186,0.4999877058488985,4.398106021990145,4.8104190305259324,0.0,0.0,0.3270862133557042,0.8475471918617594,0.32708621335570304,,0.0,1.0529487133026123,ok
B_alpha1,0.8,0.5,1.0,100.0,0.01,0.6,20,200,5,1.0,predictive,P2 only,coarse,0.0031622776601683794,0,1000.0,False,False,1.632551833287058e-05,2.6107011950055795e-05,55.562848623353375,9.999738929880495,1.9665946423638374,0.4973509084171429,7.536315519338524,49.99869464940244,1.1112859848235546,0.49998694649402475,4.3903359895847185,4.878918853891949,0.0,0.0,0.4973509084171429,1.182492919100284,0.497350908417143,,0.0,0.9989972114562988,ok
B_alpha1,0.8,0.5,1.0,100.0,0.01,0.6,20,200,5,1.0,predictive,P2 only,coarse,0.01333521432163324,0,1000.0,False,False,1.7764580135507543e-05,2.8408293190659637e-05,56.30807248044567,9.999715917068105,1.7213300926563682,0.6334774290046893,7.645476561270838,49.99857958534045,1.1261934428424274,0.49998579585340525,4.386179447198614,4.939686532565303,0.0,0.0,0.6334774290046893,1.5279779588838247,0.6334774290046906,,0.0,1.060912847518921,ok
B_alpha1,0.8,0.5,1.0,100.0,0.01,0.6,20,200,5,1.0,predictive,P2 only,coarse,0.05623413251903491,0,1000.0,False,False,2.1442625108467575e-05,3.429007974101726e-05,57.00005339701531,9.999657099202576,1.3581365533384628,0.7359940281253803,7.90621231933358,49.998285496012954,1.1400401600083008,0.4999828549601288,4.342769419647281,4.950931544053842,0.0,0.0,0.7359940281253803,1.9661930929126639,0.7359940281253804,,0.0,1.0624611377716064,ok
B_alpha1,0.8,0.5,1.0,100.0,0.01,0.6,20,200,5,1.0,predictive,P2 only,coarse,0.23713737056616552,0,1000.0,False,False,2.9878352730190014e-05,4.778014638413073e-05,58.06652296210826,9.99952219853618,0.8623321041751996,0.8741672696507088,8.26397842763791,49.99761099268083,1.1613859504328845,0.499976109926809,4.282821540965582,4.974008765888743,0.0,0.0,0.8741672696507088,2.6490485843091998,0.874167269650707,,0.0,1.058436393737793,ok
B_alpha1,0.8,0.5,1.0,100.0,0.01,0.6,20,200,5,1.0,predictive,P2 only,coarse,1.0,0,1000.0,False,False,4.40595612495828e-05,7.045808750217262e-05,59.66687732769047,9.999295419124978,0.4139912808055426,1.0829544648169203,8.503758835252558,49.99647709562488,1.1934216327596376,0.4999647709562489,4.260095776418836,5.084090457206203,0.0,0.0,1.0829544648169203,3.4998014381562688,1.082954464816917,,0.0,1.0230987071990967,ok
B_alpha1,0.8,0.5,1.0,100.0,0.01,0.6,20,200,5,1.0,predictive,P1 only (protect),coarse,1e-05,5,1.0,True,True,7.735181123720046e-06,1.2369891492040394e-05,52.84630221577491,9.999876301085079,9.989778845379973,9.989778845379961e-05,0.010244955746493645,49.999381505425404,1.0569391185377082,0.49999381505425394,6.013365281424048,6.35576099999359,1.77755811803419e-41,1.7775841031144144e-41,9.989778845379961e-05,0.0007589601696007426,9.989778845379972e-05,,0.0,1.0861692428588867,ok
B_alpha1,0.8,0.5,1.0,100.0,0.01,0.6,20,200,5,1.0,predictive,P1 only (protect),coarse,4.216965034285822e-05,5,1.0,True,True,7.760240538710742e-06,1.2409965640496403e-05,52.84925796571584,9.999875900343595,9.956790779281627,0.00041987438569930093,0.04291344598907898,49.99937950171798,1.0569982766266117,0.4999937950171797,6.006043723699303,6.348377865294241,1.1803010700457955e-31,1.1803738250238332e-31,0.00041987438569930093,0.0031749225349405608,0.00041987438569930115,,0.0,1.1952295303344727,ok
B_alpha1,0.8,0.5,1.0,100.0,0.01,0.6,20,200,5,1.0,predictive,P1 only (protect),coarse,0.00017782794100389227,5,1.0,True,True,7.862492937811284e-06,1.2573484089302794e-05,52.86135528768948,9.999874265159098,9.822196110913643,0.0017466609105402115,0.17618296301671954,49.999371325795565,1.0572403989491237,0.49999371325795494,5.97617901205245,6.318257882893712,2.437910333239873e-22,2.4385438523592e-22,0.0017466609105402115,0.012951110632284633,0.0017466609105402096,,0.0,1.0942447185516357,ok
B_alpha1,0.8,0.5,1.0,100.0,0.01,0.6,20,200,5,1.0,predictive,P1 only (protect),coarse,0.0007498942093324559,5,1.0,True,True,8.24948243852487e-06,1.319234342127593e-05,52.90722320336785,9.999868076565772,9.316914577007829,0.006986700290142532,0.6762306461362577,49.999340382828905,1.0581584236566766,0.4999934038282886,5.864161384600329,6.205211766797038,1.6999457753513787e-14,1.7018063115737344e-14,0.006986700290142532,0.04803703746036232,0.00698670029014254,,0.0,1.0579657554626465,ok
B_alpha1,0.8,0.5,1.0,100.0,0.01,0.6,20,200,5,1.0,predictive,P1 only (protect),coarse,0.0031622776601683794,5,1.0,True,True,9.538286403186727e-06,1.5253343436783479e-05,53.051833952494924,9.999847466565635,7.8061741670630465,0.02468529001136857,2.169293076359949,49.999237332828194,1.0610528636536316,0.4999923733282817,5.53000304381724,5.867625565655582,3.6417813497517054e-09,3.658501981053394e-09,0.02468529001136857,0.13913733053763322,0.024685290011368596,,0.0,1.0995352268218994,ok
B_alpha1,0.8,0.5,1.0,100.0,0.01,0.6,20,200,5,1.0,predictive,P1 only (protect),coarse,0.01333521432163324,5,1.0,True,True,1.2713530652187356e-05,2.0331037157890394e-05,53.397768697181384,9.99979668962842,5.24745746975296,0.06997577382888891,4.682770066789732,49.99898344814207,1.0679770870254686,0.499989834481421,4.96979648649731,5.307628774758805,4.11210789618954e-06,4.1900193497445135e-06,0.06997577382888891,0.3334849204671609,0.06997577382888895,,0.0,1.05452561378479,ok
B_alpha1,0.8,0.5,1.0,100.0,0.01,0.6,20,200,5,1.0,predictive,P1 only (protect),coarse,0.05623413251903491,5,1.0,True,True,1.827639679742696e-05,2.9226905456657725e-05,54.141909062699305,9.999707730945431,3.1016463004186208,0.17440899446085023,6.724236974175097,49.99853865472714,1.0828698301881354,0.49998538654727154,4.524958592037089,4.899941142167547,0.0001761248316666306,0.00018903938362622625,0.17440899446085023,0.8064859707583949,0.17440899446085054,,0.0,1.0601282119750977,ok
B_alpha1,0.8,0.5,1.0,100.0,0.01,0.6,20,200,5,1.0,predictive,P1 only (protect),coarse,0.23713737056616552,5,1.0,True,True,2.8042845098937902e-05,4.4844959796752e-05,55.66330126559325,9.999551550402028,1.6828366136470254,0.39899201378507987,7.918619822165867,49.99775775201008,1.1133159519209717,0.4999775775201014,4.2892721552624735,4.775315112584159,0.000992017822669281,0.0012210372191211833,0.39899201378507987,1.7065573391072757,0.39899201378508026,,0.0,1.0724358558654785,ok
B_alpha1,0.8,0.5,1.0,100.0,0.01,0.6,20,200,5,1.0,predictive,P1 only (protect),coarse,1.0,5,1.0,True,True,4.31271833279969e-05,6.89671107831474e-05,58.03435792235833,9.999310328892156,0.7595602547795873,0.7593616347095107,8.481767781618746,49.99655164446092,1.1607672132081515,0.4999655164446078,4.216393163630172,4.894250942336896,0.0017285449333416774,0.00255219393086919,0.7593616347095107,2.86072165074841,0.7593616347095086,,0.0,1.039203405380249,ok
B_alpha1,0.8,0.5,1.0,100.0,0.01,0.6,20,200,5,1.0,predictive,P1 only (protect),coarse,1e-05,10,1.0,True,True,7.735181123720046e-06,1.2369891492040394e-05,52.84630221577491,9.99987630108508,9.989778845379973,9.989778845379961e-05,0.010244955746491868,49.999381505425404,1.0569391185377082,0.49999381505425405,6.013365281424049,6.355760999993591,1.0607078291916664e-24,1.0644694047929951e-24,9.989778845379961e-05,0.0007589601696007427,9.989778845379975e-05,,0.0,1.303919792175293,ok
B_alpha1,0.8,0.5,1.0,100.0,0.01,0.6,20,200,5,1.0,predictive,P1 only (protect),coarse,4.216965034285822e-05,10,1.0,True,True,7.760240538710744e-06,1.2409965640496405e-05,52.84925796571587,9.999875900343596,9.95679077928163,0.0004198743856993009,0.04291344598907543,49.99937950171799,1.0569982766266122,0.49999379501717983,6.006043723699305,6.348377865294245,5.380343613487379e-18,5.460295443232801e-18,0.0004198743856993009,0.003174922534940558,0.0004198743856993012,,0.0,1.424875259399414,ok
B_alpha1,0.8,0.5,1.0,100.0,0.01,0.6,20,200,5,1.0,predictive,P1 only (protect),coarse,0.00017782794100389227,10,1.0,True,True,7.86249293733379e-06,1.2573484088539218e-05,52.86135528765712,9.99987426515912,9.822196110913028,0.0017466609105006392,0.17618296301735192,49.9993713257956,1.0572403989484758,0.499993713257956,5.976179012052303,6.318257882889685,8.996349448619066e-12,9.545598095125102e-12,0.0017466609105006392,0.012951110627076934,0.0017466609105006399,,0.0,1.2592012882232666,ok
B_alpha1,0.8,0.5,1.0,100.0,0.01,0.6,20,200,5,1.0,predictive,P1 only (protect),coarse,0.0007498942093324559,10,1.0,True,True,8.249442792274772e-06,1.3192280021630885e-05,52.90722059518532,9.999868077199794,9.316914504556914,0.00698669685533914,0.6762307213879524,49.99934038599892,1.0581583714252494,0.4999934038599897,5.864161367203234,6.2052114420946385,6.336429758584626e-07,7.813660897903526e-07,0.00698669685533914,0.04803664027127717,0.006986696855339133,,0.0,1.2846782207489014,ok
B_alpha1,0.8,0.5,1.0,100.0,0.01,0.6,20,200,5,1.0,predictive,P1 only (protect),coarse,0.0031622776601683794,10,1.0,True,True,9.51391834469363e-06,1.5214375708909412e-05,53.05033075516841,9.999847856242905,7.806117239957234,0.024682747434060518,2.169352156365801,49.99923928121458,1.0610227579022422,0.49999239281214525,5.529989392297938,5.867444596186102,0.0002693638697445357,0.0004646268689561535,0.024682747434060518,0.13893878530942957,0.02468274743406055,,0.0,1.2455432415008545,ok
B_alpha1,0.8,0.5,1.0,100.0,0.01,0.6,20,200,5,1.0,predictive,P1 only (protect),coarse,0.01333521432163324,10,1.0,True,True,1.2381499261659139e-05,1.9800076322877245e-05,53.37915789325449,9.999801999236768,5.247029342404463,0.06992552232919454,4.683243136029574,49.99900999618383,1.067604296511644,0.4999900999618384,4.969683008852708,5.3056549325520646,0.002311490635492228,0.006019556942596116,0.06992552232919454,0.33154207965312654,0.06992552232919458,,0.0,1.3109097480773926,ok
B_alpha1,0.8,0.5,1.0,100.0,0.01,0.6,20,200,5,1.0,predictive,P1 only (protect),coarse,0.05623413251903491,10,1.0,True,True,1.741432335256415e-05,2.7848342145899918e-05,54.098453428029515,9.999721516578544,3.1015588089129142,0.17421676535654287,6.724502909151999,49.99860758289273,1.0819992004445254,0.49998607582892723,4.524871763827,4.895907630574823,0.004124449645983012,0.014831509715550112,0.17421676535654287,0.8029977953782377,0.17421676535654276,,0.0,1.284315824508667,ok
B_alpha1,0.8,0.5,1.0,100.0,0.01,0.6,20,200,5,1.0,predictive,P1 only (protect),coarse,0.23713737056616552,10,1.0,True,True,2.679727062898643e-05,4.285313441381e-05,55.60669916422038,9.999571468655873,1.6833382421299774,0.398635428305448,7.918454860908701,49.99785734327942,1.1121816437538774,0.4999785734327936,4.2892587364851344,4.770434832029716,0.004720353670664755,0.020774810129599183,0.398635428305448,1.7029018352125647,0.39863542830544685,,0.0,1.259856939315796,ok
B_alpha1,0.8,0.5,1.0,100.0,0.01,0.6,20,200,5,1.0,predictive,P1 only (protect),coarse,1.0,10,1.0,True,True,4.1625832617019204e-05,6.656627131771485e-05,57.97032333946264,9.999334337286816,0.7604565580258347,0.7582104480459029,8.481998656641446,49.996671686434084,1.1594836492924407,0.4999667168643408,4.216171562401327,4.888581989216102,0.004851367309717966,0.023454458409358985,0.7582104480459029,2.8572355745912756,0.7582104480459025,,0.0,1.287623643875122,ok
B_alpha1,0.8,0.5,1.0,100.0,0.01,0.6,20,200,5,1.0,predictive,P1 only (protect),coarse,1e-05,15,1.0,True,True,7.73518112371801e-06,1.2369891492037136e-05,52.84630221577465,9.999876301085077,9.989778845380078,9.989778845343807e-05,0.010244955746390616,49.999381505425426,1.0569391185377024,0.4999938150542539,6.01336528142407,6.35576099999358,3.693413856176692e-14,3.730438659547718e-14,9.989778845343807e-05,0.0007589601694830355,9.989778845343818e-05,,0.0,2.5917603969573975,ok
B_alpha1,0.8,0.5,1.0,100.0,0.01,0.6,20,200,5,1.0,predictive,P1 only (protect),coarse,4.216965034285822e-05,15,1.0,True,True,7.760240529626795e-06,1.240996562596979e-05,52.849257964709416,9.999875900343744,9.956790779746772,0.0004198743841032703,0.04291344552538057,49.99937950171873,1.0569982766064672,0.4999937950171872,6.00604372380369,6.348377865283589,1.5937724118701303e-10,1.660931230825434e-10,0.0004198743841032703,0.003174922014996533,0.0004198743841032711,,0.0,2.455857038497925,ok
B_alpha1,0.8,0.5,1.0,100.0,0.01,0.6,20,200,5,1.0,predictive,P1 only (protect),coarse,0.00017782794100389227,15,1.0,True,True,7.862471666198708e-06,1.2573450072770366e-05,52.861352957036786,9.99987426549928,9.822197129513599,0.0017466573210554485,0.1761819476660662,49.99937132749639,1.0572403522995197,0.499993713274964,5.976179240614703,6.318257845752566,3.2896441877261696e-07,3.86640627172509e-07,0.0017466573210554485,0.0129499389257061,0.0017466573210554465,,0.0,2.441370725631714,ok
B_alpha1,0.8,0.5,1.0,100.0,0.01,0.6,20,200,5,1.0,predictive,P1 only (protect),coarse,0.0007498942093324559,15,1.0,True,True,8.240568970457453e-06,1.3178089453499412e-05,52.90629138518717,9.999868219105458,9.317245814384588,0.00698539474216808,0.6759005717677855,49.99934109552735,1.0581397719643122,0.49999341095527294,5.864235670509821,6.205180995138247,9.271596337866852e-05,0.0001574823959670148,0.00698539474216808,0.04761430654386133,0.006985394742168079,,0.0,2.414381742477417,ok
B_alpha1,0.8,0.5,1.0,100.0,0.01,0.6,20,200,5,1.0,predictive,P1 only (protect),coarse,0.0031622776601683794,15,1.0,True,True,9.230137222714328e-06,1.4760568527304525e-05,53.02377477978117,9.999852394314722,7.811702955589224,0.024649747234969217,2.163794902861085,49.99926197157359,1.0604911490479025,0.4999926197157361,5.531238761525314,5.865829749868277,0.0014954453306521632,0.004954047703963043,0.024649747234969217,0.1294237017747443,0.024649747234969255,,0.0,2.5868477821350098,ok
B_alpha1,0.8,0.5,1.0,100.0,0.01,0.6,20,200,5,1.0,predictive,P1 only (protect),coarse,0.01333521432163324,15,1.0,True,True,1.1171354232925253e-05,1.7864884518551878e-05,53.27992054934469,9.999821351154813,5.257319009367464,0.06976617075162235,4.673093468726101,49.99910675577403,1.0656174481195462,0.49999106755774064,4.971951597171569,5.298198373151869,0.0036908153412494155,0.021817160421450054,0.06976617075162235,0.30474342801909926,0.06976617075162234,,0.0,2.489457845687866,ok
B_alpha1,0.8,0.5,1.0,100.0,0.01,0.6,20,200,5,1.0,predictive,P1 only (protect),coarse,0.05623413251903491,15,1.0,True,True,1.532483232253312e-05,2.4506959884884257e-05,53.9443755413685,9.999754930401132,3.1126997488721937,0.17339563132155927,6.714149689405115,49.998774652005714,1.078913951728305,0.49998774652005656,4.527088859145078,4.8843393308454,0.004648700836205926,0.037166663110434414,0.17339563132155927,0.7688158985747905,0.17339563132155925,,0.0,2.465925693511963,ok
B_alpha1,0.8,0.5,1.0,100.0,0.01,0.6,20,200,5,1.0,predictive,P1 only (protect),coarse,0.23713737056616552,15,1.0,True,True,2.3096611960659732e-05,3.6935267752316254e-05,55.315723244401596,9.999630647322492,1.716398399334271,0.38189055160616436,7.902080401737073,49.99815323661243,1.1063553284183152,0.49998153236612464,4.2904432224822155,4.746754720469446,0.0048965652854841505,0.0449843623869975,0.38189055160616436,1.6215764418651215,0.38189055160616414,,0.0,2.4340062141418457,ok
B_alpha1,0.8,0.5,1.0,100.0,0.01,0.6,20,200,5,1.0,predictive,P1 only (protect),coarse,1.0,15,1.0,True,True,3.153379552532677e-05,5.0427651574840235e-05,57.0521123813802,9.999495723484209,0.8874464535360126,0.6570347121252571,8.45602311085452,49.99747861742129,1.1410997906102562,0.49997478617421043,4.206839583740729,4.800423768137484,0.004957198335964034,0.04811984832505463,0.6570347121252571,2.5531500401344953,0.6570347121252563,,0.0,2.638930082321167,ok
B_alpha1,0.8,0.5,1.0,100.0,0.01,0.6,20,200,5,1.0,predictive,P1 only (protect),coarse,1e-05,20,1.0,True,True,7.727421372185036e-06,1.2357482365271136e-05,52.845387826319026,9.999876425176339,9.992041805840163,7.931523165915678e-05,0.008002453751839056,49.999382125881745,1.056920817406743,0.499993821258817,6.013868086174469,6.356182373415845,7.883903625262771e-05,8.002453751837716e-05,7.931523165915678e-05,7.123736663742026e-07,7.931523165915679e-05,,0.0,7.829791307449341,ok
B_alpha1,0.8,0.5,1.0,100.0,0.01,0.6,20,200,5,1.0,predictive,P1 only (protect),coarse,4.216965034285822e-05,20,1.0,True,True,7.727740449422927e-06,1.235799262257115e-05,52.84542543262795,9.999876420073775,9.966153977971093,0.0003333885773853868,0.033636213377747026,49.99938210036885,1.056921570081525,0.4999938210036888,6.008123627439206,6.350115457556953,0.00031636482673361914,0.00033636213377753423,0.0003333885773853868,2.9864833258691825e-06,0.00033338857738538733,,0.0,7.797723293304443,ok
B_alpha1,0.8,0.5,1.0,100.0,0.01,0.6,20,200,5,1.0,predictive,P1 only (protect),coarse,0.00017782794100389227,20,1.0,True,True,7.729091935435078e-06,1.2360153872158305e-05,52.84558494100382,9.99987639846128,9.858813845376933,0.0013869869776938402,0.13992276918409274,49.999381992306375,1.0569247625727736,0.499993819923064,5.984305105408237,6.324960252696638,0.0011078318458857491,0.0013992276918409704,0.0013869869776938402,1.2295105189802237e-05,0.0013869869776938402,,0.0,7.802794933319092,ok
B_alpha1,0.8,0.5,1.0,100.0,0.01,0.6,20,200,5,1.0,predictive,P1 only (protect),coarse,0.0007498942093324559,20,1.0,True,True,7.73490631133363e-06,1.2369452017164843e-05,52.84627631409605,9.999876305479837,9.436371661933627,0.005535193315722776,0.5582168392708127,49.99938152739918,1.0569386000332184,0.4999938152739919,5.8905668257894375,6.225967454252007,0.0027225713448199833,0.005582168392708098,0.005535193315722776,4.829013725456273e-05,0.005535193315722768,,0.0,8.028146028518677,ok
B_alpha1,0.8,0.5,1.0,100.0,0.01,0.6,20,200,5,1.0,predictive,P1 only (protect),coarse,0.0031622776601683794,20,1.0,True,True,7.760644182378498e-06,1.2410611047559492e-05,52.850300266454845,9.999875893889538,8.07578837893318,0.019081341039058036,1.9052543861382247,49.99937946944762,1.0570191235823096,0.4999937946944769,5.588728490015232,5.907392890455385,0.004157039273951909,0.01905254386138241,0.019081341039058036,0.0011717329634935592,0.019081341039058047,,0.0,7.7165327072143555,ok
B_alpha1,0.8,0.5,1.0,100.0,0.01,0.6,20,200,5,1.0,predictive,P1 only (protect),coarse,0.01333521432163324,20,1.0,True,True,7.836038493586595e-06,1.2531178455702581e-05,52.89223908180263,9.999874688215453,5.691625977773586,0.048984306557910584,4.259515027453051,49.99937344107721,1.0578580378439058,0.49999373441077266,5.0621325259288765,5.355017581184936,0.004749129418627006,0.04259515027453044,0.048984306557910584,0.032082241396743,0.04898430655791066,,0.0,7.780067682266235,ok
B_alpha1,0.8,0.5,1.0,100.0,0.01,0.6,20,200,5,1.0,predictive,P1 only (protect),coarse,0.05623413251903491,20,1.0,True,True,7.93582618787963e-06,1.269075432279646e-05,53.085890541192036,9.999873092456772,3.836944790296564,0.10330957538883087,6.059872541857833,49.999365462283784,1.0617312849947371,0.4999936546228386,4.664163320810011,4.952088116028933,0.004920298170089009,0.06059872541857844,0.10330957538883087,0.16664132524759404,0.1033095753888307,,0.0,7.8449366092681885,ok
B_alpha1,0.8,0.5,1.0,100.0,0.01,0.6,20,200,5,1.0,predictive,P1 only (protect),coarse,0.23713737056616552,20,1.0,True,True,8.037203254549237e-06,1.2852871432741246e-05,53.55950981330665,9.999871471285692,2.8536629804456908,0.20497314459707897,6.941492403671539,49.99935735642838,1.071203964312964,0.4999935735642846,4.480569603112386,4.7996039212341515,0.004971029567712151,0.0694149240367152,0.20497314459707897,0.4216026451142561,0.2049731445970795,,0.0,7.784703731536865,ok
B_alpha1,0.8,0.5,1.0,100.0,0.01,0.6,20,200,5,1.0,predictive,P1 only (protect),coarse,1.0,20,1.0,True,True,8.14205129270752e-06,1.3020538845696503e-05,54.32813798082937,9.999869794611543,2.343771106603317,0.3609224181789029,7.295436680606237,49.999348973057735,1.086576907433419,0.49999348973057717,4.424177292561381,4.807208880488502,0.004988652921597576,0.07295436680606232,0.3609224181789029,0.739321440726282,0.3609224181789008,,0.0,8.06868577003479,ok
B_alpha1,0.8,0.5,1.0,100.0,0.01,0.6,20,200,5,1.0,predictive,P1+P2 (protect),coarse,1e-05,5,3.0,True,True,7.747564536135066e-06,1.2389694616378635e-05,52.847762720298384,9.999876103053836,9.970108284138778,0.0002579543706351121,0.02975765843675049,49.99938051526917,1.0569683499210425,0.4999938051526918,6.008987190512751,6.351309275452943,5.8099244694106535e-34,5.810179253991988e-34,0.0002579543706351121,0.0019530666988971782,0.00025795437063511214,,0.0,1.0745506286621094,ok
B_alpha1,0.8,0.5,1.0,100.0,0.01,0.6,20,200,5,1.0,predictive,P1+P2 (protect),coarse,4.216965034285822e-05,5,3.0,True,True,7.810910837513714e-06,1.2490995806443995e-05,52.85525228984834,9.999875090041947,9.875960056081212,0.0010766732626165622,0.123088180614225,49.99937545020969,1.0571182502565974,0.4999937545020973,5.988055921098498,6.3300831977503025,1.8231613343971947e-24,1.823498417319436e-24,0.0010766732626165622,0.008025273228055303,0.001076673262616562,,0.0,1.0528960227966309,ok
B_alpha1,0.8,0.5,1.0,100.0,0.01,0.6,20,200,5,1.0,predictive,P1+P2 (protect),coarse,0.00017782794100389227,5,3.0,True,True,8.054611172985144e-06,1.2880712501083643e-05,52.88419200043474,9.999871192874984,9.512201184451495,0.0043574953753065145,0.4835701272982149,49.99935596437494,1.0576974639056405,0.4999935596437492,5.907228343006388,6.248060437109375,3.712780806682895e-16,3.715673000707268e-16,0.0043574953753065145,0.03049815260889171,0.004357495375306508,,0.0,1.1173615455627441,ok
B_alpha1,0.8,0.5,1.0,100.0,0.01,0.6,20,200,5,1.0,predictive,P1+P2 (protect),coarse,0.0007498942093324559,5,3.0,True,True,8.877509015919587e-06,1.4196656137122082e-05,52.97806398958468,9.999858033438626,8.339905635569435,0.015843732625718216,1.6443925983662204,49.99929016719311,1.0595763222323922,0.4999929016719313,5.64708618252171,5.983518808605712,3.3946249137295677e-10,3.40573472875475e-10,0.015843732625718216,0.09088345283961805,0.015843732625718226,,0.0,1.0604596138000488,ok
B_alpha1,0.8,0.5,1.0,100.0,0.01,0.6,20,200,5,1.0,predictive,P1+P2 (protect),coarse,0.0031622776601683794,5,3.0,True,True,1.0983559491919358e-05,1.756454316022139e-05,53.198100100633965,9.999824354568396,6.0019616568150855,0.045259027135136555,3.9529549614813817,49.999121772841995,1.0639806903474365,0.4999912177284198,5.130720976090496,5.458988046120838,1.1044194773489877e-06,1.119427431036289e-06,0.045259027135136555,0.19824415450753397,0.04525902713513652,,0.0,1.099621057510376,ok
B_alpha1,0.8,0.5,1.0,100.0,0.01,0.6,20,200,5,1.0,predictive,P1+P2 (protect),coarse,0.01333521432163324,5,3.0,True,True,1.4227849982555366e-05,2.2752636470518506e-05,53.619057457028,9.999772473635298,3.806259758348358,0.10736712965018196,6.0866006383661615,49.9988623681765,1.072405549194169,0.4999886236817649,4.658728874409563,4.996046697107921,8.936312565677165e-05,9.417392348566757e-05,0.10736712965018196,0.4379106682223594,0.10736712965018169,,0.0,1.0342826843261719,ok
B_alpha1,0.8,0.5,1.0,100.0,0.01,0.6,20,200,5,1.0,predictive,P1+P2 (protect),coarse,0.05623413251903491,5,3.0,True,True,1.932018058764579e-05,3.08960460118404e-05,54.51653577680571,9.999691039539883,2.3545906354308443,0.24566536158027963,7.400052963448994,49.99845519769947,1.0903644034848925,0.49998455197699415,4.383216491958732,4.779303235599726,0.0007538505375678393,0.0008906681723248752,0.24566536158027963,0.9903390750270679,0.24566536158027963,,0.0,1.0402581691741943,ok
B_alpha1,0.8,0.5,1.0,100.0,0.01,0.6,20,200,5,1.0,predictive,P1+P2 (protect),coarse,0.23713737056616552,5,3.0,True,True,2.8749374434058397e-05,4.597478301945135e-05,56.24841373274367,9.999540252169783,1.295608185983597,0.5139877653285408,8.19086379651808,49.997701260849084,1.1250199972051362,0.49997701260848915,4.245149923478688,4.7758785550473775,0.001615383051570011,0.0022936864099837957,0.5139877653285408,1.9435606061069224,0.5139877653285418,,0.0,1.1203231811523438,ok
B_alpha1,0.8,0.5,1.0,100.0,0.01,0.6,20,200,5,1.0,predictive,P1+P2 (protect),coarse,1.0,5,3.0,True,True,4.355359215324683e-05,6.964898659867568e-05,58.67182324245974,9.999303510134034,0.5708307276660499,0.885673397459689,8.544192364740228,49.99651755066995,1.173518199202527,0.4999651755067017,4.221306179909816,4.953779626530266,0.0018785209109765714,0.003021519437178656,0.885673397459689,3.092208788100273,0.8856733974596895,,0.0,1.0525603294372559,ok
B_alpha1,0.8,0.5,1.0,100.0,0.01,0.6,20,200,5,1.0,predictive,P1+P2 (protect),coarse,1e-05,5,10.0,True,True,7.790014472894644e-06,1.245757907300162e-05,52.85278019696357,9.999875424209279,9.90249195935849,0.0008056599915098915,0.09682695644072048,49.99937712104635,1.05706877245709,0.49999377121046396,5.993939430165575,6.336006195627274,5.716885529206543e-26,5.717721083912494e-26,0.0008056599915098915,0.006026504816795793,0.000805659991509892,,0.0,1.2597334384918213,ok
B_alpha1,0.8,0.5,1.0,100.0,0.01,0.6,20,200,5,1.0,predictive,P1+P2 (protect),coarse,4.216965034285822e-05,5,10.0,True,True,7.975351630620648e-06,1.2753963560847073e-05,52.87479228975159,9.999872460364385,9.611493398154455,0.0032842067374797214,0.3853499347436813,49.99936230182198,1.0575093332305325,0.49999362301821926,5.929224416399825,6.270210159161173,2.2073173190972307e-17,2.2086768119979993e-17,0.0032842067374797214,0.023297321674000986,0.003284206737479724,,0.0,1.0676894187927246,ok
B_alpha1,0.8,0.5,1.0,100.0,0.01,0.6,20,200,5,1.0,predictive,P1+P2 (protect),coarse,0.00017782794100389227,5,10.0,True,True,8.610463765300479e-06,1.3769608822535961e-05,52.94821607709227,9.999862303911776,8.633017004837921,0.012202508118578032,1.3549181831317245,49.99931151955893,1.0589789032670935,0.4999931151955888,5.71184116811455,6.04871929584578,5.4798001212563016e-11,5.493990725675168e-11,0.012202508118578032,0.0721302298923071,0.012202508118578023,,0.0,1.052006483078003,ok
B_alpha1,0.8,0.5,1.0,100.0,0.01,0.6,20,200,5,1.0,predictive,P1+P2 (protect),coarse,0.0007498942093324559,5,10.0,True,True,1.0305062618334441e-05,1.647952343593589e-05,53.123423883628796,9.99983520476564,6.466641017773182,0.035703134468245704,3.4978206429929317,49.99917602382823,1.0624859869352974,0.499991760238282,5.231958318702572,5.5588823978510415,3.9768349182561986e-07,4.0197331890657863e-07,0.035703134468245704,0.1533414069466609,0.03570313446824567,,0.0,1.039689540863037,ok
B_alpha1,0.8,0.5,1.0,100.0,0.01,0.6,20,200,5,1.0,predictive,P1+P2 (protect),coarse,0.0031622776601683794,5,10.0,True,True,1.2742333893797235e-05,2.0377062726866193e-05,53.42405043122698,9.999796229372718,4.232035436412937,0.08195259818156661,5.686215736032779,49.998981146863684,1.068502781572743,0.4999898114686359,4.745232334213381,5.070293948315918,5.206596106749332e-05,5.43189182138563e-05,0.08195259818156661,0.2999660860661785,0.0819525981815666,,0.0,1.1191205978393555,ok
B_alpha1,0.8,0.5,1.0,100.0,0.01,0.6,20,200,5,1.0,predictive,P1+P2 (protect),coarse,0.01333521432163324,5,10.0,True,True,1.5505127249213792e-05,2.4795165132718344e-05,53.990354082603695,9.999752048348688,2.835282430802147,0.17681698864884243,6.988148532200322,49.99876024174335,1.0798338563108574,0.4999876024174344,4.465792119530126,4.822313525914853,0.0005960802742917606,0.0006865358025555289,0.17681698864884243,0.6233293659944327,0.17681698864884265,,0.0,1.0473239421844482,ok
B_alpha1,0.8,0.5,1.0,100.0,0.01,0.6,20,200,5,1.0,predictive,P1+P2 (protect),coarse,0.05623413251903491,5,10.0,True,True,2.018716163403338e-05,3.228245187057424e-05,55.11918075077984,9.999677175481297,1.858114943443883,0.36359610550711297,7.778611775567706,49.99838587740649,1.1024192038104845,0.49998385877406487,4.315551922047641,4.757547313906566,0.0015127696989537677,0.0020854968065842088,0.36359610550711297,1.2439885965186979,0.36359610550711186,,0.0,1.0893235206604004,ok
B_alpha1,0.8,0.5,1.0,100.0,0.01,0.6,20,200,5,1.0,predictive,P1+P2 (protect),coarse,0.23713737056616552,5,10.0,True,True,2.929585368665668e-05,4.684866553134146e-05,56.95911730685696,9.999531513344694,1.0494831028536495,0.6546147040000594,8.296370679801598,49.997657566723475,1.1392357178102432,0.4999765756672347,4.242496689003829,4.8332037608048575,0.0018681851657854009,0.002966259105722721,0.6546147040000594,2.2027916315994367,0.6546147040000588,,0.0,1.0494606494903564,ok
B_alpha1,0.8,0.5,1.0,100.0,0.01,0.6,20,200,5,1.0,predictive,P1+P2 (protect),coarse,1.0,5,10.0,True,True,4.3814107440440284e-05,7.006557972658559e-05,59.215076249738985,9.99929934420273,0.47134746508157477,0.9935645034678237,8.535788687247873,49.99649672101359,1.1843845095820646,0.49996496721013645,4.239427281399997,5.021112001589761,0.001857274688860282,0.003087417865606883,0.9935645034678237,3.300459361972802,0.9935645034678248,,0.0,1.0889208316802979,ok
B_alpha1,0.8,0.5,1.0,100.0,0.01,0.6,20,200,5,1.0,predictive,P1+P2 (protect),coarse,1e-05,5,30.0,True,True,7.904611751394382e-06,1.264083894032106e-05,52.866383917373724,9.999873591610598,9.718713248461551,0.0023254628554950276,0.2790876970723559,49.999367958053035,1.057341044025316,0.49999367958052987,5.953051884792106,6.29440609500296,2.921539635121555e-19,2.922820077059002e-19,0.0023254628554950276,0.016812283236344296,0.002325462855495028,,0.0,1.1651275157928467,ok
B_alpha1,0.8,0.5,1.0,100.0,0.01,0.6,20,200,5,1.0,predictive,P1+P2 (protect),coarse,4.216965034285822e-05,5,30.0,True,True,8.37607071992875e-06,1.3394777574250731e-05,52.92173950684506,9.999866052224256,8.969269117799916,0.008918112216152532,1.0219467177596755,49.99933026112128,1.058448967825399,0.4999933026112128,5.786462151892552,6.1246748920314085,2.9404559786993935e-12,2.945879162351324e-12,0.008918112216152532,0.05585310616794807,0.00891811221615254,,0.0,1.1041557788848877,ok
B_alpha1,0.8,0.5,1.0,100.0,0.01,0.6,20,200,5,1.0,predictive,P1+P2 (protect),coarse,0.00017782794100389227,5,30.0,True,True,9.743277187278382e-06,1.5581146372819968e-05,53.0655670126276,9.99984418853627,7.067643379522822,0.0278131881324713,2.9046992438084356,49.99922094268132,1.0613278769575532,0.49999220942681355,5.3645741551797075,5.693572098898239,7.540591926301897e-08,7.598726955610725e-08,0.0278131881324713,0.12658684570866077,0.02781318813247134,,0.0,1.046295404434204,ok
B_alpha1,0.8,0.5,1.0,100.0,0.01,0.6,20,200,5,1.0,predictive,P1+P2 (protect),coarse,0.0007498942093324559,5,30.0,True,True,1.195478392522672e-05,1.9117655492895907e-05,53.31439628954464,9.999808823445083,4.716062889408282,0.065483972454173,5.218644314692463,49.99904411722537,1.0663083111058336,0.4999904411722541,4.848235980498037,5.169714320207397,2.1336288117694996e-05,2.2005408895338335e-05,0.065483972454173,0.23506531806595055,0.06548397245417305,,0.0,1.0999343395233154,ok
B_alpha1,0.8,0.5,1.0,100.0,0.01,0.6,20,200,5,1.0,predictive,P1+P2 (protect),coarse,0.0031622776601683794,5,30.0,True,True,1.4016194163722431e-05,2.2414129649736655e-05,53.7283619849662,9.999775858703504,3.205647601073147,0.13773805320916832,6.656838487014179,49.99887929351754,1.0745913257286188,0.49998879293517523,4.534658111631815,4.872904271904467,0.00039528612605041296,0.0004408428186722221,0.13773805320916832,0.45353126225802304,0.13773805320916807,,0.0,1.039327621459961,ok
B_alpha1,0.8,0.5,1.0,100.0,0.01,0.6,20,200,5,1.0,predictive,P1+P2 (protect),coarse,0.01333521432163324,5,30.0,True,True,1.6372888843251038e-05,2.618282062117381e-05,54.50064941180096,9.999738171793785,2.309696884659471,0.27615649253972846,7.414408451007015,49.99869085896895,1.0900415285978318,0.49998690858968925,4.384570776712676,4.779364231693267,0.0013297353084818638,0.001752787202098756,0.27615649253972846,0.8473183112506367,0.27615649253972807,,0.0,1.0993757247924805,ok
B_alpha1,0.8,0.5,1.0,100.0,0.01,0.6,20,200,5,1.0,predictive,P1+P2 (protect),coarse,0.05623413251903491,5,30.0,True,True,2.075224521539268e-05,3.318608532396393e-05,55.77019769462209,9.999668139146765,1.5928758617016554,0.4922291548858825,7.915226844265698,49.998340695733845,1.1154409710116786,0.49998340695733823,4.304077224499947,4.800944078605472,0.0018351094610714446,0.00284518646402684,0.4922291548858825,1.484315605204773,0.49222915488588265,,0.0,1.062593698501587,ok
B_alpha1,0.8,0.5,1.0,100.0,0.01,0.6,20,200,5,1.0,predictive,P1+P2 (protect),coarse,0.23713737056616552,5,30.0,True,True,2.9583706074599204e-05,4.7308973784432954e-05,57.50368311097301,9.999526910262166,0.9379565887546969,0.762706588174892,8.299809912808247,49.99763455131079,1.1501280735983426,0.49997634551310827,4.257976301686359,4.897218081285927,0.0018714949469072959,0.003095360653858054,0.762706588174892,2.40665986904829,0.7627065881748927,,0.0,1.0967669486999512,ok
B_alpha1,0.8,0.5,1.0,100.0,0.01,0.6,20,200,5,1.0,predictive,P1+P2 (protect),coarse,1.0,5,30.0,True,True,4.391771231966326e-05,7.023125559695336e-05,59.491220545494244,9.999297687444018,0.43449241301619823,1.0484726542732141,8.51773724526657,49.99648843722018,1.1899079796413392,0.49996488437220094,4.251756967546343,5.059199543179056,0.0018172600385399779,0.0030402114092515347,1.0484726542732141,3.4185077062817095,1.0484726542732088,,0.0,1.042989730834961,ok
B_alpha1,0.8,0.5,1.0,100.0,0.01,0.6,20,200,5,1.0,predictive,P1+P2 (protect),coarse,1e-05,5,100.0,True,True,8.25309736407559e-06,1.319812367753881e-05,52.90753925861107,9.999868018763214,9.157607152425234,0.007180740276352239,0.8353440885351997,49.9993400938161,1.0581647509614762,0.4999934009381607,5.828296474725,6.167297887707029,3.1765090267638314e-13,3.1811426187707613e-13,0.007180740276352239,0.046575393532199194,0.0071807402763522455,,0.0,1.0979080200195312,ok
B_alpha1,0.8,0.5,1.0,100.0,0.01,0.6,20,200,5,1.0,predictive,P1+P2 (protect),coarse,4.216965034285822e-05,5,100.0,True,True,9.421834960130128e-06,1.5067113071041726e-05,53.032978010289774,9.99984932886929,7.460380221141643,0.02340103465168017,2.516369415337387,49.99924664434642,1.0606755415241118,0.4999924664434645,5.451513925003515,5.7822874845293395,2.070802573389397e-08,2.0834526115166903e-08,0.02340103465168017,0.11227186589020119,0.023401034651680162,,0.0,1.1771624088287354,ok
B_alpha1,0.8,0.5,1.0,100.0,0.01,0.6,20,200,5,1.0,predictive,P1+P2 (protect),coarse,0.00017782794100389227,5,100.0,True,True,1.1532554245442756e-05,1.844245087045382e-05,53.2593836936612,9.999815575491303,5.064636486804575,0.056933160550160865,4.878614777153962,49.999077877456465,1.06520731890687,0.4999907787745651,4.9236576055621395,5.244716117236266,1.0581706645039718e-05,1.0846589674066069e-05,0.056933160550160865,0.20655570113549124,0.05693316055016069,,0.0,1.0816383361816406,ok
B_alpha1,0.8,0.5,1.0,100.0,0.01,0.6,20,200,5,1.0,predictive,P1+P2 (protect),coarse,0.0007498942093324559,5,100.0,True,True,1.3462980013798048e-05,2.152945843147934e-05,53.61521704452615,9.999784705415689,3.427527823319928,0.1193127574390104,6.453374713825374,49.99892352707844,1.0723274275192984,0.4999892352707844,4.577787410691205,4.90888699783673,0.0002817904104817509,0.00030839509361938193,0.1193127574390104,0.38573665578840816,0.11931275743901024,,0.0,1.0515930652618408,ok
B_alpha1,0.8,0.5,1.0,100.0,0.01,0.6,20,200,5,1.0,predictive,P1+P2 (protect),coarse,0.0031622776601683794,5,100.0,True,True,1.5049222468172242e-05,2.4066068304627687e-05,54.23995660205542,9.999759339316947,2.5415819081112434,0.23665631152621056,7.222002441045598,49.998796696584755,1.0848252395194216,0.49998796696584735,4.42203793589101,4.797138362966933,0.0011828602781443563,0.0015111910686246108,0.23665631152621056,0.6871904657221328,0.23665631152621042,,0.0,1.08892822265625,ok
B_alpha1,0.8,0.5,1.0,100.0,0.01,0.6,20,200,5,1.0,predictive,P1+P2 (protect),coarse,0.01333521432163324,5,100.0,True,True,1.7061792207187943e-05,2.7284456836588556e-05,55.20157412565913,9.99972715543163,1.968966609199065,0.41440207004897,7.616904165320335,49.99863577715819,1.1040616062344224,0.4999863577715815,4.359679545632194,4.813354801818037,0.0017969334721208317,0.0027304729001048993,0.41440207004897,1.1122484701098998,0.41440207004897056,,0.0,1.0477631092071533,ok
B_alpha1,0.8,0.5,1.0,100.0,0.01,0.6,20,200,5,1.0,predictive,P1+P2 (protect),coarse,0.05623413251903491,5,100.0,True,True,2.112542031304418e-05,3.378283424714896e-05,56.41069616373452,9.999662171657528,1.4427862490746752,0.6192835571325592,7.938268022135237,49.99831085828767,1.1282520388263066,0.4999831085828764,4.317986479466755,4.871777049082792,0.0018793183109372987,0.0030925373399437873,0.6192835571325592,1.719787553217095,0.6192835571325596,,0.0,1.0941870212554932,ok
B_alpha1,0.8,0.5,1.0,100.0,0.01,0.6,20,200,5,1.0,predictive,P1+P2 (protect),coarse,0.23713737056616552,5,100.0,True,True,2.9728880075357487e-05,4.754112330406101e-05,57.8668185454434,9.999524588766988,0.8860667435868937,0.8348972862981625,8.279511381347957,49.997622943834784,1.1573913945958698,0.4999762294383494,4.273411961139276,4.946010229385657,0.0018251687984243495,0.0030514361180555695,0.8348972862981625,2.5576034222874644,0.8348972862981633,,0.0,1.1110811233520508,ok
B_alpha1,0.8,0.5,1.0,100.0,0.01,0.6,20,200,5,1.0,predictive,P1+P2 (protect),coarse,1.0,5,100.0,True,True,4.395891004851864e-05,7.029713544240785e-05,59.61343419361478,9.999297028645588,0.41991808547560144,1.0727832010061493,8.508001684872662,49.99648514322792,1.1923525028376816,0.49996485143227937,4.25760920581073,5.076570992653178,0.0017963458167695998,0.003009491371834476,1.0727832010061493,3.4749456828692633,1.0727832010061513,,0.0,1.0914928913116455,ok
B_alpha1,0.8,0.5,1.0,100.0,0.01,0.6,20,200,5,1.0,predictive,P1+P2 (protect),coarse,1e-05,10,3.0,True,True,7.747564536135064e-06,1.2389694616378633e-05,52.84776272029838,9.999876103053833,9.970108284138778,0.000257954370635112,0.029757658436754042,49.999380515269166,1.0569683499210425,0.49999380515269165,6.00898719051275,6.351309275452942,1.4433204322316816e-19,1.4586151504474705e-19,0.000257954370635112,0.0019530666988971774,0.0002579543706351122,,0.0,1.2589046955108643,ok
B_alpha1,0.8,0.5,1.0,100.0,0.01,0.6,20,200,5,1.0,predictive,P1+P2 (protect),coarse,4.216965034285822e-05,10,3.0,True,True,7.810910837495113e-06,1.2490995806414252e-05,52.855252289847115,9.999875090041934,9.875960056081189,0.0010766732626160457,0.12308818061426052,49.999375450209676,1.0571182502565732,0.4999937545020967,5.988055921098487,6.330083197750146,3.5879127676899057e-13,3.745271246580956e-13,0.0010766732626160457,0.008025273227849496,0.0010766732626160433,,0.0,1.4488883018493652,ok
B_alpha1,0.8,0.5,1.0,100.0,0.01,0.6,20,200,5,1.0,predictive,P1+P2 (protect),coarse,0.00017782794100389227,10,3.0,True,True,8.054607164905902e-06,1.288070609162884e-05,52.88419173430916,9.99987119293908,9.512201177649441,0.004357495257464224,0.4835701341540144,49.99935596469544,1.0576974585762806,0.499993559646954,5.907228341451718,6.24806040398326,6.814772502781504e-08,7.986133278409145e-08,0.004357495257464224,0.030498111061215284,0.004357495257464226,,0.0,1.298368215560913,ok
B_alpha1,0.8,0.5,1.0,100.0,0.01,0.6,20,200,5,1.0,predictive,P1+P2 (protect),coarse,0.0007498942093324559,10,3.0,True,True,8.869470337480386e-06,1.4183801229253429e-05,52.97755890464446,9.999858161987696,8.33988580172338,0.015843432629741472,1.6444126036591822,49.9992908099385,1.059566206769356,0.4999929080993848,5.647081643783438,5.983456876620478,9.927941450751808e-05,0.00015584898100513768,0.015843432629741472,0.09081357173590844,0.01584343262974147,,0.0,1.2491512298583984,ok
B_alpha1,0.8,0.5,1.0,100.0,0.01,0.6,20,200,5,1.0,predictive,P1+P2 (protect),coarse,0.0031622776601683794,10,3.0,True,True,1.076639445445813e-05,1.7217268221172155e-05,53.185642630287,9.999827827317795,6.001536779701843,0.045246044621804454,3.9533893483585585,49.99913913658889,1.0637311671505612,0.4999913913658897,5.13062155343123,5.457602053239228,0.0016972871298762027,0.004026938671696044,0.045246044621804454,0.19686836772609673,0.04524604462180448,,0.0,1.2985424995422363,ok
B_alpha1,0.8,0.5,1.0,100.0,0.01,0.6,20,200,5,1.0,predictive,P1+P2 (protect),coarse,0.01333521432163324,10,3.0,True,True,1.350214288069166e-05,2.159213951486488e-05,53.58167096569687,9.999784078604852,3.8056636949007303,0.1072994754568516,6.087252751037566,49.998920393024285,1.0716565586718636,0.4999892039302426,4.658573336261385,4.992390669858378,0.003803432409690561,0.012813903048296897,0.1072994754568516,0.4348419862684867,0.10729947545685195,,0.0,1.2510788440704346,ok
B_alpha1,0.8,0.5,1.0,100.0,0.01,0.6,20,200,5,1.0,predictive,P1+P2 (protect),coarse,0.05623413251903491,10,3.0,True,True,1.8170102867577683e-05,2.9056930895644576e-05,54.463342861506995,9.999709430691048,2.3544140039106924,0.24551014645659228,7.400366418941667,49.9985471534552,1.0892985089016383,0.4999854715345524,4.3831252029301755,4.7745317478810305,0.00463394130874056,0.01964518994345341,0.24551014645659228,0.9870438703577883,0.24551014645659258,,0.0,1.299748182296753,ok
B_alpha1,0.8,0.5,1.0,100.0,0.01,0.6,20,200,5,1.0,predictive,P1+P2 (protect),coarse,0.23713737056616552,10,3.0,True,True,2.7378824484354285e-05,4.378311008267199e-05,56.19102108516113,9.999562168899196,1.2958855203886495,0.513747383366104,8.19080492734605,49.99781084449591,1.1238696282108722,0.4999781084449598,4.2451303482341425,4.770973066176596,0.0048359805330686805,0.023065484162366885,0.513747383366104,1.940493361410721,0.5137473833661027,,0.0,1.2936229705810547,ok
B_alpha1,0.8,0.5,1.0,100.0,0.01,0.6,20,200,5,1.0,predictive,P1+P2 (protect),coarse,1.0,10,3.0,True,True,4.2039374212067267e-05,6.722757360619471e-05,58.61083365897662,9.999327724263956,0.5715128281941368,0.8846664857161215,8.544492961825785,49.996638621319725,1.1722954837604542,0.49996638621319783,4.221090578954969,4.948365422252711,0.004871593296701929,0.023974553075694318,0.8846664857161215,3.0890159405053494,0.8846664857161217,,0.0,1.2371490001678467,ok
B_alpha1,0.8,0.5,1.0,100.0,0.01,0.6,20,200,5,1.0,predictive,P1+P2 (protect),coarse,1e-05,10,10.0,True,True,7.790014472892794e-06,1.2457579072998661e-05,52.85278019696339,9.999875424209268,9.902491959358496,0.0008056599915098768,0.09682695644072581,49.99937712104632,1.0570687724570869,0.4999937712104634,5.993939430165572,6.3360061956272515,3.5917050481811503e-14,3.7168566106046465e-14,0.0008056599915098768,0.0060265048167752935,0.000805659991509877,,0.0,1.4183456897735596,ok
B_alpha1,0.8,0.5,1.0,100.0,0.01,0.6,20,200,5,1.0,predictive,P1+P2 (protect),coarse,4.216965034285822e-05,10,10.0,True,True,7.975350926060957e-06,1.2753962434161775e-05,52.874792242722904,9.99987246037566,9.611493397031266,0.003284206730842775,0.3853499358622319,49.9993623018783,1.0575093322887557,0.499993623018783,5.929224416148191,6.27021015331106,1.2389782076560751e-08,1.4105924042007742e-08,0.003284206730842775,0.02329731423575781,0.003284206730842778,,0.0,1.3857581615447998,ok
B_alpha1,0.8,0.5,1.0,100.0,0.01,0.6,20,200,5,1.0,predictive,P1+P2 (protect),coarse,0.00017782794100389227,10,10.0,True,True,8.607205548471655e-06,1.3764398502560337e-05,52.94800894771806,9.999862356014981,8.633009106541795,0.01220246163899382,1.3549260758042294,49.99931178007489,1.0589747551048942,0.49999311780074907,5.711839388468092,6.048693717601487,4.3112594166410425e-05,6.368743829419276e-05,0.01220246163899382,0.07210075503239283,0.012202461638993823,,0.0,1.3462605476379395,ok
B_alpha1,0.8,0.5,1.0,100.0,0.01,0.6,20,200,5,1.0,predictive,P1+P2 (protect),coarse,0.0007498942093324559,10,10.0,True,True,1.0151921038597058e-05,1.623463019698733e-05,53.1144958344378,9.999837653698034,6.466294739633836,0.03569872437693295,3.4981688822911963,49.99918826849017,1.0623071628527,0.4999918826849017,5.231879465153144,5.557863031014138,0.001294346912884363,0.002871871988913303,0.03569872437693295,0.1523132101266855,0.035698724376932965,,0.0,1.3246078491210938,ok
B_alpha1,0.8,0.5,1.0,100.0,0.01,0.6,20,200,5,1.0,predictive,P1+P2 (protect),coarse,0.0031622776601683794,10,10.0,True,True,1.2107932511313669e-05,1.9362574782139008e-05,53.39082348095296,9.999806374252186,4.23125333028882,0.08192314929363646,5.687017146165357,49.99903187126086,1.0678371456956486,0.4999903187126093,4.745048642535952,5.066939198632603,0.0035367127710192146,0.011344524271259772,0.08192314929363646,0.29714815262444205,0.0819231492936366,,0.0,1.2438409328460693,ok
B_alpha1,0.8,0.5,1.0,100.0,0.01,0.6,20,200,5,1.0,predictive,P1+P2 (protect),coarse,0.01333521432163324,10,10.0,True,True,1.4421241241461813e-05,2.3061898215974768e-05,53.93955601957916,9.999769381017853,2.8345485101652312,0.17674733625964348,6.988934772557274,49.9988469050892,1.0788159999363673,0.4999884690508926,4.465606884673147,4.8175681566113875,0.004551117031514992,0.018732526635907555,0.17674733625964348,0.6202958965389648,0.17674733625964364,,0.0,1.2815203666687012,ok
B_alpha1,0.8,0.5,1.0,100.0,0.01,0.6,20,200,5,1.0,predictive,P1+P2 (protect),coarse,0.05623413251903491,10,10.0,True,True,1.8852970068522338e-05,3.0148919930669218e-05,55.062852110808485,9.999698510800696,1.8577406781649224,0.36347486664781925,7.779085944386563,49.99849255400348,1.1012902449275843,0.4999849255400348,4.315429930558961,4.752540885193107,0.004818459116802669,0.02270289151810776,0.36347486664781925,1.241374137903459,0.3634748666478207,,0.0,1.2611620426177979,ok
B_alpha1,0.8,0.5,1.0,100.0,0.01,0.6,20,200,5,1.0,predictive,P1+P2 (protect),coarse,0.23713737056616552,10,10.0,True,True,2.7877245331929272e-05,4.458014461099515e-05,56.90387783206027,9.999554198553895,1.0495640177125913,0.6544378184039671,8.296443965329548,49.99777099276941,1.1381282945651638,0.49997770992769475,4.242456966163565,4.828460311665837,0.004871497421307696,0.02394830923585706,0.6544378184039671,2.200135919284094,0.6544378184039683,,0.0,1.3846051692962646,ok
B_alpha1,0.8,0.5,1.0,100.0,0.01,0.6,20,200,5,1.0,predictive,P1+P2 (protect),coarse,1.0,10,10.0,True,True,4.231608398966893e-05,6.767006533202802e-05,59.15695778301988,9.999323299346674,0.4719015730013134,0.9926218429963581,8.536153284655654,49.99661649673327,1.1832192241826032,0.4999661649673337,4.239206866668353,5.015911059928893,0.004872009743420181,0.023853920154952392,0.9926218429963581,3.29735888295666,0.992621842996356,,0.0,1.3358428478240967,ok
B_alpha1,0.8,0.5,1.0,100.0,0.01,0.6,20,200,5,1.0,predictive,P1+P2 (protect),coarse,1e-05,10,30.0,True,True,7.904611705191526e-06,1.26408388664365e-05,52.86638391427047,9.999873591611337,9.71871324839448,0.002325462855333907,0.2790876971388503,49.999367958056666,1.0573410439631732,0.49999367958056684,5.953051884777192,6.294406094617252,8.435220230489284e-10,9.284643125011734e-10,0.002325462855333907,0.016812282738849504,0.0023254628553339043,,0.0,1.2791590690612793,ok
B_alpha1,0.8,0.5,1.0,100.0,0.01,0.6,20,200,5,1.0,predictive,P1+P2 (protect),coarse,4.216965034285822e-05,10,30.0,True,True,8.375364700335293e-06,1.3393648555128488e-05,52.921693937057654,9.999866063514448,8.969267532107475,0.008918107583028412,1.021948296795049,49.99933031757227,1.058448055222418,0.4999933031757224,5.786461796682289,6.124669235317188,1.02004894217137e-05,1.3912059802480332e-05,0.008918107583028412,0.055846395392777894,0.008918107583028398,,0.0,1.280879020690918,ok
B_alpha1,0.8,0.5,1.0,100.0,0.01,0.6,20,200,5,1.0,predictive,P1+P2 (protect),coarse,0.00017782794100389227,10,30.0,True,True,9.659987328356024e-06,1.544795503096085e-05,53.06059805566919,9.999845520449695,7.067436256100766,0.027811724225000133,2.9049064992245395,49.99922760224847,1.0612283549212878,0.49999227602248475,5.364527380994051,5.692988567462521,0.0007867699549441715,0.001580474303842951,0.027811724225000133,0.12597935535720997,0.0278117242250002,,0.0,1.2690660953521729,ok
B_alpha1,0.8,0.5,1.0,100.0,0.01,0.6,20,200,5,1.0,predictive,P1+P2 (protect),coarse,0.0007498942093324559,10,30.0,True,True,1.1447136146705101e-05,1.8305862166395313e-05,53.28711136481915,9.99981694137834,4.7152947229776,0.06546786330679737,5.219420472337264,49.999084706891686,1.0657617369838424,0.499990847068917,4.848059686832588,5.166876512840042,0.003094054136500241,0.009189116201575333,0.06546786330679737,0.232571067529548,0.06546786330679724,,0.0,1.2802882194519043,ok
B_alpha1,0.8,0.5,1.0,100.0,0.01,0.6,20,200,5,1.0,predictive,P1+P2 (protect),coarse,0.0031622776601683794,10,30.0,True,True,1.3024920136503386e-05,2.0828959911079698e-05,53.68073675884592,9.999791710400881,3.2047016590144604,0.13769788053427706,6.65780875005038,49.998958552004446,1.07363709792099,0.4999895855200441,4.534435574253554,4.868338250651283,0.004404383676438067,0.017275530468851094,0.13769788053427706,0.4505190835922292,0.13769788053427715,,0.0,1.2436070442199707,ok
B_alpha1,0.8,0.5,1.0,100.0,0.01,0.6,20,200,5,1.0,predictive,P1+P2 (protect),coarse,0.01333521432163324,10,30.0,True,True,1.508579475683961e-05,2.412460237716027e-05,54.445224084664545,9.999758753976225,2.3087865329835675,0.27609165706748806,7.415363055972719,49.998793769881196,1.0889307517146911,0.4999879376988113,4.384348773946912,4.774252206193395,0.00478382935239238,0.02204112281651839,0.27609165706748806,0.8449048708777239,0.27609165706748706,,0.0,1.2790448665618896,ok
B_alpha1,0.8,0.5,1.0,100.0,0.01,0.6,20,200,5,1.0,predictive,P1+P2 (protect),coarse,0.05623413251903491,10,30.0,True,True,1.934879053660534e-05,3.0941796412040185e-05,55.71499314587851,9.999690582035887,1.5923559535362242,0.4921288451846555,7.915824619243233,49.998452910179445,1.1143343424239274,0.49998452910179436,4.303930663092709,4.796017745295591,0.004866813414882997,0.0238343811375962,0.4921288451846555,1.4821377580473771,0.49212884518465677,,0.0,1.4360640048980713,ok
B_alpha1,0.8,0.5,1.0,100.0,0.01,0.6,20,200,5,1.0,predictive,P1+P2 (protect),coarse,0.23713737056616552,10,30.0,True,True,2.8169007724355895e-05,4.5046707206462833e-05,57.450916421825994,9.999549532927944,0.9379362530410535,0.7625573929906535,8.299956821040348,49.99774766463975,1.1490700902604338,0.4999774766463972,4.257924125457898,4.892653259161986,0.00487525372056193,0.023929443998831238,0.7625573929906535,2.4041135815545087,0.7625573929906537,,0.0,1.233123779296875,ok
B_alpha1,0.8,0.5,1.0,100.0,0.01,0.6,20,200,5,1.0,predictive,P1+P2 (protect),coarse,1.0,10,30.0,True,True,4.243544065182623e-05,6.78609308160748e-05,59.43461287466547,9.999321390691808,0.43499400099664615,1.0475526059092857,8.518132002402261,49.996606953459214,1.1887729287307816,0.4999660695345904,4.251533111938911,5.054107469075513,0.00486880899156202,0.02366566639016456,1.0475526059092857,3.415407657963393,1.047552605909282,,0.0,1.2860169410705566,ok
B_alpha1,0.8,0.5,1.0,100.0,0.01,0.6,20,200,5,1.0,predictive,P1+P2 (protect),coarse,1e-05,10,100.0,True,True,8.252889724235959e-06,1.3197791633790373e-05,52.90752573355344,9.999868022083652,9.157606716272111,0.007180739516753948,0.8353445221274836,49.99934011041829,1.058164480105392,0.49999340110418256,5.828296377296914,6.167296205982528,3.16450760751516e-06,4.110742780526251e-06,0.007180739516753948,0.046573361324233835,0.007180739516753955,,0.0,1.2531588077545166,ok
B_alpha1,0.8,0.5,1.0,100.0,0.01,0.6,20,200,5,1.0,predictive,P1+P2 (protect),coarse,4.216965034285822e-05,10,100.0,True,True,9.371949282618414e-06,1.4987339346025625e-05,53.029956448488164,9.999850126606544,7.460251700263354,0.02340039468781074,2.5164977784422913,49.99925063303271,1.0606150247670547,0.4999925063303272,5.451484991555261,5.78192688933561,0.0005087099313106582,0.0009537058325598118,0.02340039468781074,0.11188810319689677,0.02340039468781073,,0.0,1.328169345855713,ok
B_alpha1,0.8,0.5,1.0,100.0,0.01,0.6,20,200,5,1.0,predictive,P1+P2 (protect),coarse,0.00017782794100389227,10,100.0,True,True,1.1111037907225223e-05,1.7768392432498586e-05,53.23631986068705,9.999822316075678,5.063923957586635,0.05692207644951891,4.879331649888169,49.999111580378326,1.0647453160263578,0.49999111580378386,4.923495234445676,5.242268489354128,0.0027424165956653136,0.007692058598309692,0.05692207644951891,0.20433351969492114,0.056922076449518924,,0.0,1.2711827754974365,ok
B_alpha1,0.8,0.5,1.0,100.0,0.01,0.6,20,200,5,1.0,predictive,P1+P2 (protect),coarse,0.0007498942093324559,10,100.0,True,True,1.2540941898162054e-05,2.0055004965502958e-05,53.5701143637429,9.999799449950352,3.4265415527153325,0.11928233933068254,6.454376658003633,49.99899724975177,1.0714237746839785,0.4999899724975176,4.57755902692783,4.904505571469735,0.0042750648232962015,0.016157529304494565,0.11928233933068254,0.38271781720454034,0.11928233933068275,,0.0,1.25054931640625,ok
B_alpha1,0.8,0.5,1.0,100.0,0.01,0.6,20,200,5,1.0,predictive,P1+P2 (protect),coarse,0.0031622776601683794,10,100.0,True,True,1.379886927753266e-05,2.2066602561414964e-05,54.18525889599502,9.999779333974391,2.540436344408509,0.23661235944118342,7.2231719621759165,49.99889666987195,1.0837290921390605,0.49998896669871956,4.421770502952814,4.7920013328123305,0.004751516137947786,0.021484197952699118,0.23661235944118342,0.6847897497687648,0.2366123594411829,,0.0,1.2921802997589111,ok
B_alpha1,0.8,0.5,1.0,100.0,0.01,0.6,20,200,5,1.0,predictive,P1+P2 (protect),coarse,0.01333521432163324,10,100.0,True,True,1.567134055931605e-05,2.5060960906223532e-05,55.146410295140896,9.99974939039093,1.967911613236145,0.41434525023135205,7.617993746141574,49.998746951954764,1.1029558470361802,0.4999874695195465,4.359428547987881,4.808257206739679,0.004860785738288504,0.023697734354640624,0.41434525023135205,1.1103871849583502,0.4143452502313531,,0.0,1.3871791362762451,ok
B_alpha1,0.8,0.5,1.0,100.0,0.01,0.6,20,200,5,1.0,predictive,P1+P2 (protect),coarse,0.05623413251903491,10,100.0,True,True,1.9713775495517055e-05,3.152545056804649e-05,56.35805191689472,9.999684745494315,1.4421860648405957,0.6191977116880414,7.9389314779770475,49.99842372747149,1.127196573717762,0.49998423727471575,4.317827296246683,4.867040134234289,0.0048768656045510665,0.023972497701851815,0.6191977116880414,1.717753392584652,0.6191977116880439,,0.0,1.51777982711792,ok
B_alpha1,0.8,0.5,1.0,100.0,0.01,0.6,20,200,5,1.0,predictive,P1+P2 (protect),coarse,0.23713737056616552,10,100.0,True,True,2.8330304243408507e-05,4.5304639429313655e-05,57.81588219255775,9.999546953605705,0.885995668257038,0.8347615658552578,8.279695812281998,49.99773476802856,1.1563700327785364,0.49997734768028523,4.273353307957701,4.941577704797314,0.004871929394426846,0.023710762060355557,0.8347615658552578,2.5550538338301156,0.8347615658552543,,0.0,1.3054485321044922,ok
B_alpha1,0.8,0.5,1.0,100.0,0.01,0.6,20,200,5,1.0,predictive,P1+P2 (protect),coarse,1.0,10,100.0,True,True,4.248482703705763e-05,6.793990553916698e-05,59.55750053522734,9.9993206009446,0.42039806645203615,1.071871926238136,8.508409406365228,49.996603004723056,1.1912309428222772,0.49996603004723,4.257383725384947,5.071527229146529,0.00486689701389337,0.023566489931336646,1.071871926238136,3.4718374530680567,1.0718719262381364,,0.0,1.278869390487671,ok
B_alpha1,0.8,0.5,1.0,100.0,0.01,0.6,20,200,5,1.0,predictive,P1+P2 (protect),coarse,1e-05,20,3.0,True,True,7.727619681380439e-06,1.2357799494489933e-05,52.84541119663444,9.999876422005054,9.97592739848461,0.00023746700082515946,0.023958712509511315,49.99938211002527,1.0569212851540122,0.4999938211002527,6.010292329957776,6.352405893530276,0.00022926513810451007,0.00023958712509504105,0.00023746700082515946,2.1293232991523897e-06,0.00023746700082515946,,0.0,8.10837984085083,ok
B_alpha1,0.8,0.5,1.0,100.0,0.01,0.6,20,200,5,1.0,predictive,P1+P2 (protect),coarse,4.216965034285822e-05,20,3.0,True,True,7.72857952600791e-06,1.2359334444795983e-05,52.845524421158174,9.999876406655558,9.899076844934763,0.0009917630429678124,0.10005498536671098,49.999382033277726,1.0569235512948172,0.4999938203327779,5.993239361738395,6.334395829968428,0.0008421675396030095,0.001000549853667143,0.0009917630429678124,8.825520194056294e-06,0.0009917630429678121,,0.0,7.993077039718628,ok
B_alpha1,0.8,0.5,1.0,100.0,0.01,0.6,20,200,5,1.0,predictive,P1+P2 (protect),coarse,0.00017782794100389227,20,3.0,True,True,7.732683812213867e-06,1.2365897875584115e-05,52.84601079989824,9.999876341021249,9.59070888621205,0.004019333052234326,0.4053954397144661,49.9993817051062,1.0569332859270402,0.49999381705106244,5.924813531760952,6.262132634629095,0.0023000215580770925,0.004053954397144719,0.004019333052234326,3.4900583159850136e-05,0.004019333052234317,,0.0,7.918183088302612,ok
B_alpha1,0.8,0.5,1.0,100.0,0.01,0.6,20,200,5,1.0,predictive,P1+P2 (protect),coarse,0.0007498942093324559,20,3.0,True,True,7.750899407073778e-06,1.2395027582339645e-05,52.84844960510535,9.999876049724174,8.521796752341757,0.014568240193240588,1.4637589577408292,49.999380248620874,1.0569820934243093,0.49999380248620867,5.687645849890422,6.011739817073263,0.0038984522964917224,0.01463758957740835,0.014568240193240588,0.00040249738030945275,0.01456824019324056,,0.0,8.035934448242188,ok
B_alpha1,0.8,0.5,1.0,100.0,0.01,0.6,20,200,5,1.0,predictive,P1+P2 (protect),coarse,0.0031622776601683794,20,3.0,True,True,7.81406016047794e-06,1.2496031663308533e-05,52.87375570079478,9.99987503968337,6.264239257608122,0.040226823555553376,3.695658879152954,49.999375198416786,1.0574883284235321,0.4999937519841685,5.188014704185871,5.486264997366223,0.00466510544020499,0.03695658879152963,0.040226823555553376,0.017876879485209392,0.0402268235555533,,0.0,7.8847434520721436,ok
B_alpha1,0.8,0.5,1.0,100.0,0.01,0.6,20,200,5,1.0,predictive,P1+P2 (protect),coarse,0.01333521432163324,20,3.0,True,True,7.91211115131583e-06,1.2652830371054589e-05,53.01909819137366,9.999873471696297,4.182668853372016,0.08718627433113803,5.730271400600548,49.99936735848146,1.0603953808303528,0.49999367358481484,4.736092624605882,5.022130742316779,0.004896883471409573,0.057302714006005964,0.08718627433113803,0.12319219156552987,0.08718627433113799,,0.0,7.839102506637573,ok
B_alpha1,0.8,0.5,1.0,100.0,0.01,0.6,20,200,5,1.0,predictive,P1+P2 (protect),coarse,0.05623413251903491,20,3.0,True,True,8.012774618446212e-06,1.2813806417914671e-05,53.41743525348112,9.999871861935816,3.031407920212929,0.17546763886514258,6.793252578986111,49.99935930967909,1.0683623948585346,0.4999935930967908,4.5095733954161386,4.817858632517119,0.004963501215720205,0.06793252578986107,0.17546763886514258,0.35244789648143393,0.17546763886514338,,0.0,7.671427249908447,ok
B_alpha1,0.8,0.5,1.0,100.0,0.01,0.6,20,200,5,1.0,predictive,P1+P2 (protect),coarse,0.23713737056616552,20,3.0,True,True,8.117554859781778e-06,1.2981365470136776e-05,54.12916704008344,9.999870186345314,2.435162880102444,0.3208761052284826,7.24409082832376,49.99935093172662,1.0825973943940996,0.4999935093172657,4.4297377145024655,4.795622507569643,0.004985921456502548,0.0724409082832373,0.3208761052284826,0.6631655330953728,0.3208761052284819,,0.0,7.82488751411438,ok
B_alpha1,0.8,0.5,1.0,100.0,0.01,0.6,20,200,5,1.0,predictive,P1+P2 (protect),coarse,1.0,20,3.0,True,True,8.213338999196803e-06,1.3134538263127744e-05,54.96160111609494,9.99986865461738,2.1422461233210814,0.4877330073535884,7.37015221470795,49.99934327308685,1.0992464604165937,0.499993432730869,4.426393491335601,4.865697377761707,0.004994086638638283,0.07370152214707934,0.4877330073535884,0.9732088454542817,0.48773300735358804,,0.0,7.8079307079315186,ok
B_alpha1,0.8,0.5,1.0,100.0,0.01,0.6,20,200,5,1.0,predictive,P1+P2 (protect),coarse,1e-05,20,10.0,True,True,7.728315390706125e-06,1.2358912048777675e-05,52.845493245225974,9.999876410879516,9.92003748580841,0.000786022455058847,0.07930008085701701,49.99938205439757,1.0569229273220204,0.4999938205439758,5.99789047803368,6.3393079618002295,0.0006901395405564058,0.0007930008085701382,0.000786022455058847,7.008967669074607e-06,0.0007860224550588488,,0.0,7.7670738697052,ok
B_alpha1,0.8,0.5,1.0,100.0,0.01,0.6,20,200,5,1.0,predictive,P1+P2 (protect),coarse,4.216965034285822e-05,20,10.0,True,True,7.731546913927259e-06,1.236407978793118e-05,52.84587566864411,9.999876359202117,9.672979009738375,0.00321146658597304,0.3239331644735337,49.99938179601061,1.05693058134692,0.4999938179601059,5.943068949588666,6.281411319873578,0.002012969399664795,0.0032393316447353123,0.00321146658597304,2.8016374511891433e-05,0.003211466585973035,,0.0,7.784795522689819,ok
B_alpha1,0.8,0.5,1.0,100.0,0.01,0.6,20,200,5,1.0,predictive,P1+P2 (protect),coarse,0.00017782794100389227,20,10.0,True,True,7.74580773495135e-06,1.238688517369359e-05,52.847674115856925,9.999876131148264,8.782587602505583,0.011974794701820387,1.205561471644332,49.99938065574129,1.056966574840734,0.4999938065574132,5.745502083175143,6.0728036575939335,0.003687589169602021,0.012055614716443314,0.011974794701820387,0.00020141113517116959,0.0119747947018204,,0.0,7.872462034225464,ok
B_alpha1,0.8,0.5,1.0,100.0,0.01,0.6,20,200,5,1.0,predictive,P1+P2 (protect),coarse,0.0007498942093324559,20,10.0,True,True,7.800027814650006e-06,1.2473591735142603e-05,52.86497554173661,9.99987526408266,6.671812473204799,0.034823939829449334,3.2934883228830927,49.999376320413205,1.0573126993216808,0.49999376320413297,5.277927038892198,5.5804192843139955,0.004590690871498199,0.03293488322883105,0.034823939829449334,0.01119453531900438,0.03482393982944933,,0.0,7.8196120262146,ok
B_alpha1,0.8,0.5,1.0,100.0,0.01,0.6,20,200,5,1.0,predictive,P1+P2 (protect),coarse,0.0031622776601683794,20,10.0,True,True,7.895684282097932e-06,1.2626561293900042e-05,52.98143945923159,9.999873734387059,4.454313565602164,0.07742096757052781,5.4683917324402485,49.99936867193526,1.059642168821427,0.49999368671935296,4.793700950679074,5.079607672058911,0.004876171405989874,0.05468391732440238,0.07742096757052781,0.09742712303577772,0.07742096757052813,,0.0,7.808808088302612,ok
B_alpha1,0.8,0.5,1.0,100.0,0.01,0.6,20,200,5,1.0,predictive,P1+P2 (protect),coarse,0.01333521432163324,20,10.0,True,True,7.996110998528463e-06,1.278715880573147e-05,53.33035570058055,9.999872128411955,3.1711232903785316,0.15712690699285167,6.6718776742166614,49.99936064205973,1.0666207530605656,0.49999360642059776,4.534195858161411,4.836267400756221,0.0049570817590262875,0.0667187767421666,0.15712690699285167,0.30743555364406266,0.15712690699285203,,0.0,7.736009359359741,ok
B_alpha1,0.8,0.5,1.0,100.0,0.01,0.6,20,200,5,1.0,predictive,P1+P2 (protect),coarse,0.05623413251903491,20,10.0,True,True,8.100363430154615e-06,1.2953873856377732e-05,53.995880255401765,9.999870461261432,2.5078293290380476,0.2939599877266507,7.19834022197387,49.99935230630722,1.0799315944056818,0.4999935230630716,4.436010574889574,4.790587972940962,0.004983619609834505,0.07198340221973863,0.2939599877266507,0.6103802264135669,0.2939599877266504,,0.0,7.805070638656616,ok
B_alpha1,0.8,0.5,1.0,100.0,0.01,0.6,20,200,5,1.0,predictive,P1+P2 (protect),coarse,0.23713737056616552,20,10.0,True,True,8.199475532102272e-06,1.3112368565297789e-05,54.83225838135295,9.99986887631435,2.175018906582379,0.46190282042629577,7.363209396676975,49.99934438157172,1.096659547431236,0.49999344381571753,4.424075087638654,4.851704183411612,0.0049932520258427525,0.07363209396676988,0.46190282042629577,0.9254793282192227,0.4619028204262951,,0.0,8.045687675476074,ok
B_alpha1,0.8,0.5,1.0,100.0,0.01,0.6,20,200,5,1.0,predictive,P1+P2 (protect),coarse,1.0,20,10.0,True,True,8.26816152498114e-06,1.3222207438855545e-05,55.50388404381129,9.999867777925626,2.037183831650359,0.5958010928767019,7.367147297547313,49.99933888962812,1.110092358747668,0.4999933888962813,4.4433238082586,4.93249980698946,0.004996680770711837,0.07367147297547282,0.5958010928767019,1.182884682783385,0.5958010928766995,,0.0,7.799557447433472,ok
B_alpha1,0.8,0.5,1.0,100.0,0.01,0.6,20,200,5,1.0,predictive,P1+P2 (protect),coarse,1e-05,20,30.0,True,True,7.730317601911491e-06,1.2362113915257482e-05,52.84572992300363,9.999876378860847,9.764599915526743,0.002311893115262716,0.23321181249714762,49.99938189430424,1.056927664320259,0.49999381894304235,5.963399312241425,6.302881706496367,0.0016212012600891387,0.0023321181249713503,0.002311893115262716,2.0318481841452582e-05,0.002311893115262717,,0.0,7.880686283111572,ok
B_alpha1,0.8,0.5,1.0,100.0,0.01,0.6,20,200,5,1.0,predictive,P1+P2 (protect),coarse,4.216965034285822e-05,20,30.0,True,True,7.740308406458126e-06,1.2378090851973227e-05,52.846939214440596,9.999876219091488,9.093294430680839,0.008908233881511383,0.8979211163461613,49.99938109545742,1.0569518673350515,0.4999938109545744,5.814440882657217,6.1455841484338105,0.003337834688567996,0.008979211163461568,0.008908233881511383,9.382127702495228e-05,0.008908233881511367,,0.0,7.9111168384552,ok
B_alpha1,0.8,0.5,1.0,100.0,0.01,0.6,20,200,5,1.0,predictive,P1+P2 (protect),coarse,0.00017782794100389227,20,30.0,True,True,7.781994510153536e-06,1.2444753628600228e-05,52.856620601979856,9.999875552463713,7.256555445903728,0.027863060595791175,2.7157059410367674,49.999377762318524,1.0571455679557409,0.49999377762318564,5.407220993668642,5.716219708414043,0.004453299538185136,0.02715705941036777,0.027863060595791175,0.0051019376688271655,0.027863060595791234,,0.0,7.764906883239746,ok
B_alpha1,0.8,0.5,1.0,100.0,0.01,0.6,20,200,5,1.0,predictive,P1+P2 (protect),coarse,0.0007498942093324559,20,30.0,True,True,7.871891376398152e-06,1.2588512777110877e-05,52.937827192368765,9.999874114872231,4.898172180163311,0.06496409148836056,5.0369896134760985,49.99937057436112,1.0587698721854397,0.49999370574361157,4.889146734606136,5.176481263294798,0.00483737992316163,0.050369896134761095,0.06496409148836056,0.06627047103591902,0.06496409148836065,,0.0,7.8189613819122314,ok
B_alpha1,0.8,0.5,1.0,100.0,0.01,0.6,20,200,5,1.0,predictive,P1+P2 (protect),coarse,0.0031622776601683794,20,30.0,True,True,7.972225189450609e-06,1.2748961819685802e-05,53.22019344047402,9.99987251038181,3.4021652318882256,0.1334664033329761,6.464495854396988,49.999362551909,1.064417439026771,0.4999936255190905,4.577420415109686,4.872286115599912,0.004945493183948158,0.06464495854396993,0.1334664033329761,0.24699084627187654,0.13346640333297607,,0.0,7.622452259063721,ok
B_alpha1,0.8,0.5,1.0,100.0,0.01,0.6,20,200,5,1.0,predictive,P1+P2 (protect),coarse,0.01333521432163324,20,30.0,True,True,8.075346426097794e-06,1.2913867992958775e-05,53.8122887654543,9.999870861320076,2.628331133014447,0.25672296267688105,7.115075042988597,49.999354306600274,1.0762596739844437,0.4999935430660038,4.449194109580839,4.7884882018709805,0.004979541439459091,0.07115075042988629,0.25672296267688105,0.5344634899234751,0.25672296267688116,,0.0,7.82043194770813,ok
B_alpha1,0.8,0.5,1.0,100.0,0.01,0.6,20,200,5,1.0,predictive,P1+P2 (protect),coarse,0.05623413251903491,20,30.0,True,True,8.177898468271253e-06,1.3077863702727747e-05,54.63685791825728,9.999869221362962,2.2317995622772417,0.4228272503330747,7.345503966026721,49.99934610681484,1.09275144921966,0.4999934610681481,4.422192619083274,4.832357393231732,0.0049917642984965835,0.07345503966026665,0.4228272503330747,0.8537753080568369,0.4228272503330735,,0.0,7.779557228088379,ok
B_alpha1,0.8,0.5,1.0,100.0,0.01,0.6,20,200,5,1.0,predictive,P1+P2 (protect),coarse,0.23713737056616552,20,30.0,True,True,8.255564834677716e-06,1.3202063502920016e-05,55.37473313222282,9.999867979364968,2.0581914578158056,0.5700907769812255,7.371849785838002,49.99933989682478,1.1075092840523562,0.4999933989682484,4.438396387796793,4.91556520578939,0.004996166960626819,0.07371849785838026,0.5700907769812255,1.1308090446747086,0.5700907769812247,,0.0,7.790359258651733,ok
B_alpha1,0.8,0.5,1.0,100.0,0.01,0.6,20,200,5,1.0,predictive,P1+P2 (protect),coarse,1.0,20,30.0,True,True,8.294268830409802e-06,1.3263956812194048e-05,55.780277801606026,9.999867360431873,1.9983877758854824,0.6507831315429023,7.350961732139743,49.99933680215938,1.1156203535723095,0.49999336802159366,4.45524387355913,4.970360745470902,0.004997647404123534,0.07350961732139742,0.6507831315429023,1.3017603678656815,0.650783131542902,,0.0,8.09355616569519,ok
B_alpha1,0.8,0.5,1.0,100.0,0.01,0.6,20,200,5,1.0,predictive,P1+P2 (protect),coarse,1e-05,20,100.0,True,True,7.737510244482325e-06,1.2373616133367459e-05,52.84659143628535,9.999876263838683,9.265700101458373,0.007212299963859145,0.727211334739085,49.999381319193404,1.0569449069562582,0.49999381319193414,5.85269591270627,6.185977136898601,0.0030701936179221324,0.007272113347390924,0.007212299963859145,6.626176493311902e-05,0.007212299963859108,,0.0,7.630284070968628,ok
B_alpha1,0.8,0.5,1.0,100.0,0.01,0.6,20,200,5,1.0,predictive,P1+P2 (protect),coarse,4.216965034285822e-05,20,100.0,True,True,7.771402922413501e-06,1.2427815994340052e-05,52.85305177446906,9.999875721840063,7.6415004027408475,0.02363195446906549,2.3349919209500243,49.999378609200264,1.057074172612691,0.4999937860920031,5.492469208992208,5.80594734469612,0.004334150115224767,0.023349919209500164,0.02363195446906549,0.0027356230125823544,0.023631954469065453,,0.0,8.16984748840332,ok
B_alpha1,0.8,0.5,1.0,100.0,0.01,0.6,20,200,5,1.0,predictive,P1+P2 (protect),coarse,0.00017782794100389227,20,100.0,True,True,7.855585858611897e-06,1.2562437731613083e-05,52.91442048285022,9.999874375622674,5.239297970956572,0.05735741540464492,4.703470238016108,49.999371878113394,1.058301704506269,0.49999371878113374,4.963240759462603,5.252606155614262,0.0048027696532986835,0.04703470238016089,0.05735741540464492,0.04891802929253988,0.057357415404644986,,0.0,7.827782392501831,ok
B_alpha1,0.8,0.5,1.0,100.0,0.01,0.6,20,200,5,1.0,predictive,P1+P2 (protect),coarse,0.0007498942093324559,20,100.0,True,True,7.955840294750082e-06,1.2722759906761271e-05,53.15477666538199,9.999872772400934,3.584518801184773,0.11903114785415653,6.296577278560136,49.9993638620046,1.0631090589889534,0.4999936386200467,4.61312992325918,4.9042602117098495,0.004935476471260251,0.06296577278560139,0.11903114785415653,0.2088925838992159,0.11903114785415647,,0.0,7.887015342712402,ok
B_alpha1,0.8,0.5,1.0,100.0,0.01,0.6,20,200,5,1.0,predictive,P1+P2 (protect),coarse,0.0031622776601683794,20,100.0,True,True,8.058120563554411e-06,1.2886321301126255e-05,53.6937769035965,9.999871136786995,2.7231508484336397,0.23254881255916185,7.044429202220202,49.99935568393504,1.073889376555476,0.49999355683934976,4.461495406151616,4.791152520217278,0.004976100607664599,0.07044429202220184,0.23254881255916185,0.482948494375884,0.23254881255916268,,0.0,7.606650352478027,ok
B_alpha1,0.8,0.5,1.0,100.0,0.01,0.6,20,200,5,1.0,predictive,P1+P2 (protect),coarse,0.01333521432163324,20,100.0,True,True,8.162121490821485e-06,1.3052634018788858e-05,54.498507956830565,9.999869473659817,2.278176023899247,0.39511419156806005,7.326840310872875,49.9993473682991,1.0899843863038912,0.49999347368299085,4.42223513133176,4.820167245716156,0.004990505631059957,0.07326840310872873,0.39511419156806005,0.8028352693021303,0.39511419156805994,,0.0,7.956515789031982,ok
B_alpha1,0.8,0.5,1.0,100.0,0.01,0.6,20,200,5,1.0,predictive,P1+P2 (protect),coarse,0.05623413251903491,20,100.0,True,True,8.245506192083297e-06,1.318597827378921e-05,55.27360071903072,9.999868140217258,2.0762222472513443,0.5499476163399846,7.373961996191413,49.99934070108628,1.1054865913027898,0.49999340701086287,4.434890552463328,4.902712039643631,0.004995725714715746,0.07373961996191387,0.5499476163399846,1.0911666562081954,0.5499476163399863,,0.0,7.8306944370269775,ok
B_alpha1,0.8,0.5,1.0,100.0,0.01,0.6,20,200,5,1.0,predictive,P1+P2 (protect),coarse,0.23713737056616552,20,100.0,True,True,8.290317959264427e-06,1.32576387949587e-05,55.73774622930727,9.999867423612063,2.0039171876035464,0.64232533874491,7.35389005003948,49.99933711806021,1.114769703800219,0.49999337118060316,4.453311305308083,4.964416524748458,0.004997506170345178,0.07353890050039481,0.64232533874491,1.282670038471418,0.642325338744911,,0.0,7.855893611907959,ok
B_alpha1,0.8,0.5,1.0,100.0,0.01,0.6,20,200,5,1.0,predictive,P1+P2 (protect),coarse,1.0,20,100.0,True,True,8.305543788173178e-06,1.3281987109736076e-05,55.90272411880954,9.99986718012889,1.9830618241023357,0.6751286300790386,7.341942365689736,49.99933590064447,1.1180693325586546,0.4999933590064445,4.460939875497575,4.987640069181861,0.004998054356313751,0.07341942365689726,0.6751286300790386,1.3586371432115154,0.6751286300790417,,0.0,7.562685012817383,ok
B_alpha1,0.8,0.5,1.0,100.0,0.01,0.6,20,200,5,1.0,base,Base,fine,0.06493816315762113,0,1.0,False,False,1.9032995401955845e-05,3.0436822513747597e-05,54.25316029446427,9.999695631774813,2.9324215498116275,0.1904260690485914,6.877456749364969,49.9984781588743,1.085096232770733,0.49998478158874066,4.492801069654488,4.875121515270405,0.0,0.0,,,,,1.0227187884856133e-30,0.4278266429901123,ok
B_alpha1,0.8,0.5,1.0,100.0,0.01,0.6,20,200,5,1.0,base,Base,fine,0.07498942093324558,0,1.0,False,False,1.982721902333575e-05,3.1706908210374336e-05,54.37255641294378,9.999682930917926,2.770186890366203,0.20773471078542988,7.0223954679304414,49.998414654589496,1.087485609065262,0.4999841465458963,4.4627058051515585,4.853128340594323,0.0,0.0,,,,,2.1997658084071357e-30,0.39678406715393066,ok
B_alpha1,0.8,0.5,1.0,100.0,0.01,0.6,20,200,5,1.0,base,Base,fine,0.08659643233600653,0,1.0,False,False,2.0669691005558418e-05,3.3054150558421896e-05,54.500763401337295,9.999669458494385,2.614540575960062,0.22640988607586793,7.159380079469686,49.9983472924721,1.0900512987464908,0.49998347292471923,4.434610291421202,4.833952707598235,0.0,0.0,,,,,4.6201343624957114e-30,0.5298802852630615,ok
B_alpha1,0.8,0.5,1.0,100.0,0.01,0.6,20,200,5,1.0,base,Base,fine,0.1,0,1.0,False,False,2.1562960489362966e-05,3.4482625988849684e-05,54.638121266415084,9.99965517374005,2.465104029026911,0.24651040290269066,7.288730394330348,49.998275868700595,1.0928001079457037,0.49998275868700254,4.408451221206261,4.817555970407571,0.0,0.0,,,,,9.477009738322317e-30,0.4086887836456299,ok
B_alpha1,0.8,0.5,1.0,100.0,0.01,0.6,20,200,5,1.0,base,Base,fine,0.11547819846894582,0,1.0,False,False,2.250935812249981e-05,3.599606152298239e-05,54.784914450211154,9.999640039384754,2.321535973065789,0.2680867918504882,7.410737195698968,49.99820019692388,1.0957377312470093,0.4999820019692377,4.384170591099792,4.803901136891547,0.0,0.0,,,,,1.8988243858097722e-29,0.4620935916900635,ok
B_alpha1,0.8,0.5,1.0,100.0,0.01,0.6,20,200,5,1.0,base,Base,fine,0.1333521432163324,0,1.0,False,False,2.351093124228551e-05,3.759773112012994e-05,54.941361082180016,9.99962402268875,2.18353778773319,0.2911794437880669,7.525658745789993,49.99812011344396,1.0988685366073767,0.49998120113443745,4.361716209785108,4.792952708543235,0.0,0.0,,,,,3.716495634629568e-29,0.44062089920043945,ok
B_alpha1,0.8,0.5,1.0,100.0,0.01,0.6,20,200,5,1.0,base,Base,fine,0.1539926526059492,0,1.0,False,False,2.456937690313792e-05,3.9290348579143474e-05,55.10760228436168,9.99960709651421,2.0508559006575733,0.31581674025482015,7.633720262573397,49.99803548257103,1.10219535132679,0.49998035482571046,4.34104153506596,4.784675799866213,0.0,0.0,,,,,7.106234019124645e-29,0.4016754627227783,ok
B_alpha1,0.8,0.5,1.0,100.0,0.01,0.6,20,200,5,1.0,base,Base,fine,0.1778279410038923,0,1.0,False,False,2.5685973132774167e-05,4.107595760749577e-05,55.28369184930644,9.999589240423932,1.9232817680873062,0.3420132367892916,7.7351157546994695,49.99794620211962,1.1057192554633921,0.4999794620211966,4.322104986881906,4.779034708129676,0.0,0.0,,,,,1.3274244375793367e-28,0.40198230743408203,ok
B_alpha1,0.8,0.5,1.0,100.0,0.01,0.6,20,200,5,1.0,base,Base,fine,0.2053525026457146,0,1.0,False,False,2.6861509303412377e-05,4.29558204752982e-05,55.46958667788061,9.999570441795214,1.800649934776395,0.36976797049517557,7.830011652933216,49.99785220897624,1.109439390436896,0.4999785220897607,4.304868873739278,4.775991099192072,0.0,0.0,,,,,2.422367855601774e-28,0.40381503105163574,ok
B_alpha1,0.8,0.5,1.0,100.0,0.01,0.6,20,200,5,1.0,base,Base,fine,0.27384196342643613,0,1.0,False,False,2.938970403548481e-05,4.6998791349870886e-05,55.87008679236491,9.999530012086476,1.5697450481927513,0.4298620660760286,8.000862873644744,49.99765006043255,1.1174542548466637,0.4999765006043238,4.2753584794792445,4.777517523888845,0.0,0.0,,,,,7.52001908223644e-28,0.40470123291015625,ok
B_alpha1,0.8,0.5,1.0,100.0,0.01,0.6,20,200,5,1.0,base,Base,fine,0.31622776601683794,0,1.0,False,False,3.0740892605536434e-05,4.9159548502302505e-05,56.084055059710394,9.999508404514968,1.4613202762749105,0.4621100464015213,8.0770612728086,49.9975420225749,1.1217362452415622,0.49997542022574837,4.263015623659886,4.781979139090357,0.0,0.0,,,,,1.279153617511869e-27,0.4526100158691406,ok
B_alpha1,0.8,0.5,1.0,100.0,0.01,0.6,20,200,5,1.0,base,Base,fine,0.3651741272548377,0,1.0,False,False,3.2147967669521744e-05,5.140967634222475e-05,56.30654810683707,9.999485903236565,1.3575230552470638,0.4957322969281661,8.147258744588205,49.99742951618288,1.1261888591414901,0.49997429516182823,4.25223304988501,4.788817487253739,0.0,0.0,,,,,2.1252141506321188e-27,0.40257716178894043,ok
B_alpha1,0.8,0.5,1.0,100.0,0.01,0.6,20,200,5,1.0,base,Base,fine,0.4216965034285822,0,1.0,False,False,3.360833637395964e-05,5.374502845424962e-05,56.53695347285629,9.999462549715409,1.258333701269611,0.5306349219717413,8.211568827043239,49.99731274857727,1.1307998443269356,0.49997312748577044,4.2429710304069435,4.797950980667869,0.0,0.0,,,,,3.448548220317859e-27,0.40537166595458984,ok
B_alpha1,0.8,0.5,1.0,100.0,0.01,0.6,20,200,5,1.0,base,Base,fine,0.4869675251658631,0,1.0,False,False,3.511860407240657e-05,5.616017624104312e-05,56.774545576154466,9.999438398237581,1.1637437617491433,0.5667054195861901,8.270112420427084,49.99719199118791,1.1355546844743016,0.49997191991187906,4.235185380350847,4.809284598274481,0.0,0.0,,,,,5.465215317061184e-27,0.40064430236816406,ok
B_alpha1,0.8,0.5,1.0,100.0,0.01,0.6,20,200,5,1.0,base,Base,fine,0.5623413251903491,0,1.0,False,False,3.667457012362546e-05,5.864840220577649e-05,57.01849321609021,9.99941351597791,1.0737498387972402,0.603813907272165,8.323022737952684,49.99706757988976,1.1404367491149554,0.4999706757988955,4.228826525228155,4.82270917500229,0.0,0.0,,,,,8.458822830189775e-27,0.4078965187072754,ok
B_alpha1,0.8,0.5,1.0,100.0,0.01,0.6,20,200,5,1.0,base,Base,fine,0.6493816315762113,0,1.0,False,False,3.8271246845508796e-05,6.120173026396727e-05,57.267870263204614,9.999387982697312,0.9883477558313339,0.6418148782464382,8.370449383224916,49.9969399134868,1.1454275074094378,0.4999693991348656,4.22383884520011,4.83810120015672,0.0,0.0,,,,,1.2786553743696154e-26,0.45069408416748047,ok
B_alpha1,0.8,0.5,1.0,100.0,0.01,0.6,20,200,5,1.0,base,Base,fine,0.7498942093324559,0,1.0,False,False,3.990290407628504e-05,6.381099700495941e-05,57.52166927403846,9.999361890029967,0.9075272593979248,0.6805494366338577,8.412561413938251,49.996809450149726,1.1505068004667685,0.4999680945014983,4.220160319992123,4.855323147210951,0.0,0.0,,,,,1.8878463845284053e-26,0.3995523452758789,ok
B_alpha1,0.8,0.5,1.0,100.0,0.01,0.6,20,200,5,1.0,base,Base,fine,0.8659643233600653,0,1.0,False,False,4.156314055889857e-05,6.64659658473184e-05,57.77881759907783,9.999335340341533,0.8312674242612849,0.7198479325816872,8.449549302815495,49.99667670170761,1.1556531635852596,0.49996676701707665,4.217722482657927,4.874224330208309,0.0,0.0,,,,,2.722711699673285e-26,0.4049994945526123,ok
B_alpha1,0.8,0.5,1.0,100.0,0.01,0.6,20,200,5,1.0,predictive,P2 only,fine,0.021544346900318832,0,10.0,False,False,1.6767180697302984e-05,2.6813376019648797e-05,54.291089753735235,9.999731866239802,2.4854071252923213,0.22704298411239995,7.287818024355477,49.99865933119902,1.0858509104034666,0.49998659331199014,4.405740830815865,4.783977692143132,0.0,0.0,0.22704298411239995,0.7921186855111304,0.22704298411239984,,0.0,0.9954159259796143,ok
B_alpha1,0.8,0.5,1.0,100.0,0.01,0.6,20,200,5,1.0,predictive,P2 only,fine,0.03480700588428411,0,10.0,False,False,1.830999083525484e-05,2.928056388094759e-05,54.66557932153101,9.999707194361198,2.1626080495736355,0.28909582343861273,7.548588932626553,49.99853597180604,1.0933436001477463,0.4999853597180599,4.35624258331959,4.7628699491635595,0.0,0.0,0.28909582343861273,0.998262514074463,0.2890958234386131,,0.0,1.0374820232391357,ok
B_alpha1,0.8,0.5,1.0,100.0,0.01,0.6,20,200,5,1.0,predictive,P2 only,fine,0.09085175756516871,0,10.0,False,False,2.26969435528114e-05,3.6295979339946694e-05,55.6600165412151,9.999637040206581,1.5695281827127343,0.4503263788955262,7.980508398185158,49.99818520103294,1.1132407369870936,0.4999818520103291,4.28304396999581,4.768059025706263,0.0,0.0,0.4503263788955262,1.5298776946950863,0.45032637889552657,,0.0,0.9797830581665039,ok
B_alpha1,0.8,0.5,1.0,100.0,0.01,0.6,20,200,5,1.0,predictive,P2 only,fine,0.14677992676220697,0,10.0,False,False,2.57230416123587e-05,4.113518039168528e-05,56.27710316044203,9.999588648196061,1.2986452128708277,0.5480378011843832,8.153728337748728,49.99794324098042,1.1255883644892606,0.4999794324098031,4.258655368719164,4.793492931400013,0.0,0.0,0.5480378011843832,1.852013677518936,0.5480378011843843,,0.0,1.1730291843414307,ok
B_alpha1,0.8,0.5,1.0,100.0,0.01,0.6,20,200,5,1.0,predictive,P1 only (protect),fine,0.09085175756516867,15,1.0,True,True,1.7543472984764315e-05,2.8054919518560028e-05,54.322015166612864,9.999719450804811,2.57735686556405,0.2304216822726141,7.192502001358525,49.99859725402399,1.0864707841826686,0.4999859725402406,4.427749243803313,4.810620193079203,0.004773141391885971,0.0404842082841629,0.2304216822726141,1.017174699120739,0.23042168227261436,,0.0,2.429166793823242,ok
B_alpha1,0.8,0.5,1.0,100.0,0.01,0.6,20,200,5,1.0,predictive,P1 only (protect),fine,0.14677992676220697,15,1.0,True,True,2.0185256487597848e-05,3.227955029604025e-05,54.784791007956535,9.99967720449704,2.1141070738259002,0.30053466031180953,7.58568106136525,49.998386022485164,1.0957311898691857,0.499983860224852,4.349590843501068,4.765982350393541,0.004849568320420211,0.04304421675922962,0.30053466031180953,1.3066416913930332,0.30053466031180953,,0.0,2.8860559463500977,ok
B_alpha1,0.8,0.5,1.0,100.0,0.01,0.6,20,200,5,1.0,predictive,P1 only (protect),fine,0.3831186849557288,15,1.0,True,True,2.6060493135442242e-05,4.167498078504368e-05,55.88726868496136,9.999583250192149,1.3815697939945446,0.4709120174405104,8.147934938372796,49.99791625096077,1.1177919576575839,0.49997916250960744,4.248362377412168,4.748785298686375,0.004925958473945883,0.04641972906440476,0.4709120174405104,1.9430217889533372,0.4709120174405105,,0.0,2.8884060382843018,ok
B_alpha1,0.8,0.5,1.0,100.0,0.01,0.6,20,200,5,1.0,predictive,P1 only (protect),fine,0.6189658188912607,15,1.0,True,True,2.8900640506124282e-05,4.621682308671828e-05,56.47268691383683,9.999537831769139,1.1069032568021737,0.5637288052606936,8.329830106167995,49.997689158845645,1.1295059404529624,0.49997689158845693,4.221281082085965,4.767962058537806,0.004944802389584945,0.04744043947032745,0.5637288052606936,2.2560972983328087,0.5637288052606946,,0.0,2.4238059520721436,ok
B_alpha1,0.8,0.5,1.0,100.0,0.01,0.6,20,200,5,1.0,predictive,P1+P2 (protect),fine,0.021544346900318832,10,10.0,True,True,1.5541736378921015e-05,2.4853741685197126e-05,54.23609742510431,9.99975146258314,2.484738415045283,0.22694975790836877,7.288560364463208,49.998757312915764,1.0847489085712527,0.499987573129157,4.405562294453633,4.778928890551242,0.004686329884692393,0.020422456553760206,0.22694975790836877,0.7891260214544926,0.226949757908369,,0.0,1.1361711025238037,ok
B_alpha1,0.8,0.5,1.0,100.0,0.01,0.6,20,200,5,1.0,predictive,P1+P2 (protect),fine,0.03480700588428411,10,10.0,True,True,1.6985854495356716e-05,2.7163110557483216e-05,54.60831453254396,9.99972836889444,2.162059966286938,0.28898110713460756,7.549230557684014,49.99864184447209,1.09219595809044,0.49998641844472197,4.356083772472139,4.757697089397425,0.004769031241543149,0.021736245963585046,0.28898110713460756,0.9953816214042135,0.2889811071346069,,0.0,1.175736427307129,ok
B_alpha1,0.8,0.5,1.0,100.0,0.01,0.6,20,200,5,1.0,predictive,P1+P2 (protect),fine,0.09085175756516871,10,10.0,True,True,2.1239748630911356e-05,3.396575240605033e-05,55.6010556594274,9.999660342475954,1.5692989530051271,0.4501647626925803,7.980875941826339,49.99830171237957,1.1120588851053033,0.49998301712379767,4.282940255251786,4.762881765227924,0.004847373723587502,0.02336076945731927,0.4501647626925803,1.527078949341476,0.45016476269258077,,0.0,1.126798152923584,ok
B_alpha1,0.8,0.5,1.0,100.0,0.01,0.6,20,200,5,1.0,predictive,P1+P2 (protect),fine,0.14677992676220697,10,10.0,True,True,2.4229767837601536e-05,3.874726042611643e-05,56.21834577473906,9.999612527395739,1.2985789091367304,0.5478535296964406,8.15395503377109,49.99806263697868,1.1244104833206046,0.4999806263697869,4.258580107099854,4.788392116483658,0.004863517612499694,0.02375752386030946,0.5478535296964406,1.8491643999119944,0.5478535296964409,,0.0,1.176156759262085,ok
