row,rho_B,rho,alpha,r1,sigma,delta,c,K,b,mu,model,series,stage,beta,n_target,gamma,protect_presetup,protect_delayoff,P_block,P_block_arrival_stable,E_N,E_B,E_I,E_S,E_off,lambda_eff,E_W,rho_server,Cost,ERP,p1_fire_rate,p1_launch_rate,setup_completion_rate,setup_cancel_rate,delayoff_rate,consistency_max_relerr,min_pi,elapsed_s,check
B_alpha0.005,0.8,0.5,0.005,0.1,0.049999999999999996,0.6,20,200,5,1.0,base,Base,coarse,4.9999999999999996e-05,0,1.0,False,False,7.141870209627439e-05,0.00011393445489318985,53.71868093123308,9.998860655451082,9.19965103611065,0.09199651036110668,0.7094917980771611,49.994303277255355,1.0744960407453485,0.49994303277255414,5.869291355136196,6.306530323074743,0.0,0.0,,,,,1.1205465211160042e-53,0.5614993572235107,ok
B_alpha0.005,0.8,0.5,0.005,0.1,0.049999999999999996,0.6,20,200,5,1.0,base,Base,coarse,0.0002108482517142911,0,1.0,False,False,0.0007294948346529222,0.0011634020394386444,56.68760184508059,9.988365979605582,8.068386345985846,0.34024103104131637,1.6030066433672547,49.941829898028054,1.1350725826591888,0.4994182989802791,5.703480802881276,6.473864685073553,0.0,0.0,,,,,3.6091978072894306e-42,0.5068368911743164,ok
B_alpha0.005,0.8,0.5,0.005,0.1,0.049999999999999996,0.6,20,200,5,1.0,base,Base,coarse,0.0008891397050194613,0,1.0,False,False,0.0083359696043494,0.013287595370967714,67.50317251683046,9.867124046290316,6.386474920566172,1.1356936853972779,2.6107073477462337,49.33562023145162,1.368244124633442,0.4933562023145158,5.577551515140582,7.631452090431455,0.0,0.0,,,,,6.577916939226766e-32,0.41918039321899414,ok
B_alpha0.005,0.8,0.5,0.005,0.1,0.049999999999999996,0.6,20,200,5,1.0,base,Base,coarse,0.0037494710466622785,0,1.0,False,False,0.05712504380262613,0.09094265207097114,91.03960294594455,9.090573479290263,4.097431114765847,3.0726398661015355,3.739355539842354,45.45286739645138,2.0029452080959858,0.4545286739645132,5.497456243918206,11.011103640473328,0.0,0.0,,,,,9.432960658297892e-24,0.48704099655151367,ok
B_alpha0.005,0.8,0.5,0.005,0.1,0.049999999999999996,0.6,20,200,5,1.0,base,Base,coarse,0.015811388300841896,0,1.0,False,False,0.15632430539584924,0.24786765381246753,111.56751305576694,7.52132346187529,1.8569216034480447,5.872101703267791,4.749653231408873,37.60661730937652,2.9666989758195994,0.3760661730937645,5.454559224269134,16.182035264186588,0.0,0.0,,,,,2.877819555151309e-18,0.4537937641143799,ok
B_alpha0.005,0.8,0.5,0.005,0.1,0.049999999999999996,0.6,20,200,5,1.0,base,Base,coarse,0.06667607160816619,0,1.0,False,False,0.2328164217604066,0.3653287294574131,127.31038074875141,6.346712705425858,0.6456052453154709,8.609284313452404,4.398397735806267,31.733563527129228,4.011852644280336,0.31733563527129294,5.768796555238076,23.14356171444717,0.0,0.0,,,,,8.793790711753324e-18,0.5179150104522705,ok
B_alpha0.005,0.8,0.5,0.005,0.1,0.049999999999999996,0.6,20,200,5,1.0,base,Base,coarse,0.2811706625951745,0,1.0,False,False,0.27905020773313527,0.4295669203643829,141.54671140241933,5.704330796356151,0.19273127807781945,10.838076231991039,3.264861693574991,28.521653981780727,4.9627806119812545,0.2852165398178076,6.263092058076996,31.08235183687829,0.0,0.0,,,,,4.3755663949364605e-21,0.44437646865844727,ok
B_alpha0.005,0.8,0.5,0.005,0.1,0.049999999999999996,0.6,20,200,5,1.0,base,Base,coarse,1.1856868528308275,0,1.0,False,False,0.30982565800447043,0.46530801542540706,151.62461342094488,5.346919845745906,0.05155780367851536,12.226281996489684,2.3752403540858964,26.734599228729536,5.671475084541609,0.2673459922872953,6.6188032504599645,37.538377724466706,0.0,0.0,,,,,3.567395861981122e-26,0.5922067165374756,ok
B_alpha0.005,0.8,0.5,0.005,0.1,0.049999999999999996,0.6,20,200,5,1.0,base,Base,coarse,5.000000000000001,0,1.0,False,False,0.3263481114443493,0.48195782695182376,156.29344630606113,5.180421730481746,0.012826077283394383,12.826077283394365,1.9806749088404931,25.902108652408682,6.034004736966739,0.2590210865240873,6.772976908359347,40.86817474840664,0.0,0.0,,,,,6.221147131107873e-33,0.648256778717041,ok
B_alpha0.005,0.8,0.5,0.005,0.1,0.049999999999999996,0.6,20,200,5,1.0,predictive,Check,check,0.015811388300841896,0,1.0,False,False,0.1563243053958492,0.24786765381246745,111.56751305576711,7.521323461875309,1.8569216034480438,5.87210170326778,4.7496532314088675,37.60661730937644,2.96669897581961,0.37606617309376544,5.454559224269135,16.182035264186652,0.0,0.0,0.0293605085163389,0.7125578482485739,0.02936050851633899,3.951841976264735e-15,0.0,1.005925178527832,ok
B_alpha0.005,0.8,0.5,0.005,0.1,0.049999999999999996,0.6,20,200,5,1.0,predictive,P2 only,coarse,4.9999999999999996e-05,0,3.0,False,False,0.00033556204260871996,0.0005352105716944888,55.25263106817793,9.994647894283068,8.506941546938467,0.22385902192419305,1.274551536854272,49.97323947141527,1.1056443739210158,0.49973239471415337,5.76101816004636,6.36963731671206,0.0,0.0,0.0011192951096209653,0.7019669965255928,0.001119295109620967,,0.0,1.045546293258667,ok
B_alpha0.005,0.8,0.5,0.005,0.1,0.049999999999999996,0.6,20,200,5,1.0,predictive,P2 only,coarse,0.0002108482517142911,0,3.0,False,False,0.004251400534065172,0.0067778854733115375,62.896291043454774,9.932221145266881,6.958640342139253,0.803160360807376,2.3059781517864906,49.6611057263344,1.2665100811499248,0.4966110572633441,5.6060744961563085,7.10014986505945,0.0,0.0,0.00401580180403688,1.2381677461810763,0.004015801804036889,,0.0,1.2994942665100098,ok
B_alpha0.005,0.8,0.5,0.005,0.1,0.049999999999999996,0.6,20,200,5,1.0,predictive,P2 only,coarse,0.0008891397050194613,0,3.0,False,False,0.03749056430001217,0.05971186519849758,84.071740387922,9.402881348015015,4.7607728343492,2.4276777309957294,3.4086680866400565,47.01440674007498,1.7882122995345473,0.47014406740075076,5.522026824681626,9.874556286255386,0.0,0.0,0.012138388654978648,1.0913723898183265,0.012138388654978684,,0.0,1.2732570171356201,ok
B_alpha0.005,0.8,0.5,0.005,0.1,0.049999999999999996,0.6,20,200,5,1.0,predictive,P2 only,coarse,0.0037494710466622785,0,3.0,False,False,0.13141603408170605,0.20866734170593787,107.1692165917437,7.913326582940601,2.3324043975772435,5.15249826362731,4.601770755854845,39.56663291470303,2.708575602649258,0.39566632914703004,5.438651269053258,14.730998138675078,0.0,0.0,0.02576249131813655,0.7197440528261513,0.025762491318136613,,0.0,1.1885950565338135,ok
B_alpha0.005,0.8,0.5,0.005,0.1,0.049999999999999996,0.6,20,200,5,1.0,predictive,P2 only,coarse,0.015811388300841896,0,3.0,False,False,0.21741760346744715,0.34227347786606915,123.53971743810459,6.577265221339284,0.8485423533134332,7.970598295838898,4.603594129508384,32.886326106696416,3.7565679132808043,0.32886326106696423,5.661126697587924,21.26640690517612,0.0,0.0,0.039852991479194494,0.8424566613559988,0.03985299147919434,,0.0,1.0731065273284912,ok
B_alpha0.005,0.8,0.5,0.005,0.1,0.049999999999999996,0.6,20,200,5,1.0,predictive,P2 only,coarse,0.06667607160816619,0,3.0,False,False,0.26934622904286903,0.4168563325249318,138.35687654803257,5.831436674750649,0.26093578423527347,10.364084863756593,3.5435426772574847,29.15718337375337,4.7452072024411756,0.2915718337375325,6.14805616974202,29.17380041767274,0.0,0.0,0.05182042431878297,0.9700012259116393,0.051820424318782934,,0.0,1.212475061416626,ok
B_alpha0.005,0.8,0.5,0.005,0.1,0.049999999999999996,0.6,20,200,5,1.0,predictive,P2 only,coarse,0.2811706625951745,0,3.0,False,False,0.3033406078080099,0.45818240319888437,149.685255342784,5.418175968011126,0.07137084109442622,11.969060521983133,2.541392668911314,27.09087984005575,5.52530062613411,0.2709087984005563,6.553353580808851,36.20924864332136,0.0,0.0,0.05984530260991566,0.9120853561232235,0.059845302609915794,,0.0,1.1676113605499268,ok
B_alpha0.005,0.8,0.5,0.005,0.1,0.049999999999999996,0.6,20,200,5,1.0,predictive,P2 only,coarse,1.1856868528308275,0,3.0,False,False,0.3235003317181561,0.4790537500264467,155.56196335152637,5.209462499735508,0.017992456332125824,12.730975555083653,2.041569488848713,26.04731249867752,5.972284601700256,0.26047312498677544,6.7493047820899585,40.30876902225776,0.0,0.0,0.06365487777541827,0.8504904196736814,0.063654877775418,,0.0,1.028611183166504,ok
B_alpha0.005,0.8,0.5,0.005,0.1,0.049999999999999996,0.6,20,200,5,1.0,predictive,P2 only,coarse,5.000000000000001,0,3.0,False,False,0.3304419240511664,0.48587406235917585,157.4401887207231,5.141259376408197,0.004349807507121913,12.974607354029972,1.879783462054709,25.706296882041116,6.124576769776345,0.25706296882040985,6.812184837686059,41.72174900831468,0.0,0.0,0.06487303677014986,0.8431180345185827,0.06487303677014966,,0.0,1.1536715030670166,ok
B_alpha0.005,0.8,0.5,0.005,0.1,0.049999999999999996,0.6,20,200,5,1.0,predictive,P2 only,coarse,4.9999999999999996e-05,0,10.0,False,False,0.0026819055087715085,0.004276090677316091,60.60631676308823,9.957239093226853,7.3015288330015515,0.6357842425863479,2.1054478311852467,49.786195466134274,1.2173317562358035,0.49786195466134264,5.629902200178201,6.853458732778743,0.0,0.0,0.0031789212129317394,1.159566656402231,0.0031789212129317438,,0.0,1.0600554943084717,ok
B_alpha0.005,0.8,0.5,0.005,0.1,0.049999999999999996,0.6,20,200,5,1.0,predictive,P2 only,coarse,0.0002108482517142911,0,10.0,False,False,0.027146237570082183,0.04324681099956194,79.42073948962198,9.567531890004366,5.198811811603389,2.0391832664349825,3.194473031957263,47.83765945002189,1.6602137396081496,0.4783765945002183,5.536682323474052,9.192076065277194,0.0,0.0,0.010195916332174912,1.1735314725858934,0.010195916332174933,,0.0,1.0860652923583984,ok
B_alpha0.005,0.8,0.5,0.005,0.1,0.049999999999999996,0.6,20,200,5,1.0,predictive,P2 only,coarse,0.0008891397050194613,0,10.0,False,False,0.11379775407827189,0.18083319435996098,103.91470290212976,8.191668056400355,2.6975986261412532,4.6612243305684755,4.449508986889917,40.958340282002005,2.5370828550831726,0.4095834028200177,5.440976358526493,13.804207834130438,0.0,0.0,0.023306121652842376,0.7449163401040613,0.0233061216528424,,0.0,1.0503695011138916,ok
B_alpha0.005,0.8,0.5,0.005,0.1,0.049999999999999996,0.6,20,200,5,1.0,predictive,P2 only,coarse,0.0037494710466622785,0,10.0,False,False,0.2057736842531619,0.3245726107850025,120.93697350898579,6.754273892149966,1.0177457730839652,7.52070046877307,4.707279865992999,33.77136946074982,3.5810503228050217,0.3377136946074983,5.596696093678308,20.04205035290831,0.0,0.0,0.03760350234386535,0.8072916327335535,0.03760350234386549,,0.0,1.136150598526001,ok
B_alpha0.005,0.8,0.5,0.005,0.1,0.049999999999999996,0.6,20,200,5,1.0,predictive,P2 only,coarse,0.015811388300841896,0,10.0,False,False,0.2622481587726272,0.4072606676589557,136.05376596484405,5.9273933234104135,0.31997926523232695,10.013011198879038,3.7396162124782215,29.63696661705216,4.5906778423998045,0.2963696661705207,6.065456774775618,27.84455801999621,0.0,0.0,0.050065055994395195,0.9652856795310418,0.05006505599439514,,0.0,1.1011290550231934,ok
B_alpha0.005,0.8,0.5,0.005,0.1,0.049999999999999996,0.6,20,200,5,1.0,predictive,P2 only,coarse,0.06667607160816619,0,10.0,False,False,0.2985007415520105,0.4527310174985647,148.16510503360564,5.472689825014345,0.08903315545610505,11.764685432783136,2.6735915867464137,27.363449125071625,5.414708663238294,0.27363449125071726,6.500993160899728,35.200983987976656,0.0,0.0,0.05882342716391568,0.9270398646908127,0.05882342716391574,,0.0,1.1912882328033447,ok
B_alpha0.005,0.8,0.5,0.005,0.1,0.049999999999999996,0.6,20,200,5,1.0,predictive,P2 only,coarse,0.2811706625951745,0,10.0,False,False,0.32111348991584515,0.4766287159220241,154.9302725238364,5.233712840779725,0.02270881957746603,12.64957808485454,2.094000254788271,26.168564203898672,5.920472797691913,0.26168564203898625,6.7288825594108115,39.83816615185525,0.0,0.0,0.0632478904242727,0.8565540648464918,0.06324789042427291,,0.0,1.077824354171753,ok
B_alpha0.005,0.8,0.5,0.005,0.1,0.049999999999999996,0.6,20,200,5,1.0,predictive,P2 only,coarse,1.1856868528308275,0,10.0,False,False,0.32977941279274003,0.4851487781775479,157.2707315815275,5.148512218224495,0.005528431198060427,12.951374168495443,1.894585182082002,25.742561091122436,6.109366159211089,0.25742561091122473,6.8064424314160705,41.583049055111786,0.0,0.0,0.06475687084247722,0.8428960906018839,0.06475687084247703,,0.0,1.1111855506896973,ok
B_alpha0.005,0.8,0.5,0.005,0.1,0.049999999999999996,0.6,20,200,5,1.0,predictive,P2 only,coarse,5.000000000000001,0,10.0,False,False,0.33154263063765205,0.4869903320815571,157.79440280883878,5.130096679184398,0.0013261498083955866,13.023274185550614,1.845302985456593,25.650483395922098,6.1517126353230775,0.25650483395921986,6.825603541206046,41.98915154814318,0.0,0.0,0.06511637092775308,0.8484145050957427,0.06511637092775288,,0.0,1.1329240798950195,ok
B_alpha0.005,0.8,0.5,0.005,0.1,0.049999999999999996,0.6,20,200,5,1.0,predictive,P2 only,coarse,4.9999999999999996e-05,0,30.0,False,False,0.016536899770463583,0.026352305340309936,73.46354898044557,9.736476946596888,5.7733250355579315,1.5750145306588363,2.9151834871863436,48.68238473298453,1.5090375991928486,0.4868238473298444,5.555287413740049,8.383137581656532,0.0,0.0,0.007875072653294181,1.2562271062589732,0.007875072653294218,,0.0,1.1280829906463623,ok
B_alpha0.005,0.8,0.5,0.005,0.1,0.049999999999999996,0.6,20,200,5,1.0,predictive,P2 only,coarse,0.0002108482517142911,0,30.0,False,False,0.08887844785654139,0.1413607780131931,98.83770034417738,8.58639221986806,3.2632733589232514,3.9725958122643434,4.177738608944345,42.931961099340185,2.30219393228921,0.429319610993403,5.458083630813919,12.565567016786865,0.0,0.0,0.019862979061321718,0.81102388776754,0.019862979061321805,,0.0,1.0807504653930664,ok
B_alpha0.005,0.8,0.5,0.005,0.1,0.049999999999999996,0.6,20,200,5,1.0,predictive,P2 only,coarse,0.0008891397050194613,0,30.0,False,False,0.18731418242197662,0.29616791246204127,117.17769443677044,7.038320875379551,1.3094476299051117,6.861410182249653,4.790821312465685,35.1916043768979,3.3297059486635296,0.35191604376897756,5.521416554982461,18.384693548174393,0.0,0.0,0.03430705091124826,0.7597797277543004,0.03430705091124818,,0.0,1.0713064670562744,ok
B_alpha0.005,0.8,0.5,0.005,0.1,0.049999999999999996,0.6,20,200,5,1.0,predictive,P2 only,coarse,0.0037494710466622785,0,30.0,False,False,0.25126708285623556,0.3919721187957517,132.61802235337836,6.08027881204244,0.42628052635695673,9.474913886319683,4.01852677528092,30.40139406021228,4.362234905765119,0.304013940602122,5.944605122110004,25.931763964658376,0.0,0.0,0.047374569431598415,0.9464262961721917,0.04737456943159866,,0.0,1.078622817993164,ok
B_alpha0.005,0.8,0.5,0.005,0.1,0.049999999999999996,0.6,20,200,5,1.0,predictive,P2 only,coarse,0.015811388300841896,0,30.0,False,False,0.2910633214012843,0.44411241293302,145.72414205150804,5.558875870669786,0.12174663159352951,11.430101464923862,2.8892760328128233,27.79437935334884,5.242935638134703,0.2779437935334893,6.41498027776442,33.63332871622234,0.0,0.0,0.05715050732461931,0.9469976826336866,0.0571505073246193,,0.0,1.2163283824920654,ok
B_alpha0.005,0.8,0.5,0.005,0.1,0.049999999999999996,0.6,20,200,5,1.0,predictive,P2 only,coarse,0.06667607160816619,0,30.0,False,False,0.31708765956694474,0.47257195306229255,153.81622111783457,5.274280469377062,0.03162298478278081,12.506887533998846,2.1872090118413126,26.371402346885304,5.832690241290927,0.2637140234688531,6.692497311800451,39.035263760404256,0.0,0.0,0.06253443766999423,0.8680526296670825,0.06253443766999434,,0.0,1.1813712120056152,ok
B_alpha0.005,0.8,0.5,0.005,0.1,0.049999999999999996,0.6,20,200,5,1.0,predictive,P2 only,coarse,0.2811706625951745,0,30.0,False,False,0.3286271846210197,0.4839809084422463,156.9591366525411,5.160190915577539,0.007781043788876495,12.910223866720198,1.9218041739133862,25.80095457788757,6.083462384258497,0.25800954577887697,6.795869859954548,41.342418661349555,0.0,0.0,0.064551119333601,0.8429448420005398,0.06455111933360111,,0.0,1.1164093017578125,ok
B_alpha0.005,0.8,0.5,0.005,0.1,0.049999999999999996,0.6,20,200,5,1.0,predictive,P2 only,coarse,1.1856868528308275,0,30.0,False,False,0.3312904074281293,0.48668013381599584,157.7253182581092,5.133198661840001,0.001882230651129483,13.013173645550149,1.8517454619587204,25.665993309200037,6.1453034900298285,0.256659933092,6.823097668780675,41.93000591677227,0.0,0.0,0.06506586822775075,0.8474423779398629,0.06506586822775048,,0.0,1.0268733501434326,ok
B_alpha0.005,0.8,0.5,0.005,0.1,0.049999999999999996,0.6,20,200,5,1.0,predictive,P2 only,coarse,5.000000000000001,0,30.0,False,False,0.3317586960884785,0.4872308468322537,157.8786503219573,5.127691531677435,0.00045710417951076303,13.035559746930597,1.8362916172124577,25.638457658387267,6.157884082793471,0.25638457658387176,6.829122332948695,42.05294371351418,0.0,0.0,0.06517779873465299,0.8511168572722716,0.06517779873465301,,0.0,1.2081501483917236,ok
B_alpha0.005,0.8,0.5,0.005,0.1,0.049999999999999996,0.6,20,200,5,1.0,predictive,P2 only,coarse,4.9999999999999996e-05,0,100.0,False,False,0.07252661974241902,0.1154094334856201,94.96770152559948,8.845905665143771,3.676529982629625,3.510893728095566,3.966670624131038,44.22952832571898,2.1471560995683694,0.4422952832571886,5.4752904815915775,11.756303354457991,0.0,0.0,0.01755446864047783,0.87683929130912,0.017554468640477917,,0.0,1.0640673637390137,ok
B_alpha0.005,0.8,0.5,0.005,0.1,0.049999999999999996,0.6,20,200,5,1.0,predictive,P2 only,coarse,0.0002108482517142911,0,100.0,False,False,0.17322396796526868,0.2742744758584296,114.53444915405836,7.257255241415699,1.548109334796238,6.397111902480036,4.797523521308027,36.28627620707845,3.156412316888991,0.36286276207078494,5.483003847379932,17.306620877419743,0.0,0.0,0.03198555951240018,0.7342068128770645,0.03198555951240017,,0.0,1.1231200695037842,ok
B_alpha0.005,0.8,0.5,0.005,0.1,0.049999999999999996,0.6,20,200,5,1.0,predictive,P2 only,coarse,0.0008891397050194613,0,100.0,False,False,0.24295770785590143,0.38007740179444316,130.17440947813745,6.19922598205558,0.5173661083306861,9.081617368549404,4.20179054106433,30.996129910277737,4.199698796428584,0.30996129910277903,5.8620030686065645,24.618647231887657,0.0,0.0,0.04540808684274702,0.9252915925976012,0.04540808684274712,,0.0,1.0405158996582031,ok
B_alpha0.005,0.8,0.5,0.005,0.1,0.049999999999999996,0.6,20,200,5,1.0,predictive,P2 only,coarse,0.0037494710466622785,0,100.0,False,False,0.2855380565360474,0.43746335933378816,143.86748394775606,5.625366406662096,0.15058524193275363,11.16940599463141,3.054642356773741,28.126832033310535,5.11495513527347,0.2812683203331048,6.348468750995457,32.47213283902737,0.0,0.0,0.05584702997315705,0.9584772126709115,0.05584702997315714,,0.0,1.0486745834350586,ok
B_alpha0.005,0.8,0.5,0.005,0.1,0.049999999999999996,0.6,20,200,5,1.0,predictive,P2 only,coarse,0.015811388300841896,0,100.0,False,False,0.31381314073925487,0.4692208566073725,152.88070646378947,5.307791433926252,0.0396539430230453,12.38654567422415,2.266008948826553,26.538957169631253,5.760614687555701,0.2653895716963126,6.661662319621071,38.37526980194552,0.0,0.0,0.06193272837112075,0.8782270666645074,0.06193272837112086,,0.0,1.196115493774414,ok
B_alpha0.005,0.8,0.5,0.005,0.1,0.049999999999999996,0.6,20,200,5,1.0,predictive,P2 only,coarse,0.06667607160816619,0,100.0,False,False,0.32756638697423246,0.4829301128567612,156.67308838556892,5.170698871432395,0.00985152409199671,12.873095218382216,1.9463543860933905,25.853494357161864,6.060035298174994,0.25853494357161977,6.786328087505363,41.1253877552789,0.0,0.0,0.06436547609191108,0.8438111292369369,0.06436547609191116,,0.0,1.2724254131317139,ok
B_alpha0.005,0.8,0.5,0.005,0.1,0.049999999999999996,0.6,20,200,5,1.0,predictive,P2 only,coarse,0.2811706625951745,0,100.0,False,False,0.3310807621661037,0.48643770464595953,157.66279480446295,5.135622953540393,0.0024096114813587886,13.004445959628411,1.8575214753498372,25.678114767701896,6.139967681847589,0.25678114767701965,6.8208466894080635,41.879778235802625,0.0,0.0,0.06502222979814205,0.8466341565941722,0.06502222979814186,,0.0,1.109959602355957,ok
B_alpha0.005,0.8,0.5,0.005,0.1,0.049999999999999996,0.6,20,200,5,1.0,predictive,P2 only,coarse,1.1856868528308275,0,100.0,False,False,0.3316600446307277,0.4870898199205701,157.85768372259122,5.129101800794252,0.0005972625931466707,13.032309640206691,1.8379912964059097,25.645509003971366,6.155373391034897,0.25645509003971256,6.8284622088613975,42.031734582112826,0.0,0.0,0.06516154820103345,0.8510220653460022,0.06516154820103343,,0.0,1.0169477462768555,ok
B_alpha0.005,0.8,0.5,0.005,0.1,0.049999999999999996,0.6,20,200,5,1.0,predictive,P2 only,coarse,5.000000000000001,0,100.0,False,False,0.3318206192064018,0.4873039608922017,157.90562024697502,5.126960391077954,0.00015245314613825144,13.03960739107861,1.8332797646972976,25.634801955389698,6.1598143228009405,0.25634801955389774,6.830300546335556,42.073383134352845,0.0,0.0,0.06519803695539304,0.8522183740808965,0.0651980369553931,,0.0,1.1172573566436768,ok
B_alpha0.005,0.8,0.5,0.005,0.1,0.049999999999999996,0.6,20,200,5,1.0,predictive,P2 only,coarse,4.9999999999999996e-05,0,1000.0,False,False,0.21945104441287772,0.3453194776093861,124.03710022052239,6.546805223906134,0.8178981346197022,8.056682418573097,4.578614222901067,32.734026119530455,3.7892405831043434,0.3273402611953067,5.67512728821193,21.504422634775544,0.0,0.0,0.040283412092865484,0.8507352184102805,0.04028341209286552,,0.0,1.1529853343963623,ok
B_alpha0.005,0.8,0.5,0.005,0.1,0.049999999999999996,0.6,20,200,5,1.0,predictive,P2 only,coarse,0.0002108482517142911,0,1000.0,False,False,0.27056508677156077,0.41841589522488093,138.80346711569194,5.815841047751171,0.2502184995463269,10.430722094528129,3.5032183581743737,29.079205238755776,4.773289571569838,0.29079205238755856,6.164829101109827,29.426514458837797,0.0,0.0,0.052153610472640645,0.9710053263301052,0.052153610472640874,,0.0,1.0723977088928223,ok
B_alpha0.005,0.8,0.5,0.005,0.1,0.049999999999999996,0.6,20,200,5,1.0,predictive,P2 only,coarse,0.0008891397050194613,0,1000.0,False,False,0.30411870286904297,0.4589424306074928,149.9606642254447,5.410575693925055,0.06829480300645241,12.004882958802188,2.5162465442663056,27.05287846962528,5.543242446226901,0.27052878469625274,6.563270632273008,36.38180035489021,0.0,0.0,0.060024414794010945,0.9096914014713264,0.060024414794011056,,0.0,1.0472111701965332,ok
B_alpha0.005,0.8,0.5,0.005,0.1,0.049999999999999996,0.6,20,200,5,1.0,predictive,P2 only,coarse,0.0037494710466622785,0,1000.0,False,False,0.3237511799705798,0.479194940462632,155.65012447463982,5.208050595373666,0.017306420583875725,12.741638411651122,2.0330045723913353,26.04025297686821,5.977289261087641,0.2604025297686833,6.752628193667855,40.36241198612851,0.0,0.0,0.0637081920582556,0.850317515610661,0.06370819205825573,,0.0,1.097754716873169,ok
B_alpha0.005,0.8,0.5,0.005,0.1,0.049999999999999996,0.6,20,200,5,1.0,predictive,P2 only,coarse,0.015811388300841896,0,1000.0,False,False,0.33032739811238837,0.4856520726587339,157.4342803829886,5.143479273412659,0.004300056332830886,12.973407863883391,1.878812806371119,25.717396367063238,6.121703695659398,0.25717396367063294,6.81255726698858,41.70445699821528,0.0,0.0,0.06486703931941695,0.844269963701072,0.06486703931941717,,0.0,1.0991196632385254,ok
B_alpha0.005,0.8,0.5,0.005,0.1,0.049999999999999996,0.6,20,200,5,1.0,predictive,P2 only,coarse,0.06667607160816619,0,1000.0,False,False,0.33150430453256746,0.48689206143238273,157.80547742794988,5.131079385676196,0.0011146666512333206,13.02498417827322,1.8428217693993518,25.65539692838076,6.150966124924023,0.2565539692838098,6.82656823419422,41.98998995801105,0.0,0.0,0.0651249208913661,0.8499879015124623,0.06512492089136634,,0.0,1.1716644763946533,ok
B_alpha0.005,0.8,0.5,0.005,0.1,0.049999999999999996,0.6,20,200,5,1.0,predictive,P2 only,coarse,0.2811706625951745,0,1000.0,False,False,0.33170312923207124,0.4871292763771094,157.88112623004946,5.128707236228887,0.00031671015359501436,13.035981770759072,1.8349942828584453,25.643536181144448,6.1567611079371565,0.25643536181144433,6.829631218857462,42.04840786981506,0.0,0.0,0.06517990885379536,0.8523053905419148,0.0651799088537953,,0.0,1.1913928985595703,ok
B_alpha0.005,0.8,0.5,0.005,0.1,0.049999999999999996,0.6,20,200,5,1.0,predictive,P2 only,coarse,1.1856868528308275,0,1000.0,False,False,0.3317698046413958,0.4872213633922295,157.90275980221534,5.127786366077656,0.00010055860364409049,13.039093939255604,1.833019136063096,25.63893183038839,6.158710544058706,0.2563893183038828,6.830406342013477,42.066495558763854,0.0,0.0,0.06519546969627803,0.8527769587803784,0.06519546969627815,,0.0,1.0742731094360352,ok
B_alpha0.005,0.8,0.5,0.005,0.1,0.049999999999999996,0.6,20,200,5,1.0,predictive,P2 only,coarse,5.000000000000001,0,1000.0,False,False,0.331842489494457,0.48733052818151595,157.91564607451753,5.126694718184828,3.4881139363495706e-05,13.041130421762992,1.8321399789128172,25.633473590924073,6.160524655949477,0.2563347359092414,6.830746764884048,42.0809838636153,0.0,0.0,0.06520565210881496,0.8526659462516385,0.06520565210881513,,0.0,1.0521700382232666,ok
B_alpha0.005,0.8,0.5,0.005,0.1,0.049999999999999996,0.6,20,200,5,1.0,predictive,P1 only (protect),coarse,4.9999999999999996e-05,5,1.0,True,True,7.141870209627442e-05,0.00011393445489318989,53.71868093123308,9.99886065545108,9.19965103611068,0.09199651036110681,0.7094917980771331,49.994303277255355,1.0744960407453485,0.49994303277255403,5.869291355136202,6.3065303230747505,3.1106858815860195e-30,3.1109518524912803e-30,0.0004599825518055341,0.3713781344577126,0.000459982551805534,,0.0,1.170734167098999,ok
B_alpha0.005,0.8,0.5,0.005,0.1,0.049999999999999996,0.6,20,200,5,1.0,predictive,P1 only (protect),coarse,0.0002108482517142911,5,1.0,True,True,0.0007294948346529226,0.0011634020394386446,56.68760184508059,9.988365979605625,8.068386345985866,0.34024103104131515,1.603006643367193,49.94182989802808,1.135072582659188,0.49941829898028123,5.703480802881296,6.473864685073573,3.171013035263354e-21,3.172155838376593e-21,0.0017012051552065758,0.9017940738595183,0.001701205155206574,,0.0,1.133486270904541,ok
B_alpha0.005,0.8,0.5,0.005,0.1,0.049999999999999996,0.6,20,200,5,1.0,predictive,P1 only (protect),coarse,0.0008891397050194613,5,1.0,True,True,0.008335969604327212,0.013287595370934168,67.50317251682502,9.867124046290662,6.386474920566534,1.1356936853965474,2.6107073477462572,49.33562023145321,1.3682441246332877,0.49335620231453314,5.57755151514052,7.631452090430509,1.833988911799001e-13,1.8367706014077167e-13,0.005678468426982737,1.3057095794853915,0.005678468426982737,,0.0,1.135166883468628,ok
B_alpha0.005,0.8,0.5,0.005,0.1,0.049999999999999996,0.6,20,200,5,1.0,predictive,P1 only (protect),coarse,0.0037494710466622785,5,1.0,True,True,0.05712503461770309,0.09094263829997365,91.03960092978518,9.090573617000231,4.097431221052846,3.0726395719537853,3.7393555899931377,45.45286808500114,2.0029451333969193,0.4545286808500116,5.4974562090778,11.011103160035056,8.439970004306667e-08,8.49350568002454e-08,0.015363197859768927,0.9549911470153668,0.015363197859768965,,0.0,1.0399086475372314,ok
B_alpha0.005,0.8,0.5,0.005,0.1,0.049999999999999996,0.6,20,200,5,1.0,predictive,P1 only (protect),coarse,0.015811388300841896,5,1.0,True,True,0.15631687868792477,0.24785682042087093,111.56585053895151,7.5214317957912655,1.8569742944592664,5.871852472199918,4.749741437549551,37.60715897895634,2.9666120379202234,0.3760715897895633,5.454518136217803,16.181439163957915,8.653504465890316e-05,8.877205071154588e-05,0.02935926236099959,0.7125331431577414,0.029359262360999623,,0.0,1.1801021099090576,ok
B_alpha0.005,0.8,0.5,0.005,0.1,0.049999999999999996,0.6,20,200,5,1.0,predictive,P1 only (protect),coarse,0.06667607160816619,5,1.0,True,True,0.232724605037975,0.3652005723106901,127.28915393779582,6.347994276893083,0.6459022751020687,8.606279543488439,4.39982390451641,31.739971384465406,4.010373934996531,0.31739971384465415,5.7682156734227705,23.132701788133144,0.001118828270053062,0.0012259199607383274,0.043031397717442195,0.8898708541306265,0.04303139771744198,,0.0,1.0873699188232422,ok
B_alpha0.005,0.8,0.5,0.005,0.1,0.049999999999999996,0.6,20,200,5,1.0,predictive,P1 only (protect),coarse,0.2811706625951745,5,1.0,True,True,0.27884115612133054,0.42928821400828754,141.5037194664832,5.707117859917108,0.19296407512279234,10.832236064138062,3.2676820008220373,28.535589299585475,4.958850436936264,0.2853558929958554,6.261996668145063,31.052304913924573,0.0018072295468936764,0.0022974672618787948,0.05416118032069031,0.9662000646395078,0.05416118032069045,,0.0,1.3452630043029785,ok
B_alpha0.005,0.8,0.5,0.005,0.1,0.049999999999999996,0.6,20,200,5,1.0,predictive,P1 only (protect),coarse,1.1856868528308275,5,1.0,True,True,0.3095740016805458,0.46498341654929887,151.58078371720669,5.350165834506998,0.051642603129232564,12.220334233350533,2.3778573290132354,26.75082917253486,5.666395712056471,0.2675082917253499,6.617806567067791,37.49911075485208,0.001406196638400378,0.0021003021754042294,0.061101671166752664,0.8914402360173753,0.061101671166752684,,0.0,1.1550190448760986,ok
B_alpha0.005,0.8,0.5,0.005,0.1,0.049999999999999996,0.6,20,200,5,1.0,predictive,P1 only (protect),coarse,5.000000000000001,5,1.0,True,True,0.32612108524750505,0.48167034507252154,156.25778179809805,5.183296549274753,0.012850433115479424,12.821175010537436,1.9826780070723304,25.916482746373735,6.0292819564785205,0.25916482746373765,6.7722201205638415,40.83162457821636,0.0010299796322209367,0.0016461209673153464,0.06410587505268718,0.8448810404768818,0.0641058750526872,,0.0,1.1377620697021484,ok
B_alpha0.005,0.8,0.5,0.005,0.1,0.049999999999999996,0.6,20,200,5,1.0,predictive,P1 only (protect),coarse,4.9999999999999996e-05,10,1.0,True,True,7.141870209627104e-05,0.00011393445489318455,53.71868093123308,9.998860655451084,9.199651036110682,0.09199651036110675,0.7094917980771278,49.994303277255355,1.0744960407453485,0.4999430327725542,5.869291355136204,6.306530323074752,3.8088641647640615e-17,3.835824448626793e-17,0.0004599825518055337,0.3713781344577127,0.0004599825518055337,,0.0,1.4034512042999268,ok
B_alpha0.005,0.8,0.5,0.005,0.1,0.049999999999999996,0.6,20,200,5,1.0,predictive,P1 only (protect),coarse,0.0002108482517142911,10,1.0,True,True,0.0007294948318766551,0.001163402035027355,56.687601844195434,9.988365979649739,8.068386346080242,0.34024103097057656,1.6030066432994428,49.94182989824869,1.1350725826364503,0.49941829898248696,5.703480802892575,6.47386468495669,3.0728657323062885e-11,3.164352711038727e-11,0.0017012051548528828,0.9017940738268577,0.0017012051548528815,,0.0,1.5871448516845703,ok
B_alpha0.005,0.8,0.5,0.005,0.1,0.049999999999999996,0.6,20,200,5,1.0,predictive,P1 only (protect),coarse,0.0008891397050194613,10,1.0,True,True,0.008335811393388983,0.013287344074928008,67.50313012507323,9.867126559250726,6.386478992795754,1.1356901618502229,2.6107042861032967,49.335632796253634,1.368242916916618,0.4933563279625363,5.577552053826343,7.631446091381629,1.66183903402605e-06,1.867972014619442e-06,0.005678450809251115,1.3057080856375884,0.0056784508092511095,,0.0,1.4987385272979736,ok
B_alpha0.005,0.8,0.5,0.005,0.1,0.049999999999999996,0.6,20,200,5,1.0,predictive,P1 only (protect),coarse,0.0037494710466622785,10,1.0,True,True,0.05699743232070338,0.09074036694837297,91.0161919063628,9.092596330516301,4.099720372264463,3.0704027290928084,3.737280568126427,45.462981652581334,2.001984660880574,0.454629816525815,5.497892105770228,11.006695662928395,0.0013180139512174974,0.0019627133904208684,0.015352013645464043,0.9533421335659172,0.015352013645464069,,0.0,1.3175642490386963,ok
B_alpha0.005,0.8,0.5,0.005,0.1,0.049999999999999996,0.6,20,200,5,1.0,predictive,P1 only (protect),coarse,0.015811388300841896,10,1.0,True,True,0.15535109777765213,0.24633798194043444,111.41769217179143,7.536620180595621,1.868250297300923,5.858798845953016,4.736330676150439,37.68310090297812,2.9567017974093,0.37683100902978106,5.457864493669277,16.137277758448352,0.011904147975170226,0.029408845693871248,0.029293994229765082,0.6906681653130216,0.029293994229765117,,0.0,1.4950037002563477,ok
B_alpha0.005,0.8,0.5,0.005,0.1,0.049999999999999996,0.6,20,200,5,1.0,predictive,P1 only (protect),coarse,0.06667607160816619,10,1.0,True,True,0.23186137697782114,0.3638596910308338,127.14732379800789,6.3614030896916525,0.6509406695813488,8.59766356003877,4.389992680688229,31.807015448458248,3.9974616293076624,0.31807015448458265,5.771154282735161,23.06996780204839,0.013295793357342375,0.04695708646150014,0.04298831780019385,0.8646368170657961,0.042988317800193625,,0.0,1.449704885482788,ok
B_alpha0.005,0.8,0.5,0.005,0.1,0.049999999999999996,0.6,20,200,5,1.0,predictive,P1 only (protect),coarse,0.2811706625951745,10,1.0,True,True,0.27830533168022037,0.42845405031620626,141.4253840286314,5.715459496837919,0.19416833988339297,10.828199691968928,3.2621724713097597,28.57729748418946,4.948871883594862,0.28577297484189595,6.263887029265213,30.999174401145158,0.009055021567338577,0.03570644910218191,0.054140998459844644,0.9519089644523671,0.054140998459844755,,0.0,1.2942252159118652,ok
B_alpha0.005,0.8,0.5,0.005,0.1,0.049999999999999996,0.6,20,200,5,1.0,predictive,P1 only (protect),coarse,1.1856868528308275,10,1.0,True,True,0.3092474614600446,0.4644640046342712,151.54248835649574,5.355359953657258,0.05190044260168593,12.21832527200854,2.374414331732516,26.77679976828632,5.65946975246752,0.2677679976828629,6.619062288191456,37.460382809718,0.0059977182986090324,0.023712680460542063,0.0610916263600427,0.8834918165405461,0.06109162636004261,,0.0,1.2865478992462158,ok
B_alpha0.005,0.8,0.5,0.005,0.1,0.049999999999999996,0.6,20,200,5,1.0,predictive,P1 only (protect),coarse,5.000000000000001,10,1.0,True,True,0.3258999256230907,0.48131379562578064,156.23475621526583,5.186862043742157,0.012916370364132429,12.820058992981803,1.9801625929119084,25.934310218710777,6.024249532673032,0.2593431021871079,6.7731559495451785,40.80318156376911,0.004743458026955625,0.018143734783048312,0.06410029496490902,0.8391850576227977,0.06410029496490899,,0.0,1.4026236534118652,ok
B_alpha0.005,0.8,0.5,0.005,0.1,0.049999999999999996,0.6,20,200,5,1.0,predictive,P1 only (protect),coarse,4.9999999999999996e-05,15,1.0,True,True,7.141425950219513e-05,0.00011392737403517203,53.71867649581678,9.998860726259645,9.199651577846563,0.09199631388083615,0.7094913820129563,49.994303631298244,1.0744959444176945,0.49994303631298226,5.869291430095268,6.306529838242896,4.8302045078256443e-08,4.9414960975089536e-08,0.00045998156940418075,0.3713778203333048,0.0004599815694041804,,0.0,2.533055543899536,ok
B_alpha0.005,0.8,0.5,0.005,0.1,0.049999999999999996,0.6,20,200,5,1.0,predictive,P1 only (protect),coarse,0.0002108482517142911,15,1.0,True,True,0.0007259411646968852,0.0011577384468791864,56.684442127843965,9.9884226155312,8.068704771731303,0.34010633945847624,1.6027662732790215,49.942113077655996,1.1350028790272488,0.49942113077656,5.703523288542339,6.473515353094517,3.452019753094656e-05,3.791441161873354e-05,0.0017005316972923813,0.9016095680635211,0.0017005316972923822,,0.0,2.724984884262085,ok
B_alpha0.005,0.8,0.5,0.005,0.1,0.049999999999999996,0.6,20,200,5,1.0,predictive,P1 only (protect),coarse,0.0008891397050194613,15,1.0,True,True,0.00795132179338291,0.012674797599642743,67.26369165295237,9.87325202400357,6.405904761405687,1.126291920373351,2.594551294217392,49.366260120017806,1.362543799943987,0.49366260120017846,5.580703775522821,7.6039533286626195,0.002737530809346608,0.003917105624706151,0.005631459601866755,1.2936138458550495,0.0056314596018667675,,0.0,2.5864248275756836,ok
B_alpha0.005,0.8,0.5,0.005,0.1,0.049999999999999996,0.6,20,200,5,1.0,predictive,P1 only (protect),coarse,0.0037494710466622785,15,1.0,True,True,0.0537189648103203,0.08552575890666722,89.99446321409025,9.144742410933302,4.1815063672167945,3.0417289866904436,3.632022235159459,45.72371205466664,1.9682230328651817,0.4572371205466651,5.5251671744462785,10.874761293175801,0.016702733207125522,0.04753197874373343,0.015208644933452219,0.860639120714211,0.015208644933452241,,0.0,2.5959036350250244,ok
B_alpha0.005,0.8,0.5,0.005,0.1,0.049999999999999996,0.6,20,200,5,1.0,predictive,P1 only (protect),coarse,0.015811388300841896,15,1.0,True,True,0.1529749786323361,0.2425834281813373,110.9735011983255,7.574165718186593,1.9014085349250416,5.888728098842674,4.635697648045692,37.870828590932845,2.930316164904169,0.37870828590932964,5.490713765903334,16.089527305088385,0.019992856767639205,0.11777617163682347,0.02944364049421337,0.5860445424732785,0.029443640494213493,,0.0,2.55517315864563,ok
B_alpha0.005,0.8,0.5,0.005,0.1,0.049999999999999996,0.6,20,200,5,1.0,predictive,P1 only (protect),coarse,0.06667607160816619,15,1.0,True,True,0.2310380344227842,0.36258766393897035,126.99287073571259,6.374123360610312,0.6562413016223378,8.635863724809132,4.333771612958218,31.870616803051224,3.9846379980808706,0.3187061680305156,5.791495107126383,23.077011469555227,0.016427049108065566,0.12435406700131105,0.043179318624045664,0.81156634028123,0.04317931862404567,,0.0,2.7200541496276855,ok
B_alpha0.005,0.8,0.5,0.005,0.1,0.049999999999999996,0.6,20,200,5,1.0,predictive,P1 only (protect),coarse,0.2811706625951745,15,1.0,True,True,0.2779281469379051,0.42789522662756896,141.35426155273203,5.72104773372428,0.19501765578584737,10.85324162123682,3.230692989253052,28.6052386686215,4.941551552506028,0.286052386686214,6.275594954611693,31.01117599086041,0.012122072661897179,0.09081404056274417,0.054266208106184106,0.9247398253706054,0.05426620810618412,,0.0,2.5581283569335938,ok
B_alpha0.005,0.8,0.5,0.005,0.1,0.049999999999999996,0.6,20,200,5,1.0,predictive,P1 only (protect),coarse,1.1856868528308275,15,1.0,True,True,0.3090157644990265,0.4641347726916905,151.50180323114634,5.358652273083069,0.05210500349577557,12.233971124291253,2.355271599129901,26.79326136541533,5.654474129331059,0.26793261365415344,6.626228808473402,37.46783937254102,0.008997112332484972,0.06301321464534175,0.06116985562145627,0.8668121433853783,0.061169855621456375,,0.0,2.6127967834472656,ok
B_alpha0.005,0.8,0.5,0.005,0.1,0.049999999999999996,0.6,20,200,5,1.0,predictive,P1 only (protect),coarse,5.000000000000001,15,1.0,True,True,0.3257161651911279,0.48105809395924,156.20358777683455,5.189419060407573,0.013014964958740497,12.831705545849823,1.9658604287838628,25.94709530203781,6.020079934133004,0.25947095302037865,6.778518449375768,40.80722290023742,0.00763519053142142,0.050757195744747526,0.06415852772924911,0.8261857603999373,0.06415852772924949,,0.0,2.541774272918701,ok
B_alpha0.005,0.8,0.5,0.005,0.1,0.049999999999999996,0.6,20,200,5,1.0,predictive,P1 only (protect),coarse,4.9999999999999996e-05,20,1.0,True,True,1.170448506080372e-05,1.867653966548762e-05,52.883375331117215,9.999813234603339,9.840741724772032,0.07635898848401673,0.0830860521406116,49.9990661730167,1.0576872605604204,0.49999066173016693,6.008392476644257,6.355000178993704,0.003821772099650009,0.004154302607030509,0.0003817949424200837,0.003957566592354593,0.0003817949424200835,,0.0,8.463024854660034,ok
B_alpha0.005,0.8,0.5,0.005,0.1,0.049999999999999996,0.6,20,200,5,1.0,predictive,P1 only (protect),coarse,0.0002108482517142911,20,1.0,True,True,8.075545080279476e-05,0.00012881389855116663,53.5515239530593,9.998711861014492,9.35341691108081,0.3109686586435346,0.3369025692611629,49.993559305072466,1.0711684604465808,0.4999355930507246,5.986252295917922,6.41228465566321,0.0122025108531895,0.016845128463058162,0.0015548432932176732,0.016257591296000788,0.001554843293217674,,0.0,8.236862897872925,ok
B_alpha0.005,0.8,0.5,0.005,0.1,0.049999999999999996,0.6,20,200,5,1.0,predictive,P1 only (protect),coarse,0.0008891397050194613,20,1.0,True,True,0.0027842992395330423,0.004438664374018298,59.37752935204369,9.955613356259807,7.694702112493477,1.1441006905939854,1.2055838406527304,49.77806678129912,1.1928452266521317,0.49778066781299035,5.9091029474892665,7.048645244708613,0.02253721565937144,0.06027919203263618,0.005720503452969927,0.062045541717551,0.005720503452969936,,0.0,8.160636186599731,ok
B_alpha0.005,0.8,0.5,0.005,0.1,0.049999999999999996,0.6,20,200,5,1.0,predictive,P1 only (protect),coarse,0.0037494710466622785,20,1.0,True,True,0.04530316152495461,0.07213155540742791,85.73801714071419,9.27868444592572,4.562968281599468,3.178066991870042,2.980280280604771,46.3934222296286,1.8480640793504266,0.463934222296286,5.712840294291911,10.5576949389466,0.023572431062382153,0.14901401403023895,0.01589033495935021,0.18128790271717543,0.015890334959350258,,0.0,8.217010021209717,ok
B_alpha0.005,0.8,0.5,0.005,0.1,0.049999999999999996,0.6,20,200,5,1.0,predictive,P1 only (protect),coarse,0.015811388300841896,20,1.0,True,True,0.14992082095271608,0.2377607826547462,110.32754066431576,7.622392173452521,1.949998364237558,6.009513102763396,4.418096359546524,38.11196086726261,2.894827192139695,0.38111960867262606,5.5652199767432835,16.1103501189155,0.021299201521639978,0.220904817977327,0.03004756551381698,0.4011519496842264,0.030047565513816998,,0.0,8.026809930801392,ok
B_alpha0.005,0.8,0.5,0.005,0.1,0.049999999999999996,0.6,20,200,5,1.0,predictive,P1 only (protect),coarse,0.06667607160816619,20,1.0,True,True,0.22993176289542985,0.36089125618921025,126.78112259193192,6.39108743810785,0.6632834097617378,8.7167031550079,4.228925997122512,31.955437190539488,3.9674350826740024,0.3195543719053925,5.82985588504099,23.12957476524512,0.018023327767112893,0.21144629985612326,0.0435835157750395,0.7428562088442118,0.04358351577503984,,0.0,8.185251235961914,ok
B_alpha0.005,0.8,0.5,0.005,0.1,0.049999999999999996,0.6,20,200,5,1.0,predictive,P1 only (protect),coarse,0.2811706625951745,20,1.0,True,True,0.2773627527081078,0.4270738818192205,141.24781329340976,5.729261181807754,0.1962216528532318,10.905272183315365,3.1692449820236495,28.64630590903891,4.930751411435606,0.2864630590903877,6.298517104842846,31.056422104655173,0.014393350355335462,0.15846224910118323,0.054526360916576824,0.8882323277717519,0.05452636091657701,,0.0,8.08683729171753,ok
B_alpha0.005,0.8,0.5,0.005,0.1,0.049999999999999996,0.6,20,200,5,1.0,predictive,P1 only (protect),coarse,1.1856868528308275,20,1.0,True,True,0.30864664421669746,0.46362667923721157,151.44036999626027,5.36373320762787,0.05241934663516212,12.269288965299916,2.314558480437052,26.818666038139227,5.646827093521156,0.2681866603813935,6.6414888521461215,37.50333919161744,0.011528786051384098,0.1157279240218521,0.061346444826499584,0.8419611709871344,0.0613464448264997,,0.0,8.204067945480347,ok
B_alpha0.005,0.8,0.5,0.005,0.1,0.049999999999999996,0.6,20,200,5,1.0,predictive,P1 only (protect),coarse,5.000000000000001,20,1.0,True,True,0.32541748610951166,0.4806583893036948,156.15781542251472,5.193416106962985,0.013181085397251604,12.860076625437422,1.933326182202341,25.967080534815178,6.013683949304475,0.25967080534814924,6.7907256922205,40.83727809943594,0.010181884998474453,0.09666630911011187,0.06430038312718711,0.8054666628097131,0.06430038312718761,,0.0,8.08887243270874,ok
B_alpha0.005,0.8,0.5,0.005,0.1,0.049999999999999996,0.6,20,200,5,1.0,predictive,P1+P2 (protect),coarse,4.9999999999999996e-05,5,3.0,True,True,0.00033556204260871996,0.0005352105716944888,55.25263106817793,9.994647894283068,8.506941546938467,0.22385902192419305,1.274551536854272,49.97323947141527,1.1056443739210158,0.49973239471415337,5.76101816004636,6.36963731671206,2.0123603247715818e-23,2.0128763588704078e-23,0.0011192951096209653,0.7019669965255928,0.001119295109620967,,0.0,1.2572836875915527,ok
B_alpha0.005,0.8,0.5,0.005,0.1,0.049999999999999996,0.6,20,200,5,1.0,predictive,P1+P2 (protect),coarse,0.0002108482517142911,5,3.0,True,True,0.004251400534065038,0.006777885473311334,62.89629104345472,9.932221145266881,6.958640342139255,0.8031603608073716,2.3059781517864923,49.6611057263344,1.2665100811499237,0.4966110572633441,5.606074496156308,7.100149865059443,3.1425298977678173e-15,3.1459233278059745e-15,0.004015801804036858,1.238167746181075,0.004015801804036868,,0.0,1.1566510200500488,ok
B_alpha0.005,0.8,0.5,0.005,0.1,0.049999999999999996,0.6,20,200,5,1.0,predictive,P1+P2 (protect),coarse,0.0008891397050194613,5,3.0,True,True,0.03749056404911869,0.059711864820967554,84.07174033097243,9.402881351790327,4.76077283755562,2.427677723536423,3.40866808711763,47.01440675895169,1.7882122976052424,0.4701440675895164,5.522026824019848,9.874556274418312,6.244773641270879e-09,6.273042101191674e-09,0.012138388617682114,1.091372387796818,0.012138388617682138,,0.0,1.1738040447235107,ok
B_alpha0.005,0.8,0.5,0.005,0.1,0.049999999999999996,0.6,20,200,5,1.0,predictive,P1+P2 (protect),coarse,0.0037494710466622785,5,3.0,True,True,0.13141516321213523,0.20866606004676647,107.16902527186546,7.913339399532338,2.332411541160889,5.152472000370686,4.601777058936088,39.56669699766166,2.7085663804132807,0.3956669699766169,5.438647824882942,14.730938653385753,2.719035869849142e-05,2.7696822184188974e-05,0.025762360001853432,0.7197341241183738,0.025762360001853394,,0.0,1.0847578048706055,ok
B_alpha0.005,0.8,0.5,0.005,0.1,0.049999999999999996,0.6,20,200,5,1.0,predictive,P1+P2 (protect),coarse,0.015811388300841896,5,3.0,True,True,0.21739554237819855,0.342242319718043,123.53458898432058,6.577576802819537,0.8486312440407701,7.9699394232540435,4.603852529885651,32.88788401409787,3.7562340262257576,0.32887884014097685,5.661016175759814,21.264101582403427,0.0007877717590172778,0.000843985501693482,0.03984969711627022,0.842184076721979,0.03984969711627031,,0.0,1.1057369709014893,ok
B_alpha0.005,0.8,0.5,0.005,0.1,0.049999999999999996,0.6,20,200,5,1.0,predictive,P1+P2 (protect),coarse,0.06667607160816619,5,3.0,True,True,0.26928188954900745,0.41676964512748166,138.3431408470698,5.832303548725172,0.26103001614535937,10.362398544630398,3.5442678904990705,29.161517743625886,4.7440308856115285,0.29161517743625864,6.147769332342026,29.165207590245938,0.0017903010173098844,0.0021836661996398853,0.05181199272315199,0.9694829673092306,0.05181199272315187,,0.0,1.112722635269165,ok
B_alpha0.005,0.8,0.5,0.005,0.1,0.049999999999999996,0.6,20,200,5,1.0,predictive,P1+P2 (protect),coarse,0.2811706625951745,5,3.0,True,True,0.30325352971850894,0.4580692038971749,149.6695157083785,5.419307961028219,0.07141010434036899,11.967102019500565,2.542179915130847,27.096539805141134,5.523565620728485,0.27096539805141096,6.553051687097148,36.1962110097066,0.0015247246278598037,0.002206525359178811,0.05983551009750283,0.9117765922203959,0.05983551009750289,,0.0,1.1461665630340576,ok
B_alpha0.005,0.8,0.5,0.005,0.1,0.049999999999999996,0.6,20,200,5,1.0,predictive,P1+P2 (protect),coarse,1.1856868528308275,5,3.0,True,True,0.3234118620829905,0.4789407146803471,155.54775138508523,5.2105928531965,0.018005018102676712,12.72913567532152,2.0422664533793022,26.05296426598246,5.970443508732902,0.26052964265982503,6.7490408481759525,40.29476712216532,0.001098145829338901,0.0017417239764683666,0.0636456783766076,0.8503706040483129,0.06364567837660769,,0.0,1.2192978858947754,ok
B_alpha0.005,0.8,0.5,0.005,0.1,0.049999999999999996,0.6,20,200,5,1.0,predictive,P1+P2 (protect),coarse,5.000000000000001,5,3.0,True,True,0.3303470837881626,0.48575351994278915,157.4255923755004,5.142464800572093,0.004355184599306417,12.972655936927659,1.8805240779009424,25.712324002860417,6.122573453803215,0.25712324002860465,6.811905572268545,41.706392226585585,0.0008894323463280085,0.001431600129181437,0.0648632796846383,0.8431170033217321,0.06486327968463847,,0.0,1.1573803424835205,ok
B_alpha0.005,0.8,0.5,0.005,0.1,0.049999999999999996,0.6,20,200,5,1.0,predictive,P1+P2 (protect),coarse,4.9999999999999996e-05,5,10.0,True,True,0.002681905508771506,0.004276090677316087,60.606316763088245,9.957239093226855,7.301528833001553,0.6357842425863478,2.105447831185243,49.78619546613429,1.2173317562358035,0.49786195466134275,5.629902200178202,6.853458732778745,1.686910390772809e-16,1.6883508427390185e-16,0.003178921212931739,1.159566656402231,0.003178921212931745,,0.0,1.2477986812591553,ok
B_alpha0.005,0.8,0.5,0.005,0.1,0.049999999999999996,0.6,20,200,5,1.0,predictive,P1+P2 (protect),coarse,0.0002108482517142911,5,10.0,True,True,0.027146237557547626,0.04324681098066712,79.42073948669774,9.567531890193333,5.198811811773924,2.0391832661373916,3.1944730318953507,47.83765945096654,1.660213739514237,0.47837659450966663,5.536682323471681,9.192076064753294,8.393497209754356e-10,8.423579613224313e-10,0.010195916330686958,1.1735314722726362,0.010195916330686963,,0.0,1.1624908447265625,ok
B_alpha0.005,0.8,0.5,0.005,0.1,0.049999999999999996,0.6,20,200,5,1.0,predictive,P1+P2 (protect),coarse,0.0008891397050194613,5,10.0,True,True,0.11379762886557233,0.1808330090945618,103.91467564116098,8.191669909054351,2.6975997499668534,4.661221547590432,4.449508793388364,40.95834954527195,2.537081615710671,0.40958349545271755,5.440976262264828,13.804200846510257,1.0366534830117697e-05,1.0520187401001558e-05,0.02330610773795216,0.7449122811838063,0.02330610773795229,,0.0,1.1293418407440186,ok
B_alpha0.005,0.8,0.5,0.005,0.1,0.049999999999999996,0.6,20,200,5,1.0,predictive,P1+P2 (protect),coarse,0.0037494710466622785,5,10.0,True,True,0.20576802749969667,0.32456455900885933,120.93566034228459,6.754354409911393,1.0177720033169197,7.520585272241934,4.707288314529753,33.771772049557015,3.5809687500206526,0.33771772049556964,5.596688972380265,20.041568313678926,0.0005714314246677691,0.0006044879641495823,0.037602926361209675,0.8070675147388026,0.03760292636120958,,0.0,1.1515674591064453,ok
B_alpha0.005,0.8,0.5,0.005,0.1,0.049999999999999996,0.6,20,200,5,1.0,predictive,P1+P2 (protect),coarse,0.015811388300841896,5,10.0,True,True,0.2622283903304275,0.40723386382584914,136.0494493493864,5.927661361741491,0.32001391115548183,10.01266363378328,3.7396610933197474,29.63830680870737,4.590324616972274,0.29638306808707454,6.065434690007146,27.842314170177396,0.0017266163683249695,0.0020499837509583155,0.050063318168916404,0.9646199600746264,0.05006331816891644,,0.0,1.0957505702972412,ok
B_alpha0.005,0.8,0.5,0.005,0.1,0.049999999999999996,0.6,20,200,5,1.0,predictive,P1+P2 (protect),coarse,0.06667607160816619,5,10.0,True,True,0.29847264685761754,0.45269446259376517,148.15990693869801,5.473055374062319,0.08904840932630438,11.764231130755812,2.673665085855564,27.365276870311583,5.414157058993098,0.27365276870311595,6.500963232644623,35.197235976277476,0.001606334382008475,0.0022671802832704632,0.05882115565377906,0.9264452091825435,0.058821155653779066,,0.0,1.1710634231567383,ok
B_alpha0.005,0.8,0.5,0.005,0.1,0.049999999999999996,0.6,20,200,5,1.0,predictive,P1+P2 (protect),coarse,0.2811706625951745,5,10.0,True,True,0.3210842492224619,0.47659144855512375,154.9255348617489,5.234085514448742,0.022713728598424337,12.649099460301114,2.09410129665172,26.17042757224364,5.919870221228749,0.2617042757224371,6.728843831413512,39.83388222088361,0.0011529505183380698,0.001814385624266443,0.06324549730150557,0.8561627463410297,0.06324549730150586,,0.0,1.096010684967041,ok
B_alpha0.005,0.8,0.5,0.005,0.1,0.049999999999999996,0.6,20,200,5,1.0,predictive,P1+P2 (protect),coarse,1.1856868528308275,5,10.0,True,True,0.32974702073848466,0.48510756722435383,157.2657305538086,5.148924327756456,0.00553054703778584,12.950797330125965,1.894747795079793,25.744621638782096,6.108682922607069,0.2574462163878228,6.806380973975792,41.578023220483594,0.0009112637636882769,0.0014663795941934356,0.06475398665062983,0.8426239291721521,0.06475398665062963,,0.0,1.1088190078735352,ok
B_alpha0.005,0.8,0.5,0.005,0.1,0.049999999999999996,0.6,20,200,5,1.0,predictive,P1+P2 (protect),coarse,5.000000000000001,5,10.0,True,True,0.3314907169258653,0.48692403837307374,157.78644079619892,5.130759616269231,0.0013281315902046646,13.02225249153365,1.8456597606069154,25.653798081346228,6.150607418670335,0.2565379808134615,6.825469102840898,41.98078089983838,0.0008272398210824875,0.0013301701892430083,0.06511126245766825,0.8482614931689593,0.06511126245766821,,0.0,1.205029010772705,ok
B_alpha0.005,0.8,0.5,0.005,0.1,0.049999999999999996,0.6,20,200,5,1.0,predictive,P1+P2 (protect),coarse,4.9999999999999996e-05,5,30.0,True,True,0.016536899770195294,0.02635230533990481,73.46354898038042,9.736476946600968,5.773325035561896,1.5750145306548669,2.9151834871822686,48.682384733004795,1.5090375991908824,0.4868238473300484,5.555287413740985,8.383137581647023,3.504164843554891e-11,3.5131152900696185e-11,0.007875072653274334,1.2562271062453727,0.007875072653274352,,0.0,1.2043697834014893,ok
B_alpha0.005,0.8,0.5,0.005,0.1,0.049999999999999996,0.6,20,200,5,1.0,predictive,P1+P2 (protect),coarse,0.0002108482517142911,5,30.0,True,True,0.0888784352241832,0.14136075920036664,98.83769760498923,8.586392407996323,3.263273486242262,3.9725956728264955,4.17773843293492,42.93196203998162,2.302193818045022,0.42931962039981614,5.458083677842183,12.56556650150071,1.9726317136364742e-06,1.993584961034723e-06,0.019862978364132478,0.8110231026430853,0.019862978364132575,,0.0,1.1262714862823486,ok
B_alpha0.005,0.8,0.5,0.005,0.1,0.049999999999999996,0.6,20,200,5,1.0,predictive,P1+P2 (protect),coarse,0.0008891397050194613,5,30.0,True,True,0.18731264109843965,0.29616569488260236,117.17733987898283,7.038343051173961,1.3094562420265365,6.861401938085701,4.790798768713802,35.191715255869724,3.3296853826821784,0.35191715255869804,5.52142373578813,18.384603904648163,0.0003137211334918531,0.00032700429585341646,0.034307009690428505,0.7596533236992323,0.034307009690428575,,0.0,1.0534121990203857,ok
B_alpha0.005,0.8,0.5,0.005,0.1,0.049999999999999996,0.6,20,200,5,1.0,predictive,P1+P2 (protect),coarse,0.0037494710466622785,5,30.0,True,True,0.25125955819768303,0.3919618120638043,132.61633224971226,6.0803818793619255,0.42629747903053267,9.47491114483521,4.018409496772332,30.40190939680975,4.3621053703827055,0.3040190939680963,5.944646666937179,25.931175150874317,0.001551196456476479,0.00177743649180205,0.047374555724176044,0.9457938106262684,0.04737455572417629,,0.0,1.1782145500183105,ok
B_alpha0.005,0.8,0.5,0.005,0.1,0.049999999999999996,0.6,20,200,5,1.0,predictive,P1+P2 (protect),coarse,0.015811388300841896,5,30.0,True,True,0.2910519614536098,0.44409762502840117,145.72196559650263,5.559023749715969,0.12175464221735871,11.430089279802814,2.889132328263858,27.795118748579856,5.242717864047552,0.27795118748579845,6.415033103067001,33.63220864790576,0.0017132016527325858,0.0023238076128830588,0.05715044639901407,0.9462878433204092,0.057150446399014135,,0.0,1.0694904327392578,ok
B_alpha0.005,0.8,0.5,0.005,0.1,0.049999999999999996,0.6,20,200,5,1.0,predictive,P1+P2 (protect),coarse,0.06667607160816619,5,30.0,True,True,0.3170759534007306,0.47255720170650306,153.8143073701491,5.274427982934924,0.03162543436485329,12.506831000965155,2.1871155817350676,26.37213991467471,5.832454547405139,0.2637213991467462,6.6925320712542495,39.03388911264158,0.0012436288929332275,0.0019262679252180078,0.06253415500482577,0.8675471252415716,0.06253415500482569,,0.0,1.2242708206176758,ok
B_alpha0.005,0.8,0.5,0.005,0.1,0.049999999999999996,0.6,20,200,5,1.0,predictive,P1+P2 (protect),coarse,0.2811706625951745,5,30.0,True,True,0.32861522235781765,0.4839659222237189,156.9573107394068,5.1603407777627845,0.0077819407795454015,12.910111006269007,1.9217662751886637,25.801703888813808,6.0832149464150245,0.2580170388881392,6.795883974216849,41.340822966058276,0.0009503238603293207,0.0015273586372726692,0.06455055503134503,0.8425696395408827,0.06455055503134545,,0.0,1.0526201725006104,ok
B_alpha0.005,0.8,0.5,0.005,0.1,0.049999999999999996,0.6,20,200,5,1.0,predictive,P1+P2 (protect),coarse,1.1856868528308275,5,30.0,True,True,0.3312727842057246,0.48665777141167005,157.72263508252271,5.133422285883286,0.001882965060154124,13.012910118554236,1.8517846305023231,25.66711142941633,6.144931248545615,0.25667111429416434,6.8230828317424095,41.92737490418904,0.0008387319155347335,0.0013491390973677689,0.06506455059277118,0.8471375093302629,0.06506455059277108,,0.0,1.0817978382110596,ok
B_alpha0.005,0.8,0.5,0.005,0.1,0.049999999999999996,0.6,20,200,5,1.0,predictive,P1+P2 (protect),coarse,5.000000000000001,5,30.0,True,True,0.3317184685576333,0.48717933686760523,157.87247724603583,5.128206631323907,0.000458429912818384,13.03478858407924,1.8365463546840335,25.641033156619553,6.157024807921169,0.25641033156619536,6.829026357374449,42.04648469630202,0.0008082427195442537,0.0012986110819851696,0.0651739429203962,0.8509223785798236,0.06517394292039622,,0.0,1.1542472839355469,ok
B_alpha0.005,0.8,0.5,0.005,0.1,0.049999999999999996,0.6,20,200,5,1.0,predictive,P1+P2 (protect),coarse,4.9999999999999996e-05,5,100.0,True,True,0.07252661751765586,0.11540943016000661,94.9677010405486,8.84590569839992,3.6765300067523348,3.510893728302613,3.9666705665451327,44.22952849199969,2.147156080529471,0.442295284919996,5.475290499614864,11.756303288913301,5.136889213929829e-07,5.180184148539253e-07,0.017554468641513065,0.8768390857295623,0.017554468641513082,,0.0,1.3359501361846924,ok
B_alpha0.005,0.8,0.5,0.005,0.1,0.049999999999999996,0.6,20,200,5,1.0,predictive,P1+P2 (protect),coarse,0.0002108482517142911,5,100.0,True,True,0.17322336987305598,0.2742736092494036,114.53431295898893,7.257263907505921,1.548113095981587,6.397118207139,4.797504789373492,36.28631953752982,3.1564047943889606,0.36286319537529604,5.4830103245604915,17.306600076126905,0.00018607190346090532,0.00019239406671679547,0.031985591035695,0.7341313528990631,0.031985591035695204,,0.0,1.1524899005889893,ok
B_alpha0.005,0.8,0.5,0.005,0.1,0.049999999999999996,0.6,20,200,5,1.0,predictive,P1+P2 (protect),coarse,0.0008891397050194613,5,100.0,True,True,0.24295386306986208,0.3800720960184825,130.1735323355041,6.199279039815157,0.5173763421370068,9.08170229222729,4.201642325820547,30.996395199075728,4.199634554258932,0.3099639519907579,5.8620572554913215,24.618498209205633,0.00137622142078396,0.001543154937931398,0.04540851146113645,0.9247234504046713,0.045408511461136225,,0.0,1.0543196201324463,ok
B_alpha0.005,0.8,0.5,0.005,0.1,0.049999999999999996,0.6,20,200,5,1.0,predictive,P1+P2 (protect),coarse,0.0037494710466622785,5,100.0,True,True,0.28553222823059915,0.43745579300126103,143.86634214904421,5.625442069987366,0.15059009771621204,11.16954634211138,3.0544214901850433,28.127210349936927,5.114845744002722,0.28127210349936826,6.348551062144491,32.47185938079371,0.0017704836276221695,0.002332997863990714,0.0558477317105569,0.9577222701565049,0.05584773171055722,,0.0,1.1332905292510986,ok
B_alpha0.005,0.8,0.5,0.005,0.1,0.049999999999999996,0.6,20,200,5,1.0,predictive,P1+P2 (protect),coarse,0.015811388300841896,5,100.0,True,True,0.31380750475991337,0.46921391147255453,152.87978948290527,5.307860885274433,0.03965525134152937,12.386645431429372,2.2658384319546654,26.539304426372116,5.760504760290122,0.2653930442637217,6.661726233793929,38.37490568151951,0.00131404548113976,0.0020060815430282424,0.06193322715714686,0.8776643833930188,0.061933227157146824,,0.0,1.1212141513824463,ok
B_alpha0.005,0.8,0.5,0.005,0.1,0.049999999999999996,0.6,20,200,5,1.0,predictive,P1+P2 (protect),coarse,0.06667607160816619,5,100.0,True,True,0.3275612504181441,0.48292390677354535,156.6723311493154,5.170760932264517,0.00985191044971908,12.873143247865492,1.946243909420271,25.85380466132257,6.059933274876871,0.2585380466132258,6.786369566419811,41.124946751159136,0.0009832288585261114,0.0015773945435174812,0.06436571623932746,0.8433930632901355,0.06436571623932781,,0.0,1.2239365577697754,ok
B_alpha0.005,0.8,0.5,0.005,0.1,0.049999999999999996,0.6,20,200,5,1.0,predictive,P1+P2 (protect),coarse,0.2811706625951745,5,100.0,True,True,0.3310745084087804,0.48643002625221776,157.66187765981724,5.135699737477804,0.002409854820626387,13.004438320423747,1.857452087277823,25.678498687388934,6.139840166638993,0.2567849868738902,6.8208727413391,41.879068428806825,0.0008490503692673892,0.0013660927935332642,0.06502219160211874,0.8462760152703287,0.06502219160211888,,0.0,1.0394608974456787,ok
B_alpha0.005,0.8,0.5,0.005,0.1,0.049999999999999996,0.6,20,200,5,1.0,predictive,P1+P2 (protect),coarse,1.1856868528308275,5,100.0,True,True,0.3316472927735997,0.48707367035310534,157.85575420520752,5.1292632964689,0.0005976856386905318,13.032147127088638,1.837991890803772,25.646316482344577,6.155104352466308,0.256463164823445,6.8284619217570235,42.02989569525711,0.0008109031096375893,0.0013030372555471335,0.0651607356354432,0.8507071415559312,0.06516073563544314,,0.0,1.3949859142303467,ok
B_alpha0.005,0.8,0.5,0.005,0.1,0.049999999999999996,0.6,20,200,5,1.0,predictive,P1+P2 (protect),coarse,5.000000000000001,5,100.0,True,True,0.33178440651543106,0.48725753198364036,157.90006023913503,5.127424680163583,0.00015358210342705122,13.0389220529266,1.8334996848063916,25.63712340081784,6.159039677364814,0.2563712340081791,6.830217690986794,42.06758176382675,0.0008015076240363429,0.001287368792210933,0.065194610264633,0.8520095955170451,0.06519461026463295,,0.0,1.2708752155303955,ok
B_alpha0.005,0.8,0.5,0.005,0.1,0.049999999999999996,0.6,20,200,5,1.0,predictive,P1+P2 (protect),coarse,4.9999999999999996e-05,10,3.0,True,True,0.00033556204256322136,0.0005352105716221934,55.252631068163154,9.994647894283784,8.506941546940123,0.22385902192338406,1.2745515368527087,49.97323947141895,1.1056443739206387,0.4997323947141892,5.7610181600466985,6.3696373167102625,1.0600185454316763e-12,1.0824924877381042e-12,0.0011192951096169203,0.7019669965243338,0.001119295109616921,,0.0,1.49751877784729,ok
B_alpha0.005,0.8,0.5,0.005,0.1,0.049999999999999996,0.6,20,200,5,1.0,predictive,P1+P2 (protect),coarse,0.0002108482517142911,10,3.0,True,True,0.004251393972599509,0.006777875049956025,62.89628915418279,9.932221249500442,6.958640527939432,0.803160260446103,2.3059779621140226,49.66110624750226,1.266510029815258,0.49661106247502207,5.606074539526503,7.10014963220227,1.454938501718402e-07,1.5839461111777514e-07,0.004015801302230515,1.2381675863487585,0.004015801302230527,,0.0,1.2792575359344482,ok
B_alpha0.005,0.8,0.5,0.005,0.1,0.049999999999999996,0.6,20,200,5,1.0,predictive,P1+P2 (protect),coarse,0.0008891397050194613,10,3.0,True,True,0.037471416209408206,0.059681490543495426,84.06781521798838,9.403185094565071,4.7611519523283805,2.4274879434523347,3.4081750096542143,47.01592547282522,1.788071049810108,0.47015925472825354,5.522155195455639,9.874005837552707,0.00040156551475886866,0.0005452223463692299,0.012137439717261674,1.0908611037175897,0.012137439717261696,,0.0,1.2946603298187256,ok
B_alpha0.005,0.8,0.5,0.005,0.1,0.049999999999999996,0.6,20,200,5,1.0,predictive,P1+P2 (protect),coarse,0.0037494710466622785,10,3.0,True,True,0.1310191176918301,0.2080419604869851,107.10756861744157,7.919580395130137,2.3375899864353555,5.15200082096531,4.590828797469198,39.597901975650714,2.7048798869016712,0.39597901975650684,5.441985355487545,14.719916732871702,0.009387924892393512,0.02051924871313844,0.02576000410482655,0.7033095287571323,0.025760004104826647,,0.0,1.2871782779693604,ok
B_alpha0.005,0.8,0.5,0.005,0.1,0.049999999999999996,0.6,20,200,5,1.0,predictive,P1+P2 (protect),coarse,0.015811388300841896,10,3.0,True,True,0.21694029334471754,0.3415364315069315,123.45788015710096,6.584635684930661,0.851764183620134,7.974441472791137,4.58915865865807,32.92317842465333,3.7498773224353696,0.32923178424653304,5.66606960841474,21.24706593193469,0.013936185438850831,0.04647735312936165,0.039872207363955685,0.8150944807546967,0.03987220736395581,,0.0,1.4450526237487793,ok
B_alpha0.005,0.8,0.5,0.005,0.1,0.049999999999999996,0.6,20,200,5,1.0,predictive,P1+P2 (protect),coarse,0.06667607160816619,10,3.0,True,True,0.2689996942799888,0.41633804348654474,138.29748638913892,5.8366195651345505,0.26178550872011913,10.366732932500158,3.5348619936451717,29.183097825672633,4.73895839349438,0.29183097825672755,6.151192141401851,29.150243628492973,0.010058494772948305,0.039189726422648896,0.05183366466250079,0.9523986054549213,0.05183366466250089,,0.0,1.2961242198944092,ok
B_alpha0.005,0.8,0.5,0.005,0.1,0.049999999999999996,0.6,20,200,5,1.0,predictive,P1+P2 (protect),coarse,0.2811706625951745,10,3.0,True,True,0.3030768903277802,0.45779829962820384,149.64622153418844,5.422017003717933,0.0715717938762227,11.969544248723082,2.5368669536827624,27.11008501858968,5.5199465966843855,0.27110085018589664,6.555024937529722,36.183387595098466,0.0065309385831793364,0.025932107113224325,0.05984772124361541,0.9024609186195547,0.059847721243615204,,0.0,1.3357737064361572,ok
B_alpha0.005,0.8,0.5,0.005,0.1,0.049999999999999996,0.6,20,200,5,1.0,predictive,P1+P2 (protect),coarse,1.1856868528308275,10,3.0,True,True,0.3232812185195125,0.47873824915416674,155.5330544650447,5.212617508458329,0.018048946850390758,12.730476106749473,2.038857437941807,26.063087542291598,5.967560605115071,0.2606308754229164,6.750315963267915,40.282919614477,0.004927706249991554,0.019013906948634016,0.06365238053374736,0.8441175077195437,0.06365238053374749,,0.0,1.4429337978363037,ok
B_alpha0.005,0.8,0.5,0.005,0.1,0.049999999999999996,0.6,20,200,5,1.0,predictive,P1+P2 (protect),coarse,5.000000000000001,10,3.0,True,True,0.3302223297401032,0.4855580720857043,157.41245349237607,5.14441927914293,0.004376048659944348,12.973330317579745,1.8778743546173808,25.722096395714637,6.119736551434484,0.2572209639571465,6.81289867744089,41.69314505755467,0.004418835176625196,0.01650318429250053,0.06486665158789873,0.8378349608012571,0.06486665158789857,,0.0,1.4589409828186035,ok
B_alpha0.005,0.8,0.5,0.005,0.1,0.049999999999999996,0.6,20,200,5,1.0,predictive,P1+P2 (protect),coarse,4.9999999999999996e-05,10,10.0,True,True,0.002681904833100516,0.004276089603907852,60.60631656153756,9.957239103960925,7.301528853237319,0.6357842382585187,2.105447804543238,49.7861955198046,1.2173317508751758,0.4978619551980462,5.629902207151766,6.853458711088076,2.4332868394785868e-08,2.604239517136885e-08,0.0031789211912925937,1.159566628138145,0.003178921191292601,,0.0,1.3184759616851807,ok
B_alpha0.005,0.8,0.5,0.005,0.1,0.049999999999999996,0.6,20,200,5,1.0,predictive,P1+P2 (protect),coarse,0.0002108482517142911,10,10.0,True,True,0.02714177315575584,0.043239726758259434,79.41975588164658,9.56760273241744,5.198906159083419,2.03917816052648,3.1943129479726604,47.83801366208698,1.6601808854908424,0.478380136620872,5.536728322744365,9.191970529575967,0.00014938899350552736,0.0001922010630704828,0.010195890802632399,1.173340432079252,0.010195890802632388,,0.0,1.3065366744995117,ok
B_alpha0.005,0.8,0.5,0.005,0.1,0.049999999999999996,0.6,20,200,5,1.0,predictive,P1+P2 (protect),coarse,0.0008891397050194613,10,10.0,True,True,0.11359521988595937,0.18051368170410584,103.88266966031796,8.19486318295892,2.7004343747124175,4.663434612835478,4.441267829493183,40.974315914794616,2.535311873817251,0.409743159147946,5.443648394985402,13.80134641269271,0.0073086964742080564,0.014637698494276109,0.02331717306417739,0.7325783360468819,0.02331717306417734,,0.0,1.483816146850586,ok
B_alpha0.005,0.8,0.5,0.005,0.1,0.049999999999999996,0.6,20,200,5,1.0,predictive,P1+P2 (protect),coarse,0.0037494710466622785,10,10.0,True,True,0.20546999112489048,0.3241028464277544,120.88466437895497,6.758971535722435,1.0200315836655993,7.529944809945882,4.691052070666084,33.7948576786122,3.5770135660449727,0.3379485767861218,5.602453652540328,20.04005271827496,0.014128092892446618,0.044854464349869505,0.03764972404972941,0.7794861439161291,0.0376497240497294,,0.0,1.4226481914520264,ok
B_alpha0.005,0.8,0.5,0.005,0.1,0.049999999999999996,0.6,20,200,5,1.0,predictive,P1+P2 (protect),coarse,0.015811388300841896,10,10.0,True,True,0.26204831490213965,0.4069628410526732,136.01761160332958,5.930371589473232,0.32053545349467316,10.020952533229504,3.72814042380259,29.651857947366317,4.587153083114331,0.2965185794736616,6.069687795536731,27.842587084837742,0.010784998398046653,0.04150397016727126,0.05010476266614752,0.9456171712503127,0.05010476266614768,,0.0,1.301332950592041,ok
B_alpha0.005,0.8,0.5,0.005,0.1,0.049999999999999996,0.6,20,200,5,1.0,predictive,P1+P2 (protect),coarse,0.06667607160816619,10,10.0,True,True,0.2983668646405566,0.4525395256793959,148.1439371389365,5.474604743206029,0.08914496376885353,11.769070888181894,2.6671794048432234,27.373023716030087,5.412041383363176,0.2737302371603015,6.503387197975918,35.19660064747996,0.006966969100305735,0.027706199847816613,0.05884535444090947,0.9160989274124366,0.05884535444090961,,0.0,1.4540925025939941,ok
B_alpha0.005,0.8,0.5,0.005,0.1,0.049999999999999996,0.6,20,200,5,1.0,predictive,P1+P2 (protect),coarse,0.2811706625951745,10,10.0,True,True,0.3210089756842939,0.47648253622541265,154.91591668922587,5.235174637745857,0.022736532501068576,12.652000538203838,2.0900882915492365,26.175873188729206,5.91827120999079,0.2617587318872928,6.730349211547416,39.832031971885286,0.00508863058113735,0.01975267180141918,0.0632600026910192,0.8494892535231707,0.06326000269101908,,0.0,1.432129144668579,ok
B_alpha0.005,0.8,0.5,0.005,0.1,0.049999999999999996,0.6,20,200,5,1.0,predictive,P1+P2 (protect),coarse,1.1856868528308275,10,10.0,True,True,0.3296749919486033,0.48500185059192136,157.2573775454174,5.149981494080763,0.005541232563454707,12.952790757642683,1.8916865157130998,25.74990747040378,6.107104568284939,0.25749907470403816,6.807530346774506,41.57429967952494,0.004463136673938613,0.016739431731728885,0.06476395378821341,0.8371282875503919,0.06476395378821356,,0.0,1.3344414234161377,ok
B_alpha0.005,0.8,0.5,0.005,0.1,0.049999999999999996,0.6,20,200,5,1.0,predictive,P1+P2 (protect),coarse,5.000000000000001,10,10.0,True,True,0.33139889180871984,0.48678404433338357,157.7765315608654,5.132159556666123,0.0013389415162302744,13.023493815035888,1.843007686781759,25.66079778333068,6.148543505664405,0.25660797783330613,6.826464603831285,41.97281460653478,0.004303925582702395,0.015856694236150392,0.06511746907517944,0.8431307012101855,0.06511746907517937,,0.0,1.339611291885376,ok
B_alpha0.005,0.8,0.5,0.005,0.1,0.049999999999999996,0.6,20,200,5,1.0,predictive,P1+P2 (protect),coarse,4.9999999999999996e-05,10,30.0,True,True,0.016536201423193085,0.02635119670451154,73.46337989600539,9.736488032954917,5.773341201380961,1.5750162585067644,2.915154507157358,48.68244016477442,1.5090324077296753,0.4868244016477458,5.555295878440891,8.383121515094398,2.8554168327194463e-05,3.445541308546776e-05,0.007875081292533823,1.2561916311054455,0.007875081292533836,,0.0,1.3101696968078613,ok
B_alpha0.005,0.8,0.5,0.005,0.1,0.049999999999999996,0.6,20,200,5,1.0,predictive,P1+P2 (protect),coarse,0.0002108482517142911,10,30.0,True,True,0.08877375546751827,0.14119528346936916,98.82040789497663,8.588047165306303,3.264895620642757,3.9740507827721796,4.17300643127876,42.94023582653164,2.3013475821182636,0.42940235826531514,5.4596188597881055,12.564480662260628,0.004349622341445632,0.007691204098721028,0.019870253913860898,0.8041279871092808,0.01987025391386083,,0.0,1.4750449657440186,ok
B_alpha0.005,0.8,0.5,0.005,0.1,0.049999999999999996,0.6,20,200,5,1.0,predictive,P1+P2 (protect),coarse,0.0008891397050194613,10,30.0,True,True,0.1870524634468021,0.29576093125483116,117.13381716084398,7.042390687451661,1.311780203863656,6.871244412268357,4.774584696416326,35.211953437258416,3.3265356143775464,0.35211953437258303,5.527170397421927,18.38632917375734,0.013878493792543838,0.04042434452076984,0.034356222061341785,0.7327758049746655,0.03435622206134197,,0.0,1.4066026210784912,ok
B_alpha0.005,0.8,0.5,0.005,0.1,0.049999999999999996,0.6,20,200,5,1.0,predictive,P1+P2 (protect),coarse,0.0037494710466622785,10,30.0,True,True,0.2510937721225562,0.391712453814659,132.58561692227443,6.082875461853386,0.42688763018180576,9.485169947332967,4.00506696063184,30.414377309266964,4.359307296482998,0.3041437730926693,5.949574439663339,25.93602326579314,0.01184162507287329,0.044433284004493576,0.04742584973666483,0.9241047822149273,0.04742584973666468,,0.0,1.3230149745941162,ok
B_alpha0.005,0.8,0.5,0.005,0.1,0.049999999999999996,0.6,20,200,5,1.0,predictive,P1+P2 (protect),coarse,0.015811388300841896,10,30.0,True,True,0.2909606520905438,0.44396665124576495,145.7066583905718,5.560333487542345,0.12185173786379619,11.436352714259746,2.8814620603341137,27.801667437711732,5.2409323547596705,0.27801667437711725,6.417902367994767,33.63579217011248,0.007700757731030941,0.030614709389027526,0.05718176357129873,0.9343544473039296,0.057181763571298984,,0.0,1.6288917064666748,ok
B_alpha0.005,0.8,0.5,0.005,0.1,0.049999999999999996,0.6,20,200,5,1.0,predictive,P1+P2 (protect),coarse,0.06667607160816619,10,30.0,True,True,0.3170166798074436,0.4724757149861299,153.80584487279532,5.275242850138655,0.031643238235354955,12.51054751788418,2.1825663937418094,26.376214250693412,5.831232769454467,0.26376214250693275,6.694239797396263,39.03567047316332,0.005380875633438884,0.021058301311825407,0.0625527375894209,0.8602851285871683,0.06255273758942122,,0.0,1.4501726627349854,ok
B_alpha0.005,0.8,0.5,0.005,0.1,0.049999999999999996,0.6,20,200,5,1.0,predictive,P1+P2 (protect),coarse,0.2811706625951745,10,30.0,True,True,0.3285652728386516,0.4838978890271906,156.9508587250832,5.161021109728041,0.0077876715601432325,12.91276311135397,1.9184281073578473,25.80510554864027,6.082163021160489,0.25805105548640206,6.797138196694324,41.34130258965171,0.004548187592642802,0.017179558510666656,0.06456381555676985,0.836861769180696,0.06456381555677011,,0.0,1.4013941287994385,ok
B_alpha0.005,0.8,0.5,0.005,0.1,0.049999999999999996,0.6,20,200,5,1.0,predictive,P1+P2 (protect),coarse,1.1856868528308275,10,30.0,True,True,0.3312163631904977,0.4865779653777659,157.7158985726628,5.134220346222303,0.001888108595230922,13.015013229683209,1.8488783154992567,25.67110173111147,6.143713667790224,0.2567110173111152,6.824174774510735,41.92577583355087,0.004323463544788473,0.01597086145951406,0.06507506614841604,0.8418780491099608,0.06507506614841592,,0.0,1.3032503128051758,ok
B_alpha0.005,0.8,0.5,0.005,0.1,0.049999999999999996,0.6,20,200,5,1.0,predictive,P1+P2 (protect),coarse,5.000000000000001,10,30.0,True,True,0.3316359992309433,0.48705512920947824,157.86346944606996,5.129448707905178,0.0004669329621980467,13.036187042848642,1.833897316283982,25.647243539525967,6.155182688649578,0.2564724353952589,6.830021064041498,42.0400274165002,0.0042728316106942655,0.015669768365350778,0.06518093521424322,0.8458325278757254,0.06518093521424309,,0.0,1.3454930782318115,ok
B_alpha0.005,0.8,0.5,0.005,0.1,0.049999999999999996,0.6,20,200,5,1.0,predictive,P1+P2 (protect),coarse,4.9999999999999996e-05,10,100.0,True,True,0.07246573673257499,0.1153130815406301,94.95716293027905,8.846869184593663,3.6775394561831822,3.511751004227492,3.9638403549956633,44.23434592296847,2.1466840064876602,0.44234345922968316,5.47620278943443,11.755676944362001,0.002667859454368798,0.004349853584688818,0.01755875502113746,0.8727941556278938,0.017558755021137504,,0.0,1.3499383926391602,ok
B_alpha0.005,0.8,0.5,0.005,0.1,0.049999999999999996,0.6,20,200,5,1.0,predictive,P1+P2 (protect),coarse,0.0002108482517142911,10,100.0,True,True,0.17298095876118777,0.2738952213788588,114.49464849112877,7.261047786211393,1.550524396378531,6.4063401370520765,4.782087680358,36.30523893105704,3.1536674006897996,0.36305238931056966,5.488444208918839,17.308727582172057,0.013234577004006317,0.03595653813984854,0.032031700685260386,0.7088896688984799,0.03203170068526042,,0.0,1.4143357276916504,ok
B_alpha0.005,0.8,0.5,0.005,0.1,0.049999999999999996,0.6,20,200,5,1.0,predictive,P1+P2 (protect),coarse,0.0008891397050194613,10,100.0,True,True,0.24278619292643266,0.379818959983146,130.1421149263443,6.201810400168529,0.5180739640320821,9.092924408396353,4.187191227403035,31.00905200084269,4.196907242530588,0.3100905200084264,5.867385662722293,24.624873382599326,0.01253706932467409,0.04594705348888727,0.04546462204198177,0.901238702856505,0.045464622041981824,,0.0,1.4525625705718994,ok
B_alpha0.005,0.8,0.5,0.005,0.1,0.049999999999999996,0.6,20,200,5,1.0,predictive,P1+P2 (protect),coarse,0.0037494710466622785,10,100.0,True,True,0.28544246798915607,0.4373274790517768,143.85048450524707,5.626725209482201,0.15070072065993523,11.176690525349343,3.0458835445085204,28.133626047411045,5.113115680958754,0.28133626047411003,6.351744522154197,32.47720451767049,0.008277462895513253,0.032830378681047816,0.05588345262674672,0.9445182000739247,0.055883452626746724,,0.0,1.257826805114746,ok
B_alpha0.005,0.8,0.5,0.005,0.1,0.049999999999999996,0.6,20,200,5,1.0,predictive,P1+P2 (protect),coarse,0.015811388300841896,10,100.0,True,True,0.3137525390547149,0.4691400033968058,152.871434784142,5.308599966031915,0.03967253548732264,12.390832565717004,2.2608949327637586,26.542999830159538,5.759388002950651,0.26542999830159575,6.663582291222472,38.378155904741114,0.005630608661266856,0.022146724754511585,0.06195416282858502,0.8699128273346322,0.061954162828584985,,0.0,1.5200612545013428,ok
B_alpha0.005,0.8,0.5,0.005,0.1,0.049999999999999996,0.6,20,200,5,1.0,predictive,P1+P2 (protect),coarse,0.06667607160816619,10,100.0,True,True,0.3275185786182949,0.4828684092728583,156.66645126024883,5.171315907271406,0.009855838507182083,12.876091862235608,1.9427363919858036,25.85657953635698,6.059055531299485,0.2585657953635703,6.787687732076405,41.1269768977712,0.004624914229258954,0.01756481068567479,0.06438045931117804,0.8375247998451232,0.06438045931117813,,0.0,1.3502516746520996,ok
B_alpha0.005,0.8,0.5,0.005,0.1,0.049999999999999996,0.6,20,200,5,1.0,predictive,P1+P2 (protect),coarse,0.2811706625951745,10,100.0,True,True,0.3310330979252988,0.48637571167718935,157.65646145572308,5.136242883228078,0.002412002715584263,13.006921518205639,1.8544235958506987,25.681214416140346,6.138979991407175,0.2568121441614039,6.822011070519652,41.88018946307839,0.004341689563148036,0.01607548674753079,0.06503460759102819,0.8409443033877853,0.06503460759102783,,0.0,1.304882287979126,ok
B_alpha0.005,0.8,0.5,0.005,0.1,0.049999999999999996,0.6,20,200,5,1.0,predictive,P1+P2 (protect),coarse,1.1856868528308275,10,100.0,True,True,0.3315961928749431,0.4870027071531682,157.84955775811378,5.129972928468267,0.0006013047644925776,13.0342798452718,1.8351459214954404,25.649864642341555,6.15401133530909,0.25649864642341336,6.829531405010003,42.02901368128097,0.004276939384552028,0.015694703363616558,0.065171399226359,0.8455286881877319,0.06517139922635881,,0.0,1.2863190174102783,ok
B_alpha0.005,0.8,0.5,0.005,0.1,0.049999999999999996,0.6,20,200,5,1.0,predictive,P1+P2 (protect),coarse,5.000000000000001,10,100.0,True,True,0.3317052069361196,0.487138843608426,157.8913656735416,5.128611563915711,0.00016133855661083123,13.04037512181705,1.8308519757106276,25.64305781957848,6.157275266641231,0.2564305781957855,6.831212010144111,42.06165275124286,0.004262278885454316,0.015604711713231946,0.06520187560908525,0.8469335666623825,0.06520187560908512,,0.0,1.461949348449707,ok
B_alpha0.005,0.8,0.5,0.005,0.1,0.049999999999999996,0.6,20,200,5,1.0,predictive,P1+P2 (protect),coarse,4.9999999999999996e-05,20,3.0,True,True,4.21887652881022e-05,6.730321903504457e-05,53.26319628313286,9.999326967809651,9.53327354307905,0.22413799847523108,0.24326149063606906,49.99663483904827,1.0653356261796514,0.49996634839048254,5.994410470059906,6.386059031699128,0.009596876963571963,0.01216307453180311,0.0011206899923761554,0.011677954329477139,0.0011206899923761557,,0.0,8.127719640731812,ok
B_alpha0.005,0.8,0.5,0.005,0.1,0.049999999999999996,0.6,20,200,5,1.0,predictive,P1+P2 (protect),coarse,0.0002108482517142911,20,3.0,True,True,0.001172729660661599,0.001869839988171486,56.715530152972796,9.981301600118279,8.251461918177135,0.855324784433298,0.9119116972712877,49.90650800059137,1.1364355557054953,0.49906508000591393,5.935785579261445,6.745637783316646,0.020812140377917232,0.0455955848635639,0.00427662392216649,0.0458077715653365,0.0042766239221665074,,0.0,8.110187768936157,ok
B_alpha0.005,0.8,0.5,0.005,0.1,0.049999999999999996,0.6,20,200,5,1.0,predictive,P1+P2 (protect),coarse,0.0008891397050194613,20,3.0,True,True,0.027524505944365434,0.043843158184151444,78.07429496778346,9.561568418158492,5.335732386486929,2.584838899970592,2.5178602953839873,47.8078420907925,1.6330855264186896,0.47807842090792463,5.770483421072986,9.423692955393298,0.02387899540023496,0.1258930147692004,0.01292419449985296,0.14600293647339133,0.012924194499853017,,0.0,8.134450435638428,ok
B_alpha0.005,0.8,0.5,0.005,0.1,0.049999999999999996,0.6,20,200,5,1.0,predictive,P1+P2 (protect),coarse,0.0037494710466622785,20,3.0,True,True,0.12497296282513509,0.19846782755924455,105.78097181193546,8.015321724407533,2.4450748925244055,5.328737582783487,4.210865800284575,40.076608622037526,2.6394691429495882,0.4007660862203767,5.568678973172474,14.698356316680943,0.021942766752588983,0.21054329001422842,0.026643687913917434,0.33353390730759175,0.02664368791391751,,0.0,8.062018871307373,ok
B_alpha0.005,0.8,0.5,0.005,0.1,0.049999999999999996,0.6,20,200,5,1.0,predictive,P1+P2 (protect),coarse,0.015811388300841896,20,3.0,True,True,0.21473903463734967,0.338126802453862,123.05517128292396,6.618731975461372,0.868695919883602,8.109695950196903,4.402876154458123,33.09365987730692,3.7183911280633457,0.3309365987730686,5.7335617066637,21.319624982262038,0.018860643409610377,0.22014380772290545,0.040548479750984516,0.6678501834249378,0.04054847975098462,,0.0,8.01833724975586,ok
B_alpha0.005,0.8,0.5,0.005,0.1,0.049999999999999996,0.6,20,200,5,1.0,predictive,P1+P2 (protect),coarse,0.06667607160816619,20,3.0,True,True,0.2679699823866274,0.4148170123107602,138.1036515249622,5.851829876892412,0.26449457518436686,10.454218858134158,3.4294566897890615,29.259149384461757,4.72001594134869,0.29259149384462063,6.190415005621981,29.218857510099888,0.015231515107435615,0.1714728344894564,0.05227109429067079,0.8793119612700343,0.05227109429067103,,0.0,8.019338369369507,ok
B_alpha0.005,0.8,0.5,0.005,0.1,0.049999999999999996,0.6,20,200,5,1.0,predictive,P1+P2 (protect),coarse,0.2811706625951745,20,3.0,True,True,0.302450481385923,0.45692228973203025,149.53893346232243,5.430777102679681,0.07216243851976391,12.025740228260052,2.4713202305405035,27.153885513398127,5.507091550067033,0.271538855133984,6.579580366267518,36.2343514380588,0.012074840939860726,0.12356601152702493,0.06012870114130026,0.8572837825257386,0.06012870114130066,,0.0,8.062915563583374,ok
B_alpha0.005,0.8,0.5,0.005,0.1,0.049999999999999996,0.6,20,200,5,1.0,predictive,P1+P2 (protect),coarse,1.1856868528308275,20,3.0,True,True,0.3227965942980447,0.4780813657764839,155.45598790328677,5.219186342235086,0.018318243354181588,12.77248100528861,1.990014409122122,26.09593171117557,5.957096670233576,0.2609593171117543,6.7686394652037425,40.32143962017679,0.010379289114323332,0.09950072045610142,0.06386240502644305,0.8091912921561091,0.06386240502644387,,0.0,8.316421747207642,ok
B_alpha0.005,0.8,0.5,0.005,0.1,0.049999999999999996,0.6,20,200,5,1.0,predictive,P1+P2 (protect),coarse,5.000000000000001,20,3.0,True,True,0.3297768515244955,0.48495911057504765,157.3427975992764,5.150408894249498,0.0045880334953238445,13.010563813808565,1.8344392584466132,25.752044471247352,6.109914798219327,0.2575204447124749,6.829197524075814,41.7258150123136,0.009856361150060394,0.09172196292233042,0.06505281906904282,0.8060115791025068,0.0650528190690431,,0.0,8.128865003585815,ok
B_alpha0.005,0.8,0.5,0.005,0.1,0.049999999999999996,0.6,20,200,5,1.0,predictive,P1+P2 (protect),coarse,4.9999999999999996e-05,20,10.0,True,True,0.0006380915585834588,0.00101749672363699,55.52206898790902,9.989825032763614,8.571446949567557,0.6943114598379431,0.7444165578308866,49.94912516381813,1.1115724010343186,0.4994912516381807,5.950637212947379,6.614564094480085,0.01923486241721313,0.037220827891542935,0.0034715572991897152,0.03691447486944228,0.003471557299189719,,0.0,8.204066514968872,ok
B_alpha0.005,0.8,0.5,0.005,0.1,0.049999999999999996,0.6,20,200,5,1.0,predictive,P1+P2 (protect),coarse,0.0002108482517142911,20,10.0,True,True,0.018360112809273813,0.029252215100669825,72.94148472508414,9.707477848993266,5.8778295656000115,2.211438738773667,2.2032538466330553,48.537389244966555,1.5027896197084467,0.4853738924496633,5.807242074713186,8.72706310901312,0.023973895153797005,0.11016269233165142,0.011057193693868334,0.12400863107732786,0.011057193693868365,,0.0,8.174148797988892,ok
B_alpha0.005,0.8,0.5,0.005,0.1,0.049999999999999996,0.6,20,200,5,1.0,predictive,P1+P2 (protect),coarse,0.0008891397050194613,20,10.0,True,True,0.1069898627551241,0.1700385266497095,102.27200826061944,8.299614733502851,2.8346215126008936,4.855957121927944,4.009806631968311,41.4980736675144,2.464500137525184,0.41498073667514257,5.585688503989481,13.765930086254913,0.022350607828562605,0.2004903315984129,0.024279785609639722,0.2936312899005337,0.024279785609639764,,0.0,8.206111192703247,ok
B_alpha0.005,0.8,0.5,0.005,0.1,0.049999999999999996,0.6,20,200,5,1.0,predictive,P1+P2 (protect),coarse,0.0037494710466622785,20,10.0,True,True,0.20300099821593554,0.32026032274962224,120.44341418794056,6.797396772503748,1.0416371036889536,7.6764813191434005,4.4844848046638965,33.9869838625191,3.543810026660405,0.3398698386251874,5.676869515844477,20.11774711029246,0.019420634792904005,0.2242242402331964,0.038382406595717004,0.6105327132790185,0.038382406595716914,,0.0,8.168270587921143,ok
B_alpha0.005,0.8,0.5,0.005,0.1,0.049999999999999996,0.6,20,200,5,1.0,predictive,P1+P2 (protect),coarse,0.015811388300841896,20,10.0,True,True,0.26093450801179735,0.40530547801593253,135.8095507230376,5.946945219840628,0.3238987881511949,10.116237012773741,3.6129189792344354,29.734726099203126,4.567371842267524,0.2973472609920314,6.112502935639802,27.91807379401881,0.015826310787804266,0.1806459489617248,0.05058118506386871,0.8647398847363774,0.050581185063868175,,0.0,7.975675821304321,ok
B_alpha0.005,0.8,0.5,0.005,0.1,0.049999999999999996,0.6,20,200,5,1.0,predictive,P1+P2 (protect),coarse,0.06667607160816619,20,10.0,True,True,0.29771614427526577,0.45162584789695,148.0331763772771,5.483741521030485,0.08977244361852028,11.829567231694119,2.596918803656876,27.418707605152267,5.398984463784868,0.27418707605152426,6.529709410860411,35.2537996622652,0.012505000351960387,0.1298459401828439,0.05914783615847059,0.8678263813266631,0.05914783615847064,,0.0,8.160077095031738,ok
B_alpha0.005,0.8,0.5,0.005,0.1,0.049999999999999996,0.6,20,200,5,1.0,predictive,P1+P2 (protect),coarse,0.2811706625951745,20,10.0,True,True,0.32052631676708343,0.47583056308720695,154.84059242359152,5.241694369127888,0.02298192678012092,12.695862070333039,2.039461633758952,26.20847184563942,5.908035895246368,0.2620847184563944,6.749346917006993,39.875383855147724,0.010553823585140072,0.10197308168794447,0.0634793103516652,0.8134404719668011,0.06347931035166576,,0.0,8.578306674957275,ok
B_alpha0.005,0.8,0.5,0.005,0.1,0.049999999999999996,0.6,20,200,5,1.0,predictive,P1+P2 (protect),coarse,1.1856868528308275,20,10.0,True,True,0.3292385123115179,0.4844182192578926,157.1901272823322,5.155817807420981,0.005738470640022424,12.990746273707398,1.847697448231599,25.77908903710492,6.09758269797982,0.257790890371049,6.824039693337388,41.610146364421574,0.00989730552458525,0.0923848724115757,0.064953731368537,0.8049511314646056,0.06495373136853733,,0.0,8.247425556182861,ok
B_alpha0.005,0.8,0.5,0.005,0.1,0.049999999999999996,0.6,20,200,5,1.0,predictive,P1+P2 (protect),coarse,5.000000000000001,20,10.0,True,True,0.33096669329087663,0.4862054455897795,157.70937372572055,5.137945544102081,0.0015330673028133355,13.0597039059576,1.8008174826375063,25.689727720510678,6.139005264730984,0.256897277205104,6.842298081820145,42.004903947152584,0.009761199770130582,0.09004087413186422,0.065298519529788,0.8119715275077379,0.06529851952978896,,0.0,8.544997215270996,ok
B_alpha0.005,0.8,0.5,0.005,0.1,0.049999999999999996,0.6,20,200,5,1.0,predictive,P1+P2 (protect),coarse,4.9999999999999996e-05,20,30.0,True,True,0.009354297903095629,0.014907751693892217,66.39478042724222,9.85092248306107,6.6448038566513015,1.7316408167091415,1.772632843578486,49.254612415305424,1.3479911255298123,0.49254612415305354,5.853800161861858,7.890870668814763,0.023825739176749173,0.08863164217892378,0.008658204083545708,0.09591245616265172,0.008658204083545722,,0.0,8.058562994003296,ok
B_alpha0.005,0.8,0.5,0.005,0.1,0.049999999999999996,0.6,20,200,5,1.0,predictive,P1+P2 (protect),coarse,0.0002108482517142911,20,30.0,True,True,0.08099734347106448,0.12884174055182834,96.46466220605735,8.711582594481717,3.464742142722521,4.176308551311625,3.6473667114841364,43.557912972408324,2.214630032140491,0.43557912972408586,5.627193563487869,12.462151862367902,0.02288723607757137,0.18236833557420756,0.020881542756558128,0.2441895181901334,0.020881542756558083,,0.0,8.229267835617065,ok
B_alpha0.005,0.8,0.5,0.005,0.1,0.049999999999999996,0.6,20,200,5,1.0,predictive,P1+P2 (protect),coarse,0.0008891397050194613,20,30.0,True,True,0.18398586937894099,0.29095721572459415,116.58893843000243,7.09042784275405,1.3445896585094794,7.031938273294091,4.53304422544238,35.45213921377004,3.288629149484945,0.3545213921377025,5.613050504195616,18.45924150562887,0.020198582357078054,0.22665221127212493,0.03515969136647045,0.5247122922369225,0.03515969136647064,,0.0,8.433757543563843,ok
B_alpha0.005,0.8,0.5,0.005,0.1,0.049999999999999996,0.6,20,200,5,1.0,predictive,P1+P2 (protect),coarse,0.0037494710466622785,20,30.0,True,True,0.24979463156388276,0.3897553414616291,132.34369196780267,6.102446585383738,0.43197303710727597,9.591793928231532,3.873786449277454,30.51223292691844,4.337397799918035,0.3051223292691869,5.998168481804025,26.016442776514477,0.01669711452420272,0.19368932246387635,0.04795896964115766,0.8297081059684116,0.047958969641157846,,0.0,8.122241020202637,ok
B_alpha0.005,0.8,0.5,0.005,0.1,0.049999999999999996,0.6,20,200,5,1.0,predictive,P1+P2 (protect),coarse,0.015811388300841896,20,30.0,True,True,0.2902434679990304,0.44294744256746144,145.58259630688931,5.570525574325327,0.12268173111793461,11.503505373364792,2.8032873211919465,27.85262787162688,5.226889074089575,0.27852627871626634,6.447169682071964,33.69864077002351,0.013197876297559181,0.1401643660595946,0.05751752686682396,0.8808419451816291,0.05751752686682458,,0.0,8.155771732330322,ok
B_alpha0.005,0.8,0.5,0.005,0.1,0.049999999999999996,0.6,20,200,5,1.0,predictive,P1+P2 (protect),coarse,0.06667607160816619,20,30.0,True,True,0.3165165843722633,0.471798001218556,153.72890519323798,5.282019987814434,0.03187384748942029,12.557286345139493,2.1288198195566532,26.410099939071937,5.820837692696746,0.2641009993907217,6.7144127525714605,39.08350683449167,0.01087128388607554,0.10644099097783115,0.06278643172569746,0.82231586172452,0.06278643172569807,,0.0,8.007688522338867,ok
B_alpha0.005,0.8,0.5,0.005,0.1,0.049999999999999996,0.6,20,200,5,1.0,predictive,P1+P2 (protect),coarse,0.2811706625951745,20,30.0,True,True,0.32813366546774503,0.483323390033355,156.8861987382188,5.1667660996664,0.007955429922158842,12.951838090933977,1.8734403794774634,25.833830498332084,6.072897271209854,0.25833830498332,6.81402745310721,41.3808887259238,0.009979993875388228,0.09367201897387252,0.0647591904546699,0.8040583091925166,0.06475919045467028,,0.0,8.384920597076416,ok
B_alpha0.005,0.8,0.5,0.005,0.1,0.049999999999999996,0.6,20,200,5,1.0,predictive,P1+P2 (protect),coarse,1.1856868528308275,20,30.0,True,True,0.3307942236294433,0.48601610895638186,157.65141779039408,5.139838910436115,0.002065908140256526,13.051699031065366,1.806396150358262,25.699194552180614,6.134488669296335,0.25699194552180576,6.840120479331271,41.9606415770795,0.009775775206702782,0.09031980751790117,0.06525849515532683,0.8105124906061426,0.06525849515532788,,0.0,8.688368797302246,ok
B_alpha0.005,0.8,0.5,0.005,0.1,0.049999999999999996,0.6,20,200,5,1.0,predictive,P1+P2 (protect),coarse,5.000000000000001,20,30.0,True,True,0.3312074991445557,0.486482247294555,157.79698841826325,5.135177527054351,0.0006559178324855714,13.072111905712434,1.792054649400729,25.675887635272055,6.145726709034621,0.25675887635271755,6.8457246481236504,42.071952812670155,0.009739775449304705,0.0896027324700248,0.06536055952856218,0.8148552729762482,0.0653605595285631,,0.0,8.272923231124878,ok
B_alpha0.005,0.8,0.5,0.005,0.1,0.049999999999999996,0.6,20,200,5,1.0,predictive,P1+P2 (protect),coarse,4.9999999999999996e-05,20,100.0,True,True,0.06397989839177551,0.10182080947214163,91.89132863034278,8.981791905278556,3.9413342484017897,3.7176550408576667,3.3592188054619885,44.90895952639266,2.0461691742454855,0.4490895952639278,5.66385577323676,11.589207090569387,0.02321886732637498,0.1679609402730986,0.018588275204288334,0.21437916575054738,0.01858827520428842,,0.0,8.082283735275269,ok
B_alpha0.005,0.8,0.5,0.005,0.1,0.049999999999999996,0.6,20,200,5,1.0,predictive,P1+P2 (protect),coarse,0.0002108482517142911,20,100.0,True,True,0.169387288375476,0.26824504646988767,113.84568188291641,7.3175495353011035,1.594477318767897,6.576534108505256,4.511439037425743,36.58774767650529,3.1115793978218034,0.36587747676505517,5.583592517784527,17.373791444170305,0.020709001275710626,0.22557195187128667,0.032882670542526284,0.4668791662858731,0.03288267054252651,,0.0,8.618638753890991,ok
B_alpha0.005,0.8,0.5,0.005,0.1,0.049999999999999996,0.6,20,200,5,1.0,predictive,P1+P2 (protect),coarse,0.0008891397050194613,20,100.0,True,True,0.24132522563757755,0.3776002247123066,129.87179113368182,6.223997752876908,0.5249264825083947,9.207854105807083,4.043221658807614,31.119988764384527,4.173259576568821,0.31119988764384543,5.92048477716411,24.707719794230044,0.017297419796381906,0.20216108294038213,0.04603927052903542,0.7954683969175395,0.04603927052903533,,0.0,8.138486385345459,ok
B_alpha0.005,0.8,0.5,0.005,0.1,0.049999999999999996,0.6,20,200,5,1.0,predictive,P1+P2 (protect),coarse,0.0037494710466622785,20,100.0,True,True,0.28466698133721713,0.4362150267908334,143.7141664401287,5.637849732091653,0.15176692028462202,11.249033511649756,2.9613498359739694,28.189248660458162,5.098190738290962,0.28189248660458266,6.383367157995062,32.543623324001125,0.013718407348743532,0.1480674917987001,0.05624516755824878,0.8866678734044179,0.05624516755824886,,0.0,8.099415063858032,ok
B_alpha0.005,0.8,0.5,0.005,0.1,0.049999999999999996,0.6,20,200,5,1.0,predictive,P1+P2 (protect),coarse,0.015811388300841896,20,100.0,True,True,0.31323318766497354,0.4684328907907334,152.79174398165233,5.315671092092652,0.03989814420944861,12.43991384619836,2.2045169174995394,26.578355460462912,5.748728291671029,0.2657835546046326,6.684745367654576,38.42878481765272,0.011140201643083193,0.11022584587497518,0.0621995692309918,0.8303335271511383,0.062199569230992346,,0.0,8.087287902832031,ok
B_alpha0.005,0.8,0.5,0.005,0.1,0.049999999999999996,0.6,20,200,5,1.0,predictive,P1+P2 (protect),coarse,0.06667607160816619,20,100.0,True,True,0.32708664401953014,0.4822944507588335,156.60391448164566,5.1770554924116015,0.009980269246430456,12.916102848416948,1.8968613899250213,25.885277462058028,6.049922188826898,0.2588527746205801,6.804917101963482,41.1692189682965,0.010057748908533698,0.09484306949624942,0.06458051424208475,0.8041655502495645,0.06458051424208533,,0.0,8.242072343826294,ok
B_alpha0.005,0.8,0.5,0.005,0.1,0.049999999999999996,0.6,20,200,5,1.0,predictive,P1+P2 (protect),coarse,0.2811706625951745,20,100.0,True,True,0.3306206826682329,0.4858300943158676,157.59556369118488,5.141699056841257,0.0025547399218401406,13.044095493313092,1.8116507099238097,25.708495284206133,6.1300967617503,0.25708495284206284,6.838071353636519,41.91803906154472,0.009790042459855389,0.0905825354961881,0.06522047746656547,0.8093502509530458,0.06522047746656538,,0.0,8.171444177627563,ok
B_alpha0.005,0.8,0.5,0.005,0.1,0.049999999999999996,0.6,20,200,5,1.0,predictive,P1+P2 (protect),coarse,1.1856868528308275,20,100.0,True,True,0.3311788697733186,0.48644822061376786,157.78597640289513,5.135517793862263,0.000772279646650566,13.070526908287476,1.79318301820361,25.67758896931123,6.144890651200713,0.25677588969311316,6.845282904135187,42.06351492244438,0.009742417390089202,0.089659150910173,0.06535263454143739,0.814436199359446,0.06535263454143836,,0.0,8.446501731872559,ok
B_alpha0.005,0.8,0.5,0.005,0.1,0.049999999999999996,0.6,20,200,5,1.0,predictive,P1+P2 (protect),coarse,5.000000000000001,20,100.0,True,True,0.3312779832470584,0.4865679416871045,157.82511599251828,5.1343205831288685,0.00034850994271546,13.076201972104617,1.7891289348237995,25.67160291564449,6.147848130524734,0.2567160291564434,6.846870889977643,42.09352240089327,0.009733110433958178,0.08945644674118354,0.06538100986052309,0.8160186112807309,0.06538100986052342,,0.0,8.467036485671997,ok
B_alpha0.005,0.8,0.5,0.005,0.1,0.049999999999999996,0.6,20,200,5,1.0,base,Base,fine,5.373039141606587e-05,0,1.0,False,False,7.914572969415477e-05,0.00012625972337943398,53.789984089448396,9.998737402766283,9.157134395007734,0.09840328305865713,0.745724919167326,49.993687013831014,1.075935529111248,0.4999368701383141,5.862062588957466,6.307201413333203,0.0,0.0,,,,,4.409747441254407e-53,0.4494595527648926,ok
B_alpha0.005,0.8,0.5,0.005,0.1,0.049999999999999996,0.6,20,200,5,1.0,base,Base,fine,5.7739099234472904e-05,0,1.0,False,False,8.787990078067325e-05,0.00014019128800443076,53.86639743400684,9.998598087119888,9.113087563809968,0.10523629343585314,0.7830780556342914,49.992990435599815,1.077479001849203,0.4999299043559944,5.85464284774611,6.308254731773054,0.0,0.0,,,,,1.7288375953990495e-52,0.4249727725982666,ok
B_alpha0.005,0.8,0.5,0.005,0.1,0.049999999999999996,0.6,20,200,5,1.0,base,Base,fine,6.204688803758597e-05,0,1.0,False,False,9.776040831182795e-05,0.0001559511201754814,53.94828613493143,9.998440488798229,9.067510461042103,0.1125221612711832,0.8215268888884851,49.99220244399124,1.0791340148570647,0.49992202443991146,5.847041287058664,6.309741139138635,0.0,0.0,,,,,6.751269890179614e-52,0.4205362796783447,ok
B_alpha0.005,0.8,0.5,0.005,0.1,0.049999999999999996,0.6,20,200,5,1.0,base,Base,fine,6.66760716081662e-05,0,1.0,False,False,0.00010894600513104191,0.000173792378915973,54.0360414807726,9.998262076210862,9.020405879428013,0.12028904567029262,0.861042998690832,49.99131038105418,1.0809086833069155,0.4999131038105431,5.839268172333282,6.311715671632747,0.0,0.0,,,,,2.6256734509918095e-51,0.42424941062927246,ok
B_alpha0.005,0.8,0.5,0.005,0.1,0.049999999999999996,0.6,20,200,5,1.0,base,Base,fine,7.165062851184812e-05,0,1.0,False,False,0.00012161769504371205,0.0001940037008792367,54.13008263618322,9.998059962991169,8.971779291128811,0.1285667250157923,0.9015940208642272,49.990299814956074,1.0828117222051268,0.49990299814955846,5.831334848884023,6.314237730474881,0.0,0.0,,,,,1.0168390019416347e-50,0.422039270401001,ok
B_alpha0.005,0.8,0.5,0.005,0.1,0.049999999999999996,0.6,20,200,5,1.0,base,Base,fine,7.699632630297458e-05,0,1.0,False,False,0.0001359817719523965,0.00021691404507227454,54.230858472661225,9.997830859549195,8.921638617490922,0.1373866796299095,0.9431438433299735,49.98915429774641,1.084852489194962,0.49989154297745975,5.823253702823102,6.317371274721422,0.0,0.0,,,,,3.9205888935286174e-50,0.48985767364501953,ok
B_alpha0.005,0.8,0.5,0.005,0.1,0.049999999999999996,0.6,20,200,5,1.0,base,Base,fine,8.274085499715906e-05,0,1.0,False,False,0.00015227324684197882,0.0002428981556704498,54.33884946476893,9.997571018443278,8.869993967621063,0.1467821769401221,0.9856528369955369,49.98785509221647,1.0870410295565962,0.4998785509221639,5.815038113567951,6.321185017883752,0.0,0.0,,,,,1.504764615963163e-49,0.44890332221984863,ok
B_alpha0.005,0.8,0.5,0.005,0.1,0.049999999999999996,0.6,20,200,5,1.0,base,Base,fine,8.891397050194613e-05,0,1.0,False,False,0.00017075970586386466,0.00027238271180807586,54.454569641543216,9.99727617288195,8.816857350593404,0.1567883588781052,1.0290781176465411,49.98638086440962,1.0893881233221059,0.4998638086440975,5.80670239865681,6.3257526287627135,0.0,0.0,,,,,5.7482238680144974e-49,0.42340874671936035,ok
B_alpha0.005,0.8,0.5,0.005,0.1,0.049999999999999996,0.6,20,200,5,1.0,base,Base,fine,9.554764874852201e-05,0,1.0,False,False,0.00019174564629906128,0.00030585323884470684,54.578568579806664,9.996941467611585,8.762242366390229,0.16744233117465412,1.0733738348235322,49.98470733805777,1.091905334379165,0.4998470733805792,5.798261751616889,6.331152936717162,0.0,0.0,,,,,2.1851208117045063e-48,0.6222143173217773,ok
B_alpha0.005,0.8,0.5,0.005,0.1,0.049999999999999996,0.6,20,200,5,1.0,base,Base,fine,0.00010267625132285729,0,1.0,False,False,0.00021557734072229378,0.0003438618612374723,54.71143342262539,9.996561381387572,8.706163880793481,0.17878325413646642,1.1184914836824806,49.98280690693813,1.094605061386236,0.4998280690693786,5.789732173604767,6.337470141298511,0.0,0.0,,,,,8.264601041840866e-48,0.45833611488342285,ok
B_alpha0.005,0.8,0.5,0.005,0.1,0.049999999999999996,0.6,20,200,5,1.0,base,Base,fine,0.00011033670345422947,0,1.0,False,False,0.00024264828316459774,0.0003870359826703538,54.8537909021847,9.996129640173292,8.648637689388194,0.19085243440341895,1.1643802360350954,49.980648200866476,1.0975005902631279,0.4998064820086646,5.781130399473055,6.344794025809789,0.0,0.0,,,,,3.1095683181476383e-47,0.4366941452026367,ok
B_alpha0.005,0.8,0.5,0.005,0.1,0.049999999999999996,0.6,20,200,5,1.0,base,Base,fine,0.00011856868528308274,0,1.0,False,False,0.0002734052743784811,0.00043608798433937123,55.00630934181579,9.995639120156552,8.589680175643826,0.20369341708564787,1.210987287113974,49.978195600783046,1.1006061479529279,0.4997819560078276,5.772473818815461,6.353220173885612,0.0,0.0,,,,,1.16368726172874e-46,0.40944361686706543,ok
B_alpha0.005,0.8,0.5,0.005,0.1,0.049999999999999996,0.6,20,200,5,1.0,base,Base,fine,0.00012741483739896732,0,1.0,False,False,0.0003083552063177777,0.000491826037060371,55.16970060675534,9.995081739629398,8.529307967735846,0.2173520775669568,1.2582582150677983,49.975408698147014,1.1039369570738682,0.49975408698146995,5.76378039241508,6.362850187644729,0.0,0.0,,,,,4.3306757861575976e-46,0.41611218452453613,ok
B_alpha0.005,0.8,0.5,0.005,0.1,0.049999999999999996,0.6,20,200,5,1.0,base,Base,fine,0.00013692098171321805,0,1.0,False,False,0.00034807260848981745,0.0005551661268915424,55.3447219674066,9.994448338731036,8.467537598393013,0.2318767121331107,1.3061373507428395,49.97224169365544,1.107509290991708,0.49972241693655184,5.755068564370185,6.37379190533429,0.0,0.0,,,,,1.6024427109366918e-45,0.4137763977050781,ok
B_alpha0.005,0.8,0.5,0.005,0.1,0.049999999999999996,0.6,20,200,5,1.0,base,Base,fine,0.00014713635881046408,0,1.0,False,False,0.00039320802071535926,0.0006271453969180691,55.53217783235527,9.993728546030823,8.404385171643472,0.24731812643925488,1.3545681558864495,49.96864273015411,1.1113405287441156,0.49968642730154117,5.746357170016007,6.386159615678129,0.0,0.0,,,,,5.894404804581596e-45,0.464141845703125,ok
B_alpha0.005,0.8,0.5,0.005,0.1,0.049999999999999996,0.6,20,200,5,1.0,base,Base,fine,0.00015811388300841894,0,1.0,False,False,0.0004444972577881061,0.0007089369093260526,55.732921301144884,9.992910630906717,8.339866039916227,0.2637297206682394,1.4034936085088159,49.96455315453367,1.1154492091377346,0.49964553154533586,5.737665339597774,6.4000742653513285,0.0,0.0,,,,,2.1550135801425788e-44,0.4122159481048584,ok
B_alpha0.005,0.8,0.5,0.005,0.1,0.049999999999999996,0.6,20,200,5,1.0,base,Base,fine,0.00016991041644712795,0,1.0,False,False,0.000502771631249121,0.0008018659313995697,55.94785547882063,9.991981340685962,8.273994494561196,0.2811675700504262,1.4528565947024161,49.959906703430036,1.1198550832157477,0.4995990670342981,5.729012397497738,6.415663655143879,0.0,0.0,,,,,7.82948917906622e-44,0.423633337020874,ok
B_alpha0.005,0.8,0.5,0.005,0.1,0.049999999999999996,0.6,20,200,5,1.0,base,Base,fine,0.00018258706362741882,0,1.0,False,False,0.0005689691916036781,0.0009074278460041394,56.17793448551065,9.990925721539808,8.206783472505215,0.29969049921414964,1.5026003067408271,49.95462860769978,1.124579164158807,0.4995462860769904,5.720417756674579,6.433062619440296,0.0,0.0,,,,,2.826243816505616e-43,0.465350866317749,ok
B_alpha0.005,0.8,0.5,0.005,0.1,0.049999999999999996,0.6,20,200,5,1.0,base,Base,fine,0.00019620948792422677,0,1.0,False,False,0.0006441470503534798,0.001027307780744574,56.42416408486488,9.989726922192672,8.138244281472874,0.31936014861401363,1.552668647720441,49.94863461096284,1.1296437735353184,0.4994863461096336,5.7119008078508,6.452413182640011,0.0,0.0,,,,,1.013436572287639e-42,0.44896674156188965,ok
B_alpha0.005,0.8,0.5,0.005,0.1,0.049999999999999996,0.6,20,200,5,1.0,predictive,P2 only,fine,6.355308998073728e-05,0,3.0,False,False,0.0005102137787047081,0.0008137264355395431,55.9246000654761,9.9918627356446,8.289421126003665,0.2787636289298535,1.4399525094218806,49.959313678223026,1.1194028890323469,0.49959313678223005,5.731544033525617,6.415906949744686,0.0,0.0,0.0013938181446492676,0.8013962404164477,0.0013938181446492702,,0.0,1.092585563659668,ok
B_alpha0.005,0.8,0.5,0.005,0.1,0.049999999999999996,0.6,20,200,5,1.0,predictive,P2 only,fine,8.077990492199363e-05,0,3.0,False,False,0.0007805899687791839,0.001244863864534947,56.77392392618582,9.987551361354631,8.055712182289332,0.34637107896849706,1.6103653773875397,49.93775680677329,1.1368937564789718,0.4993775680677316,5.7026201588909755,6.483273254214272,0.0,0.0,0.0017318553948424853,0.9025600711911178,0.0017318553948424847,,0.0,1.1789865493774414,ok
B_alpha0.005,0.8,0.5,0.005,0.1,0.049999999999999996,0.6,20,200,5,1.0,predictive,P2 only,fine,0.00010267625132285729,0,3.0,False,False,0.0011974498872304013,0.001909531291175272,57.843787291623926,9.980904687088252,7.80603697095776,0.4293408087584981,1.7837175331954898,49.904523435441256,1.1590890626668995,0.4990452343544126,5.67499236973288,6.5778215864754905,0.0,0.0,0.0021467040437924906,1.0016916855714233,0.0021467040437924915,,0.0,1.0294029712677002,ok
B_alpha0.005,0.8,0.5,0.005,0.1,0.049999999999999996,0.6,20,200,5,1.0,predictive,P2 only,fine,0.0001305078607841268,0,3.0,False,False,0.001835706375639498,0.002927120146263083,59.18411641411145,9.970728798537362,7.540315854698569,0.5307521658934911,1.9582031808705782,49.85364399268686,1.1871572802741017,0.4985364399268681,5.6493515860364525,6.706668864191218,0.0,0.0,0.0026537608294674555,1.094201469266342,0.002653760829467458,,0.0,1.0065011978149414,ok
B_alpha0.005,0.8,0.5,0.005,0.1,0.049999999999999996,0.6,20,200,5,1.0,predictive,P2 only,fine,0.0001658835563921429,0,3.0,False,False,0.0028033386410738184,0.0044696905847291584,60.849740427134904,9.955303094152688,7.258111763066044,0.6540881112929768,2.132497031488292,49.7765154707636,1.2224588212261502,0.4977651547076344,5.626261821830003,6.877873394623998,0.0,0.0,0.003270440556464884,1.1748601636184393,0.003270440556464885,,0.0,1.1477327346801758,ok
B_alpha0.005,0.8,0.5,0.005,0.1,0.049999999999999996,0.6,20,200,5,1.0,predictive,P1 only (protect),fine,6.355308998073728e-05,15,1.0,True,True,0.000101320385136514,0.0001616294019930066,53.97685104910129,9.99838370598007,9.051980212301745,0.11505558222656627,0.8345804994916204,49.99191852990037,1.0797115341116088,0.4999191852990035,5.844469015712656,6.3103406070228765,1.6239764330573127e-07,1.6715863761082272e-07,0.0005752779111328313,0.4425835234120704,0.000575277911132831,,0.0,2.9723961353302,ok
B_alpha0.005,0.8,0.5,0.005,0.1,0.049999999999999996,0.6,20,200,5,1.0,predictive,P1 only (protect),fine,8.077990492199363e-05,15,1.0,True,True,0.00014656345770653237,0.00023379141860511326,54.30197166096903,9.997662085813941,8.887380823788819,0.14358215362664223,0.9713749367705979,49.98831042906974,1.086293399294223,0.49988310429069704,5.8177914744217425,6.3198284771345445,5.240794594703513e-07,5.436343018169378e-07,0.0007179107681332111,0.5221973085915075,0.0007179107681332111,,0.0,2.5979976654052734,ok
B_alpha0.005,0.8,0.5,0.005,0.1,0.049999999999999996,0.6,20,200,5,1.0,predictive,P1 only (protect),fine,0.00010267625132285729,15,1.0,True,True,0.00021542273741428087,0.000343615451904825,54.71128513971279,9.996563845480946,8.706180524324468,0.17877678139658665,1.1184788487979986,49.98281922740475,1.0946018248949732,0.4998281922740473,5.789734421014722,6.337453862899955,1.616011199836537e-06,1.6927805470611123e-06,0.0008938839069829332,0.6095350249673874,0.0008938839069829347,,0.0,2.5976064205169678,ok
B_alpha0.005,0.8,0.5,0.005,0.1,0.049999999999999996,0.6,20,200,5,1.0,predictive,P1 only (protect),fine,0.0001305078607841268,15,1.0,True,True,0.00032057159688268484,0.0005113089340601361,55.2262753502741,9.994886910659387,8.508919563984563,0.2220760979369721,1.2741174274190783,49.974434553297,1.105090549676477,0.49974434553296937,5.760883898572208,6.366298354095527,4.740158036845372e-06,5.026974820247887e-06,0.0011103804896848606,0.7033216234543499,0.0011103804896848617,,0.0,2.6512093544006348,ok
B_alpha0.005,0.8,0.5,0.005,0.1,0.049999999999999996,0.6,20,200,5,1.0,predictive,P1 only (protect),fine,0.0001658835563921429,15,1.0,True,True,0.00048119852285117404,0.0007674651153707811,55.8733692085332,9.992325348846297,8.296227445914889,0.2751854328887692,1.4362617723500453,49.961626744231474,1.1183256601024163,0.49961626744231485,5.731908060785798,6.410139865724639,1.3170073696335163e-05,1.4185600788038656e-05,0.001375927164443846,0.8015924230612226,0.0013759271644438488,,0.0,2.622213125228882,ok
B_alpha0.005,0.8,0.5,0.005,0.1,0.049999999999999996,0.6,20,200,5,1.0,predictive,P1+P2 (protect),fine,6.355308998073728e-05,10,3.0,True,True,0.0005102137783029113,0.000813726434901115,55.924600065346446,9.99186273565099,8.289421126017789,0.2787636289228126,1.4399525094084087,49.95931367825502,1.1194028890290348,0.4995931367825495,5.731544033528559,6.4159069497289964,9.312058240173035e-12,9.562838461969713e-12,0.001393818144614063,0.8013962404055711,0.0013938181446140664,,0.0,1.3037211894989014,ok
B_alpha0.005,0.8,0.5,0.005,0.1,0.049999999999999996,0.6,20,200,5,1.0,predictive,P1+P2 (protect),fine,8.077990492199363e-05,10,3.0,True,True,0.0007805899654710854,0.0012448638592787234,56.773923925133715,9.98755136140721,8.055712182401466,0.34637107891155094,1.6103653772797735,49.93775680703608,1.1368937564519206,0.4993775680703605,5.7026201589146295,6.483273254086901,7.618469159033438e-11,7.879033460803319e-11,0.0017318553945577548,0.9025600711036093,0.0017318553945577554,,0.0,1.2626376152038574,ok
B_alpha0.005,0.8,0.5,0.005,0.1,0.049999999999999996,0.6,20,200,5,1.0,predictive,P1+P2 (protect),fine,0.00010267625132285729,10,3.0,True,True,0.0011974498620063246,0.0019095312510980923,57.84378728374138,9.980904687489021,7.806036971779411,0.42934080833361465,1.7837175323979526,49.90452343744506,1.1590890624624064,0.49904523437445103,5.674992369909168,6.577821585519327,5.765338273887453e-10,6.015697832666089e-10,0.0021467040416680732,1.0016916849195805,0.002146704041668072,,0.0,1.5044593811035156,ok
B_alpha0.005,0.8,0.5,0.005,0.1,0.049999999999999996,0.6,20,200,5,1.0,predictive,P1+P2 (protect),fine,0.0001305078607841268,10,3.0,True,True,0.001835706198765772,0.002927119865249649,59.18411636003613,9.970728801347494,7.540315860216537,0.5307521629916888,1.9582031754442797,49.85364400673754,1.1871572788548337,0.49853644006737474,5.649351587246774,6.706668857610116,4.0070849447510135e-09,4.22794589959631e-09,0.0026537608149584443,1.094201464797519,0.002653760814958445,,0.0,1.2809875011444092,ok
B_alpha0.005,0.8,0.5,0.005,0.1,0.049999999999999996,0.6,20,200,5,1.0,predictive,P1+P2 (protect),fine,0.0001658835563921429,10,3.0,True,True,0.0028033375089886333,0.004469688786195604,60.84974009024738,9.955303112138054,7.258111796772408,0.6540880933020717,2.1324969977874666,49.77651556069019,1.2224588122496465,0.4977651556069027,5.626261829431672,6.877873353412565,2.5388456338547973e-08,2.7163835209254405e-08,0.003270440466510359,1.1748601355902772,0.003270440466510354,,0.0,1.2792768478393555,ok
B_alpha0.005,0.8,0.5,0.005,0.1,0.049999999999999996,0.6,20,200,5,1.0,base,Base,extend,2.3207944168063895e-05,0,1.0,False,False,2.7423413923259158e-05,4.3754204196615124e-05,53.19952150873691,9.999562457958024,9.560778694454008,0.04437720362882046,0.395281643959147,49.99781228979016,1.0640369862663082,0.4999781228979012,5.933117378087912,6.313056334144922,0.0,0.0,,,,,4.139895022173507e-60,0.48854494094848633,ok
B_alpha0.005,0.8,0.5,0.005,0.1,0.049999999999999996,0.6,20,200,5,1.0,base,Base,extend,1.0772173450159418e-05,0,1.0,False,False,1.3943984572926298e-05,2.22498475349438e-05,52.952545706158304,9.9997775015246,9.775670319081923,0.02106104325374506,0.203491136139732,49.99888750762325,1.059074478368838,0.49998887507622997,5.972908792006814,6.325755263239262,0.0,0.0,,,,,1.1833999391099758e-66,0.5609302520751953,ok
B_alpha0.005,0.8,0.5,0.005,0.1,0.049999999999999996,0.6,20,200,5,1.0,base,Base,extend,4.9999999999999996e-06,0,1.0,False,False,9.189287388241347e-06,1.4663916650172364e-05,52.83595165000575,9.999853360833459,9.890591979426102,0.009890591979426083,0.09966406776101323,49.99926680416749,1.0567345288671677,0.49999266804167297,5.994662394833364,6.334766741521962,0.0,0.0,,,,,2.9339283930197576e-73,0.5079104900360107,ok
B_alpha0.005,0.8,0.5,0.005,0.1,0.049999999999999996,0.6,20,200,5,1.0,predictive,P2 only,extend,2.3207944168063895e-05,0,3.0,False,False,9.554337878628595e-05,0.00015241412254738199,53.9154620680947,9.998475858774516,9.089116921125372,0.10948391401714756,0.802923306082965,49.99237929387266,1.0784736159717623,0.4999237929387258,5.8507864233770395,6.30991879029793,0.0,0.0,0.0005474195700857378,0.42395663743126644,0.000547419570085738,,0.0,1.1617493629455566,ok
B_alpha0.005,0.8,0.5,0.005,0.1,0.049999999999999996,0.6,20,200,5,1.0,predictive,P2 only,extend,1.0772173450159418e-05,0,3.0,False,False,3.377081884263336e-05,5.387985460304736e-05,53.288045984625406,9.999461201453967,9.492751589219786,0.05259395599600931,0.4551932533302381,49.997306007269884,1.065818345830014,0.4999730600726983,5.920822543606954,6.31052128938022,0.0,0.0,0.00026296977998004653,0.23161549045019403,0.0002629697799800464,,0.0,1.0226519107818604,ok
B_alpha0.005,0.8,0.5,0.005,0.1,0.049999999999999996,0.6,20,200,5,1.0,predictive,P2 only,extend,4.9999999999999996e-06,0,3.0,False,False,1.5906953841131425e-05,2.538155508559086e-05,52.993063667718296,9.999746184449156,9.73813169781212,0.0249106719169665,0.23721144582175668,49.99873092224575,1.0598881749644629,0.4999873092224578,5.965876138302575,6.323161572289554,0.0,0.0,0.00012455335958483252,0.11784433882828824,0.0001245533595848326,,0.0,1.0076379776000977,ok
B_alpha0.005,0.8,0.5,0.005,0.1,0.049999999999999996,0.6,20,200,5,1.0,predictive,P1 only (protect),extend,2.3207944168063895e-05,15,1.0,True,True,2.7423342059522977e-05,4.375408965471402e-05,53.19952143542997,9.999562459103457,9.560778703968703,0.0443772003527043,0.3952816365751364,49.99781229551729,1.0640369846782225,0.49997812295517285,5.933117379433218,6.313056326154079,7.97982586343493e-10,8.064988326759447e-10,0.0002218860017635215,0.20000088848611125,0.00022188600176352162,,0.0,2.826982259750366,ok
B_alpha0.005,0.8,0.5,0.005,0.1,0.049999999999999996,0.6,20,200,5,1.0,predictive,P1 only (protect),extend,1.0772173450159418e-05,15,1.0,True,True,1.3943983645196093e-05,2.2249846056248423e-05,52.95254570520216,9.999777501539446,9.77567031921051,0.021061043210819034,0.20349113603922397,49.99888750769716,1.0590744783481492,0.4999888750769723,5.972908792025265,6.325755263135232,1.0405541696610866e-11,1.0457036061610327e-11,0.00010530521605409517,0.10083294891303526,0.00010530521605409498,,0.0,2.4650206565856934,ok
B_alpha0.005,0.8,0.5,0.005,0.1,0.049999999999999996,0.6,20,200,5,1.0,predictive,P1 only (protect),extend,4.9999999999999996e-06,15,1.0,True,True,9.189287377700961e-06,1.4663916633372158e-05,52.83595164999482,9.99985336083367,9.890591979427585,0.009890591978934911,0.09966406775980907,49.99926680416835,1.056734528866931,0.4999926680416835,5.994662394833593,6.334766741520785,1.1878088431945344e-13,1.1905359948025056e-13,4.9452959894674556e-05,0.04883575183985272,4.945295989467457e-05,,0.0,2.770219087600708,ok
B_alpha0.005,0.8,0.5,0.005,0.1,0.049999999999999996,0.6,20,200,5,1.0,predictive,P1+P2 (protect),extend,2.3207944168063895e-05,10,3.0,True,True,9.554337878625727e-05,0.00015241412254733642,53.9154620680947,9.998475858774517,9.089116921125378,0.10948391401714708,0.8029233060829579,49.992379293872666,1.078473615971762,0.49992379293872585,5.850786423377041,6.309918790297931,6.764167300616817e-16,6.830817217220893e-16,0.0005474195700857354,0.42395663743126577,0.0005474195700857356,,0.0,1.571876049041748,ok
B_alpha0.005,0.8,0.5,0.005,0.1,0.049999999999999996,0.6,20,200,5,1.0,predictive,P1+P2 (protect),extend,1.0772173450159418e-05,10,3.0,True,True,3.3770818842633344e-05,5.3879854603047336e-05,53.288045984625406,9.999461201453967,9.492751589219784,0.05259395599600931,0.45519325333023986,49.997306007269884,1.065818345830014,0.4999730600726983,5.920822543606954,6.31052128938022,2.7162097012673025e-19,2.7286395856928806e-19,0.00026296977998004653,0.23161549045019394,0.00026296977998004637,,0.0,1.299116849899292,ok
B_alpha0.005,0.8,0.5,0.005,0.1,0.049999999999999996,0.6,20,200,5,1.0,predictive,P1+P2 (protect),extend,4.9999999999999996e-06,10,3.0,True,True,1.5906953841131425e-05,2.538155508559086e-05,52.993063667718296,9.999746184449156,9.73813169781212,0.0249106719169665,0.23721144582175668,49.99873092224576,1.0598881749644624,0.4999873092224578,5.965876138302575,6.323161572289552,8.145195293024853e-23,8.162500939696e-23,0.00012455335958483252,0.11784433882828825,0.0001245533595848326,,0.0,1.3855400085449219,ok
B_alpha0.005,0.8,0.5,0.005,0.1,0.049999999999999996,0.6,20,200,5,1.0,predictive,P2 only,fine2,1.077217345015941e-05,0,3.0,False,False,3.3770818842633303e-05,5.3879854603047275e-05,53.28804598462539,9.999461201453965,9.492751589219786,0.052593955996009266,0.45519325333023986,49.997306007269884,1.0658183458300137,0.49997306007269826,5.920822543606954,6.310521289380218,0.0,0.0,0.0002629697799800463,0.23161549045019375,0.0002629697799800461,,0.0,1.097010850906372,ok
B_alpha0.005,0.8,0.5,0.005,0.1,0.049999999999999996,0.6,20,200,5,1.0,predictive,P2 only,fine2,1.3912797011035628e-05,0,3.0,False,False,4.635710091236499e-05,7.395754042504594e-05,53.447280602959225,9.999260424595745,9.377538493794612,0.06727452527207266,0.555926556337571,49.99630212297875,1.0690246744947638,0.49996302122978725,5.90027596418944,6.3075405920468945,0.0,0.0,0.0003363726263603633,0.2859894337313736,0.00033637262636036325,,0.0,1.228100299835205,ok
B_alpha0.005,0.8,0.5,0.005,0.1,0.049999999999999996,0.6,20,200,5,1.0,predictive,P2 only,fine2,1.7969068319023124e-05,0,3.0,False,False,6.562608003830042e-05,0.00010469418550775399,53.652052305232225,9.998953058144927,9.243251861549393,0.08590317066225782,0.6718919096434224,49.9947652907246,1.0731533990256805,0.49994765290724635,5.876870945850129,6.306784031174332,0.0,0.0,0.0004295158533112891,0.3499662128066725,0.0004295158533112883,,0.0,1.1440341472625732,ok
B_alpha0.005,0.8,0.5,0.005,0.1,0.049999999999999996,0.6,20,200,5,1.0,predictive,P2 only,fine2,2.3207944168063858e-05,0,3.0,False,False,9.554337878628575e-05,0.0001524141225473817,53.9154620680947,9.998475858774516,9.089116921125376,0.10948391401714742,0.8029233060829615,49.99237929387265,1.0784736159717623,0.4999237929387258,5.85078642337704,6.309918790297931,0.0,0.0,0.0005474195700857371,0.4239566374312663,0.0005474195700857372,,0.0,1.2247509956359863,ok
B_alpha0.005,0.8,0.5,0.005,0.1,0.049999999999999996,0.6,20,200,5,1.0,predictive,P2 only,fine2,2.997421251594704e-05,0,3.0,False,False,0.00014253428206564673,0.0002273636884031164,54.25444489035337,9.99772636311597,8.914858734445186,0.13925862471632408,0.9481562777225196,49.98863181557995,1.0853356637267255,0.4998863181557985,5.822388767911206,6.31924617789594,0.0,0.0,0.0006962931235816204,0.5078927127980393,0.0006962931235816206,,0.0,1.060849905014038,ok
B_alpha0.005,0.8,0.5,0.005,0.1,0.049999999999999996,0.6,20,200,5,1.0,predictive,P2 only,fine2,3.8713184134056384e-05,0,3.0,False,False,0.00021698171628696303,0.0003460992778505822,54.69083957812503,9.99653900722149,8.720643482740444,0.17675790732463925,1.1060596027134277,49.98269503610746,1.0941954918320513,0.4998269503610745,5.7922286959155045,6.337830526730987,0.0,0.0,0.0008837895366231962,0.6010667199534304,0.0008837895366231962,,0.0,1.0451526641845703,ok
B_alpha0.005,0.8,0.5,0.005,0.1,0.049999999999999996,0.6,20,200,5,1.0,predictive,P1+P2 (protect),fine2,1.077217345015941e-05,10,3.0,True,True,3.37708188426333e-05,5.387985460304727e-05,53.2880459846254,9.999461201453965,9.492751589219786,0.05259395599600926,0.45519325333023986,49.997306007269884,1.0658183458300137,0.49997306007269826,5.920822543606954,6.310521289380218,2.716209701267279e-19,2.7286395856928565e-19,0.0002629697799800463,0.23161549045019375,0.0002629697799800461,,0.0,1.4935221672058105,ok
B_alpha0.005,0.8,0.5,0.005,0.1,0.049999999999999996,0.6,20,200,5,1.0,predictive,P1+P2 (protect),fine2,1.3912797011035628e-05,10,3.0,True,True,4.6357100912364826e-05,7.39575404250457e-05,53.447280602959225,9.999260424595745,9.377538493794612,0.06727452527207266,0.555926556337571,49.99630212297875,1.0690246744947638,0.49996302122978725,5.90027596418944,6.3075405920468945,3.832405601590182e-18,3.855053246743277e-18,0.0003363726263603633,0.2859894337313736,0.0003363726263603632,,0.0,1.4110898971557617,ok
B_alpha0.005,0.8,0.5,0.005,0.1,0.049999999999999996,0.6,20,200,5,1.0,predictive,P1+P2 (protect),fine2,1.7969068319023124e-05,10,3.0,True,True,6.562608003829823e-05,0.0001046941855077505,53.65205230523224,9.998953058144929,9.243251861549393,0.0859031706622578,0.6718919096434206,49.99476529072461,1.0731533990256807,0.49994765290724646,5.87687094585013,6.306784031174335,5.205771165366066e-17,5.2454963297163766e-17,0.00042951585331128903,0.34996621280667256,0.0004295158533112881,,0.0,1.259239912033081,ok
B_alpha0.005,0.8,0.5,0.005,0.1,0.049999999999999996,0.6,20,200,5,1.0,predictive,P1+P2 (protect),fine2,2.3207944168063858e-05,10,3.0,True,True,9.554337878625711e-05,0.00015241412254733618,53.91546206809468,9.998475858774516,9.089116921125376,0.10948391401714698,0.8029233060829615,49.99237929387267,1.0784736159717616,0.4999237929387258,5.8507864233770395,6.309918790297926,6.764167300616715e-16,6.830817217220788e-16,0.000547419570085735,0.42395663743126555,0.0005474195700857344,,0.0,1.402207612991333,ok
B_alpha0.005,0.8,0.5,0.005,0.1,0.049999999999999996,0.6,20,200,5,1.0,predictive,P1+P2 (protect),fine2,2.997421251594704e-05,10,3.0,True,True,0.0001425342820652912,0.0002273636884025515,54.254444890353284,9.997726363115975,8.914858734445199,0.13925862471631753,0.948156277722509,49.98863181558,1.0853356637267226,0.49988631815579876,5.8223887679112085,6.319246177895926,8.350064793999248e-15,8.45629497554381e-15,0.0006962931235815876,0.507892712798029,0.0006962931235815882,,0.0,1.3638694286346436,ok
B_alpha0.005,0.8,0.5,0.005,0.1,0.049999999999999996,0.6,20,200,5,1.0,predictive,P1+P2 (protect),fine2,3.8713184134056384e-05,10,3.0,True,True,0.0002169817162828086,0.000346099277843981,54.690839578123615,9.996539007221553,8.720643482740602,0.1767579073245647,1.1060596027132803,49.982695036107806,1.0941954918320154,0.49982695036107766,5.7922286959155365,6.337830526730813,9.722978945879691e-14,9.882672945722437e-14,0.0008837895366228235,0.601066719953313,0.000883789536622823,,0.0,1.5232465267181396,ok
B_alpha0.005,0.8,0.5,0.005,0.5623413251903491,0.008891397050194615,0.6,20,200,5,1.0,base,Base,coarse,8.891397050194613e-06,0,1.0,False,False,1.582203482341021e-05,2.5303083505275545e-05,53.0395232269574,9.999746969164931,9.826950745419438,0.017475064174046054,0.15582722124158427,49.99873484582474,1.0608173064880377,0.49998734845824655,5.983117304852469,6.346994383735564,0.0,0.0,,,,,1.7804040286875912e-62,0.4235653877258301,ok
B_alpha0.005,0.8,0.5,0.005,0.5623413251903491,0.008891397050194615,0.6,20,200,5,1.0,base,Base,coarse,3.7494710466622786e-05,0,1.0,False,False,6.271462198877267e-05,0.00010029148745527736,53.64121804294372,9.99899708512535,9.39813136599183,0.07047604289902965,0.5323955059837908,49.99498542562724,1.0729319668017632,0.4999498542562675,5.9060261652659705,6.336764269481493,0.0,0.0,,,,,2.3375081467410934e-50,0.4474766254425049,ok
B_alpha0.005,0.8,0.5,0.005,0.5623413251903491,0.008891397050194615,0.6,20,200,5,1.0,base,Base,coarse,0.00015811388300841894,0,1.0,False,False,0.0006531947384016496,0.0010445047651008838,56.131566403031954,9.989554952348916,8.413328167935461,0.26605279713127544,1.3310640825843474,49.947774761744924,1.1238051478926585,0.4994777476174458,5.753849276397787,6.466205437014281,0.0,0.0,,,,,4.335541612853539e-39,0.41060900688171387,ok
B_alpha0.005,0.8,0.5,0.005,0.5623413251903491,0.008891397050194615,0.6,20,200,5,1.0,base,Base,coarse,0.0006667607160816619,0,1.0,False,False,0.00846610604445239,0.013536293377265352,65.51870814923376,9.864637066227315,6.773884394910647,0.9033120019610023,2.4581665369010355,49.323185331136706,1.3283551682513326,0.49323185331136576,5.576640523536547,7.4077592609195895,0.0,0.0,,,,,1.1154855034332301e-29,0.42205262184143066,ok
B_alpha0.005,0.8,0.5,0.005,0.5623413251903491,0.008891397050194615,0.6,20,200,5,1.0,base,Base,coarse,0.002811706625951745,0,1.0,False,False,0.05415918076057885,0.08656343593000256,84.65581410685579,9.134365640699937,4.2671484406130835,2.3995939088783005,4.198892009808679,45.671828203499715,1.8535674492743173,0.4567182820349968,5.299155593871449,9.82234231744003,0.0,0.0,,,,,5.37048395054055e-23,0.45958971977233887,ok
B_alpha0.005,0.8,0.5,0.005,0.5623413251903491,0.008891397050194615,0.6,20,200,5,1.0,base,Base,coarse,0.011856868528308275,0,1.0,False,False,0.12628761635913716,0.2015863488634847,100.62188849752737,7.984136511365078,1.856447081534934,4.402329795104256,5.757086611995732,39.920682556825405,2.5205452926386305,0.3992068255682539,5.075855786135643,12.79392440785675,0.0,0.0,,,,,1.1421050607826749e-18,0.486757755279541,ok
B_alpha0.005,0.8,0.5,0.005,0.5623413251903491,0.008891397050194615,0.6,20,200,5,1.0,base,Base,coarse,0.049999999999999996,0,1.0,False,False,0.17076495867729546,0.27079306446329326,114.47996999710043,7.292069355366983,0.6625819000082066,6.625819000082055,5.419529744542755,36.46034677683486,3.1398486333057987,0.3646034677683491,5.38231818954078,16.899664411446558,0.0,0.0,,,,,1.318215085765215e-16,0.49444079399108887,ok
B_alpha0.005,0.8,0.5,0.005,0.5623413251903491,0.008891397050194615,0.6,20,200,5,1.0,base,Base,coarse,0.21084825171429109,0,1.0,False,False,0.1974451834324356,0.3062255959560587,130.22235649851567,6.9377440404393065,0.2104302522683362,8.873770159715171,3.9780555475771866,34.68872020219654,3.754025969809915,0.3468872020219653,5.992283648722789,22.495188435772665,0.0,0.0,,,,,1.5201985012829063e-19,0.4201633930206299,ok
B_alpha0.005,0.8,0.5,0.005,0.5623413251903491,0.008891397050194615,0.6,20,200,5,1.0,base,Base,coarse,0.8891397050194615,0,1.0,False,False,0.22100558995430356,0.3292602236619449,143.5816754125082,6.707397763380419,0.058957788916822,10.484342209220575,2.7493022384821852,33.53698881690219,4.281292998497974,0.3353698881690209,6.477050564584689,27.73015123307378,0.0,0.0,,,,,1.5522018163907052e-23,0.46555638313293457,ok
B_alpha0.005,0.8,0.5,0.005,0.5623413251903491,0.008891397050194615,0.6,20,200,5,1.0,predictive,Check,check,0.002811706625951745,0,1.0,False,False,0.054159180760578844,0.08656343593000256,84.65581410685567,9.13436564069996,4.267148440613097,2.3995939088782965,4.198892009808647,45.6718282034997,1.8535674492743153,0.456718282034998,5.29915559387146,9.822342317440041,0.0,0.0,0.011997969544391482,0.7546088056702599,0.011997969544391479,7.614966766116334e-15,0.0,1.0998575687408447,ok
B_alpha0.005,0.8,0.5,0.005,0.5623413251903491,0.008891397050194615,0.6,20,200,5,1.0,predictive,P2 only,coarse,8.891397050194613e-06,0,3.0,False,False,3.5824807902051554e-05,5.729082283386169e-05,53.34310672365601,9.999427091771661,9.591714805910769,0.044546317590414435,0.3643117847271551,49.997135458858324,1.0669232593845506,0.49997135458858305,5.940108882087752,6.337640329576183,0.0,0.0,0.00022273158795207217,0.19160687503455856,0.00022273158795207244,,0.0,1.0074846744537354,ok
B_alpha0.005,0.8,0.5,0.005,0.5623413251903491,0.008891397050194615,0.6,20,200,5,1.0,predictive,P2 only,coarse,3.7494710466622786e-05,0,3.0,False,False,0.0003049244662883549,0.00048760530228172564,54.93920748934883,9.995123946977174,8.799417650436643,0.17537815477036678,1.0300802478158158,49.975619734885875,1.0993201841376683,0.4997561973488587,5.808948409141741,6.385894234783914,0.0,0.0,0.0008768907738518339,0.5568211062125562,0.0008768907738518352,,0.0,1.1597363948822021,ok
B_alpha0.005,0.8,0.5,0.005,0.5623413251903491,0.008891397050194615,0.6,20,200,5,1.0,predictive,P2 only,coarse,0.00015811388300841894,0,3.0,False,False,0.0043878220782026505,0.0070158703158117106,61.56139034974546,9.929841296841898,7.350932342918628,0.6373662158025056,2.081860144436969,49.64920648420938,1.2399269738444798,0.4964920648420949,5.63134080597837,6.982451364243694,0.0,0.0,0.003186831079012528,0.973998238824006,0.003186831079012535,,0.0,1.1494905948638916,ok
B_alpha0.005,0.8,0.5,0.005,0.5623413251903491,0.008891397050194615,0.6,20,200,5,1.0,predictive,P2 only,coarse,0.0006667607160816619,0,3.0,False,False,0.0372516681940642,0.0595472915431037,78.90738100347987,9.404527084568967,5.028328281220934,1.9002737465074604,3.666870887702639,47.02263542284476,1.6780722793164569,0.47022635422844833,5.384709536772182,9.035931805828358,0.0,0.0,0.009501368732537303,0.8274136633750351,0.009501368732537303,,0.0,1.2479608058929443,ok
B_alpha0.005,0.8,0.5,0.005,0.5623413251903491,0.008891397050194615,0.6,20,200,5,1.0,predictive,P2 only,coarse,0.002811706625951745,0,3.0,False,False,0.10972530445367634,0.17523605117196248,96.45987374140199,8.247639488280296,2.3797787739769762,3.8473460510544197,5.525235686688308,41.238197441401674,2.339090448326913,0.4123819744140148,5.084322197142985,11.89268948755366,0.0,0.0,0.0192367302552721,0.6916984490191155,0.01923673025527215,,0.0,1.027989387512207,ok
B_alpha0.005,0.8,0.5,0.005,0.5623413251903491,0.008891397050194615,0.6,20,200,5,1.0,predictive,P2 only,coarse,0.011856868528308275,0,3.0,False,False,0.16142278794135756,0.25662337423164566,110.03067353663694,7.433766257683431,0.8863988286029001,6.013960231983515,5.665874681730155,37.168831288417294,2.960294142230002,0.3716883128841716,5.25603714453185,15.559415970300941,0.0,0.0,0.030069801159917576,1.0618419954895222,0.030069801159917583,,0.0,1.2194499969482422,ok
B_alpha0.005,0.8,0.5,0.005,0.5623413251903491,0.008891397050194615,0.6,20,200,5,1.0,predictive,P2 only,coarse,0.049999999999999996,0,3.0,False,False,0.19002865582613543,0.2967814614525145,125.58016634971169,7.032185385474753,0.29433161062179475,8.317175816724701,4.356307187178752,35.16092692737381,3.5715829280923725,0.35160926927373765,5.8374505041799,20.848938564313144,0.0,0.0,0.0415858790836235,1.2338705603760967,0.04158587908362364,,0.0,1.0851514339447021,ok
B_alpha0.005,0.8,0.5,0.005,0.5623413251903491,0.008891397050194615,0.6,20,200,5,1.0,predictive,P2 only,coarse,0.21084825171429109,0,3.0,False,False,0.21366152433784769,0.321400391897631,140.26887305722417,6.7859960810235895,0.08623996991015029,10.13488627466222,2.9928776744040393,33.929980405117924,4.134068790563354,0.3392998040511795,6.381368050422841,26.381014498351185,0.0,0.0,0.0506744313733111,1.0996464233136871,0.05067443137331133,,0.0,1.4748306274414062,ok
B_alpha0.005,0.8,0.5,0.005,0.5623413251903491,0.008891397050194615,0.6,20,200,5,1.0,predictive,P2 only,coarse,0.8891397050194615,0,3.0,False,False,0.23386380036690346,0.33856561807188884,149.26311112968887,6.614343819280998,0.022731064505511055,11.102750088396885,2.2601750278166075,33.07171909640487,4.5133157636766095,0.3307171909640499,6.666400822788399,30.0875719204776,0.0,0.0,0.05551375044198442,0.951812012802759,0.05551375044198468,,0.0,1.0665414333343506,ok
B_alpha0.005,0.8,0.5,0.005,0.5623413251903491,0.008891397050194615,0.6,20,200,5,1.0,predictive,P2 only,coarse,8.891397050194613e-06,0,10.0,False,False,0.00019015865385402236,0.0003040867675548782,54.42260436698238,9.99695913232445,9.006081346615517,0.13457673620023347,0.8623827848597987,49.9847956616223,1.0887831718949563,0.4998479566162225,5.840918734668211,6.35949402671273,0.0,0.0,0.0006728836810011673,0.4631193416674422,0.000672883681001167,,0.0,1.0609347820281982,ok
B_alpha0.005,0.8,0.5,0.005,0.5623413251903491,0.008891397050194615,0.6,20,200,5,1.0,predictive,P2 only,coarse,3.7494710466622786e-05,0,10.0,False,False,0.002762216603878517,0.0044167188138071745,59.58737846528812,9.955832811861931,7.684607946755092,0.5041577842314927,1.8554014571514834,49.779164059309664,1.1970345342539783,0.49779164059309655,5.666302601811793,6.7827598959018855,0.0,0.0,0.0025207889211574636,0.9117785616459257,0.002520788921157466,,0.0,1.1285884380340576,ok
B_alpha0.005,0.8,0.5,0.005,0.5623413251903491,0.008891397050194615,0.6,20,200,5,1.0,predictive,P2 only,coarse,0.00015811388300841894,0,10.0,False,False,0.027743774949531588,0.044351806647596186,75.17207424250401,9.556481933524012,5.520373191113193,1.6001547855863885,3.3229900897764066,47.782409667620016,1.573216477892381,0.47782409667620057,5.440002221087971,8.558301133986747,0.0,0.0,0.008000773927931942,0.8767073655518235,0.008000773927931963,,0.0,1.1233000755310059,ok
B_alpha0.005,0.8,0.5,0.005,0.5623413251903491,0.008891397050194615,0.6,20,200,5,1.0,predictive,P2 only,coarse,0.0006667607160816619,0,10.0,False,False,0.0975206274688552,0.1557832348171086,93.6678610854026,8.442167651828857,2.78725955741883,3.4837115983761615,5.286861192376152,42.21083825914424,2.219047641516835,0.42210838259144284,5.112664389531082,11.345245855456056,0.0,0.0,0.017418557991880808,0.6584404858716759,0.01741855799188081,,0.0,1.266242265701294,ok
B_alpha0.005,0.8,0.5,0.005,0.5623413251903491,0.008891397050194615,0.6,20,200,5,1.0,predictive,P2 only,coarse,0.002811706625951745,0,10.0,False,False,0.15458771871742902,0.24608221543859116,107.17911820595783,7.53917784561401,1.0792994236367226,5.603621020766448,5.77790170998282,37.69588922807002,2.8432574585917325,0.3769588922807005,5.184906516161085,14.742024124175881,0.0,0.0,0.02801810510383224,0.9968624298788018,0.028018105103832253,,0.0,1.0437397956848145,ok
B_alpha0.005,0.8,0.5,0.005,0.5623413251903491,0.008891397050194615,0.6,20,200,5,1.0,predictive,P2 only,coarse,0.011856868528308275,0,10.0,False,False,0.18508827735540684,0.29027528466088703,122.084571523275,7.097247153391039,0.37884662376972295,7.901422353102434,4.622483869736805,35.4862357669552,3.4403359185524045,0.35486235766955193,5.724663013214379,19.69476378596987,0.0,0.0,0.03950711176551217,1.2519880882909082,0.039507111765512304,,0.0,1.2034518718719482,ok
B_alpha0.005,0.8,0.5,0.005,0.5623413251903491,0.008891397050194615,0.6,20,200,5,1.0,predictive,P2 only,coarse,0.049999999999999996,0,10.0,False,False,0.20827427882801958,0.31538781269501326,137.25804765583578,6.846121873049759,0.11981276478840912,9.839002967650318,3.195062394511514,34.2306093652488,4.00980438855936,0.34230609365248793,6.300301559589502,25.262976842889362,0.0,0.0,0.04919501483825159,1.1635292938545376,0.049195014838251554,,0.0,1.0696978569030762,ok
B_alpha0.005,0.8,0.5,0.005,0.5623413251903491,0.008891397050194615,0.6,20,200,5,1.0,predictive,P2 only,coarse,0.21084825171429109,0,10.0,False,False,0.22924426415496268,0.33322969960238624,147.58873808101944,6.6677030039760075,0.033969967107079925,10.948697584386341,2.3496294445305703,33.33851501988005,4.426973966687208,0.3333851501988004,6.6310775101522275,29.35560750852894,0.0,0.0,0.054743487921931705,0.9945375435632827,0.054743487921931885,,0.0,1.2182207107543945,ok
B_alpha0.005,0.8,0.5,0.005,0.5623413251903491,0.008891397050194615,0.6,20,200,5,1.0,predictive,P2 only,coarse,0.8891397050194615,0,10.0,False,False,0.24102276463797273,0.3434599795475632,151.9410711634997,6.565400204524266,0.008960682674088135,11.389021920796985,2.0366171920046607,32.82700102262118,4.6285395080347635,0.3282700102262133,6.752525053161366,31.254328987551926,0.0,0.0,0.056945109603984925,0.9203185549532304,0.05694510960398501,,0.0,1.0220835208892822,ok
B_alpha0.005,0.8,0.5,0.005,0.5623413251903491,0.008891397050194615,0.6,20,200,5,1.0,predictive,P2 only,coarse,8.891397050194613e-06,0,30.0,False,False,0.0014371282598527252,0.002297995868030655,57.60083664057603,9.977020041319689,8.073932789085045,0.36818373963536183,1.580863429959905,49.885100206598516,1.1546701600682947,0.49885100206598443,5.710972067587597,6.59428903142693,0.0,0.0,0.001840918698176809,0.8161656898778594,0.0018409186981768082,,0.0,1.115312099456787,ok
B_alpha0.005,0.8,0.5,0.005,0.5623413251903491,0.008891397050194615,0.6,20,200,5,1.0,predictive,P2 only,coarse,3.7494710466622786e-05,0,30.0,False,False,0.017376238620813347,0.02778019052618402,70.41224332718728,9.722198094738133,6.140698253946459,1.2430373622362862,2.894066289079122,48.61099047369063,1.4484840288390337,0.48610990473690663,5.507977064824515,7.978216809610009,0.0,0.0,0.006215186811181431,0.9426721956862107,0.0062151868111814355,,0.0,1.0735042095184326,ok
B_alpha0.005,0.8,0.5,0.005,0.5623413251903491,0.008891397050194615,0.6,20,200,5,1.0,predictive,P2 only,coarse,0.00015811388300841894,0,30.0,False,False,0.07945999325576512,0.12696641244857296,89.77839782596261,8.73033587551423,3.4015248878096065,2.998309259132655,4.869829977543508,43.65167937757115,2.056699744571386,0.4365167937757115,5.177079194115729,10.647697456163655,0.0,0.0,0.014991546295663275,0.6540809155377809,0.014991546295663285,,0.0,1.1184124946594238,ok
B_alpha0.005,0.8,0.5,0.005,0.5623413251903491,0.008891397050194615,0.6,20,200,5,1.0,predictive,P2 only,coarse,0.0006667607160816619,0,30.0,False,False,0.14402666208497045,0.22959563246043108,103.8607145155404,7.704043675395612,1.3789261235367216,5.068024442504101,5.849005758563566,38.52021837697801,2.696264945829429,0.3852021837697806,5.113111357324335,13.786302916875938,0.0,0.0,0.025340122212520508,0.8911739768271478,0.025340122212520563,,0.0,1.2734732627868652,ok
B_alpha0.005,0.8,0.5,0.005,0.5623413251903491,0.008891397050194615,0.6,20,200,5,1.0,predictive,P2 only,coarse,0.002811706625951745,0,30.0,False,False,0.1788425896767166,0.28193441033502104,117.97686672079485,7.180655896649681,0.5065345437617159,7.337396130180018,4.975413429408584,35.903279483248404,3.2859635225199963,0.35903279483248407,5.5727653157055475,18.31190354697306,0.0,0.0,0.03668698065090009,1.2243253824686404,0.036686980650900106,,0.0,1.091188907623291,ok
B_alpha0.005,0.8,0.5,0.005,0.5623413251903491,0.008891397050194615,0.6,20,200,5,1.0,predictive,P2 only,coarse,0.011856868528308275,0,30.0,False,False,0.2021594962102186,0.3091392275675489,133.24207719977827,6.90860772432443,0.17756476151813871,9.4073823992142,3.506445114943232,34.54303862162205,3.857277255173956,0.34543038621622146,6.174542446069408,23.81692213832969,0.0,0.0,0.047036911996071,1.218826567271956,0.04703691199607092,,0.0,1.0914931297302246,ok
B_alpha0.005,0.8,0.5,0.005,0.5623413251903491,0.008891397050194615,0.6,20,200,5,1.0,predictive,P2 only,coarse,0.049999999999999996,0,30.0,False,False,0.22358380999682304,0.32755329019999097,144.94270271281206,6.724467097999978,0.0580021024452456,10.71190856682344,2.5056222327313367,33.62233548999993,4.310905253917338,0.3362233548999989,6.568813100746726,28.3175309080101,0.0,0.0,0.05355954283411721,1.057213079361006,0.05355954283411722,,0.0,1.1234939098358154,ok
B_alpha0.005,0.8,0.5,0.005,0.5623413251903491,0.008891397050194615,0.6,20,200,5,1.0,predictive,P2 only,coarse,0.21084825171429109,0,30.0,False,False,0.2374521789787767,0.3389415597290728,150.70485809485564,6.610584402709143,0.017409250442860267,11.28093951094222,2.091066835905776,33.05292201354589,4.559501820537776,0.33052922013545716,6.730782479043542,30.689014966842798,0.0,0.0,0.0564046975547111,0.9538279724144372,0.056404697554711274,,0.0,1.1526517868041992,ok
B_alpha0.005,0.8,0.5,0.005,0.5623413251903491,0.008891397050194615,0.6,20,200,5,1.0,predictive,P2 only,coarse,0.8891397050194615,0,30.0,False,False,0.24290153083894173,0.3447633475172355,152.68344143014068,6.552366524827524,0.004885157765675703,11.473005035510424,1.9697432818963778,32.76183262413757,4.66040600297951,0.3276183262413762,6.778281232225903,31.589542544548948,0.0,0.0,0.05736502517755212,0.9186968717603156,0.057365025177552036,,0.0,1.1283254623413086,ok
B_alpha0.005,0.8,0.5,0.005,0.5623413251903491,0.008891397050194615,0.6,20,200,5,1.0,predictive,P2 only,coarse,8.891397050194613e-06,0,100.0,False,False,0.012156401877128024,0.019435812178795808,67.43878723905834,9.805641878212024,6.5301705878415195,1.033111296045879,2.6310762379005777,49.0282093910602,1.3755098967851582,0.4902820939106012,5.548282541027478,7.631717545343602,0.0,0.0,0.005165556480229395,0.970165117380541,0.005165556480229407,,0.0,1.0664024353027344,ok
B_alpha0.005,0.8,0.5,0.005,0.5623413251903491,0.008891397050194615,0.6,20,200,5,1.0,predictive,P2 only,coarse,3.7494710466622786e-05,0,100.0,False,False,0.06687872292694898,0.10687825421329852,86.87522497353852,8.931217457867005,3.854294801815107,2.672086618288243,4.542401122029646,44.65608728933499,1.9454285013968642,0.4465608728933502,5.232092922304716,10.178662693008404,0.0,0.0,0.013360433091441215,0.677465463322075,0.013360433091441212,,0.0,1.1434144973754883,ok
B_alpha0.005,0.8,0.5,0.005,0.5623413251903491,0.008891397050194615,0.6,20,200,5,1.0,predictive,P2 only,coarse,0.00015811388300841894,0,100.0,False,False,0.13572214144503222,0.21650858781425109,101.6854592713614,7.834914121857425,1.6200858403239708,4.712313737028958,5.832686300789646,39.174570609287095,2.595700672396263,0.39174570609287124,5.082978654931106,13.193891112380523,0.0,0.0,0.02356156868514479,0.8205283687080193,0.02356156868514473,,0.0,1.0635735988616943,ok
B_alpha0.005,0.8,0.5,0.005,0.5623413251903491,0.008891397050194615,0.6,20,200,5,1.0,predictive,P2 only,coarse,0.0006667607160816619,0,100.0,False,False,0.17435203671651345,0.27565730217341716,115.36649814005783,7.243426978265732,0.6069478896090282,6.951917306641365,5.197707825483876,36.217134891328584,3.185412056647249,0.3621713489132866,5.474085704760491,17.437218603064423,0.0,0.0,0.03475958653320682,1.1879533038999737,0.034759586533207106,,0.0,1.252399206161499,ok
B_alpha0.005,0.8,0.5,0.005,0.5623413251903491,0.008891397050194615,0.6,20,200,5,1.0,predictive,P2 only,coarse,0.002811706625951745,0,100.0,False,False,0.1982589523706648,0.30511413403695054,130.49734353334014,6.948858659630394,0.22760417098888214,9.08979676256597,3.7337404068147544,34.74429329815202,3.755936044331085,0.34744293298151974,6.081558435362428,22.841944533083502,0.0,0.0,0.04544898381282985,1.2361565331195836,0.045448983812829795,,0.0,1.1588764190673828,ok
B_alpha0.005,0.8,0.5,0.005,0.5623413251903491,0.008891397050194615,0.6,20,200,5,1.0,predictive,P2 only,coarse,0.011856868528308275,0,100.0,False,False,0.21967234693684023,0.3238427263231334,142.7018224158988,6.761572736768539,0.0889305158964107,10.513319782417907,2.636176964917143,33.807863683842754,4.220965386940375,0.3380786368384269,6.515075746583759,27.49990921962477,0.0,0.0,0.052566598912089535,1.0993462225394621,0.05256659891208943,,0.0,1.1036911010742188,ok
B_alpha0.005,0.8,0.5,0.005,0.5623413251903491,0.008891397050194615,0.6,20,200,5,1.0,predictive,P2 only,coarse,0.049999999999999996,0,100.0,False,False,0.23448147359366675,0.33528641883630594,149.24416576016804,6.647135811636809,0.03364731477574009,11.171335176439095,2.1478816971483567,33.235679058184246,4.490480411093537,0.3323567905818404,6.706979152542408,30.117558502104412,0.0,0.0,0.05585667588219548,0.9967799988383491,0.055856675882195596,,0.0,1.1238040924072266,ok
B_alpha0.005,0.8,0.5,0.005,0.5623413251903491,0.008891397050194615,0.6,20,200,5,1.0,predictive,P2 only,coarse,0.21084825171429109,0,100.0,False,False,0.24046753959093536,0.341034271543312,151.84769581537256,6.589657284566775,0.011360220504868181,11.407566764374538,1.9914157305538176,32.94828642283371,4.608667469581652,0.3294828642283388,6.769159027344208,31.19680300574623,0.0,0.0,0.05703783382187269,0.9475453261030503,0.057037833821872864,,0.0,1.0624704360961914,ok
B_alpha0.005,0.8,0.5,0.005,0.5623413251903491,0.008891397050194615,0.6,20,200,5,1.0,predictive,P2 only,coarse,0.8891397050194615,0,100.0,False,False,0.24331215407704468,0.3450717437608236,152.88871772895817,6.549282562391659,0.003443511843181614,11.498542109560825,1.9487318162043332,32.746412811958095,4.668869185974697,0.327464128119583,6.786397935110374,31.684804202999135,0.0,0.0,0.057492710547804124,0.9213377841973392,0.05749271054780428,,0.0,1.2943365573883057,ok
B_alpha0.005,0.8,0.5,0.005,0.5623413251903491,0.008891397050194615,0.6,20,200,5,1.0,predictive,P2 only,coarse,8.891397050194613e-06,0,1000.0,False,False,0.11143369228636578,0.17795234178804062,96.36139114351145,8.220476582119543,2.3537379001648495,3.8767078843415383,5.549077633374068,41.10238291059769,2.3444234693912596,0.4110238291059772,5.0792744411224255,11.907970207246589,0.0,0.0,0.01938353942170769,0.6863394827921253,0.0193835394217077,,0.0,1.2184867858886719,ok
B_alpha0.005,0.8,0.5,0.005,0.5623413251903491,0.008891397050194615,0.6,20,200,5,1.0,predictive,P2 only,coarse,3.7494710466622786e-05,0,1000.0,False,False,0.1618365668474202,0.257186635560691,109.58569702004735,7.428133644393007,0.9050505512934353,6.031467730867481,5.635348073446076,37.140668221965,2.9505580342584774,0.37140668221965034,5.264709468835622,15.533830821309625,0.0,0.0,0.030157338654337406,1.0657822037066729,0.03015733865433733,,0.0,1.0975713729858398,ok
B_alpha0.005,0.8,0.5,0.005,0.5623413251903491,0.008891397050194615,0.6,20,200,5,1.0,predictive,P2 only,coarse,0.00015811388300841894,0,1000.0,False,False,0.1892338539815172,0.29516992757054994,124.40625277224734,7.048300724294397,0.34280407590112666,8.286149265072188,4.322745934732289,35.241503621471956,3.5301062664207397,0.35241503621471987,5.842778992876432,20.62563073606455,0.0,0.0,0.041430746325360944,1.2509414346415546,0.04143074632536084,,0.0,1.0944569110870361,ok
B_alpha0.005,0.8,0.5,0.005,0.5623413251903491,0.008891397050194615,0.6,20,200,5,1.0,predictive,P2 only,coarse,0.0006667607160816619,0,1000.0,False,False,0.21121000688564281,0.31686746848451053,138.09392439629278,6.831325315154786,0.14752582776274814,10.024533392208571,2.996615464873895,34.15662657577407,4.042961446732485,0.3415662657577393,6.370745813227818,25.75667970981246,0.0,0.0,0.05012266696104286,1.15095429639034,0.050122666961042714,,0.0,1.256103754043579,ok
B_alpha0.005,0.8,0.5,0.005,0.5623413251903491,0.008891397050194615,0.6,20,200,5,1.0,predictive,P2 only,coarse,0.002811706625951745,0,1000.0,False,False,0.2290809696555875,0.3304452745478147,146.32788083881596,6.695547254521735,0.08166797014643537,10.923759024706893,2.2990257506249367,33.47773627260876,4.3709012953346065,0.3347773627260867,6.642930088913773,29.03559173045044,0.0,0.0,0.054618795123534465,1.0380122191402086,0.05461879512353457,,0.0,1.0697686672210693,ok
B_alpha0.005,0.8,0.5,0.005,0.5623413251903491,0.008891397050194615,0.6,20,200,5,1.0,predictive,P2 only,coarse,0.011856868528308275,0,1000.0,False,False,0.2369370082366955,0.33617120111359206,149.5904178519045,6.638287988863965,0.04863479598828715,11.253099201262886,2.059978013884862,33.19143994431976,4.506897504382143,0.3319143994431982,6.7377751821012986,30.36646215330028,0.0,0.0,0.05626549600631443,1.0076330440570758,0.05626549600631453,,0.0,1.1847918033599854,ok
B_alpha0.005,0.8,0.5,0.005,0.5623413251903491,0.008891397050194615,0.6,20,200,5,1.0,predictive,P2 only,coarse,0.049999999999999996,0,1000.0,False,False,0.23924374592348618,0.3386245626460525,151.07279839700823,6.613754373539334,0.02365354496744086,11.374459381140177,1.9881327003530491,33.068771867696896,4.568442970952396,0.33068771867696667,6.768544563386516,30.921709834181186,0.0,0.0,0.056872296905700885,0.9874368806898435,0.05687229690570119,,0.0,1.048577070236206,ok
B_alpha0.005,0.8,0.5,0.005,0.5623413251903491,0.008891397050194615,0.6,20,200,5,1.0,predictive,P2 only,coarse,0.21084825171429109,0,1000.0,False,False,0.24115792495596472,0.3415584261401937,152.1858998659783,6.584415738597919,0.008989982717207218,11.449476377869923,1.9571179008149513,32.92207869298975,4.6226090790064225,0.3292207869298959,6.782410790170787,31.352433696194606,0.0,0.0,0.057247381889349615,0.9516723917404175,0.05724738188934982,,0.0,1.1191184520721436,ok
B_alpha0.005,0.8,0.5,0.005,0.5623413251903491,0.008891397050194615,0.6,20,200,5,1.0,predictive,P2 only,coarse,0.8891397050194615,0,1000.0,False,False,0.2434100605079456,0.34515424477318746,152.95325646118886,6.548457552268008,0.002885666044789208,11.507240271017562,1.941416510669641,32.74228776133999,4.671428507869457,0.3274228776134004,6.789232239230621,31.715413028888314,0.0,0.0,0.05753620135508781,0.9230735596575274,0.057536201355087746,,0.0,1.0163164138793945,ok
B_alpha0.005,0.8,0.5,0.005,0.5623413251903491,0.008891397050194615,0.6,20,200,5,1.0,predictive,P1 only (protect),coarse,8.891397050194613e-06,5,1.0,True,True,1.582203482341021e-05,2.530308350527554e-05,53.03952322695743,9.999746969164944,9.826950745419454,0.017475064174046057,0.15582722124155524,49.998734845824764,1.060817306488038,0.4999873484582472,5.9831173048524775,6.3469943837355745,4.48716381758238e-36,4.487237564330992e-36,8.737532087023028e-05,0.0812889080736878,8.73753208702303e-05,,0.0,1.2161457538604736,ok
B_alpha0.005,0.8,0.5,0.005,0.5623413251903491,0.008891397050194615,0.6,20,200,5,1.0,predictive,P1 only (protect),coarse,3.7494710466622786e-05,5,1.0,True,True,6.271462198877267e-05,0.00010029148745527736,53.641218042943706,9.998997085125442,9.39813136599182,0.0704760428990298,0.5323955059837093,49.994985425627256,1.0729319668017625,0.4999498542562721,5.906026165266003,6.336764269481524,1.8632712694511234e-26,1.8634003931210557e-26,0.000352380214495149,0.2854876079140978,0.00035238021449514903,,0.0,1.1547431945800781,ok
B_alpha0.005,0.8,0.5,0.005,0.5623413251903491,0.008891397050194615,0.6,20,200,5,1.0,predictive,P1 only (protect),coarse,0.00015811388300841894,5,1.0,True,True,0.0006531947384016479,0.001044504765100881,56.13156640303195,9.989554952348987,8.413328167935456,0.26605279713127616,1.3310640825842803,49.94777476174497,1.1238051478926574,0.49947774761744934,5.753849276397813,6.466205437014303,1.093603108508423e-17,1.0939225680849526e-17,0.0013302639856563809,0.7248220029879316,0.001330263985656384,,0.0,1.1832072734832764,ok
B_alpha0.005,0.8,0.5,0.005,0.5623413251903491,0.008891397050194615,0.6,20,200,5,1.0,predictive,P1 only (protect),coarse,0.0006667607160816619,5,1.0,True,True,0.008466106035698702,0.013536293363430698,65.51870814779204,9.864637066365683,6.773884395051552,0.9033120017585303,2.4581665368242342,49.323185331828405,1.328355168203474,0.4932318533182841,5.576640523544231,7.407759260662907,8.923114372162746e-11,8.934087779803208e-11,0.004516560008792652,1.0380616497173072,0.004516560008792649,,0.0,1.2817084789276123,ok
B_alpha0.005,0.8,0.5,0.005,0.5623413251903491,0.008891397050194615,0.6,20,200,5,1.0,predictive,P1 only (protect),coarse,0.002811706625951745,5,1.0,True,True,0.0541590568001774,0.08656324037192595,84.65579793688096,9.134367596280732,4.267149804987341,2.399591170708573,4.198891428023353,45.67183798140353,1.853566698396302,0.4567183798140366,5.299155607420123,9.822338363533968,1.3748583040643933e-06,1.3819380285776205e-06,0.011997955853542866,0.754608338897539,0.011997955853542882,,0.0,1.0468833446502686,ok
B_alpha0.005,0.8,0.5,0.005,0.5623413251903491,0.008891397050194615,0.6,20,200,5,1.0,predictive,P1 only (protect),coarse,0.011856868528308275,5,1.0,True,True,0.12627973913532195,0.20157398203654017,100.62100144999697,7.9842601796345285,1.856489909393154,4.402155651679914,5.757094259292403,39.92130089817275,2.520484031987107,0.3992130089817264,5.075846469937787,12.793589976296316,9.716500481465961e-05,9.921437518824361e-05,0.02201077825839957,0.7548844535436033,0.022010778258399616,,0.0,1.2674880027770996,ok
B_alpha0.005,0.8,0.5,0.005,0.5623413251903491,0.008891397050194615,0.6,20,200,5,1.0,predictive,P1 only (protect),coarse,0.049999999999999996,5,1.0,True,True,0.17072614879750503,0.2707325696855173,114.47613801715862,7.292674303144732,0.6626571228501068,6.624999858481809,5.419668715523352,36.46337151572364,3.1394830828464264,0.36463371515723664,5.382254626317856,16.897497346896824,0.00039892009742988174,0.000430624591073701,0.033124999292409044,1.1134456642197907,0.03312499929240891,,0.0,1.0845470428466797,ok
B_alpha0.005,0.8,0.5,0.005,0.5623413251903491,0.008891397050194615,0.6,20,200,5,1.0,predictive,P1 only (protect),coarse,0.21084825171429109,5,1.0,True,True,0.19737279760037887,0.3061134559799,130.21658248425987,6.938865440200888,0.21047263927796644,8.872371861922645,3.9782900585985,34.694327201004434,3.7532528511027006,0.3469432720100444,5.992189102601843,22.490200833686902,0.0004331286878068297,0.0005348676968817624,0.04436185930961322,1.1870550937504787,0.04436185930961324,,0.0,1.1351916790008545,ok
B_alpha0.005,0.8,0.5,0.005,0.5623413251903491,0.008891397050194615,0.6,20,200,5,1.0,predictive,P1 only (protect),coarse,0.8891397050194615,5,1.0,True,True,0.22091986367354813,0.3291276414900829,143.57620173874741,6.708723585099067,0.05897247724627019,10.48279858242403,2.749505355230633,33.543617925495354,4.280283720666281,0.33543617925495334,6.476971987742365,27.72327775834517,0.0002876807490198073,0.0004190081206265349,0.05241399291212015,1.0348093962773908,0.05241399291212011,,0.0,1.0500025749206543,ok
B_alpha0.005,0.8,0.5,0.005,0.5623413251903491,0.008891397050194615,0.6,20,200,5,1.0,predictive,P1 only (protect),coarse,8.891397050194613e-06,10,1.0,True,True,1.582203482341021e-05,2.530308350527554e-05,53.03952322695743,9.999746969164944,9.826950745419454,0.017475064174046057,0.15582722124155524,49.998734845824764,1.060817306488038,0.4999873484582472,5.9831173048524775,6.3469943837355745,5.450021077998125e-22,5.4798608275824e-22,8.737532087023028e-05,0.0812889080736878,8.73753208702303e-05,,0.0,1.410764455795288,ok
B_alpha0.005,0.8,0.5,0.005,0.5623413251903491,0.008891397050194615,0.6,20,200,5,1.0,predictive,P1 only (protect),coarse,3.7494710466622786e-05,10,1.0,True,True,6.27146219886867e-05,0.00010029148745513998,53.64121804294368,9.998997085125444,9.398131365991823,0.07047604289902876,0.532395505983704,49.99498542562725,1.072931966801762,0.4999498542562722,5.906026165266004,6.336764269481523,1.7718531200294815e-15,1.8126372493612016e-15,0.00035238021449514377,0.28548760791409566,0.0003523802144951438,,0.0,1.384629249572754,ok
B_alpha0.005,0.8,0.5,0.005,0.5623413251903491,0.008891397050194615,0.6,20,200,5,1.0,predictive,P1 only (protect),coarse,0.00015811388300841894,10,1.0,True,True,0.000653194690456466,0.0010445046884862406,56.131566390687176,9.989554953115126,8.413328169291619,0.26605279657506153,1.3310640810181926,49.947774765575666,1.1238051475593147,0.4994777476557563,5.753849276782674,6.466205435528809,9.305530493723342e-10,1.0196772425566325e-09,0.0013302639828753078,0.7248220018931556,0.00133026398287531,,0.0,1.5392744541168213,ok
B_alpha0.005,0.8,0.5,0.005,0.5623413251903491,0.008891397050194615,0.6,20,200,5,1.0,predictive,P1 only (protect),coarse,0.0006667607160816619,10,1.0,True,True,0.008465426765460355,0.013535208077037208,65.51856315056098,9.86464791922965,6.7738990758465984,0.9033055239934904,2.4581474809302613,49.32323959614809,1.3283507670424322,0.4932323959614825,5.576645480305119,7.407741301287018,1.110319953382896e-05,1.531824395102722e-05,0.004516527619967452,1.0380479017316582,0.0045165276199674595,,0.0,1.3146042823791504,ok
B_alpha0.005,0.8,0.5,0.005,0.5623413251903491,0.008891397050194615,0.6,20,200,5,1.0,predictive,P1 only (protect),coarse,0.002811706625951745,10,1.0,True,True,0.054086763187469106,0.0864478136047961,84.64518654603877,9.135521863951992,4.2681773671842205,2.3991388169796606,4.197161951884128,45.67760931976015,1.8531001908066418,0.4567760931975996,5.2996513187250365,9.820784869938036,0.0009551381895065122,0.0021150287395137416,0.011995694084898303,0.7530291563920406,0.011995694084898324,,0.0,1.323071002960205,ok
B_alpha0.005,0.8,0.5,0.005,0.5623413251903491,0.008891397050194615,0.6,20,200,5,1.0,predictive,P1 only (protect),coarse,0.011856868528308275,10,1.0,True,True,0.12604686806474516,0.20120286402677248,100.59490096400945,7.987971359732202,1.8581034297521979,4.401225809325072,5.752699401190527,39.93985679866109,2.518659530281083,0.3993985679866101,5.077256188133093,12.78787968592002,0.002956593632789068,0.009923988048649551,0.02200612904662536,0.749067209500831,0.02200612904662545,,0.0,1.4706571102142334,ok
B_alpha0.005,0.8,0.5,0.005,0.5623413251903491,0.008891397050194615,0.6,20,200,5,1.0,predictive,P1 only (protect),coarse,0.049999999999999996,10,1.0,True,True,0.1704881210757111,0.27035409057341186,114.4537371524973,7.296459094265791,0.6632388159919953,6.623908310034304,5.416393779707908,36.48229547132908,3.1372405621363617,0.36482295471328957,5.383398454690751,16.889015994198033,0.0028785885305523604,0.01135708676203547,0.03311954155017152,1.1083066936919055,0.033119541550171515,,0.0,1.2968850135803223,ok
B_alpha0.005,0.8,0.5,0.005,0.5623413251903491,0.008891397050194615,0.6,20,200,5,1.0,predictive,P1 only (protect),coarse,0.21084825171429109,10,1.0,True,True,0.19717639786724567,0.30580108182308585,130.20184486771174,6.941989181769042,0.21062130794988276,8.870908480669911,3.9764810296111643,34.70994590884526,3.751139376870418,0.3470994590884521,5.992846902741595,22.480003996429925,0.001928708611422178,0.007807135586987068,0.04435454240334956,1.1842001054096862,0.04435454240334966,,0.0,1.2701270580291748,ok
B_alpha0.005,0.8,0.5,0.005,0.5623413251903491,0.008891397050194615,0.6,20,200,5,1.0,predictive,P1 only (protect),coarse,0.8891397050194615,10,1.0,True,True,0.22073819876972586,0.3288374562761489,143.56459517450313,6.711625437238393,0.0590187432046528,10.480782757290267,2.748573062266687,33.5581271861919,4.278087223937079,0.33558127186191966,6.4773155532209366,27.71052091364342,0.0012083592684935505,0.004772814767860724,0.05240391378645134,1.0333581819226487,0.05240391378645146,,0.0,1.6169447898864746,ok
B_alpha0.005,0.8,0.5,0.005,0.5623413251903491,0.008891397050194615,0.6,20,200,5,1.0,predictive,P1 only (protect),coarse,8.891397050194613e-06,15,1.0,True,True,1.5822034147451063e-05,2.5303082424481602e-05,53.039523226387914,9.999746969175753,9.826950745478419,0.017475064159652838,0.15582722118617554,49.998734845878786,1.060817306475501,0.4999873484587877,5.983117304864431,6.346994383673245,7.908369183058468e-12,8.007297734516225e-12,8.73753207982642e-05,0.08128890802197956,8.737532079826422e-05,,0.0,2.7255871295928955,ok
B_alpha0.005,0.8,0.5,0.005,0.5623413251903491,0.008891397050194615,0.6,20,200,5,1.0,predictive,P1 only (protect),coarse,3.7494710466622786e-05,15,1.0,True,True,6.271264947443294e-05,0.00010028833360950002,53.64121643516243,9.998997116663919,9.398131520908166,0.07047600275040805,0.5323953596775084,49.994985583319526,1.072931931258711,0.49994985583319596,5.906026196976029,6.33676409358603,2.200407180146509e-08,2.3165474765941307e-08,0.00035238001375204026,0.2854874691269516,0.0003523800137520401,,0.0,2.5656802654266357,ok
B_alpha0.005,0.8,0.5,0.005,0.5623413251903491,0.008891397050194615,0.6,20,200,5,1.0,predictive,P1 only (protect),coarse,0.00015811388300841894,15,1.0,True,True,0.0006516346416038474,0.0010420103875904052,56.130444560308305,9.989579896124098,8.413420396377331,0.2660257160079644,1.3309739914906054,49.947899480620556,1.1237798815160693,0.49947899480620495,5.753869278427382,6.4660825359700755,1.4617860867284597e-05,1.787454263057955e-05,0.0013301285800398218,0.7247366358552455,0.0013301285800398235,,0.0,2.6156046390533447,ok
B_alpha0.005,0.8,0.5,0.005,0.5623413251903491,0.008891397050194615,0.6,20,200,5,1.0,predictive,P1 only (protect),coarse,0.0006667607160816619,15,1.0,True,True,0.00833956349091755,0.013333990769397484,65.45581333166574,9.866660092306036,6.778295636428413,0.9018890684318058,2.453155202833744,49.33330046153006,1.3268079110723183,0.49333300461530183,5.577861269484826,7.4007504592163516,0.0007646102421008148,0.0014718602487610946,0.004509445342159029,1.03378713845491,0.004509445342159039,,0.0,2.5709245204925537,ok
B_alpha0.005,0.8,0.5,0.005,0.5623413251903491,0.008891397050194615,0.6,20,200,5,1.0,predictive,P1 only (protect),coarse,0.002811706625951745,15,1.0,True,True,0.05335006858556367,0.08527057546903542,84.4344660264004,9.147294245309617,4.28205122524261,2.3957977008481497,4.174856828599624,45.736471226548026,1.8461080131907919,0.4573647122654808,5.305951081716427,9.795358809555045,0.0032043344469015167,0.013406156027148787,0.01197898850424075,0.7356063855591233,0.011978988504240735,,0.0,2.683115243911743,ok
B_alpha0.005,0.8,0.5,0.005,0.5623413251903491,0.008891397050194615,0.6,20,200,5,1.0,predictive,P1 only (protect),coarse,0.011856868528308275,15,1.0,True,True,0.12526567436291464,0.19995639617143818,100.41463758932434,8.000436038285551,1.865550533843488,4.399909522776357,5.734103905094603,40.00218019142771,2.5102291202328706,0.40002180191427755,5.08312773787674,12.759815269481631,0.004032852244711413,0.02835925684074766,0.021999547613881787,0.7352609967833633,0.021999547613881815,,0.0,2.700204372406006,ok
B_alpha0.005,0.8,0.5,0.005,0.5623413251903491,0.008891397050194615,0.6,20,200,5,1.0,predictive,P1 only (protect),coarse,0.049999999999999996,15,1.0,True,True,0.16953795587631118,0.2688394570562794,114.13450812544791,7.311605429437087,0.6684953990085183,6.610666724374101,5.409232447180294,36.55802714718554,3.1220095019332756,0.36558027147185435,5.385300424461463,16.81295909593399,0.003606936688961985,0.028181656465594562,0.033053333621870504,1.1098244413234295,0.033053333621870636,,0.0,2.5580193996429443,ok
B_alpha0.005,0.8,0.5,0.005,0.5623413251903491,0.008891397050194615,0.6,20,200,5,1.0,predictive,P1 only (protect),coarse,0.21084825171429109,15,1.0,True,True,0.1951134094780786,0.3025053923154606,129.43309404482417,6.974946076845302,0.21741612011467296,8.82454949067848,3.983088312361544,34.87473038422651,3.711371890730529,0.3487473038422651,5.98934081118202,22.228671130626132,0.0026833097690788076,0.019843405108649376,0.044122747453392404,1.210496710674428,0.04412274745339259,,0.0,2.6206090450286865,ok
B_alpha0.005,0.8,0.5,0.005,0.5623413251903491,0.008891397050194615,0.6,20,200,5,1.0,predictive,P1 only (protect),coarse,0.8891397050194615,15,1.0,True,True,0.216877700151364,0.322653132938245,142.32642925378866,6.7734686706174285,0.06665376701724533,10.394621698232012,2.7652558641333136,33.86734335308711,4.2024680758083495,0.3386734335308714,6.469894906873898,27.18952679997259,0.0018957254532641422,0.012935613871701288,0.05197310849116006,1.081245382906476,0.051973108491160526,,0.0,2.6753077507019043,ok
B_alpha0.005,0.8,0.5,0.005,0.5623413251903491,0.008891397050194615,0.6,20,200,5,1.0,predictive,P1 only (protect),coarse,8.891397050194613e-06,20,1.0,True,True,8.941561164450152e-06,1.4299854393470934e-05,52.87966629650904,9.999857001456057,9.964071875482192,0.014091190633671778,0.021979932428079607,49.99928500728031,1.0576084495770155,0.49999285007280286,6.012819287508172,6.359208484248293,0.0001900710633413834,0.00019543230635452041,7.045595316835889e-05,0.00013166786275537268,7.045595316835909e-05,,0.0,8.289626121520996,ok
B_alpha0.005,0.8,0.5,0.005,0.5623413251903491,0.008891397050194615,0.6,20,200,5,1.0,predictive,P1 only (protect),coarse,3.7494710466622786e-05,20,1.0,True,True,1.4870014883839676e-05,2.3780495050558126e-05,52.989794978851386,9.999762195049495,9.849489269020928,0.05889627954678454,0.09185225638279171,49.998810975247444,1.0598211026475144,0.49998810975247476,6.003780998498602,6.362933797882984,0.0007294127152862425,0.0008166948814557453,0.0002944813977339227,0.0005523564853948998,0.0002944813977339227,,0.0,8.137288808822632,ok
B_alpha0.005,0.8,0.5,0.005,0.5623413251903491,0.008891397050194615,0.6,20,200,5,1.0,predictive,P1 only (protect),coarse,0.00015811388300841894,20,1.0,True,True,0.00013063661592186505,0.0002088997066287786,53.67451654249806,9.997911002933714,9.389652339906412,0.23942405133255895,0.37301260582731466,49.98955501466848,1.0737146295210729,0.4998955501466857,5.967226125757841,6.407097988886547,0.0021928169615510916,0.003316603183138394,0.0011971202566627948,0.002287762090048905,0.0011971202566627953,,0.0,8.038884162902832,ok
B_alpha0.005,0.8,0.5,0.005,0.5623413251903491,0.008891397050194615,0.6,20,200,5,1.0,predictive,P1 only (protect),coarse,0.0006667607160816619,20,1.0,True,True,0.004491857138925957,0.007181930140918342,59.634750866599624,9.92818069859081,7.839140091104768,0.8765391008955031,1.35614010940892,49.64090349295404,1.2013228340024895,0.49640903492954047,5.830774485083006,7.004642528849323,0.003878611743482501,0.012057980168449204,0.004382695504477516,0.009113159756558385,0.004382695504477523,,0.0,8.184942483901978,ok
B_alpha0.005,0.8,0.5,0.005,0.5623413251903491,0.008891397050194615,0.6,20,200,5,1.0,predictive,P1 only (protect),coarse,0.002811706625951745,20,1.0,True,True,0.04751722149059134,0.07594762051589929,80.16269349209047,9.24052379484097,4.7802922418740685,2.3926059446712484,3.5865780186137144,46.20261897420487,1.7350248810970146,0.46202618974204845,5.452200685721691,9.45970384646134,0.0043461246534087245,0.03188968921499475,0.011963029723356243,0.05039564842082101,0.01196302972335624,,0.0,8.319305181503296,ok
B_alpha0.005,0.8,0.5,0.005,0.5623413251903491,0.008891397050194615,0.6,20,200,5,1.0,predictive,P1 only (protect),coarse,0.011856868528308275,20,1.0,True,True,0.1220486587316382,0.1948204720280445,98.0976631840583,8.051795279719444,2.054830351602346,4.38212956458575,5.51124480409246,40.258976398597525,2.4366656075109665,0.40258976398597224,5.138452132319136,12.52068958666343,0.004287857033935282,0.04900266579400801,0.021910647822928748,0.39489325569917944,0.021910647822928807,,0.0,8.082959413528442,ok
B_alpha0.005,0.8,0.5,0.005,0.5623413251903491,0.008891397050194615,0.6,20,200,5,1.0,predictive,P1 only (protect),coarse,0.049999999999999996,20,1.0,True,True,0.16731319682312035,0.26529424500745463,111.91841766634855,7.347057549925368,0.7836260465496604,6.5615926066191825,5.30772379690579,36.73528774962652,3.0466187832566085,0.3673528774962684,5.406150918446665,16.470480933259573,0.0039268121594444195,0.04719307971105569,0.03280796303309591,0.9044335505473402,0.032807963033096264,,0.0,8.10300588607788,ok
B_alpha0.005,0.8,0.5,0.005,0.5623413251903491,0.008891397050194615,0.6,20,200,5,1.0,predictive,P1 only (protect),coarse,0.21084825171429109,20,1.0,True,True,0.19309702420410485,0.299287234883699,127.0583958804997,7.007127651162884,0.3141076193253514,8.757275076880623,3.921489652631142,35.03563825581438,3.626547201817097,0.3503563825581442,5.997959047318164,21.751881599665232,0.003193249387439407,0.03486752152977384,0.043786375384403116,1.057484848904176,0.04378637538440294,,0.0,8.337419271469116,ok
B_alpha0.005,0.8,0.5,0.005,0.5623413251903491,0.008891397050194615,0.6,20,200,5,1.0,predictive,P1 only (protect),coarse,0.8891397050194615,20,1.0,True,True,0.21495114772384616,0.3195595574633207,139.90335837119375,6.804404425366642,0.15767986335459946,10.32093495730261,2.7169807539761495,34.02202212683328,4.112141184602062,0.3402202212683321,6.474355786110422,26.623465071831326,0.0024591104434138083,0.024157754661338987,0.05160467478651305,0.9474038452281144,0.05160467478651292,,0.0,8.525752067565918,ok
B_alpha0.005,0.8,0.5,0.005,0.5623413251903491,0.008891397050194615,0.6,20,200,5,1.0,predictive,P1+P2 (protect),coarse,8.891397050194613e-06,5,3.0,True,True,3.5824807902051554e-05,5.729082283386169e-05,53.34310672365601,9.999427091771661,9.591714805910769,0.044546317590414435,0.3643117847271551,49.997135458858324,1.0669232593845506,0.49997135458858305,5.940108882087752,6.337640329576183,8.671234413588658e-29,8.671661924829814e-29,0.00022273158795207217,0.19160687503455856,0.00022273158795207244,,0.0,1.1159639358520508,ok
B_alpha0.005,0.8,0.5,0.005,0.5623413251903491,0.008891397050194615,0.6,20,200,5,1.0,predictive,P1+P2 (protect),coarse,3.7494710466622786e-05,5,3.0,True,True,0.00030492446628835497,0.00048760530228172564,54.93920748934885,9.995123946977174,8.799417650436645,0.1753781547703668,1.030080247815814,49.975619734885875,1.0993201841376687,0.4997561973488587,5.808948409141742,6.385894234783917,1.044095078706145e-19,1.044312090404997e-19,0.000876890773851834,0.5568211062125562,0.0008768907738518352,,0.0,1.2297351360321045,ok
B_alpha0.005,0.8,0.5,0.005,0.5623413251903491,0.008891397050194615,0.6,20,200,5,1.0,predictive,P1+P2 (protect),coarse,0.00015811388300841894,5,3.0,True,True,0.0043878220780849565,0.007015870315625673,61.56139034972508,9.92984129684375,7.350932342920686,0.6373662158000243,2.08186014443554,49.64920648421869,1.2399269738438368,0.49649206484218744,5.631340805978597,6.982451364240355,3.2289300338052533e-12,3.2317567444361393e-12,0.0031868310790001213,0.9739982388228382,0.003186831079000118,,0.0,1.1155285835266113,ok
B_alpha0.005,0.8,0.5,0.005,0.5623413251903491,0.008891397050194615,0.6,20,200,5,1.0,predictive,P1+P2 (protect),coarse,0.0006667607160816619,5,3.0,True,True,0.03725165981396255,0.059547278312960666,78.90737982789848,9.404527216870374,5.028328386651407,1.900273581337319,3.666870815140899,47.02263608435174,1.678072230709273,0.4702263608435187,5.384709548198045,9.035931563266216,2.436854640675685e-07,2.4458055319444285e-07,0.009501367906686596,0.8274135706324456,0.009501367906686608,,0.0,1.1402332782745361,ok
B_alpha0.005,0.8,0.5,0.005,0.5623413251903491,0.008891397050194615,0.6,20,200,5,1.0,predictive,P1+P2 (protect),coarse,0.002811706625951745,5,3.0,True,True,0.10972381069386311,0.1752337023997414,96.4596969937798,8.247662976002538,2.3797889984135265,3.847317333566382,5.525230692017554,41.238314880012645,2.339079501052353,0.4123831488001269,5.084322537365832,11.892634623890903,4.9564085564036645e-05,5.031593465903932e-05,0.01923658666783191,0.6916780217545186,0.019236586667831894,,0.0,1.1108441352844238,ok
B_alpha0.005,0.8,0.5,0.005,0.5623413251903491,0.008891397050194615,0.6,20,200,5,1.0,predictive,P1+P2 (protect),coarse,0.011856868528308275,5,3.0,True,True,0.16141191652180398,0.2566063930452311,110.02951719838632,7.433936069547576,0.8864277168974007,6.013756787167127,5.665879426387897,37.16968034773808,2.960195411125779,0.37169680347737877,5.256031016067045,15.55887889449643,0.00033445393676056454,0.0003541510154431288,0.030068783935835636,1.0617097212486597,0.03006878393583571,,0.0,1.2590298652648926,ok
B_alpha0.005,0.8,0.5,0.005,0.5623413251903491,0.008891397050194615,0.6,20,200,5,1.0,predictive,P1+P2 (protect),coarse,0.049999999999999996,5,3.0,True,True,0.19000538894857497,0.29674536251744216,125.57811793001692,7.032546374825496,0.29435137936892225,8.316760633322732,4.35634161248285,35.16273187412731,3.5713413388797908,0.3516273187412748,5.837434587892647,20.847471456747723,0.00045571041452508696,0.0005413545720411988,0.041583803166613656,1.233705211901108,0.041583803166613593,,0.0,1.201540470123291,ok
B_alpha0.005,0.8,0.5,0.005,0.5623413251903491,0.008891397050194615,0.6,20,200,5,1.0,predictive,P1+P2 (protect),coarse,0.21084825171429109,5,3.0,True,True,0.2136314737541213,0.3213538846310515,140.26678726634125,6.786461153689397,0.08624761874542802,10.134371967427155,2.992919260138019,33.93230576844697,4.1337240157953765,0.33932305768446985,6.381351264694945,26.378744976095692,0.0003208095452772283,0.0004512208220045441,0.05067185983713578,1.0995444304771904,0.05067185983713565,,0.0,1.1507632732391357,ok
B_alpha0.005,0.8,0.5,0.005,0.5623413251903491,0.008891397050194615,0.6,20,200,5,1.0,predictive,P1+P2 (protect),coarse,0.8891397050194615,5,3.0,True,True,0.2338335059389875,0.3385186934711224,149.26134132707065,6.614813065288638,0.02273349095922665,11.10223873419912,2.260214709553014,33.07406532644338,4.512942084798182,0.3307406532644319,6.6663855383299175,30.085011849419065,0.0002092502619546593,0.00032840659476957756,0.05551119367099561,0.9517564194918935,0.05551119367099545,,0.0,1.1346001625061035,ok
B_alpha0.005,0.8,0.5,0.005,0.5623413251903491,0.008891397050194615,0.6,20,200,5,1.0,predictive,P1+P2 (protect),coarse,8.891397050194613e-06,5,10.0,True,True,0.0001901586538540223,0.0003040867675548781,54.42260436698238,9.99695913232445,9.006081346615513,0.13457673620023344,0.8623827848598022,49.98479566162227,1.0887831718949568,0.4998479566162225,5.840918734668211,6.359494026712732,3.8403191172428614e-21,3.840950108122671e-21,0.0006728836810011672,0.463119341667442,0.000672883681001167,,0.0,1.1362998485565186,ok
B_alpha0.005,0.8,0.5,0.005,0.5623413251903491,0.008891397050194615,0.6,20,200,5,1.0,predictive,P1+P2 (protect),coarse,3.7494710466622786e-05,5,10.0,True,True,0.0027622166038745685,0.004416718813800931,59.587378465287415,9.955832811861978,7.6846079467551665,0.5041577842314313,1.8554014571514248,49.77916405930998,1.1970345342539566,0.4977916405930989,5.666302601811804,6.7827598959017745,2.67796498690291e-13,2.679818728609184e-13,0.0025207889211571566,0.9117785616458187,0.002520788921157157,,0.0,1.1433870792388916,ok
B_alpha0.005,0.8,0.5,0.005,0.5623413251903491,0.008891397050194615,0.6,20,200,5,1.0,predictive,P1+P2 (protect),coarse,0.00015811388300841894,5,10.0,True,True,0.027743774097902716,0.044351805302545434,75.17207411742008,9.556481946974547,5.520373202678018,1.6001547737669959,3.3229900765804405,47.782409734872616,1.5732164730603344,0.47782409734872733,5.440002224310133,8.558301112769561,6.03986027873175e-08,6.057420962388831e-08,0.008000773868834979,0.8767073412977198,0.008000773868834991,,0.0,1.1888599395751953,ok
B_alpha0.005,0.8,0.5,0.005,0.5623413251903491,0.008891397050194615,0.6,20,200,5,1.0,predictive,P1+P2 (protect),coarse,0.0006667607160816619,5,10.0,True,True,0.09752028570158014,0.15578269687990828,93.66781949812808,8.442173031200866,2.787262247150794,3.4837074263009398,5.286857295347399,42.210865156004274,2.219045242307817,0.4221086515600433,5.112665450221782,11.345235942826198,2.8009763757041205e-05,2.834753363708844e-05,0.0174185371315047,0.6584287956606593,0.017418537131504694,,0.0,1.17250657081604,ok
B_alpha0.005,0.8,0.5,0.005,0.5623413251903491,0.008891397050194615,0.6,20,200,5,1.0,predictive,P1+P2 (protect),coarse,0.002811706625951745,5,10.0,True,True,0.15458434261583354,0.24607693368487066,107.17874414733875,7.539230663151218,1.0793104949813468,5.60358265346144,5.777876188405994,37.696153315756085,2.8432276166104358,0.3769615331575609,5.184914446721879,14.741891944682065,0.0002816876779916068,0.00029509113601651216,0.0280179132673072,0.9967451777050621,0.028017913267307282,,0.0,1.099515676498413,ok
B_alpha0.005,0.8,0.5,0.005,0.5623413251903491,0.008891397050194615,0.6,20,200,5,1.0,predictive,P1+P2 (protect),coarse,0.011856868528308275,5,10.0,True,True,0.18508061607272353,0.29026338458506223,122.08384365183717,7.097366154149274,0.3788553452167384,7.901329908564453,4.622448592069535,35.486830770746415,3.4402577237885397,0.3548683077074637,5.72467496527586,19.69435726546917,0.0004624523679408643,0.000535966925890945,0.039506649542822264,1.2517970947612465,0.039506649542822236,,0.0,1.267256498336792,ok
B_alpha0.005,0.8,0.5,0.005,0.5623413251903491,0.008891397050194615,0.6,20,200,5,1.0,predictive,P1+P2 (protect),coarse,0.049999999999999996,5,10.0,True,True,0.20826436851941038,0.31537248064630613,137.25729404518256,6.846275193536835,0.11981644922405976,9.838870206980696,3.1950381502584095,34.23137596768408,4.009692574869309,0.34231375967684174,6.300310120834139,25.262306710882605,0.0003455110896201811,0.0004732525372675739,0.04919435103490348,1.1633884961865226,0.04919435103490353,,0.0,1.1314115524291992,ok
B_alpha0.005,0.8,0.5,0.005,0.5623413251903491,0.008891397050194615,0.6,20,200,5,1.0,predictive,P1+P2 (protect),coarse,0.21084825171429109,5,10.0,True,True,0.22923416011834014,0.3332140618772001,147.58810765298458,6.667859381227883,0.03397119394777947,10.94855150132856,2.3496179234957784,33.339296906139374,4.426851234100456,0.33339296906139415,6.631081657323862,29.354812018145033,0.00022254046471583303,0.0003454878910933843,0.0547427575066428,0.9944509347160158,0.05474275750664306,,0.0,1.1799273490905762,ok
B_alpha0.005,0.8,0.5,0.005,0.5623413251903491,0.008891397050194615,0.6,20,200,5,1.0,predictive,P1+P2 (protect),coarse,0.8891397050194615,5,10.0,True,True,0.24101213049002626,0.3434434970367598,151.9404748100196,6.565565029632285,0.008961156008007972,11.388857867439958,2.0366159469197487,32.82782514816142,4.628405144851007,0.32827825148161427,6.752525450102756,31.253423533992958,0.0001651918191958953,0.000265618192101934,0.05694428933719979,0.920257638029271,0.05694428933719986,,0.0,1.0857112407684326,ok
B_alpha0.005,0.8,0.5,0.005,0.5623413251903491,0.008891397050194615,0.6,20,200,5,1.0,predictive,P1+P2 (protect),coarse,8.891397050194613e-06,5,30.0,True,True,0.0014371282598526762,0.0022979958680305777,57.60083664057601,9.977020041319692,8.073932789085049,0.36818373963536144,1.5808634299598978,49.88510020659853,1.154670160068294,0.4988510020659846,5.710972067587599,6.5942890314269285,5.693290903360743e-15,5.696095591302311e-15,0.0018409186981768071,0.816165689877857,0.0018409186981768067,,0.0,1.130251407623291,ok
B_alpha0.005,0.8,0.5,0.005,0.5623413251903491,0.008891397050194615,0.6,20,200,5,1.0,predictive,P1+P2 (protect),coarse,3.7494710466622786e-05,5,30.0,True,True,0.017376238571490468,0.027780190448253184,70.41224331951364,9.72219809551748,6.140698254678011,1.2430373618890538,2.8940662879154555,48.61099047758726,1.4484840285650655,0.486109904775874,5.507977065152012,7.978216808575373,5.941800781782594e-09,5.954109341952715e-09,0.006215186809445269,0.9426721932656558,0.006215186809445288,,0.0,1.1453802585601807,ok
B_alpha0.005,0.8,0.5,0.005,0.5623413251903491,0.008891397050194615,0.6,20,200,5,1.0,predictive,P1+P2 (protect),coarse,0.00015811388300841894,5,30.0,True,True,0.07945991915538558,0.1269662956756677,89.77838849880708,8.730337043243281,3.4015255756926166,2.9983089625195385,4.869828418544564,43.65168521621644,2.0566992558045554,0.43651685216216407,5.177079676816051,10.647695918548461,1.026808892371499e-05,1.0356728986745786e-05,0.014991544812597693,0.6540766282785906,0.014991544812597658,,0.0,1.1801502704620361,ok
B_alpha0.005,0.8,0.5,0.005,0.5623413251903491,0.008891397050194615,0.6,20,200,5,1.0,predictive,P1+P2 (protect),coarse,0.0006667607160816619,5,30.0,True,True,0.14402536380935796,0.22959359730138973,103.86056645600998,7.704064026986029,1.3789315585034054,5.06802289095857,5.848981523551997,38.5203201349301,2.696253979515335,0.38520320134930147,5.113119651828477,13.786269208980595,0.0002022334951706647,0.00020924914522448787,0.02534011445479285,0.8910889027359666,0.025340114454792825,,0.0,1.14894437789917,ok
B_alpha0.005,0.8,0.5,0.005,0.5623413251903491,0.008891397050194615,0.6,20,200,5,1.0,predictive,P1+P2 (protect),coarse,0.002811706625951745,5,30.0,True,True,0.17883922990651865,0.2819291815025167,117.97652769623558,7.180708184974726,0.5065397675179403,7.337391513754682,4.975360533752652,35.90354092487371,3.285930152212433,0.35903540924873634,5.5727844178031205,18.31178035023888,0.0004550879024600919,0.000510873103419547,0.03668695756877341,1.2241321159744358,0.03668695756877338,,0.0,1.077989101409912,ok
B_alpha0.005,0.8,0.5,0.005,0.5623413251903491,0.008891397050194615,0.6,20,200,5,1.0,predictive,P1+P2 (protect),coarse,0.011856868528308275,5,30.0,True,True,0.202155292550176,0.3091327282073464,133.24172572690546,6.908672717926446,0.1775671552602778,9.407362707020495,3.506397419792781,34.54336358963215,3.8572307928605034,0.3454336358963223,6.174560018492405,23.816703035694225,0.00038218623455882404,0.0005026954634701801,0.04703681353510247,1.2186609773797779,0.04703681353510246,,0.0,1.409106731414795,ok
B_alpha0.005,0.8,0.5,0.005,0.5623413251903491,0.008891397050194615,0.6,20,200,5,1.0,predictive,P1+P2 (protect),coarse,0.049999999999999996,5,30.0,True,True,0.22357972811574608,0.32754699287814576,144.942422592581,6.724530071218416,0.058002960349821116,10.711875215489746,2.505591752942017,33.62265035609221,4.310856552280042,0.33622650356092076,6.56882443151593,28.31725984137767,0.0002451093777837549,0.0003727717135597459,0.053559376077448734,1.0571080476851786,0.05355937607744862,,0.0,1.1226811408996582,ok
B_alpha0.005,0.8,0.5,0.005,0.5623413251903491,0.008891397050194615,0.6,20,200,5,1.0,predictive,P1+P2 (protect),coarse,0.21084825171429109,5,30.0,True,True,0.2374482110846128,0.33893543287594985,150.70462076060218,6.610645671240399,0.017409559257929797,11.280895908517167,2.0910488609845053,33.053228356201906,4.5594523819736015,0.33053228356201997,6.7307891908111275,30.688712808605963,0.0001743562414861258,0.00027953413705735967,0.05640447954258583,0.9537548243511498,0.05640447954258577,,0.0,1.2137844562530518,ok
B_alpha0.005,0.8,0.5,0.005,0.5623413251903491,0.008891397050194615,0.6,20,200,5,1.0,predictive,P1+P2 (protect),coarse,0.8891397050194615,5,30.0,True,True,0.24289615690574085,0.3447550233050404,152.6831434204509,6.552449766949456,0.004885336833842246,11.47293112858827,1.9697337676284319,32.76224883474728,4.660337701193358,0.3276224883474728,6.778284782469947,31.589096121169913,0.0001480838732129716,0.0002384784369456127,0.05736465564294135,0.9186364533915866,0.057364655642941104,,0.0,1.3046317100524902,ok
B_alpha0.005,0.8,0.5,0.005,0.5623413251903491,0.008891397050194615,0.6,20,200,5,1.0,predictive,P1+P2 (protect),coarse,8.891397050194613e-06,5,100.0,True,True,0.012156401871127384,0.019435812169312915,67.43878723808997,9.80564187830687,6.530170587935372,1.033111296036609,2.6310762377211487,49.02820939153429,1.3755098967521062,0.4902820939153435,5.548282541080826,7.631717545233601,9.618758135785485e-10,9.634520628390266e-10,0.005165556480183044,0.9701651169862665,0.0051655564801830435,,0.0,1.1587305068969727,ok
B_alpha0.005,0.8,0.5,0.005,0.5623413251903491,0.008891397050194615,0.6,20,200,5,1.0,predictive,P1+P2 (protect),coarse,3.7494710466622786e-05,5,100.0,True,True,0.06687869850102716,0.10687821569407803,86.87522181296059,8.931217843059194,3.854295052406309,2.6720866743408016,4.542400430193695,44.65608921529591,1.945428346717014,0.4465608921529597,5.232093144734285,10.178662316429842,4.4509197945897726e-06,4.4813900267172e-06,0.013360433371704008,0.677463606297534,0.013360433371704047,,0.0,1.1055734157562256,ok
B_alpha0.005,0.8,0.5,0.005,0.5623413251903491,0.008891397050194615,0.6,20,200,5,1.0,predictive,P1+P2 (protect),coarse,0.00015811388300841894,5,100.0,True,True,0.13572144391670043,0.2165074929742724,101.68537848823547,7.8349250702571815,1.6200892482657767,4.712318856088486,5.832666825388555,39.174625351285975,2.5956949830765255,0.3917462535128591,5.0829854647652235,13.193879869941991,0.00015058528335551427,0.00015476842054245468,0.02356159428044243,0.820464911542552,0.02356159428044251,,0.0,1.1698627471923828,ok
B_alpha0.005,0.8,0.5,0.005,0.5623413251903491,0.008891397050194615,0.6,20,200,5,1.0,predictive,P1+P2 (protect),coarse,0.0006667607160816619,5,100.0,True,True,0.17435000712176557,0.27565413814214795,115.36628707608817,7.243458618578413,0.6069516997103503,6.95193773246463,5.197651949246607,36.21729309289208,3.185392314665551,0.36217293092892067,5.474106140099422,17.437175628336202,0.0004364229774370595,0.000480652643453769,0.03475968866232315,1.187767037258654,0.03475968866232313,,0.0,1.170276403427124,ok
B_alpha0.005,0.8,0.5,0.005,0.5623413251903491,0.008891397050194615,0.6,20,200,5,1.0,predictive,P1+P2 (protect),coarse,0.002811706625951745,5,100.0,True,True,0.19825661328462127,0.3051105189515002,130.4971369561456,6.948894810484895,0.22760590234207112,9.089816377615659,3.733682909557376,34.74447405242454,3.7559105588774693,0.3474447405242448,6.081579792799588,22.841869758431827,0.00040667233064628565,0.0005198376080175796,0.045449081888078294,1.2359774790691669,0.04544908188807837,,0.0,1.4789397716522217,ok
B_alpha0.005,0.8,0.5,0.005,0.5623413251903491,0.008891397050194615,0.6,20,200,5,1.0,predictive,P1+P2 (protect),coarse,0.011856868528308275,5,100.0,True,True,0.2196703563908744,0.32383967124988444,142.7016743745164,6.761603287501026,0.08893116682685577,10.513327815680205,2.6361377299919146,33.80801643750531,4.220941936605564,0.3380801643750513,6.5150904002362156,27.49981829113337,0.00026318394815134504,0.0003932316136112393,0.05256663907840103,1.0992296009242741,0.052566639078401055,,0.0,1.0530195236206055,ok
B_alpha0.005,0.8,0.5,0.005,0.5623413251903491,0.008891397050194615,0.6,20,200,5,1.0,predictive,P1+P2 (protect),coarse,0.049999999999999996,5,100.0,True,True,0.23447979124223273,0.3352838441447106,149.24405634657015,6.647161558552776,0.03364755407874603,11.17133400164713,2.1478568857213474,33.23580779276381,4.490459725761923,0.33235807792763883,6.706988445153477,30.117461494112266,0.00018211211248470445,0.00029096292297091137,0.05585667000823565,0.9967003686526189,0.05585667000823604,,0.0,1.170931100845337,ok
B_alpha0.005,0.8,0.5,0.005,0.5623413251903491,0.008891397050194615,0.6,20,200,5,1.0,predictive,P1+P2 (protect),coarse,0.21084825171429109,5,100.0,True,True,0.24046563738693752,0.3410313502693429,151.8475834355857,6.589686497306418,0.011360334254388153,11.40755500327069,1.9913981651685042,32.9484324865322,4.608643628119608,0.32948432486532087,6.76916561447076,31.196671976817015,0.00015058545964079362,0.0002425354227912941,0.05703777501635345,0.9474795511931564,0.05703777501635342,,0.0,1.1529655456542969,ok
B_alpha0.005,0.8,0.5,0.005,0.5623413251903491,0.008891397050194615,0.6,20,200,5,1.0,predictive,P1+P2 (protect),coarse,0.8891397050194615,5,100.0,True,True,0.24330851535573528,0.3450661126786527,152.88851651883135,6.549338873213354,0.0034436179739157032,11.49849754461495,1.9487199641977788,32.746694366066876,4.668822898877362,0.3274669436606677,6.786402375266585,31.684510810640354,0.00014142269218013413,0.00022754778154418382,0.057492487723074755,0.9212777633932041,0.05749248772307493,,0.0,1.16072416305542,ok
B_alpha0.005,0.8,0.5,0.005,0.5623413251903491,0.008891397050194615,0.6,20,200,5,1.0,predictive,P1+P2 (protect),coarse,8.891397050194613e-06,10,3.0,True,True,3.582480790205007e-05,5.7290822833859326e-05,53.34310672365601,9.999427091771661,9.591714805910769,0.04454631759041443,0.3643117847271551,49.997135458858324,1.0669232593845506,0.49997135458858305,5.940108882087752,6.337640329576183,4.45494544451261e-17,4.527980891086596e-17,0.00022273158795207214,0.1916068750345585,0.00022273158795207238,,0.0,1.3102209568023682,ok
B_alpha0.005,0.8,0.5,0.005,0.5623413251903491,0.008891397050194615,0.6,20,200,5,1.0,predictive,P1+P2 (protect),coarse,3.7494710466622786e-05,10,3.0,True,True,0.0003049244647040489,0.00048760529975004223,54.93920748893186,9.995123947002504,8.799417650484209,0.1753781547616582,1.0300802477516289,49.97561973501247,1.09932018412654,0.4997561973501252,5.808948409158721,6.385894234737937,4.567502607797735e-11,4.8803162938209304e-11,0.000876890773808291,0.5568211061561269,0.0008768907738082925,,0.0,1.3350892066955566,ok
B_alpha0.005,0.8,0.5,0.005,0.5623413251903491,0.008891397050194615,0.6,20,200,5,1.0,predictive,P1+P2 (protect),coarse,0.00015811388300841894,10,3.0,True,True,0.004387752681859276,0.007015759434837252,61.56137445560534,9.929842405651627,7.350933989509498,0.6373659375582005,2.0818576672806746,49.6492120282582,1.2399265152600458,0.49649212028258133,5.631341489705499,6.982449629569855,1.736368983197028e-06,2.216816513449153e-06,0.0031868296877910025,0.9739960105759742,0.003186829687791007,,0.0,1.287034034729004,ok
B_alpha0.005,0.8,0.5,0.005,0.5623413251903491,0.008891397050194615,0.6,20,200,5,1.0,predictive,P1+P2 (protect),coarse,0.0006667607160816619,10,3.0,True,True,0.03722743709661357,0.059508596747700614,78.90344304244016,9.404914032522948,5.0287228216513835,1.900260100288928,3.6661030455367403,47.02457016261472,1.6779194954804637,0.47024570162614737,5.384938894345301,9.035493952792994,0.00048507691346561785,0.0009490521414045116,0.00950130050144464,0.8266308779148596,0.009501300501444626,,0.0,1.4377095699310303,ok
B_alpha0.005,0.8,0.5,0.005,0.5623413251903491,0.008891397050194615,0.6,20,200,5,1.0,predictive,P1+P2 (protect),coarse,0.002811706625951745,10,3.0,True,True,0.10958675128228827,0.17501523912218972,96.44334890713897,8.24984760877805,2.380973755872875,3.847887844430239,5.521290790918837,41.249238043890166,2.3380637674936193,0.41249238043890246,5.085625683337103,11.89051714524546,0.002639669325329384,0.008227839331814406,0.019239439222151197,0.6864391784958431,0.019239439222151163,,0.0,1.446791172027588,ok
B_alpha0.005,0.8,0.5,0.005,0.5623413251903491,0.008891397050194615,0.6,20,200,5,1.0,predictive,P1+P2 (protect),coarse,0.011856868528308275,10,3.0,True,True,0.1612642761506899,0.2563718599743819,110.01436185824059,7.436281400256084,0.8869116701752091,6.0146965003154795,5.662110429253226,37.18140700128049,2.958854188988916,0.3718140700128042,5.2573753009083815,15.555806932179628,0.003034153114618495,0.01172232358409655,0.0300734825015774,1.0559817871307162,0.030073482501577365,,0.0,1.324225664138794,ok
B_alpha0.005,0.8,0.5,0.005,0.5623413251903491,0.008891397050194615,0.6,20,200,5,1.0,predictive,P1+P2 (protect),coarse,0.049999999999999996,10,3.0,True,True,0.18989627279374266,0.2965724163983672,125.56884959651266,7.034275836016218,0.29446666648659037,8.31720362957214,4.354053867925053,35.171379180081125,3.5701997625281363,0.3517137918008109,5.8382773958312875,20.843816572170248,0.0021568123047412693,0.008734196488166921,0.0415860181478607,1.2302473510702778,0.04158601814786059,,0.0,1.3582894802093506,ok
B_alpha0.005,0.8,0.5,0.005,0.5623413251903491,0.008891397050194615,0.6,20,200,5,1.0,predictive,P1+P2 (protect),coarse,0.21084825171429109,10,3.0,True,True,0.2135541262061399,0.321231108612637,140.2615470166639,6.787688913873519,0.08627388026678662,10.134332048903829,2.991705156955864,33.93844456936748,4.132821901427464,0.339384445693676,6.381803793686651,26.37485848916107,0.0013374861244999942,0.005326331755447081,0.05067166024451915,1.0977265456499947,0.05067166024451909,,0.0,1.4254846572875977,ok
B_alpha0.005,0.8,0.5,0.005,0.5623413251903491,0.008891397050194615,0.6,20,200,5,1.0,predictive,P1+P2 (protect),coarse,0.8891397050194615,10,3.0,True,True,0.23374093065893126,0.3383708943649097,149.25531760155036,6.6162910563507635,0.02274736425133728,11.10144204186858,2.259519537529318,33.08145528175389,4.511751866123988,0.3308145528175382,6.666644822675239,30.07824721949083,0.0009443314917735381,0.003613268320366082,0.055507210209342905,0.9506714214414146,0.05550721020934331,,0.0,1.2661323547363281,ok
B_alpha0.005,0.8,0.5,0.005,0.5623413251903491,0.008891397050194615,0.6,20,200,5,1.0,predictive,P1+P2 (protect),coarse,8.891397050194613e-06,10,10.0,True,True,0.00019015865370228426,0.0003040867673124031,54.42260436694199,9.996959132326872,9.006081346620226,0.13457673619997013,0.8623827848529331,49.98479566163434,1.088783171893886,0.49984795661634357,5.840918734670085,6.359494026708519,5.26058416552038e-12,5.546117305231541e-12,0.0006728836809998507,0.46311934166086,0.0006728836809998496,,0.0,1.3916964530944824,ok
B_alpha0.005,0.8,0.5,0.005,0.5623413251903491,0.008891397050194615,0.6,20,200,5,1.0,predictive,P1+P2 (protect),coarse,3.7494710466622786e-05,10,10.0,True,True,0.0027622032546782927,0.004416697484015921,59.58737529369629,9.955833025159844,7.684608280988421,0.5041577763974561,1.8554009174542792,49.77916512579924,1.197034444894973,0.4977916512579922,5.666302754461129,6.782759572293235,4.100003437277862e-07,5.007741551077193e-07,0.0025207888819872805,0.9117780332499046,0.0025207888819872752,,0.0,1.2557244300842285,ok
B_alpha0.005,0.8,0.5,0.005,0.5623413251903491,0.008891397050194615,0.6,20,200,5,1.0,predictive,P1+P2 (protect),coarse,0.00015811388300841894,10,10.0,True,True,0.027732940341461332,0.044334502748343156,75.17019360804832,9.556654972516547,5.520564320007734,1.600183388629377,3.3225973188463414,47.78327486258274,1.5731486346263643,0.47783274862582736,5.440121150845549,8.55811916065468,0.00026641258595893176,0.0004791474470043532,0.008000916943146886,0.8762893818489418,0.008000916943146912,,0.0,1.5624291896820068,ok
B_alpha0.005,0.8,0.5,0.005,0.5623413251903491,0.008891397050194615,0.6,20,200,5,1.0,predictive,P1+P2 (protect),coarse,0.0006667607160816619,10,10.0,True,True,0.09741974270386394,0.15562240035501637,93.65540098476953,8.44377599644978,2.7882566093067416,3.4845820962862586,5.28338529795722,42.21887998224897,2.218329833101853,0.422188799822489,5.113821307687185,11.344142367994413,0.0023341752723602368,0.006846250553751535,0.017422910481431294,0.6538283078248419,0.017422910481431277,,0.0,1.386706829071045,ok
B_alpha0.005,0.8,0.5,0.005,0.5623413251903491,0.008891397050194615,0.6,20,200,5,1.0,predictive,P1+P2 (protect),coarse,0.002811706625951745,10,10.0,True,True,0.15446619988903615,0.24588931289885205,107.1661599546023,7.541106871011406,1.0797799657399485,5.605234424680376,5.7738787385682695,37.705534355056955,2.8421864797210996,0.3770553435505703,5.18634680326554,14.740564763386063,0.003101413741273282,0.01174907899432254,0.028026172123401877,0.9907195184511625,0.028026172123401857,,0.0,1.2424118518829346,ok
B_alpha0.005,0.8,0.5,0.005,0.5623413251903491,0.008891397050194615,0.6,20,200,5,1.0,predictive,P1+P2 (protect),coarse,0.011856868528308275,10,10.0,True,True,0.1850005266571022,0.2901367669193293,122.07649003255604,7.098632330806619,0.3789641850000932,7.9025456823371565,4.6198578018561305,35.49316165403297,3.439436904001053,0.35493161654033095,5.725632681947597,19.69295234504509,0.002319381476517087,0.009377636514021594,0.03951272841168579,1.2479189775872566,0.039512728411685696,,0.0,1.389327049255371,ok
B_alpha0.005,0.8,0.5,0.005,0.5623413251903491,0.008891397050194615,0.6,20,200,5,1.0,predictive,P1+P2 (protect),coarse,0.049999999999999996,10,10.0,True,True,0.20821594796125487,0.3152961126922018,137.25366268146982,6.847038873077876,0.11983865228231794,9.839474012502322,3.193648462137484,34.235194365389425,4.0091392856302415,0.3423519436538938,6.300829276611506,25.260902184912364,0.0014420653564099536,0.005771378653580863,0.04919737006251161,1.1613388885852538,0.049197370062511465,,0.0,1.5895376205444336,ok
B_alpha0.005,0.8,0.5,0.005,0.5623413251903491,0.008891397050194615,0.6,20,200,5,1.0,predictive,P1+P2 (protect),coarse,0.21084825171429109,10,10.0,True,True,0.22920114798759003,0.3331619885558268,147.58603384289322,6.668380114441618,0.03397655532131624,10.948831945195812,2.3488113850412544,33.341900572208196,4.426443343362138,0.3334190057220809,6.631384093344305,29.353445977261465,0.0009848949446885837,0.0037958832984278865,0.05474415972597906,0.9932106457855019,0.05474415972597911,,0.0,1.2946367263793945,ok
B_alpha0.005,0.8,0.5,0.005,0.5623413251903491,0.008891397050194615,0.6,20,200,5,1.0,predictive,P1+P2 (protect),coarse,0.8891397050194615,10,10.0,True,True,0.24094847230948255,0.3433420343717095,151.936159551991,6.56657965628278,0.008968647854867524,11.388394556531468,2.0360571393308846,32.8328982814141,4.627558561834254,0.328328982814139,6.752734423866185,31.248673998954864,0.0008258009683727421,0.003054053105416837,0.05694197278265734,0.9193447325879477,0.056941972782657425,,0.0,1.3153808116912842,ok
B_alpha0.005,0.8,0.5,0.005,0.5623413251903491,0.008891397050194615,0.6,20,200,5,1.0,predictive,P1+P2 (protect),coarse,8.891397050194613e-06,10,30.0,True,True,0.0014371270371754017,0.002297993914327978,57.60083633786288,9.97702006085673,8.073932821713763,0.3681837401018819,1.5808633773276242,49.885100304283576,1.1546701517390106,0.4988510030428365,5.710972082469183,6.594289001041945,4.133062761886265e-08,4.792522475735786e-08,0.0018409187005094094,0.8161656372538255,0.001840918700509408,,0.0,1.445586919784546,ok
B_alpha0.005,0.8,0.5,0.005,0.5623413251903491,0.008891397050194615,0.6,20,200,5,1.0,predictive,P1+P2 (protect),coarse,3.7494710466622786e-05,10,30.0,True,True,0.017372913649102827,0.02777487932522312,70.41161057048517,9.722251206747766,6.140763013081426,1.243047268104034,2.893938512066774,48.611256033738755,1.4484630991969396,0.48611256033738826,5.508015367169792,7.978157009155126,9.096557492127917e-05,0.0001458468547458569,0.006215236340520171,0.9425374054885655,0.0062152363405201605,,0.0,1.3836381435394287,ok
B_alpha0.005,0.8,0.5,0.005,0.5623413251903491,0.008891397050194615,0.6,20,200,5,1.0,predictive,P1+P2 (protect),coarse,0.00015811388300841894,10,30.0,True,True,0.07938605858505221,0.1268484745252479,89.76870533348985,8.731515254747487,3.4023907514152096,2.998966388721376,4.867127605115927,43.657576273737504,2.0561999312703665,0.43657576273737436,5.177965013141677,10.646931304142278,0.0018008754185246305,0.004772385110249561,0.014994831943606882,0.6506396545772257,0.014994831943606868,,0.0,1.4045624732971191,ok
B_alpha0.005,0.8,0.5,0.005,0.5623413251903491,0.008891397050194615,0.6,20,200,5,1.0,predictive,P1+P2 (protect),coarse,0.0006667607160816619,10,30.0,True,True,0.14391174843316923,0.22941301419241572,103.84810181576405,7.705869858075743,1.3795078800732214,5.069820143335714,5.844802118515321,38.52934929037886,2.695298615948749,0.3852934929037871,5.114604350380637,13.785386026706382,0.003125651005779199,0.011404473010313058,0.02534910071667857,0.8848622233234917,0.025349100716678494,,0.0,1.2977416515350342,ok
B_alpha0.005,0.8,0.5,0.005,0.5623413251903491,0.008891397050194615,0.6,20,200,5,1.0,predictive,P1+P2 (protect),coarse,0.002811706625951745,10,30.0,True,True,0.1787598475096222,0.2818036829341339,117.96883710698803,7.181963170658554,0.5066844231982971,7.338960298312877,4.972392107830273,35.90981585329287,3.2851418004743262,0.3590981585329277,5.573878731524336,18.31098201170541,0.0025526198349245404,0.010262277671537466,0.036694801491564386,1.2196731457015724,0.036694801491564316,,0.0,1.3833789825439453,ok
B_alpha0.005,0.8,0.5,0.005,0.5623413251903491,0.008891397050194615,0.6,20,200,5,1.0,predictive,P1+P2 (protect),coarse,0.011856868528308275,10,30.0,True,True,0.20211084317590905,0.3090628109290681,133.23809081473127,6.909371890709199,0.17759693949154653,9.408264660382772,3.504766509416483,34.54685945354614,3.8567352553100087,0.34546859453545997,6.175168728865577,23.815990944103763,0.0016156160446324241,0.006504419453450139,0.04704132330191386,1.2162644018345394,0.04704132330191386,,0.0,1.3784513473510742,ok
B_alpha0.005,0.8,0.5,0.005,0.5623413251903491,0.008891397050194615,0.6,20,200,5,1.0,predictive,P1+P2 (protect),coarse,0.049999999999999996,10,30.0,True,True,0.2235534916372757,0.32750587937896275,144.94062795852102,6.724941206210279,0.05800957407981251,10.712366569422324,2.5046826502875854,33.624706031051154,4.310539631920463,0.336247060310514,6.569165241279863,28.316647121171197,0.0010577857965826483,0.004118741665488499,0.05356183284711162,1.0557345952933057,0.053561832847111676,,0.0,1.2861933708190918,ok
B_alpha0.005,0.8,0.5,0.005,0.5623413251903491,0.008891397050194615,0.6,20,200,5,1.0,predictive,P1+P2 (protect),coarse,0.21084825171429109,10,30.0,True,True,0.23742784344506543,0.33890355394413524,150.70338326461072,6.610964460558534,0.01741160251296089,11.281207098372052,2.0904168385564526,33.05482230279263,4.559195081556332,0.3305482230279267,6.731026511314415,30.68806296420996,0.0008482203330244072,0.0031641319260142776,0.05640603549186026,0.9527335722575825,0.05640603549186029,,0.0,1.3311469554901123,ok
B_alpha0.005,0.8,0.5,0.005,0.5623413251903491,0.008891397050194615,0.6,20,200,5,1.0,predictive,P1+P2 (protect),coarse,0.8891397050194615,10,30.0,True,True,0.24284028110035627,0.34466604506183396,152.679277467238,6.553339549381558,0.0048915181014703955,11.472543662599703,1.9692252699172683,32.76669774690769,4.659586957664872,0.3276669774690779,6.7784750378261895,31.58489387911181,0.0007887792140378978,0.0028612293096963353,0.057362718312998516,0.917780899433263,0.05736271831299838,,0.0,1.4781086444854736,ok
B_alpha0.005,0.8,0.5,0.005,0.5623413251903491,0.008891397050194615,0.6,20,200,5,1.0,predictive,P1+P2 (protect),coarse,8.891397050194613e-06,10,100.0,True,True,0.012155131458031593,0.019433782668349355,67.4385308355044,9.805662173316508,6.530196914956128,1.0331149434140572,2.631025968313307,49.02831086658252,1.3755018201426596,0.49028310866582536,5.54829748199948,7.63169328518322,3.6849505092006346e-05,5.497536822181715e-05,0.005165574717070286,0.9701124690464878,0.005165574717070291,,0.0,1.3750405311584473,ok
B_alpha0.005,0.8,0.5,0.005,0.5623413251903491,0.008891397050194615,0.6,20,200,5,1.0,predictive,P1+P2 (protect),coarse,3.7494710466622786e-05,10,100.0,True,True,0.06682247049748273,0.10678849156654668,86.86747000241766,8.932115084334498,3.855025961681958,2.6725565287412647,4.540302425242279,44.660575421672455,1.9450593545255455,0.4466057542167249,5.232772029728135,10.178052186522335,0.0013991601411531469,0.0034296281213324698,0.013362782643706324,0.6748763687277397,0.013362782643706363,,0.0,1.299807071685791,ok
B_alpha0.005,0.8,0.5,0.005,0.5623413251903491,0.008891397050194615,0.6,20,200,5,1.0,predictive,P1+P2 (protect),coarse,0.00015811388300841894,10,100.0,True,True,0.13560968883582333,0.2163297446145403,101.67287963557482,7.836702553854536,1.6207533976253536,4.714088786515164,5.828455262004946,39.18351276927252,2.5947872574432913,0.3918351276927268,5.084469045615708,13.193115490428491,0.003077930807564033,0.010862634911494364,0.023570443932575822,0.8142676439139921,0.02357044393257586,,0.0,1.3660149574279785,ok
B_alpha0.005,0.8,0.5,0.005,0.5623413251903491,0.008891397050194615,0.6,20,200,5,1.0,predictive,P1+P2 (protect),coarse,0.0006667607160816619,10,100.0,True,True,0.17426745165782695,0.27552354807614193,115.35807172548668,7.244764519238459,0.6071324631727818,6.953675314410778,5.194427703177982,36.22382259619242,3.1845913395570866,0.36223822596192295,5.475291206757661,17.436564958593518,0.0027052326153042044,0.010802842272769257,0.03476837657205389,1.1829086275745397,0.03476837657205396,,0.0,1.2712242603302002,ok
B_alpha0.005,0.8,0.5,0.005,0.5623413251903491,0.008891397050194615,0.6,20,200,5,1.0,predictive,P1+P2 (protect),coarse,0.002811706625951745,10,100.0,True,True,0.19821114258787018,0.30503902463553934,130.4932417310873,6.949609753644517,0.22764496429180636,9.090879801515591,3.7318654805480866,34.74804876822252,3.7554120693655997,0.34748048768222584,6.082257235153757,22.84138222988266,0.0017501585649285912,0.0070677901646868865,0.04545439900757796,1.2333048237447075,0.04545439900757791,,0.0,1.4968302249908447,ok
B_alpha0.005,0.8,0.5,0.005,0.5623413251903491,0.008891397050194615,0.6,20,200,5,1.0,predictive,P1+P2 (protect),coarse,0.011856868528308275,10,100.0,True,True,0.21964536445089816,0.32380060676555655,142.699840476159,6.761993932344359,0.08894075419814156,10.513918708842725,2.6351466046147727,33.80996966172164,4.220643848660957,0.33809969661721795,6.51546160169157,27.499442930366193,0.0011195639288830944,0.004388749418010243,0.05256959354421363,1.0977459032711727,0.0525695935442138,,0.0,1.2652816772460938,ok
B_alpha0.005,0.8,0.5,0.005,0.5623413251903491,0.008891397050194615,0.6,20,200,5,1.0,predictive,P1+P2 (protect),coarse,0.049999999999999996,10,100.0,True,True,0.2344626213992237,0.3352571330273355,149.2429461287871,6.647428669726525,0.033650401351278475,11.171726547194519,2.147194381727678,33.237143348632586,4.490245884351164,0.33237143348632625,6.707237105198006,30.11714380698276,0.0008682903004614036,0.0032602726545802306,0.055858632735972594,0.9956426505955334,0.05585863273597276,,0.0,1.3657383918762207,ok
B_alpha0.005,0.8,0.5,0.005,0.5623413251903491,0.008891397050194615,0.6,20,200,5,1.0,predictive,P1+P2 (protect),coarse,0.21084825171429109,10,100.0,True,True,0.24044968682726278,0.3410065265400368,151.84662715539804,6.589934734599542,0.011361540704974053,11.40785978795987,1.9908439367356143,32.949673672997584,4.608441001946465,0.3294967367299771,6.7693738118364415,31.196259831969694,0.0007939476177476485,0.0028887847425858246,0.05703929893979935,0.9465474421338153,0.0570392989397995,,0.0,1.4296579360961914,ok
B_alpha0.005,0.8,0.5,0.005,0.5623413251903491,0.008891397050194615,0.6,20,200,5,1.0,predictive,P1+P2 (protect),coarse,0.8891397050194615,10,100.0,True,True,0.2432552785946313,0.3449813717940289,152.88480117953384,6.550186282059591,0.0034493968702022557,11.49813383844838,1.9482304826218257,32.75093141029785,4.668105442993978,0.32750931410297957,6.7865855414497425,31.680496905385777,0.000776389393579753,0.0027912859326056877,0.057490669192241904,0.9204426285838239,0.057490669192241946,,0.0,1.4260931015014648,ok
B_alpha0.005,0.8,0.5,0.005,0.5623413251903491,0.008891397050194615,0.6,20,200,5,1.0,predictive,P1+P2 (protect),coarse,8.891397050194613e-06,20,3.0,True,True,1.2145238556696698e-05,1.9423129650457884e-05,52.94607405303052,9.999805768703494,9.892585117261342,0.04204025633832223,0.06556885769684051,49.99902884351752,1.0589420490293202,0.4999902884351747,6.007181759927974,6.361257361749686,0.0005373529032282694,0.0005829987479103481,0.00021020128169161115,0.00039370682123630884,0.0002102012816916108,,0.0,8.410402536392212,ok
B_alpha0.005,0.8,0.5,0.005,0.5623413251903491,0.008891397050194615,0.6,20,200,5,1.0,predictive,P1+P2 (protect),coarse,3.7494710466622786e-05,20,3.0,True,True,6.25768252324103e-05,0.00010006853909978611,53.37077434800956,9.998999314609007,9.559170680091597,0.1726812078242107,0.26914879747518583,49.99499657304499,1.0675223123584456,0.49994996573045036,5.980782638204944,6.3846189116497865,0.0017556990359747563,0.002393108823934309,0.0008634060391210536,0.0016376548485079728,0.0008634060391210556,,0.0,8.09107518196106,ok
B_alpha0.005,0.8,0.5,0.005,0.5623413251903491,0.008891397050194615,0.6,20,200,5,1.0,predictive,P1+P2 (protect),coarse,0.00015811388300841894,20,3.0,True,True,0.002031450352818121,0.0032481674362241125,57.03215818444648,9.96751832563776,8.357938494543138,0.656287551372565,1.0182556284465374,49.8375916281887,1.1443602373471926,0.49837591628188804,5.87978916274534,6.728596921830707,0.003578843858368988,0.009053715091113643,0.003281437756862825,0.006618276754585974,0.003281437756862834,,0.0,7.995067358016968,ok
B_alpha0.005,0.8,0.5,0.005,0.5623413251903491,0.008891397050194615,0.6,20,200,5,1.0,predictive,P1+P2 (protect),coarse,0.0006667607160816619,20,3.0,True,True,0.03168057209180454,0.050641902878207336,74.67247099188917,9.493580971217915,5.570507152633572,1.9601351738314527,2.9757767023170603,47.467904856089476,1.5731149545840915,0.4746790485608957,5.563007763763963,8.751250705644495,0.004315040735780318,0.02645881219301992,0.009800675869157264,0.029528134527182837,0.009800675869157288,,0.0,7.987878322601318,ok
B_alpha0.005,0.8,0.5,0.005,0.5623413251903491,0.008891397050194615,0.6,20,200,5,1.0,predictive,P1+P2 (protect),coarse,0.002811706625951745,20,3.0,True,True,0.10621254301260839,0.16962765293927304,94.62484618520564,8.303723470607201,2.5603300727600766,3.8994817024938593,5.236464754138863,41.518617353036085,2.2790943489423814,0.41518617353036,5.165740821436337,11.773210714236532,0.0043227079448037485,0.04655948726839837,0.019497408512469297,0.2740309876073406,0.019497408512469307,,0.0,8.399292707443237,ok
B_alpha0.005,0.8,0.5,0.005,0.5623413251903491,0.008891397050194615,0.6,20,200,5,1.0,predictive,P1+P2 (protect),coarse,0.011856868528308275,20,3.0,True,True,0.15922698663383858,0.25312835230559677,108.53996270604898,7.468716476943914,0.9847182146755691,6.02550886024016,5.521056448140357,37.34358238471982,2.906522507344158,0.3734358238471957,5.295699454886701,15.392069657758384,0.0040498721309870445,0.049089905016953005,0.030127544301200803,0.8060717529393369,0.03012754430120093,,0.0,8.233501672744751,ok
B_alpha0.005,0.8,0.5,0.005,0.5623413251903491,0.008891397050194615,0.6,20,200,5,1.0,predictive,P1+P2 (protect),coarse,0.049999999999999996,20,3.0,True,True,0.1876650183206302,0.29301763832373606,123.48096519742117,7.069823616762558,0.38514666246881285,8.272149501770826,4.272880218997802,35.34911808381257,3.493183759341562,0.3534911808381279,5.855159518399196,20.453148138026233,0.003385542014975275,0.037991874575032225,0.041360747508854136,1.0564336338820957,0.04136074750885429,,0.0,7.918613910675049,ok
B_alpha0.005,0.8,0.5,0.005,0.5623413251903491,0.008891397050194615,0.6,20,200,5,1.0,predictive,P1+P2 (protect),coarse,0.21084825171429109,20,3.0,True,True,0.20997088019474197,0.3154922255475438,137.33534383193864,6.84507774452442,0.17998586421536364,10.029973429174962,2.9449629620852535,34.225388722622334,4.012674478147346,0.34225388722622097,6.385284391424109,25.62206771318013,0.0026085639807221085,0.026184834994017057,0.05014986714587481,0.9799807249139921,0.05014986714587503,,0.0,8.099198818206787,ok
B_alpha0.005,0.8,0.5,0.005,0.5623413251903491,0.008891397050194615,0.6,20,200,5,1.0,predictive,P1+P2 (protect),coarse,0.8891397050194615,20,3.0,True,True,0.2281963819526042,0.3294620425016605,145.6919607473607,6.705379574983273,0.11798708142888469,10.945672057168284,2.2309612864195585,33.5268978749164,4.345524637886707,0.33526897874916367,6.663058862381721,28.954486450169142,0.0021254663910342383,0.019836362601168635,0.054728360285841424,0.8675337260336872,0.05472836028584173,,0.0,8.084337711334229,ok
B_alpha0.005,0.8,0.5,0.005,0.5623413251903491,0.008891397050194615,0.6,20,200,5,1.0,predictive,P1+P2 (protect),coarse,8.891397050194613e-06,20,10.0,True,True,4.063864252432428e-05,6.498758140270267e-05,53.23557373644562,9.999350124185973,9.648849897523485,0.13747756128958244,0.21432241700095922,49.99675062092979,1.0647806722495279,0.49996750620929864,5.987909223867627,6.37581000875892,0.0014816603314085246,0.0019056257063129773,0.0006873878064479122,0.001298976883317643,0.0006873878064479143,,0.0,7.9995036125183105,ok
B_alpha0.005,0.8,0.5,0.005,0.5623413251903491,0.008891397050194615,0.6,20,200,5,1.0,predictive,P1+P2 (protect),coarse,3.7494710466622786e-05,20,10.0,True,True,0.001133849617917962,0.0018129990374131304,55.79426836804322,9.98187000962586,8.656396358268672,0.5332296580567841,0.828503974048683,49.90935004812934,1.1179121409964035,0.499093500481293,5.9062463147244335,6.602664462945709,0.003322865789264097,0.007366557790930943,0.0026661482902839207,0.005289515348432185,0.0026661482902839307,,0.0,7.993980646133423,ok
B_alpha0.005,0.8,0.5,0.005,0.5623413251903491,0.008891397050194615,0.6,20,200,5,1.0,predictive,P1+P2 (protect),coarse,0.00015811388300841894,20,10.0,True,True,0.022697047838953387,0.03628403609460616,70.87236914871693,9.637159639053921,6.1094581908425045,1.6829881855663782,2.570393984537196,48.18579819526957,1.4708144682279958,0.4818579819526961,5.634369633456519,8.287112376232317,0.004273724409075372,0.02285439349195186,0.00841494092783189,0.021663912006237268,0.00841494092783193,,0.0,8.063084602355957,ok
B_alpha0.005,0.8,0.5,0.005,0.5623413251903491,0.008891397050194615,0.6,20,200,5,1.0,predictive,P1+P2 (protect),coarse,0.0006667607160816619,20,10.0,True,True,0.09416477191385376,0.1504239619054602,92.00924212812193,8.495760380945383,2.9648269942305374,3.5704928578487096,4.968919766975371,42.47880190472667,2.1660037007278197,0.42478801904726915,5.20549928469628,11.275130714788162,0.00433902958591884,0.044180638558738786,0.017852464289243548,0.20257455944679043,0.017852464289243718,,0.0,8.093255996704102,ok
B_alpha0.005,0.8,0.5,0.005,0.5623413251903491,0.008891397050194615,0.6,20,200,5,1.0,predictive,P1+P2 (protect),coarse,0.002811706625951745,20,10.0,True,True,0.15285483582583642,0.2433247274610278,106.27724684147313,7.5667527253896605,1.1537704509980027,5.661392512156686,5.61808431145565,37.833763626948134,2.809058276342728,0.378337636269483,5.233794814912413,14.70203464150937,0.004120299879914073,0.04995261827462236,0.02830696256078343,0.7262086254023259,0.028306962560783414,,0.0,8.009032249450684,ok
B_alpha0.005,0.8,0.5,0.005,0.5623413251903491,0.008891397050194615,0.6,20,200,5,1.0,predictive,P1+P2 (protect),coarse,0.011856868528308275,20,10.0,True,True,0.1837711979636682,0.288184823276812,120.97215951287812,7.1181517672317645,0.44593929925493603,7.91920993080715,4.516699002706149,35.59075883615891,3.3989766857675097,0.3559075883615882,5.754345805868994,19.55888723599276,0.003514915476476227,0.040159764189278094,0.03959604965403575,1.0445092823751378,0.039596049654035896,,0.0,8.182971715927124,ok
B_alpha0.005,0.8,0.5,0.005,0.5623413251903491,0.008891397050194615,0.6,20,200,5,1.0,predictive,P1+P2 (protect),coarse,0.049999999999999996,20,10.0,True,True,0.2064253218281443,0.3124341747448206,135.36549002227528,6.875658252551682,0.19958703506654268,9.799794060635023,3.1249606517467523,34.378291262758424,3.9375281623992473,0.3437829126275841,6.3146610007785275,24.864155526569668,0.002722887726557311,0.027785265920916114,0.04899897030317511,1.0022061333805927,0.04899897030317507,,0.0,7.912615537643433,ok
B_alpha0.005,0.8,0.5,0.005,0.5623413251903491,0.008891397050194615,0.6,20,200,5,1.0,predictive,P1+P2 (protect),coarse,0.21084825171429109,20,10.0,True,True,0.22585482647657013,0.3277839279526199,144.76595779455724,6.722160720473684,0.12353157502786345,10.847870832525915,2.3064368719725366,33.61080360236839,4.307125753588238,0.3361080360236842,6.633847704244174,28.57281629233229,0.002178146275842034,0.02050744599991618,0.05423935416262958,0.8800545560679094,0.054239354162630156,,0.0,8.121091365814209,ok
B_alpha0.005,0.8,0.5,0.005,0.5623413251903491,0.008891397050194615,0.6,20,200,5,1.0,predictive,P1+P2 (protect),coarse,0.8891397050194615,20,10.0,True,True,0.23550715634763364,0.3345896887073725,148.41573664327842,6.654103112926151,0.10277556234953242,11.234136576196635,2.0089847485276815,33.27051556463054,4.4608787728272326,0.33270515564630754,6.748805291875692,30.105602268472367,0.0019735358713040057,0.017862681066944764,0.056170682880983175,0.8375727516721122,0.05617068288098319,,0.0,7.957204818725586,ok
B_alpha0.005,0.8,0.5,0.005,0.5623413251903491,0.008891397050194615,0.6,20,200,5,1.0,predictive,P1+P2 (protect),coarse,8.891397050194613e-06,20,30.0,True,True,0.00047564981003412596,0.000760575349925668,54.611616546675975,9.992394246500744,9.00764163188121,0.3912222786866422,0.6087418429314031,49.96197123250366,1.093063688230688,0.4996197123250372,5.936048001592772,6.4884785221353996,0.0028975945713148833,0.005412565426570348,0.0019561113934332113,0.003809151314760823,0.001956111393433215,,0.0,8.071341276168823,ok
B_alpha0.005,0.8,0.5,0.005,0.5623413251903491,0.008891397050194615,0.6,20,200,5,1.0,predictive,P1+P2 (protect),coarse,3.7494710466622786e-05,20,30.0,True,True,0.01290110247982741,0.02062558332317997,65.74794445433415,9.793744166768171,6.851182506609972,1.3224505855124353,2.0326227411094218,48.968720833840884,1.3426518670444343,0.48968720833840856,5.725011462263592,7.686697328658999,0.00417193104171707,0.018072855844458623,0.006612252927562177,0.014956657772697137,0.006612252927562207,,0.0,8.185863256454468,ok
B_alpha0.005,0.8,0.5,0.005,0.5623413251903491,0.008891397050194615,0.6,20,200,5,1.0,predictive,P1+P2 (protect),coarse,0.00015811388300841894,20,30.0,True,True,0.07566332740375832,0.12090081031232097,87.7840127231336,8.790991896876784,3.6272161874015585,3.0987714247832945,4.4830204909383635,43.954959484383664,1.9971355622411968,0.4395495948438392,5.288569658961299,10.561990539301409,0.004352490130375881,0.039860315169091824,0.015493857123916472,0.1217416578266176,0.015493857123916498,,0.0,7.969356536865234,ok
B_alpha0.005,0.8,0.5,0.005,0.5623413251903491,0.008891397050194615,0.6,20,200,5,1.0,predictive,P1+P2 (protect),coarse,0.0006667607160816619,20,30.0,True,True,0.14222533056106623,0.22672664986096516,103.06798393736024,7.732733501390254,1.4510742504870164,5.145857670250432,5.670334577872298,38.66366750695116,2.665758076851611,0.3866366750695127,5.169437646732331,13.780470159557497,0.004202199072693196,0.050417196139309894,0.025729288351252162,0.5985150462582952,0.025729288351252214,,0.0,8.105514287948608,ok
B_alpha0.005,0.8,0.5,0.005,0.5623413251903491,0.008891397050194615,0.6,20,200,5,1.0,predictive,P1+P2 (protect),coarse,0.002811706625951745,20,30.0,True,True,0.1777886555707061,0.28026426414808914,117.34335915586047,7.197357358519023,0.5548308234985357,7.390494364439187,4.857317453543255,35.98678679259491,3.2607345532723833,0.35986786792595116,5.609903666609215,18.292406726242103,0.003691862992692782,0.04318833807829376,0.03695247182219594,1.008253118149542,0.03695247182219579,,0.0,7.999359846115112,ok
B_alpha0.005,0.8,0.5,0.005,0.5623413251903491,0.008891397050194615,0.6,20,200,5,1.0,predictive,P1+P2 (protect),coarse,0.011856868528308275,20,30.0,True,True,0.2012145444235309,0.30763801687237713,132.26519606311876,6.923619831276159,0.23562784561936748,9.424485687376775,3.4162666357276983,34.61809915638076,3.8206949337580784,0.346180991563808,6.199715527340711,23.687221706051947,0.002901268050234083,0.03037538308758823,0.04712242843688388,1.0309201071212077,0.04712242843688394,,0.0,8.657109260559082,ok
B_alpha0.005,0.8,0.5,0.005,0.5623413251903491,0.008891397050194615,0.6,20,200,5,1.0,predictive,P1+P2 (protect),coarse,0.049999999999999996,20,30.0,True,True,0.22194324616747696,0.32492031637808744,143.1326115728986,6.750796836218981,0.13398636870371394,10.673807846218647,2.4414089488586574,33.75398418109486,4.240465682657552,0.3375398418109491,6.581528585446033,27.908746106013606,0.0022718880889081613,0.021707536326199917,0.053369039231093235,0.9028479029251844,0.053369039231093374,,0.0,7.853694915771484,ok
B_alpha0.005,0.8,0.5,0.005,0.5623413251903491,0.008891397050194615,0.6,20,200,5,1.0,predictive,P1+P2 (protect),coarse,0.21084825171429109,20,30.0,True,True,0.23416669227824594,0.33365443020803986,147.92277431335646,6.663455697919478,0.10548548589491552,11.181170848527875,2.0498879676577313,33.31727848959743,4.439821648684241,0.3331727848959739,6.733018948725338,29.893403289551962,0.0020005762426741464,0.018226367828860675,0.05590585424263938,0.841421010818617,0.05590585424263993,,0.0,8.117766857147217,ok
B_alpha0.005,0.8,0.5,0.005,0.5623413251903491,0.008891397050194615,0.6,20,200,5,1.0,predictive,P1+P2 (protect),coarse,0.8891397050194615,20,30.0,True,True,0.23742934205459265,0.3359600573562142,149.17188989358567,6.640399426437733,0.09826644566685347,11.31871873419068,1.9426153937047346,33.2019971321884,4.492858947601309,0.33201997132188665,6.774436976978165,30.436589786977514,0.00193291272979476,0.017272564781248056,0.0565935936709534,0.8365013728644937,0.05659359367095424,,0.0,8.020986795425415,ok
B_alpha0.005,0.8,0.5,0.005,0.5623413251903491,0.008891397050194615,0.6,20,200,5,1.0,predictive,P1+P2 (protect),coarse,8.891397050194613e-06,20,100.0,True,True,0.00824903209904969,0.01318865076051174,62.688079626788756,9.868113492394874,7.321886514184315,1.1053627051226884,1.7046372882981222,49.34056746197426,1.2705180108660312,0.4934056746197437,5.777537315704464,7.340465218053105,0.004063492191432507,0.015156606956825747,0.005526813525613442,0.011923582802531033,0.005526813525613461,,0.0,8.033890008926392,ok
B_alpha0.005,0.8,0.5,0.005,0.5623413251903491,0.008891397050194615,0.6,20,200,5,1.0,predictive,P1+P2 (protect),coarse,3.7494710466622786e-05,20,100.0,True,True,0.06271546667200772,0.10022562779501594,84.52075835893787,8.997743722049794,4.129929561913016,2.7772559321789334,4.095070783858256,44.988718610249,1.878710062652973,0.4498871861024897,5.358826920009751,10.067682058637956,0.004354336927086076,0.036410900287935616,0.013886279660894667,0.0823629284575172,0.013886279660894672,,0.0,8.056732654571533,ok
B_alpha0.005,0.8,0.5,0.005,0.5623413251903491,0.008891397050194615,0.6,20,200,5,1.0,predictive,P1+P2 (protect),coarse,0.00015811388300841894,20,100.0,True,True,0.13376876066634102,0.2133952583625433,100.85930929042094,7.866047416374503,1.6984553236558924,4.79847669313008,5.637020566839524,39.33023708187256,2.564421594521924,0.39330237081872516,5.144758914244418,13.193330858297553,0.00424615874040216,0.05012098803988351,0.023992383465650403,0.506304013171116,0.023992383465650562,,0.0,7.9479124546051025,ok
B_alpha0.005,0.8,0.5,0.005,0.5623413251903491,0.008891397050194615,0.6,20,200,5,1.0,predictive,P1+P2 (protect),coarse,0.0006667607160816619,20,100.0,True,True,0.17331511678032718,0.2740138088918185,114.87311987438302,7.25986191108175,0.6472775199672365,7.01854840164705,5.074312167303964,36.299309555408584,3.164608949353059,0.36299309555408754,5.514414750554143,17.45096627004816,0.003803862185449753,0.04511772423613371,0.03509274200823525,0.968930528200011,0.03509274200823534,,0.0,8.133583068847656,ok
B_alpha0.005,0.8,0.5,0.005,0.5623413251903491,0.008891397050194615,0.6,20,200,5,1.0,predictive,P1+P2 (protect),coarse,0.002811706625951745,20,100.0,True,True,0.1975842740152777,0.3040473082402925,129.98007678066293,6.959526917596969,0.26696237461426425,9.137382919877425,3.6361277879113416,34.79763458798456,3.735313572881312,0.3479763458798485,6.112339668858104,22.83150532714654,0.0030308468666195697,0.03233025588756581,0.045686914599387125,1.046261199521052,0.04568691459938736,,0.0,8.072171688079834,ok
B_alpha0.005,0.8,0.5,0.005,0.5623413251903491,0.008891397050194615,0.6,20,200,5,1.0,predictive,P1+P2 (protect),coarse,0.011856868528308275,20,100.0,True,True,0.21892515677626,0.3226492014154057,141.79016380524877,6.77350798584578,0.14330895558374132,10.528700018139793,2.5544830404306875,33.867539929229004,4.186609482163136,0.33867539929228896,6.53761294601072,27.370432350480954,0.002349504724501235,0.022712922970456777,0.052643500090698965,0.9216486373353195,0.05264350009069956,,0.0,7.952533721923828,ok
B_alpha0.005,0.8,0.5,0.005,0.5623413251903491,0.008891397050194615,0.6,20,200,5,1.0,predictive,P1+P2 (protect),coarse,0.049999999999999996,20,100.0,True,True,0.23293354205558994,0.3327950616609466,147.4717388825619,6.672049383390445,0.10794968833882916,11.133259508364812,2.0867414199059144,33.360246916951986,4.420582954607097,0.33360246916952224,6.718792191415122,29.70097823691695,0.002025536211827127,0.01855404650547025,0.05566629754182406,0.845870101358119,0.05566629754182437,,0.0,7.878306150436401,ok
B_alpha0.005,0.8,0.5,0.005,0.5623413251903491,0.008891397050194615,0.6,20,200,5,1.0,predictive,P1+P2 (protect),coarse,0.21084825171429109,20,100.0,True,True,0.23722060728279531,0.33580601391490805,149.08139457686306,6.64193986085081,0.09886722278221313,11.30814612600353,1.9510467903634467,33.20969930425391,4.489091973132285,0.3320969930425405,6.771176588390488,30.39643447160499,0.0019376751829350745,0.01734753167662862,0.056540730630017653,0.8360028034459474,0.05654073063001824,,0.0,8.100149393081665,ok
B_alpha0.005,0.8,0.5,0.005,0.5623413251903491,0.008891397050194615,0.6,20,200,5,1.0,predictive,P1+P2 (protect),coarse,0.8891397050194615,20,100.0,True,True,0.23785398529561874,0.3362904196570634,149.38167147053528,6.637095803429238,0.0966777044392989,11.34444498846298,1.9217815036684827,33.18547901714607,4.50141676102833,0.3318547901714619,6.782509036924688,30.530899860638907,0.001922135701239382,0.01708732239283499,0.0567222249423149,0.8393536817102583,0.05672222494231572,,0.0,8.236762762069702,ok
B_alpha0.005,0.8,0.5,0.005,0.5623413251903491,0.008891397050194615,0.6,20,200,5,1.0,base,Base,fine,1.026762513228573e-05,0,1.0,False,False,1.7328556079517534e-05,2.7712288059222442e-05,53.06881836826459,9.999722877119355,9.80229533095444,0.02012925877883893,0.1778525331473661,49.99861438559707,1.0614057813480515,0.49998614385596774,5.978544205174353,6.34566138341695,0.0,0.0,,,,,3.0253575505447487e-61,0.41281557083129883,ok
B_alpha0.005,0.8,0.5,0.005,0.5623413251903491,0.008891397050194615,0.6,20,200,5,1.0,base,Base,fine,1.1856868528308275e-05,0,1.0,False,False,1.915851035105671e-05,3.063871463495614e-05,53.10258712839152,9.999693612853617,9.774455538568803,0.02317888685132087,0.20267196172625834,49.998468064268266,1.0620842834651094,0.49998468064268087,5.973399478473722,6.344253704945621,0.0,0.0,,,,,5.107142683220203e-60,0.4545421600341797,ok
B_alpha0.005,0.8,0.5,0.005,0.5623413251903491,0.008891397050194615,0.6,20,200,5,1.0,base,Base,fine,1.3692098171321804e-05,0,1.0,False,False,2.139325379342041e-05,3.421246280412035e-05,53.141507283755395,9.999657875371964,9.743110017953796,0.026680723771962258,0.23055138290227709,49.99828937685976,1.062866508956012,0.4999828937685982,5.967631489236294,6.342795647700547,0.0,0.0,,,,,8.557341199462445e-59,0.45136332511901855,ok
B_alpha0.005,0.8,0.5,0.005,0.5623413251903491,0.008891397050194615,0.6,20,200,5,1.0,base,Base,fine,1.5811388300841894e-05,0,1.0,False,False,2.4137723906608346e-05,3.860134122814108e-05,53.186358952564674,9.9996139865877,9.707928003409116,0.030699163851703622,0.2617588461514803,49.99806993293856,1.0637682419321886,0.49998069932938505,5.961189200735262,6.341323755891298,0.0,0.0,,,,,1.4217798932321413e-57,0.4917871952056885,ok
B_alpha0.005,0.8,0.5,0.005,0.5623413251903491,0.008891397050194615,0.6,20,200,5,1.0,base,Base,fine,1.825870636274188e-05,0,1.0,False,False,2.7527988703398005e-05,4.402293934214514e-05,53.23804041141886,9.999559770606535,9.668574782182587,0.03530713357881612,0.29655831363206253,49.997798853032876,1.0648076841924698,0.4999779885303267,5.954023706598614,6.339890194650335,0.0,0.0,,,,,2.3398360139527523e-56,0.4175698757171631,ok
B_alpha0.005,0.8,0.5,0.005,0.5623413251903491,0.008891397050194615,0.6,20,200,5,1.0,base,Base,fine,2.108482517142911e-05,0,1.0,False,False,3.174134968564785e-05,5.076078267231302e-05,53.29758656954612,9.99949239217324,9.62471822915571,0.04058710023720295,0.33520227843384814,49.997461960866325,1.0660058426818315,0.49997461960866196,5.946090023435255,6.338566706094131,0.0,0.0,,,,,3.8095708312418124e-55,0.41162729263305664,ok
B_alpha0.005,0.8,0.5,0.005,0.5623413251903491,0.008891397050194615,0.6,20,200,5,1.0,base,Base,fine,2.4348376258293153e-05,0,1.0,False,False,3.7009876097369684e-05,5.91859748487055e-05,53.36619059070288,9.999408140251402,9.57603620260227,0.0466321865047993,0.377923470641529,49.99704070125759,1.0673869861533734,0.4999704070125701,5.937349096926438,6.337449158308764,0.0,0.0,,,,,6.128175971747215e-54,0.4591643810272217,ok
B_alpha0.005,0.8,0.5,0.005,0.5623413251903491,0.008891397050194615,0.6,20,200,5,1.0,base,Base,fine,2.811706625951745e-05,0,1.0,False,False,4.36385407918177e-05,6.978619764856562e-05,53.4452292213561,9.99930213802349,9.522224455646345,0.053547403191481484,0.4249260031386837,49.996510690117574,1.068979184419768,0.49996510690117446,5.927769941006352,6.336662676964986,0.0,0.0,,,,,9.725792947220655e-53,0.41762471199035645,ok
B_alpha0.005,0.8,0.5,0.005,0.5623413251903491,0.008891397050194615,0.6,20,200,5,1.0,base,Base,fine,3.2469081578810564e-05,0,1.0,False,False,5.202950918260618e-05,8.32045497944154e-05,53.536292437470735,9.999167954501985,9.463004578106455,0.06145101352543928,0.4763764538661209,49.99583977251029,1.0708149454248617,0.49995839772509926,5.91733179636483,6.336367324585204,0.0,0.0,,,,,1.5204681304623646e-51,0.4555947780609131,ok
B_alpha0.005,0.8,0.5,0.005,0.5623413251903491,0.008891397050194615,0.6,20,200,5,1.0,base,Base,fine,4.329821616800326e-05,0,1.0,False,False,7.639872972459864e-05,0.00012217411625236642,53.76213181485603,9.998778258837426,9.327398946154851,0.08077194717116414,0.593050847836559,49.99389129418741,1.0753740191675527,0.4999389129418713,5.8938585599202895,6.338102367986566,0.0,0.0,,,,,3.527462953771051e-49,0.42398881912231445,ok
B_alpha0.005,0.8,0.5,0.005,0.5623413251903491,0.008891397050194615,0.6,20,200,5,1.0,base,Base,fine,4.9999999999999996e-05,0,1.0,False,False,9.401729866350398e-05,0.00015034830247109257,53.90149365993888,9.9984965169753,9.250644983864134,0.09250644983864112,0.6583520493219251,49.99248258487643,1.0781919775323379,0.49992482584876496,5.8808497960826465,6.340685071208995,0.0,0.0,,,,,5.215078492069707e-48,0.5487627983093262,ok
B_alpha0.005,0.8,0.5,0.005,0.5623413251903491,0.008891397050194615,0.6,20,200,5,1.0,base,Base,fine,5.7739099234472904e-05,0,1.0,False,False,0.00011681262171030716,0.00018680053190972884,54.062149979079805,9.99813199468087,9.167752384276511,0.10586755293456358,0.7282480681080552,49.990659973404505,1.0814450140854586,0.4999065997340435,5.86703667477662,6.344877559393704,0.0,0.0,,,,,7.537902740000772e-47,0.41858386993408203,ok
B_alpha0.005,0.8,0.5,0.005,0.5623413251903491,0.008891397050194615,0.6,20,200,5,1.0,base,Base,fine,6.66760716081662e-05,0,1.0,False,False,0.00014643402240293254,0.00023416813096224632,54.247391978525606,9.997658318690243,9.078648062796754,0.12106571766807442,0.8026279008449283,49.98829159345189,1.0852019592850344,0.4998829159345122,5.852471922380194,6.351113996827638,0.0,0.0,,,,,1.0628750043818729e-45,0.45490002632141113,ok
B_alpha0.005,0.8,0.5,0.005,0.5623413251903491,0.008891397050194615,0.6,20,200,5,1.0,base,Base,fine,7.699632630297458e-05,0,1.0,False,False,0.00018506859370432118,0.0002959483082267097,54.461018954728786,9.99704051691771,8.98329858481423,0.13833619782268092,0.8813247004453781,49.98520258458862,1.0895428274511014,0.4998520258458855,5.837223298359165,6.359904776957689,0.0,0.0,,,,,1.4586711068740447e-44,0.4478442668914795,ok
B_alpha0.005,0.8,0.5,0.005,0.5623413251903491,0.008891397050194615,0.6,20,200,5,1.0,base,Base,fine,8.891397050194613e-05,0,1.0,False,False,0.0002356101728893044,0.00037676832823332895,54.70740454542428,9.996232316717595,8.881702729272314,0.15794149089551354,0.9641234631145769,49.98116158358833,1.0945604866331848,0.49981161583587974,5.82137182347746,6.371843575978199,0.0,0.0,,,,,1.943710139686616e-43,0.4677441120147705,ok
B_alpha0.005,0.8,0.5,0.005,0.5623413251903491,0.008891397050194615,0.6,20,200,5,1.0,base,Base,fine,0.00010267625132285729,0,1.0,False,False,0.0003018752533932831,0.0004827307257831954,54.991562514338256,9.995172692742086,8.773881274869101,0.18017384777107362,1.0507721846177391,49.97586346371083,1.1003624290407608,0.4997586346371043,5.805009121337308,6.387613937358493,0.0,0.0,,,,,2.5085199568235683e-42,0.43610119819641113,ok
B_alpha0.005,0.8,0.5,0.005,0.5623413251903491,0.008891397050194615,0.6,20,200,5,1.0,base,Base,fine,0.00011856868528308274,0,1.0,False,False,0.00038887510548281574,0.0006218483804115735,55.319206767491174,9.99378151619581,8.659864510645589,0.20535774995137504,1.1409962232072264,49.96890758097939,1.1070725666323826,0.4996890758097905,5.788233896513535,6.407994956081796,0.0,0.0,,,,,3.127452295490366e-41,0.4263124465942383,ok
B_alpha0.005,0.8,0.5,0.005,0.5623413251903491,0.008891397050194615,0.6,20,200,5,1.0,base,Base,fine,0.00013692098171321805,0,1.0,False,False,0.0005031531193424803,0.0008045838547403773,55.69679797012552,9.991954161452535,8.539678118489059,0.23385222229968122,1.2345154977587252,49.959770807262984,1.1148329359835356,0.4995977080726267,5.7711475915568675,6.433865413489653,0.0,0.0,,,,,3.7565886215260506e-40,0.44499826431274414,ok
B_alpha0.005,0.8,0.5,0.005,0.5623413251903491,0.008891397050194615,0.6,20,200,5,1.0,predictive,P2 only,fine,1.1301515135709607e-05,0,3.0,False,False,4.753789631597452e-05,7.60217490719547e-05,53.47670612678258,9.99923978250927,9.501349416897002,0.05619740648437045,0.44321339410935856,49.996198912546426,1.0696154365719737,0.49996198912546347,5.924033686576789,6.336437877934911,0.0,0.0,0.00028098703242185227,0.23436219432578315,0.00028098703242185276,,0.0,1.0674231052398682,ok
B_alpha0.005,0.8,0.5,0.005,0.5623413251903491,0.008891397050194615,0.6,20,200,5,1.0,predictive,P2 only,fine,1.4364924166768311e-05,0,3.0,False,False,6.516651743387189e-05,0.00010421224973840517,53.64662216005693,9.998957877502608,9.395455464241477,0.07079748334696101,0.5347891749089531,49.994789387513045,1.0730442675583305,0.4999478938751304,5.9055286278395265,6.336893641004817,0.0,0.0,0.0003539874167348051,0.2844100608563867,0.0003539874167348054,,0.0,1.073362112045288,ok
B_alpha0.005,0.8,0.5,0.005,0.5623413251903491,0.008891397050194615,0.6,20,200,5,1.0,predictive,P2 only,fine,1.825870636274188e-05,0,3.0,False,False,9.215738641917279e-05,0.00014737384719384005,53.86293142356768,9.998526261528053,9.272935581379192,0.08905391141597965,0.6394842456767762,49.99263130764029,1.077417411620338,0.4999263130764026,5.884591385355666,6.3401612188532415,0.0,0.0,0.00044526955707989825,0.34204532293074225,0.0004452695570798988,,0.0,1.0210704803466797,ok
B_alpha0.005,0.8,0.5,0.005,0.5623413251903491,0.008891397050194615,0.6,20,200,5,1.0,predictive,P2 only,fine,2.3207944168063906e-05,0,3.0,False,False,0.0001341131462602616,0.0002144654228930322,54.13860077455857,9.997855345771065,9.133011270933677,0.11183100735362321,0.7573023759416344,49.9892767288553,1.0830042824626056,0.49989276728855325,5.861337621635206,6.347853745190112,0.0,0.0,0.0005591550367681161,0.4071777657459319,0.0005591550367681158,,0.0,1.174558162689209,ok
B_alpha0.005,0.8,0.5,0.005,0.5623413251903491,0.008891397050194615,0.6,20,200,5,1.0,predictive,P2 only,fine,2.9498731279617794e-05,0,3.0,False,False,0.0002001350740764973,0.00032004013000999155,54.49028109167458,9.996799598699909,8.975232018888434,0.14018091116249104,0.8877874712491671,49.983997993499536,1.0901545150262109,0.4998399799349954,5.8360065727750685,6.362148915033384,0.0,0.0,0.0007009045558124552,0.47919371087394796,0.0007009045558124558,,0.0,1.030815839767456,ok
B_alpha0.005,0.8,0.5,0.005,0.5623413251903491,0.008891397050194615,0.6,20,200,5,1.0,predictive,P1 only (protect),fine,1.4364924166768311e-05,15,1.0,True,True,2.2245436071757925e-05,3.557524982828551e-05,53.15575701121598,9.999644247501719,9.731825464069164,0.027959386735011492,0.240570901694106,49.998221237508545,1.063152962156555,0.49998221237508594,5.965561457188761,6.342304334137205,1.2167757068577447e-10,1.24136976209657e-10,0.00013979693367505746,0.1263377586916527,0.0001397969336750576,,0.0,2.6671557426452637,ok
B_alpha0.005,0.8,0.5,0.005,0.5623413251903491,0.008891397050194615,0.6,20,200,5,1.0,predictive,P1 only (protect),fine,2.3207944168063906e-05,15,1.0,True,True,3.511921924960033e-05,5.6162524523111253e-05,53.34223512739237,9.999438374754767,9.59281895817464,0.04452591814671497,0.3632167489238789,49.9971918737738,1.0669046226048793,0.4999719187377384,5.9403545379818,6.337791716484654,1.7313087363487545e-09,1.7878552842473211e-09,0.00022262959073357486,0.19251891314199523,0.00022262959073357473,,0.0,2.6402931213378906,ok
B_alpha0.005,0.8,0.5,0.005,0.5623413251903491,0.008891397050194615,0.6,20,200,5,1.0,predictive,P1 only (protect),fine,6.0576382931429375e-05,15,1.0,True,True,0.0001258102222189836,0.0002011886356358379,54.12097135673076,9.997988113643633,9.138745174139528,0.11071796785425377,0.7525487443625867,49.98994056821814,1.0826372414441114,0.4998994056821816,5.862262558865362,6.346703765351093,2.392927652224638e-07,2.59705333127527e-07,0.0005535898392712689,0.4084937412495172,0.0005535898392712682,,0.0,2.4482803344726562,ok
B_alpha0.005,0.8,0.5,0.005,0.5623413251903491,0.008891397050194615,0.6,20,200,5,1.0,predictive,P1 only (protect),fine,9.786708907438307e-05,15,1.0,True,True,0.00027754990045735244,0.00044383295095522214,54.892149268769536,9.995561670490444,8.810525592598026,0.17244792504242,1.0214648118691105,49.97780835245222,1.0983304606248543,0.4997780835245222,5.810517095111449,6.3818679175423485,2.1217083415532485e-06,2.414230812965994e-06,0.0008622396252121001,0.558970069078873,0.0008622396252121002,,0.0,2.5911238193511963,ok
B_alpha0.005,0.8,0.5,0.005,0.5623413251903491,0.008891397050194615,0.6,20,200,5,1.0,predictive,P1+P2 (protect),fine,1.1301515135709607e-05,5,3.0,True,True,4.753789631597452e-05,7.60217490719547e-05,53.47670612678258,9.99923978250927,9.501349416897002,0.056197406484370445,0.44321339410935856,49.996198912546426,1.0696154365719737,0.49996198912546347,5.924033686576789,6.336437877934911,3.2824169778293265e-27,3.282622669459384e-27,0.0002809870324218522,0.23436219432578312,0.00028098703242185276,,0.0,1.0473740100860596,ok
B_alpha0.005,0.8,0.5,0.005,0.5623413251903491,0.008891397050194615,0.6,20,200,5,1.0,predictive,P1+P2 (protect),fine,1.4364924166768311e-05,5,3.0,True,True,6.516651743387189e-05,0.00010421224973840518,53.64662216005694,9.998957877502608,9.395455464241477,0.07079748334696104,0.5347891749089531,49.99478938751305,1.0730442675583307,0.4999478938751304,5.9055286278395265,6.336893641004819,1.1857856654554337e-25,1.1858801112233898e-25,0.0003539874167348052,0.28441006085638676,0.00035398741673480546,,0.0,1.2476794719696045,ok
B_alpha0.005,0.8,0.5,0.005,0.5623413251903491,0.008891397050194615,0.6,20,200,5,1.0,predictive,P1+P2 (protect),fine,1.825870636274188e-05,5,3.0,True,True,9.215738641917279e-05,0.00014737384719384005,53.86293142356769,9.998526261528053,9.272935581379194,0.08905391141597967,0.6394842456767744,49.99263130764029,1.0774174116203383,0.4999263130764026,5.884591385355667,6.340161218853243,4.05197396141372e-24,4.052384158719359e-24,0.00044526955707989836,0.3420453229307423,0.0004452695570798989,,0.0,1.062610387802124,ok
B_alpha0.005,0.8,0.5,0.005,0.5623413251903491,0.008891397050194615,0.6,20,200,5,1.0,predictive,P1+P2 (protect),fine,2.3207944168063906e-05,5,3.0,True,True,0.0001341131462602616,0.0002144654228930322,54.13860077455857,9.997855345771065,9.133011270933677,0.11183100735362321,0.7573023759416344,49.9892767288553,1.0830042824626056,0.49989276728855325,5.861337621635206,6.347853745190112,1.2968184805104741e-22,1.2969853398971095e-22,0.0005591550367681161,0.4071777657459319,0.0005591550367681158,,0.0,1.1643238067626953,ok
B_alpha0.005,0.8,0.5,0.005,0.5623413251903491,0.008891397050194615,0.6,20,200,5,1.0,predictive,P1+P2 (protect),fine,2.9498731279617794e-05,5,3.0,True,True,0.00020013507407649724,0.0003200401300099915,54.490281091674554,9.996799598699905,8.975232018888434,0.14018091116249098,0.8877874712491707,49.98399799349951,1.0901545150262109,0.49983997993499524,5.836006572775068,6.362148915033383,3.8453093978049504e-21,3.845938240824431e-21,0.0007009045558124549,0.4791937108739478,0.0007009045558124555,,0.0,1.1260297298431396,ok
B_alpha0.005,0.8,0.5,0.005,3.1622776601683795,0.0015811388300841897,0.6,20,200,5,1.0,base,Base,coarse,1.5811388300841894e-06,0,1.0,False,False,9.498585850006571e-06,1.5196481228692496e-05,52.90668006005087,9.999848035187672,9.961705773218744,0.0031501679623819846,0.03529602363120211,49.999240175938596,1.0581496813527864,0.4999924017593836,6.008168546389227,6.357541632875594,0.0,0.0,,,,,1.332042329723801e-69,0.4628720283508301,ok
B_alpha0.005,0.8,0.5,0.005,3.1622776601683795,0.0015811388300841897,0.6,20,200,5,1.0,base,Base,coarse,6.6676071608166194e-06,0,1.0,False,False,1.4561410590468243e-05,2.329627357382681e-05,53.01696399469654,9.999767037264213,9.845418504655724,0.013129076584575858,0.14168538149548693,49.99883518632127,1.060363982423354,0.49998835186321067,5.9856569505131425,6.346975041466144,0.0,0.0,,,,,2.564367243174187e-57,0.40826988220214844,ok
B_alpha0.005,0.8,0.5,0.005,3.1622776601683795,0.0015811388300841897,0.6,20,200,5,1.0,base,Base,coarse,2.811706625951745e-05,0,1.0,False,False,5.7083947153892266e-05,9.132575378483677e-05,53.47873463904769,9.999086742461955,9.443909429633237,0.05310700543637593,0.5038968224684318,49.995433712310735,1.06967238141749,0.4999543371230978,5.909856445746916,6.321610218157607,0.0,0.0,,,,,1.2453890240612745e-45,0.42058897018432617,ok
B_alpha0.005,0.8,0.5,0.005,3.1622776601683795,0.0015811388300841897,0.6,20,200,5,1.0,base,Base,coarse,0.00011856868528308274,0,1.0,False,False,0.0007672995784227881,0.0012275399278406627,55.403735591754796,9.987724600721632,8.404217499955486,0.19929540396055948,1.4087624953623221,49.938623003607965,1.1094365895461713,0.4993862300360816,5.726006398740369,6.352641010738069,0.0,0.0,,,,,1.3572961758258122e-35,0.4151284694671631,ok
B_alpha0.005,0.8,0.5,0.005,3.1622776601683795,0.0015811388300841897,0.6,20,200,5,1.0,base,Base,coarse,0.0004999999999999999,0,1.0,False,False,0.008280086901278197,0.013246063238497524,61.43220264900134,9.867539367615047,6.306305156234124,0.6306305156234124,3.1955249605274165,49.337696838075246,1.2451372193278474,0.49337696838075235,5.369728680284539,6.686049037514483,0.0,0.0,,,,,3.006492257456067e-28,0.40952634811401367,ok
B_alpha0.005,0.8,0.5,0.005,3.1622776601683795,0.0015811388300841897,0.6,20,200,5,1.0,base,Base,coarse,0.002108482517142911,0,1.0,False,False,0.029201934872072267,0.04670802045579731,70.78592200424367,9.532919795442155,3.4488799803063634,1.4543806284400296,5.563819595811452,47.66459897721051,1.4850837628590556,0.4766459897721077,4.909031150368576,7.290322452781683,0.0,0.0,,,,,2.764247367885756e-23,0.5069959163665771,ok
B_alpha0.005,0.8,0.5,0.005,3.1622776601683795,0.0015811388300841897,0.6,20,200,5,1.0,base,Base,coarse,0.008891397050194613,0,1.0,False,False,0.04822772879092294,0.07697781505397304,81.94571234782723,9.230221849460383,1.5143403165978642,2.692920204797799,6.562517629143953,46.151109247301996,1.7755957263934623,0.46151109247301914,4.8244799529006706,8.566325986441363,0.0,0.0,,,,,1.14530364496071e-19,0.43291711807250977,ok
B_alpha0.005,0.8,0.5,0.005,3.1622776601683795,0.0015811388300841897,0.6,20,200,5,1.0,base,Base,coarse,0.03749471046662279,0,1.0,False,False,0.0637283214712289,0.10018517391703627,97.98773327664617,8.998148260829815,0.6083646928468683,4.562091603281849,5.831395443041468,44.99074130414901,2.1779532951952008,0.44990741304149073,5.235618758438642,11.402933127327247,0.0,0.0,,,,,8.442024328424286e-17,0.42274904251098633,ok
B_alpha0.005,0.8,0.5,0.005,3.1622776601683795,0.0015811388300841897,0.6,20,200,5,1.0,base,Base,coarse,0.158113883008419,0,1.0,False,False,0.08322025556839777,0.12485371002421064,117.66706915532373,8.751462899758113,0.21468314493429752,6.7888771324042,4.244976822903388,43.75731449879053,2.68908342532255,0.43757314498790567,5.891286986591824,15.842162189462508,0.0,0.0,,,,,3.710745488686365e-19,0.41073131561279297,ok
B_alpha0.005,0.8,0.5,0.005,3.1622776601683795,0.0015811388300841897,0.6,20,200,5,1.0,predictive,Check,check,0.0004999999999999999,0,1.0,False,False,0.008280086901278197,0.013246063238497526,61.43220264900139,9.867539367615043,6.306305156234101,0.630630515623411,3.195524960527445,49.33769683807528,1.2451372193278476,0.4933769683807522,5.369728680284532,6.686049037514475,0.0,0.0,0.003153152578117055,0.7824957097720895,0.0031531525781170588,8.894222320739687e-15,0.0,1.1914567947387695,ok
B_alpha0.005,0.8,0.5,0.005,3.1622776601683795,0.0015811388300841897,0.6,20,200,5,1.0,predictive,P2 only,coarse,1.5811388300841894e-06,0,3.0,False,False,1.1893130871023036e-05,1.9027411198698388e-05,52.961720855355566,9.99980972588801,9.899668000347802,0.008144715943285256,0.09237755782090318,49.99904862944009,1.059254571979416,0.4999904862944005,5.996037015902189,6.351329622852208,0.0,0.0,4.072357971642628e-05,0.03818992093167839,4.072357971642625e-05,,0.0,1.1685709953308105,ok
B_alpha0.005,0.8,0.5,0.005,3.1622776601683795,0.0015811388300841897,0.6,20,200,5,1.0,predictive,P2 only,coarse,6.6676071608166194e-06,0,3.0,False,False,3.27029211128023e-05,5.2319937912824234e-05,53.2496396918848,9.99947680062087,9.62123396736682,0.03350370622989489,0.3457855257824143,49.99738400310438,1.065048517109985,0.4999738400310435,5.942634939196097,6.329194529716789,0.0,0.0,0.00016751853114947444,0.1414910291310849,0.00016751853114947465,,0.0,1.0439841747283936,ok
B_alpha0.005,0.8,0.5,0.005,3.1622776601683795,0.0015811388300841897,0.6,20,200,5,1.0,predictive,P2 only,coarse,2.811706625951745e-05,0,3.0,False,False,0.00035851928637357087,0.0005735689724564102,54.48346458631506,9.99426431027542,8.82413953907746,0.13067653736694992,1.0509196132801684,49.97132155137716,1.0902946509088982,0.499713215513771,5.797395250237984,6.320869030539128,0.0,0.0,0.0006533826868347497,0.3921751879042448,0.0006533826868347499,,0.0,1.0553483963012695,ok
B_alpha0.005,0.8,0.5,0.005,3.1622776601683795,0.0015811388300841897,0.6,20,200,5,1.0,predictive,P2 only,coarse,0.00011856868528308274,0,3.0,False,False,0.004896895307367375,0.007833910660379792,58.94122731822434,9.921660893396222,7.0904395894634975,0.4451078957674594,2.542791621372822,49.60830446698106,1.1881322684079076,0.4960830446698111,5.497215815457652,6.531419496747526,0.0,0.0,0.002225539478837297,0.6451248784311202,0.0022255394788372965,,0.0,1.076216220855713,ok
B_alpha0.005,0.8,0.5,0.005,3.1622776601683795,0.0015811388300841897,0.6,20,200,5,1.0,predictive,P2 only,coarse,0.0004999999999999999,0,3.0,False,False,0.022957879681151993,0.03672344310948475,67.00976667934599,9.632765568905233,4.327541575689069,1.1187008926601723,4.920991962745526,48.163827844526004,1.391288227664444,0.48163827844526164,5.018577809195906,6.982288225552281,0.0,0.0,0.005593504463300861,0.8247547550897403,0.0055935044633008465,,0.0,1.0820469856262207,ok
B_alpha0.005,0.8,0.5,0.005,3.1622776601683795,0.0015811388300841897,0.6,20,200,5,1.0,predictive,P2 only,coarse,0.002108482517142911,0,3.0,False,False,0.04253544798786291,0.06795793235895702,75.72284766185948,9.320420676410526,2.087280231198864,2.1312772992336373,6.461021793156972,46.60210338205285,1.6248804703313338,0.4660210338205263,4.776474777678382,7.761200583279802,0.0,0.0,0.010656386496168187,1.319180111239122,0.010656386496168183,,0.0,1.0084590911865234,ok
B_alpha0.005,0.8,0.5,0.005,3.1622776601683795,0.0015811388300841897,0.6,20,200,5,1.0,predictive,P2 only,coarse,0.008891397050194613,0,3.0,False,False,0.05545126515830604,0.08760600477315493,88.4890776538787,9.12393995226858,0.929131686056319,3.7511864325784643,6.195741929096636,45.61969976134295,1.9397119691011697,0.456196997613429,5.050390976968864,9.796303826667057,0.0,0.0,0.01875593216289232,1.8293491766322088,0.01875593216289239,,0.0,1.077408790588379,ok
B_alpha0.005,0.8,0.5,0.005,3.1622776601683795,0.0015811388300841897,0.6,20,200,5,1.0,predictive,P2 only,coarse,0.03749471046662279,0,3.0,False,False,0.07043802205144198,0.10661559544179855,107.87447110804109,8.933844045582191,0.36164688235460063,5.968573345721002,4.735935726342206,44.66922022791096,2.4149620377889915,0.44669220227910955,5.684594087678784,13.72807892198401,0.0,0.0,0.029842866728605012,1.851529762192197,0.029842866728605096,,0.0,1.047990322113037,ok
B_alpha0.005,0.8,0.5,0.005,3.1622776601683795,0.0015811388300841897,0.6,20,200,5,1.0,predictive,P2 only,coarse,0.158113883008419,0,3.0,False,False,0.09350839002061792,0.13100096761590485,127.82031591133578,8.689990323841203,0.11672956445574181,7.997390003045929,3.1958901086571263,43.449951619205734,2.9417826982075783,0.4344995161920601,6.300454044289465,18.53456669834271,0.0,0.0,0.039986950015229644,1.4961178082294029,0.03998695001522974,,0.0,1.1205775737762451,ok
B_alpha0.005,0.8,0.5,0.005,3.1622776601683795,0.0015811388300841897,0.6,20,200,5,1.0,predictive,P2 only,coarse,1.5811388300841894e-06,0,10.0,False,False,2.448725293660928e-05,3.917612980724169e-05,53.154970269895294,9.999608238701924,9.70371269611983,0.02527587094227027,0.27140319423597603,49.998041193509586,1.063141055149887,0.49998041193509624,5.958197067236304,6.334403916852566,0.0,0.0,0.00012637935471135136,0.1097729264252446,0.00012637935471135147,,0.0,1.1804790496826172,ok
B_alpha0.005,0.8,0.5,0.005,3.1622776601683795,0.0015811388300841897,0.6,20,200,5,1.0,predictive,P2 only,coarse,6.6676071608166194e-06,0,10.0,False,False,0.00021737992260365132,0.00034777159786413285,54.08407247508396,9.996522284021353,9.03796352542089,0.10029151769101213,0.8652226728667447,49.9826114201068,1.082057758457319,0.49982611420106765,5.835056168940462,6.313867798636268,0.0,0.0,0.0005014575884550607,0.3262034787962158,0.0005014575884550599,,0.0,1.0515353679656982,ok
B_alpha0.005,0.8,0.5,0.005,3.1622776601683795,0.0015811388300841897,0.6,20,200,5,1.0,predictive,P2 only,coarse,2.811706625951745e-05,0,10.0,False,False,0.003308017564417852,0.005292112344561161,57.6915692915299,9.947078876554384,7.524543838650784,0.35491785745768517,2.1734594273371464,49.735394382771986,1.1599700777986368,0.4973539438277192,5.57079152752741,6.461951481585957,0.0,0.0,0.001774589287288426,0.58129063030019,0.001774589287288425,,0.0,1.0664522647857666,ok
B_alpha0.005,0.8,0.5,0.005,3.1622776601683795,0.0015811388300841897,0.6,20,200,5,1.0,predictive,P2 only,coarse,0.00011856868528308274,0,10.0,False,False,0.018996402535848087,0.030387613087663183,65.10932753994534,9.696123869123426,4.913260962312091,0.9462298804426014,4.444385288121882,48.48061934561709,1.3429970247653524,0.48480619345617126,5.109684876727894,6.862291586934079,0.0,0.0,0.004731149402213007,0.7063021532592965,0.004731149402213,,0.0,1.0766828060150146,ok
B_alpha0.005,0.8,0.5,0.005,3.1622776601683795,0.0015811388300841897,0.6,20,200,5,1.0,predictive,P2 only,coarse,0.0004999999999999999,0,10.0,False,False,0.039307330705302936,0.06282845624733016,72.81564289763486,9.371715437526804,2.5473422320579533,1.8326967970570287,6.248245533358213,46.858577187634054,1.553944811556311,0.4685857718763402,4.787284751404318,7.439176300887384,0.0,0.0,0.009163483985285143,1.0839367851361286,0.009163483985285123,,0.0,1.0083601474761963,ok
B_alpha0.005,0.8,0.5,0.005,3.1622776601683795,0.0015811388300841897,0.6,20,200,5,1.0,predictive,P2 only,coarse,0.002108482517142911,0,10.0,False,False,0.05168253021431694,0.08190531833596605,82.4989188436013,9.180946816640473,1.279338796782483,3.208401902660858,6.331312483916186,45.904734083202406,1.7971767071795226,0.45904734083202364,4.946750811971481,8.890185335496536,0.0,0.0,0.01604200951330429,1.6679751597718668,0.016042009513304322,,0.0,1.1471495628356934,ok
B_alpha0.005,0.8,0.5,0.005,3.1622776601683795,0.0015811388300841897,0.6,20,200,5,1.0,predictive,P2 only,coarse,0.008891397050194613,0,10.0,False,False,0.06263144609115863,0.0953885855036825,98.79609769784783,9.04611414496331,0.595598450600569,5.257051409498082,5.101235994938039,45.23057072481671,2.184277052326498,0.4523057072481655,5.512064048440475,12.039875011962424,0.0,0.0,0.02628525704749041,1.9811996882788359,0.026285257047490414,,0.0,1.0829200744628906,ok
B_alpha0.005,0.8,0.5,0.005,3.1622776601683795,0.0015811388300841897,0.6,20,200,5,1.0,predictive,P2 only,coarse,0.03749471046662279,0,10.0,False,False,0.08090532195708877,0.11341008297771075,119.38572523053985,8.865899170223088,0.22768344751193345,7.389531895854672,3.5168854864103065,44.329495851115425,2.69314421331358,0.4432949585111544,6.163079625781238,16.598062230363563,0.0,0.0,0.03694765947927336,1.7657589340545692,0.03694765947927344,,0.0,1.0493392944335938,ok
B_alpha0.005,0.8,0.5,0.005,3.1622776601683795,0.0015811388300841897,0.6,20,200,5,1.0,predictive,P2 only,coarse,0.158113883008419,0,10.0,False,False,0.10643936063336364,0.13765631358942806,135.94786422685962,8.62343686410593,0.07158727034046353,8.842973235237345,2.462002630316262,43.11718432052979,3.1529856684572395,0.4311718432052965,6.583170098292649,20.756640972932956,0.0,0.0,0.04421486617618672,1.3657592574865833,0.04421486617618688,,0.0,1.0625615119934082,ok
B_alpha0.005,0.8,0.5,0.005,3.1622776601683795,0.0015811388300841897,0.6,20,200,5,1.0,predictive,P2 only,coarse,1.5811388300841894e-06,0,30.0,False,False,0.00011316445394459389,0.00018104509993958199,53.71695415704719,9.998189549000603,9.263485430476651,0.07178493572262747,0.6665400848001184,49.990947745003005,1.0745336221879616,0.49990947745003017,5.875840158056606,6.31378780843405,0.0,0.0,0.00035892467861313736,0.25777518444483155,0.000358924678613139,,0.0,1.0384225845336914,ok
B_alpha0.005,0.8,0.5,0.005,3.1622776601683795,0.0015811388300841897,0.6,20,200,5,1.0,predictive,P2 only,coarse,6.6676071608166194e-06,0,30.0,False,False,0.0018236642592162765,0.002917496624498296,56.39725548102072,9.970825033755021,8.001839698528507,0.2644027407743606,1.7629325269421106,49.85412516877517,1.1312455145907097,0.4985412516877511,5.653359952579206,6.3953380887219735,0.0,0.0,0.001322013703871803,0.5257289407118559,0.0013220137038718062,,0.0,1.2412323951721191,ok
B_alpha0.005,0.8,0.5,0.005,3.1622776601683795,0.0015811388300841897,0.6,20,200,5,1.0,predictive,P2 only,coarse,2.811706625951745e-05,0,30.0,False,False,0.013948378305133123,0.022313216018968185,63.07970281430509,9.776867839810368,5.622508292007594,0.7667702842552133,3.8338535839268255,48.88433919905185,1.2903867342350936,0.4888433919905184,5.232567462463587,6.752035639553199,0.0,0.0,0.0038338514212760666,0.6506854058464575,0.0038338514212760606,,0.0,1.0679380893707275,ok
B_alpha0.005,0.8,0.5,0.005,3.1622776601683795,0.0015811388300841897,0.6,20,200,5,1.0,predictive,P2 only,coarse,0.00011856868528308274,0,30.0,False,False,0.035012407086743254,0.05598589464617307,70.66713804949501,9.440141053538362,3.0683931519671845,1.5665135455518218,5.924952248942633,47.2007052676918,1.4971627573934925,0.4720070526769181,4.8304746705319,7.232006777252962,0.0,0.0,0.007832567727759109,0.9080238222827826,0.007832567727759069,,0.0,1.037126064300537,ok
B_alpha0.005,0.8,0.5,0.005,3.1622776601683795,0.0015811388300841897,0.6,20,200,5,1.0,predictive,P2 only,coarse,0.0004999999999999999,0,30.0,False,False,0.048886295929532655,0.07776090867261184,78.66407698680793,9.222390913274015,1.6388597211060805,2.7392024274944946,6.39954693812541,46.11195456637005,1.7059367299988297,0.4611195456637008,4.867026951027023,8.302840041651216,0.0,0.0,0.013696012137472473,1.418588205883195,0.01369601213747244,,0.0,1.0798718929290771,ok
B_alpha0.005,0.8,0.5,0.005,3.1622776601683795,0.0015811388300841897,0.6,20,200,5,1.0,predictive,P2 only,coarse,0.002108482517142911,0,30.0,False,False,0.05820664373800017,0.08978611416068663,91.35105685295783,9.102138858393287,0.9045206756529149,4.534651836692838,5.45868862926096,45.5106942919664,2.007243753894636,0.45510694291966436,5.33120957571767,10.701037121562566,0.0,0.0,0.02267325918346419,1.8596292459172337,0.022673259183464186,,0.0,1.0116550922393799,ok
B_alpha0.005,0.8,0.5,0.005,3.1622776601683795,0.0015811388300841897,0.6,20,200,5,1.0,predictive,P2 only,coarse,0.008891397050194613,0,30.0,False,False,0.07142793825267568,0.10165204429526191,109.5302762255133,8.98347955704754,0.44396945019984446,6.62815288788551,3.9443981048671057,44.91739778523779,2.4384822279600242,0.449173977852377,5.96981574697761,14.557289603200799,0.0,0.0,0.03314076443942755,1.9333908869096752,0.033140764439427706,,0.0,1.1417536735534668,ok
B_alpha0.005,0.8,0.5,0.005,3.1622776601683795,0.0015811388300841897,0.6,20,200,5,1.0,predictive,P2 only,coarse,0.03749471046662279,0,30.0,False,False,0.09285900051867889,0.11976311268361124,127.69277633240787,8.80236887316411,0.17499164641839543,8.277328810198371,2.7453106702191237,44.01184436582043,2.9013275442638347,0.44011844365820546,6.461100750522858,18.7457695737557,0.0,0.0,0.04138664405099186,1.6390483216794396,0.041386644050991905,,0.0,1.039139986038208,ok
B_alpha0.005,0.8,0.5,0.005,3.1622776601683795,0.0015811388300841897,0.6,20,200,5,1.0,predictive,P2 only,coarse,0.158113883008419,0,30.0,False,False,0.11477310288069247,0.1417365588288164,139.7956812392535,8.582634411712048,0.05649052870836466,9.217564781978115,2.1433102776014716,42.91317205856037,3.2576403591998484,0.4291317205856024,6.70526247823389,21.843333668123115,0.0,0.0,0.04608782390989058,1.3028006333699769,0.046087823909890614,,0.0,1.082106590270996,ok
B_alpha0.005,0.8,0.5,0.005,3.1622776601683795,0.0015811388300841897,0.6,20,200,5,1.0,predictive,P2 only,coarse,1.5811388300841894e-06,0,100.0,False,False,0.0011746176411835275,0.001879162901481459,55.68601611925695,9.981208370985183,8.282574349431284,0.21495816520961436,1.521259114373919,49.90604185492599,1.1158171245303927,0.49906041854925914,5.7020040766180236,6.3623937928325,0.0,0.0,0.001074790826048072,0.48472038603043305,0.001074790826048074,,0.0,1.0157928466796875,ok
B_alpha0.005,0.8,0.5,0.005,3.1622776601683795,0.0015811388300841897,0.6,20,200,5,1.0,predictive,P2 only,coarse,6.6676071608166194e-06,0,100.0,False,False,0.010857737196055291,0.01736938181960851,61.75839489494865,9.826306181803936,6.089212302550976,0.6576992513596045,3.4267822642854835,49.131530909019794,1.2570012322496298,0.49131530909019683,5.315429587668698,6.681501541635694,0.0,0.0,0.0032884962567980226,0.6294806907116294,0.003288496256798027,,0.0,1.1773993968963623,ok
B_alpha0.005,0.8,0.5,0.005,3.1622776601683795,0.0015811388300841897,0.6,20,200,5,1.0,predictive,P2 only,coarse,2.811706625951745e-05,0,100.0,False,False,0.03180080800653083,0.05085857831228086,69.38702221119557,9.491414216877283,3.439962431073467,1.4099937117005763,5.658629640348674,47.457071084386314,1.462100812918148,0.47457071084386415,4.8747255978877035,7.127340259424517,0.0,0.0,0.007049968558502881,0.8235930049025983,0.007049968558502891,,0.0,1.1470282077789307,ok
B_alpha0.005,0.8,0.5,0.005,3.1622776601683795,0.0015811388300841897,0.6,20,200,5,1.0,predictive,P2 only,coarse,0.00011856868528308274,0,100.0,False,False,0.047047616957715366,0.07496966884772231,76.81350259935363,9.250303311522902,1.8673698307652276,2.481006878019912,6.401319979691959,46.25151655761449,1.6607780310007512,0.46251516557614514,4.831994230446973,8.024869863848714,0.0,0.0,0.01240503439009956,1.274302409563196,0.012405034390099564,,0.0,1.0443732738494873,ok
B_alpha0.005,0.8,0.5,0.005,3.1622776601683795,0.0015811388300841897,0.6,20,200,5,1.0,predictive,P2 only,coarse,0.0004999999999999999,0,100.0,False,False,0.05626951564649567,0.08748906578223009,87.66337311943683,9.125109342177849,1.1345473218607804,4.116062914422643,5.624280421538728,45.62554671088921,1.9213659767174838,0.4562554671088924,5.234356206280582,10.057113924767513,0.0,0.0,0.020580314572113213,1.6828381447711225,0.02058031457211317,,0.0,1.0544657707214355,ok
B_alpha0.005,0.8,0.5,0.005,3.1622776601683795,0.0015811388300841897,0.6,20,200,5,1.0,predictive,P2 only,coarse,0.002108482517142911,0,100.0,False,False,0.06708539209460984,0.09679507344448997,103.09542200630543,9.032049265555273,0.6977702141296337,6.085528443959758,4.184652076355336,45.16024632777635,2.2828799749680586,0.45160246327776365,5.841315454288536,13.335022078066748,0.0,0.0,0.03042764221979879,1.8528681870912576,0.030427642219798635,,0.0,1.0485281944274902,ok
B_alpha0.005,0.8,0.5,0.005,3.1622776601683795,0.0015811388300841897,0.6,20,200,5,1.0,predictive,P2 only,coarse,0.008891397050194613,0,100.0,False,False,0.08423114395218202,0.10873690356715679,119.49572558133278,8.912630964328615,0.3693767690202696,7.729022958855391,2.988969307795724,44.56315482164306,2.681491605780502,0.44563154821643075,6.340256008608467,17.001343265582996,0.0,0.0,0.03864511479427696,1.7950591346663691,0.03864511479427695,,0.0,1.0424604415893555,ok
B_alpha0.005,0.8,0.5,0.005,3.1622776601683795,0.0015811388300841897,0.6,20,200,5,1.0,predictive,P2 only,coarse,0.03749471046662279,0,100.0,False,False,0.1033819388688843,0.12498605944902526,132.85789024712082,8.750139405509948,0.15292993271122265,8.78418705338826,2.312743608390569,43.75069702754978,3.036703396141559,0.4375069702754974,6.627055219677008,20.124401092010814,0.0,0.0,0.043920935266941304,1.552406706824929,0.043920935266941304,,0.0,1.173776626586914,ok
B_alpha0.005,0.8,0.5,0.005,3.1622776601683795,0.0015811388300841897,0.6,20,200,5,1.0,predictive,P2 only,coarse,0.158113883008419,0,100.0,False,False,0.11835291496830057,0.14347494086549925,141.34013083236903,8.565250591345253,0.05083287212064143,9.371389837534458,2.0125266989996478,42.826252956726265,3.3003151355591624,0.42826252956726263,6.755285354406145,22.29457050016774,0.0,0.0,0.046856949187672296,1.2841358262000941,0.046856949187672095,,0.0,1.0217845439910889,ok
B_alpha0.005,0.8,0.5,0.005,3.1622776601683795,0.0015811388300841897,0.6,20,200,5,1.0,predictive,P2 only,coarse,1.5811388300841894e-06,0,1000.0,False,False,0.023253319703636945,0.037195660168775235,66.41636468941371,9.62804339831231,4.4292509915401315,1.0783614111174886,4.86434419903007,48.14021699156152,1.3796440656064306,0.48140216991561546,5.0245799529289705,6.9321319142234925,0.0,0.0,0.005391807055587443,0.7033463356822554,0.0053918070555874645,,0.0,1.1895041465759277,ok
B_alpha0.005,0.8,0.5,0.005,3.1622776601683795,0.0015811388300841897,0.6,20,200,5,1.0,predictive,P2 only,coarse,6.6676071608166194e-06,0,1000.0,False,False,0.0420367812425274,0.06715098883932642,73.58301297981696,9.32849011160686,2.372749105507589,1.9893240924200264,6.309436690465525,46.64245055803433,1.577597491115141,0.466424505580343,4.790535509643274,7.557536801111222,0.0,0.0,0.009946620462100132,1.0650253382043693,0.009946620462100096,,0.0,1.006720781326294,ok
B_alpha0.005,0.8,0.5,0.005,3.1622776601683795,0.0015811388300841897,0.6,20,200,5,1.0,predictive,P2 only,coarse,2.811706625951745e-05,0,1000.0,False,False,0.052725296134189206,0.08316285236164124,82.41700404683301,9.168371476383735,1.426175470060277,3.3690861235719693,6.036366929984019,45.8418573819186,1.7978548155280625,0.4584185738191867,5.035561380371303,9.053208276587684,0.0,0.0,0.016845430617859848,1.4888293093214082,0.016845430617859775,,0.0,1.195401906967163,ok
B_alpha0.005,0.8,0.5,0.005,3.1622776601683795,0.0015811388300841897,0.6,20,200,5,1.0,predictive,P2 only,coarse,0.00011856868528308274,0,1000.0,False,False,0.0618550599462657,0.09257692230400227,95.4461673030329,9.074230776960137,1.010102260800604,5.217641571632278,4.698025390606981,45.37115388480065,2.1036751136057705,0.45371153884800686,5.601325114433262,11.783368246448248,0.0,0.0,0.02608820785816139,1.660738433129748,0.026088207858161395,,0.0,1.1343066692352295,ok
B_alpha0.005,0.8,0.5,0.005,3.1622776601683795,0.0015811388300841897,0.6,20,200,5,1.0,predictive,P2 only,coarse,0.0004999999999999999,0,1000.0,False,False,0.07522876712675593,0.10114160860021568,109.46932841094758,8.988583913998019,0.7851590944183564,6.890154174326721,3.336102817256904,44.9429195699901,2.4357413683476836,0.4494291956999009,6.147210416239983,14.97301471077351,0.0,0.0,0.034450770871633604,1.6133356636118785,0.03445077087163365,,0.0,1.1082231998443604,ok
B_alpha0.005,0.8,0.5,0.005,3.1622776601683795,0.0015811388300841897,0.6,20,200,5,1.0,predictive,P2 only,coarse,0.002108482517142911,0,1000.0,False,False,0.09084902668741694,0.10971784665190026,120.08670699077784,8.902821533481182,0.5727390878457824,7.933218119906719,2.591221258766316,44.51410766740592,2.697722436402058,0.4451410766740591,6.4592172542297375,17.42517530833086,0.0,0.0,0.0396660905995336,1.614577012232596,0.03966609059953374,,0.0,1.0123858451843262,ok
B_alpha0.005,0.8,0.5,0.005,3.1622776601683795,0.0015811388300841897,0.6,20,200,5,1.0,predictive,P2 only,coarse,0.008891397050194613,0,1000.0,False,False,0.10114405568517502,0.11716441148134671,127.81390853432856,8.828355885186737,0.33247989021183944,8.549226021567817,2.289938203033607,44.141779425933706,2.8955314035037905,0.4414177942593368,6.608626718774685,19.135486198246312,0.0,0.0,0.042746130107839085,1.659957622472007,0.042746130107839134,,0.0,1.0571880340576172,ok
B_alpha0.005,0.8,0.5,0.005,3.1622776601683795,0.0015811388300841897,0.6,20,200,5,1.0,predictive,P2 only,coarse,0.03749471046662279,0,1000.0,False,False,0.10895540201208638,0.1277127383686004,135.312013375987,8.722872616314222,0.143544567150555,9.029880668316752,2.103702148218472,43.61436308157112,3.102464505165775,0.43614363081571106,6.707062111769912,20.80842213570836,0.0,0.0,0.04514940334158376,1.5238145178053724,0.04514940334158401,,0.0,1.0362038612365723,ok
B_alpha0.005,0.8,0.5,0.005,3.1622776601683795,0.0015811388300841897,0.6,20,200,5,1.0,predictive,P2 only,coarse,0.158113883008419,0,1000.0,False,False,0.1192071948938286,0.14390219300808846,141.81183302253203,8.56097806991934,0.048592153342822124,9.424247619363019,1.9661821573748188,42.80489034959669,3.312982041638805,0.428048903495967,6.773046961344681,22.438982950111207,0.0,0.0,0.04712123809681509,1.2841782490419527,0.04712123809681517,,0.0,1.10322904586792,ok
B_alpha0.005,0.8,0.5,0.005,3.1622776601683795,0.0015811388300841897,0.6,20,200,5,1.0,predictive,P1 only (protect),coarse,1.5811388300841894e-06,5,1.0,True,True,9.49858585000657e-06,1.5196481228692496e-05,52.90668006005081,9.999848035187718,9.961705773218716,0.0031501679623819924,0.03529602363118478,49.99924017593856,1.0581496813527862,0.49999240175938586,6.008168546389238,6.357541632875605,3.2984656842848257e-40,3.2984754658758387e-40,1.5750839811909962e-05,0.015114543217968575,1.5750839811909966e-05,,0.0,1.1173295974731445,ok
B_alpha0.005,0.8,0.5,0.005,3.1622776601683795,0.0015811388300841897,0.6,20,200,5,1.0,predictive,P1 only (protect),coarse,6.6676071608166194e-06,5,1.0,True,True,1.4561410590468246e-05,2.3296273573826816e-05,53.01696399469658,9.99976703726427,9.845418504655742,0.01312907658457581,0.141685381495412,49.9988351863213,1.0603639824233542,0.4999883518632135,5.985656950513168,6.346975041466173,2.008106581647324e-30,2.0081316933855063e-30,6.564538292287905e-05,0.06062629342486578,6.564538292287895e-05,,0.0,1.111762523651123,ok
B_alpha0.005,0.8,0.5,0.005,3.1622776601683795,0.0015811388300841897,0.6,20,200,5,1.0,predictive,P1 only (protect),coarse,2.811706625951745e-05,5,1.0,True,True,5.708394715389228e-05,9.132575378483679e-05,53.47873463904769,9.999086742462147,9.443909429633244,0.05310700543637596,0.5038968224682332,49.99543371231076,1.0696723814174893,0.49995433712310733,5.909856445746991,6.321610218157683,3.084357301934088e-21,3.0845199403028123e-21,0.0002655350271818798,0.212471654630366,0.0002655350271818798,,0.0,1.1552259922027588,ok
B_alpha0.005,0.8,0.5,0.005,3.1622776601683795,0.0015811388300841897,0.6,20,200,5,1.0,predictive,P1 only (protect),coarse,0.00011856868528308274,5,1.0,True,True,0.0007672995784123026,0.0012275399278239216,55.40373559175316,9.98772460072177,8.40421749995568,0.1992954039603435,1.4087624953622075,49.93862300360884,1.1094365895461191,0.49938623003608845,5.726006398740383,6.352641010737786,1.0635506981772508e-13,1.0637871174780643e-13,0.0009964770198017175,0.5225664554916964,0.0009964770198017169,,0.0,1.14725661277771,ok
B_alpha0.005,0.8,0.5,0.005,3.1622776601683795,0.0015811388300841897,0.6,20,200,5,1.0,predictive,P1 only (protect),coarse,0.0004999999999999999,5,1.0,True,True,0.008280086172546086,0.013246062075087542,61.43220254357226,9.867539379249159,6.306305166573343,0.630630501051387,3.195524953126111,49.337696896245816,1.2451372157229077,0.493376968962458,5.369728681512346,6.686049019685723,7.465987409940193e-09,7.472976959150055e-09,0.003153152505256935,0.7824957076501983,0.003153152505256934,,0.0,1.1627721786499023,ok
B_alpha0.005,0.8,0.5,0.005,3.1622776601683795,0.0015811388300841897,0.6,20,200,5,1.0,predictive,P1 only (protect),coarse,0.002108482517142911,5,1.0,True,True,0.029201726553131357,0.046707687936728144,70.78589512270582,9.532923120632814,3.448881548551441,1.454376595711701,5.563818735104045,47.664615603163924,1.485082680872541,0.47664615603164073,4.909031238125833,7.290317271602962,2.190642083881983e-06,2.1992434946312535e-06,0.007271882978558505,1.0562779513973461,0.007271882978558534,,0.0,1.1261844635009766,ok
B_alpha0.005,0.8,0.5,0.005,3.1622776601683795,0.0015811388300841897,0.6,20,200,5,1.0,predictive,P1 only (protect),coarse,0.008891397050194613,5,1.0,True,True,0.0482247589323803,0.07697307641810355,81.94538186686287,9.230269235819097,1.5143490446837793,2.692865364503429,6.562516354993694,46.151346179095555,1.7755794500308721,0.46151346179095487,4.824479119321388,8.566245981370097,2.981573678759019e-05,3.029840120015032e-05,0.013464326822517145,1.5307675581150002,0.013464326822517173,,0.0,1.0391411781311035,ok
B_alpha0.005,0.8,0.5,0.005,3.1622776601683795,0.0015811388300841897,0.6,20,200,5,1.0,predictive,P1 only (protect),coarse,0.03749471046662279,5,1.0,True,True,0.06371787388195314,0.10016851625396736,97.98681438780622,8.998314837460489,0.6083750433733944,4.5619094803262294,5.831400638839887,44.99157418730242,2.1778925533897007,0.44991574187302447,5.235615248285967,11.402607461655576,8.098454529057235e-05,8.60428821320881e-05,0.022809547401631148,1.7634274216863548,0.022809547401631103,,0.0,1.1201441287994385,ok
B_alpha0.005,0.8,0.5,0.005,3.1622776601683795,0.0015811388300841897,0.6,20,200,5,1.0,predictive,P1 only (protect),coarse,0.158113883008419,5,1.0,True,True,0.08320182941330366,0.12482435171452633,117.66585429327573,8.751756482854947,0.2146888266197877,6.788568256301301,4.244986434223964,43.75878241427476,2.6889654556496843,0.4375878241427474,5.891282518447471,15.841455181578123,8.184774037545863e-05,9.788622532477414e-05,0.03394284128150651,1.598248014558779,0.03394284128150655,,0.0,1.0413072109222412,ok
B_alpha0.005,0.8,0.5,0.005,3.1622776601683795,0.0015811388300841897,0.6,20,200,5,1.0,predictive,P1 only (protect),coarse,1.5811388300841894e-06,10,1.0,True,True,9.498585850006568e-06,1.5196481228692495e-05,52.90668006005081,9.999848035187718,9.961705773218716,0.0031501679623819924,0.03529602363118478,49.99924017593856,1.0581496813527862,0.49999240175938586,6.008168546389238,6.357541632875605,9.921946594207056e-25,9.971086374001773e-25,1.5750839811909962e-05,0.015114543217968575,1.5750839811909966e-05,,0.0,1.4051132202148438,ok
B_alpha0.005,0.8,0.5,0.005,3.1622776601683795,0.0015811388300841897,0.6,20,200,5,1.0,predictive,P1 only (protect),coarse,6.6676071608166194e-06,10,1.0,True,True,1.4561410590468094e-05,2.3296273573826572e-05,53.016963994696575,9.99976703726427,9.84541850465574,0.013129076584575803,0.14168538149541376,49.9988351863213,1.060363982423354,0.4999883518632135,5.985656950513167,6.3469750414661705,4.685061081161257e-18,4.782500368216547e-18,6.564538292287902e-05,0.06062629342486574,6.564538292287895e-05,,0.0,1.273430347442627,ok
B_alpha0.005,0.8,0.5,0.005,3.1622776601683795,0.0015811388300841897,0.6,20,200,5,1.0,predictive,P1 only (protect),coarse,2.811706625951745e-05,10,1.0,True,True,5.708394694558255e-05,9.132575345161675e-05,53.478734638994126,9.999086742465481,9.443909429639788,0.05310700543562597,0.5038968224591045,49.99543371232745,1.0696723814160611,0.4999543371232741,5.909856445749439,6.321610218151861,6.196521782580922e-12,6.73039278926676e-12,0.0002655350271781299,0.21247165462231252,0.0002655350271781299,,0.0,1.430480718612671,ok
B_alpha0.005,0.8,0.5,0.005,3.1622776601683795,0.0015811388300841897,0.6,20,200,5,1.0,predictive,P1 only (protect),coarse,0.00011856868528308274,10,1.0,True,True,0.0007672888484772208,0.001227522764189856,55.403733026645256,9.987724772358103,8.404217786683448,0.19929536999228586,1.408762070966164,49.93862386179056,1.1094365191155418,0.49938623861790515,5.726006515183244,6.352640736637812,2.7069346598717234e-07,3.618645095766995e-07,0.0009964768499614294,0.5225660763105868,0.0009964768499614311,,0.0,1.3123524188995361,ok
B_alpha0.005,0.8,0.5,0.005,3.1622776601683795,0.0015811388300841897,0.6,20,200,5,1.0,predictive,P1 only (protect),coarse,0.0004999999999999999,10,1.0,True,True,0.008276303631315034,0.013240011980600375,61.43144355498538,9.867599880194003,6.306375984161468,0.6306221271400534,3.195402008504475,49.33799940097017,1.2451141979984175,0.4933799940097002,5.369764255832475,6.685969714841422,7.01242380197695e-05,0.00014487243578441373,0.003153110635700267,0.7823778616806326,0.0031531106357002734,,0.0,1.4150588512420654,ok
B_alpha0.005,0.8,0.5,0.005,3.1622776601683795,0.0015811388300841897,0.6,20,200,5,1.0,predictive,P1 only (protect),coarse,0.002108482517142911,10,1.0,True,True,0.029172115564499515,0.04666033497612307,70.78109129062003,9.533396650238844,3.4491580736702514,1.4543402779519177,5.5631049981389875,47.66698325119429,1.4849081368883694,0.47666983251194217,4.909258001784287,7.289797152933825,0.0004315846209393763,0.0013694584483296436,0.0072717013897595885,1.0554469989938817,0.007271701389759582,,0.0,1.2626259326934814,ok
B_alpha0.005,0.8,0.5,0.005,3.1622776601683795,0.0015811388300841897,0.6,20,200,5,1.0,predictive,P1 only (protect),coarse,0.008891397050194613,10,1.0,True,True,0.048178477873770616,0.07689909045956247,81.93929210053426,9.231009095404515,1.5145102126451855,2.6928237869593636,6.561656904990936,46.155045477022526,1.7753051969437728,0.4615504547702257,4.824778016961373,8.565453487611595,0.0006144437538139184,0.0024067875716142204,0.013464118934796819,1.5296270257861413,0.01346411893479684,,0.0,1.346419095993042,ok
B_alpha0.005,0.8,0.5,0.005,3.1622776601683795,0.0015811388300841897,0.6,20,200,5,1.0,predictive,P1 only (protect),coarse,0.03749471046662279,10,1.0,True,True,0.06367551722074843,0.10010083035251921,97.98248565216416,8.998991696474988,0.6084242207954434,4.561831785762958,5.830752296966611,44.994958482375,2.177632538333043,0.4499495848237494,5.235851615972625,11.401760844825633,0.0005327100019217696,0.002208532523446646,0.02280915892881479,1.7625502026981736,0.02280915892881472,,0.0,1.251662254333496,ok
B_alpha0.005,0.8,0.5,0.005,3.1622776601683795,0.0015811388300841897,0.6,20,200,5,1.0,predictive,P1 only (protect),coarse,0.158113883008419,10,1.0,True,True,0.08316766477984797,0.12476975589413687,117.66315309238806,8.75230244105883,0.21470182250498468,6.788385935995342,4.244609800440843,43.76151220529422,2.6887359956942554,0.4376151220529415,5.891422170740082,15.840478856300045,0.00035697025381722567,0.0014676375691209634,0.03394192967997671,1.5977426071028078,0.033941929679976814,,0.0,1.384591817855835,ok
B_alpha0.005,0.8,0.5,0.005,3.1622776601683795,0.0015811388300841897,0.6,20,200,5,1.0,predictive,P1 only (protect),coarse,1.5811388300841894e-06,15,1.0,True,True,9.498585848148584e-06,1.5196481225720083e-05,52.90668006004932,9.999848035187739,9.96170577321887,0.003150167962369746,0.035296023631021356,49.99924017593872,1.058149681352753,0.499992401759387,6.008168546389276,6.357541632875446,2.897185151073808e-14,2.9274507716296494e-14,1.5750839811848732e-05,0.015114543217774138,1.5750839811848718e-05,,0.0,2.841637134552002,ok
B_alpha0.005,0.8,0.5,0.005,3.1622776601683795,0.0015811388300841897,0.6,20,200,5,1.0,predictive,P1 only (protect),coarse,6.6676071608166194e-06,15,1.0,True,True,1.4561402862348236e-05,2.329626121035061e-05,53.01696398852199,9.999767037387905,9.845418505261861,0.013129076534720115,0.14168538081551318,49.99883518693948,1.0603639822867492,0.4999883518693952,5.98565695067764,6.346975040822903,1.1646602413641045e-10,1.2158390658906636e-10,6.564538267360058e-05,0.060626292640851044,6.564538267360053e-05,,0.0,2.528657913208008,ok
B_alpha0.005,0.8,0.5,0.005,3.1622776601683795,0.0015811388300841897,0.6,20,200,5,1.0,predictive,P1 only (protect),coarse,2.811706625951745e-05,15,1.0,True,True,5.706955212724388e-05,9.130272463579957e-05,53.478723985679494,9.999086972753638,9.443910419721878,0.053106919948207224,0.5038956875762768,49.99543486376822,1.069672143694776,0.4999543486376819,5.9098567235422585,6.321609110400433,1.907765074569127e-07,2.2575381180427772e-07,0.0002655345997410361,0.21247035555227403,0.00026553459974103634,,0.0,2.519930362701416,ok
B_alpha0.005,0.8,0.5,0.005,3.1622776601683795,0.0015811388300841897,0.6,20,200,5,1.0,predictive,P1 only (protect),coarse,0.00011856868528308274,15,1.0,True,True,0.0007636215886084255,0.0012216559616806523,55.40159099946232,9.987783440383199,8.40439622238088,0.1992783665050122,1.4085419707309086,49.93891720191599,1.1093871093652137,0.49938917201915994,5.726062433168288,6.352419850777308,3.382660313688061e-05,5.878173742948181e-05,0.0009963918325250612,0.5223289225710003,0.0009963918325250618,,0.0,2.5563032627105713,ok
B_alpha0.005,0.8,0.5,0.005,3.1622776601683795,0.0015811388300841897,0.6,20,200,5,1.0,predictive,P1 only (protect),coarse,0.0004999999999999999,15,1.0,True,True,0.008215567724307956,0.013142852951675008,61.408024672118295,9.868571470483264,6.308053446431132,0.6304443152704018,3.1929307678152012,49.342857352416424,1.244516997334185,0.4934285735241632,5.370441116001169,6.683605252045824,0.00034766033698630254,0.0012248421391373037,0.003152221576352009,0.7800780286016396,0.0031522215763520084,,0.0,2.6819844245910645,ok
B_alpha0.005,0.8,0.5,0.005,3.1622776601683795,0.0015811388300841897,0.6,20,200,5,1.0,predictive,P1 only (protect),coarse,0.002108482517142911,15,1.0,True,True,0.029034335491934432,0.04643996393025232,70.74214049786423,9.535600360697552,3.4509739590436466,1.4539116530385432,5.559514027220257,47.67800180348769,1.4837480142191986,0.47678001803487763,4.910335040397236,7.285699865340346,0.000665521375377608,0.004265390627819753,0.0072695582651927165,1.052582248908903,0.007269558265192721,,0.0,2.493813991546631,ok
B_alpha0.005,0.8,0.5,0.005,3.1622776601683795,0.0015811388300841897,0.6,20,200,5,1.0,predictive,P1 only (protect),coarse,0.008891397050194613,15,1.0,True,True,0.047922232797921224,0.07648929246679981,81.83489068164144,9.235107075332117,1.5167273041990703,2.6881367862138594,6.560028834254952,46.17553537666058,1.7722564560237861,0.4617553537666058,4.825056706163716,8.55123789817951,0.0007334938503964433,0.005877948497251141,0.013440683931069298,1.5305553006617627,0.01344068393106933,,0.0,2.579991579055786,ok
B_alpha0.005,0.8,0.5,0.005,3.1622776601683795,0.0015811388300841897,0.6,20,200,5,1.0,predictive,P1 only (protect),coarse,0.03749471046662279,15,1.0,True,True,0.06185226618144429,0.09718451202106433,97.06561399789227,9.028154879789541,0.6190097541909432,4.5079514260814735,5.8448839399380415,45.14077439894756,2.1502868590609583,0.4514077439894771,5.228946421309811,11.24373477647631,0.0006556731411763274,0.005275241970778843,0.02253975713040737,1.7998052627192167,0.022539757130407526,,0.0,2.523646116256714,ok
B_alpha0.005,0.8,0.5,0.005,3.1622776601683795,0.0015811388300841897,0.6,20,200,5,1.0,predictive,P1 only (protect),coarse,0.158113883008419,15,1.0,True,True,0.07505229871475046,0.1117867042649518,114.29178973640313,8.882132957350663,0.23967711399414998,6.576127433783384,4.302062494871803,44.41066478675338,2.573521254077097,0.4441066478675332,5.866065022650291,15.096443013588772,0.0004941407466613971,0.0036852580855377608,0.03288063716891692,1.746620136339044,0.032880637168916794,,0.0,2.7322826385498047,ok
B_alpha0.005,0.8,0.5,0.005,3.1622776601683795,0.0015811388300841897,0.6,20,200,5,1.0,predictive,P1 only (protect),coarse,1.5811388300841894e-06,20,1.0,True,True,8.422860824946517e-06,1.3475472564109321e-05,52.87786963291562,9.999865245274357,9.987110394085246,0.002523423307801087,0.010500937332595939,49.999326226371785,1.057571643935985,0.4999932622637179,6.013670351194422,6.359887239401777,1.63202277106495e-05,1.660343976885197e-05,1.2617116539005435e-05,4.2030889523366534e-06,1.2617116539005435e-05,,0.0,7.9089484214782715,ok
B_alpha0.005,0.8,0.5,0.005,3.1622776601683795,0.0015811388300841897,0.6,20,200,5,1.0,predictive,P1 only (protect),coarse,6.6676071608166194e-06,20,1.0,True,True,9.269768050768095e-06,1.4830402701913584e-05,52.89694141639865,9.999851695972968,9.945456799134401,0.010596379289311795,0.04409512560331841,49.999258479864885,1.057954518219519,0.4999925847986484,6.007303975740243,6.355454383452469,6.497293974641397e-05,6.972051530882582e-05,5.298189644655897e-05,1.768256171094313e-05,5.298189644655905e-05,,0.0,8.123845100402832,ok
B_alpha0.005,0.8,0.5,0.005,3.1622776601683795,0.0015811388300841897,0.6,20,200,5,1.0,predictive,P1 only (protect),coarse,2.811706625951745e-05,20,1.0,True,True,1.8904176331005414e-05,3.0243945110831303e-05,52.99618571857817,9.99969756054889,9.773705029953307,0.043904949236523716,0.18269246026127917,49.99848780274444,1.0599557716157404,0.4999848780274445,5.981024241926226,6.339621165403362,0.00022121035366394134,0.00028886214288272125,0.0002195247461826186,7.393745893557714e-05,0.00021952474618261846,,0.0,7.943996429443359,ok
B_alpha0.005,0.8,0.5,0.005,3.1622776601683795,0.0015811388300841897,0.6,20,200,5,1.0,predictive,P1 only (protect),coarse,0.00011856868528308274,20,1.0,True,True,0.00036316023277679243,0.0005809888885794642,53.76593548585421,9.994190111114198,9.116028715960148,0.17245977368960053,0.7173213992360523,49.97095055557102,1.0759438211218917,0.4997095055557099,5.87892370966455,6.3253916402605626,0.0005075770726636475,0.0011341847179824336,0.0008622988684480027,0.0003074939910089745,0.000862298868448004,,0.0,8.036560773849487,ok
B_alpha0.005,0.8,0.5,0.005,3.1622776601683795,0.0015811388300841897,0.6,20,200,5,1.0,predictive,P1 only (protect),coarse,0.0004999999999999999,20,1.0,True,True,0.006398855105869474,0.010236539560324292,58.20387420062174,9.897634604396773,7.201545617976615,0.5649712706043383,2.3358485070222734,49.48817302198381,1.1761168506820046,0.4948817302198386,5.558312829751026,6.537225380432158,0.0007121493971635946,0.003693300775647099,0.0028248563530216915,0.006592204655627249,0.0028248563530216832,,0.0,7.966860771179199,ok
B_alpha0.005,0.8,0.5,0.005,3.1622776601683795,0.0015811388300841897,0.6,20,200,5,1.0,predictive,P1 only (protect),coarse,0.002108482517142911,20,1.0,True,True,0.02632593087899639,0.04210760635742072,66.18250036517091,9.578923936425856,4.304474379543579,1.2881683610627568,4.8284333229678085,47.894619682129246,1.3818358054498836,0.4789461968212928,5.056847128342245,6.987732424629737,0.0007723733134933199,0.007634423415416847,0.006440841805313784,0.16523722986563724,0.0064408418053137914,,0.0,7.829507350921631,ok
B_alpha0.005,0.8,0.5,0.005,3.1622776601683795,0.0015811388300841897,0.6,20,200,5,1.0,predictive,P1 only (protect),coarse,0.008891397050194613,20,1.0,True,True,0.043843828207423115,0.06996804844182872,73.68798125907769,9.300319515581823,2.3849773963136367,2.280769680339676,6.033933407764865,46.50159757790916,1.5846333265350774,0.46501597577909115,4.892280196762165,7.752470242536913,0.0007718800687809646,0.009540486409159225,0.01140384840169838,0.612152685558421,0.011403848401698358,,0.0,8.022760391235352,ok
B_alpha0.005,0.8,0.5,0.005,3.1622776601683795,0.0015811388300841897,0.6,20,200,5,1.0,predictive,P1 only (protect),coarse,0.03749471046662279,20,1.0,True,True,0.0538506346612667,0.08439261061998211,83.41189813535594,9.156073893800311,1.5543311820405756,3.7780440794432533,5.51155084471586,45.78036946900156,1.822001419010721,0.4578036946900156,5.213608138274284,9.499201426101589,0.0007152630560001202,0.00871452705456355,0.018890220397216266,1.0200004850892763,0.01889022039721626,,0.0,7.891149044036865,ok
B_alpha0.005,0.8,0.5,0.005,3.1622776601683795,0.0015811388300841897,0.6,20,200,5,1.0,predictive,P1 only (protect),coarse,0.158113883008419,20,1.0,True,True,0.06362231875562184,0.09350458254530837,96.99789012843425,9.064954174547072,1.210321496388705,5.647163620183052,4.077560708881171,45.32477087273525,2.1400635515795305,0.4532477087273536,5.8044960541899675,12.421990440859153,0.000587516448760485,0.006447189568837708,0.02823581810091526,1.1147792785188138,0.028235818100915244,,0.0,8.193490505218506,ok
B_alpha0.005,0.8,0.5,0.005,3.1622776601683795,0.0015811388300841897,0.6,20,200,5,1.0,predictive,P1+P2 (protect),coarse,1.5811388300841894e-06,5,3.0,True,True,1.1893130871023036e-05,1.9027411198698388e-05,52.961720855355566,9.99980972588801,9.899668000347802,0.008144715943285256,0.09237755782090318,49.99904862944009,1.059254571979416,0.4999904862944005,5.996037015902189,6.351329622852208,9.193880163152593e-33,9.193961955552546e-33,4.072357971642628e-05,0.03818992093167839,4.072357971642625e-05,,0.0,1.046811819076538,ok
B_alpha0.005,0.8,0.5,0.005,3.1622776601683795,0.0015811388300841897,0.6,20,200,5,1.0,predictive,P1+P2 (protect),coarse,6.6676071608166194e-06,5,3.0,True,True,3.27029211128023e-05,5.231993791282422e-05,53.249639691884795,9.999476800620869,9.621233967366816,0.03350370622989488,0.3457855257824196,49.99738400310437,1.065048517109985,0.49997384003104345,5.942634939196095,6.329194529716787,2.334070459704671e-23,2.334158019659998e-23,0.0001675185311494744,0.14149102913108486,0.0001675185311494746,,0.0,1.0890214443206787,ok
B_alpha0.005,0.8,0.5,0.005,3.1622776601683795,0.0015811388300841897,0.6,20,200,5,1.0,predictive,P1+P2 (protect),coarse,2.811706625951745e-05,5,3.0,True,True,0.0003585192863734711,0.0005735689724562512,54.483464586315044,9.99426431027542,8.82413953907746,0.1306765373669481,1.0509196132801701,49.97132155137715,1.090294650908898,0.499713215513771,5.797395250237984,6.320869030539126,2.6934104033162877e-15,2.693836392971222e-15,0.0006533826868347404,0.39217518790424377,0.0006533826868347407,,0.0,1.0558786392211914,ok
B_alpha0.005,0.8,0.5,0.005,3.1622776601683795,0.0015811388300841897,0.6,20,200,5,1.0,predictive,P1+P2 (protect),coarse,0.00011856868528308274,5,3.0,True,True,0.0048968952738618525,0.007833910606887508,58.94122731320451,9.921660893931124,7.090439590001407,0.44510789516938987,2.54279162089808,49.60830446965572,1.1881322682426594,0.4960830446965562,5.497215815555248,6.5314194959550775,9.083995051418438e-10,9.090048081952365e-10,0.0022255394758469494,0.6451248780841607,0.0022255394758469533,,0.0,1.1741359233856201,ok
B_alpha0.005,0.8,0.5,0.005,3.1622776601683795,0.0015811388300841897,0.6,20,200,5,1.0,predictive,P1+P2 (protect),coarse,0.0004999999999999999,5,3.0,True,True,0.022957850888679122,0.03672339714790793,67.00976274829239,9.632766028520976,4.327541854750605,1.1187003948354515,4.9209917218929675,48.16383014260488,1.3912880796624338,0.4816383014260488,5.018577857783028,6.98228755039136,8.017465073872241e-07,8.039906420299177e-07,0.005593501974177258,0.8247544520422632,0.00559350197417726,,0.0,1.0748982429504395,ok
B_alpha0.005,0.8,0.5,0.005,3.1622776601683795,0.0015811388300841897,0.6,20,200,5,1.0,predictive,P1+P2 (protect),coarse,0.002108482517142911,5,3.0,True,True,0.042534752592374436,0.06795682263896506,75.7227606826711,9.320431773610467,2.0872832941885533,2.131265628290586,6.461019303910392,46.6021588680523,1.624876669277701,0.46602158868052335,4.776475252936166,7.761183199878282,1.908618979286402e-05,1.9307864105020464e-05,0.01065632814145293,1.319173386654194,0.010656328141452908,,0.0,1.0779328346252441,ok
B_alpha0.005,0.8,0.5,0.005,3.1622776601683795,0.0015811388300841897,0.6,20,200,5,1.0,predictive,P1+P2 (protect),coarse,0.008891397050194613,5,3.0,True,True,0.055448153729283856,0.0876010425682661,88.48874036296546,9.12398957431749,0.9291372468392285,3.751135884631791,6.19573729421149,45.61994787158744,1.9396940262195506,0.45619947871587446,5.050391883295719,9.79621496609641,7.108454122473059e-05,7.434753550606606e-05,0.018755679423158957,1.8293270017628906,0.0187556794231589,,0.0,1.0442454814910889,ok
B_alpha0.005,0.8,0.5,0.005,3.1622776601683795,0.0015811388300841897,0.6,20,200,5,1.0,predictive,P1+P2 (protect),coarse,0.03749471046662279,5,3.0,True,True,0.07043191454318193,0.10660586201327961,107.87395320586145,8.933941379867388,0.3616508845275719,5.968475640234277,4.735932095370763,44.66970689933697,2.41492413301379,0.4466970689933694,5.684594850956629,13.727865291981091,8.68467211055382e-05,0.00010022667971799601,0.029842378201171384,1.8515063754978283,0.02984237820117146,,0.0,1.1191003322601318,ok
B_alpha0.005,0.8,0.5,0.005,3.1622776601683795,0.0015811388300841897,0.6,20,200,5,1.0,predictive,P1+P2 (protect),coarse,0.158113883008419,5,3.0,True,True,0.09350057265200006,0.13098851128117592,127.81982154839764,8.690114887188443,0.11673125585223794,7.99726548526927,3.1958883716900495,43.4505744359424,2.9417291533587835,0.43450574435942213,6.300454442981845,18.53423051432857,5.902424310865756e-05,8.032882369991899e-05,0.03998632742634635,1.4961045474262014,0.03998632742634647,,0.0,1.3147714138031006,ok
B_alpha0.005,0.8,0.5,0.005,3.1622776601683795,0.0015811388300841897,0.6,20,200,5,1.0,predictive,P1+P2 (protect),coarse,1.5811388300841894e-06,5,10.0,True,True,2.448725293660928e-05,3.917612980724169e-05,53.154970269895294,9.999608238701924,9.70371269611983,0.02527587094227027,0.27140319423597603,49.998041193509586,1.063141055149887,0.49998041193509624,5.958197067236304,6.334403916852566,7.459998970963606e-25,7.460220186321263e-25,0.00012637935471135136,0.1097729264252446,0.00012637935471135147,,0.0,1.0681350231170654,ok
B_alpha0.005,0.8,0.5,0.005,3.1622776601683795,0.0015811388300841897,0.6,20,200,5,1.0,predictive,P1+P2 (protect),coarse,6.6676071608166194e-06,5,10.0,True,True,0.00021737992260364853,0.0003477715978641284,54.084072475083964,9.996522284021353,9.037963525420889,0.10029151769101208,0.8652226728667465,49.982611420106785,1.0820577584573194,0.49982611420106765,5.835056168940462,6.31386779863627,1.7670941333353888e-16,1.76731506657218e-16,0.0005014575884550604,0.32620347879621575,0.0005014575884550595,,0.0,1.0836973190307617,ok
B_alpha0.005,0.8,0.5,0.005,3.1622776601683795,0.0015811388300841897,0.6,20,200,5,1.0,predictive,P1+P2 (protect),coarse,2.811706625951745e-05,5,10.0,True,True,0.0033080175617096782,0.005292112340237453,57.69156929111725,9.94707887659764,7.524543838697049,0.35491785742344883,2.1734594272818626,49.73539438298816,1.159970077785298,0.497353943829882,5.570791527541239,6.46195148152769,1.7465414168734316e-10,1.7474615773723787e-10,0.0017745892871172443,0.5812906302290103,0.0017745892871172473,,0.0,1.0725204944610596,ok
B_alpha0.005,0.8,0.5,0.005,3.1622776601683795,0.0015811388300841897,0.6,20,200,5,1.0,predictive,P1+P2 (protect),coarse,0.00011856868528308274,5,10.0,True,True,0.01899639713821783,0.03038760447105763,65.10932678502422,9.696123955289458,4.913261022229835,0.946229815886419,4.444385206594288,48.480619776447305,1.3429969972590041,0.4848061977644729,5.1096848983694905,6.862291475449905,3.575429527173154e-07,3.5833487143242646e-07,0.004731149079432095,0.7063020075342226,0.004731149079432088,,0.0,1.1021902561187744,ok
B_alpha0.005,0.8,0.5,0.005,3.1622776601683795,0.0015811388300841897,0.6,20,200,5,1.0,predictive,P1+P2 (protect),coarse,0.0004999999999999999,5,10.0,True,True,0.03930713342692261,0.06282814139885258,72.81561707179279,9.37171858601158,2.5473433347638,1.8326945284508966,6.248243550773722,46.858592930057824,1.5539437383550758,0.468585929300579,4.787285330978298,7.4391720637928325,1.3218892670516478e-05,1.3340786943465042e-05,0.009163472642254483,1.0839314629542893,0.009163472642254481,,0.0,1.4179651737213135,ok
B_alpha0.005,0.8,0.5,0.005,3.1622776601683795,0.0015811388300841897,0.6,20,200,5,1.0,predictive,P1+P2 (protect),coarse,0.002108482517142911,5,10.0,True,True,0.051681488472778425,0.08190365661296364,82.49879216532679,9.180963433870499,1.2793416269985822,3.208389784945909,6.331305154185009,45.90481716935255,1.7971706947654613,0.45904817169352496,4.946753142161948,8.890159781332418,6.258523370401843e-05,6.48957380789901e-05,0.016041948924729547,1.6679507857783176,0.016041948924729564,,0.0,1.0955703258514404,ok
B_alpha0.005,0.8,0.5,0.005,3.1622776601683795,0.0015811388300841897,0.6,20,200,5,1.0,predictive,P1+P2 (protect),coarse,0.008891397050194613,5,10.0,True,True,0.06262934280738382,0.09538523287903783,98.79587753363724,9.046147671209773,0.5956011430368542,5.257024718608255,5.101226467145118,45.23073835604893,2.1842640895209877,0.45230738356048866,5.51206722577918,12.039810500295038,8.876668185353778e-05,0.0001002076618004133,0.026285123593041276,1.9811666042938174,0.026285123593041273,,0.0,1.0490491390228271,ok
B_alpha0.005,0.8,0.5,0.005,3.1622776601683795,0.0015811388300841897,0.6,20,200,5,1.0,predictive,P1+P2 (protect),coarse,0.03749471046662279,5,10.0,True,True,0.08090265886372996,0.11340583945767231,119.385508554404,8.865941605423476,0.22768481856576986,7.389494965172957,3.5168786108377974,44.32970802711736,2.6931264352423328,0.4432970802711738,6.163082004663461,16.597959069325476,6.397501325979961e-05,8.469240403725664e-05,0.03694747482586479,1.7657362737229612,0.03694747482586471,,0.0,1.1091866493225098,ok
B_alpha0.005,0.8,0.5,0.005,3.1622776601683795,0.0015811388300841897,0.6,20,200,5,1.0,predictive,P1+P2 (protect),coarse,0.158113883008419,5,10.0,True,True,0.10643667551731972,0.13765203372552945,135.94770011536423,8.623479662744927,0.07158774857543082,8.842934136903617,2.461998451776025,43.11739831372468,3.1529662139213714,0.43117398313724636,6.583171597417493,20.75651762710414,3.9289554814408475e-05,5.987683404234747e-05,0.044214670684518086,1.3657459078778986,0.04421467068451812,,0.0,1.1775925159454346,ok
B_alpha0.005,0.8,0.5,0.005,3.1622776601683795,0.0015811388300841897,0.6,20,200,5,1.0,predictive,P1+P2 (protect),coarse,1.5811388300841894e-06,5,30.0,True,True,0.00011316445394459387,0.00018104509993958199,53.716954157047205,9.998189549000605,9.263485430476651,0.07178493572262747,0.6665400848001166,49.99094774500301,1.0745336221879618,0.4999094774500302,5.875840158056607,6.313787808434052,2.7080841275984297e-18,2.708325014507258e-18,0.00035892467861313736,0.25777518444483155,0.000358924678613139,,0.0,1.2498042583465576,ok
B_alpha0.005,0.8,0.5,0.005,3.1622776601683795,0.0015811388300841897,0.6,20,200,5,1.0,predictive,P1+P2 (protect),coarse,6.6676071608166194e-06,5,30.0,True,True,0.0018236642591032426,0.002917496624317832,56.39725548100321,9.970825033756823,8.001839698530556,0.26440274077359316,1.7629325269390286,49.854125168784165,1.1312455145901543,0.49854125168784114,5.653359952580057,6.395338088719797,1.2027871577141168e-11,1.2032380932874919e-11,0.0013220137038679658,0.5257289407068715,0.0013220137038679688,,0.0,1.0326404571533203,ok
B_alpha0.005,0.8,0.5,0.005,3.1622776601683795,0.0015811388300841897,0.6,20,200,5,1.0,predictive,P1+P2 (protect),coarse,2.811706625951745e-05,5,30.0,True,True,0.01394837745198619,0.022313214656974036,63.07970269231769,9.77686785343029,5.622508302876088,0.7667702791615645,3.833853564532059,48.884339267151375,1.2903867299420597,0.48884339267151444,5.232567468121096,6.752035624389984,9.288308268435101e-08,9.302960834311126e-08,0.0038338513958078224,0.6506853674083363,0.0038338513958078306,,0.0,1.126784324645996,ok
B_alpha0.005,0.8,0.5,0.005,3.1622776601683795,0.0015811388300841897,0.6,20,200,5,1.0,predictive,P1+P2 (protect),coarse,0.00011856868528308274,5,30.0,True,True,0.03501234398421613,0.055985793927244974,70.66712961196659,9.440142060727663,3.0683935840887586,1.5665132208197934,5.924951134363786,47.20071030363824,1.4971624188994366,0.47200710303638316,4.830475024603627,7.232005672268882,7.105244896139113e-06,7.152081266085921e-06,0.007832566104098966,0.9080208835681727,0.007832566104098963,,0.0,1.0432548522949219,ok
B_alpha0.005,0.8,0.5,0.005,3.1622776601683795,0.0015811388300841897,0.6,20,200,5,1.0,predictive,P1+P2 (protect),coarse,0.0004999999999999999,5,30.0,True,True,0.0488858441958162,0.07776018794153511,78.6640193996678,9.22239812058478,1.6388613523986322,2.7392001512366937,6.399540375779895,46.11199060292393,1.705934147954128,0.46111990602923897,4.86702917300434,8.302831265317042,4.9209299309477217e-05,5.052685329855528e-05,0.013696000756183468,1.4185680191141625,0.013696000756183492,,0.0,1.1381452083587646,ok
B_alpha0.005,0.8,0.5,0.005,3.1622776601683795,0.0015811388300841897,0.6,20,200,5,1.0,predictive,P1+P2 (protect),coarse,0.002108482517142911,5,30.0,True,True,0.058205660173748085,0.08978454595847037,91.35094069472417,9.102154540415443,0.904522730807843,4.534645555530054,5.45867717324666,45.51077270207722,2.007237743308074,0.4551077270207721,5.331213573871067,10.701013103110334,8.861945879788209e-05,9.730377458259254e-05,0.02267322777765027,1.8595930726944734,0.022673227777650296,,0.0,1.1593661308288574,ok
B_alpha0.005,0.8,0.5,0.005,3.1622776601683795,0.0015811388300841897,0.6,20,200,5,1.0,predictive,P1+P2 (protect),coarse,0.008891397050194613,5,30.0,True,True,0.07142675594595033,0.10165016037799351,109.53015685573263,8.983498396220254,0.44397074783308355,6.628142326972533,3.9443885289741294,44.91749198110121,2.4384744567175933,0.4491749198110127,5.969819152168194,14.55725151378562,7.135818858011325e-05,9.068328927066978e-05,0.033140711634862666,1.9333618911579635,0.033140711634862666,,0.0,1.1027426719665527,ok
B_alpha0.005,0.8,0.5,0.005,3.1622776601683795,0.0015811388300841897,0.6,20,200,5,1.0,predictive,P1+P2 (protect),coarse,0.03749471046662279,5,30.0,True,True,0.09285787593737667,0.11976132081495278,127.69268782950353,8.802386791850664,0.17499216692821326,8.277316413988999,2.745304627232125,44.011933959253305,2.901319627256614,0.4401193395925332,6.4611029442845975,18.7457247859784,4.3827441811142405e-05,6.510766942203865e-05,0.04138658206994499,1.639030899395313,0.04138658206994485,,0.0,1.0641138553619385,ok
B_alpha0.005,0.8,0.5,0.005,3.1622776601683795,0.0015811388300841897,0.6,20,200,5,1.0,predictive,P1+P2 (protect),coarse,0.158113883008419,5,30.0,True,True,0.11477206328033804,0.14173490202637395,139.79561885824486,8.582650979736487,0.056490698837429666,9.217551843585456,2.1433064778406274,42.91325489868254,3.2576326169688112,0.42913254898682435,6.705263881281922,21.843286325046876,2.9588502183737633e-05,4.718976666653628e-05,0.04608775921792728,1.3027889727798527,0.04608775921792745,,0.0,1.2384388446807861,ok
B_alpha0.005,0.8,0.5,0.005,3.1622776601683795,0.0015811388300841897,0.6,20,200,5,1.0,predictive,P1+P2 (protect),coarse,1.5811388300841894e-06,5,100.0,True,True,0.0011746176411724558,0.0018791629014637823,55.686016119255285,9.981208370985353,8.282574349431489,0.21495816520958802,1.5212591143735708,49.90604185492681,1.115817124530341,0.49906041854926764,5.702004076618124,6.362393792832317,1.5258104198917233e-12,1.52626265775052e-12,0.00107479082604794,0.48472038602979683,0.001074790826047941,,0.0,1.1205127239227295,ok
B_alpha0.005,0.8,0.5,0.005,3.1622776601683795,0.0015811388300841897,0.6,20,200,5,1.0,predictive,P1+P2 (protect),coarse,6.6676071608166194e-06,5,100.0,True,True,0.010857736971143152,0.01736938146054251,61.758394862311164,9.826306185394612,6.08921230565606,0.6576992510172182,3.4267822579321088,49.131530926973,1.2570012311260195,0.4913153092697306,5.315429589590459,6.681501538078879,3.159741236229286e-08,3.163683699430725e-08,0.003288496255086091,0.6294806775755395,0.0032884962550860856,,0.0,1.1424875259399414,ok
B_alpha0.005,0.8,0.5,0.005,3.1622776601683795,0.0015811388300841897,0.6,20,200,5,1.0,predictive,P1+P2 (protect),coarse,2.811706625951745e-05,5,100.0,True,True,0.0318007786570723,0.05085853146461291,69.38701824409317,9.491414685353975,3.43996265783595,1.409993701370314,5.6586289554397595,47.45707342676985,1.462100657158369,0.47457073426769875,4.874725821296495,7.127339826784475,4.303053417260463e-06,4.3255308403958104e-06,0.0070499685068515705,0.8235912128843097,0.007049968506851549,,0.0,1.067575454711914,ok
B_alpha0.005,0.8,0.5,0.005,3.1622776601683795,0.0015811388300841897,0.6,20,200,5,1.0,predictive,P1+P2 (protect),coarse,0.00011856868528308274,5,100.0,True,True,0.047047346423415085,0.07496923716192182,76.81346754248112,9.250307628380922,1.8673709557837672,2.4810069692960512,6.401314446539259,46.251538141904476,1.6607764980012016,0.4625153814190461,4.831996141607937,8.024865630414949,3.99494765605783e-05,4.080357928908907e-05,0.012405034846480256,1.2742858074793342,0.012405034846480253,,0.0,1.071176290512085,ok
B_alpha0.005,0.8,0.5,0.005,3.1622776601683795,0.0015811388300841897,0.6,20,200,5,1.0,predictive,P1+P2 (protect),coarse,0.0004999999999999999,5,100.0,True,True,0.056268883154921304,0.08748805712443586,87.66329490194747,9.125119428755783,1.1345490268105582,4.116062905654293,5.624268638779366,45.62559714377893,1.921362138575328,0.4562559714377891,5.2343603799516405,10.05710185369785,8.620490510496831e-05,9.313102256486247e-05,0.020580314528271467,1.682802044686149,0.020580314528271405,,0.0,1.085407018661499,ok
B_alpha0.005,0.8,0.5,0.005,3.1622776601683795,0.0015811388300841897,0.6,20,200,5,1.0,predictive,P1+P2 (protect),coarse,0.002108482517142911,5,100.0,True,True,0.06708469553651764,0.09679396350212742,103.09534292049555,9.03206036497889,0.6977714705171002,6.085527145643646,4.184641018860364,45.160301824894375,2.282875418331788,0.45160301824894444,5.841319422734872,13.335004520785471,7.633063998440276e-05,9.433232551458614e-05,0.030427635728218234,1.8528355677209485,0.030427635728218112,,0.0,1.0797603130340576,ok
B_alpha0.005,0.8,0.5,0.005,3.1622776601683795,0.0015811388300841897,0.6,20,200,5,1.0,predictive,P1+P2 (protect),coarse,0.008891397050194613,5,100.0,True,True,0.08423056940855826,0.10873598858373165,119.49566990435423,8.912640114162869,0.3693773456383043,7.729020428962906,2.9889621112359204,44.56320057081439,2.681487603532119,0.44563200570814343,6.3402586276522825,17.001324913237163,4.746153129952019e-05,6.904665646327301e-05,0.03864510214481453,1.7950388941449678,0.03864510214481459,,0.0,1.165971279144287,ok
B_alpha0.005,0.8,0.5,0.005,3.1622776601683795,0.0015811388300841897,0.6,20,200,5,1.0,predictive,P1+P2 (protect),coarse,0.03749471046662279,5,100.0,True,True,0.10338147684440809,0.12498532387076969,132.8578549263217,8.750146761292536,0.15293013300842284,8.784183982826505,2.3127391228725362,43.75073380646262,3.036700036027662,0.43750733806462677,6.6270568760189805,20.124383854164204,3.1152054985194785e-05,4.9405557903030616e-05,0.04392091991413253,1.5523936276725347,0.04392091991413249,,0.0,1.092111349105835,ok
B_alpha0.005,0.8,0.5,0.005,3.1622776601683795,0.0015811388300841897,0.6,20,200,5,1.0,predictive,P1+P2 (protect),coarse,0.158113883008419,5,100.0,True,True,0.11835244435139618,0.1434741914307662,141.34010295584991,8.56525808569259,0.05083294542931418,9.371385502793071,2.0125234660850237,42.82629042846298,3.300311596960385,0.42826290428462954,6.7552865588923465,22.294550571103024,2.471664968219987e-05,3.980349476067434e-05,0.046856927513965356,1.2841253630526843,0.04685692751396537,,0.0,1.208193302154541,ok
B_alpha0.005,0.8,0.5,0.005,3.1622776601683795,0.0015811388300841897,0.6,20,200,5,1.0,predictive,P1+P2 (protect),coarse,1.5811388300841894e-06,10,3.0,True,True,1.1893130871023033e-05,1.9027411198698385e-05,52.961720855355566,9.99980972588801,9.899668000347802,0.008144715943285256,0.09237755782090318,49.99904862944009,1.059254571979416,0.4999904862944005,5.996037015902189,6.351329622852208,1.1622791552076855e-19,1.1795033506980443e-19,4.072357971642628e-05,0.03818992093167839,4.072357971642625e-05,,0.0,1.295121192932129,ok
B_alpha0.005,0.8,0.5,0.005,3.1622776601683795,0.0015811388300841897,0.6,20,200,5,1.0,predictive,P1+P2 (protect),coarse,6.6676071608166194e-06,10,3.0,True,True,3.270292110553393e-05,5.2319937901197446e-05,53.24963969188298,9.999476800620984,9.621233967367058,0.03350370622988552,0.3457855257820732,49.99738400310497,1.065048517109936,0.4999738400310492,5.942634939196189,6.329194529716596,2.443971259001299e-13,2.594784939248679e-13,0.0001675185311494276,0.14149102913076797,0.0001675185311494277,,0.0,1.3772244453430176,ok
B_alpha0.005,0.8,0.5,0.005,3.1622776601683795,0.0015811388300841897,0.6,20,200,5,1.0,predictive,P1+P2 (protect),coarse,2.811706625951745e-05,10,3.0,True,True,0.0003585182333301241,0.0005735672879932998,54.483464327755236,9.994264327120078,8.82413956909742,0.13067653631337375,1.050919567469128,49.971321635600376,1.0902946438971175,0.4997132163560039,5.797395262947258,6.320869003745916,3.1161283120617814e-08,3.884446796827888e-08,0.0006533826815668688,0.3921751449501833,0.0006533826815668692,,0.0,1.278592824935913,ok
B_alpha0.005,0.8,0.5,0.005,3.1622776601683795,0.0015811388300841897,0.6,20,200,5,1.0,predictive,P1+P2 (protect),coarse,0.00011856868528308274,10,3.0,True,True,0.004895649603279673,0.007831918137551422,58.940963614054695,9.921680818624493,7.090466355942206,0.4451076602849161,2.542745165148385,49.60840409312254,1.1881245666241051,0.49608404093122466,5.4972292566046494,6.5313931281367505,2.7851590055535382e-05,5.121131101271548e-05,0.0022255383014245806,0.6450793880976343,0.0022255383014245776,,0.0,1.407219648361206,ok
B_alpha0.005,0.8,0.5,0.005,3.1622776601683795,0.0015811388300841897,0.6,20,200,5,1.0,predictive,P1+P2 (protect),coarse,0.0004999999999999999,10,3.0,True,True,0.022938496086090047,0.03669244411627582,67.00641272268345,9.6330755588373,4.327776974379848,1.1187221593472139,4.920425307435638,48.165377794186526,1.3911738221800267,0.481653777941865,5.018755458179414,6.981961213342327,0.0003349006893407192,0.0009775627478057754,0.005593610796736069,0.8241008240338498,0.005593610796736066,,0.0,1.3106393814086914,ok
B_alpha0.005,0.8,0.5,0.005,3.1622776601683795,0.0015811388300841897,0.6,20,200,5,1.0,predictive,P1+P2 (protect),coarse,0.002108482517142911,10,3.0,True,True,0.04249731929864833,0.06789697779881332,75.7172762072566,9.32103022201198,2.0874783079612333,2.1313448932523635,6.460146576774423,46.60515111005988,1.624654665928393,0.46605151110059906,4.7767740523734465,7.7606082522741975,0.0005968035942843289,0.002264902104204252,0.010656724466261818,1.3180035276660298,0.010656724466261825,,0.0,1.3180973529815674,ok
B_alpha0.005,0.8,0.5,0.005,3.1622776601683795,0.0015811388300841897,0.6,20,200,5,1.0,predictive,P1+P2 (protect),coarse,0.008891397050194613,10,3.0,True,True,0.05541330212307503,0.08754535234261235,88.4844746092996,9.124546476574013,0.9292086408998578,3.7512232757099024,6.195021606816227,45.62273238287006,1.9394821394459663,0.4562273238287006,5.050650230347023,9.795645914346707,0.0005655808030171451,0.0023325493273513983,0.01875611637854951,1.8283415396622866,0.01875611637854951,,0.0,1.3387744426727295,ok
B_alpha0.005,0.8,0.5,0.005,3.1622776601683795,0.0015811388300841897,0.6,20,200,5,1.0,predictive,P1+P2 (protect),coarse,0.03749471046662279,10,3.0,True,True,0.07040762793755409,0.10656706742168708,107.87163092433698,8.9343293257833,0.3616691864617044,5.968512281330762,4.735489206424233,44.671646628916605,2.414767286740447,0.44671646628916506,5.684758615878268,13.727369138638743,0.0003988959831889715,0.0016487911755029212,0.02984256140665381,1.8509033396490198,0.02984256140665374,,0.0,1.4540331363677979,ok
B_alpha0.005,0.8,0.5,0.005,3.1622776601683795,0.0015811388300841897,0.6,20,200,5,1.0,predictive,P1+P2 (protect),coarse,0.158113883008419,10,3.0,True,True,0.09348388561289302,0.1309618492121868,127.81856144414422,8.690381507878339,0.11673576635232609,7.997227492932969,3.195655232836366,43.45190753939174,2.941609901205582,0.43451907539391693,6.300541420184924,18.53373502457185,0.0002446361927934263,0.0009800485299206625,0.039986137464664846,1.4957836336121244,0.03998613746466472,,0.0,1.2540905475616455,ok
B_alpha0.005,0.8,0.5,0.005,3.1622776601683795,0.0015811388300841897,0.6,20,200,5,1.0,predictive,P1+P2 (protect),coarse,1.5811388300841894e-06,10,10.0,True,True,2.4487252935911498e-05,3.917612980612549e-05,53.15497026989513,9.999608238701935,9.703712696119858,0.025275870942270035,0.27140319423593695,49.998041193509664,1.063141055149882,0.49998041193509674,5.9581970672363145,6.3344039168525486,2.4638261731014098e-14,2.5844255133834627e-14,0.00012637935471135017,0.10977292642521276,0.0001263793547113502,,0.0,1.4951870441436768,ok
B_alpha0.005,0.8,0.5,0.005,3.1622776601683795,0.0015811388300841897,0.6,20,200,5,1.0,predictive,P1+P2 (protect),coarse,6.6676071608166194e-06,10,10.0,True,True,0.00021737973419130312,0.00034777129647585133,54.08407242815923,9.996522287035237,9.037963530971268,0.1002915176659059,0.8652226643275895,49.98261143517619,1.0820577571922656,0.49982611435176183,5.835056171316282,6.313867793825384,5.9835964945376545e-09,7.167217419596077e-09,0.0005014575883295295,0.32620347065390093,0.0005014575883295289,,0.0,1.266584873199463,ok
B_alpha0.005,0.8,0.5,0.005,3.1622776601683795,0.0015811388300841897,0.6,20,200,5,1.0,predictive,P1+P2 (protect),coarse,2.811706625951745e-05,10,10.0,True,True,0.003307495064388614,0.00529127658566569,57.69145505699216,9.94708723414334,7.52455590484172,0.35491815220879525,2.173438708806146,49.7354361707168,1.15996680634239,0.49735436170716696,5.570797502622109,6.4619401878967295,1.2826211859439416e-05,2.181775928926138e-05,0.0017745907610439763,0.5812702599352279,0.0017745907610439776,,0.0,1.3257427215576172,ok
B_alpha0.005,0.8,0.5,0.005,3.1622776601683795,0.0015811388300841897,0.6,20,200,5,1.0,predictive,P1+P2 (protect),coarse,0.00011856868528308274,10,10.0,True,True,0.018982191426225585,0.030364885320759333,65.1067784937898,9.696351146792436,4.913460560133232,0.9462574157953192,4.443930877279013,48.48175573396236,1.3429129681494045,0.4848175573396218,5.109825708201079,6.862051208526444,0.0002656456142385501,0.0007263048486547363,0.004731287078976596,0.7057876019857123,0.004731287078976604,,0.0,1.3005836009979248,ok
B_alpha0.005,0.8,0.5,0.005,3.1622776601683795,0.0015811388300841897,0.6,20,200,5,1.0,predictive,P1+P2 (protect),coarse,0.0004999999999999999,10,10.0,True,True,0.03927354304553231,0.06277443744439454,72.81045945195378,9.372255625556166,2.5475663075599817,1.8328033203132572,6.247374746570595,46.86127812778086,1.5537446343954802,0.4686127812778083,4.7875784506578265,7.438674329457024,0.0005731319774509539,0.0021156741237656285,0.009164016601566287,1.0827724668551333,0.009164016601566282,,0.0,1.3419809341430664,ok
B_alpha0.005,0.8,0.5,0.005,3.1622776601683795,0.0015811388300841897,0.6,20,200,5,1.0,predictive,P1+P2 (protect),coarse,0.002108482517142911,10,10.0,True,True,0.05164854218469341,0.08185100940348695,82.49431824927714,9.181489905965256,1.279443451361333,3.20852333467879,6.330543307994621,45.90744952982639,1.7969701888073746,0.4590744952982628,4.947024267523049,8.889655132045558,0.0005832302545424498,0.002390905495229752,0.01604261667339395,1.6668863223999566,0.016042616673394017,,0.0,1.456954002380371,ok
B_alpha0.005,0.8,0.5,0.005,3.1622776601683795,0.0015811388300841897,0.6,20,200,5,1.0,predictive,P1+P2 (protect),coarse,0.008891397050194613,10,10.0,True,True,0.06260712905461098,0.09534975426976891,98.7933265725995,9.046502457302466,0.5956329181524609,5.257124522086495,5.100740102458578,45.232512286512204,2.1841220303400766,0.45232512286512333,5.512245310450838,12.03941641919445,0.0004284712029643505,0.0017757466555293642,0.026285622610432477,1.9804968509870062,0.026285622610432397,,0.0,1.2899746894836426,ok
B_alpha0.005,0.8,0.5,0.005,3.1622776601683795,0.0015811388300841897,0.6,20,200,5,1.0,predictive,P1+P2 (protect),coarse,0.03749471046662279,10,10.0,True,True,0.08088999650169387,0.1133856208549742,119.38437456104485,8.866143791450437,0.22769212879346606,7.389546377904974,3.516617701851123,44.33071895725212,2.6930394401265314,0.44330718957252185,6.163179001824508,16.59768412847307,0.00026501139302798716,0.0010685212605197323,0.036947731889524875,1.7653751996415126,0.03694773188952477,,0.0,1.2945399284362793,ok
B_alpha0.005,0.8,0.5,0.005,3.1622776601683795,0.0015811388300841897,0.6,20,200,5,1.0,predictive,P1+P2 (protect),coarse,0.158113883008419,10,10.0,True,True,0.10642803764463497,0.13763823703536118,135.94706631877128,8.623617629646624,0.071589691616796,8.84293910535099,2.46185357338559,43.118088148233106,3.1529010713881136,0.4311808814823312,6.583225776576852,20.756259604159002,0.00017306412643302785,0.0006680408879424485,0.04421469552675495,1.365535786519644,0.04421469552675506,,0.0,1.3195281028747559,ok
B_alpha0.005,0.8,0.5,0.005,3.1622776601683795,0.0015811388300841897,0.6,20,200,5,1.0,predictive,P1+P2 (protect),coarse,1.5811388300841894e-06,10,30.0,True,True,0.00011316444048461008,0.0001810450784086085,53.71695415364102,9.998189549215908,9.263485430887224,0.07178493572357639,0.6665400841732918,49.99094774607959,1.074533622096685,0.4999094774607954,5.875840158230535,6.313787808084615,4.48694783119588e-10,5.128659026569791e-10,0.00035892467861788193,0.25777518384525,0.00035892467861788286,,0.0,1.3237521648406982,ok
B_alpha0.005,0.8,0.5,0.005,3.1622776601683795,0.0015811388300841897,0.6,20,200,5,1.0,predictive,P1+P2 (protect),coarse,6.6676071608166194e-06,10,30.0,True,True,0.001823538067113122,0.002917294771702378,56.39722673984579,9.970827052282983,8.00184284868487,0.2644028183164538,1.7629272807156937,49.854135261414925,1.131244709072207,0.49854135261414917,5.653361451297098,6.395335230252615,3.372364778259572e-06,5.164871405082428e-06,0.001322014091582269,0.5257238247837176,0.0013220140915822694,,0.0,1.338547706604004,ok
B_alpha0.005,0.8,0.5,0.005,3.1622776601683795,0.0015811388300841897,0.6,20,200,5,1.0,predictive,P1+P2 (protect),coarse,2.811706625951745e-05,10,30.0,True,True,0.013939685817398005,0.02229931349279151,63.07806894570356,9.777006865072124,5.622650645131533,0.7667866554527764,3.8335558343435663,48.88503432536057,1.2903349627593477,0.4888503432536062,5.232658001580884,6.751881567602272,0.00017319937218851188,0.00042652703869126883,0.003833933277263882,0.6503615779420406,0.003833933277263884,,0.0,1.2555181980133057,ok
B_alpha0.005,0.8,0.5,0.005,3.1622776601683795,0.0015811388300841897,0.6,20,200,5,1.0,predictive,P1+P2 (protect),coarse,0.00011856868528308274,10,30.0,True,True,0.034982259661184206,0.055937691116649556,70.66234055600871,9.440623088833606,3.0686413486933017,1.5666138597228985,5.924121702750195,47.20311544416791,1.4969846776234186,0.4720311544416803,4.830749612487299,7.231558151328754,0.0005259052121041116,0.001847077625360941,0.007833069298614492,0.9069435084942664,0.007833069298614501,,0.0,1.3238070011138916,ok
B_alpha0.005,0.8,0.5,0.005,3.1622776601683795,0.0015811388300841897,0.6,20,200,5,1.0,predictive,P1+P2 (protect),coarse,0.0004999999999999999,10,30.0,True,True,0.04885219954321988,0.07770641829059911,78.65921230090156,9.222935817094138,1.6390002375911876,2.739344596493995,6.39871934882068,46.11467908547066,1.7057304498446502,0.4611467908547069,4.8673169754985866,8.302330774153706,0.0006013244598514783,0.0024332719490466506,0.013696722982469975,1.4174176450822942,0.013696722982470001,,0.0,1.5275282859802246,ok
B_alpha0.005,0.8,0.5,0.005,3.1622776601683795,0.0015811388300841897,0.6,20,200,5,1.0,predictive,P1+P2 (protect),coarse,0.002108482517142911,10,30.0,True,True,0.05818178501774558,0.08974641160289629,91.34786777514236,9.102535883971179,0.904578142672827,4.534763980226612,5.4581219931293825,45.512679419855935,2.0070861337882424,0.45512679419855895,5.331413976990363,10.700607066702185,0.0004707983030069425,0.0019552523798341587,0.02267381990113306,1.8588175090433905,0.022673819901133093,,0.0,1.2724285125732422,ok
B_alpha0.005,0.8,0.5,0.005,3.1622776601683795,0.0015811388300841897,0.6,20,200,5,1.0,predictive,P1+P2 (protect),coarse,0.008891397050194613,10,30.0,True,True,0.0714134041531348,0.10162884353792721,109.52869923345344,8.983711564620908,0.4439868620411629,6.628215869460233,3.944085703877697,44.91855782310447,2.4383841454748545,0.4491855782310454,5.969930584899969,14.556984087805509,0.0002982697924075467,0.0012129515352430455,0.033141079347301164,1.9329421083063016,0.033141079347301206,,0.0,1.3328020572662354,ok
B_alpha0.005,0.8,0.5,0.005,3.1622776601683795,0.0015811388300841897,0.6,20,200,5,1.0,predictive,P1+P2 (protect),coarse,0.03749471046662279,10,30.0,True,True,0.09285054158431985,0.1197496143056099,127.69206484497049,8.802503856944092,0.17499587685670023,8.277359572029445,2.7451406941697627,44.01251928472034,2.9012668876989474,0.44012519284720464,6.46116402189382,18.745561232712298,0.00018832099787887218,0.0007350512154804714,0.04138679786014723,1.6387950611897428,0.04138679786014721,,0.0,1.2779309749603271,ok
B_alpha0.005,0.8,0.5,0.005,3.1622776601683795,0.0015811388300841897,0.6,20,200,5,1.0,predictive,P1+P2 (protect),coarse,0.158113883008419,10,30.0,True,True,0.11476612620117829,0.14172542354369333,139.79518513677664,8.582745764563319,0.056491960729033994,9.217563581861766,2.1431986928458815,42.91372882281665,3.2575865339963053,0.42913728822816594,6.705304216505844,21.843108722038085,0.0001434296958511824,0.0005344217732238478,0.04608781790930883,1.3026235462295916,0.04608781790930887,,0.0,1.3862659931182861,ok
B_alpha0.005,0.8,0.5,0.005,3.1622776601683795,0.0015811388300841897,0.6,20,200,5,1.0,predictive,P1+P2 (protect),coarse,1.5811388300841894e-06,10,100.0,True,True,0.0011745774604260172,0.001879098629003111,55.68600673915904,9.981209013709972,8.282575398878539,0.2149581885683489,1.5212573988431402,49.906045068549886,1.115816864723901,0.4990604506854986,5.702004563794814,6.362392855014905,1.1303769219044718e-06,1.6217447901261917e-06,0.0010747909428417445,0.48471872012220485,0.001074790942841747,,0.0,1.2850449085235596,ok
B_alpha0.005,0.8,0.5,0.005,3.1622776601683795,0.0015811388300841897,0.6,20,200,5,1.0,predictive,P1+P2 (protect),coarse,6.6676071608166194e-06,10,100.0,True,True,0.01085206719805833,0.017360313122633784,61.75729337250041,9.8263968687737,6.089314051072727,0.6577091054674113,3.4265799746861605,49.13198434386849,1.2569672118322963,0.49131984343868507,5.315490342348568,6.681397075143377,0.0001182280243278392,0.00026944591077273814,0.0032885455273370568,0.6292663219790097,0.0032885455273370546,,0.0,1.2972345352172852,ok
B_alpha0.005,0.8,0.5,0.005,3.1622776601683795,0.0015811388300841897,0.6,20,200,5,1.0,predictive,P1+P2 (protect),coarse,2.811706625951745e-05,10,100.0,True,True,0.03177357272885721,0.050815028528970914,69.38258382302836,9.491849714710392,3.4402179610735875,1.410082501035493,5.657849823180527,47.459248573552,1.4619402099361039,0.4745924857355196,4.874980363878807,7.126929816603367,0.0004824631596751708,0.0016252620130571033,0.007050412505177465,0.8226026900073112,0.0070504125051774605,,0.0,1.280052661895752,ok
B_alpha0.005,0.8,0.5,0.005,3.1622776601683795,0.0015811388300841897,0.6,20,200,5,1.0,predictive,P1+P2 (protect),coarse,0.00011856868528308274,10,100.0,True,True,0.0470132992826281,0.074914819476784,76.80849580383672,9.250851805232282,1.8675337131600225,2.481153505965496,6.4004609756422,46.2542590261614,1.6605713164790696,0.4625425902616141,4.832292552188483,8.024366404999633,0.0006072562575096519,0.0024267420876345792,0.01240576752982748,1.2730945596126026,0.012405767529827505,,0.0,1.5348320007324219,ok
B_alpha0.005,0.8,0.5,0.005,3.1622776601683795,0.0015811388300841897,0.6,20,200,5,1.0,predictive,P1+P2 (protect),coarse,0.0004999999999999999,10,100.0,True,True,0.05624348230543517,0.08744748293208861,87.65987376948694,9.125525170679264,1.1346250844061394,4.116188941826499,5.6236608030880975,45.62762585339629,1.9212017309675993,0.4562762585339632,5.234577475560928,10.056679306931661,0.0004987105066491173,0.002071265998613939,0.020580944709132493,1.6819462755934584,0.02058094470913242,,0.0,1.2482569217681885,ok
B_alpha0.005,0.8,0.5,0.005,3.1622776601683795,0.0015811388300841897,0.6,20,200,5,1.0,predictive,P1+P2 (protect),coarse,0.002108482517142911,10,100.0,True,True,0.06707029234489684,0.09677096784088403,103.0935822267982,9.032290321591324,0.6977999395516713,6.085606748711759,4.184302990145246,45.161451607956685,2.2827783110637405,0.4516145160795662,5.841442233256135,13.334717635408845,0.0003236337563097875,0.0013230892116979705,0.030428033743558795,1.8523624932580405,0.030428033743558805,,0.0,1.3113584518432617,ok
B_alpha0.005,0.8,0.5,0.005,3.1622776601683795,0.0015811388300841897,0.6,20,200,5,1.0,predictive,P1+P2 (protect),coarse,0.008891397050194613,10,100.0,True,True,0.08422292637072819,0.10872379044733661,119.49487507913975,8.912762095526832,0.36938570599371473,7.729068046122351,2.9887841523571024,44.563810477634114,2.681433068635645,0.4456381047763416,6.34032427930097,17.001155188391085,0.00020103951706384942,0.000790578540613665,0.03864534023061176,1.7947839936329126,0.038645340230611766,,0.0,1.2887580394744873,ok
B_alpha0.005,0.8,0.5,0.005,3.1622776601683795,0.0015811388300841897,0.6,20,200,5,1.0,predictive,P1+P2 (protect),coarse,0.03749471046662279,10,100.0,True,True,0.10337666196194631,0.12497764312135239,132.8574623258228,8.750223568786682,0.1529323848901669,8.784218423723697,2.3126256225994544,43.751117843933415,3.03666440706143,0.43751117843933407,6.627099211186655,20.124276296675394,0.00014787231372407033,0.0005549609548480963,0.043921092118618485,1.552220149054905,0.043921092118618804,,0.0,1.4124524593353271,ok
B_alpha0.005,0.8,0.5,0.005,3.1622776601683795,0.0015811388300841897,0.6,20,200,5,1.0,predictive,P1+P2 (protect),coarse,0.158113883008419,10,100.0,True,True,0.11834755238288193,0.1434663842529336,141.33974414886183,8.565336157470899,0.0508339726331896,9.371397457677766,2.012432412218146,42.82668078735451,3.300273136987898,0.42826680787354493,6.755320638841971,22.29440323611008,0.0001310243047183943,0.0004743237646395307,0.04685698728838883,1.2839790368094925,0.04685698728838891,,0.0,1.2946348190307617,ok
B_alpha0.005,0.8,0.5,0.005,3.1622776601683795,0.0015811388300841897,0.6,20,200,5,1.0,predictive,P1+P2 (protect),coarse,1.5811388300841894e-06,20,3.0,True,True,8.912579239506615e-06,1.4258952266375062e-05,52.889548698290774,9.999857410477334,9.961172175627988,0.0075504200113298585,0.031419993883348596,49.99928705238671,1.057806057171891,0.4999928705238667,6.009706104862694,6.35710351954665,4.7223155272812543e-05,4.967937236996428e-05,3.775210005664929e-05,1.2590586251083994e-05,3.7752100056649354e-05,,0.0,7.912033796310425,ok
B_alpha0.005,0.8,0.5,0.005,3.1622776601683795,0.0015811388300841897,0.6,20,200,5,1.0,predictive,P1+P2 (protect),coarse,6.6676071608166194e-06,20,3.0,True,True,1.3691036992502995e-05,2.1903758830011993e-05,52.9547891325203,9.999780962411702,9.837940597072814,0.031442032246173854,0.1308364082693103,49.998904812058484,1.0591189813371458,0.4999890481205851,5.9908605649439295,6.345034138876292,0.0001698118683370044,0.00020687052550336015,0.00015721016123086928,5.275582892731847e-05,0.00015721016123086963,,0.0,8.153730154037476,ok
B_alpha0.005,0.8,0.5,0.005,3.1622776601683795,0.0015811388300841897,0.6,20,200,5,1.0,predictive,P1+P2 (protect),coarse,2.811706625951745e-05,20,3.0,True,True,0.00015912348430821414,0.0002545696361694054,53.41681338022836,9.997454303638309,9.352608797599084,0.1259542445332942,0.5239826542293127,49.98727151819156,1.068608302831426,0.49987271518191545,5.91603545937434,6.321924611732549,0.00043738871934932325,0.0008284893208925464,0.0006297712226664711,0.00021857151426464972,0.000629771222666471,,0.0,8.1936514377594,ok
B_alpha0.005,0.8,0.5,0.005,3.1622776601683795,0.0015811388300841897,0.6,20,200,5,1.0,predictive,P1+P2 (protect),coarse,0.00011856868528308274,20,3.0,True,True,0.0037061869442644307,0.005929038379907208,56.64664469140202,9.940709616200925,7.800038109723475,0.43876207972427084,1.8204901943513292,49.70354808100471,1.1396901605310297,0.4970354808100462,5.662068765330254,6.4530040600969665,0.000680036760556983,0.0028784477360763627,0.0021938103986213543,0.002283623868981256,0.002193810398621353,,0.0,8.034730911254883,ok
B_alpha0.005,0.8,0.5,0.005,3.1622776601683795,0.0015811388300841897,0.6,20,200,5,1.0,predictive,P1+P2 (protect),coarse,0.0004999999999999999,20,3.0,True,True,0.0210502820245444,0.03367198410945224,64.3025081091343,9.663280158905552,4.959921783165952,1.0954902237573403,4.281307834171156,48.31640079452773,1.3308629585756961,0.4831640079452776,5.1639813236944345,6.872551462481614,0.0007656327238201392,0.0067693420601516565,0.005477451118786701,0.0967782373339858,0.005477451118786709,,0.0,8.33387279510498,ok
B_alpha0.005,0.8,0.5,0.005,3.1622776601683795,0.0015811388300841897,0.6,20,200,5,1.0,predictive,P1+P2 (protect),coarse,0.002108482517142911,20,3.0,True,True,0.040584729206242946,0.06483899735809115,71.87121783377738,9.351610026419172,2.713990612916765,2.009972351339562,5.924427009324502,46.758050132095946,1.5370875738131582,0.4675805013209586,4.883971456776396,7.507091837069146,0.0007760579673519963,0.009367341590442493,0.01004986175669781,0.49567383944298005,0.01004986175669785,,0.0,8.41330862045288,ok
B_alpha0.005,0.8,0.5,0.005,3.1622776601683795,0.0015811388300841897,0.6,20,200,5,1.0,predictive,P1+P2 (protect),coarse,0.008891397050194613,20,3.0,True,True,0.05177865985879357,0.08173729639429497,80.72441740465588,9.182627036057157,1.6905569669847107,3.372567577513814,5.754248419444317,45.9131351802857,1.758198761371398,0.45913135180285786,5.10187143587856,8.9701040392378,0.0007353942506539964,0.009098265613933934,0.016862837887569072,0.9460705234442126,0.016862837887569187,,0.0,8.045986413955688,ok
B_alpha0.005,0.8,0.5,0.005,3.1622776601683795,0.0015811388300841897,0.6,20,200,5,1.0,predictive,P1+P2 (protect),coarse,0.03749471046662279,20,3.0,True,True,0.060982109461644764,0.09149487177625495,93.59848848882382,9.08505128223758,1.266211168106263,5.207145207910122,4.441592341746034,45.425256411187796,2.0604944447990263,0.45425256411187903,5.6592220813564875,11.660795660519026,0.0006221070841676661,0.0070227741189391605,0.026035726039550608,1.1220630477760605,0.02603572603955088,,0.0,8.144010543823242,ok
B_alpha0.005,0.8,0.5,0.005,3.1622776601683795,0.0015811388300841897,0.6,20,200,5,1.0,predictive,P1+P2 (protect),coarse,0.158113883008419,20,3.0,True,True,0.07417892490336025,0.10006110736532312,107.33242927784413,8.999388926346954,1.0976401385571983,6.869726422409768,3.0332445126860796,44.9969446317346,2.385327051787128,0.4499694463173477,6.214084432402394,14.82262369869869,0.0004777207888990436,0.004795980680147829,0.03434863211204884,1.017136393399304,0.03434863211204875,,0.0,7.878901720046997,ok
B_alpha0.005,0.8,0.5,0.005,3.1622776601683795,0.0015811388300841897,0.6,20,200,5,1.0,predictive,P1+P2 (protect),coarse,1.5811388300841894e-06,20,10.0,True,True,1.184770943891371e-05,1.8954721731551278e-05,52.93529570765825,9.999810452782697,9.871472300556613,0.024939193339983918,0.10377805332070622,49.99905226391345,1.0587259820095434,0.49999052263913485,5.99599106528717,6.348111528716608,0.0001399156084082714,0.00016408750981594116,0.0001246959666999196,4.176965574670235e-05,0.00012469596669991936,,0.0,7.964237928390503,ok
B_alpha0.005,0.8,0.5,0.005,3.1622776601683795,0.0015811388300841897,0.6,20,200,5,1.0,predictive,P1+P2 (protect),coarse,6.6676071608166194e-06,20,10.0,True,True,9.103107110848465e-05,0.00014563435907965306,53.26089918134705,9.9985436564092,9.480513072492073,0.10094912211398117,0.4199941489847454,49.992718282045985,1.0653731385611567,0.49992718282046,5.935897277866488,6.323945513097247,0.0003876617756513278,0.0006640690573679441,0.0005047456105699059,0.000173375328728201,0.0005047456105699067,,0.0,8.160340309143066,ok
B_alpha0.005,0.8,0.5,0.005,3.1622776601683795,0.0015811388300841897,0.6,20,200,5,1.0,predictive,P1+P2 (protect),coarse,2.811706625951745e-05,20,10.0,True,True,0.002412628051631935,0.0038596752556968815,55.75134378560593,9.961403247443041,8.161694925604165,0.3641747267993733,1.5127271001534215,49.80701623721517,1.1193471923730542,0.49807016237215207,5.723391241632855,6.406461917174266,0.000652041688653075,0.002391831557373249,0.0018208736339968665,0.0011794479165904545,0.0018208736339968676,,0.0,8.061249494552612,ok
B_alpha0.005,0.8,0.5,0.005,3.1622776601683795,0.0015811388300841897,0.6,20,200,5,1.0,predictive,P1+P2 (protect),coarse,0.00011856868528308274,20,10.0,True,True,0.01741862074702304,0.02786368201541499,62.966464184959484,9.721363179845897,5.441595085992364,0.9692217359849923,3.8678199981767465,48.60681589922941,1.2954245823363575,0.48606815899229483,5.247004668912942,6.797098831743466,0.0007589019053618873,0.006115560386893401,0.004846108679924962,0.062058912474144606,0.004846108679924958,,0.0,7.941924810409546,ok
B_alpha0.005,0.8,0.5,0.005,3.1622776601683795,0.0015811388300841897,0.6,20,200,5,1.0,predictive,P1+P2 (protect),coarse,0.0004999999999999999,20,10.0,True,True,0.03801817122481508,0.060767100703210175,70.66148615456336,9.392328992967999,2.9831451405380345,1.8385269670595956,5.785998899434372,46.96164496483991,1.504663778440203,0.46961644964839994,4.895538969814869,7.366140163822899,0.0007773964494593264,0.00914846753072015,0.009192634835297978,0.41635191857887627,0.009192634835297987,,0.0,8.09924030303955,ok
B_alpha0.005,0.8,0.5,0.005,3.1622776601683795,0.0015811388300841897,0.6,20,200,5,1.0,predictive,P1+P2 (protect),coarse,0.002108482517142911,20,10.0,True,True,0.05029520580056075,0.07969001911965443,79.0200377830591,9.20309980880355,1.8025264922478281,3.1099280490470105,5.884445649901611,46.01549904401769,1.717248305999459,0.4601549904401775,5.036080560327857,8.64820081109982,0.0007466710078039947,0.009304125510579426,0.015549640245235053,0.8848268389946053,0.01554964024523508,,0.0,8.082033157348633,ok
B_alpha0.005,0.8,0.5,0.005,3.1622776601683795,0.0015811388300841897,0.6,20,200,5,1.0,predictive,P1+P2 (protect),coarse,0.008891397050194613,20,10.0,True,True,0.059311138808236255,0.09008346668913368,91.27788793485693,9.099165333108816,1.3125726847047956,4.896305258417659,4.69195672376873,45.49582666554401,2.006291447474361,0.4549582666554408,5.5581176797993095,11.151203965037395,0.0006449700063328966,0.007418634965025393,0.024481526292088295,1.1174307270885626,0.024481526292088367,,0.0,7.96329665184021,ok
B_alpha0.005,0.8,0.5,0.005,3.1622776601683795,0.0015811388300841897,0.6,20,200,5,1.0,predictive,P1+P2 (protect),coarse,0.03749471046662279,20,10.0,True,True,0.0716753943867242,0.09863786748813742,105.27970593840794,9.013621325118805,1.1148782354324027,6.640932208291337,3.230568231157455,45.06810662559395,2.3360135097980828,0.4506810662559403,6.137302188866269,14.33682082690495,0.0004998394063884183,0.005107976873519509,0.03320466104145669,1.043745851641801,0.03320466104145705,,0.0,8.369373083114624,ok
B_alpha0.005,0.8,0.5,0.005,3.1622776601683795,0.0015811388300841897,0.6,20,200,5,1.0,predictive,P1+P2 (protect),coarse,0.158113883008419,20,10.0,True,True,0.08726444988933153,0.10693839212567109,115.56636671337768,8.93061607874344,1.0456642710580688,7.722705123521198,2.3010145266772923,44.65308039371725,2.5880939387473485,0.44653080393717204,6.497205017206906,16.815376923832055,0.0003893919637278656,0.0036382234167172123,0.03861352561760599,0.888986937769246,0.038613525617606344,,0.0,7.973806381225586,ok
B_alpha0.005,0.8,0.5,0.005,3.1622776601683795,0.0015811388300841897,0.6,20,200,5,1.0,predictive,P1+P2 (protect),coarse,1.5811388300841894e-06,20,30.0,True,True,4.351415494476781e-05,6.961574624795059e-05,53.1149344139767,9.999303842537516,9.624355596664182,0.07292294566054898,0.3034176151377519,49.9965192126876,1.0623726461440888,0.49996519212687585,5.958094958166988,6.329717106685617,0.00031733705382605977,0.0004797453730258411,0.0003646147283027449,0.000123970782975904,0.0003646147283027448,,0.0,8.065964698791504,ok
B_alpha0.005,0.8,0.5,0.005,3.1622776601683795,0.0015811388300841897,0.6,20,200,5,1.0,predictive,P1+P2 (protect),coarse,6.6676071608166194e-06,20,30.0,True,True,0.0012058824442171127,0.0019291656511359404,54.7372570252953,9.980708343488654,8.605996318095514,0.2740451006379681,1.1392502377778637,49.90354171744323,1.0968611673941069,0.4990354171744327,5.796991697329258,6.358495080506515,0.0006025357890019409,0.001801312788133255,0.0013702255031898406,0.000585305952173272,0.001370225503189839,,0.0,7.968755006790161,ok
B_alpha0.005,0.8,0.5,0.005,3.1622776601683795,0.0015811388300841897,0.6,20,200,5,1.0,predictive,P1+P2 (protect),coarse,2.811706625951745e-05,20,30.0,True,True,0.012481275140834988,0.019966270173984453,61.01965918887411,9.800337298260176,6.154654818862249,0.7973423969777227,3.2476654858998524,49.001686491301,1.245256307651913,0.49001686491300883,5.372931883093042,6.69067731800568,0.0007452747756521601,0.005135010006880473,0.003986711984888614,0.02878542195985542,0.003986711984888608,,0.0,8.127451181411743,ok
B_alpha0.005,0.8,0.5,0.005,3.1622776601683795,0.0015811388300841897,0.6,20,200,5,1.0,predictive,P1+P2 (protect),coarse,0.00011856868528308274,20,30.0,True,True,0.03381153109026975,0.054065364251454806,68.92555829815306,9.459346357485531,3.4405398265436697,1.6087653759444553,5.491348440026343,47.29673178742763,1.4573006567966453,0.47296731787427654,4.937533147925339,7.195470299426804,0.0007772797088917349,0.008682584248047886,0.008043826879722276,0.30726890170304794,0.008043826879722243,,0.0,8.050851345062256,ok
B_alpha0.005,0.8,0.5,0.005,3.1622776601683795,0.0015811388300841897,0.6,20,200,5,1.0,predictive,P1+P2 (protect),coarse,0.0004999999999999999,20,30.0,True,True,0.047989058774788707,0.07632791899229738,76.7592552335105,9.236720810077134,1.99608372128744,2.7572808982015307,6.009914570433895,46.18360405038571,1.6620455854802314,0.46183604050385674,4.9597972967964035,8.243409202017247,0.0007594416340079229,0.009502509292801728,0.013786404491007653,0.7842943846378746,0.013786404491007704,,0.0,7.84147834777832,ok
B_alpha0.005,0.8,0.5,0.005,3.1622776601683795,0.0015811388300841897,0.6,20,200,5,1.0,predictive,P1+P2 (protect),coarse,0.002108482517142911,20,30.0,True,True,0.05706464892643257,0.08796426525007678,88.02275611867293,9.120357347499347,1.3929996257423694,4.445865681460349,5.0407773452979345,45.60178673749665,1.930247966496784,0.45601786737496736,5.414872534000236,10.452046697593243,0.0006756619130424533,0.007970168794459194,0.022229328407301744,1.0947018365145706,0.022229328407301928,,0.0,8.137194871902466,ok
B_alpha0.005,0.8,0.5,0.005,3.1622776601683795,0.0015811388300841897,0.6,20,200,5,1.0,predictive,P1+P2 (protect),coarse,0.008891397050194613,20,30.0,True,True,0.06826576354808282,0.09659439990858769,102.12359375823854,9.034056000914251,1.1457899632257464,6.275548383910079,3.5446056519499227,45.170280004571275,2.2608581073197582,0.45170280004571256,6.014581522830421,13.598115398026776,0.0005336450037095693,0.005604513633633775,0.031377741919550395,1.078387277954918,0.03137774191955074,,0.0,7.979706287384033,ok
B_alpha0.005,0.8,0.5,0.005,3.1622776601683795,0.0015811388300841897,0.6,20,200,5,1.0,predictive,P1+P2 (protect),coarse,0.03749471046662279,20,30.0,True,True,0.08373660351365186,0.10514586846357189,113.66950636250914,8.948541315364437,1.0556281644684635,7.534450218495771,2.461380301671328,44.74270657682213,2.540514757803965,0.4474270657682219,6.435412203266872,16.349259674951217,0.00040954031254376464,0.003891783970576888,0.037672251092478855,0.9203561146583382,0.037672251092479,,0.0,8.193721294403076,ok
B_alpha0.005,0.8,0.5,0.005,3.1622776601683795,0.0015811388300841897,0.6,20,200,5,1.0,predictive,P1+P2 (protect),coarse,0.158113883008419,20,30.0,True,True,0.09566144005989369,0.11110921056991008,119.45784091440889,8.88890789430106,1.0279062760917994,8.09989601680874,1.9832898127984007,44.444539471505394,2.6877956737744255,0.44444539471505295,6.61933381551006,17.7914167925967,0.000348910960767754,0.0031358565343258074,0.0404994800840437,0.8270219476842293,0.04049948008404427,,0.0,7.865164041519165,ok
B_alpha0.005,0.8,0.5,0.005,3.1622776601683795,0.0015811388300841897,0.6,20,200,5,1.0,predictive,P1+P2 (protect),coarse,1.5811388300841894e-06,20,100.0,True,True,0.0007148000294353529,0.0011435404097423767,54.222017999942715,9.988564595902579,8.859605946603594,0.22329282545609894,0.9285366320377282,49.94282297951286,1.08568188110202,0.49942822979512896,5.838074939564847,6.338292182401324,0.0005623687895236511,0.001468145324070455,0.0011164641272804947,0.00042249025148452464,0.001116464127280498,,0.0,7.992218732833862,ok
B_alpha0.005,0.8,0.5,0.005,3.1622776601683795,0.0015811388300841897,0.6,20,200,5,1.0,predictive,P1+P2 (protect),coarse,6.6676071608166194e-06,20,100.0,True,True,0.009474063535465437,0.0151558677285418,59.70921987897265,9.84844132271462,6.639042085857567,0.687570694937967,2.8249458964898446,49.242206613572996,1.212561824199701,0.49242206613573103,5.459018024461456,6.619396854080031,0.0007324921246207073,0.004466631649827123,0.003437853474689835,0.015457080524481966,0.003437853474689845,,0.0,8.020709753036499,ok
B_alpha0.005,0.8,0.5,0.005,3.1622776601683795,0.0015811388300841897,0.6,20,200,5,1.0,predictive,P1+P2 (protect),coarse,2.811706625951745e-05,20,100.0,True,True,0.030580147004444946,0.04890623794104943,67.71081360737278,9.510937620589601,3.8052240105855755,1.4604711420272039,5.223367226797619,47.55468810294787,1.4238514920083232,0.47554688102948006,4.983443140668645,7.095682951179694,0.0007758081780708935,0.008258868746078944,0.007302355710136019,0.23865061144967348,0.007302355710136028,,0.0,8.10945200920105,ok
B_alpha0.005,0.8,0.5,0.005,3.1622776601683795,0.0015811388300841897,0.6,20,200,5,1.0,predictive,P1+P2 (protect),coarse,0.00011856868528308274,20,100.0,True,True,0.04623466900631863,0.07367083255605639,75.32583912505942,9.263291674439575,2.1555252343124414,2.533409501078852,6.047773590169132,46.31645837219783,1.6263298570832634,0.4631645837219788,4.921584334529493,8.00411954739858,0.0007660238621907445,0.009562369658974142,0.01266704750539426,0.7087736886971785,0.012667047505394342,,0.0,7.97462010383606,ok
B_alpha0.005,0.8,0.5,0.005,3.1622776601683795,0.0015811388300841897,0.6,20,200,5,1.0,predictive,P1+P2 (protect),coarse,0.0004999999999999999,20,100.0,True,True,0.05559802103579717,0.0864183542520014,85.88229512078362,9.1358164574801,1.459228183805552,4.1402680490786254,5.264687309635722,45.679082287400526,1.8801230414489345,0.456790822874005,5.320726620304276,10.003620716084786,0.0006947142479093175,0.008324201533516474,0.020701340245393128,1.0671491736462568,0.020701340245393215,,0.0,8.064370393753052,ok
B_alpha0.005,0.8,0.5,0.005,3.1622776601683795,0.0015811388300841897,0.6,20,200,5,1.0,predictive,P1+P2 (protect),coarse,0.002108482517142911,20,100.0,True,True,0.06608626488426486,0.09519952945985698,99.848293148648,9.048004705401604,1.1719649104157583,6.001898111304028,3.7781322728786093,45.24002352700801,2.20707871845025,0.4524002352700802,5.922843681235854,13.072182241563189,0.0005577579331895724,0.005973751641842712,0.03000949055652014,1.0978841189690443,0.03000949055652014,,0.0,8.296956539154053,ok
B_alpha0.005,0.8,0.5,0.005,3.1622776601683795,0.0015811388300841897,0.6,20,200,5,1.0,predictive,P1+P2 (protect),coarse,0.008891397050194613,20,100.0,True,True,0.08115989172433177,0.10381403717429243,112.15337230178473,8.961859628257269,1.0643588235359769,7.380756970647378,2.593024577559376,44.80929814128615,2.5029040166654486,0.44809298141286347,6.384603567140003,15.980049913011264,0.00042576963786936756,0.004099931846941703,0.03690378485323689,0.9449818862719486,0.03690378485323731,,0.0,8.04327392578125,ok
B_alpha0.005,0.8,0.5,0.005,3.1622776601683795,0.0015811388300841897,0.6,20,200,5,1.0,predictive,P1+P2 (protect),coarse,0.03749471046662279,20,100.0,True,True,0.09431392046674629,0.1104461323247183,118.87683056120203,8.895538676752976,1.0303806739809083,8.043759167833182,2.0303214814329342,44.47769338376496,2.672729215867878,0.44477693383764877,6.601278719089509,17.643430494597414,0.0003548598609404485,0.003210220131847618,0.04021879583916591,0.8355792593747992,0.040218795839166065,,0.0,7.94042706489563,ok
B_alpha0.005,0.8,0.5,0.005,3.1622776601683795,0.0015811388300841897,0.6,20,200,5,1.0,predictive,P1+P2 (protect),coarse,0.158113883008419,20,100.0,True,True,0.09926660923141355,0.11288360314539231,121.01994495794433,8.871163968546252,1.021199043987523,8.254732491447273,1.852904496018952,44.355819842731236,2.7283893159236996,0.4435581984273126,6.6693648009634225,18.196623666946195,0.00033316055984069777,0.0029296992470930713,0.04127366245723636,0.8088505581839245,0.041273662457236585,,0.0,7.820376396179199,ok
B_alpha0.005,0.8,0.5,0.005,3.1622776601683795,0.0015811388300841897,0.6,20,200,5,1.0,base,Base,fine,7.69963263029746e-06,0,1.0,False,False,1.5780811997070773e-05,2.524713767549974e-05,53.039267787686754,9.999747528623235,9.823056207349882,0.015126784820671368,0.16206947920621112,49.998737643116236,1.0608121382238365,0.49998737643116176,5.981356048072286,6.345095098833638,0.0,0.0,,,,,4.134805086932542e-56,0.5680336952209473,ok
B_alpha0.005,0.8,0.5,0.005,3.1622776601683795,0.0015811388300841897,0.6,20,200,5,1.0,base,Base,fine,8.891397050194613e-06,0,1.0,False,False,1.7276695498727422e-05,2.7640331387319285e-05,53.06500104150158,9.999723596686003,9.797703317230653,0.017423054074701166,0.18515003200864297,49.998617983430606,1.0613293563251522,0.49998617983430016,5.976491093680438,6.343025445538864,0.0,0.0,,,,,6.573971721921751e-55,0.4425466060638428,ok
B_alpha0.005,0.8,0.5,0.005,3.1622776601683795,0.0015811388300841897,0.6,20,200,5,1.0,base,Base,fine,1.026762513228573e-05,0,1.0,False,False,1.912561857676379e-05,3.059833463279731e-05,53.094691177854436,9.999694016653656,9.769026941882993,0.020060941309290724,0.21121810015406003,49.99847008326836,1.0619263167338835,0.4999847008326828,5.97100271886041,6.340764924447439,0.0,0.0,,,,,1.0287225424464e-53,0.5021851062774658,ok
B_alpha0.005,0.8,0.5,0.005,3.1622776601683795,0.0015811388300841897,0.6,20,200,5,1.0,base,Base,fine,1.1856868528308275e-05,0,1.0,False,False,2.1429504827293535e-05,3.428420894391025e-05,53.1289477312097,9.999657157910491,9.736674200236056,0.02308929317903407,0.240579348674419,49.99828578955283,1.0626153855520988,0.49998285789552455,5.964829070163491,6.338319142144145,0.0,0.0,,,,,1.5811848854351423e-52,0.4061877727508545,ok
B_alpha0.005,0.8,0.5,0.005,3.1622776601683795,0.0015811388300841897,0.6,20,200,5,1.0,base,Base,fine,1.3692098171321804e-05,0,1.0,False,False,2.4325130567776675e-05,3.891677439291337e-05,53.16847567593021,9.999610832256105,9.700274958933807,0.026563423405307412,0.27355078540478067,49.998054161280365,1.06341089804061,0.49998054161280525,5.957906624079537,6.33570283355452,0.0,0.0,,,,,2.381833019272158e-51,0.4195213317871094,ok
B_alpha0.005,0.8,0.5,0.005,3.1622776601683795,0.0015811388300841897,0.6,20,200,5,1.0,base,Base,fine,1.5811388300841894e-05,0,1.0,False,False,2.7997355333454172e-05,4.479177606378187e-05,53.21409103529547,9.999552082239306,9.659445362031603,0.030545848277969592,0.3104567074511212,49.9977604111968,1.0643294939142591,0.49997760411196535,5.950171180245871,6.3329426809742975,0.0,0.0,,,,,3.507739702192587e-50,0.4409043788909912,ok
B_alpha0.005,0.8,0.5,0.005,3.1622776601683795,0.0015811388300841897,0.6,20,200,5,1.0,base,Base,fine,1.825870636274188e-05,0,1.0,False,False,3.2697542034753055e-05,5.2311353012018686e-05,53.266739092920304,9.999476886469962,9.613792024583198,0.035107081121866904,0.3516240078249734,49.99738443234939,1.0653905138776734,0.4999738443234981,5.94155899537685,6.330080591319055,0.0,0.0,,,,,5.0371829271065786e-49,0.4192039966583252,ok
B_alpha0.005,0.8,0.5,0.005,3.1622776601683795,0.0015811388300841897,0.6,20,200,5,1.0,base,Base,fine,2.108482517142911e-05,0,1.0,False,False,3.8769096744552495e-05,6.202489726940902e-05,53.32751547240852,9.999379751027236,9.562916643697799,0.0403264851122636,0.3973771201627016,49.99689875513651,1.0666164662249142,0.4999689875513618,5.932007990482228,6.327177400426109,0.0,0.0,,,,,7.033420908835236e-48,0.45120692253112793,ok
B_alpha0.005,0.8,0.5,0.005,3.1622776601683795,0.0015811388300841897,0.6,20,200,5,1.0,base,Base,fine,2.4348376258293153e-05,0,1.0,False,False,4.66826378719311e-05,7.4685317970579e-05,53.39769020691447,9.999253146820354,9.506420653402165,0.04629318138772883,0.448033018389752,49.9962657341015,1.0680335705651096,0.49996265734101775,5.921458930839362,6.324316924859021,0.0,0.0,,,,,9.520547492743719e-47,0.4464433193206787,ok
B_alpha0.005,0.8,0.5,0.005,3.1622776601683795,0.0015811388300841897,0.6,20,200,5,1.0,base,Base,fine,3.2469081578810564e-05,0,1.0,False,False,7.085848172004122e-05,0.00011336277955199285,53.57235051866111,9.998866372204505,9.374995463012162,0.06087949849790373,0.5652586662854291,49.994331861022445,1.0715684863553148,0.49994331861022523,5.897149728976679,6.319199808890194,0.0,0.0,,,,,1.5691847385299604e-44,0.4220418930053711,ok
B_alpha0.005,0.8,0.5,0.005,3.1622776601683795,0.0015811388300841897,0.6,20,200,5,1.0,base,Base,fine,3.7494710466622786e-05,0,1.0,False,False,8.921669219388937e-05,0.00014273289793632218,53.6804999507429,9.998572671020668,9.29929988812114,0.06973491136948035,0.6323925294887114,49.992863355103225,1.0737632603567053,0.4999286335510334,5.88329274798852,6.317263602713114,0.0,0.0,,,,,1.8980643524928496e-43,0.412426233291626,ok
B_alpha0.005,0.8,0.5,0.005,3.1622776601683795,0.0015811388300841897,0.6,20,200,5,1.0,base,Base,fine,4.329821616800326e-05,0,1.0,False,False,0.00011380446752652056,0.00018206922787534496,53.80543386050147,9.998179307721228,9.21645181717494,0.07981118461640498,0.7055576904874262,49.99089653860628,1.0763046391646398,0.49990896538606144,5.868243797841964,6.31601802336643,0.0,0.0,,,,,2.196553264620851e-42,0.42041873931884766,ok
B_alpha0.005,0.8,0.5,0.005,3.1622776601683795,0.0015811388300841897,0.6,20,200,5,1.0,base,Base,fine,4.9999999999999996e-05,0,1.0,False,False,0.00014684239697318563,0.00023492429298554792,53.94971541222699,9.997650757070025,9.126085095626634,0.09126085095626628,0.7850032963470757,49.98825378535069,1.0792478497826068,0.49988253785350123,5.851964270937946,6.315719856414418,0.0,0.0,,,,,2.423821028147739e-41,0.4694175720214844,ok
B_alpha0.005,0.8,0.5,0.005,3.1622776601683795,0.0015811388300841897,0.6,20,200,5,1.0,base,Base,fine,5.7739099234472904e-05,0,1.0,False,False,0.00019129582322527405,0.00030604206679730924,54.11623345183665,9.99693957933189,9.027832387326743,0.10425178201680922,0.8709762513245574,49.98469789666017,1.0826560073188425,0.4998469789665945,5.8344165806321495,6.316666160222057,0.0,0.0,,,,,2.5418829974952986e-40,0.4212672710418701,ok
B_alpha0.005,0.8,0.5,0.005,3.1622776601683795,0.0015811388300841897,0.6,20,200,5,1.0,base,Base,fine,6.66760716081662e-05,0,1.0,False,False,0.00025107447593413065,0.00040167733616559864,54.30819976103721,9.995983226638351,8.921316899449707,0.11896767288537072,0.9637322010265711,49.97991613319173,1.086600457998189,0.4997991613319176,5.815561275915989,6.319191545926846,0.0,0.0,,,,,2.525439669600811e-39,0.46707582473754883,ok
B_alpha0.005,0.8,0.5,0.005,3.1622776601683795,0.0015811388300841897,0.6,20,200,5,1.0,base,Base,fine,7.699632630297458e-05,0,1.0,False,False,0.0003312555412802092,0.0005299525508164375,54.529123050698566,9.994700474491793,8.806142544045167,0.13560812495836175,1.0635488565046773,49.973502372459144,1.0911607244232309,0.49973502372458967,5.79535351144733,6.323662135839584,0.0,0.0,,,,,2.3700946085706747e-38,0.43127989768981934,ok
B_alpha0.005,0.8,0.5,0.005,3.1622776601683795,0.0015811388300841897,0.6,20,200,5,1.0,base,Base,fine,8.891397050194613e-05,0,1.0,False,False,0.00043831729476849474,0.0007012315620587653,54.78275259934681,9.992987684379468,8.68188385611353,0.15438815301675984,1.1707403064902426,49.96493842189703,1.0964238990303323,0.4996493842189734,5.773739182677172,6.330465626655109,0.0,0.0,,,,,2.0954675184090825e-37,0.4941132068634033,ok
B_alpha0.005,0.8,0.5,0.005,3.1622776601683795,0.0015811388300841897,0.6,20,200,5,1.0,base,Base,fine,0.00010267625132285729,0,1.0,False,False,0.0005803622167119022,0.0009284765222811797,55.07298567016619,9.990715234777229,8.548077486763354,0.17553691047163428,1.285670367987783,49.95357617388593,1.1024833433037877,0.49953576173886144,5.750651185654639,6.339997145334417,0.0,0.0,,,,,1.7412723417527727e-36,0.44814157485961914,ok
B_alpha0.005,0.8,0.5,0.005,3.1622776601683795,0.0015811388300841897,0.6,20,200,5,1.0,predictive,P2 only,fine,2.0097251668075638e-06,0,30.0,False,False,0.00017691762253221711,0.0002830390825423873,53.95061011585831,9.997169609174572,9.115790718883048,0.08998349528630356,0.7970561766560778,49.985848045872864,1.079317691406314,0.4998584804587286,5.848980820906588,6.312908476700707,0.0,0.0,0.0004499174764315178,0.3019924717643459,0.0004499174764315179,,0.0,1.000105381011963,ok
B_alpha0.005,0.8,0.5,0.005,3.1622776601683795,0.0015811388300841897,0.6,20,200,5,1.0,predictive,P2 only,fine,2.5544848872534617e-06,0,30.0,False,False,0.000282542754105302,0.0004520202840130629,54.24855318727038,9.995479797159883,8.94590930808235,0.11249249547642116,0.9461183992813478,49.97739898579931,1.0854617144578629,0.49977398985799415,5.818485211577078,6.3157429333061765,0.0,0.0,0.0005624624773821059,0.3486818353094071,0.0005624624773821059,,0.0,1.0925557613372803,ok
B_alpha0.005,0.8,0.5,0.005,3.1622776601683795,0.0015811388300841897,0.6,20,200,5,1.0,predictive,P2 only,fine,3.246908157881056e-06,0,30.0,False,False,0.0004556013526691334,0.0007288816848047524,54.626193868288574,9.992711183151956,8.751890334854231,0.14018609470928806,1.1152123872845259,49.963555915759805,1.093320778857096,0.4996355591575978,5.784088155389366,6.3238637670284055,0.0,0.0,0.0007009304735464403,0.3962837704575509,0.000700930473546441,,0.0,1.159369945526123,ok
B_alpha0.005,0.8,0.5,0.005,3.1622776601683795,0.0015811388300841897,0.6,20,200,5,1.0,predictive,P2 only,fine,4.127020926340094e-06,0,30.0,False,False,0.0007335402876703485,0.0011735297237668659,55.10006875290651,9.988264702762336,8.531546098426562,0.17403925682295254,1.3061499419881493,49.94132351381169,1.1032961258559382,0.4994132351381168,5.745437463976727,6.338918895353089,0.0,0.0,0.0008701962841147627,0.44293457373343625,0.0008701962841147628,,0.0,1.137491226196289,ok
B_alpha0.005,0.8,0.5,0.005,3.1622776601683795,0.0015811388300841897,0.6,20,200,5,1.0,predictive,P2 only,fine,5.245698645681545e-06,0,30.0,False,False,0.001167779057908811,0.001868222698168173,55.68611966058583,9.981317773018334,8.282409549264246,0.2150949043821415,1.5211777733352783,49.90658886509155,1.1158069691181984,0.4990658886509167,5.702059443848453,6.362397665772343,0.0,0.0,0.0010754745219107075,0.48667591923514436,0.0010754745219107096,,0.0,1.038970708847046,ok
B_alpha0.005,0.8,0.5,0.005,3.1622776601683795,0.0015811388300841897,0.6,20,200,5,1.0,predictive,P1 only (protect),fine,1.077217345015941e-05,15,1.0,True,True,1.983699136992329e-05,3.1736425288698846e-05,53.10556985318279,9.999682635747114,9.758669142009328,0.021024414618152847,0.22062380762540634,49.99841317873554,1.062145105752451,0.4999841317873557,5.9690240912039325,6.339969724590728,1.601348787948805e-09,1.714806061399944e-09,0.00010512207309076424,0.09425810223300791,0.0001051220730907642,,0.0,2.4322073459625244,ok
B_alpha0.005,0.8,0.5,0.005,3.1622776601683795,0.0015811388300841897,0.6,20,200,5,1.0,predictive,P1 only (protect),fine,1.7403502942142065e-05,15,1.0,True,True,3.099626510552442e-05,4.958957215710801e-05,53.24834299539777,9.999504104278424,9.629570412010267,0.033517642621653895,0.3374078410896555,49.99752052139211,1.0650196737779176,0.4999752052139212,5.944531046504063,6.331042515910461,1.9226426348346227e-08,2.141999686106884e-08,0.00016758821310826948,0.1435882234903498,0.0001675882131082696,,0.0,2.5333075523376465,ok
B_alpha0.005,0.8,0.5,0.005,3.1622776601683795,0.0015811388300841897,0.6,20,200,5,1.0,predictive,P1 only (protect),fine,4.5425878782584306e-05,15,1.0,True,True,0.00012362751985818305,0.00019778445516691368,53.85115704603368,9.998022155448334,9.187190683362418,0.0834664923410709,0.731320668848177,49.99011077724164,1.0772362014958727,0.4999011077724167,5.862958073674221,6.315790684814377,1.4718726061824026e-06,1.9040504078899514e-06,0.00041733246170535447,0.3022679599621304,0.000417332461705355,,0.0,2.648162841796875,ok
B_alpha0.005,0.8,0.5,0.005,3.1622776601683795,0.0015811388300841897,0.6,20,200,5,1.0,predictive,P1 only (protect),fine,7.338996338110351e-05,15,1.0,True,True,0.00030111459667172207,0.00048173254692357513,54.45153284121007,9.995182674530756,8.845565394221412,0.1298304807933824,1.0294214504544499,49.9759133726538,1.0895555311852543,0.4997591337265378,5.802255852290389,6.321879957215005,8.359091525653719e-06,1.2267843483374463e-05,0.0006491524039669121,0.40908651225691756,0.000649152403966911,,0.0,2.540560722351074,ok
B_alpha0.005,0.8,0.5,0.005,3.1622776601683795,0.0015811388300841897,0.6,20,200,5,1.0,predictive,P1+P2 (protect),fine,2.0097251668075638e-06,10,30.0,True,True,0.00017691753510561267,0.0002830389426927687,53.950610093969836,9.997169610573089,9.115790721489454,0.08998349529713877,0.7970561726403194,49.985848052865386,1.0793176908174347,0.49985848052865445,5.848980822024451,6.312908474462891,2.8423029717499347e-09,3.353440539392687e-09,0.0004499174764856939,0.301992467917161,0.00044991747648569306,,0.0,1.2789790630340576,ok
B_alpha0.005,0.8,0.5,0.005,3.1622776601683795,0.0015811388300841897,0.6,20,200,5,1.0,predictive,P1+P2 (protect),fine,2.5544848872534617e-06,10,30.0,True,True,0.00028254225519810456,0.00045201948595294033,54.24855306398574,9.995479805140462,8.94590932256565,0.11249249557086809,0.946118376723021,49.977399025702375,1.0854617111243983,0.4997739902570231,5.818485217880385,6.315742920752459,1.5745660596136602e-08,1.9295699877100036e-08,0.0005624624778543404,0.3486818136580079,0.0005624624778543405,,0.0,1.2905638217926025,ok
B_alpha0.005,0.8,0.5,0.005,3.1622776601683795,0.0015811388300841897,0.6,20,200,5,1.0,predictive,P1+P2 (protect),fine,3.246908157881056e-06,10,30.0,True,True,0.0004555988739599282,0.0007288777198419925,54.62619326536816,9.992711222801582,8.751890404640276,0.14018609537545093,1.1152122771826907,49.963556114007886,1.0933207624517551,0.49963556114007907,5.784088186290191,6.323863705922981,7.557068312298431e-08,9.685339765573832e-08,0.0007009304768772547,0.39628366453798064,0.0007009304768772553,,0.0,1.2613959312438965,ok
B_alpha0.005,0.8,0.5,0.005,3.1622776601683795,0.0015811388300841897,0.6,20,200,5,1.0,predictive,P1+P2 (protect),fine,4.127020926340094e-06,10,30.0,True,True,0.000733529634329273,0.0011735126827120744,55.10006620975968,9.988264873172888,8.531546388029,0.17403926070683234,1.30614947809128,49.94132436586443,1.103296056109824,0.49941324365864437,5.745437594838783,6.338918639010742,3.122164631033103e-07,4.2154393535738907e-07,0.0008701963035341617,0.4429341260772862,0.0008701963035341617,,0.0,1.3959298133850098,ok
B_alpha0.005,0.8,0.5,0.005,3.1622776601683795,0.0015811388300841897,0.6,20,200,5,1.0,predictive,P1+P2 (protect),fine,5.245698645681545e-06,10,30.0,True,True,0.0011677395757943314,0.0018681595432111634,55.68611043982329,9.981318404567887,8.282410580546395,0.2150949232974568,1.521176091588261,49.906592022839526,1.1158067137571483,0.49906592022839436,5.7020599210551115,6.3623967421588485,1.1071216029746412e-06,1.5864111899944057e-06,0.001075474616487284,0.4866742893310869,0.0010754746164872854,,0.0,1.3087925910949707,ok
B_alpha0.005,0.8,0.5,0.005,17.78279410038923,0.00028117066259517455,0.6,20,200,5,1.0,base,Base,coarse,2.811706625951745e-07,0,1.0,False,False,8.517378272962133e-06,1.3627606530459238e-05,52.88264649211097,9.99986372393467,9.986692896265177,0.0005615930117554818,0.012881786788397274,49.99931861967346,1.0576673433166146,0.4999931861967335,6.012837987748186,6.359582380294842,0.0,0.0,,,,,4.061457806389516e-76,0.40898585319519043,ok
B_alpha0.005,0.8,0.5,0.005,17.78279410038923,0.00028117066259517455,0.6,20,200,5,1.0,base,Base,coarse,1.1856868528308274e-06,0,1.0,False,False,9.308860003631825e-06,1.489395735041863e-05,52.90238694481643,9.999851060426408,9.944143684746521,0.0023581280859329384,0.05364712674113748,49.99925530213246,1.058063497648937,0.4999925530213204,6.003910096251468,6.352518116009594,0.0,0.0,,,,,8.494671511882362e-64,0.46451687812805176,ok
B_alpha0.005,0.8,0.5,0.005,17.78279410038923,0.00028117066259517455,0.6,20,200,5,1.0,base,Base,coarse,4.9999999999999996e-06,0,1.0,False,False,1.43867979406105e-05,2.301852333886909e-05,52.98563108690509,9.999769814766578,9.77481892151744,0.009774818921517409,0.21563644479446434,49.998849073833036,1.0597370153193224,0.4999884907383289,5.968470442241326,6.325009052482419,0.0,0.0,,,,,5.454777503133002e-52,0.49561333656311035,ok
B_alpha0.005,0.8,0.5,0.005,17.78279410038923,0.00028117066259517455,0.6,20,200,5,1.0,base,Base,coarse,2.108482517142911e-05,0,1.0,False,False,9.28011589108626e-05,0.00014847901655442377,53.33928960349586,9.998515209834412,9.178599088757515,0.03870583142101836,0.784179869987054,49.99257604917229,1.0669442108970693,0.4999257604917206,5.844376178325847,6.2356233297695,0.0,0.0,,,,,1.1239329488862202e-41,0.45982861518859863,ok
B_alpha0.005,0.8,0.5,0.005,17.78279410038923,0.00028117066259517455,0.6,20,200,5,1.0,base,Base,coarse,8.891397050194613e-05,0,1.0,False,False,0.0011783236920282348,0.0018852684766402135,54.60102077177892,9.981147315233613,7.515454708091814,0.1336457836447975,2.3697521930297754,49.90573657616789,1.0940830557313772,0.4990573657616807,5.49835630600532,6.015658468774188,0.0,0.0,,,,,6.3633005949133135e-34,0.40807580947875977,ok
B_alpha0.005,0.8,0.5,0.005,17.78279410038923,0.00028117066259517455,0.6,20,200,5,1.0,base,Base,coarse,0.0003749471046662279,0,1.0,False,False,0.004896640894529488,0.007834258316925908,57.163414629192616,9.921657416830586,4.757253332173939,0.3567436726124767,4.964345578382998,49.60828708415327,1.152295674555809,0.4960828708415293,4.937652506307257,5.689635625477503,0.0,0.0,,,,,1.8337749616887101e-28,0.4229395389556885,ok
B_alpha0.005,0.8,0.5,0.005,17.78279410038923,0.00028117066259517455,0.6,20,200,5,1.0,base,Base,coarse,0.0015811388300841895,0,1.0,False,False,0.008829801586438745,0.014120833017011029,61.5806267336805,9.858791669829696,2.5768052625896876,0.8148573716491704,6.749545695931447,49.293958349148625,1.2492530280791314,0.4929395834914848,4.594374912192307,5.739536771187033,0.0,0.0,,,,,2.5423167126296996e-24,0.450603723526001,ok
B_alpha0.005,0.8,0.5,0.005,17.78279410038923,0.00028117066259517455,0.6,20,200,5,1.0,base,Base,coarse,0.0066676071608166194,0,1.0,False,False,0.013407816932508993,0.021317723049465356,70.99634944299382,9.786822769505129,1.3413851947702755,1.788765906012725,7.083026129711871,48.934113847525516,1.4508559338422338,0.48934113847525645,4.65479023353904,6.753430031120993,0.0,0.0,,,,,6.514142026878634e-21,0.4104750156402588,ok
B_alpha0.005,0.8,0.5,0.005,17.78279410038923,0.00028117066259517455,0.6,20,200,5,1.0,base,Base,coarse,0.02811706625951745,0,1.0,False,False,0.023326031280251035,0.0359792154854912,87.93348934193777,9.640207845144625,0.6282377404977403,3.5328404352608977,6.198713979096738,48.20103922572334,1.8243069185738738,0.48201039225723125,5.094525587870272,9.29397827680337,0.0,0.0,,,,,4.900776950445333e-18,0.6071522235870361,ok
B_alpha0.005,0.8,0.5,0.005,17.78279410038923,0.00028117066259517455,0.6,20,200,5,1.0,predictive,Check,check,8.891397050194613e-05,0,1.0,False,False,0.001178323692028235,0.0018852684766402135,54.60102077177885,9.981147315233592,7.515454708091809,0.13364578364479748,2.369752193029802,49.90573657616786,1.0940830557313763,0.4990573657616796,5.498356306005311,6.015658468774173,0.0,0.0,0.0006682289182239874,0.29635142075665843,0.0006682289182239879,1.1243940471656171e-14,0.0,1.0389776229858398,ok
B_alpha0.005,0.8,0.5,0.005,17.78279410038923,0.00028117066259517455,0.6,20,200,5,1.0,predictive,P2 only,coarse,2.811706625951745e-07,0,3.0,False,False,8.90530007335162e-06,1.4248271651319486e-05,52.892470602818726,9.999857517283484,9.962281731534326,0.0014562980515323539,0.036404453130657544,49.999287586417424,1.0578644847969243,0.4999928758641742,6.007665179543025,6.355295629989704,0.0,0.0,7.281490257661769e-06,0.006945696971928587,7.28149025766176e-06,,0.0,1.0316827297210693,ok
B_alpha0.005,0.8,0.5,0.005,17.78279410038923,0.00028117066259517455,0.6,20,200,5,1.0,predictive,P2 only,coarse,1.1856868528308274e-06,0,3.0,False,False,1.1647398480918249e-05,1.863555765350637e-05,52.943880015879486,9.999813644423467,9.845812876420863,0.006067963858099902,0.14830551529756875,49.99906822211734,1.0588973334598963,0.4999906822211734,5.983108602247733,6.335497744721092,0.0,0.0,3.033981929049951e-05,0.027438961837741166,3.033981929049958e-05,,0.0,1.047210693359375,ok
B_alpha0.005,0.8,0.5,0.005,17.78279410038923,0.00028117066259517455,0.6,20,200,5,1.0,predictive,P2 only,coarse,4.9999999999999996e-06,0,3.0,False,False,4.766513074105907e-05,7.626284313977425e-05,53.16373107212272,9.999237371568597,9.418728852401635,0.024432756972384062,0.5576010190573832,49.99618685784302,1.0633557159726232,0.49996186857842984,5.893451699284418,6.2668355512426555,0.0,0.0,0.0001221637848619203,0.09057800770955839,0.00012216378486192052,,0.0,1.0369985103607178,ok
B_alpha0.005,0.8,0.5,0.005,17.78279410038923,0.00028117066259517455,0.6,20,200,5,1.0,predictive,P2 only,coarse,2.108482517142911e-05,0,3.0,False,False,0.0006723287903121601,0.0010756999395830997,54.019370289714104,9.98924300060415,8.138219762596158,0.0878687262338298,1.7846685105658615,49.946215003020804,1.0815508299567234,0.4994621500302075,5.624677186861086,6.083374279688256,0.0,0.0,0.000439343631169149,0.19918962699940254,0.00043934363116914936,,0.0,1.116053581237793,ok
B_alpha0.005,0.8,0.5,0.005,17.78279410038923,0.00028117066259517455,0.6,20,200,5,1.0,predictive,P2 only,coarse,8.891397050194613e-05,0,3.0,False,False,0.0037540804871940997,0.006006304291694254,55.90332690834531,9.939936957082994,5.63480209525766,0.24297029020748667,4.18229065745186,49.69968478541489,1.1248225647650583,0.49699684785414966,5.09971320190126,5.736272483328802,0.0,0.0,0.0012148514510374334,0.35930054778977444,0.0012148514510374286,,0.0,1.1132845878601074,ok
B_alpha0.005,0.8,0.5,0.005,17.78279410038923,0.00028117066259517455,0.6,20,200,5,1.0,predictive,P2 only,coarse,0.0003749471046662279,0,3.0,False,False,0.007579615145443587,0.012124256923680797,58.53928203352024,9.878757430763061,3.314128582339906,0.5399714896581967,6.2671424972388365,49.39378715381529,1.1851547614930864,0.49393787153815305,4.664861338132878,5.528582626593192,0.0,0.0,0.0026998574482909837,0.7952290504696501,0.00269985744829098,,0.0,1.0722122192382812,ok
B_alpha0.005,0.8,0.5,0.005,17.78279410038923,0.00028117066259517455,0.6,20,200,5,1.0,predictive,P2 only,coarse,0.0015811388300841895,0,3.0,False,False,0.010292432002521638,0.016397662339577283,63.7445821352547,9.836023376604025,1.9188362185060472,1.1942423203515091,7.050898084538417,49.180116883020055,1.2961453972725954,0.49180116883020125,4.580025721601683,5.936379258444119,0.0,0.0,0.005971211601757545,1.5250679833795335,0.005971211601757536,,0.0,1.0919115543365479,ok
B_alpha0.005,0.8,0.5,0.005,17.78279410038923,0.00028117066259517455,0.6,20,200,5,1.0,predictive,P2 only,coarse,0.0066676071608166194,0,3.0,False,False,0.014735824244902216,0.022745486163807588,75.85157190598473,9.772545138361659,1.0272445311067302,2.602859172207885,6.597351158323725,48.86272569180823,1.5523401699774833,0.48862725691808295,4.884638551971242,7.582620640045605,0.0,0.0,0.013014295861039424,2.153550038212253,0.013014295861039405,,0.0,1.010622262954712,ok
B_alpha0.005,0.8,0.5,0.005,17.78279410038923,0.00028117066259517455,0.6,20,200,5,1.0,predictive,P2 only,coarse,0.02811706625951745,0,3.0,False,False,0.026718266365071755,0.03791687439676765,96.75548665834789,9.620831256031844,0.4471506428791337,4.8006926357915365,5.131325465297486,48.104156280159216,2.0113747779888853,0.48104156280159216,5.523076372073572,11.108976511695138,0.0,0.0,0.024003463178957685,2.1931980512274474,0.024003463178957702,,0.0,1.1534650325775146,ok
B_alpha0.005,0.8,0.5,0.005,17.78279410038923,0.00028117066259517455,0.6,20,200,5,1.0,predictive,P2 only,coarse,2.811706625951745e-07,0,10.0,False,False,1.0640158204573241e-05,1.7023999801431525e-05,52.926896845120254,9.999829760001985,9.879506078685466,0.004553023207385001,0.11611113810516294,49.99914880000991,1.0585559577588202,0.49999148800009924,5.990145856109556,6.3409045838290785,0.0,0.0,2.2765116036925006e-05,0.020847362606310434,2.2765116036925002e-05,,0.0,1.0089247226715088,ok
B_alpha0.005,0.8,0.5,0.005,17.78279410038923,0.00028117066259517455,0.6,20,200,5,1.0,predictive,P2 only,coarse,1.1856868528308274e-06,0,10.0,False,False,3.217995868122891e-05,5.1487051224855314e-05,53.0911851594771,9.999485129487754,9.53710726332491,0.018495015020151006,0.4449125921671868,49.99742564743879,1.06187837617589,0.4999742564743877,5.918017128051021,6.284214418115923,0.0,0.0,9.247507510075503e-05,0.07148022665228712,9.247507510075515e-05,,0.0,1.0542197227478027,ok
B_alpha0.005,0.8,0.5,0.005,17.78279410038923,0.00028117066259517455,0.6,20,200,5,1.0,predictive,P2 only,coarse,4.9999999999999996e-06,0,10.0,False,False,0.0004430040605660181,0.000708790160860138,53.75933527467106,9.992912098391384,8.467617921999585,0.06821694096143241,1.471253038647598,49.964560491956995,1.0759493277905432,0.4996456049195692,5.692976288003914,6.125354010205313,0.0,0.0,0.00034108470480716203,0.1639206676798715,0.0003410847048071619,,0.0,1.0808584690093994,ok
B_alpha0.005,0.8,0.5,0.005,17.78279410038923,0.00028117066259517455,0.6,20,200,5,1.0,predictive,P2 only,coarse,2.108482517142911e-05,0,10.0,False,False,0.0030511515846552684,0.004881678168822876,55.37635245895325,9.951183218311716,6.169233439596163,0.1953916826585816,3.68419165943354,49.755916091558596,1.1129601625071515,0.4975591609155858,5.206614264438432,5.794754257861451,0.0,0.0,0.000976958413292908,0.26559017916201844,0.0009769584132929049,,0.0,1.0921103954315186,ok
B_alpha0.005,0.8,0.5,0.005,17.78279410038923,0.00028117066259517455,0.6,20,200,5,1.0,predictive,P2 only,coarse,8.891397050194613e-05,0,10.0,False,False,0.0069440293211878385,0.01110861778884382,57.43470680915635,9.888913822111451,3.813923004956436,0.4259474171256868,5.871215755806425,49.44456911055722,1.1615978830907256,0.49444569110557257,4.738556791570492,5.504297537993464,0.0,0.0,0.002129737085628434,0.5355132253276754,0.0021297370856284315,,0.0,1.094430923461914,ok
B_alpha0.005,0.8,0.5,0.005,17.78279410038923,0.00028117066259517455,0.6,20,200,5,1.0,predictive,P2 only,coarse,0.0003749471046662279,0,10.0,False,False,0.009452180469539325,0.015079756067969402,60.64746892251898,9.849202439320115,2.4186016778420374,0.8980183026769998,6.834177580160848,49.246012196600596,1.2315204057620206,0.49246012196600575,4.586347569877105,5.6481806202207085,0.0,0.0,0.004490091513384999,1.0884736622110662,0.004490091513384998,,0.0,1.1819779872894287,ok
B_alpha0.005,0.8,0.5,0.005,17.78279410038923,0.00028117066259517455,0.6,20,200,5,1.0,predictive,P2 only,coarse,0.0015811388300841895,0,10.0,False,False,0.011659404951698578,0.018071877333001463,68.32919507775905,9.819281226669768,1.5128688438677678,1.9769376597492199,6.690912269713245,49.09640613334879,1.3917351688058968,0.49096406133348836,4.776427433666252,6.647522040682618,0.0,0.0,0.0098846882987461,1.8263320856922365,0.009884688298746079,,0.0,1.0017902851104736,ok
B_alpha0.005,0.8,0.5,0.005,17.78279410038923,0.00028117066259517455,0.6,20,200,5,1.0,predictive,P2 only,coarse,0.0066676071608166194,0,10.0,False,False,0.017792380950483862,0.024680293464359727,84.71261184360058,9.753197065356108,0.8013124868737763,3.917507067644748,5.5279833801253675,48.76598532678045,1.737124991445207,0.4876598532678054,5.320677821214543,9.242682414660015,0.0,0.0,0.01958753533822374,2.3112313763872887,0.019587535338223733,,0.0,1.0935909748077393,ok
B_alpha0.005,0.8,0.5,0.005,17.78279410038923,0.00028117066259517455,0.6,20,200,5,1.0,predictive,P2 only,coarse,0.02811706625951745,0,10.0,False,False,0.03433240131056936,0.041430893728349044,108.03641847910225,9.585691062716034,0.32977370564614905,6.213914883643602,3.8706203479942154,47.92845531358014,2.2541185141948654,0.4792845531358017,6.014728834421599,13.55791162353143,0.0,0.0,0.031069574418218008,2.124444780987945,0.031069574418218084,,0.0,1.0325944423675537,ok
B_alpha0.005,0.8,0.5,0.005,17.78279410038923,0.00028117066259517455,0.6,20,200,5,1.0,predictive,P2 only,coarse,2.811706625951745e-07,0,30.0,False,False,2.0696288924544398e-05,3.3113525595627486e-05,53.02618601610081,9.999668864744043,9.661832354284957,0.013122126398530262,0.32537665457246945,49.99834432372018,1.0605588391642833,0.4999834432372022,5.944202593988219,6.304176602837467,0.0,0.0,6.561063199265132e-05,0.05380300867373269,6.561063199265125e-05,,0.0,1.1290709972381592,ok
B_alpha0.005,0.8,0.5,0.005,17.78279410038923,0.00028117066259517455,0.6,20,200,5,1.0,predictive,P2 only,coarse,1.1856868528308274e-06,0,30.0,False,False,0.00023512285962025146,0.00037618852405999447,53.509725032954066,9.996238114759397,8.831372066200663,0.050035323653773264,1.1223544953861673,49.981190573797015,1.0705972470573142,0.49981190573796985,5.769449449044659,6.17675669718355,0.0,0.0,0.00025017661826886635,0.13760464621340493,0.0002501766182688666,,0.0,1.042614221572876,ok
B_alpha0.005,0.8,0.5,0.005,17.78279410038923,0.00028117066259517455,0.6,20,200,5,1.0,predictive,P2 only,coarse,4.9999999999999996e-06,0,30.0,False,False,0.0021667456860735533,0.003466688600229056,54.89212978204839,9.965333113997675,6.817162013877943,0.15382730427200866,3.063677567852374,49.82666556998834,1.1016617137453222,0.4982666556998837,5.342471878447732,5.885596725246919,0.0,0.0,0.0007691365213600434,0.2228886022655581,0.0007691365213600435,,0.0,1.091198205947876,ok
B_alpha0.005,0.8,0.5,0.005,17.78279410038923,0.00028117066259517455,0.6,20,200,5,1.0,predictive,P2 only,coarse,2.108482517142911e-05,0,30.0,False,False,0.006091208358203391,0.009745048407931443,56.780532262362975,9.902549515920574,4.340986455922237,0.3467271505321473,5.409736877625041,49.512747579602824,1.1467861316133903,0.4951274757960287,4.83279749367148,5.542185142638404,0.0,0.0,0.0017336357526607366,0.40065630423829396,0.001733635752660732,,0.0,1.0184099674224854,ok
B_alpha0.005,0.8,0.5,0.005,17.78279410038923,0.00028117066259517455,0.6,20,200,5,1.0,predictive,P2 only,coarse,8.891397050194613e-05,0,30.0,False,False,0.008910372883795942,0.014235190302513627,59.159156892959544,9.8576480969747,2.8289648760756703,0.7063411459649905,6.607045880984639,49.28824048487349,1.2002691983114193,0.49288240484873497,4.610029204024623,5.533276056906865,0.0,0.0,0.0035317057298249526,0.7931354323644852,0.003531705729824941,,0.0,1.0863425731658936,ok
B_alpha0.005,0.8,0.5,0.005,17.78279410038923,0.00028117066259517455,0.6,20,200,5,1.0,predictive,P2 only,coarse,0.0003749471046662279,0,30.0,False,False,0.01067701389207078,0.016746454602848272,64.21202978462057,9.832535453971321,1.9797010851101797,1.5159712090862565,6.671792251832243,49.162677269856495,1.3061133638462648,0.49162677269856603,4.713408343564224,6.1562456267937185,0.0,0.0,0.007579856045431282,1.3725618060577964,0.007579856045431276,,0.0,1.0285437107086182,ok
B_alpha0.005,0.8,0.5,0.005,17.78279410038923,0.00028117066259517455,0.6,20,200,5,1.0,predictive,P2 only,coarse,0.0015811388300841895,0,30.0,False,False,0.013926454470706492,0.019695808014681418,75.62755961848293,9.80304191985294,1.2779849311313058,3.0958333024571885,5.823139846558565,49.015209599264665,1.5429406552944234,0.49015209599264703,5.138017170728212,7.927655580317386,0.0,0.0,0.015479166512285942,2.0119433957076844,0.01547916651228592,,0.0,1.2305221557617188,ok
B_alpha0.005,0.8,0.5,0.005,17.78279410038923,0.00028117066259517455,0.6,20,200,5,1.0,predictive,P2 only,coarse,0.0066676071608166194,0,30.0,False,False,0.02374207354853558,0.027535057680491533,94.95717027976394,9.724649423194744,0.6757294261156407,5.2465336451853775,4.353087505504237,48.62324711597373,1.9529170903225952,0.4862324711597372,5.781301859828133,11.290403206372165,0.0,0.0,0.02623266822592689,2.2821382911690615,0.026232668225926854,,0.0,1.0429563522338867,ok
B_alpha0.005,0.8,0.5,0.005,17.78279410038923,0.00028117066259517455,0.6,20,200,5,1.0,predictive,P2 only,coarse,0.02811706625951745,0,30.0,False,False,0.04483117870864355,0.04594073045355955,116.87037815283587,9.540592695463856,0.2778724069551807,7.1693233731270585,3.0122115244539054,47.7029634773193,2.449960539839473,0.47702963477319277,6.345278924009017,15.545682978097162,0.0,0.0,0.03584661686563529,1.9942300022960888,0.03584661686563542,,0.0,1.0851354598999023,ok
B_alpha0.005,0.8,0.5,0.005,17.78279410038923,0.00028117066259517455,0.6,20,200,5,1.0,predictive,P2 only,coarse,2.811706625951745e-07,0,100.0,False,False,0.0001491617961340803,0.0002386540118720465,53.37760311432437,9.997613459881276,9.035882985327913,0.040353560826548306,0.9261499939642643,49.988067299406374,1.0678068986867641,0.4998806729940638,5.812461611339881,6.20658660694071,0.0,0.0,0.00020176780413274154,0.12126599455751846,0.00020176780413274202,,0.0,1.0008976459503174,ok
B_alpha0.005,0.8,0.5,0.005,17.78279410038923,0.00028117066259517455,0.6,20,200,5,1.0,predictive,P2 only,coarse,1.1856868528308274e-06,0,100.0,False,False,0.0016421422569713098,0.0026273532318643144,54.59599003397014,9.973726467681331,7.235186335494643,0.1300388060521238,2.661048390771902,49.86863233840667,1.0947962170585268,0.49868632338406654,5.43098488266987,5.9458217044490205,0.0,0.0,0.0006501940302606191,0.20476077775985985,0.0006501940302606195,,0.0,1.1003069877624512,ok
B_alpha0.005,0.8,0.5,0.005,17.78279410038923,0.00028117066259517455,0.6,20,200,5,1.0,predictive,P2 only,coarse,4.9999999999999996e-06,0,100.0,False,False,0.005462696970907697,0.00873974863733823,56.42618983881025,9.912602513626513,4.711811762910787,0.30459517220896454,5.070990551253735,49.563012568132585,1.138473771368177,0.4956301256813257,4.904390177891941,5.583519582085683,0.0,0.0,0.0015229758610448227,0.3433897209834258,0.001522975861044821,,0.0,1.0901601314544678,ok
B_alpha0.005,0.8,0.5,0.005,17.78279410038923,0.00028117066259517455,0.6,20,200,5,1.0,predictive,P2 only,coarse,2.108482517142911e-05,0,100.0,False,False,0.008542840090406085,0.01365572431751288,58.524748858587515,9.86344275682472,3.0672119465827623,0.6140380737090031,6.4553072228835155,49.31721378412359,1.1867002283374746,0.493172137841236,4.631249451269781,5.495904781309653,0.0,0.0,0.0030701903685450157,0.6640727251886324,0.0030701903685450265,,0.0,1.1024610996246338,ok
B_alpha0.005,0.8,0.5,0.005,17.78279410038923,0.00028117066259517455,0.6,20,200,5,1.0,predictive,P2 only,coarse,8.891397050194613e-05,0,100.0,False,False,0.01031815141394466,0.01628404610325386,62.49712545362978,9.837159538967283,2.2565366261827964,1.2886893248629274,6.617614509986993,49.1857976948364,1.2706335646192197,0.49185797694836414,4.692144240250207,5.961995961696661,0.0,0.0,0.0064434466243146376,1.1080668935209048,0.006443446624314654,,0.0,1.048994779586792,ok
B_alpha0.005,0.8,0.5,0.005,17.78279410038923,0.00028117066259517455,0.6,20,200,5,1.0,predictive,P2 only,coarse,0.0003749471046662279,0,100.0,False,False,0.012738830480304036,0.01843635641506874,71.31454628367436,9.815636435849093,1.6857680303079372,2.6378189343929637,5.860776599450006,49.078182179245516,1.4530804344630412,0.49078182179245466,5.062539188524715,7.356276643547665,0.0,0.0,0.013189094671964819,1.6136332703034053,0.013189094671964805,,0.0,1.0662999153137207,ok
B_alpha0.005,0.8,0.5,0.005,17.78279410038923,0.00028117066259517455,0.6,20,200,5,1.0,predictive,P2 only,coarse,0.0015811388300841895,0,100.0,False,False,0.019434011919133506,0.022470713293954867,86.52336109970753,9.775292867060173,1.117517115380382,4.557877441451627,4.549312576107818,48.876464335300895,1.7702459103044461,0.4887646433530087,5.641083823618696,9.986105568445565,0.0,0.0,0.022789387207258135,2.025097192421772,0.02278938720725816,,0.0,1.2238481044769287,ok
B_alpha0.005,0.8,0.5,0.005,17.78279410038923,0.00028117066259517455,0.6,20,200,5,1.0,predictive,P2 only,coarse,0.0066676071608166194,0,100.0,False,False,0.03449494769084346,0.032213905220154215,105.29718853813976,9.677860947798068,0.6053680741849398,6.406412962043849,3.310358015973143,48.38930473899032,2.1760426008620697,0.4838930473899034,6.183929077741596,13.456493113875403,0.0,0.0,0.032032064810219245,2.146461170048239,0.03203206481021921,,0.0,1.1496798992156982,ok
B_alpha0.005,0.8,0.5,0.005,17.78279410038923,0.00028117066259517455,0.6,20,200,5,1.0,predictive,P2 only,coarse,0.02811706625951745,0,100.0,False,False,0.05571125553474132,0.05051519657477403,122.90157233957984,9.49484803425166,0.25475073535496706,7.756334211136882,2.4940670192564904,47.4742401712584,2.5888054636835713,0.47474240171258303,6.54356820950844,16.940025132761576,0.0,0.0,0.03878167105568441,1.8895071732432969,0.03878167105568432,,0.0,1.0179946422576904,ok
B_alpha0.005,0.8,0.5,0.005,17.78279410038923,0.00028117066259517455,0.6,20,200,5,1.0,predictive,P2 only,coarse,2.811706625951745e-07,0,1000.0,False,False,0.003838207378227631,0.00614089484989952,55.67145368495156,9.93859105150093,5.686953735076854,0.22343033432849826,4.151024879093717,49.69295525750472,1.1203087720677258,0.4969295525750465,5.103625319832666,5.717636215155489,0.0,0.0,0.0011171516716424914,0.2652503516138133,0.0011171516716424869,,0.0,1.1021432876586914,ok
B_alpha0.005,0.8,0.5,0.005,17.78279410038923,0.00028117066259517455,0.6,20,200,5,1.0,predictive,P2 only,coarse,1.1856868528308274e-06,0,1000.0,False,False,0.0075160679251564805,0.012022217851376174,57.56054079479629,9.879777821486101,3.6036997885883815,0.4611983168044357,6.055324073121081,49.39888910743052,1.1652193366052457,0.49398889107430505,4.700951636382552,5.477639747159021,0.0,0.0,0.0023059915840221786,0.5035595329389081,0.002305991584022172,,0.0,1.0130212306976318,ok
B_alpha0.005,0.8,0.5,0.005,17.78279410038923,0.00028117066259517455,0.6,20,200,5,1.0,predictive,P2 only,coarse,4.9999999999999996e-06,0,1000.0,False,False,0.009663678188996525,0.015384440952455603,60.371412919210464,9.84615559047527,2.574161376914393,0.9401919264103682,6.639491106199969,49.230777952376364,1.2262941076740865,0.4923077795237635,4.6361508560940266,5.6852844771162765,0.0,0.0,0.004700959632051841,0.8709733103503118,0.004700959632051848,,0.0,1.0655903816223145,ok
B_alpha0.005,0.8,0.5,0.005,17.78279410038923,0.00028117066259517455,0.6,20,200,5,1.0,predictive,P2 only,coarse,2.108482517142911e-05,0,1000.0,False,False,0.011449399143432595,0.017422758468509464,66.49806687029458,9.825772415314706,2.0742966261336915,1.9635789471086054,6.136352011442998,49.12886207657344,1.3535438041827443,0.4912886207657353,4.900496752540163,6.633037016818397,0.0,0.0,0.009817894735543026,1.243519215049325,0.009817894735543073,,0.0,1.1410267353057861,ok
B_alpha0.005,0.8,0.5,0.005,17.78279410038923,0.00028117066259517455,0.6,20,200,5,1.0,predictive,P2 only,coarse,8.891397050194613e-05,0,1000.0,False,False,0.015660981619277394,0.019967496327913403,77.86896170633389,9.80032503672062,1.741490171308973,3.6028450875785754,4.855339704391831,49.00162518360311,1.5891097777791736,0.49001625183603104,5.43218318809926,8.632335418896178,0.0,0.0,0.018014225437892877,1.4686300813455422,0.018014225437892797,,0.0,1.1034526824951172,ok
B_alpha0.005,0.8,0.5,0.005,17.78279410038923,0.00028117066259517455,0.6,20,200,5,1.0,predictive,P2 only,coarse,0.0003749471046662279,0,1000.0,False,False,0.025654200635827802,0.024621965548474553,91.99621191612417,9.753780344514931,1.4138517160728503,5.3064148663852855,3.5259530730269333,48.768901722574796,1.8863703849525022,0.48768901722574654,5.981280176319705,11.282909788712972,0.0,0.0,0.026532074331926427,1.5716505007232255,0.026532074331926298,,0.0,1.0085563659667969,ok
B_alpha0.005,0.8,0.5,0.005,17.78279410038923,0.00028117066259517455,0.6,20,200,5,1.0,predictive,P2 only,coarse,0.0015811388300841895,0,1000.0,False,False,0.04035300116318112,0.0315056429322971,104.430519293274,9.684943570676646,1.0016165325127617,6.52396170024807,2.789478196562522,48.42471785338328,2.1565540063539634,0.4842471785338323,6.320176874098764,13.62980275870336,0.0,0.0,0.03261980850124035,1.7808963577971209,0.03261980850124032,,0.0,1.0650038719177246,ok
B_alpha0.005,0.8,0.5,0.005,17.78279410038923,0.00028117066259517455,0.6,20,200,5,1.0,predictive,P2 only,coarse,0.0066676071608166194,0,1000.0,False,False,0.05234299430896724,0.039722843015705334,115.06313190139377,9.602771569842464,0.5675339737465211,7.360052755507096,2.4696417009039195,48.01385784921245,2.396456711784119,0.48013857849212316,6.505711543914457,15.590656094345224,0.0,0.0,0.03680026377753548,1.981077245360003,0.0368002637775355,,0.0,1.1738865375518799,ok
B_alpha0.005,0.8,0.5,0.005,17.78279410038923,0.00028117066259517455,0.6,20,200,5,1.0,predictive,P2 only,coarse,0.02811706625951745,0,1000.0,False,False,0.0627112700159874,0.053442055279227324,126.11483033006272,9.4655794472071,0.24452559782451033,8.067432490831607,2.2224624641367834,47.32789723603556,2.664703857454259,0.473278972360355,6.6472238690258285,17.71288308515515,0.0,0.0,0.04033716245415803,1.8441550226720462,0.040337162454158165,,0.0,1.1965548992156982,ok
B_alpha0.005,0.8,0.5,0.005,17.78279410038923,0.00028117066259517455,0.6,20,200,5,1.0,predictive,P1 only (protect),coarse,2.811706625951745e-07,5,1.0,True,True,8.517378272962133e-06,1.3627606530459238e-05,52.88264649211095,9.999863723934697,9.986692896265176,0.0005615930117554815,0.012881786788373262,49.9993186196735,1.0576673433166133,0.49999318619673483,6.0128379877481954,6.359582380294845,1.0025694292217624e-43,1.002569959302627e-43,2.8079650587774074e-06,0.002710020761939707,2.807965058777405e-06,,0.0,1.091282606124878,ok
B_alpha0.005,0.8,0.5,0.005,17.78279410038923,0.00028117066259517455,0.6,20,200,5,1.0,predictive,P1 only (protect),coarse,1.1856868528308274e-06,5,1.0,True,True,9.308860003631825e-06,1.489395735041863e-05,52.90238694481639,9.999851060426492,9.94414368474652,0.002358128085932932,0.05364712674105654,49.99925530213247,1.058063497648936,0.4999925530213246,6.003910096251499,6.3525181160096205,6.631035430234887e-34,6.631050214770059e-34,1.179064042966466e-05,0.011189614786320422,1.1790640429664667e-05,,0.0,1.1147313117980957,ok
B_alpha0.005,0.8,0.5,0.005,17.78279410038923,0.00028117066259517455,0.6,20,200,5,1.0,predictive,P1 only (protect),coarse,4.9999999999999996e-06,5,1.0,True,True,1.4386797940610502e-05,2.3018523338869083e-05,52.98563108690508,9.999769814766601,9.774818921517426,0.009774818921517422,0.21563644479445543,49.998849073833036,1.0597370153193222,0.49998849073833007,5.9684704422413315,6.325009052482423,1.3465462512093732e-24,1.3465589114493885e-24,4.887409460758711e-05,0.04333204928784768,4.8874094607587105e-05,,0.0,1.0525808334350586,ok
B_alpha0.005,0.8,0.5,0.005,17.78279410038923,0.00028117066259517455,0.6,20,200,5,1.0,predictive,P1 only (protect),coarse,2.108482517142911e-05,5,1.0,True,True,9.28011589108539e-05,0.00014847901655440983,53.33928960349587,9.998515209834457,9.178599088757517,0.03870583142101805,0.7841798699870086,49.99257604917225,1.0669442108970704,0.4999257604917228,5.844376178325865,6.235623329769526,8.774544768349191e-17,8.774892641876755e-17,0.00019352915710509026,0.13573146705141345,0.00019352915710509002,,0.0,1.2169325351715088,ok
B_alpha0.005,0.8,0.5,0.005,17.78279410038923,0.00028117066259517455,0.6,20,200,5,1.0,predictive,P1 only (protect),coarse,8.891397050194613e-05,5,1.0,True,True,0.0011783236904723104,0.001885268474151683,54.60102077154068,9.981147315258465,7.5154547081169705,0.13364578361372023,2.369752193010844,49.90573657629233,1.0940830557238754,0.49905736576292326,5.498356306008654,6.015658468736588,1.5715749758762675e-11,1.571837658424654e-11,0.0006682289180686012,0.29635142075086685,0.0006682289180686016,,0.0,1.1739206314086914,ok
B_alpha0.005,0.8,0.5,0.005,17.78279410038923,0.00028117066259517455,0.6,20,200,5,1.0,predictive,P1 only (protect),coarse,0.0003749471046662279,5,1.0,True,True,0.004896639479883913,0.007834256054367512,57.163414419118354,9.921657439456242,4.757253345732112,0.356743644719107,4.96434557009254,49.60828719728111,1.1522956676934277,0.4960828719728121,4.937652507385263,5.689635592835629,1.4345271845525519e-08,1.435537322495575e-08,0.0017837182235955352,0.6118005211603139,0.0017837182235955335,,0.0,1.070676326751709,ok
B_alpha0.005,0.8,0.5,0.005,17.78279410038923,0.00028117066259517455,0.6,20,200,5,1.0,predictive,P1 only (protect),coarse,0.0015811388300841895,5,1.0,True,True,0.00882973853075083,0.014120732168341131,61.58061787805504,9.858792678316432,2.5768055529426217,0.814856162306212,6.749545606434735,49.29396339158212,1.249252720639848,0.4929396339158216,4.594374902174522,5.739535346180957,6.332573076785465e-07,6.351300099769032e-07,0.004074280811531061,1.2513446395947567,0.0040742808115310425,,0.0,1.084902048110962,ok
B_alpha0.005,0.8,0.5,0.005,17.78279410038923,0.00028117066259517455,0.6,20,200,5,1.0,predictive,P1 only (protect),coarse,0.0066676071608166194,5,1.0,True,True,0.013407257413869394,0.021316828219406368,70.99628043115771,9.786831717805681,1.341386351343029,1.7887557334423236,7.083026197408966,48.934158589028435,1.4508531969951117,0.48934158589028404,4.654790034146996,6.753417002383154,5.280713726167275e-06,5.34545142716616e-06,0.008943778667211619,1.891180557792657,0.008943778667211608,,0.0,1.2059593200683594,ok
B_alpha0.005,0.8,0.5,0.005,17.78279410038923,0.00028117066259517455,0.6,20,200,5,1.0,predictive,P1 only (protect),coarse,0.02811706625951745,5,1.0,True,True,0.023324164797037104,0.035976230766774094,87.93330867776845,9.640237692331832,0.6282392738678895,3.5328085491736108,6.198714484626668,48.20118846165918,1.8242975222014186,0.4820118846165916,5.094525167194526,9.293929639305741,1.4120163954369988e-05,1.4801861544651316e-05,0.017664042745868053,2.093205098985776,0.017664042745868063,,0.0,1.2573323249816895,ok
B_alpha0.005,0.8,0.5,0.005,17.78279410038923,0.00028117066259517455,0.6,20,200,5,1.0,predictive,P1 only (protect),coarse,2.811706625951745e-07,10,1.0,True,True,8.517378272962134e-06,1.3627606530459241e-05,52.88264649211095,9.999863723934697,9.986692896265176,0.0005615930117554813,0.012881786788373262,49.9993186196735,1.0576673433166133,0.49999318619673483,6.0128379877481954,6.359582380294845,3.453477422239217e-26,3.468667248398531e-26,2.8079650587774066e-06,0.002710020761939707,2.807965058777405e-06,,0.0,1.3188879489898682,ok
B_alpha0.005,0.8,0.5,0.005,17.78279410038923,0.00028117066259517455,0.6,20,200,5,1.0,predictive,P1 only (protect),coarse,1.1856868528308274e-06,10,1.0,True,True,9.308860003631822e-06,1.4893957350418625e-05,52.9023869448164,9.999851060426492,9.94414368474652,0.0023581280859329328,0.05364712674105654,49.99925530213247,1.0580634976489363,0.4999925530213246,6.003910096251499,6.352518116009622,1.7515439600158096e-19,1.7838409794589727e-19,1.1790640429664664e-05,0.011189614786320426,1.1790640429664667e-05,,0.0,1.2897326946258545,ok
B_alpha0.005,0.8,0.5,0.005,17.78279410038923,0.00028117066259517455,0.6,20,200,5,1.0,predictive,P1 only (protect),coarse,4.9999999999999996e-06,10,1.0,True,True,1.4386797931953619e-05,2.301852332501863e-05,52.985631086902885,9.999769814766745,9.77481892151771,0.009774818921510869,0.21563644479403443,49.99884907383372,1.0597370153192638,0.4999884907383373,5.968470442241447,6.325009052482198,2.9241013832471456e-13,3.145997857163055e-13,4.887409460755434e-05,0.043332049287461864,4.887409460755431e-05,,0.0,1.3283851146697998,ok
B_alpha0.005,0.8,0.5,0.005,17.78279410038923,0.00028117066259517455,0.6,20,200,5,1.0,predictive,P1 only (protect),coarse,2.108482517142911e-05,10,1.0,True,True,9.280046302646608e-05,0.00014847790318763026,53.33928943208525,9.998515220968127,9.17859910937566,0.038705830943681775,0.7841798387125305,49.99257610484059,1.0669442062802723,0.49992576104840636,5.844376186983638,6.235623312024582,2.035239420874782e-08,2.627115225996592e-08,0.00019352915471840888,0.1357314376120669,0.000193529154718409,,0.0,1.3703527450561523,ok
B_alpha0.005,0.8,0.5,0.005,17.78279410038923,0.00028117066259517455,0.6,20,200,5,1.0,predictive,P1 only (protect),coarse,8.891397050194613e-05,10,1.0,True,True,0.0011779415767634324,0.001884657124300648,54.60093583907853,9.981153428756969,7.515463281215877,0.13364559083211636,2.3697376991950376,49.90576714378487,1.094080683736737,0.4990576714378484,5.498360466068031,6.015649978146755,8.341174162981253e-06,1.581662628328256e-05,0.0006682279541605818,0.29633687965861805,0.0006682279541605815,,0.0,1.5601871013641357,ok
B_alpha0.005,0.8,0.5,0.005,17.78279410038923,0.00028117066259517455,0.6,20,200,5,1.0,predictive,P1 only (protect),coarse,0.0003749471046662279,10,1.0,True,True,0.00489249318752068,0.007827622460646453,57.16260856231013,9.921723775393442,4.757304400274801,0.3567424725607722,4.964229351770985,49.60861887696727,1.152271719236475,0.4960861887696721,4.937688524955018,5.689558845704133,6.800887613043066e-05,0.0001948298437231163,0.001783712362803861,0.6116624726442139,0.0017837123628038575,,0.0,1.4311044216156006,ok
B_alpha0.005,0.8,0.5,0.005,17.78279410038923,0.00028117066259517455,0.6,20,200,5,1.0,predictive,P1 only (protect),coarse,0.0015811388300841895,10,1.0,True,True,0.008821570292032564,0.01410766435157152,61.57923668512745,9.85892335648411,2.5768506525913675,0.8148550894140756,6.749370901510446,49.294616782420555,1.24920814288768,0.49294616782420553,4.594433805105581,5.73940412129632,0.00011522750289041667,0.00042514748506785525,0.004074275447070378,1.2511109711504815,0.004074275447070384,,0.0,1.2735881805419922,ok
B_alpha0.005,0.8,0.5,0.005,17.78279410038923,0.00028117066259517455,0.6,20,200,5,1.0,predictive,P1 only (protect),coarse,0.0066676071608166194,10,1.0,True,True,0.013398328407463288,0.02130254407451077,70.99502127695875,9.786974559254643,1.3414074738733777,1.7887573672102999,7.082860599661679,48.934872796273304,1.4508062904858612,0.48934872796273216,4.654849118928437,6.753284383003946,0.00012056950455732538,0.0004964009327350729,0.0089437868360515,1.890957564413645,0.008943786836051494,,0.0,1.3685863018035889,ok
B_alpha0.005,0.8,0.5,0.005,17.78279410038923,0.00028117066259517455,0.6,20,200,5,1.0,predictive,P1 only (protect),coarse,0.02811706625951745,10,1.0,True,True,0.02331674009866627,0.0359643539988064,87.93250372940636,9.640356460011516,0.6282461149804528,3.5328090406499095,6.198588384358122,48.20178230005746,1.8242583475860714,0.4820178230005758,5.094571549524892,9.293814676595291,0.00010051053456642055,0.0004242981970368863,0.01766404520324955,2.0930385171523636,0.017664045203249545,,0.0,1.2824113368988037,ok
B_alpha0.005,0.8,0.5,0.005,17.78279410038923,0.00028117066259517455,0.6,20,200,5,1.0,predictive,P1 only (protect),coarse,2.811706625951745e-07,15,1.0,True,True,8.517378272893276e-06,1.3627606530349068e-05,52.88264649211088,9.999863723934697,9.986692896265179,0.0005615930117553861,0.012881786788369709,49.99931861967348,1.0576673433166124,0.49999318619673483,6.0128379877481954,6.35958238029484,1.1831824588884131e-15,1.1950988196405753e-15,2.807965058776931e-06,0.0027100207619316975,2.8079650587769365e-06,,0.0,2.5091607570648193,ok
B_alpha0.005,0.8,0.5,0.005,17.78279410038923,0.00028117066259517455,0.6,20,200,5,1.0,predictive,P1 only (protect),coarse,1.1856868528308274e-06,15,1.0,True,True,9.308859697421497e-06,1.4893956860492788e-05,52.902386944572825,9.999851060431398,9.94414368477059,0.00235812808552223,0.05364712671248917,49.99925530215697,1.0580634976435461,0.4999925530215699,6.00391009625862,6.352518115984795,5.100923250173362e-12,5.316897839525616e-12,1.179064042761115e-05,0.011189614751525965,1.1790640427611129e-05,,0.0,2.5743188858032227,ok
B_alpha0.005,0.8,0.5,0.005,17.78279410038923,0.00028117066259517455,0.6,20,200,5,1.0,predictive,P1 only (protect),coarse,4.9999999999999996e-06,15,1.0,True,True,1.438608965900256e-05,2.3017390113604842e-05,52.98563056105484,9.99976982609886,9.774818972720452,0.009774818032982713,0.21563638314770728,49.99884913049431,1.0597370036011269,0.49998849130494294,5.968470457718751,6.325008998944715,1.0483490399384604e-08,1.2331231092493297e-08,4.887409016491357e-05,0.04333197558532018,4.887409016491368e-05,,0.0,2.599388837814331,ok
B_alpha0.005,0.8,0.5,0.005,17.78279410038923,0.00028117066259517455,0.6,20,200,5,1.0,predictive,P1 only (protect),coarse,2.108482517142911e-05,15,1.0,True,True,9.252558132375732e-05,0.00014803810326396413,53.33912455980135,9.998519618967359,9.178614568495247,0.03870555172492419,0.7841602608124703,49.99259809483684,1.0669404390349164,0.49992598094836793,5.84438122295459,6.235606667906592,2.90537698355784e-06,4.95115181795973e-06,0.00019352775862462095,0.1357095236862117,0.000193527758624621,,0.0,2.596937656402588,ok
B_alpha0.005,0.8,0.5,0.005,17.78279410038923,0.00028117066259517455,0.6,20,200,5,1.0,predictive,P1 only (protect),coarse,8.891397050194613e-05,15,1.0,True,True,0.0011710491964664498,0.0018736296756055944,54.59812656128079,9.981263703243926,7.5156996369982005,0.13364105104206553,2.3693956087158083,49.90631851621961,1.0940123051460175,0.4990631851621963,5.498453539227596,6.015375831188662,4.526593725386267e-05,0.00015255480007550677,0.0006682052552103276,0.29599667978416794,0.0006682052552103293,,0.0,2.4957845211029053,ok
B_alpha0.005,0.8,0.5,0.005,17.78279410038923,0.00028117066259517455,0.6,20,200,5,1.0,predictive,P1 only (protect),coarse,0.0003749471046662279,15,1.0,True,True,0.00487200408835007,0.007794841639411964,57.1568467948657,9.922051583605782,4.757637383490228,0.35673033025864265,4.963580702645348,49.61025791802901,1.1521175094333496,0.4961025791802891,4.93788232604154,5.689020687353934,0.00010779303167219933,0.0006577315835174748,0.0017836516512932132,0.6110713215429924,0.0017836516512932097,,0.0,2.588334560394287,ok
B_alpha0.005,0.8,0.5,0.005,17.78279410038923,0.00028117066259517455,0.6,20,200,5,1.0,predictive,P1 only (protect),coarse,0.0015811388300841895,15,1.0,True,True,0.008795059631567344,0.014065250933321146,61.57270432530849,9.859347490666616,2.5770556093096464,0.8147811996017984,6.74881570042194,49.296737453333044,1.249021892850344,0.49296737453333084,4.594611725760063,5.73877063462122,0.00013230847385611278,0.0010580275378084289,0.004073905998008992,1.250693389230075,0.004073905998008997,,0.0,2.6801276206970215,ok
B_alpha0.005,0.8,0.5,0.005,17.78279410038923,0.00028117066259517455,0.6,20,200,5,1.0,predictive,P1 only (protect),coarse,0.0066676071608166194,15,1.0,True,True,0.013307341529944306,0.02115697457131971,70.94596444148114,9.788430254286517,1.3422948710470382,1.7861277254785812,7.083147149187864,48.94215127143269,1.449588189289341,0.4894215127143259,4.654607924601841,6.747264673275399,0.0001336458425126774,0.0011441186101665615,0.008930638627392906,1.8922058142773979,0.008930638627392896,,0.0,2.485574960708618,ok
B_alpha0.005,0.8,0.5,0.005,17.78279410038923,0.00028117066259517455,0.6,20,200,5,1.0,predictive,P1 only (protect),coarse,0.02811706625951745,15,1.0,True,True,0.021752472973184153,0.03346164946444093,87.08017503173893,9.665383505355202,0.6379146024774995,3.4828002867606656,6.213901605406633,48.3269175267758,1.8018979791850303,0.4832691752677601,5.087360021503417,9.16690374213372,0.00011994658791101423,0.0009909963226077349,0.01741400143380333,2.1288028309463773,0.017414001433803346,,0.0,2.5976011753082275,ok
B_alpha0.005,0.8,0.5,0.005,17.78279410038923,0.00028117066259517455,0.6,20,200,5,1.0,predictive,P1 only (protect),coarse,2.811706625951745e-07,20,1.0,True,True,8.330914381368248e-06,1.3329268955685902e-05,52.87751086523303,9.999866707310444,9.991245137921737,0.00044930091972715844,0.008438853848090844,49.99933353655219,1.0575643138638384,0.4999933353655222,6.013823820947868,6.360005462898739,2.3367559028280723e-06,2.372758128011873e-06,2.246504598635792e-06,1.331377329502223e-07,2.2465045986357935e-06,,0.0,7.9162468910217285,ok
B_alpha0.005,0.8,0.5,0.005,17.78279410038923,0.00028117066259517455,0.6,20,200,5,1.0,predictive,P1 only (protect),coarse,1.1856868528308274e-06,20,1.0,True,True,8.475220923851193e-06,1.3560155760293058e-05,52.880884869348705,9.999864398442401,9.962781399460448,0.001888277083764872,0.0354659250133853,49.999321992212,1.0576320390421603,0.4999932199221201,6.007942901285811,6.354192901135785,9.365273111923164e-06,9.971977635566934e-06,9.44138541882436e-06,5.603839692018369e-07,9.441385418824341e-06,,0.0,8.08268141746521,ok
B_alpha0.005,0.8,0.5,0.005,17.78279410038923,0.00028117066259517455,0.6,20,200,5,1.0,predictive,P1 only (protect),coarse,4.9999999999999996e-06,20,1.0,True,True,9.900882631717073e-06,1.5841175267699273e-05,52.897790725599805,9.99984158824732,9.84485348446577,0.007850809050743928,0.14745411823616728,49.99920794123662,1.0579725740409698,0.49999207941236595,5.983572995389789,6.330456123894571,3.264976564305398e-05,4.145977212684979e-05,3.925404525371964e-05,2.34707088866821e-06,3.925404525371969e-05,,0.0,7.931381702423096,ok
B_alpha0.005,0.8,0.5,0.005,17.78279410038923,0.00028117066259517455,0.6,20,200,5,1.0,predictive,P1 only (protect),coarse,2.108482517142911e-05,20,1.0,True,True,5.73163491024585e-05,9.170435928026178e-05,53.021118020095486,9.999082956407198,9.382700608438661,0.03125315214930584,0.5869632830048346,49.99541478203596,1.0605196146736782,0.4999541478203599,5.8878304349515345,6.244159664138756,7.935854902170492e-05,0.00016503685520150848,0.0001562657607465292,1.1405393271828446e-05,0.00015626576074652946,,0.0,8.103816747665405,ok
B_alpha0.005,0.8,0.5,0.005,17.78279410038923,0.00028117066259517455,0.6,20,200,5,1.0,predictive,P1 only (protect),coarse,8.891397050194613e-05,20,1.0,True,True,0.0009808081702744457,0.0015692510652768803,53.790752583034866,9.984307489347206,7.915899778972934,0.10677791535535142,1.993014816324509,49.92153744673607,1.0775059289876052,0.4992153744673603,5.579778289799013,6.012244189694757,0.0001194390489376994,0.0005603772964679581,0.0005338895767767571,0.002398141918131085,0.0005338895767767571,,0.0,7.976702928543091,ok
B_alpha0.005,0.8,0.5,0.005,17.78279410038923,0.00028117066259517455,0.6,20,200,5,1.0,predictive,P1 only (protect),coarse,0.0003749471046662279,20,1.0,True,True,0.004457717055584962,0.007132005087836598,55.46988898727826,9.928679949121546,5.376613133590749,0.2655181729434198,4.429188744344285,49.64339974560775,1.117366845774619,0.4964339974560773,5.045714013514456,5.637913551961441,0.000135095215471272,0.0012453579340063739,0.001327590864717099,0.07506597309961958,0.0013275908647170996,,0.0,8.014810800552368,ok
B_alpha0.005,0.8,0.5,0.005,17.78279410038923,0.00028117066259517455,0.6,20,200,5,1.0,predictive,P1 only (protect),coarse,0.0015811388300841895,20,1.0,True,True,0.007875794023398275,0.012594577922269689,57.41663223831679,9.874054220777149,3.484278546655186,0.5351233013600019,6.106543931207662,49.370271103885685,1.1629798855570355,0.49370271103885743,4.699653993555976,5.465603063583393,0.00013900575892494455,0.0017169810033042011,0.0026756165068000095,0.3398607321054966,0.002675616506800001,,0.0,8.006380796432495,ok
B_alpha0.005,0.8,0.5,0.005,17.78279410038923,0.00028117066259517455,0.6,20,200,5,1.0,predictive,P1 only (protect),coarse,0.0066676071608166194,20,1.0,True,True,0.00981847781470414,0.015575845044355621,60.65986108691779,9.844241549556273,2.5974488896995975,1.0967630367054735,6.461546524038656,49.2212077477813,1.2323927807247295,0.49221207747781365,4.699552204472244,5.791694209430581,0.00013791006304506378,0.001816797317553515,0.005483815183527367,0.7118289888935629,0.005483815183527351,,0.0,7.923658132553101,ok
B_alpha0.005,0.8,0.5,0.005,17.78279410038923,0.00028117066259517455,0.6,20,200,5,1.0,predictive,P1 only (protect),coarse,0.02811706625951745,20,1.0,True,True,0.011835438289330029,0.017597492133861813,67.70970496389022,9.824025078661162,2.1682858840828185,2.250405119004202,5.757283918251818,49.120125393305855,1.378451386712416,0.4912012539330581,5.028883541736698,6.932071491722197,0.00012931500180786548,0.001618779334043399,0.011252025595021009,1.0455803801184143,0.011252025595021146,,0.0,7.993911266326904,ok
B_alpha0.005,0.8,0.5,0.005,17.78279410038923,0.00028117066259517455,0.6,20,200,5,1.0,predictive,P1+P2 (protect),coarse,2.811706625951745e-07,5,3.0,True,True,8.905300073351621e-06,1.4248271651319487e-05,52.892470602818754,9.999857517283488,9.962281731534327,0.001456298051532354,0.036404453130652215,49.99928758641743,1.0578644847969247,0.4999928758641744,6.007665179543027,6.355295629989708,3.208989459641667e-36,3.2089945496252285e-36,7.281490257661771e-06,0.006945696971928589,7.281490257661761e-06,,0.0,1.0938410758972168,ok
B_alpha0.005,0.8,0.5,0.005,17.78279410038923,0.00028117066259517455,0.6,20,200,5,1.0,predictive,P1+P2 (protect),coarse,1.1856868528308274e-06,5,3.0,True,True,1.1647398480918249e-05,1.863555765350637e-05,52.943880015879486,9.999813644423467,9.845812876420863,0.006067963858099902,0.14830551529756875,49.99906822211734,1.0588973334598963,0.4999906822211734,5.983108602247733,6.335497744721092,9.955426846525367e-27,9.955493435748204e-27,3.033981929049951e-05,0.027438961837741166,3.033981929049958e-05,,0.0,1.063330888748169,ok
B_alpha0.005,0.8,0.5,0.005,17.78279410038923,0.00028117066259517455,0.6,20,200,5,1.0,predictive,P1+P2 (protect),coarse,4.9999999999999996e-06,5,3.0,True,True,4.766513074105901e-05,7.626284313977415e-05,53.16373107212273,9.999237371568599,9.418728852401637,0.024432756972384062,0.5576010190573797,49.99618685784304,1.063355715972623,0.49996186857842995,5.8934516992844195,6.2668355512426555,1.932012033433413e-18,1.9320665259545334e-18,0.0001221637848619203,0.0905780077095584,0.00012216378486192052,,0.0,1.228729486465454,ok
B_alpha0.005,0.8,0.5,0.005,17.78279410038923,0.00028117066259517455,0.6,20,200,5,1.0,predictive,P1+P2 (protect),coarse,2.108482517142911e-05,5,3.0,True,True,0.0006723287902551391,0.0010756999394919008,54.01937028970526,9.989243000605068,8.138219762597169,0.08786872623282183,1.7846685105649414,49.94621500302538,1.0815508299564474,0.4994621500302534,5.6246771868612795,6.083374279686913,1.5249755754676762e-12,1.5251569257928851e-12,0.0004393436311641091,0.1991896269987759,0.0004393436311641091,,0.0,1.2854762077331543,ok
B_alpha0.005,0.8,0.5,0.005,17.78279410038923,0.00028117066259517455,0.6,20,200,5,1.0,predictive,P1+P2 (protect),coarse,8.891397050194613e-05,5,3.0,True,True,0.0037540803389685836,0.00600630405462459,55.90332688593793,9.939936959453684,5.6348020969955,0.24297028761000997,4.182290655940806,49.69968479726847,1.1248225640459277,0.4969968479726842,5.0997132022080285,5.7362724800065035,3.980059708963009e-09,3.982054250858797e-09,0.0012148514380500499,0.3593005461872078,0.001214851438050048,,0.0,1.1233549118041992,ok
B_alpha0.005,0.8,0.5,0.005,17.78279410038923,0.00028117066259517455,0.6,20,200,5,1.0,predictive,P1+P2 (protect),coarse,0.0003749471046662279,5,3.0,True,True,0.007579603652078685,0.012124238541559215,58.539280339502994,9.878757614584263,3.3141286557224485,0.5399712907641088,6.267142438929179,49.39378807292127,1.185154705143894,0.49393788072921313,4.664861349019996,5.528582376634941,3.0756321154330423e-07,3.0821127535163535e-07,0.0026998564538205437,0.7952289344725958,0.0026998564538205407,,0.0,1.0559775829315186,ok
B_alpha0.005,0.8,0.5,0.005,17.78279410038923,0.00028117066259517455,0.6,20,200,5,1.0,predictive,P1+P2 (protect),coarse,0.0015811388300841895,5,3.0,True,True,0.010292292760442755,0.01639743964747567,63.74456267934462,9.836025603525023,1.9188366980530258,1.1942399704743367,7.050897727947614,49.18012801762522,1.2961447082142563,0.49180128017625113,4.5800257835526645,5.936376182836639,3.5722866172771845e-06,3.6036427502850304e-06,0.005971199852371684,1.5250668077196283,0.005971199852371698,,0.0,1.1196606159210205,ok
B_alpha0.005,0.8,0.5,0.005,17.78279410038923,0.00028117066259517455,0.6,20,200,5,1.0,predictive,P1+P2 (protect),coarse,0.0066676071608166194,5,3.0,True,True,0.014735263167667096,0.02274458889969556,75.85150329153235,9.772554111002783,1.0272455084163798,2.6028500399822208,6.5973503405986165,48.862770555013796,1.5523373404734058,0.4886277055501392,4.884638712439975,7.582607068042512,1.2237317047757258e-05,1.266835083181421e-05,0.013014250199911105,2.153546657992509,0.013014250199911086,,0.0,1.228022575378418,ok
B_alpha0.005,0.8,0.5,0.005,17.78279410038923,0.00028117066259517455,0.6,20,200,5,1.0,predictive,P1+P2 (protect),coarse,0.02811706625951745,5,3.0,True,True,0.02671713960257873,0.03791507271152689,96.75537925943314,9.620849272884271,0.4471514666265452,4.800674699769461,5.131324560719722,48.1042463644214,2.0113687786821837,0.48104246364421355,5.523076588291699,11.108943811960435,1.6089980672006432e-05,1.8083043462193408e-05,0.024003373498847305,2.1931944013050275,0.024003373498847323,,0.0,1.1117663383483887,ok
B_alpha0.005,0.8,0.5,0.005,17.78279410038923,0.00028117066259517455,0.6,20,200,5,1.0,predictive,P1+P2 (protect),coarse,2.811706625951745e-07,5,10.0,True,True,1.0640158204573241e-05,1.7023999801431525e-05,52.926896845120254,9.999829760001985,9.879506078685466,0.004553023207385001,0.11611113810516294,49.99914880000991,1.0585559577588202,0.49999148800009924,5.990145856109556,6.3409045838290785,3.111316241465837e-28,3.1113326915478928e-28,2.2765116036925006e-05,0.020847362606310434,2.2765116036925002e-05,,0.0,1.1114163398742676,ok
B_alpha0.005,0.8,0.5,0.005,17.78279410038923,0.00028117066259517455,0.6,20,200,5,1.0,predictive,P1+P2 (protect),coarse,1.1856868528308274e-06,5,10.0,True,True,3.217995868122891e-05,5.148705122485531e-05,53.091185159477114,9.999485129487754,9.53710726332491,0.01849501502015101,0.4449125921671868,49.997425647438796,1.06187837617589,0.4999742564743877,5.918017128051021,6.284214418115923,1.1563893843709872e-19,1.1564151662509118e-19,9.247507510075505e-05,0.07148022665228715,9.247507510075516e-05,,0.0,1.1670622825622559,ok
B_alpha0.005,0.8,0.5,0.005,17.78279410038923,0.00028117066259517455,0.6,20,200,5,1.0,predictive,P1+P2 (protect),coarse,4.9999999999999996e-06,5,10.0,True,True,0.00044300406056201443,0.0007087901608537345,53.75933527467036,9.992912098391452,8.467617921999656,0.06821694096138226,1.4712530386475091,49.96456049195731,1.0759493277905225,0.4996456049195726,5.692976288003937,6.12535401020522,2.529720654624639e-13,2.529958462610558e-13,0.0003410847048069113,0.1639206676797655,0.0003410847048069113,,0.0,1.1855418682098389,ok
B_alpha0.005,0.8,0.5,0.005,17.78279410038923,0.00028117066259517455,0.6,20,200,5,1.0,predictive,P1+P2 (protect),coarse,2.108482517142911e-05,5,10.0,True,True,0.0030511515614148233,0.004881678131652413,55.37635245541689,9.951183218683429,6.169233439898603,0.19539168237122373,3.6841916590467445,49.75591609341709,1.1129601623945058,0.49755916093417146,5.2066142645383735,5.794754257386178,1.4743616962836014e-09,1.4749458393870875e-09,0.0009769584118561186,0.2655901785465482,0.000976958411856118,,0.0,1.2747011184692383,ok
B_alpha0.005,0.8,0.5,0.005,17.78279410038923,0.00028117066259517455,0.6,20,200,5,1.0,predictive,P1+P2 (protect),coarse,8.891397050194613e-05,5,10.0,True,True,0.006944026552816302,0.011108613361183475,57.43470639476986,9.888913866388037,3.8139230259564223,0.4259473832505628,5.871215724404978,49.44456933194017,1.161597869508962,0.49444569331940186,4.7385568002185785,5.504297483681104,1.7591800386106192e-07,1.762112422739487e-07,0.002129736916252814,0.5355131526545983,0.0021297369162528073,,0.0,1.0968554019927979,ok
B_alpha0.005,0.8,0.5,0.005,17.78279410038923,0.00028117066259517455,0.6,20,200,5,1.0,predictive,P1+P2 (protect),coarse,0.0003749471046662279,5,10.0,True,True,0.009452138258212847,0.015079688557946076,60.647462736178696,9.849203114420373,2.418601874935568,0.8980177888576159,6.834177221786444,49.24601557210182,1.2315201957279944,0.49246015572101864,4.586347674977423,5.648179786364828,2.620231881583721e-06,2.638472711676482e-06,0.00449008894428808,1.0884726103642335,0.0044900889442880615,,0.0,1.0820019245147705,ok
B_alpha0.005,0.8,0.5,0.005,17.78279410038923,0.00028117066259517455,0.6,20,200,5,1.0,predictive,P1+P2 (protect),coarse,0.0015811388300841895,5,10.0,True,True,0.011659213116726616,0.018071570545414792,68.32916847205122,9.819284294545614,1.512869408009048,1.9769352914379879,6.69091100600735,49.09642147272806,1.3917341920735815,0.4909642147272807,4.7764278239520594,6.647517918565694,1.0734785343031228e-05,1.103767785091308e-05,0.009884676457189939,1.8263279889712758,0.009884676457189923,,0.0,1.1093509197235107,ok
B_alpha0.005,0.8,0.5,0.005,17.78279410038923,0.00028117066259517455,0.6,20,200,5,1.0,predictive,P1+P2 (protect),coarse,0.0066676071608166194,5,10.0,True,True,0.01779198584862047,0.024679661676090144,84.7125642165288,9.753203383238798,0.8013131182495934,3.917501884294734,5.527981614216874,48.76601691619402,1.7371228895341215,0.4876601691619399,5.320678390206947,9.242672219478049,1.624319949970774e-05,1.7908581373264294e-05,0.01958750942147367,2.3112255936867236,0.019587509421473706,,0.0,1.1818492412567139,ok
B_alpha0.005,0.8,0.5,0.005,17.78279410038923,0.00028117066259517455,0.6,20,200,5,1.0,predictive,P1+P2 (protect),coarse,0.02811706625951745,5,10.0,True,True,0.034331885998665,0.04143006977275254,108.03637031003738,9.585699302272005,0.3297740597251878,6.213907623980926,3.870619014021881,47.928496511359775,2.254115571608451,0.47928496511360025,6.0147292827178624,13.557894935183663,1.231649651517976e-05,1.5751746498388446e-05,0.031069538119904632,2.1244407316038267,0.031069538119904535,,0.0,1.3571069240570068,ok
B_alpha0.005,0.8,0.5,0.005,17.78279410038923,0.00028117066259517455,0.6,20,200,5,1.0,predictive,P1+P2 (protect),coarse,2.811706625951745e-07,5,30.0,True,True,2.06962889245444e-05,3.311352559562749e-05,53.02618601610082,9.999668864744043,9.66183235428496,0.013122126398530264,0.32537665457246767,49.99834432372019,1.0605588391642835,0.4999834432372022,5.94420259398822,6.30417660283747,1.5497501648003061e-21,1.5497747457416568e-21,6.561063199265132e-05,0.053803008673732694,6.561063199265126e-05,,0.0,1.067875623703003,ok
B_alpha0.005,0.8,0.5,0.005,17.78279410038923,0.00028117066259517455,0.6,20,200,5,1.0,predictive,P1+P2 (protect),coarse,1.1856868528308274e-06,5,30.0,True,True,0.00023512285962011496,0.00037618852405977627,53.50972503295404,9.996238114759398,8.83137206620067,0.050035323653772334,1.1223544953861602,49.98119057379703,1.0705972470573133,0.4998119057379699,5.769449449044661,6.176756697183547,1.4122059590964314e-14,1.4123004074908514e-14,0.0002501766182688617,0.13760464621339896,0.00025017661826886195,,0.0,1.1064414978027344,ok
B_alpha0.005,0.8,0.5,0.005,17.78279410038923,0.00028117066259517455,0.6,20,200,5,1.0,predictive,P1+P2 (protect),coarse,4.9999999999999996e-06,5,30.0,True,True,0.0021667456832401358,0.0034666885956973186,54.89212978161498,9.965333114042979,6.817162013919178,0.1538273042531968,3.063677567784646,49.82666557021491,1.1016617137316145,0.49826665570214895,5.342471878466996,5.885596725194908,2.9408599170097713e-10,2.941689005851176e-10,0.000769136521265984,0.22288860214202783,0.0007691365212659834,,0.0,1.2955479621887207,ok
B_alpha0.005,0.8,0.5,0.005,17.78279410038923,0.00028117066259517455,0.6,20,200,5,1.0,predictive,P1+P2 (protect),coarse,2.108482517142911e-05,5,30.0,True,True,0.0060912076722164235,0.009745047310778323,56.780532159056555,9.902549526892095,4.3409864619518235,0.3467271460934136,5.409736865062667,49.51274763446052,1.1467861282563465,0.49512747634460474,4.83279749748788,5.542185130791086,7.160991341568767e-08,7.169490671628617e-08,0.001733635730467068,0.4006562742252503,0.001733635730467063,,0.0,1.1591405868530273,ok
B_alpha0.005,0.8,0.5,0.005,17.78279410038923,0.00028117066259517455,0.6,20,200,5,1.0,predictive,P1+P2 (protect),coarse,8.891397050194613e-05,5,30.0,True,True,0.00891035765901729,0.014235165952732526,59.15915462654268,9.857648340472515,2.8289649611856236,0.7063410482156113,6.60704565012625,49.28824170236252,1.200269122680167,0.4928824170236258,4.610029278022903,5.5332757970624336,1.5786670216920576e-06,1.5865139889293742e-06,0.0035317052410780564,0.7931347757103591,0.0035317052410780434,,0.0,1.1372318267822266,ok
B_alpha0.005,0.8,0.5,0.005,17.78279410038923,0.00028117066259517455,0.6,20,200,5,1.0,predictive,P1+P2 (protect),coarse,0.0003749471046662279,5,30.0,True,True,0.010676928338120721,0.016746317778684523,64.21201731492258,9.832536822212955,1.9797014312320884,1.5159706365994143,6.671791109955542,49.1626841110648,1.3061129284532025,0.49162684111064775,4.713408720833058,6.156244067364129,8.468634368875522e-06,8.641155795588897e-06,0.007579853182997072,1.3725583289154661,0.00757985318299705,,0.0,1.0531492233276367,ok
B_alpha0.005,0.8,0.5,0.005,17.78279410038923,0.00028117066259517455,0.6,20,200,5,1.0,predictive,P1+P2 (protect),coarse,0.0015811388300841895,5,30.0,True,True,0.013926265204226861,0.01969550535469901,75.62753365166148,9.803044946452758,1.2779854530647128,3.0958318243322562,5.823137776150273,49.015224732263896,1.5429396491551783,0.4901522473226379,5.1380178706657125,7.927651490717991,1.5912658836116545e-05,1.7136757855308243e-05,0.015479159121661281,2.011936984356617,0.015479159121661347,,0.0,1.1308720111846924,ok
B_alpha0.005,0.8,0.5,0.005,17.78279410038923,0.00028117066259517455,0.6,20,200,5,1.0,predictive,P1+P2 (protect),coarse,0.0066676071608166194,5,30.0,True,True,0.023741838832635948,0.02753468237876182,94.95714249185723,9.724653176212044,0.6757297858972441,5.246531328968884,4.353085708921828,48.62326588106026,1.952915765142895,0.4862326588106022,5.781302481198913,11.290396758593092,1.3656172210579321e-05,1.6775336440453145e-05,0.02623265664484442,2.282132914546279,0.0262326566448444,,0.0,1.0964620113372803,ok
B_alpha0.005,0.8,0.5,0.005,17.78279410038923,0.00028117066259517455,0.6,20,200,5,1.0,predictive,P1+P2 (protect),coarse,0.02811706625951745,5,30.0,True,True,0.044830953017897704,0.045940369587045046,116.87035747145997,9.54059630412899,0.27787255668041194,7.169320756652668,3.0122103825379303,47.70298152064511,2.449959179613968,0.4770298152064495,6.345279330829109,15.54567534377955,8.387082141401893e-06,1.213516660757899e-05,0.03584660378326334,1.9942268061984763,0.03584660378326337,,0.0,1.1865930557250977,ok
B_alpha0.005,0.8,0.5,0.005,17.78279410038923,0.00028117066259517455,0.6,20,200,5,1.0,predictive,P1+P2 (protect),coarse,2.811706625951745e-07,5,100.0,True,True,0.0001491617961340686,0.00023865401187202776,53.37760311432437,9.997613459881276,9.035882985327913,0.04035356082654828,0.9261499939642643,49.988067299406374,1.0678068986867641,0.4998806729940638,5.812461611339881,6.20658660694071,1.562002871984392e-15,1.5620854507100444e-15,0.0002017678041327414,0.1212659945575178,0.00020176780413274186,,0.0,1.0503199100494385,ok
B_alpha0.005,0.8,0.5,0.005,17.78279410038923,0.00028117066259517455,0.6,20,200,5,1.0,predictive,P1+P2 (protect),coarse,1.1856868528308274e-06,5,100.0,True,True,0.0016421422563434776,0.0026273532308601663,54.59599003387384,9.97372646769137,7.235186335504399,0.13003880605060503,2.661048390753627,49.86863233845677,1.094796217055496,0.4986863233845685,5.430984882675274,5.945821704438476,8.381879960548726e-11,8.383748032280679e-11,0.0006501940302530251,0.20476077772459167,0.000650194030253026,,0.0,1.0989463329315186,ok
B_alpha0.005,0.8,0.5,0.005,17.78279410038923,0.00028117066259517455,0.6,20,200,5,1.0,predictive,P1+P2 (protect),coarse,4.9999999999999996e-06,5,100.0,True,True,0.0054626967048907685,0.008739748211875602,56.42618979863788,9.91260251788115,4.711811765474417,0.30459517162399063,5.070990545020443,49.563012589405666,1.138473770068998,0.49563012589405747,4.904390179849985,5.583519577943183,3.577460377329852e-08,3.580818228378856e-08,0.0015229758581199531,0.3433897059409296,0.001522975858119945,,0.0,1.2054007053375244,ok
B_alpha0.005,0.8,0.5,0.005,17.78279410038923,0.00028117066259517455,0.6,20,200,5,1.0,predictive,P1+P2 (protect),coarse,2.108482517142911e-05,5,100.0,True,True,0.008542832183079063,0.013655711670840759,58.52474767579286,9.863442883291427,3.0672119948053487,0.6140380573898054,6.455307064513419,49.31721441645714,1.186700189138484,0.49317214416457134,4.631249503561478,5.495904661823917,1.0647081740500192e-06,1.068899411146717e-06,0.0030701902869490275,0.664072278889215,0.003070190286949019,,0.0,1.191767930984497,ok
B_alpha0.005,0.8,0.5,0.005,17.78279410038923,0.00028117066259517455,0.6,20,200,5,1.0,predictive,P1+P2 (protect),coarse,8.891397050194613e-05,5,100.0,True,True,0.010318098877375222,0.016283962081511165,62.49711767508745,9.837160379184693,2.256536872254565,1.2886892133737444,6.6176135351869965,49.1858018959235,1.2706332979450152,0.49185801895923464,4.692144569748284,5.961995129094056,6.9488544361156445e-06,7.061620921134586e-06,0.006443446066868723,1.1080639878460203,0.006443446066868737,,0.0,1.1640939712524414,ok
B_alpha0.005,0.8,0.5,0.005,17.78279410038923,0.00028117066259517455,0.6,20,200,5,1.0,predictive,P1+P2 (protect),coarse,0.0003749471046662279,5,100.0,True,True,0.012738706202231283,0.01843615767321445,71.31452834853627,9.815638423267622,1.6857684992557047,2.6378186027659196,5.8607744747107535,49.07819211633808,1.4530797748109336,0.4907819211633811,5.062539916858187,7.356274362359657,1.5281867738528223e-05,1.6238345933027815e-05,0.013189093013829598,1.613626869974554,0.013189093013829638,,0.0,1.114438533782959,ok
B_alpha0.005,0.8,0.5,0.005,17.78279410038923,0.00028117066259517455,0.6,20,200,5,1.0,predictive,P1+P2 (protect),coarse,0.0015811388300841895,5,100.0,True,True,0.019433868533178685,0.022470484021713515,86.52334181125414,9.775295159782598,1.1175174950669808,4.557876845852535,4.549310499297887,48.87647579891297,1.770245100469753,0.4887647579891299,5.6410845473558675,9.986102281292359,1.4514727861081535e-05,1.736149546749175e-05,0.022789384229262674,2.0250910682237073,0.02278938422926257,,0.0,1.0766360759735107,ok
B_alpha0.005,0.8,0.5,0.005,17.78279410038923,0.00028117066259517455,0.6,20,200,5,1.0,predictive,P1+P2 (protect),coarse,0.0066676071608166194,5,100.0,True,True,0.03449482815384126,0.032213714099291774,105.29717475434586,9.677862859006693,0.6053682508960454,6.406412230371588,3.3103566597256737,48.389314295033365,2.1760418862797044,0.48389314295033464,6.183929561087583,13.456489746729847,9.116253290828052e-06,1.288070366824532e-05,0.03203206115185794,2.1464573589575826,0.03203206115185786,,0.0,1.1659595966339111,ok
B_alpha0.005,0.8,0.5,0.005,17.78279410038923,0.00028117066259517455,0.6,20,200,5,1.0,predictive,P1+P2 (protect),coarse,0.02811706625951745,5,100.0,True,True,0.055711161516563294,0.050515046261451466,122.90156392680295,9.494849537384866,0.2547507956950373,7.7563334822691,2.494066184650997,47.47424768692444,2.588804876641637,0.4747424768692433,6.54356851422875,16.94002208027406,5.77175260995135e-06,9.062688892570363e-06,0.0387816674113455,1.889504810617761,0.03878166741134555,,0.0,1.0473806858062744,ok
B_alpha0.005,0.8,0.5,0.005,17.78279410038923,0.00028117066259517455,0.6,20,200,5,1.0,predictive,P1+P2 (protect),coarse,2.811706625951745e-07,10,3.0,True,True,8.90530007335162e-06,1.4248271651319486e-05,52.892470602818726,9.999857517283484,9.962281731534326,0.0014562980515323539,0.036404453130657544,49.999287586417424,1.0578644847969243,0.4999928758641742,6.007665179543025,6.355295629989704,4.6125823361812335e-21,4.6732240105463625e-21,7.281490257661769e-06,0.006945696971928587,7.28149025766176e-06,,0.0,1.4193508625030518,ok
B_alpha0.005,0.8,0.5,0.005,17.78279410038923,0.00028117066259517455,0.6,20,200,5,1.0,predictive,P1+P2 (protect),coarse,1.1856868528308274e-06,10,3.0,True,True,1.1647398480591232e-05,1.863555765298316e-05,52.94388001587939,9.999813644423474,9.845812876420876,0.006067963858099825,0.1483055152975492,49.99906822211737,1.0588973334598935,0.4999906822211737,5.983108602247738,6.3354977447210805,1.1462982470381e-14,1.2087500423614038e-14,3.0339819290499123e-05,0.027438961837726195,3.033981929049916e-05,,0.0,1.327690839767456,ok
B_alpha0.005,0.8,0.5,0.005,17.78279410038923,0.00028117066259517455,0.6,20,200,5,1.0,predictive,P1+P2 (protect),coarse,4.9999999999999996e-06,10,3.0,True,True,4.766506172936487e-05,7.626273272572765e-05,53.16373105485704,9.999237372672745,9.418728854524165,0.024432756958725606,0.5576010158443641,49.99618686336371,1.0633557155098652,0.49996186863363723,5.893451700173237,6.266835549460544,2.163851007981299e-09,2.627433780111738e-09,0.00012216378479362804,0.09057800466855943,0.00012216378479362823,,0.0,1.4658396244049072,ok
B_alpha0.005,0.8,0.5,0.005,17.78279410038923,0.00028117066259517455,0.6,20,200,5,1.0,predictive,P1+P2 (protect),coarse,2.108482517142911e-05,10,3.0,True,True,0.0006722017060114648,0.00107549661479159,54.019341157998994,9.989245033852066,8.138222934285917,0.08786872089174029,1.7846633109702772,49.94622516926037,1.0815500265522657,0.49946225169260333,5.624678664808267,6.083371359271344,3.069122037016859e-06,5.242929158221956e-06,0.00043934360445870143,0.19918450006222105,0.0004393436044587017,,0.0,1.289194107055664,ok
B_alpha0.005,0.8,0.5,0.005,17.78279410038923,0.00028117066259517455,0.6,20,200,5,1.0,predictive,P1+P2 (protect),coarse,8.891397050194613e-05,10,3.0,True,True,0.0037512751041184514,0.006001815975288703,55.90275976550669,9.93998184024705,5.634845158503718,0.24297092577582818,4.182202075473403,49.699909201235236,1.1248060743764354,0.4969990920123525,5.099740030585818,5.736218564143597,5.019122964704162e-05,0.00013193123213857232,0.0012148546288791408,0.3591993129884504,0.0012148546288791389,,0.0,1.4149534702301025,ok
B_alpha0.005,0.8,0.5,0.005,17.78279410038923,0.00028117066259517455,0.6,20,200,5,1.0,predictive,P1+P2 (protect),coarse,0.0003749471046662279,10,3.0,True,True,0.007572507348996477,0.012112885537373044,58.538003157114275,9.878871144626137,3.3141837840787973,0.5399746168222969,6.2669704544727685,49.394355723130644,1.1851152282507007,0.49394355723130684,4.6649177208721495,5.528465029542136,0.00010747832742920165,0.0003792701894930817,0.0026998730841114845,0.7950005129910107,0.0026998730841114797,,0.0,1.283923864364624,ok
B_alpha0.005,0.8,0.5,0.005,17.78279410038923,0.00028117066259517455,0.6,20,200,5,1.0,predictive,P1+P2 (protect),coarse,0.0015811388300841895,10,3.0,True,True,0.010283934611812626,0.016384068546930173,63.74322192268256,9.836159314530494,1.9188698335096908,1.1942468334359295,7.050724018523885,49.18079657265255,1.2960998268606245,0.49180796572652474,4.5800861115142,5.9362488161403055,0.00012174224626345741,0.0004931381215329637,0.0059712341671796475,1.524826950387354,0.0059712341671796345,,0.0,1.3041493892669678,ok
B_alpha0.005,0.8,0.5,0.005,17.78279410038923,0.00028117066259517455,0.6,20,200,5,1.0,predictive,P1+P2 (protect),coarse,0.0066676071608166194,10,3.0,True,True,0.014728220433739439,0.022733323022670344,75.85054683992368,9.772666769773021,1.027259170922556,2.602860399904909,6.597213659399514,48.86333384886512,1.5522998711985216,0.4886333384886511,4.884688047105586,7.582500626366959,0.00010681178430887145,0.00045045564439850856,0.013014301999524545,2.1533623780374835,0.013014301999524556,,0.0,1.248443365097046,ok
B_alpha0.005,0.8,0.5,0.005,17.78279410038923,0.00028117066259517455,0.6,20,200,5,1.0,predictive,P1+P2 (protect),coarse,0.02811706625951745,10,3.0,True,True,0.026712395511024327,0.037907484380802915,96.75488221877795,9.620925156191529,0.4471552827331432,4.80068209988377,5.131237461191558,48.10462578095769,2.0113425818828126,0.48104625780957644,5.523108762060395,11.10886383750214,7.63591834802221e-05,0.00031911902002770885,0.02400341049941885,2.193078864384861,0.024003410499418815,,0.0,1.382340908050537,ok
B_alpha0.005,0.8,0.5,0.005,17.78279410038923,0.00028117066259517455,0.6,20,200,5,1.0,predictive,P1+P2 (protect),coarse,2.811706625951745e-07,10,10.0,True,True,1.064015820454123e-05,1.7023999801380306e-05,52.92689684512026,9.999829760001987,9.879506078685468,0.004553023207384999,0.11611113810515938,49.999148800009934,1.0585559577588197,0.49999148800009935,5.990145856109557,6.340904583829077,1.140232633112348e-15,1.1895711481694504e-15,2.2765116036924996e-05,0.020847362606308952,2.276511603692499e-05,,0.0,1.3292796611785889,ok
B_alpha0.005,0.8,0.5,0.005,17.78279410038923,0.00028117066259517455,0.6,20,200,5,1.0,predictive,P1+P2 (protect),coarse,1.1856868528308274e-06,10,10.0,True,True,3.217994661608285e-05,5.1487031921425366e-05,53.09118515643251,9.999485129680787,9.537107263702936,0.018495015019835862,0.4449125915964416,49.9974256484039,1.0618783760944974,0.49997425648403937,5.918017128208758,6.284214417801738,3.918025576329537e-10,4.5940056148568653e-10,9.247507509917931e-05,0.07148022611117327,9.24750750991794e-05,,0.0,1.4189398288726807,ok
B_alpha0.005,0.8,0.5,0.005,17.78279410038923,0.00028117066259517455,0.6,20,200,5,1.0,predictive,P1+P2 (protect),coarse,4.9999999999999996e-06,10,10.0,True,True,0.0004429520264802961,0.0007087069103116879,53.75932312082952,9.99291293089687,8.467619293326369,0.06821694658087508,1.4712508291958866,49.964564654484356,1.0759489949044234,0.49964564654484345,5.692976912476991,6.125352786993706,1.3338935452528013e-06,2.126915903519603e-06,0.00034108473290437544,0.16391851033514523,0.00034108473290437517,,0.0,1.306889295578003,ok
B_alpha0.005,0.8,0.5,0.005,17.78279410038923,0.00028117066259517455,0.6,20,200,5,1.0,predictive,P1+P2 (protect),coarse,2.108482517142911e-05,10,10.0,True,True,0.0030491144678908254,0.004878418986264793,55.37593110974971,9.951215810137299,6.169268607022831,0.19539245220387783,3.6841231306359923,49.75607905068649,1.1129480490883994,0.49756079050686497,5.206634740996101,5.794713977307494,3.8406562831886746e-05,9.462007745988701e-05,0.000976962261019389,0.26551409172807466,0.000976962261019386,,0.0,1.3904004096984863,ok
B_alpha0.005,0.8,0.5,0.005,17.78279410038923,0.00028117066259517455,0.6,20,200,5,1.0,predictive,P1+P2 (protect),coarse,8.891397050194613e-05,10,10.0,True,True,0.006937604619159639,0.011098339185273493,57.43351855534985,9.889016608147147,3.813982976717936,0.4259514741209117,5.871048941014006,49.445083040735675,1.1615617777005824,0.4944508304073573,4.73861049132299,5.504188826131762,0.00010050333097677329,0.00034213493186790035,0.0021297573706045587,0.5352954125371301,0.0021297573706045574,,0.0,1.3246726989746094,ok
B_alpha0.005,0.8,0.5,0.005,17.78279410038923,0.00028117066259517455,0.6,20,200,5,1.0,predictive,P1+P2 (protect),coarse,0.0003749471046662279,10,10.0,True,True,0.009444008160476917,0.015066682164110966,60.64608648040047,9.849333178358702,2.4186458816848155,0.8980248960757299,6.833996043880752,49.246665891793484,1.23147598689532,0.49246665891793506,4.586409175983372,5.648052766299874,0.00012144830356980689,0.00048493408322419605,0.00449012448037865,1.0882203654197482,0.004490124480378657,,0.0,1.2948453426361084,ok
B_alpha0.005,0.8,0.5,0.005,17.78279410038923,0.00028117066259517455,0.6,20,200,5,1.0,predictive,P1+P2 (protect),coarse,0.0015811388300841895,10,10.0,True,True,0.01165212920556274,0.01806023867480682,68.32807808219654,9.81939761325171,1.5128926259205524,1.9769447933382287,6.6907649674895096,49.0969880662586,1.3916959221609424,0.49096988066258546,4.776479239725851,6.647406680212865,0.00011058188351494688,0.0004653398647191491,0.009884723966691144,1.8261259885390733,0.009884723966691185,,0.0,1.2550253868103027,ok
B_alpha0.005,0.8,0.5,0.005,17.78279410038923,0.00028117066259517455,0.6,20,200,5,1.0,predictive,P1+P2 (protect),coarse,0.0066676071608166194,10,10.0,True,True,0.01778723676583987,0.024672065379036358,84.71194141091274,9.753279346209325,0.8013213964755078,3.9175118940145164,5.52788736330065,48.766396731046775,1.7370965888275582,0.48766396731046624,5.320712581687476,9.242591675781187,8.173729258504679e-05,0.0003428161621054787,0.019587559470072582,2.311098798635193,0.019587559470072638,,0.0,1.3782472610473633,ok
B_alpha0.005,0.8,0.5,0.005,17.78279410038923,0.00028117066259517455,0.6,20,200,5,1.0,predictive,P1+P2 (protect),coarse,0.02811706625951745,10,10.0,True,True,0.03432922704295874,0.04142581690164732,108.03610138641434,9.585741830983036,0.32977603532713196,6.213914526240377,3.8705676074494546,47.92870915491501,2.254099959947188,0.4792870915491518,6.014748313446235,13.557843932431576,5.1079797440142826e-05,0.00020771480067287656,0.03106957263120189,2.124371235237783,0.031069572631201876,,0.0,1.5795915126800537,ok
B_alpha0.005,0.8,0.5,0.005,17.78279410038923,0.00028117066259517455,0.6,20,200,5,1.0,predictive,P1+P2 (protect),coarse,2.811706625951745e-07,10,30.0,True,True,2.0696288130952386e-05,3.311352432593226e-05,53.026186015898624,9.999668864756732,9.661832354310325,0.013122126398540143,0.3253766545344021,49.998344323783655,1.0605588391588932,0.4999834432378366,5.944202593998716,6.304176602816559,2.667695435646794e-11,3.001996510797312e-11,6.561063199270072e-05,0.05380300863766157,6.561063199270074e-05,,0.0,1.2729456424713135,ok
B_alpha0.005,0.8,0.5,0.005,17.78279410038923,0.00028117066259517455,0.6,20,200,5,1.0,predictive,P1+P2 (protect),coarse,1.1856868528308274e-06,10,30.0,True,True,0.00023511133703544107,0.00037617008876872756,53.50972227639696,9.996238299112308,8.83137238847706,0.050035324997104155,1.1223539874135273,49.98119149556153,1.0705971721612273,0.4998119149556154,5.7694495915644195,6.176756417655615,3.174518627463366e-07,4.615590460253245e-07,0.00025017662498552076,0.13760415612774923,0.0002501766249855212,,0.0,1.3073022365570068,ok
B_alpha0.005,0.8,0.5,0.005,17.78279410038923,0.00028117066259517455,0.6,20,200,5,1.0,predictive,P1+P2 (protect),coarse,4.9999999999999996e-06,10,30.0,True,True,0.0021655798751965835,0.003464823411496222,54.8918812763594,9.965351765885007,6.817184943527707,0.15382772727889688,3.06363556330839,49.82675882942498,1.1016546643997889,0.49826758829425033,5.342484222880293,5.885572663618356,2.3560797451476027e-05,5.2515531041468755e-05,0.0007691386363944844,0.2228438012709592,0.0007691386363944848,,0.0,1.401170253753662,ok
B_alpha0.005,0.8,0.5,0.005,17.78279410038923,0.00028117066259517455,0.6,20,200,5,1.0,predictive,P1+P2 (protect),coarse,2.108482517142911e-05,10,30.0,True,True,0.006085724988914312,0.009736275733880598,56.77949135138115,9.902637242661076,4.341046776999034,0.3467306597801478,5.409585320559742,49.51318621330544,1.1467549494143252,0.49513186213305377,4.832845404289509,5.54208938712327,8.873934123540714e-05,0.00028444279090560195,0.001733653298900739,0.40046458690080056,0.0017336532989007335,,0.0,1.2969105243682861,ok
B_alpha0.005,0.8,0.5,0.005,17.78279410038923,0.00028117066259517455,0.6,20,200,5,1.0,predictive,P1+P2 (protect),coarse,8.891397050194613e-05,10,30.0,True,True,0.008902403813050222,0.014222441356414893,59.15776958461545,9.857775586435688,2.8290171490963787,0.7063476734604952,6.606859591007439,49.28887793217843,1.2002255288914596,0.4928887793217844,4.61009138388612,5.533149369462679,0.00011977613572647746,0.00046603900618034894,0.003531738367302476,0.7928775139619907,0.0035317383673024753,,0.0,1.4086062908172607,ok
B_alpha0.005,0.8,0.5,0.005,17.78279410038923,0.00028117066259517455,0.6,20,200,5,1.0,predictive,P1+P2 (protect),coarse,0.0003749471046662279,10,30.0,True,True,0.01066950376364495,0.016734440732287602,64.21080935275812,9.832655592676932,1.9797351288133431,1.5159785602439808,6.671630718265743,49.16327796338464,1.3060725812583214,0.4916327796338466,4.713463957053949,6.156126037057513,0.00011516682434530343,0.0004818583528127705,0.007579892801219904,1.3723336233103542,0.007579892801219908,,0.0,1.2624146938323975,ok
B_alpha0.005,0.8,0.5,0.005,17.78279410038923,0.00028117066259517455,0.6,20,200,5,1.0,predictive,P1+P2 (protect),coarse,0.0015811388300841895,10,30.0,True,True,0.013921034082223937,0.019687137898726535,75.62675326925314,9.803128621012489,1.2780011997182759,3.0958399767172944,5.823030202551941,49.01564310506253,1.5429105583119873,0.49015643105062445,5.13805594801649,7.92756077139235,8.939521494456447e-05,0.0003763973662120708,0.015479199883586472,2.011788835034668,0.015479199883586396,,0.0,1.4178078174591064,ok
B_alpha0.005,0.8,0.5,0.005,17.78279410038923,0.00028117066259517455,0.6,20,200,5,1.0,predictive,P1+P2 (protect),coarse,0.0066676071608166194,10,30.0,True,True,0.023738882722061417,0.02752995423445948,94.95676613721103,9.724700457655086,0.6757346695748452,5.2465384455300725,4.353026427239996,48.62350228827537,1.95289852989689,0.4862350228827543,5.781324035459606,11.29033920970662,5.7532619923698086e-05,0.00023607739511098487,0.026232692227650362,2.2820523568965325,0.026232692227650522,,0.0,1.4815118312835693,ok
B_alpha0.005,0.8,0.5,0.005,17.78279410038923,0.00028117066259517455,0.6,20,200,5,1.0,predictive,P1+P2 (protect),coarse,0.02811706625951745,10,30.0,True,True,0.044829383376637735,0.04593785912171835,116.87020371045314,9.54062140878231,0.2778736680714182,7.169326068513061,3.0121788546332118,47.703107043911444,2.4499495096382784,0.47703107043911547,6.345291017546408,15.545642616949996,3.556797627715801e-05,0.00013989111957549063,0.03584663034256531,1.9941825091103187,0.035846630342565446,,0.0,1.274068832397461,ok
B_alpha0.005,0.8,0.5,0.005,17.78279410038923,0.00028117066259517455,0.6,20,200,5,1.0,predictive,P1+P2 (protect),coarse,2.811706625951745e-07,10,100.0,True,True,0.0001491583646427878,0.00023864852173086313,53.377602281416756,9.997613514782685,9.035883084531308,0.0403535612024573,0.9261498394835499,49.98806757391347,1.0678068761608246,0.49988067573913425,5.812461654502142,6.206586522098511,9.884823844233607e-08,1.3573037185653653e-07,0.00020176780601228648,0.12126584636244661,0.00020176780601228659,,0.0,1.2906553745269775,ok
B_alpha0.005,0.8,0.5,0.005,17.78279410038923,0.00028117066259517455,0.6,20,200,5,1.0,predictive,P1+P2 (protect),coarse,1.1856868528308274e-06,10,100.0,True,True,0.001641420826436827,0.0026261990071423835,54.59583304533478,9.97373800992855,7.235201685109812,0.13003904681822118,2.6610212581434176,49.86869004964272,1.0947918020502712,0.4986869004964275,5.430992775536202,5.945806367651283,1.533628217146516e-05,3.180504236475491e-05,0.0006501952340911059,0.2047325473122862,0.0006501952340911057,,0.0,1.4572420120239258,ok
B_alpha0.005,0.8,0.5,0.005,17.78279410038923,0.00028117066259517455,0.6,20,200,5,1.0,predictive,P1+P2 (protect),coarse,4.9999999999999996e-06,10,100.0,True,True,0.005457933816441251,0.008732128176502521,56.425269586242756,9.912678718234869,4.711869911628708,0.30459813270875624,5.070853237427667,49.563393591174346,1.1384464520663955,0.49563393591174343,4.9044330600422805,5.58343441660227,7.91620304086436e-05,0.0002419770477465443,0.0015229906635437812,0.3432203189257161,0.001522990663543777,,0.0,1.253687858581543,ok
B_alpha0.005,0.8,0.5,0.005,17.78279410038923,0.00028117066259517455,0.6,20,200,5,1.0,predictive,P1+P2 (protect),coarse,2.108482517142911e-05,10,100.0,True,True,0.008535072013608145,0.013643296816605987,58.52337625861571,9.863567031833783,3.0672680611747487,0.614044373305695,6.455120533685772,49.31783515916888,1.186657444912916,0.49317835159168916,4.63131120348863,5.4957799193283785,0.00011753193593457349,0.00044747061336484817,0.003070221866528475,0.6638164912398078,0.003070221866528476,,0.0,1.2858257293701172,ok
B_alpha0.005,0.8,0.5,0.005,17.78279410038923,0.00028117066259517455,0.6,20,200,5,1.0,predictive,P1+P2 (protect),coarse,8.891397050194613e-05,10,100.0,True,True,0.010310464531140661,0.0162717493046153,62.495849305966765,9.837282506953656,2.2565772128047805,1.2886965165411541,6.617443763700409,49.18641253476827,1.2705917363212957,0.4918641253476828,4.692202333535783,5.961873510138066,0.00011762312415491252,0.0004891717684366912,0.006443482582705771,1.1078258426033127,0.006443482582705752,,0.0,1.2362115383148193,ok
B_alpha0.005,0.8,0.5,0.005,17.78279410038923,0.00028117066259517455,0.6,20,200,5,1.0,predictive,P1+P2 (protect),coarse,0.0003749471046662279,10,100.0,True,True,0.01273310797109715,0.018427202898118243,71.3136488056954,9.815727971018584,1.6857916004994327,2.6378252384947576,5.860655189987226,49.07863985509299,1.4530485974397889,0.4907863985509292,5.062581291286292,7.356176644728461,9.446511776061552e-05,0.00039842804390289053,0.013189126192473788,1.6134604930234713,0.013189126192473755,,0.0,1.4120779037475586,ok
B_alpha0.005,0.8,0.5,0.005,17.78279410038923,0.00028117066259517455,0.6,20,200,5,1.0,predictive,P1+P2 (protect),coarse,0.0015811388300841895,10,100.0,True,True,0.01943062750935742,0.022465300145380875,86.52287341895742,9.775346998545922,1.1175267475281068,4.557882297920477,4.549243956005494,48.87673499272952,1.770226129708292,0.4887673499272961,5.641108174806806,9.98603709155406,6.23726811693292e-05,0.00025740259918815135,0.022789411489602385,2.0249989410534073,0.022789411489602385,,0.0,1.5062713623046875,ok
B_alpha0.005,0.8,0.5,0.005,17.78279410038923,0.00028117066259517455,0.6,20,200,5,1.0,predictive,P1+P2 (protect),coarse,0.0066676071608166194,10,100.0,True,True,0.03449313412169753,0.03221100469081015,105.2969658241372,9.677889953091519,0.6053709359479209,6.406416706499886,3.310322404460674,48.38944976545754,2.1760314765823745,0.48389449765457593,6.183942036571795,13.45645252094114,3.8205099192153126e-05,0.0001514026937661009,0.03203208353249943,2.1464091994765626,0.03203208353249959,,0.0,1.2588067054748535,ok
B_alpha0.005,0.8,0.5,0.005,17.78279410038923,0.00028117066259517455,0.6,20,200,5,1.0,predictive,P1+P2 (protect),coarse,0.02811706625951745,10,100.0,True,True,0.05571015271598051,0.05051343290518982,122.9014679414529,9.494865670947505,0.25475148384157564,7.756337517847682,2.4940453273632377,47.474328354737516,2.588798455938312,0.4747432835473752,6.543576252660068,16.94000009920099,2.6863503688122186e-05,0.00010150413665136341,0.03878168758923841,1.8894736818688918,0.038781687589238494,,0.0,1.2976479530334473,ok
B_alpha0.005,0.8,0.5,0.005,17.78279410038923,0.00028117066259517455,0.6,20,200,5,1.0,predictive,P1+P2 (protect),coarse,2.811706625951745e-07,20,3.0,True,True,8.41549231225685e-06,1.3464591509326204e-05,52.87958303102393,9.999865354084907,9.97352635107607,0.0013450644220574703,0.02526323041696621,49.99932677042449,1.0576059008519123,0.49999326770424535,6.010162955636797,6.356383806963046,6.7900046580429056e-06,7.103279235632428e-06,6.7253221102873514e-06,3.98942122068635e-07,6.725322110287348e-06,,0.0,8.181947708129883,ok
B_alpha0.005,0.8,0.5,0.005,17.78279410038923,0.00028117066259517455,0.6,20,200,5,1.0,predictive,P1+P2 (protect),coarse,1.1856868528308274e-06,20,3.0,True,True,9.152587341220229e-06,1.4643923875598015e-05,52.89084782299108,9.999853560761247,9.88906935369458,0.005615034660864063,0.10546205088330929,49.99926780380623,1.0578324472776526,0.49999267803806235,5.992711459868058,6.339284629421062,2.4858503231537358e-05,2.9652834725508444e-05,2.8075173304320315e-05,1.6737134194157577e-06,2.8075173304320413e-05,,0.0,7.853716611862183,ok
B_alpha0.005,0.8,0.5,0.005,17.78279410038923,0.00028117066259517455,0.6,20,200,5,1.0,predictive,P1+P2 (protect),coarse,4.9999999999999996e-06,20,3.0,True,True,2.909229506358474e-05,4.654683021152539e-05,52.96546117074094,9.999534531697886,9.5511307194818,0.022714915007558234,0.42661983381275626,49.997672658489414,1.059358533196597,0.49997672658489434,5.9227858237187725,6.274353702652316,6.725855553675975e-05,0.0001199529813493787,0.00011357457503779117,7.120453818205615e-06,0.00011357457503779103,,0.0,8.070818901062012,ok
B_alpha0.005,0.8,0.5,0.005,17.78279410038923,0.00028117066259517455,0.6,20,200,5,1.0,predictive,P1+P2 (protect),coarse,2.108482517142911e-05,20,3.0,True,True,0.000555121285162352,0.0008881720317833714,53.50708020300445,9.991118279682153,8.394152265600397,0.08178959129099166,1.5329398634264582,49.955591398410775,1.07109291883404,0.49955591398410765,5.6808319226207455,6.084698845405445,0.00011236865492847084,0.0004310177171181706,0.0004089479564549583,0.0006593913616750985,0.000408947956454959,,0.0,8.066839694976807,ok
B_alpha0.005,0.8,0.5,0.005,17.78279410038923,0.00028117066259517455,0.6,20,200,5,1.0,predictive,P1+P2 (protect),coarse,8.891397050194613e-05,20,3.0,True,True,0.0034914169059046527,0.005586055905136474,55.03921078691976,9.944139440948577,5.982620278178332,0.22037202449233767,3.852868256380753,49.72069720474282,1.1069677997530094,0.49720697204742886,5.171260364090168,5.72441870718684,0.00013295030661961504,0.001083313520538498,0.0011018601224616884,0.04225356628294023,0.0011018601224616906,,0.0,7.96500039100647,ok
B_alpha0.005,0.8,0.5,0.005,17.78279410038923,0.00028117066259517455,0.6,20,200,5,1.0,predictive,P1+P2 (protect),coarse,0.0003749471046662279,20,3.0,True,True,0.007219344685598421,0.01154788093135483,56.91133229246667,9.88452119068632,3.822534116022364,0.45517458943239075,5.837770103858926,49.42260595343157,1.1515243114879727,0.494226059534316,4.749836645574285,5.46955237297527,0.00013859899861626802,0.0016414096881803156,0.002275872947161954,0.2617851091114877,0.002275872947161956,,0.0,8.181660175323486,ok
B_alpha0.005,0.8,0.5,0.005,17.78279410038923,0.00028117066259517455,0.6,20,200,5,1.0,predictive,P1+P2 (protect),coarse,0.0015811388300841895,20,3.0,True,True,0.009436335530498005,0.015028371999240573,59.65149208729209,9.849716280007403,2.7479812635583127,0.9205223147808828,6.481780141653402,49.248581400036905,1.2112326972985132,0.49248581400037017,4.6693059041520915,5.655615984798011,0.00013864033629051569,0.0018224864172249236,0.004602611573904414,0.6217886274011452,0.00460261157390443,,0.0,7.90075945854187,ok
B_alpha0.005,0.8,0.5,0.005,17.78279410038923,0.00028117066259517455,0.6,20,200,5,1.0,predictive,P1+P2 (protect),coarse,0.0066676071608166194,20,3.0,True,True,0.011210580378996068,0.017107088691788567,65.57064236876298,9.828929113081912,2.2482210326046665,1.915955847239771,6.006894007073649,49.14464556540942,1.334237771264242,0.4914464556540956,4.923013533684968,6.568470605087532,0.00013237028335814414,0.001688962368107881,0.009579779236198856,0.9802560167432637,0.009579779236198906,,0.0,8.320176839828491,ok
B_alpha0.005,0.8,0.5,0.005,17.78279410038923,0.00028117066259517455,0.6,20,200,5,1.0,predictive,P1+P2 (protect),coarse,0.02811706625951745,20,3.0,True,True,0.015275497816758177,0.01961140467979894,76.58073181863217,9.803885953201746,1.9741047551292201,3.5228647642738244,4.699144527395209,49.01942976600867,1.562252604409838,0.4901942976600873,5.455926078256555,8.523534725223856,0.00011438770784605208,0.0013212615803981907,0.017614323821369123,1.1487953829718756,0.017614323821369307,,0.0,8.00819182395935,ok
B_alpha0.005,0.8,0.5,0.005,17.78279410038923,0.00028117066259517455,0.6,20,200,5,1.0,predictive,P1+P2 (protect),coarse,2.811706625951745e-07,20,10.0,True,True,8.878872880585551e-06,1.420598822190738e-05,52.887530152803606,9.999857940117789,9.91209691868681,0.004450745735025119,0.08359439546037706,49.99928970058891,1.0577656296621485,0.49999289700588945,5.99747009939966,6.34391773607139,2.03885190689937e-05,2.350429156083853e-05,2.2253728675125595e-05,1.3247498398251906e-06,2.2253728675125605e-05,,0.0,8.087161779403687,ok
B_alpha0.005,0.8,0.5,0.005,17.78279410038923,0.00028117066259517455,0.6,20,200,5,1.0,predictive,P1+P2 (protect),coarse,1.1856868528308274e-06,20,10.0,True,True,1.978485435139233e-05,3.1655226682329294e-05,52.94063300348217,9.999683447733181,9.641118104102278,0.018158129532386904,0.3410403186321549,49.998417238665866,1.0588461780854328,0.49998417238665904,5.941428627088532,6.291058994160073,5.8984304761220705e-05,9.589053236147567e-05,9.079064766193452e-05,5.545657094512253e-06,9.079064766193492e-05,,0.0,7.944870710372925,ok
B_alpha0.005,0.8,0.5,0.005,17.78279410038923,0.00028117066259517455,0.6,20,200,5,1.0,predictive,P1+P2 (protect),coarse,4.9999999999999996e-06,20,10.0,True,True,0.00035710079866627955,0.0005713478124285312,53.350549287158344,9.994286521875706,8.674657741592226,0.06734465881002062,1.2637110777220482,49.97143260937852,1.067620968648108,0.4997143260937853,5.739870781924527,6.128006404113236,0.00010654047376697715,0.0003553184810519707,0.0003367232940501031,0.00024307755948065524,0.000336723294050103,,0.0,7.949882984161377,ok
B_alpha0.005,0.8,0.5,0.005,17.78279410038923,0.00028117066259517455,0.6,20,200,5,1.0,predictive,P1+P2 (protect),coarse,2.108482517142911e-05,20,10.0,True,True,0.002844213850902202,0.004550587509228931,54.74661420937395,9.95449412490765,6.416171233448915,0.19196845329008808,3.437366188353347,49.77247062453828,1.0999376467035047,0.49772470624538256,5.26227823636206,5.788177939603154,0.0001310188754971097,0.0009664865287615545,0.0009598422664504404,0.02640328134181585,0.0009598422664504378,,0.0,8.12953233718872,ok
B_alpha0.005,0.8,0.5,0.005,17.78279410038923,0.00028117066259517455,0.6,20,200,5,1.0,predictive,P1+P2 (protect),coarse,8.891397050194613e-05,20,10.0,True,True,0.006707048622811677,0.010729476522663307,56.58732290572782,9.892705234773233,4.094651595798979,0.40712117525624886,5.605521994171539,49.46352617386621,1.144021206794299,0.4946352617386617,4.796232997835984,5.486992262250961,0.00013816436457160183,0.0015761083332930365,0.0020356058762812444,0.21250822531906988,0.0020356058762812466,,0.0,8.089404582977295,ok
B_alpha0.005,0.8,0.5,0.005,17.78279410038923,0.00028117066259517455,0.6,20,200,5,1.0,predictive,P1+P2 (protect),coarse,0.0003749471046662279,20,10.0,True,True,0.009155773720594894,0.014605701579724637,59.06122175604762,9.853942984202577,2.869309597411144,0.8169424375749639,6.459804980811315,49.269714921012756,1.198732768207249,0.49269714921012886,4.659321314340705,5.585281137106671,0.00013895122456210492,0.0018163076466903214,0.00408471218787482,0.5595848214480955,0.004084712187874785,,0.0,8.004215717315674,ok
B_alpha0.005,0.8,0.5,0.005,17.78279410038923,0.00028117066259517455,0.6,20,200,5,1.0,predictive,P1+P2 (protect),coarse,0.0015811388300841895,20,10.0,True,True,0.010853932856526482,0.016784203904910942,64.27368618979658,9.832157960950685,2.309962684534734,1.7067194341557628,6.151159920358818,49.160789804753264,1.307417688874927,0.49160789804753424,4.8594869850909435,6.353379243165388,0.0001340643593730922,0.0017295257105361746,0.008533597170778813,0.9284571697134577,0.008533597170778845,,0.0,7.978801012039185,ok
B_alpha0.005,0.8,0.5,0.005,17.78279410038923,0.00028117066259517455,0.6,20,200,5,1.0,predictive,P1+P2 (protect),coarse,0.0066676071608166194,20,10.0,True,True,0.014304797770485846,0.01910247444965237,74.46827004887656,9.8089752555032,2.0083079668464188,3.234188630262318,4.948528147388064,49.04487627751601,1.518370025596651,0.49044876277516,5.357018935395068,8.133936978057553,0.00011817704504962986,0.0013913809380719688,0.01617094315131159,1.1417226938157157,0.0161709431513118,,0.0,8.43003535270691,ok
B_alpha0.005,0.8,0.5,0.005,17.78279410038923,0.00028117066259517455,0.6,20,200,5,1.0,predictive,P1+P2 (protect),coarse,0.02811706625951745,20,10.0,True,True,0.02292337552180569,0.0231765230200046,87.89685599936229,9.768234769799674,1.85122112347548,4.939296755608393,3.441247351116452,48.84117384899831,1.7996466725208526,0.4884117384899837,5.947350973725512,10.70313039017877,9.28759897704628e-05,0.0009675777978673015,0.024696483778041966,1.0818573688799191,0.024696483778042223,,0.0,8.147817373275757,ok
B_alpha0.005,0.8,0.5,0.005,17.78279410038923,0.00028117066259517455,0.6,20,200,5,1.0,predictive,P1+P2 (protect),coarse,2.811706625951745e-07,20,30.0,True,True,1.3303225107286977e-05,2.1284822208818192e-05,52.917218376153954,9.999787151777914,9.741488696840754,0.013078849860586675,0.24564530152074404,49.99893575888956,1.058366894674264,0.49998935758889573,5.962200311438956,6.310195429043577,4.762864720386171e-05,6.906825219198294e-05,6.539424930293338e-05,3.942241844447789e-06,6.539424930293328e-05,,0.0,8.453858137130737,ok
B_alpha0.005,0.8,0.5,0.005,17.78279410038923,0.00028117066259517455,0.6,20,200,5,1.0,predictive,P1+P2 (protect),coarse,1.1856868528308274e-06,20,30.0,True,True,0.00017779653823084312,0.00028446821888807576,53.17922957846597,9.99715531781111,9.010132738407552,0.05019522044150176,0.9425167233398355,49.98577658905554,1.063887233675782,0.4998577658905555,5.8101806795641,6.181377050337926,9.677433647657725e-05,0.00026500805160849423,0.0002509761022075088,5.5119558816136206e-05,0.000250976102207509,,0.0,7.9615747928619385,ok
B_alpha0.005,0.8,0.5,0.005,17.78279410038923,0.00028117066259517455,0.6,20,200,5,1.0,predictive,P1+P2 (protect),coarse,4.9999999999999996e-06,20,30.0,True,True,0.001989114061675945,0.003182485554410417,54.3397043784922,9.968175144455863,7.039933077541841,0.1547259012332735,2.8371658767690224,49.84087572227933,1.0902638364799409,0.49840875722279315,5.39413275825471,5.881027875496905,0.00012739996703351597,0.0007977278094635675,0.0007736295061663676,0.011770388474410205,0.0007736295061663646,,0.0,8.018025875091553,ok
B_alpha0.005,0.8,0.5,0.005,17.78279410038923,0.00028117066259517455,0.6,20,200,5,1.0,predictive,P1+P2 (protect),coarse,2.108482517142911e-05,20,30.0,True,True,0.0058809499263905865,0.009408652296392166,56.138922254459,9.905913477035972,4.5481382701988915,0.3456876100610772,5.20026064270406,49.529567385179824,1.1334426125283867,0.49529567385179857,4.880402392824376,5.531656038312651,0.00013727100401696987,0.0014621607305767075,0.0017284380503053858,0.14945719444201194,0.0017284380503053782,,0.0,7.958115100860596,ok
B_alpha0.005,0.8,0.5,0.005,17.78279410038923,0.00028117066259517455,0.6,20,200,5,1.0,predictive,P1+P2 (protect),coarse,8.891397050194613e-05,20,30.0,True,True,0.008706698823250886,0.013909392610481656,58.33016941220359,9.860906073895002,3.076171068626311,0.6894333572474256,6.373489500231262,49.30453036947504,1.1830590206435962,0.4930453036947501,4.660663898350202,5.513840467131155,0.00013916303831429117,0.0017920382658234255,0.003447166786237128,0.4705628154378539,0.003447166786237114,,0.0,8.086092233657837,ok
B_alpha0.005,0.8,0.5,0.005,17.78279410038923,0.00028117066259517455,0.6,20,200,5,1.0,predictive,P1+P2 (protect),coarse,0.0003749471046662279,20,30.0,True,True,0.010411592872122297,0.016322252574879587,62.6447817665782,9.836777474250967,2.410439664364095,1.4366255526149658,6.316157308769972,49.18388737125482,1.273685044325929,0.49183887371254836,4.782340333045621,6.09119535907689,0.00013598309846925212,0.0017759181355621976,0.007183127763074829,0.8465805811480623,0.0071831277630748525,,0.0,8.30277132987976,ok
B_alpha0.005,0.8,0.5,0.005,17.78279410038923,0.00028117066259517455,0.6,20,200,5,1.0,predictive,P1+P2 (protect),coarse,0.0015811388300841895,20,30.0,True,True,0.013146861609510382,0.018449935907304364,71.59179408528503,9.815500640926707,2.0646419910196605,2.8275737796437186,5.292283588409914,49.07750320463347,1.4587497205547726,0.4907750320463354,5.219301578116211,7.613654718568106,0.00012313578569909833,0.0014880348831947721,0.014137868898218593,1.1169155602881717,0.014137868898218744,,0.0,8.0682954788208,ok
B_alpha0.005,0.8,0.5,0.005,17.78279410038923,0.00028117066259517455,0.6,20,200,5,1.0,predictive,P1+P2 (protect),coarse,0.0066676071608166194,20,30.0,True,True,0.020276947157908454,0.021992031269124388,84.73447062015076,9.780079687308477,1.8779497773718485,4.565287395988564,3.7766831393311096,48.90039843654246,1.7327971413179752,0.48900398436542386,5.817214050355782,10.08005187689126,9.902275913153766e-05,0.0010618925006977455,0.022826436979942823,1.1145140116497194,0.0228264369799432,,0.0,7.913769483566284,ok
B_alpha0.005,0.8,0.5,0.005,17.78279410038923,0.00028117066259517455,0.6,20,200,5,1.0,predictive,P1+P2 (protect),coarse,0.02811706625951745,20,30.0,True,True,0.033442660797171835,0.027714645098814022,96.75096167578867,9.722853549011527,1.7972263910137456,5.896377312580784,2.583542747393944,48.61426774505751,1.9901762623098462,0.4861426774505763,6.277951126437485,12.494229307777243,7.553882835076197e-05,0.0007264164261276935,0.02948188656290392,0.9524757161057972,0.029481886562904368,,0.0,7.99058723449707,ok
B_alpha0.005,0.8,0.5,0.005,17.78279410038923,0.00028117066259517455,0.6,20,200,5,1.0,predictive,P1+P2 (protect),coarse,2.811706625951745e-07,20,100.0,True,True,0.00010694808823938618,0.0001711133662230799,53.09465773027087,9.998288866337765,9.1970480266499,0.04068125725449004,0.7639818497578439,49.99144433168886,1.0620748898149943,0.4999144433168882,5.849195657304113,6.21228383323761,8.923140470478307e-05,0.0002148092829070982,0.0002034062862724502,2.304246946208467e-05,0.00020340628627245095,,0.0,8.147175788879395,ok
B_alpha0.005,0.8,0.5,0.005,17.78279410038923,0.00028117066259517455,0.6,20,200,5,1.0,predictive,P1+P2 (protect),coarse,1.1856868528308274e-06,20,100.0,True,True,0.0014836444184288462,0.0023737630384212706,54.078468099136124,9.976262369615744,7.451253503339646,0.13174760988549972,2.4407365171591104,49.88131184807875,1.0841428602327152,0.49881311848078724,5.481322967404261,5.9425371597409296,0.00012422002832896252,0.0006862635037498599,0.0006587380494274986,0.006091490505870221,0.0006587380494274958,,0.0,8.135081052780151,ok
B_alpha0.005,0.8,0.5,0.005,17.78279410038923,0.00028117066259517455,0.6,20,200,5,1.0,predictive,P1+P2 (protect),coarse,4.9999999999999996e-06,20,100.0,True,True,0.005259092852998156,0.008413996174953697,55.83666444878454,9.915860038250369,4.902147657132781,0.30780782322174083,4.87418448139511,49.57930019125172,1.1262092089520241,0.4957930019125184,4.949760328233554,5.574465663762021,0.00013643243525336362,0.0013704776802449755,0.001539039116108704,0.11245369045872439,0.0015390391161087147,,0.0,7.781192779541016,ok
B_alpha0.005,0.8,0.5,0.005,17.78279410038923,0.00028117066259517455,0.6,20,200,5,1.0,predictive,P1+P2 (protect),coarse,2.108482517142911e-05,20,100.0,True,True,0.008357210829235866,0.01335876668038661,57.89357074928092,9.866412333195953,3.2446045025264074,0.6145918244604043,6.274391339817235,49.33206166597983,1.1735485766086529,0.49332061665979765,4.672591783711564,5.483513436847992,0.00013916166923932756,0.0017641747703978363,0.0030729591223020215,0.4105723251062258,0.0030729591223020423,,0.0,8.14451813697815,ok
B_alpha0.005,0.8,0.5,0.005,17.78279410038923,0.00028117066259517455,0.6,20,200,5,1.0,predictive,P1+P2 (protect),coarse,8.891397050194613e-05,20,100.0,True,True,0.01013811449715493,0.015996210946263356,61.680170866819225,9.84003789053713,2.488918424960303,1.2728493648836585,6.3981943196189075,49.20018945268583,1.2536571820751825,0.49200189452685655,4.739693479943053,5.941950771965524,0.00013698604459619866,0.0017989845362599297,0.006364246824418293,0.7868838972067436,0.0063642468244182685,,0.0,7.970648765563965,ok
B_alpha0.005,0.8,0.5,0.005,17.78279410038923,0.00028117066259517455,0.6,20,200,5,1.0,predictive,P1+P2 (protect),coarse,0.0003749471046662279,20,100.0,True,True,0.012495503509004156,0.018047799373128795,69.75962602651889,9.81952200626848,2.1085525559793097,2.559592858513529,5.512332579238681,49.09761003134243,1.42083547410936,0.490976100313424,5.129963760859,7.288834492323933,0.00012613884078701158,0.0015499062037495034,0.012797964292567646,1.0896353829612715,0.012797964292567644,,0.0,8.04998230934143,ok
B_alpha0.005,0.8,0.5,0.005,17.78279410038923,0.00028117066259517455,0.6,20,200,5,1.0,predictive,P1+P2 (protect),coarse,0.0015811388300841895,20,100.0,True,True,0.0186745455996673,0.021256673979894725,82.50176079258657,9.78743326020078,1.8998716990532054,4.290974254132199,4.021720786613815,48.93716630100379,1.6858712309808241,0.489371663010039,5.721787914084928,9.646197634129559,0.00010331537574998019,0.001130789898344991,0.021454871270660997,1.1318501443777804,0.021454871270661174,,0.0,8.036590099334717,ok
B_alpha0.005,0.8,0.5,0.005,17.78279410038923,0.00028117066259517455,0.6,20,200,5,1.0,predictive,P1+P2 (protect),coarse,0.0066676071608166194,20,100.0,True,True,0.031046305216308346,0.02669455370467109,95.08940947398305,9.73305446295296,1.8054193727753447,5.726478544971709,2.735047619299986,48.66527231476466,1.9539479581856503,0.486652723147648,6.219756165785161,12.153079860548525,7.878209460726924e-05,0.0007690151513479328,0.028632392724858544,0.9799641255715289,0.02863239272485892,,0.0,8.072809934616089,ok
B_alpha0.005,0.8,0.5,0.005,17.78279410038923,0.00028117066259517455,0.6,20,200,5,1.0,predictive,P1+P2 (protect),coarse,0.02811706625951745,20,100.0,True,True,0.04433519158410781,0.03230584389011149,102.79356497442615,9.676941561098477,1.7730483098287164,6.484192702774679,2.0658174262981275,48.38470780549235,2.124505233919334,0.4838470780549239,6.476241682648669,13.758809350913653,6.395134108452034e-05,0.0005808472545528701,0.03242096351387339,0.8482417647453315,0.0324209635138741,,0.0,8.126943349838257,ok
B_alpha0.005,0.8,0.5,0.005,17.78279410038923,0.00028117066259517455,0.6,20,200,5,1.0,base,Base,fine,0.00010267625132285729,0,1.0,False,False,0.0014373974326352742,0.002299773450452634,54.802270943092736,9.977002265495491,7.268714113376302,0.1492648634198049,2.6050187577084016,49.88501132747725,1.0985718853171234,0.4988501132747746,5.447008594537906,5.983930501040082,0.0,0.0,,,,,2.7320390035442628e-33,0.4149143695831299,ok
B_alpha0.005,0.8,0.5,0.005,17.78279410038923,0.00028117066259517455,0.6,20,200,5,1.0,base,Base,fine,0.00011856868528308274,0,1.0,False,False,0.0017301123283752651,0.0027681018238903815,55.01671558890093,9.972318981761017,7.00943284637959,0.1662198474350563,2.852028324424337,49.8615949088053,1.1033886037846186,0.49861594908805085,5.393131765950218,5.950720129258285,0.0,0.0,,,,,1.1141091285876402e-32,0.4099588394165039,ok
B_alpha0.005,0.8,0.5,0.005,17.78279410038923,0.00028117066259517455,0.6,20,200,5,1.0,base,Base,fine,0.00013692098171321805,0,1.0,False,False,0.0020548659050545737,0.0032876893984191196,55.24376864016111,9.967123106015768,6.7394663677022475,0.18455487025780182,3.108855656024183,49.835615530078826,1.1085198417348359,0.49835615530078836,5.337170624476551,5.916359535956562,0.0,0.0,,,,,4.326792672925326e-32,0.41226816177368164,ok
B_alpha0.005,0.8,0.5,0.005,17.78279410038923,0.00028117066259517455,0.6,20,200,5,1.0,base,Base,fine,0.00015811388300841894,0,1.0,False,False,0.002408865478650512,0.0038540675785691957,55.482868122486884,9.961459324214282,6.46104512462469,0.2043161865894043,3.3731793645716244,49.80729662107131,1.113950603354258,0.49807296621071406,5.279662524125804,5.881283254256805,0.0,0.0,,,,,1.6046402800419338e-31,0.41675519943237305,ok
B_alpha0.005,0.8,0.5,0.005,17.78279410038923,0.00028117066259517455,0.6,20,200,5,1.0,base,Base,fine,0.00018258706362741882,0,1.0,False,False,0.0027882940668907466,0.004461128742005986,55.73356617803236,9.955388712579833,6.1766765636711405,0.2255562473474015,3.6423784764016256,49.77694356289945,1.1196662990688846,0.4977694356289916,5.2212157986788865,5.846019369946779,0.0,0.0,,,,,5.698134507882466e-31,0.4538867473602295,ok
B_alpha0.005,0.8,0.5,0.005,17.78279410038923,0.00028117066259517455,0.6,20,200,5,1.0,base,Base,fine,0.0002108482517142911,0,1.0,False,False,0.0031885629417884136,0.005101530181259286,55.99561641085562,9.948984698187283,5.889024057903052,0.24833808538245136,3.913653158527213,49.744923490936756,1.1256548906152746,0.49744923490936416,5.162482579340782,5.811173763151109,0.0,0.0,,,,,1.9425788435814043e-30,0.41472554206848145,ok
B_alpha0.005,0.8,0.5,0.005,17.78279410038923,0.00028117066259517455,0.6,20,200,5,1.0,base,Base,fine,0.00024348376258293152,0,1.0,False,False,0.0036046180324120617,0.005767184135460169,56.26905192815525,9.94232815864531,5.600776828562428,0.2727396431211351,4.184155369671126,49.71164079322666,1.1319089659945816,0.4971164079322655,5.104129235309889,5.777409645042331,0.0,0.0,,,,,6.374215292014055e-30,0.402177095413208,ok
B_alpha0.005,0.8,0.5,0.005,17.78279410038923,0.00028117066259517455,0.6,20,200,5,1.0,base,Base,fine,0.0002811706625951745,0,1.0,False,False,0.004031263679650134,0.006449775494966769,56.55424917443389,9.93550224505022,5.3145251139964245,0.29885770953621504,4.451114931417141,49.67751122525126,1.1384275858345971,0.496775112252511,5.046807747141633,5.745425159749791,0.0,0.0,,,,,2.0180924490147607e-29,0.5041449069976807,ok
B_alpha0.005,0.8,0.5,0.005,17.78279410038923,0.00028117066259517455,0.6,20,200,5,1.0,base,Base,fine,0.0003246908157881056,0,1.0,False,False,0.004463470357170285,0.0071412537368118895,56.85197477200884,9.928587462631782,5.032652490783242,0.3268112085620902,4.711948838022885,49.642937313159,1.1452177862356043,0.4964293731315891,4.991130802486282,5.715931768435675,0.0,0.0,,,,,6.179182432209766e-29,0.6285524368286133,ok
B_alpha0.005,0.8,0.5,0.005,17.78279410038923,0.00028117066259517455,0.6,20,200,5,1.0,base,Base,fine,0.00043298216168003264,0,1.0,False,False,0.005326819795629766,0.008522452827404926,57.490186211832516,9.914775471725836,4.490079015984309,0.3888248236910078,5.206320688598848,49.573877358629275,1.1596871028653815,0.4957387735862918,4.886855584128693,5.6672233944797155,0.0,0.0,,,,,5.28533618725633e-28,0.4125480651855469,ok
B_alpha0.005,0.8,0.5,0.005,17.78279410038923,0.00028117066259517455,0.6,20,200,5,1.0,base,Base,fine,0.0004999999999999999,0,1.0,False,False,0.0057508400242316385,0.009200758860426523,57.83433592882539,9.907992411395613,4.2325125943512365,0.42325125943512293,5.436243734818028,49.539962056978155,1.1674279415536795,0.49539962056978065,4.839145046493446,5.649353140507528,0.0,0.0,,,,,1.4822898023194975e-27,0.45468831062316895,ok
B_alpha0.005,0.8,0.5,0.005,17.78279410038923,0.00028117066259517455,0.6,20,200,5,1.0,base,Base,fine,0.000577390992344729,0,1.0,False,False,0.00616640952920855,0.009865493146131214,58.198324063645536,9.901345068538543,3.9855687534003166,0.46024629951679047,5.652839878544349,49.50672534269284,1.1755639998563463,0.49506725342692715,4.794847606503515,5.6366502310029,0.0,0.0,,,,,4.0521549282533435e-27,0.4049499034881592,ok
B_alpha0.005,0.8,0.5,0.005,17.78279410038923,0.00028117066259517455,0.6,20,200,5,1.0,base,Base,fine,0.0006667607160816619,0,1.0,False,False,0.006572145139303174,0.010514420083338144,58.5849997123293,9.894855799166546,3.749914169962538,0.5000590914417965,5.85517093942912,49.474278995832485,1.184150651639901,0.4947427899583273,4.754215738344433,5.629707664597233,0.0,0.0,,,,,1.0815021331709285e-26,0.4116814136505127,ok
B_alpha0.005,0.8,0.5,0.005,17.78279410038923,0.00028117066259517455,0.6,20,200,5,1.0,base,Base,fine,0.0007699632630297459,0,1.0,False,False,0.006967564334781788,0.011146736362305896,58.99756792553521,9.888532636376812,3.525902681096876,0.5429631066925394,6.042601575833772,49.44266318188403,1.1932522264931742,0.4944266318188406,4.717435103502496,5.629089940591411,0.0,0.0,,,,,2.822233351494981e-26,0.45889782905578613,ok
B_alpha0.005,0.8,0.5,0.005,17.78279410038923,0.00028117066259517455,0.6,20,200,5,1.0,base,Base,fine,0.0008891397050194613,0,1.0,False,False,0.007353046269000208,0.01176300573594415,59.439550841693396,9.882369942640402,3.3136197539327004,0.589254178111676,6.214756125315222,49.41184971320214,1.2029412213202777,0.4941184971320201,4.684634089970536,5.635339453627764,0.0,0.0,,,,,7.210430216044895e-26,0.4187331199645996,ok
B_alpha0.005,0.8,0.5,0.005,17.78279410038923,0.00028117066259517455,0.6,20,200,5,1.0,base,Base,fine,0.001026762513228573,0,1.0,False,False,0.007729772844284568,0.01236506105505341,59.914744134584495,9.876349389449317,3.1129313016117317,0.6392482333501496,6.371471075588802,49.38174694724659,1.2132973788592385,0.49381746947246585,4.65589434068813,5.648984399802471,0.0,0.0,,,,,1.8057468693810136e-25,0.40714573860168457,ok
B_alpha0.005,0.8,0.5,0.005,17.78279410038923,0.00028117066259517455,0.6,20,200,5,1.0,base,Base,fine,0.0011856868528308275,0,1.0,False,False,0.008099659155244248,0.012955888264093617,60.42716962701904,9.870441117358968,2.9235327155243893,0.693278860923615,6.5127473061930266,49.35220558679458,1.2244066685276542,0.4935220558679484,4.6312613356644015,5.670547263081784,0.0,0.0,,,,,4.43766707071498e-25,0.40813517570495605,ok
B_alpha0.005,0.8,0.5,0.005,17.78279410038923,0.00028117066259517455,0.6,20,200,5,1.0,base,Base,fine,0.0013692098171321804,0,1.0,False,False,0.008465280587300087,0.013539503780591867,60.98102445702606,9.864604962193901,2.7449949253479113,0.7516947999528758,6.638705312505311,49.32302481096959,1.2363601926430046,0.49323024810969507,4.61075429979133,5.70055307431957,0.0,0.0,,,,,1.0712317141339726e-24,0.41665196418762207,ok
B_alpha0.005,0.8,0.5,0.005,17.78279410038923,0.00028117066259517455,0.6,20,200,5,1.0,predictive,P2 only,fine,4.5425878782584303e-07,0,1000.0,False,False,0.005197059507824641,0.008314815376711499,56.28809012636991,9.916851846232788,4.869743752327807,0.2888490711299175,4.924555330309488,49.58425923116396,1.135200787490893,0.4958425923116394,4.9356951845101555,5.603005060270936,0.0,0.0,0.0014442453556495875,0.3236561826396621,0.001444245355649583,,0.0,1.1227684020996094,ok
B_alpha0.005,0.8,0.5,0.005,17.78279410038923,0.00028117066259517455,0.6,20,200,5,1.0,predictive,P2 only,fine,7.338996338110351e-07,0,1000.0,False,False,0.006449729494320734,0.01031836645438028,56.90775116982728,9.896816335456087,4.16867831011463,0.3664082539583414,5.568097100470941,49.484081677280436,1.1500213652738203,0.49484081677280434,4.799170983750176,5.51914916691488,0.0,0.0,0.0018320412697917072,0.40377976795330467,0.0018320412697917096,,0.0,1.0831000804901123,ok
B_alpha0.005,0.8,0.5,0.005,17.78279410038923,0.00028117066259517455,0.6,20,200,5,1.0,predictive,P2 only,fine,1.9155934247786424e-06,0,1000.0,False,False,0.008384258931231283,0.01340445678141063,58.30162542334452,9.865955432185734,3.165218249270148,0.5810062712140992,6.3878200473300195,49.329777160928685,1.1818748994779957,0.4932977716092867,4.641883915660623,5.486126086209924,0.0,0.0,0.002905031356070496,0.6182646622086726,0.0029050313560704897,,0.0,1.0624449253082275,ok
B_alpha0.005,0.8,0.5,0.005,17.78279410038923,0.00028117066259517455,0.6,20,200,5,1.0,predictive,P2 only,fine,3.0948290944563046e-06,0,1000.0,False,False,0.009083322800584973,0.014504005758124838,59.20689212126869,9.854959942418581,2.8304090079664475,0.7363407087065034,6.578290340908468,49.27479971209292,1.201565353227367,0.4927479971209291,4.620623526099144,5.551981139267999,0.0,0.0,0.003681703543532517,0.7423364017053832,0.003681703543532497,,0.0,1.0178015232086182,ok
B_alpha0.005,0.8,0.5,0.005,17.78279410038923,0.00028117066259517455,0.6,20,200,5,1.0,predictive,P1 only (protect),fine,0.0006057638293142944,20,1.0,True,True,0.0057693802766322745,0.009230213079570476,56.083020516909876,9.907697869204188,4.610819072249294,0.33846717384114156,5.143015884705376,49.538489346020945,1.1321100271180273,0.4953848934602094,4.8924985857547565,5.538846706593728,0.00013713169774307198,0.00144606518404012,0.0016923358692057077,0.14222887178166288,0.0016923358692057004,,0.0,8.122753143310547,ok
B_alpha0.005,0.8,0.5,0.005,17.78279410038923,0.00028117066259517455,0.6,20,200,5,1.0,predictive,P1 only (protect),fine,0.0009786708907438297,20,1.0,True,True,0.006921964197825419,0.01107290699498633,56.717658260109026,9.88927093004999,3.9796508610321952,0.4261062462541235,5.7049719626636906,49.44635465025001,1.147054391800797,0.4944635465024995,4.776136989185352,5.478488909287293,0.0001383580504009916,0.0016040707468290402,0.002130531231270618,0.2320966918151638,0.002130531231270608,,0.0,8.205834865570068,ok
B_alpha0.005,0.8,0.5,0.005,17.78279410038923,0.00028117066259517455,0.6,20,200,5,1.0,predictive,P1 only (protect),fine,0.0025544848872534644,20,1.0,True,True,0.008645076434591371,0.013812694023025915,58.24613416225619,9.861873059769579,3.1054678384790453,0.6749191733136674,6.357739928437709,49.309365298847844,1.1812387729845137,0.49309365298847896,4.66217942254145,5.507147100516511,0.0001391714850135061,0.001787609948286638,0.003374595866568337,0.45941051011466233,0.0033745958665683177,,0.0,7.999175548553467,ok
B_alpha0.005,0.8,0.5,0.005,17.78279410038923,0.00028117066259517455,0.6,20,200,5,1.0,predictive,P1 only (protect),fine,0.004127020926340094,20,1.0,True,True,0.009272593470132188,0.014783263390295351,59.292675550284336,9.852167366096843,2.81788722087078,0.8575476083160454,6.472397804716332,49.260836830484344,1.2036473467619198,0.49260836830484217,4.662320178461555,5.611789312559811,0.00013884178925167723,0.0018198483793316236,0.004287738041580227,0.5849291549779686,0.004287738041580263,,0.0,7.880385875701904,ok
B_alpha0.005,0.8,0.5,0.005,17.78279410038923,0.00028117066259517455,0.6,20,200,5,1.0,predictive,P1+P2 (protect),fine,0.00014364924166768327,20,3.0,True,True,0.0048493933645145084,0.007758602285054372,55.646997854867074,9.92241397714936,5.1419420761568775,0.28545792508320195,4.650186021610561,49.61206988574677,1.1216423338719455,0.49612069885746796,4.997916106877476,5.60587428661424,0.00013578934586655147,0.0013074958848870498,0.0014272896254160098,0.09203924290220913,0.0014272896254160104,,0.0,8.089380741119385,ok
B_alpha0.005,0.8,0.5,0.005,17.78279410038923,0.00028117066259517455,0.6,20,200,5,1.0,predictive,P1+P2 (protect),fine,0.00023207944168063884,20,3.0,True,True,0.006123314130305076,0.009796244812847271,56.263567648655496,9.902037551871402,4.41317693643563,0.3621406868388114,5.322644824854156,49.51018775935699,1.136403843227643,0.4951018775935701,4.854685492926907,5.516883251823622,0.0001375579110403136,0.0014965715721630161,0.001810703434194057,0.16613945722412166,0.0018107034341940543,,0.0,8.194554328918457,ok
B_alpha0.005,0.8,0.5,0.005,17.78279410038923,0.00028117066259517455,0.6,20,200,5,1.0,predictive,P1+P2 (protect),fine,0.0006057638293142944,20,3.0,True,True,0.008116521360180087,0.012977266403606844,57.640436023997964,9.870227335963742,3.36344579907205,0.5720338729399477,6.194292992024261,49.35113667981885,1.1679657228152327,0.4935113667981871,4.684834380244674,5.4717259731921235,0.0001391021838752416,0.0017416534648761074,0.0028601693646997384,0.37361435505058554,0.0028601693646997293,,0.0,7.912874937057495,ok
B_alpha0.005,0.8,0.5,0.005,17.78279410038923,0.00028117066259517455,0.6,20,200,5,1.0,predictive,P1+P2 (protect),fine,0.0009786708907438308,20,3.0,True,True,0.008839406147233206,0.014116880793749982,58.52315145334708,9.858831192062327,3.0137473483984434,0.7229097503145643,6.404511709224666,49.29415596031161,1.1872229134111971,0.49294155960311636,4.658388196345372,5.530545206265485,0.00013912989376023,0.0018007608008812784,0.0036145487515728213,0.49544629082202524,0.0036145487515727957,,0.0,8.143756866455078,ok
B_alpha0.005,0.8,0.5,0.005,100.0,5e-05,0.6,20,200,5,1.0,base,Base,coarse,4.999999999999999e-08,0,1.0,False,False,8.347585876535354e-06,1.3356102823471263e-05,52.878359460333606,9.999866438971678,9.991171001696243,9.991171001696254e-05,0.008862647622062715,49.999332194858845,1.0575813143714508,0.49999332194858387,6.013675632459956,6.3599509795805655,0.0,0.0,,,,,7.097757932646019e-83,0.4143409729003906,ok
B_alpha0.005,0.8,0.5,0.005,100.0,5e-05,0.6,20,200,5,1.0,base,Base,coarse,2.108482517142911e-07,0,1.0,False,False,8.48486928183248e-06,1.357575565825662e-05,52.881874152496124,9.999864242443374,9.962527592120392,0.0004201163050907946,0.03718804913114333,49.999321212217076,1.0576518414728941,0.49999321212216874,6.007333587653503,6.353667431323695,0.0,0.0,,,,,1.5241441664819673e-70,0.40305089950561523,ok
B_alpha0.005,0.8,0.5,0.005,100.0,5e-05,0.6,20,200,5,1.0,base,Base,coarse,8.891397050194612e-07,0,1.0,False,False,9.30540847030021e-06,1.488861452599306e-05,52.89672270030896,9.999851113854715,9.844690832701742,0.0017506611005992424,0.15370739234294312,49.99925556927367,1.057950205418976,0.49999255569273576,5.981246350915219,6.327860805612256,0.0,0.0,,,,,1.0814910102591355e-58,0.46378016471862793,ok
B_alpha0.005,0.8,0.5,0.005,100.0,5e-05,0.6,20,200,5,1.0,base,Base,coarse,3.7494710466622786e-06,0,1.0,False,False,2.120513101229903e-05,3.392810422888666e-05,52.96012662656274,9.999660718957664,9.390789716280857,0.007042098829297766,0.602507465932182,49.99830359478854,1.059238470484485,0.4999830359478832,5.880769595947907,6.2291373920835245,0.0,0.0,,,,,3.0244829009992604e-48,0.4085681438446045,ok
B_alpha0.005,0.8,0.5,0.005,100.0,5e-05,0.6,20,200,5,1.0,base,Base,coarse,1.5811388300841894e-05,0,1.0,False,False,0.00019374894849926927,0.00030999694134572,53.19484431562895,9.99690003058641,7.9702253540934755,0.025204065583757436,2.007670549736357,49.98450015293252,1.064226793363424,0.4998450015293205,5.566097895257299,5.923590514616578,0.0,0.0,,,,,3.331983576767042e-40,0.41243410110473633,ok
B_alpha0.005,0.8,0.5,0.005,100.0,5e-05,0.6,20,200,5,1.0,base,Base,coarse,6.66760716081662e-05,0,1.0,False,False,0.0007891661398055443,0.0012626580111868367,53.73051416389546,9.987373419888064,5.52981066046937,0.07374121031541116,4.409074709327155,49.93686709944001,1.0759688639838199,0.4993686709944032,5.030236805937866,5.412378181654565,0.0,0.0,,,,,2.7001868270720296e-34,0.4138615131378174,ok
B_alpha0.005,0.8,0.5,0.005,100.0,5e-05,0.6,20,200,5,1.0,base,Base,coarse,0.0002811706625951745,0,1.0,False,False,0.001409996584983454,0.002255872732803504,54.892498426931816,9.977441272671676,3.570804959092135,0.20080111926921362,6.250952648966976,49.88720636335871,1.1003321778958024,0.49887206363358383,4.632346323633612,5.097119719051387,0.0,0.0,,,,,1.2711984338715806e-29,0.4142189025878906,ok
B_alpha0.005,0.8,0.5,0.005,100.0,5e-05,0.6,20,200,5,1.0,base,Base,coarse,0.0011856868528308275,0,1.0,False,False,0.0021411181750160577,0.0034214052868567994,58.10406273788572,9.965785947131085,2.309826252307663,0.5477461239369412,7.17664167662431,49.82892973565543,1.1660708557484623,0.49828929735655425,4.473946872685737,5.2169390584058135,0.0,0.0,,,,,1.127735976809296e-25,0.505232572555542,ok
B_alpha0.005,0.8,0.5,0.005,100.0,5e-05,0.6,20,200,5,1.0,base,Base,coarse,0.004999999999999999,0,1.0,False,False,0.0046371930604223125,0.007333780596229807,66.37963106121813,9.92666219403695,1.3857806933399703,1.385780693339967,7.301776419283112,49.63331097018482,1.33740082544751,0.4963331097018475,4.5658677718451495,6.106395326949887,0.0,0.0,,,,,2.9413410866045456e-22,0.45026445388793945,ok
B_alpha0.005,0.8,0.5,0.005,100.0,5e-05,0.6,20,200,5,1.0,predictive,Check,check,1.5811388300841894e-05,0,1.0,False,False,0.00019374894849926927,0.00030999694134572006,53.19484431562895,9.996900030586524,7.970225354093492,0.025204065583757485,2.0076705497362264,49.984500152932554,1.0642267933634233,0.4998450015293262,5.566097895257345,5.923590514616624,0.0,0.0,0.00012602032791878744,0.06668201211895045,0.00012602032791878717,6.503169940559399e-14,0.0,1.0986967086791992,ok
B_alpha0.005,0.8,0.5,0.005,100.0,5e-05,0.6,20,200,5,1.0,predictive,P2 only,coarse,4.999999999999999e-08,0,3.0,False,False,8.415366648585438e-06,1.3464551756062013e-05,52.880107634308374,9.999865354482452,9.973718593515443,0.00025922761795997817,0.02615682438414524,49.9993267724122,1.0576163930168292,0.4999932677241226,6.009798070452074,6.356060958031023,0.0,0.0,1.2961380897998909e-06,0.001240189477445767,1.2961380897998894e-06,,0.0,1.0062594413757324,ok
B_alpha0.005,0.8,0.5,0.005,100.0,5e-05,0.6,20,200,5,1.0,predictive,P2 only,coarse,2.108482517142911e-07,0,3.0,False,False,8.872163173369428e-06,1.4195424093277047e-05,52.88925774560269,9.999858045759064,9.890346207658123,0.0010829190390622499,0.10871282754375144,49.999290228795324,1.057800170834085,0.4999929022879532,5.99129720423798,6.33759520616071,0.0,0.0,5.414595195311249e-06,0.004961277224891213,5.414595195311244e-06,,0.0,1.0412530899047852,ok
B_alpha0.005,0.8,0.5,0.005,100.0,5e-05,0.6,20,200,5,1.0,predictive,P2 only,coarse,8.891397050194612e-07,0,3.0,False,False,1.445242425024434e-05,2.3123812187737934e-05,52.92836710609415,9.999768761878128,9.561776725678824,0.004395626257473467,0.434058886185575,49.99884380939065,1.05859182080033,0.4999884380939064,5.9183878146436575,6.265156932906115,0.0,0.0,2.1978131287367336e-05,0.017057207587762753,2.1978131287367325e-05,,0.0,1.0387070178985596,ok
B_alpha0.005,0.8,0.5,0.005,100.0,5e-05,0.6,20,200,5,1.0,predictive,P2 only,coarse,3.7494710466622786e-06,0,3.0,False,False,0.00011484650073485368,0.00018375364244943413,53.08297518645314,9.998162463575492,8.456394404646078,0.016088414972575408,1.5293547168058552,49.99081231787746,1.0618546233838628,0.4999081231787746,5.672819146271801,6.02370923808921,0.0,0.0,8.044207486287705e-05,0.04095568882890541,8.044207486287709e-05,,0.0,1.3161382675170898,ok
B_alpha0.005,0.8,0.5,0.005,100.0,5e-05,0.6,20,200,5,1.0,predictive,P2 only,coarse,1.5811388300841894e-05,0,3.0,False,False,0.0006160305407027563,0.0009856433753755464,53.44416641333884,9.990143566246147,6.189013562487406,0.046597903043789406,3.774244968222658,49.950717831230754,1.069937905475382,0.49950717831230734,5.169781249158039,5.531344921490056,0.0,0.0,0.00023298951521894703,0.09056949799958613,0.00023298951521894613,,0.0,1.045910358428955,ok
B_alpha0.005,0.8,0.5,0.005,100.0,5e-05,0.6,20,200,5,1.0,predictive,P2 only,coarse,6.66760716081662e-05,0,3.0,False,False,0.0012358300644879964,0.001977277821833636,54.03727573430529,9.98022722178147,4.136731219689137,0.11677053619720194,5.766271022332191,49.90113610890731,1.0828866825070078,0.4990113610890735,4.729466139432054,5.121475897758803,0.0,0.0,0.0005838526809860097,0.2680263214311512,0.000583852680986008,,0.0,1.1285638809204102,ok
B_alpha0.005,0.8,0.5,0.005,100.0,5e-05,0.6,20,200,5,1.0,predictive,P2 only,coarse,0.0002811706625951745,0,3.0,False,False,0.001667640572226053,0.0026662419913703844,55.47008741613629,9.973337580086028,2.8900151855811336,0.3079993877344925,6.828647846598346,49.866687900430165,1.1123675894997187,0.4986668790043014,4.517529818846036,5.025153755082866,0.0,0.0,0.0015399969386724625,0.7091951745850785,0.0015399969386724656,,0.0,1.026939868927002,ok
B_alpha0.005,0.8,0.5,0.005,100.0,5e-05,0.6,20,200,5,1.0,predictive,P2 only,coarse,0.0011856868528308275,0,3.0,False,False,0.0023227556531185333,0.003671833652825972,59.63553871039474,9.963281663471385,1.9585873572050958,0.8343570062146854,7.243773973108835,49.81640831735683,1.1971063495883698,0.49816408317356925,4.501529991765752,5.388810136005263,0.0,0.0,0.004171785031073428,1.4452716786304998,0.004171785031073429,,0.0,1.1033775806427002,ok
B_alpha0.005,0.8,0.5,0.005,100.0,5e-05,0.6,20,200,5,1.0,predictive,P2 only,coarse,0.004999999999999999,0,3.0,False,False,0.005137105055858802,0.007659304837313181,70.37509769280176,9.923406951626113,1.1548377861463925,2.072953035884952,6.848802226342542,49.6170347581304,1.4183656487305476,0.4961703475813056,4.770908974605602,6.766893402800866,0.0,0.0,0.01036476517942476,2.1538607282760465,0.01036476517942478,,0.0,1.13645339012146,ok
B_alpha0.005,0.8,0.5,0.005,100.0,5e-05,0.6,20,200,5,1.0,predictive,P2 only,coarse,4.999999999999999e-08,0,10.0,False,False,8.707792062373415e-06,1.393243108080935e-05,52.88623195577028,9.999860675689197,9.91346106283499,0.0008116438011947439,0.08586661767461834,49.99930337844595,1.0577393759963634,0.49999303378445986,5.9964106329248175,6.342639641087855,0.0,0.0,4.05821900597372e-06,0.003753468447945593,4.0582190059737226e-06,,0.0,1.065720558166504,ok
B_alpha0.005,0.8,0.5,0.005,100.0,5e-05,0.6,20,200,5,1.0,predictive,P2 only,coarse,2.108482517142911e-07,0,10.0,False,False,1.2083524169542934e-05,1.9333585085793002e-05,52.91541015294255,9.999806664149148,9.650525180544141,0.003315380231292645,0.3463527750754185,49.99903332074573,1.0583286643461314,0.4999903332074574,5.93801650067475,6.284373072024397,0.0,0.0,1.6576901156463225e-05,0.01328231930804202,1.6576901156463228e-05,,0.0,1.0364227294921875,ok
B_alpha0.005,0.8,0.5,0.005,100.0,5e-05,0.6,20,200,5,1.0,predictive,P2 only,coarse,8.891397050194612e-07,0,10.0,False,False,7.812825084626079e-05,0.00012500471294549426,53.03502844566835,9.998749952870538,8.73038680016067,0.012377834445881692,1.2584854125229104,49.99374976435266,1.0608331780602749,0.4999374976435269,5.733454322949872,6.082238570678334,0.0,0.0,6.188917222940846e-05,0.03263134618351939,6.188917222940843e-05,,0.0,1.0901579856872559,ok
B_alpha0.005,0.8,0.5,0.005,100.0,5e-05,0.6,20,200,5,1.0,predictive,P2 only,coarse,3.7494710466622786e-06,0,10.0,False,False,0.0005056911969425589,0.000809101633366173,53.33644746830274,9.991908983666264,6.616845706611086,0.03653017000752103,3.354715139715129,49.95954491833127,1.067592740396088,0.49959544918331317,5.263173542261251,5.6189258651628755,0.0,0.0,0.00018265085003760516,0.062206160131931906,0.00018265085003760513,,0.0,1.1749622821807861,ok
B_alpha0.005,0.8,0.5,0.005,100.0,5e-05,0.6,20,200,5,1.0,predictive,P2 only,coarse,1.5811388300841894e-05,0,10.0,False,False,0.0011389987722445287,0.0018223692007471736,53.76591160099838,9.981776307992352,4.4767728893444465,0.0873370116003754,5.454113791062826,49.90888153996175,1.0772814365304566,0.4990888153996176,4.795691468461908,5.166309394301499,0.0,0.0,0.000436685058001877,0.16628070794691122,0.0004366850580018789,,0.0,1.177889108657837,ok
B_alpha0.005,0.8,0.5,0.005,100.0,5e-05,0.6,20,200,5,1.0,predictive,P2 only,coarse,6.66760716081662e-05,0,10.0,False,False,0.0015587610223496524,0.0024928967276091783,54.57756078709071,9.975071032723653,3.246795257628688,0.2141726585713727,6.563961051076286,49.87535516361829,1.0942791406306107,0.4987535516361826,4.563389891631044,4.9936223689764345,0.0,0.0,0.0010708632928568636,0.43295941620208306,0.0010708632928568584,,0.0,1.018125057220459,ok
B_alpha0.005,0.8,0.5,0.005,100.0,5e-05,0.6,20,200,5,1.0,predictive,P2 only,coarse,0.0002811706625951745,0,10.0,False,False,0.0018710434913385995,0.002965814760190751,56.85132320925751,9.97034185239777,2.4461102509260777,0.5681921164805998,7.015355780195554,49.851709261988965,1.1404087051555847,0.49851709261988847,4.514091120904801,5.147908810145366,0.0,0.0,0.0028409605824029987,0.9549651742079451,0.002840960582403,,0.0,1.0595393180847168,ok
B_alpha0.005,0.8,0.5,0.005,100.0,5e-05,0.6,20,200,5,1.0,predictive,P2 only,coarse,0.0011856868528308275,0,10.0,False,False,0.0027302882143865658,0.003981773008497434,63.315262024076574,9.96018226991461,1.6847846439186183,1.4807059111799104,6.8743271749868615,49.80091134957301,1.2713675374259878,0.49800911349573046,4.681612336580231,5.952049947541133,0.0,0.0,0.007403529555899552,1.7223334989913066,0.007403529555899551,,0.0,1.0670323371887207,ok
B_alpha0.005,0.8,0.5,0.005,100.0,5e-05,0.6,20,200,5,1.0,predictive,P2 only,coarse,0.004999999999999999,0,10.0,False,False,0.007099744227521781,0.008562029314777725,78.22705204582378,9.914379706851333,0.9532841328726088,3.2724615970254725,5.859874563250585,49.57189853425675,1.578052371582356,0.49571898534256664,5.173038054398067,8.163324970028647,0.0,0.0,0.01636230798512736,2.340122561889375,0.016362307985127438,,0.0,1.1170241832733154,ok
B_alpha0.005,0.8,0.5,0.005,100.0,5e-05,0.6,20,200,5,1.0,predictive,P2 only,coarse,4.999999999999999e-08,0,30.0,False,False,1.0301586313690956e-05,1.6482493974232116e-05,52.90386605086507,9.999835175060252,9.747758218764726,0.00234704606443148,0.25005956011059105,49.999175875301276,1.0580947610578249,0.4999917587530126,5.959597752553155,6.305819159988481,0.0,0.0,1.17352303221574e-05,0.009884045876225411,1.1735230322157405e-05,,0.0,1.1046178340911865,ok
B_alpha0.005,0.8,0.5,0.005,100.0,5e-05,0.6,20,200,5,1.0,predictive,P2 only,coarse,2.108482517142911e-07,0,30.0,False,False,4.4425030561990387e-05,7.107979437082349e-05,52.9899539693686,9.99928920205628,9.049935191619138,0.009036070552275273,0.9417395357723066,49.99644601028142,1.059874415042853,0.49996446010281403,5.804486916002343,6.152027174721877,0.0,0.0,4.518035276137636e-05,0.02677801606673106,4.518035276137645e-05,,0.0,1.0910289287567139,ok
B_alpha0.005,0.8,0.5,0.005,100.0,5e-05,0.6,20,200,5,1.0,predictive,P2 only,coarse,8.891397050194612e-07,0,30.0,False,False,0.00036204222186906373,0.0005792646856346295,53.24366102698213,9.994207353143596,7.200118594414167,0.028359527631646297,2.777314524810591,49.971036765718004,1.065490421513713,0.4997103676571798,5.392545049310578,5.745705097621615,0.0,0.0,0.00014179763815823148,0.048977759359215375,0.00014179763815823075,,0.0,1.0181884765625,ok
B_alpha0.005,0.8,0.5,0.005,100.0,5e-05,0.6,20,200,5,1.0,predictive,P2 only,coarse,3.7494710466622786e-06,0,30.0,False,False,0.0010013606758920328,0.00160216210999282,53.619064022172346,9.983978378899907,4.915112904224499,0.06864026753050448,5.032268449345088,49.919891894499614,1.0741021662364683,0.49919891894499535,4.888374048523103,5.250613154892799,0.0,0.0,0.0003432013376525224,0.1170398303684308,0.00034320133765252173,,0.0,1.088855504989624,ok
B_alpha0.005,0.8,0.5,0.005,100.0,5e-05,0.6,20,200,5,1.0,predictive,P2 only,coarse,1.5811388300841894e-05,0,30.0,False,False,0.001471565406807999,0.002354029001126233,54.188731069733905,9.976459709988498,3.5296548762944564,0.1605215702087287,6.333363843508316,49.88229854994254,1.086331878140694,0.49882298549942494,4.607550005962067,5.005328451603939,0.0,0.0,0.0008026078510436435,0.30039537835024055,0.0008026078510436399,,0.0,1.21351957321167,ok
B_alpha0.005,0.8,0.5,0.005,100.0,5e-05,0.6,20,200,5,1.0,predictive,P2 only,coarse,6.66760716081662e-05,0,30.0,False,False,0.0017544639036456674,0.0027933985529921784,55.60543038258675,9.972066014469787,2.7821540517342944,0.4086419417617571,6.837137992034161,49.86033007234896,1.1152238724032004,0.49860330072348935,4.5305591456065715,5.052587714515096,0.0,0.0,0.002043209708808786,0.6455268024145357,0.002043209708808786,,0.0,1.166365146636963,ok
B_alpha0.005,0.8,0.5,0.005,100.0,5e-05,0.6,20,200,5,1.0,predictive,P2 only,coarse,0.0002811706625951745,0,30.0,False,False,0.0021499328735947246,0.0032207388418581742,59.63006150575135,9.967792611581077,2.1735714901027268,1.0664504397787613,6.7921854585374355,49.83896305790532,1.196454698234196,0.49838963057905383,4.638986347759566,5.550337010821226,0.0,0.0,0.005332252198893807,1.2078618355539663,0.005332252198893801,,0.0,1.0123698711395264,ok
B_alpha0.005,0.8,0.5,0.005,100.0,5e-05,0.6,20,200,5,1.0,predictive,P2 only,coarse,0.0011856868528308275,0,30.0,False,False,0.004053971212346287,0.00462440411438403,69.64535289609061,9.953755958855684,1.4872917303509168,2.4804456338145227,6.078506676978877,49.76877979427841,1.399378348916187,0.49768779794278417,5.010526281678547,7.011621995256487,0.0,0.0,0.012402228169072613,1.9247452241096468,0.012402228169072617,,0.0,1.1055657863616943,ok
B_alpha0.005,0.8,0.5,0.005,100.0,5e-05,0.6,20,200,5,1.0,predictive,P2 only,coarse,0.004999999999999999,0,30.0,False,False,0.011767479464831872,0.010515394595534756,88.08912467318058,9.894846054043594,0.8253434014769302,4.591457875841456,4.68835266863802,49.474230270217994,1.7805052083085686,0.49474230270217967,5.632748118810558,10.029137362632492,0.0,0.0,0.022957289379207282,2.344989670531205,0.0229572893792073,,0.0,1.164588212966919,ok
B_alpha0.005,0.8,0.5,0.005,100.0,5e-05,0.6,20,200,5,1.0,predictive,P2 only,coarse,4.999999999999999e-08,0,100.0,False,False,3.060260280061501e-05,4.8963999916875304e-05,52.96629978874935,9.999510360000833,9.227688783470704,0.0072705794941187035,0.765530277034344,49.997551800004146,1.0593778671527865,0.4999755180000417,5.8440053549169,6.191009928521329,0.0,0.0,3.6352897470593515e-05,0.02330411392636655,3.6352897470593596e-05,,0.0,1.0738446712493896,ok
B_alpha0.005,0.8,0.5,0.005,100.0,5e-05,0.6,20,200,5,1.0,predictive,P2 only,coarse,2.108482517142911e-07,0,100.0,False,False,0.00027604513522622897,0.0004416701262478076,53.18820140966916,9.995583298737479,7.584304962936373,0.0238255793660558,2.396286158960092,49.97791649368739,1.0642340685888187,0.49977916493687397,5.478025537968257,5.829901406105411,0.0,0.0,0.000119127896830279,0.04349882228811481,0.00011912789683027882,,0.0,1.1038575172424316,ok
B_alpha0.005,0.8,0.5,0.005,100.0,5e-05,0.6,20,200,5,1.0,predictive,P2 only,coarse,8.891397050194612e-07,0,100.0,False,False,0.0008995776777812984,0.00143931362716331,53.54367929974458,9.985606863728213,5.243429821653918,0.05917406389409483,4.711789250723775,49.928034318641146,1.0724171305849608,0.4992803431864107,4.959491579774699,5.3186437291422575,0.0,0.0,0.00029587031947047416,0.09569560301834357,0.00029587031947047324,,0.0,1.0570487976074219,ok
B_alpha0.005,0.8,0.5,0.005,100.0,5e-05,0.6,20,200,5,1.0,predictive,P2 only,coarse,3.7494710466622786e-06,0,100.0,False,False,0.0014099200124954145,0.0022556140719002644,54.02878488731448,9.977443859280772,3.7127675124099024,0.13572003745740766,6.174068590851919,49.88721929640391,1.0830185696721948,0.4988721929640386,4.639903159485145,5.0251012832030995,0.0,0.0,0.0006786001872870383,0.24577517662566223,0.0006786001872870383,,0.0,1.0475962162017822,ok
B_alpha0.005,0.8,0.5,0.005,100.0,5e-05,0.6,20,200,5,1.0,predictive,P2 only,coarse,1.5811388300841894e-05,0,100.0,False,False,0.0017057118217639877,0.002720854636190299,55.11957261529823,9.97279145363782,2.9433236553176068,0.33634619054010334,6.74753870050447,49.86395726818908,1.105399082524523,0.49863957268189096,4.540008068213803,5.018520753257469,0.0,0.0,0.0016817309527005168,0.5179637753219045,0.0016817309527005146,,0.0,1.2721312046051025,ok
B_alpha0.005,0.8,0.5,0.005,100.0,5e-05,0.6,20,200,5,1.0,predictive,P2 only,coarse,6.66760716081662e-05,0,100.0,False,False,0.0020052663393168445,0.003063421992917366,58.12538942643165,9.969365780070522,2.4528305985887084,0.8675740977841931,6.710229523556578,49.84682890035254,1.1660799835959186,0.4984682890035261,4.627801804350246,5.396387052101897,0.0,0.0,0.004337870488920966,0.9186748424853256,0.004337870488920966,,0.0,1.0172107219696045,ok
B_alpha0.005,0.8,0.5,0.005,100.0,5e-05,0.6,20,200,5,1.0,predictive,P2 only,coarse,0.0002811706625951745,0,100.0,False,False,0.0032216116799644256,0.0037790343076562053,65.67064974669604,9.962209656923045,1.94251238204228,2.049036090527303,6.046241870507371,49.81104828461523,1.318395255836831,0.4981104828461523,4.954195659366536,6.531588053796262,0.0,0.0,0.010245180452636516,1.454680790326949,0.010245180452636463,,0.0,1.1544654369354248,ok
B_alpha0.005,0.8,0.5,0.005,100.0,5e-05,0.6,20,200,5,1.0,predictive,P2 only,coarse,0.0011856868528308275,0,100.0,False,False,0.008218884201472411,0.006391756680432164,79.90401497895297,9.93608243319503,1.330280836296078,3.8988441697182696,4.834792560790621,49.68041216597511,1.6083605488618964,0.4968041216597515,5.501751097461702,8.848799414815044,0.0,0.0,0.01949422084859135,1.976758688467632,0.019494220848591384,,0.0,1.0455832481384277,ok
B_alpha0.005,0.8,0.5,0.005,100.0,5e-05,0.6,20,200,5,1.0,predictive,P2 only,coarse,0.004999999999999999,0,100.0,False,False,0.021302528968672154,0.01440104309429319,98.85837600968752,9.855989569055618,0.7468340606039786,5.840193007428566,3.5569833629118373,49.279947845278016,2.0060568310678537,0.4927994784527809,6.069927527170053,12.17661957996629,0.0,0.0,0.029200965037142833,2.2216967817022883,0.029200965037142926,,0.0,1.1119413375854492,ok
B_alpha0.005,0.8,0.5,0.005,100.0,5e-05,0.6,20,200,5,1.0,predictive,P2 only,coarse,4.999999999999999e-08,0,1000.0,False,False,0.0006355763336644722,0.0010169163800979617,53.392079822851294,9.989830836198912,6.141858248116097,0.04201345149685109,3.8262974641881398,49.949154180994526,1.0689286074671267,0.4994915418099456,5.157302333763867,5.512788001917173,0.0,0.0,0.00021006725748425544,0.06518052610206876,0.00021006725748425536,,0.0,1.0101938247680664,ok
B_alpha0.005,0.8,0.5,0.005,100.0,5e-05,0.6,20,200,5,1.0,predictive,P2 only,coarse,2.108482517142911e-07,0,1000.0,False,False,0.001237199804049259,0.0019794625754459925,53.793786667221696,9.980205374245337,4.207091266029359,0.09607789246250603,5.716625467262798,49.901026871226705,1.0780096130294181,0.49901026871226684,4.737550287137846,5.107124751744878,0.0,0.0,0.0004803894623125302,0.168428058242575,0.0004803894623125292,,0.0,1.0723729133605957,ok
B_alpha0.005,0.8,0.5,0.005,100.0,5e-05,0.6,20,200,5,1.0,predictive,P2 only,coarse,8.891397050194612e-07,0,1000.0,False,False,0.0016021623346288692,0.0025612189762195454,54.52110587811542,9.974387810237547,3.2096568698914476,0.22879612465168442,6.587159195219322,49.87193905118769,1.0932220987468706,0.4987193905118773,4.560253169804724,4.98536954111099,0.0,0.0,0.001143980623258422,0.3799732325572927,0.001143980623258418,,0.0,1.0755386352539062,ok
B_alpha0.005,0.8,0.5,0.005,100.0,5e-05,0.6,20,200,5,1.0,predictive,P2 only,coarse,3.7494710466622786e-06,0,1000.0,False,False,0.0018511980154004549,0.002912566557425746,56.41911449922558,9.970874334425428,2.6933251104982765,0.5826996546455916,6.753100900430704,49.85437167212715,1.1316783785837718,0.4985437167212714,4.575514573438007,5.1780109136547425,0.0,0.0,0.002913498273227958,0.6870225327644499,0.002913498273227958,,0.0,1.1344983577728271,ok
B_alpha0.005,0.8,0.5,0.005,100.0,5e-05,0.6,20,200,5,1.0,predictive,P2 only,coarse,1.5811388300841894e-05,0,1000.0,False,False,0.0024621269392191276,0.003332758612989769,61.392001628337546,9.966672413869757,2.349727986713097,1.437934826408022,6.245664773009125,49.83336206934871,1.231945810577735,0.49833362069348786,4.817974667266273,5.935483706808341,0.0,0.0,0.007189674132040111,1.0357246129309867,0.007189674132040149,,0.0,1.1884887218475342,ok
B_alpha0.005,0.8,0.5,0.005,100.0,5e-05,0.6,20,200,5,1.0,predictive,P2 only,coarse,6.66760716081662e-05,0,1000.0,False,False,0.005281908339526766,0.004611271159396423,71.59581257137822,9.953887288405573,2.038953114286434,2.951768631432179,5.055390965875814,49.76943644202788,1.4385497946068566,0.49769436442027865,5.312231867886246,7.641910062451758,0.0,0.0,0.014758843157160894,1.3062976891965228,0.014758843157160893,,0.0,1.0886175632476807,ok
B_alpha0.005,0.8,0.5,0.005,100.0,5e-05,0.6,20,200,5,1.0,predictive,P2 only,coarse,0.0002811706625951745,0,1000.0,False,False,0.013538289733670971,0.00808736805159362,85.61863090780022,9.919126319483228,1.6754297472651525,4.697341362139661,3.708102571111959,49.59563159741619,1.7263341175447546,0.4959563159741614,5.873456364762625,10.139548110400108,0.0,0.0,0.023486706810698307,1.473429221531133,0.023486706810698338,,0.0,1.0009934902191162,ok
B_alpha0.005,0.8,0.5,0.005,100.0,5e-05,0.6,20,200,5,1.0,predictive,P2 only,coarse,0.0011856868528308275,0,1000.0,False,False,0.02760093934415801,0.014272050574493749,98.86623473593669,9.85727949425363,1.2016611417626,6.039055449224527,2.9020039147592427,49.28639747126808,2.005953768351026,0.4928639747126815,6.247784345696859,12.532766552095163,0.0,0.0,0.030195277246122636,1.7423064330682676,0.030195277246122552,,0.0,1.1094105243682861,ok
B_alpha0.005,0.8,0.5,0.005,100.0,5e-05,0.6,20,200,5,1.0,predictive,P2 only,coarse,0.004999999999999999,0,1000.0,False,False,0.04053944824373388,0.022172324734599465,110.26029031191004,9.778276752651767,0.7015647879793009,6.967210825016861,2.552947634352072,48.89138376325885,2.2552090332687413,0.48891383763258833,6.454233016842525,14.555644602404623,0.0,0.0,0.0348360541250843,2.0287358780838285,0.0348360541250843,,0.0,1.102193832397461,ok
B_alpha0.005,0.8,0.5,0.005,100.0,5e-05,0.6,20,200,5,1.0,predictive,P1 only (protect),coarse,4.999999999999999e-08,5,1.0,True,True,8.347585876535354e-06,1.3356102823471263e-05,52.87835946033362,9.999866438971761,9.99117100169625,9.991171001696254e-05,0.008862647621972641,49.999332194858816,1.0575813143714516,0.49999332194858803,6.013675632459988,6.359950979580605,1.7511029974143122e-47,1.7511031621320737e-47,4.995585500848127e-07,0.00048262883933080535,4.995585500848126e-07,,0.0,1.1464407444000244,ok
B_alpha0.005,0.8,0.5,0.005,100.0,5e-05,0.6,20,200,5,1.0,predictive,P1 only (protect),coarse,2.108482517142911e-07,5,1.0,True,True,8.484869281832479e-06,1.357575565825662e-05,52.8818741524961,9.99986424244342,9.962527592120413,0.000420116305090795,0.03718804913107654,49.99932121221708,1.0576518414728935,0.499993212122171,6.007333587653525,6.353667431323714,1.189096102662792e-37,1.1890965743406147e-37,2.100581525453975e-06,0.002003490712721826,2.1005815254539733e-06,,0.0,1.0661847591400146,ok
B_alpha0.005,0.8,0.5,0.005,100.0,5e-05,0.6,20,200,5,1.0,predictive,P1 only (protect),coarse,8.891397050194612e-07,5,1.0,True,True,9.305408470300208e-06,1.488861452599306e-05,52.89672270030898,9.99985111385474,9.844690832701746,0.0017506611005992426,0.15370739234291442,49.99925556927371,1.0579502054189756,0.49999255569273704,5.98124635091523,6.327860805612265,2.6681823516602376e-28,2.6681868148258347e-28,8.753305502996213e-06,0.00792059740868121,8.753305502996225e-06,,0.0,1.1471107006072998,ok
B_alpha0.005,0.8,0.5,0.005,100.0,5e-05,0.6,20,200,5,1.0,predictive,P1 only (protect),coarse,3.7494710466622786e-06,5,1.0,True,True,2.1205131012299013e-05,3.392810422888664e-05,52.96012662656275,9.999660718957715,9.390789716280858,0.007042098829297785,0.6025074659321294,49.99830359478857,1.0592384704844846,0.49998303594788573,5.8807695959479265,6.229137392083542,2.359667640164437e-20,2.3596842847919455e-20,3.521049414648893e-05,0.026445277447839914,3.521049414648895e-05,,0.0,1.1530132293701172,ok
B_alpha0.005,0.8,0.5,0.005,100.0,5e-05,0.6,20,200,5,1.0,predictive,P1 only (protect),coarse,1.5811388300841894e-05,5,1.0,True,True,0.00019374894849845265,0.00030999694134441343,53.19484431562884,9.996900030586536,7.9702253540935,0.02520406558374116,2.007670549736222,49.98450015293261,1.0642267933634197,0.4998450015293268,5.566097895257345,5.9235905146166035,8.22114931826144e-15,8.221393851477163e-15,0.0001260203279187058,0.06668201211894711,0.00012602032791870553,,0.0,1.2472028732299805,ok
B_alpha0.005,0.8,0.5,0.005,100.0,5e-05,0.6,20,200,5,1.0,predictive,P1 only (protect),coarse,6.66760716081662e-05,5,1.0,True,True,0.0007891661377130104,0.0012626580078390088,53.7305141635731,9.987373419921482,5.529810660491154,0.07374121027371132,4.409074709313653,49.936867099607426,1.0759688639737572,0.4993686709960741,5.030236805939667,5.412378181605885,2.107414262704435e-11,2.1076785520624432e-11,0.0003687060513685566,0.18408775037694575,0.0003687060513685576,,0.0,1.1641063690185547,ok
B_alpha0.005,0.8,0.5,0.005,100.0,5e-05,0.6,20,200,5,1.0,predictive,P1 only (protect),coarse,0.0002811706625951745,5,1.0,True,True,0.0014099962724372797,0.0022558722327636195,54.89249837948111,9.977441277672135,3.5708049609981023,0.2008011130953461,6.250952648234416,49.887206388360674,1.1003321763931893,0.4988720638836067,4.632346323622397,5.097119712078421,3.1412488007679513e-09,3.1429088219555997e-09,0.0010040055654767304,0.5428669225826638,0.001004005565476732,,0.0,1.1172044277191162,ok
B_alpha0.005,0.8,0.5,0.005,100.0,5e-05,0.6,20,200,5,1.0,predictive,P1 only (protect),coarse,0.0011856868528308275,5,1.0,True,True,0.002141109252585509,0.003421391011962199,58.104061439709,9.965786089880028,2.3098262848717517,0.5477459519178968,7.176641673330323,49.828930449400154,1.1660708129931066,0.49828930449400144,4.4739468690268325,5.216938862854082,8.858085864192007e-08,8.877765240935305e-08,0.002738729759589484,1.2110264531155317,0.0027387297595894864,,0.0,1.089223861694336,ok
B_alpha0.005,0.8,0.5,0.005,100.0,5e-05,0.6,20,200,5,1.0,predictive,P1 only (protect),coarse,0.004999999999999999,5,1.0,True,True,0.0046371140465144515,0.007333654183582892,66.37962079402072,9.926663458163452,1.3857808513999585,1.3857792444190626,7.301776446017527,49.6333172908172,1.3374004482731159,0.4963331729081726,4.565867738022588,6.106393559587167,7.465751053865476e-07,7.534798810647704e-07,0.006928896222095313,1.9040950180541543,0.006928896222095322,,0.0,1.2188446521759033,ok
B_alpha0.005,0.8,0.5,0.005,100.0,5e-05,0.6,20,200,5,1.0,predictive,P1 only (protect),coarse,4.999999999999999e-08,10,1.0,True,True,8.347585876535354e-06,1.3356102823471263e-05,52.87835946033362,9.99986643897176,9.99117100169625,9.991171001696254e-05,0.008862647621974418,49.999332194858816,1.0575813143714516,0.499993321948588,6.013675632459988,6.359950979580605,3.6995245099023405e-27,3.710033791347363e-27,4.995585500848127e-07,0.0004826288393308053,4.995585500848126e-07,,0.0,1.3658843040466309,ok
B_alpha0.005,0.8,0.5,0.005,100.0,5e-05,0.6,20,200,5,1.0,predictive,P1 only (protect),coarse,2.108482517142911e-07,10,1.0,True,True,8.484869281832477e-06,1.3575755658256617e-05,52.881874152496096,9.99986424244342,9.962527592120413,0.00042011630509079497,0.03718804913107654,49.99932121221708,1.0576518414728933,0.499993212122171,6.007333587653525,6.353667431323713,1.9043399846363538e-20,1.927027135932477e-20,2.100581525453975e-06,0.002003490712721826,2.1005815254539733e-06,,0.0,1.2881875038146973,ok
B_alpha0.005,0.8,0.5,0.005,100.0,5e-05,0.6,20,200,5,1.0,predictive,P1 only (protect),coarse,8.891397050194612e-07,10,1.0,True,True,9.305408469350308e-06,1.4888614524473231e-05,52.896722700308715,9.999851113854755,9.844690832701778,0.0017506611005990956,0.15370739234286823,49.99925556927377,1.057950205418969,0.4999925556927377,5.981246350915242,6.3278608056122385,3.351439007647616e-14,3.5160231228242875e-14,8.753305502995478e-06,0.007920597408637448,8.753305502995494e-06,,0.0,1.332796573638916,ok
B_alpha0.005,0.8,0.5,0.005,100.0,5e-05,0.6,20,200,5,1.0,predictive,P1 only (protect),coarse,3.7494710466622786e-06,10,1.0,True,True,2.1205047781684304e-05,3.392797106089136e-05,52.960126605598084,9.99966072028939,9.39078971881155,0.0070420988170767735,0.6025074620819826,49.99830360144689,1.0592384699241173,0.4999830360144695,5.880769597014909,6.229137389918341,2.655660893065763e-09,3.159083913623387e-09,3.521049408538387e-05,0.02644527372829928,3.521049408538394e-05,,0.0,1.4131100177764893,ok
B_alpha0.005,0.8,0.5,0.005,100.0,5e-05,0.6,20,200,5,1.0,predictive,P1 only (protect),coarse,1.5811388300841894e-05,10,1.0,True,True,0.00019369825291663977,0.0003099158290906712,53.19483236187524,9.996900841709067,7.970226569715348,0.025204059199798973,2.0076685293757857,49.98450420854526,1.0642264678656381,0.49984504208545333,5.566098472052661,5.923589316704929,1.2766045159358756e-06,2.04485153285094e-06,0.00012602029599899486,0.06667990083490347,0.00012602029599899465,,0.0,1.4157967567443848,ok
B_alpha0.005,0.8,0.5,0.005,100.0,5e-05,0.6,20,200,5,1.0,predictive,P1 only (protect),coarse,6.66760716081662e-05,10,1.0,True,True,0.0007885559618884935,0.0012616817364241432,53.73038322013537,9.987383182635634,5.529819409028096,0.07374114503384704,4.409056263302424,49.93691591317814,1.075965190032013,0.4993691591317817,5.030242425561001,5.412365747325837,1.1482448002723784e-05,2.6977322462362198e-05,0.00036870572516923525,0.1840648141206688,0.00036870572516923547,,0.0,1.3051929473876953,ok
B_alpha0.005,0.8,0.5,0.005,100.0,5e-05,0.6,20,200,5,1.0,predictive,P1 only (protect),coarse,0.0002811706625951745,10,1.0,True,True,0.0014086545738541405,0.002253725543185543,54.892237800491664,9.977462744567912,3.570815411859015,0.2008009702587155,6.2509208733143575,49.887313722839615,1.1003245856342967,0.4988731372283956,4.632356698630967,5.097095964931377,2.0623096316736978e-05,6.525059088911586e-05,0.0010040048512935775,0.5428223015109837,0.00100400485129358,,0.0,1.2706551551818848,ok
B_alpha0.005,0.8,0.5,0.005,100.0,5e-05,0.6,20,200,5,1.0,predictive,P1 only (protect),coarse,0.0011856868528308275,10,1.0,True,True,0.002139433302968009,0.0034187095412562467,58.10377054869732,9.965812904587082,2.309833599332923,0.5477458733581183,7.176607622721876,49.82906452293545,1.1660618377042413,0.4982906452293541,4.473958571338152,5.216912353507207,2.32763887765965e-05,8.820417463926012e-05,0.0027387293667905915,1.210978033642456,0.0027387293667905884,,0.0,1.4350371360778809,ok
B_alpha0.005,0.8,0.5,0.005,100.0,5e-05,0.6,20,200,5,1.0,predictive,P1 only (protect),coarse,0.004999999999999999,10,1.0,True,True,0.004635448967993909,0.007330990129125177,66.37937499513392,9.926690098708011,1.3857846438684915,1.3857797554158435,7.301745502007654,49.63345049353998,1.3373919067700821,0.49633450493540054,4.565878801994493,6.106369357080513,2.246897237353123e-05,9.308356663867003e-05,0.006928898777079218,1.904052770226003,0.006928898777079217,,0.0,1.5436944961547852,ok
B_alpha0.005,0.8,0.5,0.005,100.0,5e-05,0.6,20,200,5,1.0,predictive,P1 only (protect),coarse,4.999999999999999e-08,15,1.0,True,True,8.347585876527072e-06,1.3356102823458012e-05,52.87835946033362,9.999866438971765,9.99117100169625,9.991171001696056e-05,0.008862647621969089,49.99933219485881,1.0575813143714516,0.49999332194858825,6.013675632459989,6.359950979580606,1.4528790756415041e-16,1.4674141072732284e-16,4.995585500848029e-07,0.0004826288393298217,4.995585500848023e-07,,0.0,2.4827961921691895,ok
B_alpha0.005,0.8,0.5,0.005,100.0,5e-05,0.6,20,200,5,1.0,predictive,P1 only (protect),coarse,2.108482517142911e-07,15,1.0,True,True,8.484869244562716e-06,1.3575755598625228e-05,52.88187415246648,9.999864242444012,9.962527592123344,0.0004201163050816282,0.037188049127562905,49.999321212220096,1.0576518414722373,0.4999932121222006,6.007333587654405,6.353667431320703,6.337218913330588e-13,6.603719698022748e-13,2.100581525408141e-06,0.002003490708388727,2.1005815254081382e-06,,0.0,2.7291712760925293,ok
B_alpha0.005,0.8,0.5,0.005,100.0,5e-05,0.6,20,200,5,1.0,predictive,P1 only (protect),coarse,8.891397050194612e-07,15,1.0,True,True,9.305318847063467e-06,1.4888471129383751e-05,52.89672263374181,9.99985111528871,9.844690839248655,0.0017506610799201412,0.1537073843827148,49.99925557644352,1.057950203935904,0.49999255576443546,5.9812463529235025,6.327860798866302,1.3567134786509122e-09,1.5941031850519667e-09,8.753305399600707e-06,0.007920587814758833,8.753305399600708e-06,,0.0,2.542940139770508,ok
B_alpha0.005,0.8,0.5,0.005,100.0,5e-05,0.6,20,200,5,1.0,predictive,P1 only (protect),coarse,3.7494710466622786e-06,15,1.0,True,True,2.1167002227981318e-05,3.386709844048685e-05,52.96010367890883,9.999661329015597,9.390791939086196,0.007042091669587489,0.60250464022862,49.99830664507799,1.0592379468939956,0.49998306645077983,5.880770324063792,6.229135084216468,4.134907472421163e-07,7.016204641444521e-07,3.521045834793745e-05,0.026442103181167343,3.52104583479375e-05,,0.0,2.574603796005249,ok
B_alpha0.005,0.8,0.5,0.005,100.0,5e-05,0.6,20,200,5,1.0,predictive,P1 only (protect),coarse,1.5811388300841894e-05,15,1.0,True,True,0.00019263404413094568,0.00030821310461748953,53.1943924586285,9.996917868953798,7.970265658066701,0.025203932193809044,2.0076125407856917,49.98458934476895,1.0642158544450555,0.49984589344768987,5.566113644067428,5.9235463876595,7.180303065632278e-06,2.362056984210022e-05,0.00012601966096904523,0.0666234237736229,0.00012601966096904528,,0.0,2.540675163269043,ok
B_alpha0.005,0.8,0.5,0.005,100.0,5e-05,0.6,20,200,5,1.0,predictive,P1 only (protect),coarse,6.66760716081662e-05,15,1.0,True,True,0.0007850843056270004,0.001256127131445293,53.7293853357314,9.987438728685424,5.529882893747399,0.07374085137761792,4.4089375261895585,49.93719364342712,1.0759392231646445,0.4993719364342712,5.0302775207467905,5.412272887974876,1.8291336461491e-05,0.00010534657751280344,0.0003687042568880896,0.18395067015667535,0.0003687042568880885,,0.0,2.687075614929199,ok
B_alpha0.005,0.8,0.5,0.005,100.0,5e-05,0.6,20,200,5,1.0,predictive,P1 only (protect),coarse,0.0002811706625951745,15,1.0,True,True,0.0014040653520238585,0.002246382873369891,54.891190004553636,9.97753617126606,3.570857121090568,0.20079981549008236,6.25080689215329,49.887680856330455,1.1002954850243005,0.49887680856330296,4.632393280533153,5.097001411427536,2.328847622722118e-05,0.00017708274044096338,0.0010039990774504117,0.5427216709107251,0.0010039990774504124,,0.0,2.592092275619507,ok
B_alpha0.005,0.8,0.5,0.005,100.0,5e-05,0.6,20,200,5,1.0,predictive,P1 only (protect),coarse,0.0011856868528308275,15,1.0,True,True,0.0021345127868999314,0.0034108368418790252,58.102636461067895,9.965891631580856,2.309862943771522,0.5477326407098346,7.1765127839377865,49.82945815790423,1.1660298668499836,0.49829458157904283,4.473989815655384,5.21680574903683,2.4518280494286812e-05,0.00020895017596747403,0.0027386632035491733,1.210908952929609,0.002738663203549172,,0.0,2.5522658824920654,ok
B_alpha0.005,0.8,0.5,0.005,100.0,5e-05,0.6,20,200,5,1.0,predictive,P1 only (protect),coarse,0.004999999999999999,15,1.0,True,True,0.004602430240238858,0.007278160626425528,66.35887754621277,9.927218393735032,1.3861652585713193,1.3846197143520618,7.301996633341586,49.63609196867494,1.3369077804935063,0.4963609196867516,4.565727140229172,6.103956137382746,2.4159620350849673e-05,0.0002113744704030873,0.006923098571760309,1.90463739778169,0.006923098571760335,,0.0,2.5101468563079834,ok
B_alpha0.005,0.8,0.5,0.005,100.0,5e-05,0.6,20,200,5,1.0,predictive,P1 only (protect),coarse,4.999999999999999e-08,20,1.0,True,True,8.314580968028938e-06,1.3303295116200721e-05,52.877445811284844,9.999866967048847,9.9919816252733,7.99161976479717e-05,0.008071491480203363,49.999334835244234,1.0575629852981934,0.49999334835244236,6.013851180045171,6.360026407107633,3.9758688810271687e-07,4.035745740106115e-07,3.995809882398585e-07,4.2114503336343954e-09,3.9958098823985863e-07,,0.0,8.049546957015991,ok
B_alpha0.005,0.8,0.5,0.005,100.0,5e-05,0.6,20,200,5,1.0,predictive,P1 only (protect),coarse,2.108482517142911e-07,20,1.0,True,True,8.340045456236345e-06,1.334403818246653e-05,52.87804524341789,9.99986655961817,9.96587045885103,0.00033591349021686934,0.03392706804058321,49.999332798090926,1.0575750171897669,0.49999332798090845,6.008056910910577,6.353970890833351,1.595354947670014e-06,1.6963534020287774e-06,1.6795674510843467e-06,1.7727734319549492e-08,1.679567451084348e-06,,0.0,8.126159429550171,ok
B_alpha0.005,0.8,0.5,0.005,100.0,5e-05,0.6,20,200,5,1.0,predictive,P1 only (protect),coarse,8.891397050194612e-07,20,1.0,True,True,8.584879156771123e-06,1.373577090858637e-05,52.88102803451794,9.999862642290912,9.857596453902877,0.0013974693704531655,0.14114343443575805,49.99931321145456,1.0576350881236343,0.4999931321145456,5.984029245625482,6.3289192985315115,5.585595582543234e-06,7.057171721787842e-06,6.987346852265828e-06,7.432253692760583e-08,6.987346852265827e-06,,0.0,7.994102954864502,ok
B_alpha0.005,0.8,0.5,0.005,100.0,5e-05,0.6,20,200,5,1.0,predictive,P1 only (protect),coarse,3.7494710466622786e-06,20,1.0,True,True,1.6585977902867395e-05,2.653748218282363e-05,52.902506708824326,9.999734625178174,9.431480494053798,0.005576575125493538,0.5632083056425348,49.9986731258908,1.058078212908211,0.4999867312589087,5.889425726782781,6.231473048049966,1.3721881760148422e-05,2.8160415282127e-05,2.7882875627467688e-05,1.4210244160265734e-06,2.788287562746775e-05,,0.0,8.122106552124023,ok
B_alpha0.005,0.8,0.5,0.005,100.0,5e-05,0.6,20,200,5,1.0,predictive,P1 only (protect),coarse,1.5811388300841894e-05,20,1.0,True,True,0.00017220572955940113,0.00027552792010127346,53.038019289234576,9.99724472079896,8.063721326394784,0.01922559153291118,1.9198083612733434,49.98622360399483,1.0610527354380068,0.499862236039948,5.585071274609283,5.926055153540415,2.0942006778704073e-05,9.59904180636672e-05,9.61279576645559e-05,0.0010681580993631683,9.612795766455598e-05,,0.0,7.8726818561553955,ok
B_alpha0.005,0.8,0.5,0.005,100.0,5e-05,0.6,20,200,5,1.0,predictive,P1 only (protect),coarse,6.66760716081662e-05,20,1.0,True,True,0.0007400316940822909,0.001184043268846552,53.348393963108876,9.988159567311422,5.719937378038491,0.050005210671251105,4.241897843978835,49.94079783655707,1.0682327130155982,0.4994079783655711,5.0644984264628725,5.410062894163662,2.3907947455001407e-05,0.00021209489219894235,0.00025002605335625554,0.03027550314506556,0.00025002605335625435,,0.0,8.079926490783691,ok
B_alpha0.005,0.8,0.5,0.005,100.0,5e-05,0.6,20,200,5,1.0,predictive,P1 only (protect),coarse,0.0002811706625951745,20,1.0,True,True,0.0012962356570682698,0.002073856917018055,53.772510017289775,9.9792614308296,3.982179050399867,0.11361151652155528,5.9249480022489776,49.89630715414803,1.0776851651799948,0.49896307154148,4.6930501783666925,5.057630556671113,2.4730546214297688e-05,0.00029624740011244917,0.0005680575826077764,0.1511118407699191,0.0005680575826077733,,0.0,8.117413997650146,ok
B_alpha0.005,0.8,0.5,0.005,100.0,5e-05,0.6,20,200,5,1.0,predictive,P1 only (protect),coarse,0.0011856868528308275,20,1.0,True,True,0.0016223806529274093,0.002591446836767424,54.63618161120002,9.974085531632067,3.1172152174684937,0.27478110676135775,6.6339181441380815,49.87042765816022,1.095562724781647,0.4987042765816033,4.556575225181442,4.992013969372327,2.4899965313426378e-05,0.0003316959072069018,0.0013739055338067888,0.38202456819814257,0.0013739055338067706,,0.0,8.053382158279419,ok
B_alpha0.005,0.8,0.5,0.005,100.0,5e-05,0.6,20,200,5,1.0,predictive,P1 only (protect),coarse,0.004999999999999999,20,1.0,True,True,0.0018823448380814961,0.0029261856551934633,56.941385309906174,9.97073814344769,2.6586057009651243,0.7016073301639757,6.669048825423211,49.8536907172386,1.1421699073969815,0.4985369071723845,4.612337994037834,5.268073659533773,2.4668922288612135e-05,0.0003334524412711561,0.0035080366508198784,0.6958968536176134,0.0035080366508198984,,0.0,7.9034717082977295,ok
B_alpha0.005,0.8,0.5,0.005,100.0,5e-05,0.6,20,200,5,1.0,predictive,P1+P2 (protect),coarse,4.999999999999999e-08,5,3.0,True,True,8.415366648585438e-06,1.3464551756062013e-05,52.88010763430836,9.99986535448245,9.973718593515441,0.00025922761795997817,0.02615682438414879,49.999326772412196,1.057616393016829,0.4999932677241225,6.009798070452073,6.356060958031019,5.869997965731922e-40,5.869999622218026e-40,1.2961380897998909e-06,0.0012401894774457668,1.2961380897998894e-06,,0.0,1.2100303173065186,ok
B_alpha0.005,0.8,0.5,0.005,100.0,5e-05,0.6,20,200,5,1.0,predictive,P1+P2 (protect),coarse,2.108482517142911e-07,5,3.0,True,True,8.872163173369426e-06,1.4195424093277046e-05,52.889257745602684,9.999858045759064,9.890346207658121,0.0010829190390622496,0.10871282754375322,49.999290228795324,1.057800170834085,0.4999929022879532,5.991297204237979,6.337595206160709,1.958352063214105e-30,1.9583543936646947e-30,5.4145951953112484e-06,0.004961277224891212,5.414595195311244e-06,,0.0,1.2002208232879639,ok
B_alpha0.005,0.8,0.5,0.005,100.0,5e-05,0.6,20,200,5,1.0,predictive,P1+P2 (protect),coarse,8.891397050194612e-07,5,3.0,True,True,1.4452424250244339e-05,2.3123812187737934e-05,52.92836710609415,9.999768761878128,9.561776725678824,0.004395626257473466,0.434058886185575,49.99884380939065,1.05859182080033,0.4999884380939064,5.9183878146436575,6.265156932906115,4.821545471188486e-22,4.821569666564346e-22,2.197813128736733e-05,0.017057207587762753,2.1978131287367325e-05,,0.0,1.0994126796722412,ok
B_alpha0.005,0.8,0.5,0.005,100.0,5e-05,0.6,20,200,5,1.0,predictive,P1+P2 (protect),coarse,3.7494710466622786e-06,5,3.0,True,True,0.00011484650073482846,0.00018375364244939383,53.08297518645314,9.998162463575492,8.456394404646078,0.01608841497257496,1.5293547168058552,49.99081231787746,1.0618546233838628,0.4999081231787746,5.672819146271801,6.02370923808921,6.701908996416848e-16,6.702050814588869e-16,8.04420748628748e-05,0.04095568882890512,8.044207486287486e-05,,0.0,1.1639246940612793,ok
B_alpha0.005,0.8,0.5,0.005,100.0,5e-05,0.6,20,200,5,1.0,predictive,P1+P2 (protect),coarse,1.5811388300841894e-05,5,3.0,True,True,0.0006160305405331834,0.0009856433751042478,53.444166413312686,9.990143566248856,6.189013562489447,0.04659790304080311,3.774244968220894,49.95071783124431,1.069937905474568,0.4995071783124428,5.169781249158395,5.5313449214862285,4.521270397545389e-12,4.521673801433431e-12,0.00023298951520401553,0.09056949799770492,0.00023298951520401494,,0.0,1.080033779144287,ok
B_alpha0.005,0.8,0.5,0.005,100.0,5e-05,0.6,20,200,5,1.0,predictive,P1+P2 (protect),coarse,6.66760716081662e-05,5,3.0,True,True,0.0012358300215994922,0.001977277753216682,54.037275727708774,9.980227222467642,4.136731220005821,0.11677053544424285,5.766271022082295,49.901136112338165,1.0828866823003642,0.49901136112338207,4.729466139478383,5.121475896831658,1.1425671069703748e-09,1.1429967766500585e-09,0.0005838526772212143,0.26802632096589013,0.0005838526772212155,,0.0,1.1192994117736816,ok
B_alpha0.005,0.8,0.5,0.005,100.0,5e-05,0.6,20,200,5,1.0,predictive,P1+P2 (protect),coarse,0.0002811706625951745,5,3.0,True,True,0.0016676388617247995,0.002666239254756989,55.4700871567089,9.973337607452162,2.890015194105659,0.30799935796681266,6.828647840475366,49.86668803726079,1.1123675812450429,0.4986668803726081,4.517529819866134,5.025153718926846,4.5200962401070944e-08,4.527248555480234e-08,0.0015399967898340632,0.7091951573573262,0.0015399967898340606,,0.0,1.2663335800170898,ok
B_alpha0.005,0.8,0.5,0.005,100.0,5e-05,0.6,20,200,5,1.0,predictive,P1+P2 (protect),coarse,0.0011856868528308275,5,3.0,True,True,0.002322736215145627,0.003671802554348648,59.63553588729983,9.963281974456136,1.9585874220678459,0.834356675284058,7.243773928191961,49.81640987228061,1.1971062555530099,0.49816409872280676,4.50152999889876,5.388809721241239,4.960611159801643e-07,4.993408522421075e-07,0.00417178337642029,1.445271513549733,0.004171783376420293,,0.0,1.1156747341156006,ok
B_alpha0.005,0.8,0.5,0.005,100.0,5e-05,0.6,20,200,5,1.0,predictive,P1+P2 (protect),coarse,0.004999999999999999,5,3.0,True,True,0.005137019855160629,0.007659168527912838,70.37508667794681,9.923408314720083,1.154837949194096,2.072951637594627,6.848802098491193,49.61704157360048,1.4183652319043336,0.4961704157360042,4.770908998154082,6.766891447561287,1.9110609626850327e-06,1.9623713783316157e-06,0.010364758187973135,2.153860199471208,0.010364758187973137,,0.0,1.1128017902374268,ok
B_alpha0.005,0.8,0.5,0.005,100.0,5e-05,0.6,20,200,5,1.0,predictive,P1+P2 (protect),coarse,4.999999999999999e-08,5,10.0,True,True,8.707792062373414e-06,1.3932431080809344e-05,52.88623195577027,9.999860675689197,9.91346106283499,0.0008116438011947438,0.08586661767461834,49.99930337844595,1.0577393759963631,0.49999303378445986,5.9964106329248175,6.342639641087853,6.066715292073748e-32,6.066720998729643e-32,4.058219005973719e-06,0.0037534684479455923,4.0582190059737226e-06,,0.0,1.2287583351135254,ok
B_alpha0.005,0.8,0.5,0.005,100.0,5e-05,0.6,20,200,5,1.0,predictive,P1+P2 (protect),coarse,2.108482517142911e-07,5,10.0,True,True,1.2083524169542937e-05,1.9333585085793006e-05,52.91541015294256,9.999806664149148,9.650525180544143,0.003315380231292646,0.34635277507541673,49.99903332074575,1.0583286643461312,0.4999903332074574,5.938016500674751,6.284373072024397,2.751202567562594e-23,2.751213480665488e-23,1.657690115646323e-05,0.01328231930804202,1.657690115646323e-05,,0.0,1.140988826751709,ok
B_alpha0.005,0.8,0.5,0.005,100.0,5e-05,0.6,20,200,5,1.0,predictive,P1+P2 (protect),coarse,8.891397050194612e-07,5,10.0,True,True,7.81282508462592e-05,0.00012500471294549174,53.03502844566836,9.99874995287054,8.73038680016067,0.012377834445881674,1.2584854125229086,49.99374976435267,1.0608331780602749,0.499937497643527,5.733454322949873,6.082238570678336,9.942349009600741e-17,9.942515314333338e-17,6.188917222940838e-05,0.03263134618351936,6.188917222940834e-05,,0.0,1.1808955669403076,ok
B_alpha0.005,0.8,0.5,0.005,100.0,5e-05,0.6,20,200,5,1.0,predictive,P1+P2 (protect),coarse,3.7494710466622786e-06,5,10.0,True,True,0.0005056911969201107,0.0008091016333302584,53.33644746829927,9.99190898366662,6.616845706611381,0.036530170007241465,3.3547151397147577,49.95954491833305,1.0675927403959806,0.49959544918333104,5.263173542261347,5.618925865162412,1.4121056451404593e-12,1.412205240773988e-12,0.00018265085003620732,0.06220616013133761,0.0001826508500362069,,0.0,1.193505048751831,ok
B_alpha0.005,0.8,0.5,0.005,100.0,5e-05,0.6,20,200,5,1.0,predictive,P1+P2 (protect),coarse,1.5811388300841894e-05,5,10.0,True,True,0.001138998763711447,0.0018223691870951665,53.76591159968104,9.981776308128884,4.47677288941389,0.08733701149430319,5.454113790962922,49.90888154064436,1.0772814364893275,0.49908881540644423,4.795691468489026,5.166309394133471,5.368228956247918e-10,5.369824927251175e-10,0.00043668505747151596,0.1662807077216015,0.00043668505747151515,,0.0,1.0605242252349854,ok
B_alpha0.005,0.8,0.5,0.005,100.0,5e-05,0.6,20,200,5,1.0,predictive,P1+P2 (protect),coarse,6.66760716081662e-05,5,10.0,True,True,0.0015587605871982607,0.002492896031414646,54.57756072023442,9.975071039685599,3.246795260146642,0.21417265317349896,6.56396104699426,49.87535519842796,1.0942791385264095,0.49875355198427995,4.563389892787123,4.993622360639217,2.7254386863973554e-08,2.7288496409256706e-08,0.0010708632658674947,0.43295940487757034,0.0010708632658674919,,0.0,1.125612497329712,ok
B_alpha0.005,0.8,0.5,0.005,100.0,5e-05,0.6,20,200,5,1.0,predictive,P1+P2 (protect),coarse,0.0002811706625951745,5,10.0,True,True,0.0018710375974991201,0.002965805330723956,56.851322316661204,9.970341946692452,2.446110277477862,0.5681920435065188,7.015355732323167,49.8517097334622,1.1404086764651247,0.49851709733462257,4.514091134910685,5.1479086966064465,3.61504747450675e-07,3.6339878875494044e-07,0.002840960217532594,0.9549650278539787,0.002840960217532594,,0.0,1.1685678958892822,ok
B_alpha0.005,0.8,0.5,0.005,100.0,5e-05,0.6,20,200,5,1.0,predictive,P1+P2 (protect),coarse,0.0011856868528308275,5,10.0,True,True,0.0027302592361110323,0.003981726647041335,63.31525783198811,9.960182733529143,1.6847847367320907,1.480705549476613,6.874326980262154,49.80091366764594,1.2713673940709647,0.49800913667645713,4.6816123958344225,5.952049351742335,1.6378895745087095e-06,1.6730065713904713e-06,0.007403527747383065,1.7223328691568114,0.007403527747383091,,0.0,1.1830778121948242,ok
B_alpha0.005,0.8,0.5,0.005,100.0,5e-05,0.6,20,200,5,1.0,predictive,P1+P2 (protect),coarse,0.004999999999999999,5,10.0,True,True,0.007099678519703498,0.008561924192768437,78.22704363644054,9.914380758071433,0.9532842553804297,3.272460737538286,5.859874249009851,49.57190379035721,1.578052034621623,0.49571903790357164,5.173038154122102,8.163323384287667,2.870469971232716e-06,3.1016141743846966e-06,0.01636230368769143,2.3401215360522065,0.0163623036876915,,0.0,1.0699570178985596,ok
B_alpha0.005,0.8,0.5,0.005,100.0,5e-05,0.6,20,200,5,1.0,predictive,P1+P2 (protect),coarse,4.999999999999999e-08,5,30.0,True,True,1.0301586313690956e-05,1.6482493974232116e-05,52.90386605086507,9.99983517506025,9.747758218764726,0.00234704606443148,0.2500595601105928,49.999175875301276,1.0580947610578249,0.4999917587530125,5.9595977525531545,6.30581915998848,3.453684271087746e-25,3.453694017178998e-25,1.17352303221574e-05,0.009884045876225411,1.1735230322157405e-05,,0.0,1.268244981765747,ok
B_alpha0.005,0.8,0.5,0.005,100.0,5e-05,0.6,20,200,5,1.0,predictive,P1+P2 (protect),coarse,2.108482517142911e-07,5,30.0,True,True,4.442503056199033e-05,7.107979437082341e-05,52.98995396936859,9.999289202056278,9.049935191619136,0.009036070552275271,0.9417395357723102,49.99644601028142,1.059874415042853,0.4999644601028139,5.804486916002341,6.1520271747218755,4.7712598210699906e-18,4.7713165982395015e-18,4.5180352761376355e-05,0.02677801606673106,4.5180352761376457e-05,,0.0,1.0946593284606934,ok
B_alpha0.005,0.8,0.5,0.005,100.0,5e-05,0.6,20,200,5,1.0,predictive,P1+P2 (protect),coarse,8.891397050194612e-07,5,30.0,True,True,0.0003620422218669099,0.0005792646856311836,53.24366102698182,9.994207353143631,7.200118594414197,0.02835952763163171,2.7773145248105413,49.97103676571815,1.0654904215137038,0.4997103676571816,5.392545049310593,5.74570509762158,2.214497153264028e-13,2.214608271558103e-13,0.00014179763815815857,0.048977759359121985,0.00014179763815815808,,0.0,1.1649701595306396,ok
B_alpha0.005,0.8,0.5,0.005,100.0,5e-05,0.6,20,200,5,1.0,predictive,P1+P2 (protect),coarse,3.7494710466622786e-06,5,30.0,True,True,0.0010013606742952908,0.0016021621074382053,53.61906402192551,9.983978378925457,4.915112904239007,0.06864026751974128,5.0322684493157945,49.91989189462727,1.0741021662287769,0.49919891894627283,4.888374048531935,5.250613154864687,1.6430689242352186e-10,1.64341649141604e-10,0.00034320133759870643,0.11703983029916376,0.000343201337598706,,0.0,1.1525611877441406,ok
B_alpha0.005,0.8,0.5,0.005,100.0,5e-05,0.6,20,200,5,1.0,predictive,P1+P2 (protect),coarse,1.5811388300841894e-05,5,30.0,True,True,0.001471565286876397,0.002354028809248741,54.188731051238975,9.976459711907273,3.529654877052808,0.16052156940155987,6.333363841638359,49.88229855953633,1.08633187756099,0.49882298559536364,4.607550006551084,5.005328449572791,1.2324351822949535e-08,1.2335332018502787e-08,0.0008026078470077994,0.3003953731669119,0.0008026078470077959,,0.0,1.099684238433838,ok
B_alpha0.005,0.8,0.5,0.005,100.0,5e-05,0.6,20,200,5,1.0,predictive,P1+P2 (protect),coarse,6.66760716081662e-05,5,30.0,True,True,0.001754461768567919,0.0027933951371076557,55.605430054892246,9.97206604862864,2.782154062857004,0.40864192730826515,6.837137961206091,49.860330243143224,1.1152238620108035,0.498603302431432,4.530559155524544,5.052587678492486,2.1746313094234283e-07,2.1827591652612e-07,0.002043209636541326,0.6455267114413387,0.0020432096365413208,,0.0,1.417436122894287,ok
B_alpha0.005,0.8,0.5,0.005,100.0,5e-05,0.6,20,200,5,1.0,predictive,P1+P2 (protect),coarse,0.0002811706625951745,5,30.0,True,True,0.0021499201181070433,0.0032207184346549037,59.63005957864641,9.967792815653109,2.173571545470555,1.0664503504685219,6.792185288407815,49.83896407826551,1.1964546350723757,0.49838964078265546,4.638986403398023,5.550336784383294,1.2520648493520374e-06,1.2713782604078058e-06,0.00533225175234261,1.2078613183279958,0.005332251752342601,,0.0,1.0689678192138672,ok
B_alpha0.005,0.8,0.5,0.005,100.0,5e-05,0.6,20,200,5,1.0,predictive,P1+P2 (protect),coarse,0.0011856868528308275,5,30.0,True,True,0.004053939596568742,0.004624353533813615,69.64534835444064,9.953756464661364,1.4872918296915976,2.4804453845572056,6.078506321089833,49.76878232330691,1.399378186550999,0.4976878232330682,5.010526400545666,7.011621348061499,2.7210248124900256e-06,2.8835770396306114e-06,0.012402226922786029,1.9247441247737134,0.012402226922786077,,0.0,1.2425787448883057,ok
B_alpha0.005,0.8,0.5,0.005,100.0,5e-05,0.6,20,200,5,1.0,predictive,P1+P2 (protect),coarse,0.004999999999999999,5,30.0,True,True,0.011767437337196787,0.01051532719877415,88.0891193578722,9.89484672801116,0.8253434784712459,4.591457465289561,4.688352328228033,49.474233640056,1.7805049795971433,0.494742336400558,5.632748235218576,10.029136281623694,2.611736804621781e-06,3.1061009432237145e-06,0.022957287326447803,2.3449886436520027,0.022957287326447886,,0.0,1.22068190574646,ok
B_alpha0.005,0.8,0.5,0.005,100.0,5e-05,0.6,20,200,5,1.0,predictive,P1+P2 (protect),coarse,4.999999999999999e-08,5,100.0,True,True,3.060260280061501e-05,4.8963999916875304e-05,52.96629978874936,9.999510360000833,9.227688783470706,0.007270579494118704,0.7655302770343422,49.99755180000415,1.0593778671527865,0.4999755180000417,5.8440053549169,6.191009928521329,4.813656337090138e-19,4.813701616052631e-19,3.635289747059352e-05,0.023304113926366554,3.63528974705936e-05,,0.0,1.1273910999298096,ok
B_alpha0.005,0.8,0.5,0.005,100.0,5e-05,0.6,20,200,5,1.0,predictive,P1+P2 (protect),coarse,2.108482517142911e-07,5,100.0,True,True,0.00027604513522582044,0.0004416701262471541,53.18820140966908,9.995583298737484,7.584304962936377,0.023825579366054735,2.396286158960084,49.97791649368743,1.064234068588816,0.49977916493687424,5.47802553796826,5.8299014061053995,5.3985027673152925e-14,5.3987168940116115e-14,0.00011912789683027367,0.04349882228809202,0.00011912789683027355,,0.0,1.104236364364624,ok
B_alpha0.005,0.8,0.5,0.005,100.0,5e-05,0.6,20,200,5,1.0,predictive,P1+P2 (protect),coarse,8.891397050194612e-07,5,100.0,True,True,0.0008995776772703732,0.0014393136263458853,53.543679299665556,9.985606863736399,5.243429821658931,0.05917406389279135,4.711789250711878,49.928034318681966,1.0724171305825012,0.4992803431868199,4.959491579778417,5.318643729134046,6.759877411176559e-11,6.761007820031388e-11,0.00029587031946395675,0.09569560298981701,0.00029587031946395583,,0.0,1.1397736072540283,ok
B_alpha0.005,0.8,0.5,0.005,100.0,5e-05,0.6,20,200,5,1.0,predictive,P1+P2 (protect),coarse,3.7494710466622786e-06,5,100.0,True,True,0.0014099199610494487,0.0022556139895923114,54.02878487937249,9.977443860103834,3.712767512752493,0.13572003732730598,6.1740685898163665,49.88721930051923,1.0830185694236552,0.4988721930051917,4.639903159822969,5.025101282415769,6.807112288443892e-09,6.811907801381624e-09,0.0006786001866365299,0.24577517375589542,0.0006786001866365288,,0.0,1.2373840808868408,ok
B_alpha0.005,0.8,0.5,0.005,100.0,5e-05,0.6,20,200,5,1.0,predictive,P1+P2 (protect),coarse,1.5811388300841894e-05,5,100.0,True,True,0.0017057107018939638,0.0027208528445227123,55.11957244277255,9.97279147155451,2.943323661480158,0.33634618769830454,6.747538679267028,49.863957357772435,1.105399077078685,0.4986395735777255,4.540008075271859,5.01852073633529,1.4767770278764965e-07,1.4811462304824486e-07,0.0016817309384915228,0.5179637131472973,0.001681730938491527,,0.0,1.1259312629699707,ok
B_alpha0.005,0.8,0.5,0.005,100.0,5e-05,0.6,20,200,5,1.0,predictive,P1+P2 (protect),coarse,6.66760716081662e-05,5,100.0,True,True,0.0020052585811961665,0.0030634095808535415,58.12538823802531,9.969365904191148,2.452830637152853,0.8675740772728143,6.710229381383183,49.84682952095568,1.1660799452368242,0.49846829520955743,4.6278018520048585,5.396386930152699,1.0076196007066369e-06,1.019977756729685e-06,0.0043378703863640716,0.9186744188805364,0.004337870386364059,,0.0,1.122866153717041,ok
B_alpha0.005,0.8,0.5,0.005,100.0,5e-05,0.6,20,200,5,1.0,predictive,P1+P2 (protect),coarse,0.0002811706625951745,5,100.0,True,True,0.0032215908669261857,0.0037790010097055724,65.67064662076875,9.962209989902538,1.9425124706314418,2.0490360261825526,6.0462415132834675,49.81104994951271,1.3183951490147459,0.4981104994951269,4.954195780352478,6.5315876840860305,2.5514540544831536e-06,2.6746816063550863e-06,0.010245180130912763,1.4546797188431217,0.010245180130912768,,0.0,1.1138041019439697,ok
B_alpha0.005,0.8,0.5,0.005,100.0,5e-05,0.6,20,200,5,1.0,predictive,P1+P2 (protect),coarse,0.0011856868528308275,5,100.0,True,True,0.008218857775329663,0.006391714403103989,79.90401123910966,9.936082855968301,1.3302809176866013,3.8988440550104975,4.834792171334599,49.6804142798415,1.6083604051492741,0.49680414279841506,5.5017512316488935,8.848798839965331,2.74146501455258e-06,3.181089461017256e-06,0.019494220275052487,1.976757533989382,0.019494220275052522,,0.0,1.1697089672088623,ok
B_alpha0.005,0.8,0.5,0.005,100.0,5e-05,0.6,20,200,5,1.0,predictive,P1+P2 (protect),coarse,0.004999999999999999,5,100.0,True,True,0.021302506204399465,0.01440100667595767,98.8583732032881,9.855989933238972,0.7468341011206857,5.8401928666785,3.556983098961843,49.27994966619484,2.006056699995032,0.49279949666194856,6.069927620316584,12.176618971220984,1.789443137006417e-06,2.4495438670112257e-06,0.0292009643333925,2.221696033788365,0.02920096433339259,,0.0,1.3498799800872803,ok
B_alpha0.005,0.8,0.5,0.005,100.0,5e-05,0.6,20,200,5,1.0,predictive,P1+P2 (protect),coarse,4.999999999999999e-08,10,3.0,True,True,8.41536664858544e-06,1.3464551756062014e-05,52.880107634308374,9.999865354482454,9.973718593515443,0.0002592276179599782,0.026156824384143462,49.99932677241221,1.057616393016829,0.49999326772412267,6.009798070452074,6.356060958031022,5.137916812299975e-22,5.18155294816123e-22,1.296138089799891e-06,0.001240189477445767,1.2961380897998896e-06,,0.0,1.3404598236083984,ok
B_alpha0.005,0.8,0.5,0.005,100.0,5e-05,0.6,20,200,5,1.0,predictive,P1+P2 (protect),coarse,2.108482517142911e-07,10,3.0,True,True,8.87216317333236e-06,1.419542409321774e-05,52.88925774560267,9.999858045759066,9.890346207658125,0.0010829190390622488,0.10871282754374789,49.999290228795324,1.0578001708340845,0.4999929022879533,5.991297204237981,6.337595206160708,1.327347601565896e-15,1.3741169336151502e-15,5.414595195311244e-06,0.004961277224889496,5.414595195311236e-06,,0.0,1.2550055980682373,ok
B_alpha0.005,0.8,0.5,0.005,100.0,5e-05,0.6,20,200,5,1.0,predictive,P1+P2 (protect),coarse,8.891397050194612e-07,10,3.0,True,True,1.4452415842345091e-05,2.312379873519736e-05,52.92836710395591,9.999768762012641,9.561776725941478,0.004395626257118979,0.43405888578876173,49.99884381006324,1.0585918207433236,0.49998843810063204,5.91838781475335,6.265156932684849,2.78948568176562e-10,3.177955981566049e-10,2.1978131285594892e-05,0.017057207206280553,2.197813128559489e-05,,0.0,1.3471477031707764,ok
B_alpha0.005,0.8,0.5,0.005,100.0,5e-05,0.6,20,200,5,1.0,predictive,P1+P2 (protect),coarse,3.7494710466622786e-06,10,3.0,True,True,0.0001148293942776041,0.00018372627233839613,53.0829710726813,9.998162737276594,8.456394850838374,0.016088414674284957,1.5293539972107482,49.99081368638301,1.0618545120248877,0.49990813686382973,5.6728193497214185,6.023708822403777,4.632273125949934e-07,6.812111080391538e-07,8.044207337142478e-05,0.040954957021925,8.044207337142492e-05,,0.0,1.3266074657440186,ok
B_alpha0.005,0.8,0.5,0.005,100.0,5e-05,0.6,20,200,5,1.0,predictive,P1+P2 (protect),coarse,1.5811388300841894e-05,10,3.0,True,True,0.0006156135142771345,0.000984976139519498,53.44407462277244,9.990150238604713,6.189020566718523,0.046597912792014536,3.7742312818847497,49.950751193023606,1.0699353532492366,0.4995075119302356,5.16978534156704,5.531336105652256,8.429308381989233e-06,1.8150931474289378e-05,0.0002329895639600727,0.09055320462421719,0.00023298956396007196,,0.0,1.3472392559051514,ok
B_alpha0.005,0.8,0.5,0.005,100.0,5e-05,0.6,20,200,5,1.0,predictive,P1+P2 (protect),coarse,6.66760716081662e-05,10,3.0,True,True,0.0012346514082834169,0.001975391995011072,54.037039344364935,9.980246080049701,4.136742539312451,0.11677060095977308,5.766240779678075,49.90123040024846,1.0828798991717024,0.4990123040024851,4.729475807684359,5.121454285760245,1.9063208886941615e-05,5.684396392234308e-05,0.0005838530047988655,0.2679846756744128,0.0005838530047988663,,0.0,1.347752571105957,ok
B_alpha0.005,0.8,0.5,0.005,100.0,5e-05,0.6,20,200,5,1.0,predictive,P1+P2 (protect),coarse,0.0002811706625951745,10,3.0,True,True,0.0016660538225356835,0.002663703234214409,55.46979599015517,9.973362967657577,2.8900247874497413,0.3079995480126815,6.8286126968800005,49.86681483828794,1.112358913839535,0.4986681483828789,4.517541590392916,5.02512765671439,2.2985954977241716e-05,8.424957122525586e-05,0.0015399977400634075,0.7091447182794157,0.001539997740063404,,0.0,1.2635548114776611,ok
B_alpha0.005,0.8,0.5,0.005,100.0,5e-05,0.6,20,200,5,1.0,predictive,P1+P2 (protect),coarse,0.0011856868528308275,10,3.0,True,True,0.0023211215300629404,0.003669219120882813,59.63526702368567,9.963307808790805,1.9585936181183707,0.8343573262125179,7.243741246878306,49.81653904395398,1.1970977544439299,0.4981653904395403,4.501541354582637,5.38878504710736,2.288813489517258e-05,9.347851060448373e-05,0.00417178663106259,1.4452254605043016,0.004171786631062581,,0.0,1.5129508972167969,ok
B_alpha0.005,0.8,0.5,0.005,100.0,5e-05,0.6,20,200,5,1.0,predictive,P1+P2 (protect),coarse,0.004999999999999999,10,3.0,True,True,0.005135666894572518,0.007657003870550202,70.37489278045226,9.923429961293706,1.1548408237402814,2.072953138711219,6.848776076254794,49.617149806468646,1.418358230066601,0.4961714980646853,4.770918349685774,6.7668713062525825,1.999073219167964e-05,8.470504244026454e-05,0.010364765693556096,2.153825008652632,0.0103647656935561,,0.0,1.330695629119873,ok
B_alpha0.005,0.8,0.5,0.005,100.0,5e-05,0.6,20,200,5,1.0,predictive,P1+P2 (protect),coarse,4.999999999999999e-08,10,10.0,True,True,8.707792062369751e-06,1.3932431080803486e-05,52.88623195577026,9.999860675689197,9.91346106283499,0.0008116438011947439,0.08586661767461834,49.99930337844595,1.057739375996363,0.49999303378445986,5.9964106329248175,6.342639641087852,1.3208335012519497e-16,1.357784998026458e-16,4.05821900597372e-06,0.0037534684479454215,4.058219005973722e-06,,0.0,1.284715175628662,ok
B_alpha0.005,0.8,0.5,0.005,100.0,5e-05,0.6,20,200,5,1.0,predictive,P1+P2 (protect),coarse,2.108482517142911e-07,10,10.0,True,True,1.208352269890841e-05,1.9333582732794787e-05,52.91541015256656,9.999806664172677,9.650525180590733,0.0033153802312829864,0.3463527750053057,49.99903332086335,1.0583286643361218,0.49999033320863384,5.938016500694102,6.284373071985441,4.982052327863405e-11,5.53999608327266e-11,1.6576901156414934e-05,0.013282319240823178,1.657690115641496e-05,,0.0,1.3112084865570068,ok
B_alpha0.005,0.8,0.5,0.005,100.0,5e-05,0.6,20,200,5,1.0,predictive,P1+P2 (protect),coarse,8.891397050194612e-07,10,10.0,True,True,7.81212576034778e-05,0.0001249935238452735,53.0350267434341,9.99875006476153,8.730386991125455,0.012377834562305248,1.2584851095507101,49.993750323807625,1.0608331321400823,0.4999375032380765,5.733454408141785,6.0822383977714125,1.980470499909608e-07,2.7581973476311017e-07,6.188917281152624e-05,0.03263104263942388,6.188917281152617e-05,,0.0,1.347851037979126,ok
B_alpha0.005,0.8,0.5,0.005,100.0,5e-05,0.6,20,200,5,1.0,predictive,P1+P2 (protect),coarse,3.7494710466622786e-06,10,10.0,True,True,0.0005053891547429105,0.0008086183703452008,53.33637991198399,9.991913816296472,6.616851277545472,0.0365301887864064,3.354704717371649,49.95956908148237,1.0675908718306628,0.49959569081482363,5.263176623029989,5.61891931957935,6.411265850072945e-06,1.296630770563703e-05,0.00018265094393203203,0.062194122594628504,0.00018265094393203187,,0.0,1.3405702114105225,ok
B_alpha0.005,0.8,0.5,0.005,100.0,5e-05,0.6,20,200,5,1.0,predictive,P1+P2 (protect),coarse,1.5811388300841894e-05,10,10.0,True,True,0.0011379359527349405,0.0018206687094696704,53.765694731265256,9.981793312905127,4.476784279603136,0.08733712081127092,5.454085286680467,49.90896656452563,1.0772752559753644,0.49908966564525636,4.7957004725358034,5.166289454132184,1.775680509755683e-05,5.0620094566263254e-05,0.0004366856040563546,0.16624214090217282,0.00043668560405635303,,0.0,1.3315799236297607,ok
B_alpha0.005,0.8,0.5,0.005,100.0,5e-05,0.6,20,200,5,1.0,predictive,P1+P2 (protect),coarse,6.66760716081662e-05,10,10.0,True,True,0.0015572285114480347,0.0024904447487302194,54.57727249339988,9.975095552512448,3.2468061453740265,0.21417286956852655,6.563925432544998,49.87547776256219,1.094270670513095,0.49875477762562237,4.56340164605664,4.99359657905096,2.265844485702353e-05,8.090341345359494e-05,0.0010708643478426327,0.4329084326324882,0.0010708643478426318,,0.0,1.2556333541870117,ok
B_alpha0.005,0.8,0.5,0.005,100.0,5e-05,0.6,20,200,5,1.0,predictive,P1+P2 (protect),coarse,0.0002811706625951745,10,10.0,True,True,0.0018694342064379042,0.0029632399633092318,56.85104184193325,9.970367600366597,2.446118650677049,0.5681924700169636,7.015321278939391,49.851838001833045,1.1404001160367017,0.4985183800183298,4.514102829431745,5.147883390485565,2.307834246673481e-05,9.311441937662406e-05,0.002840962350084818,0.9549158722595642,0.0028409623500848125,,0.0,1.5640101432800293,ok
B_alpha0.005,0.8,0.5,0.005,100.0,5e-05,0.6,20,200,5,1.0,predictive,P1+P2 (protect),coarse,0.0011856868528308275,10,10.0,True,True,0.0027288838476099042,0.003979526101667777,63.315036698114696,9.96020473898292,1.6847896449439386,1.4807064837620358,6.874299132311105,49.80102369491444,1.2713601448433733,0.49801023694914603,4.681622127951261,5.952027786694057,2.064986011476958e-05,8.730346429721993e-05,0.007403532418810179,1.7222941168979018,0.007403532418810214,,0.0,1.292893648147583,ok
B_alpha0.005,0.8,0.5,0.005,100.0,5e-05,0.6,20,200,5,1.0,predictive,P1+P2 (protect),coarse,0.004999999999999999,10,10.0,True,True,0.007098729909444439,0.008560406491479305,78.22691162144169,9.914395935084325,0.9532861801645883,3.272462150326561,5.859855734424525,49.57197967542161,1.5780469558335501,0.4957197967542163,5.173044825763754,8.163307639686991,1.567723241560557e-05,6.614512560320557e-05,0.016362310751632806,2.3400966432595096,0.016362310751632855,,0.0,1.329798936843872,ok
B_alpha0.005,0.8,0.5,0.005,100.0,5e-05,0.6,20,200,5,1.0,predictive,P1+P2 (protect),coarse,4.999999999999999e-08,10,30.0,True,True,1.0301586218404259e-05,1.6482493821774494e-05,52.903866050840534,9.999835175061778,9.747758218767798,0.0023470460644316334,0.25005956010599384,49.99917587530887,1.0580947610571736,0.4999917587530889,5.959597752554422,6.30581915998594,3.3024818244290076e-12,3.5707034245592966e-12,1.1735230322158168e-05,0.009884045871839123,1.1735230322158176e-05,,0.0,1.2886793613433838,ok
B_alpha0.005,0.8,0.5,0.005,100.0,5e-05,0.6,20,200,5,1.0,predictive,P1+P2 (protect),coarse,2.108482517142911e-07,10,30.0,True,True,4.4423511417419594e-05,7.107736375815817e-05,52.98995359383895,9.99928922636241,9.049935235333708,0.009036070582735247,0.9417394677211472,49.99644613181207,1.0598744049553983,0.49996446131812056,5.804486935013896,6.152027136319237,4.551980556934808e-08,5.907974160813953e-08,4.518035291367624e-05,0.026777949030172048,4.518035291367626e-05,,0.0,1.3611087799072266,ok
B_alpha0.005,0.8,0.5,0.005,100.0,5e-05,0.6,20,200,5,1.0,predictive,P1+P2 (protect),coarse,8.891397050194612e-07,10,30.0,True,True,0.00036187272920018955,0.0005789934997754235,53.24362227559432,9.994210065002187,7.200122114017506,0.02835953831867094,2.777308282661635,49.971050325010914,1.0654893569236317,0.49971050325010935,5.392546866913557,5.7457012934082705,3.8605185194540246e-06,7.116465548339573e-06,0.0001417976915933547,0.04897084840569832,0.00014179769159335418,,0.0,1.3105223178863525,ok
B_alpha0.005,0.8,0.5,0.005,100.0,5e-05,0.6,20,200,5,1.0,predictive,P1+P2 (protect),coarse,3.7494710466622786e-06,10,30.0,True,True,0.0010004735414821937,0.0016007427106122824,53.61887906006807,9.983992572893719,4.915123714798339,0.06864036434297453,5.032243347964968,49.91996286446857,1.0740969340390327,0.4991996286446859,4.888381860316179,5.250595968577631,1.5536006334078527e-05,4.125179118357206e-05,0.0003432018217148727,0.11700685198722885,0.0003432018217148731,,0.0,1.3493106365203857,ok
B_alpha0.005,0.8,0.5,0.005,100.0,5e-05,0.6,20,200,5,1.0,predictive,P1+P2 (protect),coarse,1.5811388300841894e-05,10,30.0,True,True,0.0014701076916440333,0.002351696690834069,54.18845122475129,9.976483033091421,3.5296663750881145,0.16052177336303142,6.333328818457433,49.88241516545717,1.0863237284123322,0.49882415165457106,4.607561445354122,5.005303328206004,2.201767673884209e-05,7.531819609772035e-05,0.0008026088668151571,0.3003455650731423,0.0008026088668151545,,0.0,1.381775140762329,ok
B_alpha0.005,0.8,0.5,0.005,100.0,5e-05,0.6,20,200,5,1.0,predictive,P1+P2 (protect),coarse,6.66760716081662e-05,10,30.0,True,True,0.0017528533965154352,0.0027908217950612904,55.60514149966441,9.972091782049098,2.7821638956866814,0.4086422265293536,6.837102095734867,49.86045891024546,1.115215196870932,0.4986045891024549,4.5305711614454935,5.0525618097492035,2.3236339274314398e-05,9.178236876547513e-05,0.002043211132646768,0.6454754123576234,0.0020432111326467634,,0.0,1.407822847366333,ok
B_alpha0.005,0.8,0.5,0.005,100.0,5e-05,0.6,20,200,5,1.0,predictive,P1+P2 (protect),coarse,0.0002811706625951745,10,30.0,True,True,0.0021484774754074844,0.0032184102788925676,59.62981572680934,9.967815897210713,2.173578573752282,1.0664508468586225,6.792154682178383,49.83907948605367,1.1964469717683166,0.4983907948605356,4.638996853730818,5.5503137376889855,2.1475046606975573e-05,9.028950998873926e-05,0.0053322542342931125,1.2078181345235834,0.005332254234293148,,0.0,1.321460247039795,ok
B_alpha0.005,0.8,0.5,0.005,100.0,5e-05,0.6,20,200,5,1.0,predictive,P1+P2 (protect),coarse,0.0011856868528308275,10,30.0,True,True,0.004052896094536224,0.004622684008250278,69.64518511730104,9.953773159917022,1.4872954072878724,2.4804462058820893,6.078485226913017,49.76886579958504,1.399372559498467,0.4976886579958511,5.010533793492406,7.011603499053031,1.701646796146778e-05,7.20422445630744e-05,0.012402231029410446,1.9247150033909513,0.012402231029410403,,0.0,1.3059117794036865,ok
B_alpha0.005,0.8,0.5,0.005,100.0,5e-05,0.6,20,200,5,1.0,predictive,P1+P2 (protect),coarse,0.004999999999999999,10,30.0,True,True,0.011766829763766654,0.010514355138410704,88.0890369578413,9.894856448614815,0.8253446727615676,4.591458465313254,4.688340413310363,49.47428224307422,1.7805015649352378,0.49474282243074075,5.6327525353776124,10.029124704132768,1.125306478403699e-05,4.653176382693912e-05,0.02295729232656627,2.3449725134065003,0.022957292326566348,,0.0,1.3115344047546387,ok
B_alpha0.005,0.8,0.5,0.005,100.0,5e-05,0.6,20,200,5,1.0,predictive,P1+P2 (protect),coarse,4.999999999999999e-08,10,100.0,True,True,3.0602157059061736e-05,4.896328673577363e-05,52.966299677538586,9.999510367132629,9.227688796670815,0.007270579502742797,0.7655302566938129,49.99755183566319,1.0593778641728973,0.49997551835663145,5.8440053605793425,6.191009917105506,1.3816880078544421e-08,1.7188304408752017e-08,3.6352897513713984e-05,0.02330409406230407,3.63528975137141e-05,,0.0,1.3482763767242432,ok
B_alpha0.005,0.8,0.5,0.005,100.0,5e-05,0.6,20,200,5,1.0,predictive,P1+P2 (protect),coarse,2.108482517142911e-07,10,100.0,True,True,0.00027594177165038197,0.0004415047459540651,53.18817742818122,9.995584952540414,7.584307272328041,0.02382558546703462,2.39628218966451,49.977924762702074,1.0642334126661241,0.4997792476270207,5.478026683029978,5.8298990315570824,2.473058143946312e-06,4.276313050911117e-06,0.0001191279273351731,0.04349454444158656,0.00011912792733517316,,0.0,1.3458929061889648,ok
B_alpha0.005,0.8,0.5,0.005,100.0,5e-05,0.6,20,200,5,1.0,predictive,P1+P2 (protect),coarse,8.891397050194612e-07,10,100.0,True,True,0.0008988198678450595,0.0014381011441385123,53.54351893082879,9.985618988558468,5.24343992167618,0.059174145543628105,4.711766944221725,49.92809494279233,1.0724126164272645,0.4992809494279234,4.959498447610792,5.318628706369246,1.3759203614874166e-05,3.464438925431619e-05,0.0002958707277181405,0.09566698875779563,0.00029587072771813916,,0.0,1.2683143615722656,ok
B_alpha0.005,0.8,0.5,0.005,100.0,5e-05,0.6,20,200,5,1.0,predictive,P1+P2 (protect),coarse,3.7494710466622786e-06,10,100.0,True,True,0.0014085259865117801,0.0022533836612264567,54.028513747041025,9.977466163387511,3.712779224933625,0.13572023149826917,6.174034380180595,49.887330816937514,1.0830107135877776,0.4988733081693756,4.639914260543482,5.025076854297302,2.1416000253322353e-05,7.08676616126779e-05,0.0006786011574913458,0.24572682830247014,0.0006786011574913469,,0.0,1.4490766525268555,ok
B_alpha0.005,0.8,0.5,0.005,100.0,5e-05,0.6,20,200,5,1.0,predictive,P1+P2 (protect),coarse,1.5811388300841894e-05,10,100.0,True,True,0.0017041055597242392,0.0027182846669464604,55.11928078814754,9.97281715333025,2.943334121596296,0.3363464507020978,6.747502274371355,49.8640857666513,1.1053903814879702,0.49864085766651256,4.540020189666747,5.0184946494188125,2.3257088289729434e-05,9.029123577660198e-05,0.0016817322535104889,0.5179116157684188,0.00168173225351049,,0.0,1.320786476135254,ok
B_alpha0.005,0.8,0.5,0.005,100.0,5e-05,0.6,20,200,5,1.0,predictive,P1+P2 (protect),coarse,6.66760716081662e-05,10,100.0,True,True,0.0020037736206520267,0.0030610337136775727,58.125132358361746,9.969389662862898,2.452838969690669,0.8675744002351702,6.710196967211262,49.84694831431449,1.1660720329727792,0.49846948314314493,4.62781278593819,5.3963630635163655,2.1950946654306188e-05,9.177149303869429e-05,0.004337872001175851,0.9186285708343965,0.004337872001175864,,0.0,1.3248372077941895,ok
B_alpha0.005,0.8,0.5,0.005,100.0,5e-05,0.6,20,200,5,1.0,predictive,P1+P2 (protect),coarse,0.0002811706625951745,10,100.0,True,True,0.0032204781076479796,0.0037772206737115314,65.67046425092482,9.962227793262496,1.9425176519732243,2.0490364557973253,6.046218098966954,49.811138966312406,1.318389131702814,0.4981113896631248,4.954203804434847,6.531568452007636,1.7894654907814182e-05,7.58694967608106e-05,0.010245182278986627,1.4546470049707318,0.010245182278986612,,0.0,1.3225550651550293,ok
B_alpha0.005,0.8,0.5,0.005,100.0,5e-05,0.6,20,200,5,1.0,predictive,P1+P2 (protect),coarse,0.0011856868528308275,10,100.0,True,True,0.00821819124226164,0.006390648011573499,79.90390989392536,9.93609351988359,1.3302831270481066,3.898844611943978,4.834778741124325,49.68046759941801,1.6083566390357689,0.4968046759941795,5.501755948869057,8.848785706718084,1.2167674937290606e-05,5.058366338297447e-05,0.01949422305971989,1.9767389513217144,0.019494223059719852,,0.0,1.3482043743133545,ok
B_alpha0.005,0.8,0.5,0.005,100.0,5e-05,0.6,20,200,5,1.0,predictive,P1+P2 (protect),coarse,0.004999999999999999,10,100.0,True,True,0.021302157804519044,0.014400449272703649,98.85832728585042,9.855995507271498,0.746834764645598,5.840193483394108,3.556976244688796,49.279977536357585,2.006054633708287,0.4927997753635749,6.069930097597326,12.176611398570511,7.426617738310483e-06,2.96927570418073e-05,0.02920096741697054,2.2216864781761028,0.029200967416970584,,0.0,1.2731091976165771,ok
B_alpha0.005,0.8,0.5,0.005,100.0,5e-05,0.6,20,200,5,1.0,predictive,P1+P2 (protect),coarse,4.999999999999999e-08,20,3.0,True,True,8.329542232896519e-06,1.332723307284239e-05,52.87781414841887,9.999866727669266,9.975728300605939,0.00023926576637204062,0.024165705958424155,49.999333638346364,1.0575703774552885,0.4999933363834633,6.010244447289024,6.356256488718005,1.156152438924433e-06,1.20828529792151e-06,1.1963288318602032e-06,1.2620125505538661e-08,1.196328831860205e-06,,0.0,8.113056421279907,ok
B_alpha0.005,0.8,0.5,0.005,100.0,5e-05,0.6,20,200,5,1.0,predictive,P1+P2 (protect),coarse,2.108482517142911e-07,20,3.0,True,True,8.457188663998924e-06,1.3531466757899492e-05,52.879806661810974,9.99986468533242,9.898210969926545,0.0009992646196328554,0.10092508012140122,49.9993234266621,1.0576104442567889,0.499993234266621,5.993042444186762,6.3383042818461535,4.246382214533024e-06,5.046254006070071e-06,4.996323098164277e-06,5.296321347712918e-08,4.996323098164268e-06,,0.0,8.124083518981934,ok
B_alpha0.005,0.8,0.5,0.005,100.0,5e-05,0.6,20,200,5,1.0,predictive,P1+P2 (protect),coarse,8.891397050194612e-07,20,3.0,True,True,1.18225352835492e-05,1.8916002614784365e-05,52.89282939798819,9.999810839973845,9.587145191739719,0.004049513833674472,0.4089944544527615,49.99905419986921,1.057876598756273,0.49999054199869225,5.923996325338731,6.2668570836939965,1.1593398352328368e-05,2.0449722722637995e-05,2.024756916837236e-05,3.4316541006316774e-07,2.024756916837238e-05,,0.0,8.033876895904541,ok
B_alpha0.005,0.8,0.5,0.005,100.0,5e-05,0.6,20,200,5,1.0,predictive,P1+P2 (protect),coarse,3.7494710466622786e-06,20,3.0,True,True,0.00010075809210729618,0.00016121226913100656,52.98769221231089,9.998387877308671,8.510675787556401,0.014675514077610325,1.4762608210573163,49.99193938654338,1.0599247171149735,0.49991939386543355,5.684617903456687,6.025267023228042,1.9641564481751473e-05,7.381304105286557e-05,7.337757038805162e-05,0.0003068228674345694,7.337757038805173e-05,,0.0,7.889658689498901,ok
B_alpha0.005,0.8,0.5,0.005,100.0,5e-05,0.6,20,200,5,1.0,predictive,P1+P2 (protect),coarse,1.5811388300841894e-05,20,3.0,True,True,0.0005840349149483964,0.00093445061145359,53.265876464427684,9.99065549388538,6.2742765184947835,0.04080512779751589,3.69426285982232,49.95327746942683,1.0663139470083476,0.49953277469426904,5.187030055794537,5.531002492045202,2.349011237734114e-05,0.0001847131429911171,0.00020402563898757947,0.017073142887451667,0.00020402563898757982,,0.0,8.09588623046875,ok
B_alpha0.005,0.8,0.5,0.005,100.0,5e-05,0.6,20,200,5,1.0,predictive,P1+P2 (protect),coarse,6.66760716081662e-05,20,3.0,True,True,0.0011875186905854784,0.0018999802067056187,53.65324788672428,9.981000197932742,4.297317327949702,0.09337716526017367,5.6283053088573824,49.90500098966377,1.0751076409724316,0.4990500098966371,4.75718762239079,5.1144887623718125,2.4624804279417202e-05,0.0002814152654428698,0.0004668858263008684,0.11245090823808057,0.00046688582630086345,,0.0,8.035194158554077,ok
B_alpha0.005,0.8,0.5,0.005,100.0,5e-05,0.6,20,200,5,1.0,predictive,P1+P2 (protect),coarse,0.0002811706625951745,20,3.0,True,True,0.0015599652734655952,0.0024939676893796915,54.354145645431814,9.975060323105932,3.2705566723862582,0.22125912888147178,6.5331238756263375,49.87530161552973,1.0898008409939621,0.4987530161552966,4.571410526168496,4.981927035947077,2.489068431405546e-05,0.00032665619378131753,0.001106295644407359,0.31799842495746244,0.0011062956444073567,,0.0,8.076685905456543,ok
B_alpha0.005,0.8,0.5,0.005,100.0,5e-05,0.6,20,200,5,1.0,predictive,P1+P2 (protect),coarse,0.0011856868528308275,20,3.0,True,True,0.0018094689025191623,0.0028506411628560872,56.17262430551548,9.971493588371096,2.747125743957734,0.5619182275710598,6.71946244010011,49.857467941855624,1.1266642014597426,0.4985746794185548,4.580070776885869,5.16020178446922,2.477807572348409e-05,0.00033597312200500163,0.002809591137855299,0.6174810541234432,0.002809591137855301,,0.0,7.875794172286987,ok
B_alpha0.005,0.8,0.5,0.005,100.0,5e-05,0.6,20,200,5,1.0,predictive,P1+P2 (protect),coarse,0.004999999999999999,20,3.0,True,True,0.0023867369739296435,0.0032590434146722957,60.94264491830356,9.967409565852925,2.4194698814696265,1.3894206735543253,6.2236998791231235,49.83704782926452,1.2228381810873994,0.49837047829264625,4.815744405033308,5.8888761288327505,2.3877701755959456e-05,0.0003111849939561543,0.006947103367771627,0.9467338442317852,0.006947103367771647,,0.0,8.476470470428467,ok
B_alpha0.005,0.8,0.5,0.005,100.0,5e-05,0.6,20,200,5,1.0,predictive,P1+P2 (protect),coarse,4.999999999999999e-08,20,10.0,True,True,8.410150752125619e-06,1.3456206327027347e-05,52.87922140133934,9.999865437936721,9.919354088419135,0.0007919702730745182,0.07998850337106944,49.999327189683605,1.0575986592925584,0.49999327189683607,5.997734422437015,6.343195883962213,3.4799390428538163e-06,3.999425168553366e-06,3.959851365372591e-06,4.1915284427623604e-08,3.959851365372595e-06,,0.0,7.953073740005493,ok
B_alpha0.005,0.8,0.5,0.005,100.0,5e-05,0.6,20,200,5,1.0,predictive,P1+P2 (protect),coarse,2.108482517142911e-07,20,10.0,True,True,1.0253592640717508e-05,1.640570340078197e-05,52.888510164334456,9.999835942965996,9.670132995046364,0.003235633280600809,0.3267954287070385,49.99917971482995,1.057787557035611,0.4999917971482998,5.942420813323714,6.2858187950032605,1.0147173280927856e-05,1.6339771435352576e-05,1.6178166403004047e-05,1.990986687262382e-07,1.617816640300404e-05,,0.0,8.078228235244751,ok
B_alpha0.005,0.8,0.5,0.005,100.0,5e-05,0.6,20,200,5,1.0,predictive,P1+P2 (protect),coarse,8.891397050194612e-07,20,10.0,True,True,6.73255024008271e-05,0.00010772037520564314,52.96010536662606,9.99892279624793,8.772798267627808,0.01206287559531371,1.2162160605289483,49.99461398123964,1.059316217272909,0.4999461398123965,5.742968408497244,6.0836195704071185,1.8580580117467778e-05,6.081080302644721e-05,6.0314377976568554e-05,0.00011386493167653049,6.031437797656861e-05,,0.0,8.028706073760986,ok
B_alpha0.005,0.8,0.5,0.005,100.0,5e-05,0.6,20,200,5,1.0,predictive,P1+P2 (protect),coarse,3.7494710466622786e-06,20,10.0,True,True,0.00047903529969722894,0.0007664523887017185,53.21125032967322,9.992335476112904,6.672529845391594,0.03522441254019406,3.299910265955308,49.9616773805645,1.0650413100496268,0.49961677380564523,5.275404629697991,5.618523857855414,2.311836225837014e-05,0.00016499551329776375,0.0001761220627009703,0.010764616789965218,0.00017612206270097009,,0.0,7.901561498641968,ok
B_alpha0.005,0.8,0.5,0.005,100.0,5e-05,0.6,20,200,5,1.0,predictive,P1+P2 (protect),coarse,1.5811388300841894e-05,20,10.0,True,True,0.0011036321566540964,0.0017657829864124643,53.58013988262146,9.98234217013569,4.548293756191403,0.08171149270958863,5.3876525809633184,49.91171085067841,1.0734983627974193,0.4991171085067845,4.809923388028274,5.163444882229368,2.4527804732387133e-05,0.00026938262904816493,0.0004085574635479432,0.08943908597148839,0.0004085574635479432,,0.0,8.10575246810913,ok
B_alpha0.005,0.8,0.5,0.005,100.0,5e-05,0.6,20,200,5,1.0,predictive,P1+P2 (protect),coarse,6.66760716081662e-05,20,10.0,True,True,0.0015126581073879966,0.002419133977345134,54.19402754157469,9.975808660226287,3.3916612499451113,0.19098550306125175,6.44154458676735,49.87904330113145,1.086508961577163,0.4987904330113143,4.587629347565466,4.984500398524272,2.4874030715451147e-05,0.0003220772293383683,0.0009549275153062588,0.2770172622722187,0.0009549275153062625,,0.0,8.019444227218628,ok
B_alpha0.005,0.8,0.5,0.005,100.0,5e-05,0.6,20,200,5,1.0,predictive,P1+P2 (protect),coarse,0.0002811706625951745,20,10.0,True,True,0.0017668468534935548,0.0027991237703089214,55.73786721887111,9.972008762296598,2.8141181919070877,0.48172920652171586,6.732143839274597,49.86004381148302,1.1178864469034904,0.4986004381148299,4.565227696192245,5.103406168601756,2.4829351511504205e-05,0.0003366071919637267,0.0024086460326085794,0.5643691166780669,0.0024086460326086015,,0.0,8.116699934005737,ok
B_alpha0.005,0.8,0.5,0.005,100.0,5e-05,0.6,20,200,5,1.0,predictive,P1+P2 (protect),coarse,0.0011856868528308275,20,10.0,True,True,0.002220430547195642,0.0031661661886859885,59.855770006381164,9.968338338112762,2.466144255128055,1.2086619119867834,6.3568554947723985,49.84169169056377,1.2009177051611453,0.4984169169056381,4.7586611042582545,5.714760372965425,2.4120849446618967e-05,0.00031784277473861634,0.006043309559933917,0.8953803876727764,0.0060433095599340325,,0.0,8.110026836395264,ok
B_alpha0.005,0.8,0.5,0.005,100.0,5e-05,0.6,20,200,5,1.0,predictive,P1+P2 (protect),coarse,0.004999999999999999,20,10.0,True,True,0.0043532746620181745,0.004168116730444844,68.79960807546986,9.958318832695108,2.214736803501717,2.5894892093703326,5.237455154432842,49.79159416347554,1.3817514628992857,0.4979159416347554,5.21734291368411,7.209071203430241,2.172474472073458e-05,0.00026187275772164055,0.012947446046851663,1.1336997654418453,0.01294744604685185,,0.0,8.0015389919281,ok
B_alpha0.005,0.8,0.5,0.005,100.0,5e-05,0.6,20,200,5,1.0,predictive,P1+P2 (protect),coarse,4.999999999999999e-08,20,30.0,True,True,9.160645251907673e-06,1.4656993628982002e-05,52.88442887272156,9.999853430063714,9.762556945437993,0.0023293292617359244,0.23526029523655723,49.99926715031856,1.057704080216396,0.4999926715031857,5.962936370058648,6.307022128681777,8.173036142754464e-06,1.1763014761828242e-05,1.1646646308679621e-05,1.2688480196215177e-07,1.164664630867964e-05,,0.0,7.980504989624023,ok
B_alpha0.005,0.8,0.5,0.005,100.0,5e-05,0.6,20,200,5,1.0,predictive,P1+P2 (protect),coarse,2.108482517142911e-07,20,30.0,True,True,3.6974120935548104e-05,5.915837845100434e-05,52.93007143987019,9.999408416215484,9.085629330241218,0.008974163809634145,0.905988089733663,49.99704208107737,1.0586640576463802,0.4999704208107742,5.812560631788299,6.153549023764608,1.6820091896370154e-05,4.529940448668322e-05,4.4870819048170726e-05,2.2423508890774753e-05,4.48708190481708e-05,,0.0,8.124529838562012,ok
B_alpha0.005,0.8,0.5,0.005,100.0,5e-05,0.6,20,200,5,1.0,predictive,P1+P2 (protect),coarse,8.891397050194612e-07,20,30.0,True,True,0.0003392521181851161,0.0005428006724123109,53.13670080459376,9.994571993275827,7.248607163121699,0.028114040483046776,2.7287068031194277,49.97285996637905,1.0633111821165186,0.49972859966379135,5.403528287686958,5.7456320511804675,2.2430005325532692e-05,0.00013643534015597188,0.00014057020241523387,0.004920090841900938,0.00014057020241523387,,0.0,8.032313585281372,ok
B_alpha0.005,0.8,0.5,0.005,100.0,5e-05,0.6,20,200,5,1.0,predictive,P1+P2 (protect),coarse,3.7494710466622786e-06,20,30.0,True,True,0.000969544663084712,0.0015512567860789263,53.4835274853896,9.984487432139058,4.9637611951438405,0.06743339626233193,4.9843179764547685,49.92243716069529,1.071332461458793,0.49922437160695293,4.899086153552463,5.2485500277840496,2.4341540600490506e-05,0.00024921589882273977,0.00033716698131165966,0.061433526938180424,0.00033716698131166064,,0.0,7.936418056488037,ok
B_alpha0.005,0.8,0.5,0.005,100.0,5e-05,0.6,20,200,5,1.0,predictive,P1+P2 (protect),coarse,1.5811388300841894e-05,20,30.0,True,True,0.001436268927511376,0.0022975554039846697,54.00150408988548,9.977024445959906,3.593934352016848,0.1549844411789686,6.274056760844278,49.88512222979948,1.0825172250981683,0.4988512222979953,4.62018116398925,5.001425693092468,2.4834461767221648e-05,0.0003137028380422112,0.000774922205894843,0.22266576641043956,0.0007749222058948473,,0.0,7.99377179145813,ok
B_alpha0.005,0.8,0.5,0.005,100.0,5e-05,0.6,20,200,5,1.0,predictive,P1+P2 (protect),coarse,6.66760716081662e-05,20,30.0,True,True,0.0017099168769756149,0.002722129788964711,55.22257898309929,9.972778702110057,2.921568884907039,0.3855571166138151,6.720095296369088,49.86389351055025,1.1074662465219498,0.49863893510550283,4.55359798273221,5.042956066106363,2.4876211580477775e-05,0.0003360047648184549,0.0019277855830690754,0.48965276250100487,0.0019277855830690607,,0.0,8.381158828735352,ok
B_alpha0.005,0.8,0.5,0.005,100.0,5e-05,0.6,20,200,5,1.0,predictive,P1+P2 (protect),coarse,0.0002811706625951745,20,30.0,True,True,0.0020479061160316083,0.0030575561827874613,58.51808348506606,9.969424438171773,2.5376469759703015,0.9801513296679834,6.512777256189943,49.847122190859,1.1739510911182982,0.4984712219085886,4.689284203207579,5.504990306919337,2.4393787205092993e-05,0.000325638862809494,0.0049007566483399165,0.8176516553813087,0.004900756648339937,,0.0,8.078169584274292,ok
B_alpha0.005,0.8,0.5,0.005,100.0,5e-05,0.6,20,200,5,1.0,predictive,P1+P2 (protect),coarse,0.0011856868528308275,20,30.0,True,True,0.0035468269054544227,0.0038132250926807216,66.18830558305793,9.96186774907278,2.2663889936994286,2.2086836871485658,5.563059570079225,49.80933874536386,1.3288332519615829,0.498093387453639,5.087154089301168,6.759979511715736,2.250128395262226e-05,0.0002781529785039568,0.011043418435742828,1.0982617159339767,0.011043418435742972,,0.0,7.967135906219482,ok
B_alpha0.005,0.8,0.5,0.005,100.0,5e-05,0.6,20,200,5,1.0,predictive,P1+P2 (protect),coarse,0.004999999999999999,20,30.0,True,True,0.009024207668749364,0.006126466985601887,78.66521800606984,9.938735330143343,2.0857275997827998,3.9088573139936016,4.066679756080255,49.69367665071672,1.5830025731238637,0.49693676650716717,5.6769330001224105,8.986599546645552,1.8498375025453876e-05,0.00020333398780400592,0.019544286569968008,1.1389362139521462,0.019544286569968383,,0.0,7.9823362827301025,ok
B_alpha0.005,0.8,0.5,0.005,100.0,5e-05,0.6,20,200,5,1.0,predictive,P1+P2 (protect),coarse,4.999999999999999e-08,20,100.0,True,True,2.4978566538697747e-05,3.996557093219521e-05,52.9153098772244,9.99960034429067,9.25938913799375,0.007265945169855844,0.7337445725457243,49.99800172145335,1.0583484950463387,0.4999800172145335,5.851188664373102,6.192596717171469,1.5472531101996238e-05,3.6687228627286275e-05,3.632972584927922e-05,6.540234292565274e-06,3.632972584927925e-05,,0.0,8.006701469421387,ok
B_alpha0.005,0.8,0.5,0.005,100.0,5e-05,0.6,20,200,5,1.0,predictive,P1+P2 (protect),coarse,2.108482517142911e-07,20,100.0,True,True,0.00025586343653510554,0.00040937953751522024,53.089509898183,9.995906204624802,7.630555853567435,0.023823411816981912,2.3497145299907807,49.97953102312407,1.0622250511638462,0.49979531023124013,5.488579775084352,5.830106932405827,2.1831950442222766e-05,0.0001174857264995395,0.00011911705908490956,0.0026117493981482895,0.00011911705908490918,,0.0,8.030896186828613,ok
B_alpha0.005,0.8,0.5,0.005,100.0,5e-05,0.6,20,200,5,1.0,predictive,P1+P2 (protect),coarse,8.891397050194612e-07,20,100.0,True,True,0.0008691651897031376,0.0013906539128323984,53.42125926365229,9.986093460871528,5.286955458940553,0.059022493121483464,4.667928587066435,49.930467304357606,1.0699130640619907,0.4993046730435764,4.9694364044537735,5.316864930150339,2.417255531116935e-05,0.00023339642935332283,0.0002951124656074173,0.04569747208001947,0.00029511246560741595,,0.0,8.021361351013184,ok
B_alpha0.005,0.8,0.5,0.005,100.0,5e-05,0.6,20,200,5,1.0,predictive,P1+P2 (protect),coarse,3.7494710466622786e-06,20,100.0,True,True,0.0013770438904683155,0.002203012811155712,53.89019295544972,9.97796987188822,3.7555805046988335,0.1345816753987952,6.1318679480141505,49.88984935944105,1.0801835172358893,0.498898493594411,4.649331025642972,5.022130740072971,2.4795068569732075e-05,0.00030659339740070725,0.000672908376993976,0.18868378758406337,0.0006729083769939745,,0.0,8.188347816467285,ok
B_alpha0.005,0.8,0.5,0.005,100.0,5e-05,0.6,20,200,5,1.0,predictive,P1+P2 (protect),coarse,1.5811388300841894e-05,20,100.0,True,True,0.0016712499502653736,0.002665718116220936,54.93226018159321,9.973342818837498,3.004362336549734,0.33086159415441296,6.6914332504583545,49.86671409418736,1.1015817099526175,0.4986671409418749,4.55192286597428,5.0143149742723665,2.4893198746102817e-05,0.00033457166252291883,0.0016543079707720648,0.44002585580166304,0.001654307970772077,,0.0,7.994626998901367,ok
B_alpha0.005,0.8,0.5,0.005,100.0,5e-05,0.6,20,200,5,1.0,predictive,P1+P2 (protect),coarse,6.66760716081662e-05,20,100.0,True,True,0.001962371299767497,0.0029948092160902266,57.74324114866022,9.970051907838789,2.590130604734672,0.8445591536722672,6.595258333754273,49.85025953919378,1.1583338117479758,0.4985025953919394,4.650379849767812,5.3866922174575285,2.4536262977705777e-05,0.00032976291668771184,0.004222795768361336,0.7629384135295552,0.004222795768361339,,0.0,8.045448064804077,ok
B_alpha0.005,0.8,0.5,0.005,100.0,5e-05,0.6,20,200,5,1.0,predictive,P1+P2 (protect),coarse,0.0002811706625951745,20,100.0,True,True,0.0031220675233216313,0.0036198727162836666,64.56001548279791,9.963801272836738,2.3050799386160428,1.9628738947561573,5.768244893791062,49.81900636418378,1.295891271111578,0.49819006364183693,5.0041897027040925,6.4848857547206755,2.295882804538028e-05,0.000288412244689549,0.009814369473780787,1.0647476075213258,0.00981436947378082,,0.0,8.020670175552368,ok
B_alpha0.005,0.8,0.5,0.005,100.0,5e-05,0.6,20,200,5,1.0,predictive,P1+P2 (protect),coarse,0.0011856868528308275,20,100.0,True,True,0.00771467458803329,0.005585249564635072,76.44913486082706,9.944147504353058,2.108460841879133,3.62731222448145,4.320079429286359,49.7207375217654,1.5375704116891111,0.4972073752176529,5.578240893245028,8.576938146727793,1.9250186700024737e-05,0.0002160039714643117,0.01813656112240725,1.150587895917186,0.018136561122407514,,0.0,8.079628467559814,ok
B_alpha0.005,0.8,0.5,0.005,100.0,5e-05,0.6,20,200,5,1.0,predictive,P1+P2 (protect),coarse,0.004999999999999999,20,100.0,True,True,0.018562048894667726,0.010016165123978233,89.4371535279898,9.899838348759172,2.006741737950964,5.157848388599474,2.93557152469039,49.499191743795784,1.8068406852158316,0.49499191743795856,6.114085914692986,11.04717918357234,1.4749816929714941e-05,0.00014677857623451336,0.02578924194299737,1.0158704141422934,0.025789241942997934,,0.0,7.854427099227905,ok
B_alpha0.005,0.8,0.5,0.005,100.0,5e-05,0.6,20,200,5,1.0,base,Base,fine,7.699632630297458e-05,0,1.0,False,False,0.0008577609778657013,0.0013724084416377746,53.8063151494329,9.98627591558343,5.293766617290562,0.08152011636733977,4.638437350758667,49.93137957791741,1.0776052174859037,0.4993137957791715,4.979500175754193,5.365935369864693,0.0,0.0,,,,,8.75153654615996e-34,0.4565906524658203,ok
B_alpha0.005,0.8,0.5,0.005,100.0,5e-05,0.6,20,200,5,1.0,base,Base,fine,8.891397050194613e-05,0,1.0,False,False,0.0009253289313644312,0.0014805154527663888,53.88813272805865,9.985194845472243,5.065950405306873,0.0900867529803554,4.858767996240528,49.925974227360946,1.0793606647043918,0.49925974227361214,4.930921995418575,5.322243242580499,0.0,0.0,,,,,2.7644799689546345e-33,0.4492011070251465,ok
B_alpha0.005,0.8,0.5,0.005,100.0,5e-05,0.6,20,200,5,1.0,base,Base,fine,0.00010267625132285729,0,1.0,False,False,0.0009914885776041574,0.0015863685215463865,53.97683786956774,9.98413631478435,4.847074961177591,0.09953589737891962,5.06925282665914,49.92068157392191,1.081252021562236,0.49920681573921744,4.884701024671276,5.281592857652944,0.0,0.0,,,,,8.52402401915835e-33,0.5485563278198242,ok
B_alpha0.005,0.8,0.5,0.005,100.0,5e-05,0.6,20,200,5,1.0,base,Base,fine,0.00011856868528308274,0,1.0,False,False,0.0010559900209478079,0.0016895674277288043,54.073433097825315,9.98310432572252,4.637542616957908,0.10997346620739329,5.269379591112179,49.91552162861274,1.0832989686083772,0.499155216286126,4.840969352084109,5.244217106177479,0.0,0.0,,,,,2.569112050969805e-32,0.41659975051879883,ok
B_alpha0.005,0.8,0.5,0.005,100.0,5e-05,0.6,20,200,5,1.0,base,Base,fine,0.00013692098171321805,0,1.0,False,False,0.0011187135319085451,0.0017899200099585305,54.179056222432244,9.98210079990027,4.437484757942974,0.12151695387899872,5.458897488277758,49.91050399950118,1.0855241258027313,0.4991050399950135,4.799801514640768,5.210300343207045,0.0,0.0,,,,,7.578411390365977e-32,0.4447798728942871,ok
B_alpha0.005,0.8,0.5,0.005,100.0,5e-05,0.6,20,200,5,1.0,base,Base,fine,0.00015811388300841894,0,1.0,False,False,0.001179665177196143,0.001887435080659608,54.29498457765216,9.981125649193189,4.246807937530463,0.13429585867878352,5.637770554597565,49.9056282459661,1.0879531324613843,0.49905628245965944,4.761225087541326,5.179989748344314,0.0,0.0,,,,,2.1904208226862464e-31,0.4852004051208496,ok
B_alpha0.005,0.8,0.5,0.005,100.0,5e-05,0.6,20,200,5,1.0,base,Base,fine,0.00018258706362741882,0,1.0,False,False,0.0012389713407322499,0.0019823135305367143,54.42264014508328,9.980176864694457,4.065242029044732,0.14845212100360974,5.806128985257201,49.90088432347216,1.0906147432638622,0.49900884323472283,4.725231744890902,5.153407406316442,0.0,0.0,,,,,6.209840155757922e-31,0.4763069152832031,ok
B_alpha0.005,0.8,0.5,0.005,100.0,5e-05,0.6,20,200,5,1.0,base,Base,fine,0.0002108482517142911,0,1.0,False,False,0.0012968738023316532,0.002074940277516195,54.5635957868681,9.979250597224633,3.8923868087571063,0.164140590724441,5.964222003293821,49.89625298612319,1.093540947895285,0.49896252986123163,4.6917879742589905,5.130662268694876,0.0,0.0,,,,,1.728390066805764e-30,0.41283750534057617,ok
B_alpha0.005,0.8,0.5,0.005,100.0,5e-05,0.6,20,200,5,1.0,base,Base,fine,0.00024348376258293152,0,1.0,False,False,0.0013537267298210235,0.0021658792139585344,54.719582630251764,9.978341207860193,3.727754275723125,0.1815295274075358,6.112374989009146,49.891706039301,1.0967671177078555,0.49891706039300965,4.660844830597789,5.111861350938295,0.0,0.0,,,,,4.726900579909623e-30,0.42970848083496094,ok
B_alpha0.005,0.8,0.5,0.005,100.0,5e-05,0.6,20,200,5,1.0,base,Base,fine,0.0003246908157881056,0,1.0,False,False,0.0014662655735222247,0.0023458468150677468,55.084416477469475,9.976541531849058,3.4209773815843723,0.22215198736385672,6.380329099202713,49.88270765924541,1.1042787984517108,0.4988270765924529,4.6062362349105275,5.0865690148717295,0.0,0.0,,,,,3.3639453617459347e-29,0.43722963333129883,ok
B_alpha0.005,0.8,0.5,0.005,100.0,5e-05,0.6,20,200,5,1.0,base,Base,fine,0.0003749471046662279,0,1.0,False,False,0.0015232389132459907,0.002436922083838757,55.29759448790174,9.97563077916131,3.2777106699515963,0.24579362512639077,6.500864925760703,49.878153895806854,1.1086535921801726,0.49878153895806554,4.582463342137131,5.080364445294289,0.0,0.0,,,,,8.764979633281712e-29,0.4335978031158447,ok
B_alpha0.005,0.8,0.5,0.005,100.0,5e-05,0.6,20,200,5,1.0,base,Base,fine,0.00043298216168003264,0,1.0,False,False,0.0015817558792600597,0.002530430715355597,55.53448254334669,9.974695692846174,3.140460957315812,0.27195271479406885,6.612890635043946,49.873478464230956,1.1135073039506516,0.4987347846423087,4.5609851747435375,5.078690305287568,0.0,0.0,,,,,2.249889340113397e-28,0.41227006912231445,ok
B_alpha0.005,0.8,0.5,0.005,100.0,5e-05,0.6,20,200,5,1.0,base,Base,fine,0.0004999999999999999,0,1.0,False,False,0.0016428043288667254,0.0026279386755011366,55.7977292686637,9.973720613244728,3.0087126492336873,0.30087126492336896,6.716695472598215,49.86860306622361,1.118894972746007,0.4986860306622364,4.54177052346897,5.081764206075431,0.0,0.0,,,,,5.69243810478356e-28,0.46082043647766113,ok
B_alpha0.005,0.8,0.5,0.005,100.0,5e-05,0.6,20,200,5,1.0,base,Base,fine,0.000577390992344729,0,1.0,False,False,0.0017075382182765678,0.0027312724294548734,56.09018521282709,9.972687275705207,2.881985797653746,0.3328065279261408,6.8125203987149066,49.863436378525904,1.1248760471908186,0.4986343637852603,4.524800972410427,5.089840232170213,0.0,0.0,,,,,1.4202343002842748e-27,0.41115880012512207,ok
B_alpha0.005,0.8,0.5,0.005,100.0,5e-05,0.6,20,200,5,1.0,base,Base,fine,0.0006667607160816619,0,1.0,False,False,0.0017772974891727827,0.002842549038715462,56.41490253627346,9.97157450961259,2.759840760591603,0.36803068036068404,6.900554049435122,49.85787254806281,1.1315144359978395,0.49857872548062954,4.5100717168264906,5.103211254974735,0.0,0.0,,,,,3.495623662091812e-27,0.42493677139282227,ok
B_alpha0.005,0.8,0.5,0.005,100.0,5e-05,0.6,20,200,5,1.0,base,Base,fine,0.0007699632630297459,0,1.0,False,False,0.0018536296031499498,0.0029642083769973807,56.77513017491883,9.970357916229679,2.641881079159846,0.40683027524929205,6.980930729361183,49.8517895811486,1.138878476619188,0.4985178958114839,4.4975918851177745,5.122210594577753,0.0,0.0,,,,,8.490893397143894e-27,0.4675264358520508,ok
B_alpha0.005,0.8,0.5,0.005,100.0,5e-05,0.6,20,200,5,1.0,base,Base,fine,0.0008891397050194613,0,1.0,False,False,0.0019383119056438722,0.0030990460160170473,57.17430376466828,9.9690095398395,2.5277551653946264,0.4495054964240776,7.053729798341797,49.84504769919758,1.147040807538212,0.498450476991975,4.487384515585422,5.14721315849157,0.0,0.0,,,,,2.0360639775909078e-26,0.46779584884643555,ok
B_alpha0.005,0.8,0.5,0.005,100.0,5e-05,0.6,20,200,5,1.0,base,Base,fine,0.001026762513228573,0,1.0,False,False,0.002033373878649525,0.0032502451071178408,57.61602969935086,9.967497548928467,2.4171570585784683,0.49636925126684267,7.118976141226223,49.83748774464244,1.156078131276684,0.49837487744642334,4.479486266068031,5.1786361115555,0.0,0.0,,,,,4.821363669593246e-26,0.4336259365081787,ok
B_alpha0.005,0.8,0.5,0.005,100.0,5e-05,0.6,20,200,5,1.0,predictive,P2 only,fine,3.4064603452898037e-07,0,1000.0,False,False,0.001383337570356917,0.002213139822110852,53.97355246189904,9.977868601778667,3.790883867110768,0.12701989706018335,6.104227634050382,49.889343008893334,1.081865368567344,0.49889343008893333,4.654413887607214,5.035449195981143,0.0,0.0,0.0006350994853009167,0.22673402914158666,0.0006350994853009134,,0.0,1.1375887393951416,ok
B_alpha0.005,0.8,0.5,0.005,100.0,5e-05,0.6,20,200,5,1.0,predictive,P2 only,fine,5.503470856261051e-07,0,1000.0,False,False,0.0015030828905254238,0.0024042383665838804,54.20638597781093,9.975957616333904,3.4656168983827866,0.1696104111432981,6.388815074140012,49.87978808166961,1.086740502767519,0.4987978808166952,4.596332251843254,4.995020422254701,0.0,0.0,0.0008480520557164906,0.29733675607922777,0.0008480520557164905,,0.0,1.0101208686828613,ok
B_alpha0.005,0.8,0.5,0.005,100.0,5e-05,0.6,20,200,5,1.0,predictive,P2 only,fine,1.4364924166768311e-06,0,1000.0,False,False,0.001687178712374946,0.002692777861708752,54.956655544563176,9.973072221382631,3.0044411961952693,0.31117898901768004,6.711307593404419,49.865361106913184,1.1021008235904293,0.4986536110691316,4.544438650653607,5.008429579641519,0.0,0.0,0.0015558949450884003,0.4737822944255013,0.0015558949450884042,,0.0,1.2493736743927002,ok
B_alpha0.005,0.8,0.5,0.005,100.0,5e-05,0.6,20,200,5,1.0,predictive,P2 only,fine,2.3207944168063906e-06,0,1000.0,False,False,0.001766127435503562,0.0028070343104338166,55.565723878670354,9.971929656895371,2.8357719466301776,0.425432976443127,6.7668654200313245,49.85964828447678,1.1144427566283113,0.49859648284476854,4.548916524779017,5.069507071546806,0.0,0.0,0.002127164882215635,0.576920094513738,0.0021271648822156334,,0.0,1.0538873672485352,ok
B_alpha0.005,0.8,0.5,0.005,100.0,5e-05,0.6,20,200,5,1.0,predictive,P1 only (protect),fine,0.0004542587878258435,20,1.0,True,True,0.0014257985321492347,0.002280852898197184,53.97984351213496,9.977191471017775,3.622223334398344,0.15098255234867364,6.249602642235207,49.88595735508894,1.082064901108456,0.4988595735508888,4.6251209868655705,5.004681083267338,2.482801142558505e-05,0.00031248013211176143,0.0007549127617433682,0.21619391152300815,0.0007549127617433706,,0.0,7.937267065048218,ok
B_alpha0.005,0.8,0.5,0.005,100.0,5e-05,0.6,20,200,5,1.0,predictive,P1 only (protect),fine,0.0007338996338110345,20,1.0,True,True,0.00153244060809456,0.0024504903387364,54.256351832927436,9.975495096612377,3.340584072433979,0.20274767466149002,6.481173156292154,49.87747548306182,1.0877926620675231,0.49877475483061884,4.5804113968757845,4.982537906771932,2.488183637319505e-05,0.00032405865781460916,0.0010137383733074502,0.2934056597947868,0.0010137383733074478,,0.0,8.172142267227173,ok
B_alpha0.005,0.8,0.5,0.005,100.0,5e-05,0.6,20,200,5,1.0,predictive,P1 only (protect),fine,0.0019155934247786443,20,1.0,True,True,0.00170282625743961,0.002711991565648234,55.16550571811149,9.972880084343224,2.936230174199178,0.37483190539925254,6.716057836058345,49.86440042171619,1.1063104188872717,0.4986440042171612,4.55291104644062,5.036932926944209,2.4880192509757188e-05,0.0003358028918029167,0.0018741595269962628,0.4803880308739658,0.0018741595269962741,,0.0,8.282288312911987,ok
B_alpha0.005,0.8,0.5,0.005,100.0,5e-05,0.6,20,200,5,1.0,predictive,P1 only (protect),fine,0.0030948290944563047,20,1.0,True,True,0.0017837364626671986,0.002820210502828746,55.90669520267902,9.971797894971386,2.7861398197750926,0.5129726784062021,6.729089606847319,49.85898947485691,1.1212961953605551,0.4985898947485693,4.570583749841929,5.124978169274534,2.481051660748504e-05,0.0003364544803423642,0.0025648633920310106,0.5859128705981904,0.0025648633920309946,,0.0,8.038168668746948,ok
B_alpha0.005,0.8,0.5,0.005,100.0,5e-05,0.6,20,200,5,1.0,predictive,P1+P2 (protect),fine,0.00010772173450159421,20,3.0,True,True,0.001336522770903191,0.002138262651678844,53.827172230827955,9.97861737348298,3.868367285450055,0.12325501400150841,6.029760327065458,49.893086867414894,1.0788503099410833,0.498930868674149,4.670759219436524,5.039050031549267,2.476422144985982e-05,0.0003014880163532707,0.0006162750700075421,0.1687266211663352,0.0006162750700075388,,0.0,8.132395505905151,ok
B_alpha0.005,0.8,0.5,0.005,100.0,5e-05,0.6,20,200,5,1.0,predictive,P1+P2 (protect),fine,0.00017403502942142044,20,3.0,True,True,0.0014588438510931008,0.0023335432286848423,54.05163676824927,9.976664567712891,3.5333840259964435,0.1642926071848642,6.325658799105801,49.883322838564574,1.0835612724351673,0.4988332283856446,4.609886114274544,4.995094063764534,2.4847572924085823e-05,0.0003162829399552886,0.000821463035924321,0.237369905742527,0.0008214630359243182,,0.0,7.860323667526245,ok
B_alpha0.005,0.8,0.5,0.005,100.0,5e-05,0.6,20,200,5,1.0,predictive,P1+P2 (protect),fine,0.0004542587878258435,20,3.0,True,True,0.0016463405288030606,0.0026281787196143777,54.771969366455544,9.973718212803584,3.0609173051981573,0.30053013614538165,6.664834345852877,49.86859106401783,1.0983259843083013,0.4986859106401792,4.553418107282874,5.001137424648705,2.4898477527677934e-05,0.00033324171729264235,0.0015026506807269083,0.4096666523417567,0.0015026506807269107,,0.0,8.021928787231445,ok
B_alpha0.005,0.8,0.5,0.005,100.0,5e-05,0.6,20,200,5,1.0,predictive,P1+P2 (protect),fine,0.0007338996338110352,20,3.0,True,True,0.001725685359578102,0.00274428275734715,55.355521234725465,9.972557172426235,2.889908876065748,0.41048447232561164,6.727049479182405,49.86278586213113,1.1101570094334792,0.49862785862131176,4.55574476112772,5.057591979755789,2.4865893864046115e-05,0.0003363524739591199,0.002052422361628058,0.5103967811496628,0.002052422361628051,,0.0,8.092767000198364,ok
